NVTX Range,Style,PID,TID,NVTX Inst,Kern Inst,Total Time (ns),Avg (ns),Med (ns),Min (ns),Max (ns),StdDev (ns),Kernel Name
,,30,30,0,2,3584,1792.0,1792.0,1696,1888,135.8,"void at::native::<unnamed>::distribution_elementwise_grid_stride_kernel<unsigned int, (int)4, void at::native::templates::cuda::random_from_to_kernel<at::CUDAGeneratorImpl *>(at::TensorIteratorBase &, unsigned long, long, T1)::[lambda() (instance 1)]::operator ()() const::[lambda() (instance 4)]::operator ()() const::[lambda(curandStatePhilox4_32_10 *) (instance 2)], void at::native::<unnamed>::distribution_nullary_kernel<long, unsigned int, uint4, at::CUDAGeneratorImpl *, void at::native::templates::cuda::random_from_to_kernel<at::CUDAGeneratorImpl *>(at::TensorIteratorBase &, unsigned long, long, T1)::[lambda() (instance 1)]::operator ()() const::[lambda() (instance 4)]::operator ()() const::[lambda(curandStatePhilox4_32_10 *) (instance 2)], void at::native::templates::cuda::random_from_to_kernel<at::CUDAGeneratorImpl *>(at::TensorIteratorBase &, unsigned long, long, T1)::[lambda() (instance 1)]::operator ()() const::[lambda() (instance 4)]::operator ()() const::[lambda(unsigned int) (instance 1)]>(at::TensorIteratorBase &, T4, const T5 &, T6)::[lambda(int, unsigned int) (instance 1)]>(long, at::PhiloxCudaState, T3, T4)"
,,30,51,0,3024,457018103,151130.3,89216.0,21472,353279,121567.0,cutlass3x_sm100_simt_sgemm_f32_f32_f32_f32_f32_64x32x16_1x1x1_3_nnn_align1_bias_f32_relu
,,30,51,0,3024,429812836,142133.9,69792.0,68095,256063,84410.7,cutlass3x_sm100_simt_sgemm_f32_f32_f32_f32_f32_64x64x16_1x1x1_3_ntn_align1_bias_f32_relu
,,30,51,0,432,109070897,252478.9,252415.0,251519,263199,633.4,cutlass3x_sm100_simt_sgemm_f32_f32_f32_f32_f32_64x64x16_1x1x1_3_nnn_align1_bias_f32_relu
,,30,51,0,5628,69531264,12354.5,8800.0,4287,55680,10934.5,"void at::native::elementwise_kernel<(int)128, (int)2, void at::native::gpu_kernel_impl_nocast<at::native::direct_copy_kernel_cuda(at::TensorIteratorBase &)::[lambda() (instance 3)]::operator ()() const::[lambda() (instance 7)]::operator ()() const::[lambda(float) (instance 1)]>(at::TensorIteratorBase &, const T1 &)::[lambda(int) (instance 1)]>(int, T3)"
,,30,51,0,6096,29926207,4909.2,3200.0,928,10784,3009.8,"void at::native::vectorized_elementwise_kernel<(int)4, at::native::BinaryFunctor<float, float, float, at::native::binary_internal::MulFunctor<float>>, std::array<char *, (unsigned long)3>>(int, T2, T3)"
,,30,51,0,5220,22782770,4364.5,4736.0,2880,28704,1423.8,"void at::native::elementwise_kernel<(int)128, (int)2, void at::native::gpu_kernel_impl_nocast<at::native::BinaryFunctor<float, float, float, at::native::binary_internal::MulFunctor<float>>>(at::TensorIteratorBase &, const T1 &)::[lambda(int) (instance 1)]>(int, T3)"
,,30,51,0,1296,21543961,16623.4,15872.0,14815,19807,1785.7,"void at::native::elementwise_kernel<(int)128, (int)2, void at::native::gpu_kernel_impl_nocast<at::native::BinaryFunctor<float, float, float, at::native::binary_internal::DivFunctor<float>>>(at::TensorIteratorBase &, const T1 &)::[lambda(int) (instance 1)]>(int, T3)"
,,30,51,0,864,18330302,21215.6,21232.0,20512,22496,429.7,cutlass3x_sm100_simt_sgemm_f32_f32_f32_f32_f32_64x32x16_1x1x1_3_ntn_align1_bias_f32_relu
,,30,51,0,5652,17391913,3077.1,2400.0,1888,13216,1405.7,"void at::native::vectorized_elementwise_kernel<(int)4, at::native::CUDAFunctor_add<float>, std::array<char *, (unsigned long)3>>(int, T2, T3)"
,,30,51,0,432,12193203,28225.0,28224.0,25472,28928,225.3,cutlass3x_sm100_simt_sgemm_f32_f32_f32_f32_f32_128x64x16_1x1x1_3_tnn_align1_bias_f32_relu
,,30,51,0,1764,11598140,6574.9,6688.0,5824,8416,610.5,"void at::native::reduce_kernel<(int)512, (int)1, at::native::ReduceOp<float, at::native::func_wrapper_t<float, at::native::sum_functor<float, float, float>::operator ()(at::TensorIterator &)::[lambda(float, float) (instance 1)]>, unsigned int, float, (int)4, (int)4>>(T3)"
,,30,51,0,876,8839776,10091.1,10048.0,8384,10944,241.6,"void at::native::reduce_kernel<(int)128, (int)4, at::native::ReduceOp<float, at::native::func_wrapper_t<float, at::native::sum_functor<float, float, float>::operator ()(at::TensorIterator &)::[lambda(float, float) (instance 1)]>, unsigned int, float, (int)4, (int)4>>(T3)"
,,30,51,0,12,7255591,604632.6,603086.0,600542,620989,5313.5,void cutlass::Kernel2<cutlass_80_simt_sgemm_128x64_8x5_nn_align1>(T1::Params)
,,30,51,0,12,5824331,485360.9,483630.0,483166,504350,5996.3,cutlass3x_sm100_simt_sgemm_f32_f32_f32_f32_f32_64x128x16_1x1x1_3_ntn_align1_bias_f32_relu
,,30,51,0,432,5697802,13189.4,13184.0,12992,13600,73.8,"void at::native::elementwise_kernel<(int)128, (int)2, void at::native::gpu_kernel_impl_nocast<at::native::<unnamed>::where_kernel_impl(at::TensorIterator &)::[lambda() (instance 1)]::operator ()() const::[lambda() (instance 11)]::operator ()() const::[lambda(bool, float, float) (instance 1)]>(at::TensorIteratorBase &, const T1 &)::[lambda(int) (instance 1)]>(int, T3)"
,,30,51,0,432,5531406,12804.2,12800.0,12608,13024,68.8,"void at::native::elementwise_kernel<(int)128, (int)2, void at::native::gpu_kernel_impl_nocast<at::native::CUDAFunctor_add<float>>(at::TensorIteratorBase &, const T1 &)::[lambda(int) (instance 1)]>(int, T3)"
,,30,51,0,900,5209255,5788.1,6112.0,4832,8704,843.7,"void at::native::vectorized_elementwise_kernel<(int)4, at::native::neg_kernel_cuda(at::TensorIteratorBase &)::[lambda() (instance 2)]::operator ()() const::[lambda() (instance 7)]::operator ()() const::[lambda(float) (instance 1)], std::array<char *, (unsigned long)2>>(int, T2, T3)"
,,30,51,0,444,4051990,9126.1,9088.0,7488,10112,340.2,"void at::native::_scatter_gather_elementwise_kernel<(int)128, (int)8, void at::native::_cuda_scatter_gather_internal_kernel<(bool)1, at::native::OpaqueType<(int)4>, long>::operator ()<at::native::TensorAssign>(at::TensorIterator &, long, long, long, const T1 &)::[lambda(int) (instance 1)]>(int, T3)"
,,30,51,0,432,4027790,9323.6,9312.0,9120,9824,101.0,"void at::native::<unnamed>::CatArrayBatchedCopy<at::native::<unnamed>::OpaqueType<(unsigned int)4>, unsigned int, (int)4, (int)64, (int)64>(T1 *, at::native::<unnamed>::CatArrInputTensorMetadata<T1, T2, T4, T5>, at::native::<unnamed>::TensorSizeStride<T2, (unsigned int)4>, int, T2)"
,,30,51,0,888,3870837,4359.1,4416.0,1504,4640,304.9,"void at::native::elementwise_kernel<(int)128, (int)2, void at::native::gpu_kernel_impl_nocast<at::native::BUnaryFunctor<float, float, float, at::native::binary_internal::MulFunctor<float>>>(at::TensorIteratorBase &, const T1 &)::[lambda(int) (instance 1)]>(int, T3)"
,,30,51,0,1752,3236662,1847.4,2000.0,1184,2208,313.1,"void at::native::vectorized_elementwise_kernel<(int)4, at::native::AUnaryFunctor<float, float, float, at::native::binary_internal::MulFunctor<float>>, std::array<char *, (unsigned long)2>>(int, T2, T3)"
,,30,51,0,432,2816019,6518.6,6496.0,6208,7104,150.5,"void at::native::vectorized_elementwise_kernel<(int)4, at::native::sigmoid_backward_kernel_cuda(at::TensorIteratorBase &)::[lambda() (instance 2)]::operator ()() const::[lambda() (instance 2)]::operator ()() const::[lambda(float, float) (instance 1)], std::array<char *, (unsigned long)3>>(int, T2, T3)"
,,30,51,0,864,2656912,3075.1,3039.5,2848,4160,174.6,"void at::native::elementwise_kernel<(int)128, (int)2, void at::native::gpu_kernel_impl_nocast<at::native::neg_kernel_cuda(at::TensorIteratorBase &)::[lambda() (instance 2)]::operator ()() const::[lambda() (instance 7)]::operator ()() const::[lambda(float) (instance 1)]>(at::TensorIteratorBase &, const T1 &)::[lambda(int) (instance 1)]>(int, T3)"
,,30,51,0,900,2522071,2802.3,4160.0,736,8832,1810.0,"void at::native::vectorized_elementwise_kernel<(int)4, at::native::FillFunctor<float>, std::array<char *, (unsigned long)1>>(int, T2, T3)"
,,30,51,0,432,2173848,5032.1,5024.0,4832,5408,91.5,"void at::native::vectorized_elementwise_kernel<(int)4, at::native::BUnaryFunctor<float, float, float, at::native::binary_internal::MulFunctor<float>>, std::array<char *, (unsigned long)2>>(int, T2, T3)"
,,30,51,0,432,1285661,2976.1,2944.0,2816,3296,61.5,"void at::native::<unnamed>::CatArrayBatchedCopy_vectorized<at::native::<unnamed>::OpaqueType<(unsigned int)4>, unsigned int, (int)1, (int)128, (int)1, (int)16, (int)4>(char *, at::native::<unnamed>::CatArrInputTensorMetadata<T1, T2, T4, T5>, at::native::<unnamed>::TensorSizeStride<T2, (unsigned int)4>, int, T2)"
,,30,51,0,876,1208542,1379.6,1344.0,1088,1760,124.1,"void at::native::vectorized_elementwise_kernel<(int)4, void at::native::<unnamed>::pow_tensor_scalar_kernel_impl<float, float>(at::TensorIteratorBase &, T2)::[lambda(float) (instance 2)], std::array<char *, (unsigned long)2>>(int, T2, T3)"
,,30,51,0,12,64288,5357.3,5344.0,5248,5504,76.5,"void at::native::_scatter_gather_elementwise_kernel<(int)128, (int)8, void at::native::_cuda_scatter_gather_internal_kernel<(bool)1, float, long>::operator ()<at::native::ReduceAdd>(at::TensorIterator &, long, long, long, const T1 &)::[lambda(int) (instance 1)]>(int, T3)"
,,30,51,0,12,54016,4501.3,4496.0,4288,4672,128.2,"void <unnamed>::indexing_backward_kernel<float, (int)4>(const long *, const long *, const T1 *, T1 *, long, long, long, long, bool)"
,,30,51,0,12,34784,2898.7,2880.0,2720,3040,87.9,"void at::native::vectorized_elementwise_kernel<(int)2, at::native::BUnaryFunctor<long, long, long, at::native::remainder_kernel_cuda(at::TensorIteratorBase &)::[lambda() (instance 1)]::operator ()() const::[lambda() (instance 4)]::operator ()() const::[lambda(long, long) (instance 1)]>, std::array<char *, (unsigned long)2>>(int, T2, T3)"
,,30,51,0,12,28192,2349.3,2336.0,2336,2400,21.4,"void at::native::vectorized_elementwise_kernel<(int)2, at::native::BUnaryFunctor<long, long, long, at::native::binary_internal::div_trunc_kernel_cuda(at::TensorIteratorBase &)::[lambda() (instance 1)]::operator ()() const::[lambda() (instance 4)]::operator ()() const::[lambda(long, long) (instance 1)]>, std::array<char *, (unsigned long)2>>(int, T2, T3)"
,,30,51,0,12,24640,2053.3,2096.0,1888,2272,117.2,"void at::native::vectorized_elementwise_kernel<(int)4, at::native::BinaryFunctor<float, float, float, at::native::binary_internal::DivFunctor<float>>, std::array<char *, (unsigned long)3>>(int, T2, T3)"
,,30,51,0,12,17983,1498.6,1472.0,1472,1599,40.3,"void at::native::vectorized_elementwise_kernel<(int)2, at::native::AUnaryFunctor<long, long, long, at::native::binary_internal::MulFunctor<long>>, std::array<char *, (unsigned long)2>>(int, T2, T3)"
,,30,51,0,12,14368,1197.3,1184.0,1056,1408,80.1,"void <unnamed>::elementwise_kernel_with_index<int, at::native::arange_cuda_out(const c10::Scalar &, const c10::Scalar &, const c10::Scalar &, at::Tensor &)::[lambda() (instance 1)]::operator ()() const::[lambda() (instance 4)]::operator ()() const::[lambda(long) (instance 1)]>(T1, T2, function_traits<T2>::result_type *)"
:backward,PushPop,30,30,12,12,13568,1130.7,1120.0,960,1344,117.6,"void at::native::vectorized_elementwise_kernel<(int)4, at::native::FillFunctor<float>, std::array<char *, (unsigned long)1>>(int, T2, T3)"
:forward,PushPop,30,30,12,2160,318721504,147556.3,94047.0,93056,375710,106843.3,cutlass3x_sm100_simt_sgemm_f32_f32_f32_f32_f32_64x32x16_1x1x1_3_tnn_align1_bias_f32_relu
:forward,PushPop,30,30,12,864,270762073,313382.0,312446.0,310879,325599,2939.9,cutlass3x_sm100_simt_sgemm_f32_f32_f32_f32_f32_64x128x16_1x1x1_3_tnn_align1_bias_f32_relu
:forward,PushPop,30,30,12,5208,19969146,3834.3,3488.0,3072,5184,629.7,"void at::native::elementwise_kernel<(int)128, (int)2, void at::native::gpu_kernel_impl_nocast<at::native::BinaryFunctor<float, float, float, at::native::binary_internal::MulFunctor<float>>>(at::TensorIteratorBase &, const T1 &)::[lambda(int) (instance 1)]>(int, T3)"
:forward,PushPop,30,30,12,444,17840354,40181.0,26848.0,24000,535230,80214.5,cutlass3x_sm100_simt_sgemm_f32_f32_f32_f32_f32_128x64x16_1x1x1_3_tnn_align1_bias_f32_relu
:forward,PushPop,30,30,12,432,9154214,21190.3,21120.0,20928,22079,235.7,cutlass3x_sm100_simt_sgemm_f32_f32_f32_f32_f32_64x32x16_1x1x1_3_nnn_align1_bias_f32_relu
:forward,PushPop,30,30,12,864,7838820,9072.7,9056.0,8768,9632,135.9,"void at::native::<unnamed>::CatArrayBatchedCopy<at::native::<unnamed>::OpaqueType<(unsigned int)4>, unsigned int, (int)4, (int)64, (int)64>(T1 *, at::native::<unnamed>::CatArrInputTensorMetadata<T1, T2, T4, T5>, at::native::<unnamed>::TensorSizeStride<T2, (unsigned int)4>, int, T2)"
:forward,PushPop,30,30,12,432,6613066,15308.0,15263.0,15071,17248,202.7,"void at::native::elementwise_kernel<(int)128, (int)2, void at::native::gpu_kernel_impl_nocast<at::native::BinaryFunctor<float, float, float, at::native::binary_internal::DivFunctor<float>>>(at::TensorIteratorBase &, const T1 &)::[lambda(int) (instance 1)]>(int, T3)"
:forward,PushPop,30,30,12,2592,6585901,2540.9,2176.0,1888,4096,611.5,"void at::native::vectorized_elementwise_kernel<(int)4, at::native::CUDAFunctor_add<float>, std::array<char *, (unsigned long)3>>(int, T2, T3)"
:forward,PushPop,30,30,12,432,5715466,13230.2,13152.0,13024,14912,334.5,"void at::native::reduce_kernel<(int)512, (int)1, at::native::ReduceOp<float, at::native::MaxOps<float>, unsigned int, float, (int)4, (int)4>>(T3)"
:forward,PushPop,30,30,12,432,5679791,13147.7,13152.0,12864,13568,96.2,"void at::native::elementwise_kernel<(int)128, (int)2, void at::native::gpu_kernel_impl_nocast<at::native::<unnamed>::where_kernel_impl(at::TensorIterator &)::[lambda() (instance 1)]::operator ()() const::[lambda() (instance 11)]::operator ()() const::[lambda(bool, float, float) (instance 1)]>(at::TensorIteratorBase &, const T1 &)::[lambda(int) (instance 1)]>(int, T3)"
:forward,PushPop,30,30,12,864,5556397,6431.0,6704.0,5472,7648,722.7,"void at::native::vectorized_elementwise_kernel<(int)4, at::native::BinaryFunctor<float, float, float, at::native::binary_internal::MulFunctor<float>>, std::array<char *, (unsigned long)3>>(int, T2, T3)"
:forward,PushPop,30,30,12,432,5499438,12730.2,12704.0,12576,12960,73.9,"void at::native::elementwise_kernel<(int)128, (int)2, void at::native::gpu_kernel_impl_nocast<at::native::CUDAFunctor_add<float>>(at::TensorIteratorBase &, const T1 &)::[lambda(int) (instance 1)]>(int, T3)"
:forward,PushPop,30,30,12,876,5309330,6060.9,6048.0,5824,6272,57.5,"void at::native::reduce_kernel<(int)512, (int)1, at::native::ReduceOp<float, at::native::MeanOps<float, float, float, float>, unsigned int, float, (int)4, (int)4>>(T3)"
:forward,PushPop,30,30,12,864,4846538,5609.4,5728.0,4575,7232,969.9,"void at::native::elementwise_kernel<(int)128, (int)2, void at::native::gpu_kernel_impl_nocast<at::native::direct_copy_kernel_cuda(at::TensorIteratorBase &)::[lambda() (instance 3)]::operator ()() const::[lambda() (instance 7)]::operator ()() const::[lambda(float) (instance 1)]>(at::TensorIteratorBase &, const T1 &)::[lambda(int) (instance 1)]>(int, T3)"
:forward,PushPop,30,30,12,432,3046484,7052.0,7040.0,6784,7360,80.7,"void at::native::reduce_kernel<(int)512, (int)1, at::native::ReduceOp<float, at::native::func_wrapper_t<float, at::native::sum_functor<float, float, float>::operator ()(at::TensorIterator &)::[lambda(float, float) (instance 1)]>, unsigned int, float, (int)4, (int)4>>(T3)"
:forward,PushPop,30,30,12,432,2552467,5908.5,5792.0,5632,7424,268.9,"void at::native::vectorized_elementwise_kernel<(int)4, at::native::sigmoid_kernel_cuda(at::TensorIteratorBase &)::[lambda() (instance 2)]::operator ()() const::[lambda() (instance 2)]::operator ()() const::[lambda(float) (instance 1)], std::array<char *, (unsigned long)2>>(int, T2, T3)"
:forward,PushPop,30,30,12,432,2271799,5258.8,5184.0,4991,6848,206.6,"void at::native::vectorized_elementwise_kernel<(int)4, at::native::exp_kernel_cuda(at::TensorIteratorBase &)::[lambda() (instance 2)]::operator ()() const::[lambda() (instance 2)]::operator ()() const::[lambda(float) (instance 1)], std::array<char *, (unsigned long)2>>(int, T2, T3)"
:forward,PushPop,30,30,12,432,2206678,5108.1,5024.0,4864,6048,195.8,"void at::native::vectorized_elementwise_kernel<(int)4, at::native::BUnaryFunctor<float, float, float, at::native::binary_internal::MulFunctor<float>>, std::array<char *, (unsigned long)2>>(int, T2, T3)"
:forward,PushPop,30,30,12,876,2135897,2438.2,2432.0,2240,2944,90.0,"void at::native::vectorized_elementwise_kernel<(int)4, void at::native::<unnamed>::pow_tensor_scalar_kernel_impl<float, float>(at::TensorIteratorBase &, T2)::[lambda(float) (instance 1)], std::array<char *, (unsigned long)2>>(int, T2, T3)"
:forward,PushPop,30,30,12,876,1302457,1486.8,1536.0,1120,1888,144.9,"void at::native::vectorized_elementwise_kernel<(int)4, at::native::CUDAFunctorOnSelf_add<float>, std::array<char *, (unsigned long)2>>(int, T2, T3)"
:forward,PushPop,30,30,12,876,1288410,1470.8,1472.0,1248,1728,87.8,"void at::native::vectorized_elementwise_kernel<(int)4, at::native::rsqrt_kernel_cuda(at::TensorIteratorBase &)::[lambda() (instance 2)]::operator ()() const::[lambda() (instance 2)]::operator ()() const::[lambda(float) (instance 1)], std::array<char *, (unsigned long)2>>(int, T2, T3)"
:forward,PushPop,30,30,12,432,1126652,2608.0,2592.0,2399,3392,125.2,"void at::native::elementwise_kernel<(int)128, (int)4, void at::native::gpu_kernel_impl_nocast<at::native::<unnamed>::CompareFunctor<long>>(at::TensorIteratorBase &, const T1 &)::[lambda(int) (instance 1)]>(int, T3)"
:forward,PushPop,30,30,12,432,462814,1071.3,1088.0,896,2176,140.3,"void at::native::vectorized_elementwise_kernel<(int)4, at::native::FillFunctor<float>, std::array<char *, (unsigned long)1>>(int, T2, T3)"
:forward,PushPop,30,30,12,432,459452,1063.5,992.0,928,1440,110.3,"void <unnamed>::elementwise_kernel_with_index<int, at::native::arange_cuda_out(const c10::Scalar &, const c10::Scalar &, const c10::Scalar &, at::Tensor &)::[lambda() (instance 1)]::operator ()() const::[lambda() (instance 4)]::operator ()() const::[lambda(long) (instance 1)]>(T1, T2, function_traits<T2>::result_type *)"
:forward,PushPop,30,30,12,12,53856,4488.0,4384.0,4256,5088,264.3,"void at::native::vectorized_gather_kernel<(int)16, long>(char *, char *, T2 *, int, long, long, long, long, bool)"
:loss,PushPop,30,30,12,24,606909,25287.9,25440.0,23136,27712,1951.9,"void at::native::elementwise_kernel<(int)128, (int)2, void at::native::gpu_kernel_impl_nocast<at::native::CUDAFunctor_add<float>>(at::TensorIteratorBase &, const T1 &)::[lambda(int) (instance 1)]>(int, T3)"
:loss,PushPop,30,30,12,12,212543,17711.9,17536.0,17439,18624,377.3,"void at::native::reduce_kernel<(int)512, (int)1, at::native::ReduceOp<float, at::native::MaxOps<float>, unsigned int, float, (int)4, (int)4>>(T3)"
:loss,PushPop,30,30,12,12,121855,10154.6,10127.5,9824,10560,283.4,"void at::native::_scatter_gather_elementwise_kernel<(int)128, (int)8, void at::native::_cuda_scatter_gather_internal_kernel<(bool)0, at::native::OpaqueType<(int)4>, long>::operator ()<at::native::TensorAssign>(at::TensorIterator &, long, long, long, const T1 &)::[lambda(int) (instance 1)]>(int, T3)"
:loss,PushPop,30,30,12,12,107808,8984.0,8944.0,8768,9312,173.2,"void at::native::vectorized_elementwise_kernel<(int)4, at::native::neg_kernel_cuda(at::TensorIteratorBase &)::[lambda() (instance 2)]::operator ()() const::[lambda() (instance 7)]::operator ()() const::[lambda(float) (instance 1)], std::array<char *, (unsigned long)2>>(int, T2, T3)"
:loss,PushPop,30,30,12,12,106080,8840.0,8784.0,8512,9440,266.7,"void at::native::vectorized_elementwise_kernel<(int)4, at::native::exp_kernel_cuda(at::TensorIteratorBase &)::[lambda() (instance 2)]::operator ()() const::[lambda() (instance 2)]::operator ()() const::[lambda(float) (instance 1)], std::array<char *, (unsigned long)2>>(int, T2, T3)"
:loss,PushPop,30,30,12,12,99136,8261.3,8240.0,8128,8480,106.4,"void at::native::reduce_kernel<(int)512, (int)1, at::native::ReduceOp<float, at::native::func_wrapper_t<float, at::native::sum_functor<float, float, float>::operator ()(at::TensorIterator &)::[lambda(float, float) (instance 1)]>, unsigned int, float, (int)4, (int)4>>(T3)"
:loss,PushPop,30,30,12,12,31424,2618.7,2656.0,2432,2720,96.3,"void at::native::reduce_kernel<(int)512, (int)1, at::native::ReduceOp<float, at::native::MeanOps<float, float, float, float>, unsigned int, float, (int)4, (int)4>>(T3)"
:loss,PushPop,30,30,12,12,21856,1821.3,1872.0,1536,2080,175.5,"void at::native::vectorized_elementwise_kernel<(int)4, at::native::log_kernel_cuda(at::TensorIteratorBase &)::[lambda() (instance 2)]::operator ()() const::[lambda() (instance 2)]::operator ()() const::[lambda(float) (instance 1)], std::array<char *, (unsigned long)2>>(int, T2, T3)"
:optim_step,PushPop,30,30,12,23544,103090891,4378.6,3200.0,992,18048,2888.3,"void at::native::vectorized_elementwise_kernel<(int)4, at::native::AUnaryFunctor<float, float, float, at::native::binary_internal::MulFunctor<float>>, std::array<char *, (unsigned long)2>>(int, T2, T3)"
:optim_step,PushPop,30,30,12,15696,66299767,4224.0,2592.0,992,20896,3117.4,"void at::native::vectorized_elementwise_kernel<(int)4, at::native::CUDAFunctor_add<float>, std::array<char *, (unsigned long)3>>(int, T2, T3)"
:optim_step,PushPop,30,30,12,7848,21370710,2723.1,1952.0,768,8256,1587.2,"void at::native::vectorized_elementwise_kernel<(int)4, at::native::FillFunctor<float>, std::array<char *, (unsigned long)1>>(int, T2, T3)"
:optim_step,PushPop,30,30,12,3924,20076129,5116.2,2880.0,1920,27008,3681.2,"void at::native::vectorized_elementwise_kernel<(int)4, at::native::BinaryFunctor<float, float, float, at::native::binary_internal::DivFunctor<float>>, std::array<char *, (unsigned long)3>>(int, T2, T3)"
:optim_step,PushPop,30,30,12,3924,17388890,4431.4,2368.0,992,17856,3542.0,"void at::native::vectorized_elementwise_kernel<(int)4, void at::native::<unnamed>::pow_tensor_scalar_kernel_impl<float, float>(at::TensorIteratorBase &, T2)::[lambda(float) (instance 1)], std::array<char *, (unsigned long)2>>(int, T2, T3)"
:optim_step,PushPop,30,30,12,3924,15827555,4033.5,2560.0,1408,17600,2643.8,"void at::native::vectorized_elementwise_kernel<(int)4, at::native::sqrt_kernel_cuda(at::TensorIteratorBase &)::[lambda() (instance 2)]::operator ()() const::[lambda() (instance 2)]::operator ()() const::[lambda(float) (instance 1)], std::array<char *, (unsigned long)2>>(int, T2, T3)"
:optim_step,PushPop,30,30,12,3924,13276701,3383.5,2336.0,1216,12160,1984.2,"void at::native::vectorized_elementwise_kernel<(int)4, at::native::CUDAFunctorOnSelf_add<float>, std::array<char *, (unsigned long)2>>(int, T2, T3)"
:timing,PushPop,30,30,1,360,53003379,147231.6,93856.0,93056,364095,106724.9,cutlass3x_sm100_simt_sgemm_f32_f32_f32_f32_f32_64x32x16_1x1x1_3_tnn_align1_bias_f32_relu
:timing,PushPop,30,30,1,144,44999337,312495.4,312335.0,311167,320447,1173.6,cutlass3x_sm100_simt_sgemm_f32_f32_f32_f32_f32_64x128x16_1x1x1_3_tnn_align1_bias_f32_relu
:timing,PushPop,30,30,1,3924,17162731,4373.8,3200.0,1024,17216,2861.1,"void at::native::vectorized_elementwise_kernel<(int)4, at::native::AUnaryFunctor<float, float, float, at::native::binary_internal::MulFunctor<float>>, std::array<char *, (unsigned long)2>>(int, T2, T3)"
:timing,PushPop,30,30,1,3048,12124345,3977.8,2560.0,1151,20704,2951.2,"void at::native::vectorized_elementwise_kernel<(int)4, at::native::CUDAFunctor_add<float>, std::array<char *, (unsigned long)3>>(int, T2, T3)"
:timing,PushPop,30,30,1,1382,3653329,2643.5,1952.0,928,8224,1582.3,"void at::native::vectorized_elementwise_kernel<(int)4, at::native::FillFunctor<float>, std::array<char *, (unsigned long)1>>(int, T2, T3)"
:timing,PushPop,30,30,1,654,3330620,5092.7,2880.0,2112,26080,3669.2,"void at::native::vectorized_elementwise_kernel<(int)4, at::native::BinaryFunctor<float, float, float, at::native::binary_internal::DivFunctor<float>>, std::array<char *, (unsigned long)3>>(int, T2, T3)"
:timing,PushPop,30,30,1,868,3326775,3832.7,3488.0,3072,4992,629.7,"void at::native::elementwise_kernel<(int)128, (int)2, void at::native::gpu_kernel_impl_nocast<at::native::BinaryFunctor<float, float, float, at::native::binary_internal::MulFunctor<float>>>(at::TensorIteratorBase &, const T1 &)::[lambda(int) (instance 1)]>(int, T3)"
:timing,PushPop,30,30,1,800,3254584,4068.2,2400.0,992,16992,3293.3,"void at::native::vectorized_elementwise_kernel<(int)4, void at::native::<unnamed>::pow_tensor_scalar_kernel_impl<float, float>(at::TensorIteratorBase &, T2)::[lambda(float) (instance 1)], std::array<char *, (unsigned long)2>>(int, T2, T3)"
:timing,PushPop,30,30,1,74,2972693,40171.5,26816.0,26656,519582,80436.5,cutlass3x_sm100_simt_sgemm_f32_f32_f32_f32_f32_128x64x16_1x1x1_3_tnn_align1_bias_f32_relu
:timing,PushPop,30,30,1,654,2641456,4038.9,2560.0,1440,17279,2652.9,"void at::native::vectorized_elementwise_kernel<(int)4, at::native::sqrt_kernel_cuda(at::TensorIteratorBase &)::[lambda() (instance 2)]::operator ()() const::[lambda() (instance 2)]::operator ()() const::[lambda(float) (instance 1)], std::array<char *, (unsigned long)2>>(int, T2, T3)"
:timing,PushPop,30,30,1,800,2426837,3033.5,2336.0,1120,11904,1943.0,"void at::native::vectorized_elementwise_kernel<(int)4, at::native::CUDAFunctorOnSelf_add<float>, std::array<char *, (unsigned long)2>>(int, T2, T3)"
:timing,PushPop,30,30,1,72,1521563,21132.8,21120.0,20960,21792,140.8,cutlass3x_sm100_simt_sgemm_f32_f32_f32_f32_f32_64x32x16_1x1x1_3_nnn_align1_bias_f32_relu
:timing,PushPop,30,30,1,144,1312540,9114.9,9120.0,8800,9471,130.4,"void at::native::<unnamed>::CatArrayBatchedCopy<at::native::<unnamed>::OpaqueType<(unsigned int)4>, unsigned int, (int)4, (int)64, (int)64>(T1 *, at::native::<unnamed>::CatArrInputTensorMetadata<T1, T2, T4, T5>, at::native::<unnamed>::TensorSizeStride<T2, (unsigned int)4>, int, T2)"
:timing,PushPop,30,30,1,72,1096764,15232.8,15232.0,15136,15456,59.3,"void at::native::elementwise_kernel<(int)128, (int)2, void at::native::gpu_kernel_impl_nocast<at::native::BinaryFunctor<float, float, float, at::native::binary_internal::DivFunctor<float>>>(at::TensorIteratorBase &, const T1 &)::[lambda(int) (instance 1)]>(int, T3)"
:timing,PushPop,30,30,1,76,1018013,13394.9,12736.0,12640,27264,2851.1,"void at::native::elementwise_kernel<(int)128, (int)2, void at::native::gpu_kernel_impl_nocast<at::native::CUDAFunctor_add<float>>(at::TensorIteratorBase &, const T1 &)::[lambda(int) (instance 1)]>(int, T3)"
:timing,PushPop,30,30,1,74,981822,13267.9,13120.0,13056,17824,743.0,"void at::native::reduce_kernel<(int)512, (int)1, at::native::ReduceOp<float, at::native::MaxOps<float>, unsigned int, float, (int)4, (int)4>>(T3)"
:timing,PushPop,30,30,1,72,947132,13154.6,13136.0,12959,13568,95.2,"void at::native::elementwise_kernel<(int)128, (int)2, void at::native::gpu_kernel_impl_nocast<at::native::<unnamed>::where_kernel_impl(at::TensorIterator &)::[lambda() (instance 1)]::operator ()() const::[lambda() (instance 11)]::operator ()() const::[lambda(bool, float, float) (instance 1)]>(at::TensorIteratorBase &, const T1 &)::[lambda(int) (instance 1)]>(int, T3)"
:timing,PushPop,30,30,1,144,917147,6369.1,6304.0,5504,7520,745.1,"void at::native::vectorized_elementwise_kernel<(int)4, at::native::BinaryFunctor<float, float, float, at::native::binary_internal::MulFunctor<float>>, std::array<char *, (unsigned long)3>>(int, T2, T3)"
:timing,PushPop,30,30,1,148,890522,6017.0,6048.0,2432,6272,408.9,"void at::native::reduce_kernel<(int)512, (int)1, at::native::ReduceOp<float, at::native::MeanOps<float, float, float, float>, unsigned int, float, (int)4, (int)4>>(T3)"
:timing,PushPop,30,30,1,144,809275,5620.0,5647.5,4576,6976,976.3,"void at::native::elementwise_kernel<(int)128, (int)2, void at::native::gpu_kernel_impl_nocast<at::native::direct_copy_kernel_cuda(at::TensorIteratorBase &)::[lambda() (instance 3)]::operator ()() const::[lambda() (instance 7)]::operator ()() const::[lambda(float) (instance 1)]>(at::TensorIteratorBase &, const T1 &)::[lambda(int) (instance 1)]>(int, T3)"
:timing,PushPop,30,30,1,74,523231,7070.7,7040.0,6912,8384,219.1,"void at::native::reduce_kernel<(int)512, (int)1, at::native::ReduceOp<float, at::native::func_wrapper_t<float, at::native::sum_functor<float, float, float>::operator ()(at::TensorIterator &)::[lambda(float, float) (instance 1)]>, unsigned int, float, (int)4, (int)4>>(T3)"
:timing,PushPop,30,30,1,72,417663,5800.9,5792.0,5696,5984,67.5,"void at::native::vectorized_elementwise_kernel<(int)4, at::native::sigmoid_kernel_cuda(at::TensorIteratorBase &)::[lambda() (instance 2)]::operator ()() const::[lambda() (instance 2)]::operator ()() const::[lambda(float) (instance 1)], std::array<char *, (unsigned long)2>>(int, T2, T3)"
:timing,PushPop,30,30,1,74,390303,5274.4,5184.0,4991,9024,613.5,"void at::native::vectorized_elementwise_kernel<(int)4, at::native::exp_kernel_cuda(at::TensorIteratorBase &)::[lambda() (instance 2)]::operator ()() const::[lambda() (instance 2)]::operator ()() const::[lambda(float) (instance 1)], std::array<char *, (unsigned long)2>>(int, T2, T3)"
:timing,PushPop,30,30,1,72,360445,5006.2,4992.0,4864,5280,78.4,"void at::native::vectorized_elementwise_kernel<(int)4, at::native::BUnaryFunctor<float, float, float, at::native::binary_internal::MulFunctor<float>>, std::array<char *, (unsigned long)2>>(int, T2, T3)"
:timing,PushPop,30,30,1,146,213055,1459.3,1472.0,1248,1696,77.8,"void at::native::vectorized_elementwise_kernel<(int)4, at::native::rsqrt_kernel_cuda(at::TensorIteratorBase &)::[lambda() (instance 2)]::operator ()() const::[lambda() (instance 2)]::operator ()() const::[lambda(float) (instance 1)], std::array<char *, (unsigned long)2>>(int, T2, T3)"
:timing,PushPop,30,30,1,72,184575,2563.5,2560.0,2400,2848,90.1,"void at::native::elementwise_kernel<(int)128, (int)4, void at::native::gpu_kernel_impl_nocast<at::native::<unnamed>::CompareFunctor<long>>(at::TensorIteratorBase &, const T1 &)::[lambda(int) (instance 1)]>(int, T3)"
:timing,PushPop,30,30,1,72,80320,1115.6,1184.0,960,1440,121.1,"void <unnamed>::elementwise_kernel_with_index<int, at::native::arange_cuda_out(const c10::Scalar &, const c10::Scalar &, const c10::Scalar &, at::Tensor &)::[lambda() (instance 1)]::operator ()() const::[lambda() (instance 4)]::operator ()() const::[lambda(long) (instance 1)]>(T1, T2, function_traits<T2>::result_type *)"
:timing,PushPop,30,30,1,2,20128,10064.0,10064.0,9888,10240,248.9,"void at::native::_scatter_gather_elementwise_kernel<(int)128, (int)8, void at::native::_cuda_scatter_gather_internal_kernel<(bool)0, at::native::OpaqueType<(int)4>, long>::operator ()<at::native::TensorAssign>(at::TensorIterator &, long, long, long, const T1 &)::[lambda(int) (instance 1)]>(int, T3)"
:timing,PushPop,30,30,1,2,17856,8928.0,8928.0,8768,9088,226.3,"void at::native::vectorized_elementwise_kernel<(int)4, at::native::neg_kernel_cuda(at::TensorIteratorBase &)::[lambda() (instance 2)]::operator ()() const::[lambda() (instance 7)]::operator ()() const::[lambda(float) (instance 1)], std::array<char *, (unsigned long)2>>(int, T2, T3)"
:timing,PushPop,30,30,1,2,8832,4416.0,4416.0,4352,4480,90.5,"void at::native::vectorized_gather_kernel<(int)16, long>(char *, char *, T2 *, int, long, long, long, long, bool)"
:timing,PushPop,30,30,1,2,3840,1920.0,1920.0,1856,1984,90.5,"void at::native::vectorized_elementwise_kernel<(int)4, at::native::log_kernel_cuda(at::TensorIteratorBase &)::[lambda() (instance 2)]::operator ()() const::[lambda() (instance 2)]::operator ()() const::[lambda(float) (instance 1)], std::array<char *, (unsigned long)2>>(int, T2, T3)"
:warmup,PushPop,30,30,1,1800,265718125,147621.2,94080.0,93087,375710,106896.4,cutlass3x_sm100_simt_sgemm_f32_f32_f32_f32_f32_64x32x16_1x1x1_3_tnn_align1_bias_f32_relu
:warmup,PushPop,30,30,1,720,225762736,313559.4,312447.0,310879,325599,3148.2,cutlass3x_sm100_simt_sgemm_f32_f32_f32_f32_f32_64x128x16_1x1x1_3_tnn_align1_bias_f32_relu
:warmup,PushPop,30,30,1,19620,85928160,4379.6,3232.0,992,18048,2893.8,"void at::native::vectorized_elementwise_kernel<(int)4, at::native::AUnaryFunctor<float, float, float, at::native::binary_internal::MulFunctor<float>>, std::array<char *, (unsigned long)2>>(int, T2, T3)"
:warmup,PushPop,30,30,1,15240,60761323,3987.0,2592.0,992,20896,2957.1,"void at::native::vectorized_elementwise_kernel<(int)4, at::native::CUDAFunctor_add<float>, std::array<char *, (unsigned long)3>>(int, T2, T3)"
:warmup,PushPop,30,30,1,6910,18193763,2633.0,1952.0,768,8256,1589.8,"void at::native::vectorized_elementwise_kernel<(int)4, at::native::FillFunctor<float>, std::array<char *, (unsigned long)1>>(int, T2, T3)"
:warmup,PushPop,30,30,1,3270,16745509,5121.0,2880.0,1920,27008,3684.1,"void at::native::vectorized_elementwise_kernel<(int)4, at::native::BinaryFunctor<float, float, float, at::native::binary_internal::DivFunctor<float>>, std::array<char *, (unsigned long)3>>(int, T2, T3)"
:warmup,PushPop,30,30,1,4340,16642371,3834.6,3488.0,3072,5184,629.8,"void at::native::elementwise_kernel<(int)128, (int)2, void at::native::gpu_kernel_impl_nocast<at::native::BinaryFunctor<float, float, float, at::native::binary_internal::MulFunctor<float>>>(at::TensorIteratorBase &, const T1 &)::[lambda(int) (instance 1)]>(int, T3)"
:warmup,PushPop,30,30,1,4000,16270203,4067.6,2400.0,992,17856,3294.4,"void at::native::vectorized_elementwise_kernel<(int)4, void at::native::<unnamed>::pow_tensor_scalar_kernel_impl<float, float>(at::TensorIteratorBase &, T2)::[lambda(float) (instance 1)], std::array<char *, (unsigned long)2>>(int, T2, T3)"
:warmup,PushPop,30,30,1,370,14867661,40182.9,26848.0,24000,535230,80279.2,cutlass3x_sm100_simt_sgemm_f32_f32_f32_f32_f32_128x64x16_1x1x1_3_tnn_align1_bias_f32_relu
:warmup,PushPop,30,30,1,3270,13186099,4032.4,2560.0,1408,17600,2642.4,"void at::native::vectorized_elementwise_kernel<(int)4, at::native::sqrt_kernel_cuda(at::TensorIteratorBase &)::[lambda() (instance 2)]::operator ()() const::[lambda() (instance 2)]::operator ()() const::[lambda(float) (instance 1)], std::array<char *, (unsigned long)2>>(int, T2, T3)"
:warmup,PushPop,30,30,1,4000,12152321,3038.1,2336.0,1152,12160,1938.2,"void at::native::vectorized_elementwise_kernel<(int)4, at::native::CUDAFunctorOnSelf_add<float>, std::array<char *, (unsigned long)2>>(int, T2, T3)"
:warmup,PushPop,30,30,1,360,7632651,21201.8,21120.0,20928,22079,248.9,cutlass3x_sm100_simt_sgemm_f32_f32_f32_f32_f32_64x32x16_1x1x1_3_nnn_align1_bias_f32_relu
:warmup,PushPop,30,30,1,720,6526280,9064.3,9056.0,8768,9632,135.5,"void at::native::<unnamed>::CatArrayBatchedCopy<at::native::<unnamed>::OpaqueType<(unsigned int)4>, unsigned int, (int)4, (int)64, (int)64>(T1 *, at::native::<unnamed>::CatArrInputTensorMetadata<T1, T2, T4, T5>, at::native::<unnamed>::TensorSizeStride<T2, (unsigned int)4>, int, T2)"
:warmup,PushPop,30,30,1,360,5516302,15323.1,15264.0,15071,17248,217.4,"void at::native::elementwise_kernel<(int)128, (int)2, void at::native::gpu_kernel_impl_nocast<at::native::BinaryFunctor<float, float, float, at::native::binary_internal::DivFunctor<float>>>(at::TensorIteratorBase &, const T1 &)::[lambda(int) (instance 1)]>(int, T3)"
:warmup,PushPop,30,30,1,380,5088334,13390.4,12704.0,12576,27712,2844.2,"void at::native::elementwise_kernel<(int)128, (int)2, void at::native::gpu_kernel_impl_nocast<at::native::CUDAFunctor_add<float>>(at::TensorIteratorBase &, const T1 &)::[lambda(int) (instance 1)]>(int, T3)"
:warmup,PushPop,30,30,1,370,4946187,13368.1,13152.0,13024,18624,812.1,"void at::native::reduce_kernel<(int)512, (int)1, at::native::ReduceOp<float, at::native::MaxOps<float>, unsigned int, float, (int)4, (int)4>>(T3)"
:warmup,PushPop,30,30,1,360,4732659,13146.3,13152.0,12864,13440,96.4,"void at::native::elementwise_kernel<(int)128, (int)2, void at::native::gpu_kernel_impl_nocast<at::native::<unnamed>::where_kernel_impl(at::TensorIterator &)::[lambda() (instance 1)]::operator ()() const::[lambda() (instance 11)]::operator ()() const::[lambda(bool, float, float) (instance 1)]>(at::TensorIteratorBase &, const T1 &)::[lambda(int) (instance 1)]>(int, T3)"
:warmup,PushPop,30,30,1,720,4639250,6443.4,6752.0,5472,7648,718.0,"void at::native::vectorized_elementwise_kernel<(int)4, at::native::BinaryFunctor<float, float, float, at::native::binary_internal::MulFunctor<float>>, std::array<char *, (unsigned long)3>>(int, T2, T3)"
:warmup,PushPop,30,30,1,740,4450232,6013.8,6048.0,2464,6208,400.7,"void at::native::reduce_kernel<(int)512, (int)1, at::native::ReduceOp<float, at::native::MeanOps<float, float, float, float>, unsigned int, float, (int)4, (int)4>>(T3)"
:warmup,PushPop,30,30,1,720,4037263,5607.3,5728.0,4575,7232,969.3,"void at::native::elementwise_kernel<(int)128, (int)2, void at::native::gpu_kernel_impl_nocast<at::native::direct_copy_kernel_cuda(at::TensorIteratorBase &)::[lambda() (instance 3)]::operator ()() const::[lambda() (instance 7)]::operator ()() const::[lambda(float) (instance 1)]>(at::TensorIteratorBase &, const T1 &)::[lambda(int) (instance 1)]>(int, T3)"
:warmup,PushPop,30,30,1,370,2622389,7087.5,7040.0,6784,8480,211.4,"void at::native::reduce_kernel<(int)512, (int)1, at::native::ReduceOp<float, at::native::func_wrapper_t<float, at::native::sum_functor<float, float, float>::operator ()(at::TensorIterator &)::[lambda(float, float) (instance 1)]>, unsigned int, float, (int)4, (int)4>>(T3)"
:warmup,PushPop,30,30,1,360,2134804,5930.0,5823.0,5632,7424,288.3,"void at::native::vectorized_elementwise_kernel<(int)4, at::native::sigmoid_kernel_cuda(at::TensorIteratorBase &)::[lambda() (instance 2)]::operator ()() const::[lambda() (instance 2)]::operator ()() const::[lambda(float) (instance 1)], std::array<char *, (unsigned long)2>>(int, T2, T3)"
:warmup,PushPop,30,30,1,370,1987576,5371.8,5216.0,4992,9440,617.8,"void at::native::vectorized_elementwise_kernel<(int)4, at::native::exp_kernel_cuda(at::TensorIteratorBase &)::[lambda() (instance 2)]::operator ()() const::[lambda() (instance 2)]::operator ()() const::[lambda(float) (instance 1)], std::array<char *, (unsigned long)2>>(int, T2, T3)"
:warmup,PushPop,30,30,1,360,1846233,5128.4,5056.0,4864,6048,205.8,"void at::native::vectorized_elementwise_kernel<(int)4, at::native::BUnaryFunctor<float, float, float, at::native::binary_internal::MulFunctor<float>>, std::array<char *, (unsigned long)2>>(int, T2, T3)"
:warmup,PushPop,30,30,1,730,1075355,1473.1,1472.0,1248,1728,89.5,"void at::native::vectorized_elementwise_kernel<(int)4, at::native::rsqrt_kernel_cuda(at::TensorIteratorBase &)::[lambda() (instance 2)]::operator ()() const::[lambda() (instance 2)]::operator ()() const::[lambda(float) (instance 1)], std::array<char *, (unsigned long)2>>(int, T2, T3)"
:warmup,PushPop,30,30,1,360,942077,2616.9,2592.0,2399,3392,129.4,"void at::native::elementwise_kernel<(int)128, (int)4, void at::native::gpu_kernel_impl_nocast<at::native::<unnamed>::CompareFunctor<long>>(at::TensorIteratorBase &, const T1 &)::[lambda(int) (instance 1)]>(int, T3)"
:warmup,PushPop,30,30,1,360,379132,1053.1,992.0,928,1440,105.1,"void <unnamed>::elementwise_kernel_with_index<int, at::native::arange_cuda_out(const c10::Scalar &, const c10::Scalar &, const c10::Scalar &, at::Tensor &)::[lambda() (instance 1)]::operator ()() const::[lambda() (instance 4)]::operator ()() const::[lambda(long) (instance 1)]>(T1, T2, function_traits<T2>::result_type *)"
:warmup,PushPop,30,30,1,10,101727,10172.7,10127.5,9824,10560,298.5,"void at::native::_scatter_gather_elementwise_kernel<(int)128, (int)8, void at::native::_cuda_scatter_gather_internal_kernel<(bool)0, at::native::OpaqueType<(int)4>, long>::operator ()<at::native::TensorAssign>(at::TensorIterator &, long, long, long, const T1 &)::[lambda(int) (instance 1)]>(int, T3)"
:warmup,PushPop,30,30,1,10,89952,8995.2,8944.0,8800,9312,173.6,"void at::native::vectorized_elementwise_kernel<(int)4, at::native::neg_kernel_cuda(at::TensorIteratorBase &)::[lambda() (instance 2)]::operator ()() const::[lambda() (instance 7)]::operator ()() const::[lambda(float) (instance 1)], std::array<char *, (unsigned long)2>>(int, T2, T3)"
:warmup,PushPop,30,30,1,10,45024,4502.4,4384.0,4256,5088,288.2,"void at::native::vectorized_gather_kernel<(int)16, long>(char *, char *, T2 *, int, long, long, long, long, bool)"
:warmup,PushPop,30,30,1,10,18016,1801.6,1872.0,1536,2080,184.8,"void at::native::vectorized_elementwise_kernel<(int)4, at::native::log_kernel_cuda(at::TensorIteratorBase &)::[lambda() (instance 2)]::operator ()() const::[lambda() (instance 2)]::operator ()() const::[lambda(float) (instance 1)], std::array<char *, (unsigned long)2>>(int, T2, T3)"
CCCL:cub::DeviceRadixSort,PushPop,30,51,12,12,69536,5794.7,5760.0,5696,5888,80.1,"void at_cuda_detail::cub::detail::radix_sort::DeviceRadixSortSingleTileKernel<at_cuda_detail::cub::detail::radix::policy_hub<long, at::cuda::cub::detail::OpaqueType<(int)8>, unsigned long long>::Policy1000, (at_cuda_detail::cub::SortOrder)0, long, at::cuda::cub::detail::OpaqueType<(int)8>, unsigned long long, at_cuda_detail::cub::detail::identity_decomposer_t>(const T3 *, T3 *, const T4 *, T4 *, T5, int, int, T6)"
PyTorch:BasicsTransformerLM.layers.0,PushPop,30,30,12,60,9056992,150949.9,97615.5,96512,370463,107838.1,cutlass3x_sm100_simt_sgemm_f32_f32_f32_f32_f32_64x32x16_1x1x1_3_tnn_align1_bias_f32_relu
PyTorch:BasicsTransformerLM.layers.0,PushPop,30,30,12,24,7668834,319534.8,320383.0,316894,324414,2286.0,cutlass3x_sm100_simt_sgemm_f32_f32_f32_f32_f32_64x128x16_1x1x1_3_tnn_align1_bias_f32_relu
PyTorch:BasicsTransformerLM.layers.0,PushPop,30,30,12,144,548414,3808.4,3488.0,3104,4864,602.8,"void at::native::elementwise_kernel<(int)128, (int)2, void at::native::gpu_kernel_impl_nocast<at::native::BinaryFunctor<float, float, float, at::native::binary_internal::MulFunctor<float>>>(at::TensorIteratorBase &, const T1 &)::[lambda(int) (instance 1)]>(int, T3)"
PyTorch:BasicsTransformerLM.layers.0,PushPop,30,30,12,12,328640,27386.7,27600.0,24704,27904,852.1,cutlass3x_sm100_simt_sgemm_f32_f32_f32_f32_f32_128x64x16_1x1x1_3_tnn_align1_bias_f32_relu
PyTorch:BasicsTransformerLM.layers.0,PushPop,30,30,12,12,261439,21786.6,21759.5,21664,22016,105.6,cutlass3x_sm100_simt_sgemm_f32_f32_f32_f32_f32_64x32x16_1x1x1_3_nnn_align1_bias_f32_relu
PyTorch:BasicsTransformerLM.layers.0,PushPop,30,30,12,24,219936,9164.0,9152.0,9024,9408,103.7,"void at::native::<unnamed>::CatArrayBatchedCopy<at::native::<unnamed>::OpaqueType<(unsigned int)4>, unsigned int, (int)4, (int)64, (int)64>(T1 *, at::native::<unnamed>::CatArrInputTensorMetadata<T1, T2, T4, T5>, at::native::<unnamed>::TensorSizeStride<T2, (unsigned int)4>, int, T2)"
PyTorch:BasicsTransformerLM.layers.0,PushPop,30,30,12,12,185535,15461.3,15424.0,15359,15744,121.2,"void at::native::elementwise_kernel<(int)128, (int)2, void at::native::gpu_kernel_impl_nocast<at::native::BinaryFunctor<float, float, float, at::native::binary_internal::DivFunctor<float>>>(at::TensorIteratorBase &, const T1 &)::[lambda(int) (instance 1)]>(int, T3)"
PyTorch:BasicsTransformerLM.layers.0,PushPop,30,30,12,72,184512,2562.7,2208.0,1952,3744,582.5,"void at::native::vectorized_elementwise_kernel<(int)4, at::native::CUDAFunctor_add<float>, std::array<char *, (unsigned long)3>>(int, T2, T3)"
PyTorch:BasicsTransformerLM.layers.0,PushPop,30,30,12,12,163679,13639.9,13328.0,13216,14688,603.5,"void at::native::reduce_kernel<(int)512, (int)1, at::native::ReduceOp<float, at::native::MaxOps<float>, unsigned int, float, (int)4, (int)4>>(T3)"
PyTorch:BasicsTransformerLM.layers.0,PushPop,30,30,12,12,155775,12981.3,12976.0,12864,13120,76.4,"void at::native::elementwise_kernel<(int)128, (int)2, void at::native::gpu_kernel_impl_nocast<at::native::<unnamed>::where_kernel_impl(at::TensorIterator &)::[lambda() (instance 1)]::operator ()() const::[lambda() (instance 11)]::operator ()() const::[lambda(bool, float, float) (instance 1)]>(at::TensorIteratorBase &, const T1 &)::[lambda(int) (instance 1)]>(int, T3)"
PyTorch:BasicsTransformerLM.layers.0,PushPop,30,30,12,24,155103,6462.6,6512.0,5536,7360,738.5,"void at::native::vectorized_elementwise_kernel<(int)4, at::native::BinaryFunctor<float, float, float, at::native::binary_internal::MulFunctor<float>>, std::array<char *, (unsigned long)3>>(int, T2, T3)"
PyTorch:BasicsTransformerLM.layers.0,PushPop,30,30,12,12,152511,12709.3,12720.0,12576,12864,81.7,"void at::native::elementwise_kernel<(int)128, (int)2, void at::native::gpu_kernel_impl_nocast<at::native::CUDAFunctor_add<float>>(at::TensorIteratorBase &, const T1 &)::[lambda(int) (instance 1)]>(int, T3)"
PyTorch:BasicsTransformerLM.layers.0,PushPop,30,30,12,24,144224,6009.3,6000.0,5824,6144,77.2,"void at::native::reduce_kernel<(int)512, (int)1, at::native::ReduceOp<float, at::native::MeanOps<float, float, float, float>, unsigned int, float, (int)4, (int)4>>(T3)"
PyTorch:BasicsTransformerLM.layers.0,PushPop,30,30,12,24,134656,5610.7,5616.0,4608,6720,968.8,"void at::native::elementwise_kernel<(int)128, (int)2, void at::native::gpu_kernel_impl_nocast<at::native::direct_copy_kernel_cuda(at::TensorIteratorBase &)::[lambda() (instance 3)]::operator ()() const::[lambda() (instance 7)]::operator ()() const::[lambda(float) (instance 1)]>(at::TensorIteratorBase &, const T1 &)::[lambda(int) (instance 1)]>(int, T3)"
PyTorch:BasicsTransformerLM.layers.0,PushPop,30,30,12,12,85248,7104.0,7120.0,6944,7232,80.7,"void at::native::reduce_kernel<(int)512, (int)1, at::native::ReduceOp<float, at::native::func_wrapper_t<float, at::native::sum_functor<float, float, float>::operator ()(at::TensorIterator &)::[lambda(float, float) (instance 1)]>, unsigned int, float, (int)4, (int)4>>(T3)"
PyTorch:BasicsTransformerLM.layers.0,PushPop,30,30,12,12,70944,5912.0,5808.0,5728,6464,262.5,"void at::native::vectorized_elementwise_kernel<(int)4, at::native::sigmoid_kernel_cuda(at::TensorIteratorBase &)::[lambda() (instance 2)]::operator ()() const::[lambda() (instance 2)]::operator ()() const::[lambda(float) (instance 1)], std::array<char *, (unsigned long)2>>(int, T2, T3)"
PyTorch:BasicsTransformerLM.layers.0,PushPop,30,30,12,12,62559,5213.3,5168.0,5024,5632,158.3,"void at::native::vectorized_elementwise_kernel<(int)4, at::native::exp_kernel_cuda(at::TensorIteratorBase &)::[lambda() (instance 2)]::operator ()() const::[lambda() (instance 2)]::operator ()() const::[lambda(float) (instance 1)], std::array<char *, (unsigned long)2>>(int, T2, T3)"
PyTorch:BasicsTransformerLM.layers.0,PushPop,30,30,12,12,60608,5050.7,4992.0,4896,5376,153.7,"void at::native::vectorized_elementwise_kernel<(int)4, at::native::BUnaryFunctor<float, float, float, at::native::binary_internal::MulFunctor<float>>, std::array<char *, (unsigned long)2>>(int, T2, T3)"
PyTorch:BasicsTransformerLM.layers.0,PushPop,30,30,12,24,57440,2393.3,2368.0,2240,2944,160.7,"void at::native::vectorized_elementwise_kernel<(int)4, void at::native::<unnamed>::pow_tensor_scalar_kernel_impl<float, float>(at::TensorIteratorBase &, T2)::[lambda(float) (instance 1)], std::array<char *, (unsigned long)2>>(int, T2, T3)"
PyTorch:BasicsTransformerLM.layers.0,PushPop,30,30,12,24,36032,1501.3,1472.0,1408,1696,89.5,"void at::native::vectorized_elementwise_kernel<(int)4, at::native::rsqrt_kernel_cuda(at::TensorIteratorBase &)::[lambda() (instance 2)]::operator ()() const::[lambda() (instance 2)]::operator ()() const::[lambda(float) (instance 1)], std::array<char *, (unsigned long)2>>(int, T2, T3)"
PyTorch:BasicsTransformerLM.layers.0,PushPop,30,30,12,24,34720,1446.7,1456.0,1152,1760,140.9,"void at::native::vectorized_elementwise_kernel<(int)4, at::native::CUDAFunctorOnSelf_add<float>, std::array<char *, (unsigned long)2>>(int, T2, T3)"
PyTorch:BasicsTransformerLM.layers.0,PushPop,30,30,12,12,30912,2576.0,2560.0,2400,2784,140.2,"void at::native::elementwise_kernel<(int)128, (int)4, void at::native::gpu_kernel_impl_nocast<at::native::<unnamed>::CompareFunctor<long>>(at::TensorIteratorBase &, const T1 &)::[lambda(int) (instance 1)]>(int, T3)"
PyTorch:BasicsTransformerLM.layers.0,PushPop,30,30,12,12,13600,1133.3,1120.0,928,1376,115.3,"void at::native::vectorized_elementwise_kernel<(int)4, at::native::FillFunctor<float>, std::array<char *, (unsigned long)1>>(int, T2, T3)"
PyTorch:BasicsTransformerLM.layers.0,PushPop,30,30,12,12,13120,1093.3,1088.0,928,1216,100.1,"void <unnamed>::elementwise_kernel_with_index<int, at::native::arange_cuda_out(const c10::Scalar &, const c10::Scalar &, const c10::Scalar &, at::Tensor &)::[lambda() (instance 1)]::operator ()() const::[lambda() (instance 4)]::operator ()() const::[lambda(long) (instance 1)]>(T1, T2, function_traits<T2>::result_type *)"
PyTorch:BasicsTransformerLM.layers.0.attn,PushPop,30,30,12,48,4679244,97484.3,97439.5,96512,98752,654.9,cutlass3x_sm100_simt_sgemm_f32_f32_f32_f32_f32_64x32x16_1x1x1_3_tnn_align1_bias_f32_relu
PyTorch:BasicsTransformerLM.layers.0.attn,PushPop,30,30,12,12,328640,27386.7,27600.0,24704,27904,852.1,cutlass3x_sm100_simt_sgemm_f32_f32_f32_f32_f32_128x64x16_1x1x1_3_tnn_align1_bias_f32_relu
PyTorch:BasicsTransformerLM.layers.0.attn,PushPop,30,30,12,96,326175,3397.7,3456.0,3104,3872,179.3,"void at::native::elementwise_kernel<(int)128, (int)2, void at::native::gpu_kernel_impl_nocast<at::native::BinaryFunctor<float, float, float, at::native::binary_internal::MulFunctor<float>>>(at::TensorIteratorBase &, const T1 &)::[lambda(int) (instance 1)]>(int, T3)"
PyTorch:BasicsTransformerLM.layers.0.attn,PushPop,30,30,12,12,261439,21786.6,21759.5,21664,22016,105.6,cutlass3x_sm100_simt_sgemm_f32_f32_f32_f32_f32_64x32x16_1x1x1_3_nnn_align1_bias_f32_relu
PyTorch:BasicsTransformerLM.layers.0.attn,PushPop,30,30,12,24,219936,9164.0,9152.0,9024,9408,103.7,"void at::native::<unnamed>::CatArrayBatchedCopy<at::native::<unnamed>::OpaqueType<(unsigned int)4>, unsigned int, (int)4, (int)64, (int)64>(T1 *, at::native::<unnamed>::CatArrInputTensorMetadata<T1, T2, T4, T5>, at::native::<unnamed>::TensorSizeStride<T2, (unsigned int)4>, int, T2)"
PyTorch:BasicsTransformerLM.layers.0.attn,PushPop,30,30,12,12,185535,15461.3,15424.0,15359,15744,121.2,"void at::native::elementwise_kernel<(int)128, (int)2, void at::native::gpu_kernel_impl_nocast<at::native::BinaryFunctor<float, float, float, at::native::binary_internal::DivFunctor<float>>>(at::TensorIteratorBase &, const T1 &)::[lambda(int) (instance 1)]>(int, T3)"
PyTorch:BasicsTransformerLM.layers.0.attn,PushPop,30,30,12,12,163679,13639.9,13328.0,13216,14688,603.5,"void at::native::reduce_kernel<(int)512, (int)1, at::native::ReduceOp<float, at::native::MaxOps<float>, unsigned int, float, (int)4, (int)4>>(T3)"
PyTorch:BasicsTransformerLM.layers.0.attn,PushPop,30,30,12,12,155775,12981.3,12976.0,12864,13120,76.4,"void at::native::elementwise_kernel<(int)128, (int)2, void at::native::gpu_kernel_impl_nocast<at::native::<unnamed>::where_kernel_impl(at::TensorIterator &)::[lambda() (instance 1)]::operator ()() const::[lambda() (instance 11)]::operator ()() const::[lambda(bool, float, float) (instance 1)]>(at::TensorIteratorBase &, const T1 &)::[lambda(int) (instance 1)]>(int, T3)"
PyTorch:BasicsTransformerLM.layers.0.attn,PushPop,30,30,12,12,152511,12709.3,12720.0,12576,12864,81.7,"void at::native::elementwise_kernel<(int)128, (int)2, void at::native::gpu_kernel_impl_nocast<at::native::CUDAFunctor_add<float>>(at::TensorIteratorBase &, const T1 &)::[lambda(int) (instance 1)]>(int, T3)"
PyTorch:BasicsTransformerLM.layers.0.attn,PushPop,30,30,12,24,134656,5610.7,5616.0,4608,6720,968.8,"void at::native::elementwise_kernel<(int)128, (int)2, void at::native::gpu_kernel_impl_nocast<at::native::direct_copy_kernel_cuda(at::TensorIteratorBase &)::[lambda() (instance 3)]::operator ()() const::[lambda() (instance 7)]::operator ()() const::[lambda(float) (instance 1)]>(at::TensorIteratorBase &, const T1 &)::[lambda(int) (instance 1)]>(int, T3)"
PyTorch:BasicsTransformerLM.layers.0.attn,PushPop,30,30,12,48,103616,2158.7,2176.0,1952,2336,76.7,"void at::native::vectorized_elementwise_kernel<(int)4, at::native::CUDAFunctor_add<float>, std::array<char *, (unsigned long)3>>(int, T2, T3)"
PyTorch:BasicsTransformerLM.layers.0.attn,PushPop,30,30,12,12,85248,7104.0,7120.0,6944,7232,80.7,"void at::native::reduce_kernel<(int)512, (int)1, at::native::ReduceOp<float, at::native::func_wrapper_t<float, at::native::sum_functor<float, float, float>::operator ()(at::TensorIterator &)::[lambda(float, float) (instance 1)]>, unsigned int, float, (int)4, (int)4>>(T3)"
PyTorch:BasicsTransformerLM.layers.0.attn,PushPop,30,30,12,12,62559,5213.3,5168.0,5024,5632,158.3,"void at::native::vectorized_elementwise_kernel<(int)4, at::native::exp_kernel_cuda(at::TensorIteratorBase &)::[lambda() (instance 2)]::operator ()() const::[lambda() (instance 2)]::operator ()() const::[lambda(float) (instance 1)], std::array<char *, (unsigned long)2>>(int, T2, T3)"
PyTorch:BasicsTransformerLM.layers.0.attn,PushPop,30,30,12,12,60608,5050.7,4992.0,4896,5376,153.7,"void at::native::vectorized_elementwise_kernel<(int)4, at::native::BUnaryFunctor<float, float, float, at::native::binary_internal::MulFunctor<float>>, std::array<char *, (unsigned long)2>>(int, T2, T3)"
PyTorch:BasicsTransformerLM.layers.0.attn,PushPop,30,30,12,12,30912,2576.0,2560.0,2400,2784,140.2,"void at::native::elementwise_kernel<(int)128, (int)4, void at::native::gpu_kernel_impl_nocast<at::native::<unnamed>::CompareFunctor<long>>(at::TensorIteratorBase &, const T1 &)::[lambda(int) (instance 1)]>(int, T3)"
PyTorch:BasicsTransformerLM.layers.0.attn,PushPop,30,30,12,12,13600,1133.3,1120.0,928,1376,115.3,"void at::native::vectorized_elementwise_kernel<(int)4, at::native::FillFunctor<float>, std::array<char *, (unsigned long)1>>(int, T2, T3)"
PyTorch:BasicsTransformerLM.layers.0.attn,PushPop,30,30,12,12,13120,1093.3,1088.0,928,1216,100.1,"void <unnamed>::elementwise_kernel_with_index<int, at::native::arange_cuda_out(const c10::Scalar &, const c10::Scalar &, const c10::Scalar &, at::Tensor &)::[lambda() (instance 1)]::operator ()() const::[lambda() (instance 4)]::operator ()() const::[lambda(long) (instance 1)]>(T1, T2, function_traits<T2>::result_type *)"
PyTorch:BasicsTransformerLM.layers.0.attn.k_proj,PushPop,30,30,12,12,1170235,97519.6,97503.5,97279,97728,136.3,cutlass3x_sm100_simt_sgemm_f32_f32_f32_f32_f32_64x32x16_1x1x1_3_tnn_align1_bias_f32_relu
PyTorch:BasicsTransformerLM.layers.0.attn.output_proj,PushPop,30,30,12,12,1167130,97260.8,97023.0,96767,98752,618.1,cutlass3x_sm100_simt_sgemm_f32_f32_f32_f32_f32_64x32x16_1x1x1_3_tnn_align1_bias_f32_relu
PyTorch:BasicsTransformerLM.layers.0.attn.positional_encoder,PushPop,30,30,864,3456,11740502,3397.1,3456.0,3072,4384,159.7,"void at::native::elementwise_kernel<(int)128, (int)2, void at::native::gpu_kernel_impl_nocast<at::native::BinaryFunctor<float, float, float, at::native::binary_internal::MulFunctor<float>>>(at::TensorIteratorBase &, const T1 &)::[lambda(int) (instance 1)]>(int, T3)"
PyTorch:BasicsTransformerLM.layers.0.attn.positional_encoder,PushPop,30,30,864,864,7838820,9072.7,9056.0,8768,9632,135.9,"void at::native::<unnamed>::CatArrayBatchedCopy<at::native::<unnamed>::OpaqueType<(unsigned int)4>, unsigned int, (int)4, (int)64, (int)64>(T1 *, at::native::<unnamed>::CatArrInputTensorMetadata<T1, T2, T4, T5>, at::native::<unnamed>::TensorSizeStride<T2, (unsigned int)4>, int, T2)"
PyTorch:BasicsTransformerLM.layers.0.attn.positional_encoder,PushPop,30,30,864,1728,3655544,2115.5,2112.0,1888,2528,80.9,"void at::native::vectorized_elementwise_kernel<(int)4, at::native::CUDAFunctor_add<float>, std::array<char *, (unsigned long)3>>(int, T2, T3)"
PyTorch:BasicsTransformerLM.layers.0.attn.q_proj,PushPop,30,30,12,12,1180189,98349.1,98287.5,98080,98720,196.4,cutlass3x_sm100_simt_sgemm_f32_f32_f32_f32_f32_64x32x16_1x1x1_3_tnn_align1_bias_f32_relu
PyTorch:BasicsTransformerLM.layers.0.attn.v_proj,PushPop,30,30,12,12,1161690,96807.5,96800.0,96512,97151,148.1,cutlass3x_sm100_simt_sgemm_f32_f32_f32_f32_f32_64x32x16_1x1x1_3_tnn_align1_bias_f32_relu
PyTorch:BasicsTransformerLM.layers.0.ffn,PushPop,30,30,12,24,7668834,319534.8,320383.0,316894,324414,2286.0,cutlass3x_sm100_simt_sgemm_f32_f32_f32_f32_f32_64x128x16_1x1x1_3_tnn_align1_bias_f32_relu
PyTorch:BasicsTransformerLM.layers.0.ffn,PushPop,30,30,12,12,4377748,364812.3,364223.0,363615,370463,1837.8,cutlass3x_sm100_simt_sgemm_f32_f32_f32_f32_f32_64x32x16_1x1x1_3_tnn_align1_bias_f32_relu
PyTorch:BasicsTransformerLM.layers.0.ffn,PushPop,30,30,12,24,155103,6462.6,6512.0,5536,7360,738.5,"void at::native::vectorized_elementwise_kernel<(int)4, at::native::BinaryFunctor<float, float, float, at::native::binary_internal::MulFunctor<float>>, std::array<char *, (unsigned long)3>>(int, T2, T3)"
PyTorch:BasicsTransformerLM.layers.0.ffn,PushPop,30,30,12,12,70944,5912.0,5808.0,5728,6464,262.5,"void at::native::vectorized_elementwise_kernel<(int)4, at::native::sigmoid_kernel_cuda(at::TensorIteratorBase &)::[lambda() (instance 2)]::operator ()() const::[lambda() (instance 2)]::operator ()() const::[lambda(float) (instance 1)], std::array<char *, (unsigned long)2>>(int, T2, T3)"
PyTorch:BasicsTransformerLM.layers.0.ffn.w1,PushPop,30,30,12,12,3853810,321150.8,320974.5,320383,323999,997.9,cutlass3x_sm100_simt_sgemm_f32_f32_f32_f32_f32_64x128x16_1x1x1_3_tnn_align1_bias_f32_relu
PyTorch:BasicsTransformerLM.layers.0.ffn.w2,PushPop,30,30,12,12,4377748,364812.3,364223.0,363615,370463,1837.8,cutlass3x_sm100_simt_sgemm_f32_f32_f32_f32_f32_64x32x16_1x1x1_3_tnn_align1_bias_f32_relu
PyTorch:BasicsTransformerLM.layers.0.ffn.w3,PushPop,30,30,12,12,3815024,317918.7,317359.0,316894,324414,2057.3,cutlass3x_sm100_simt_sgemm_f32_f32_f32_f32_f32_64x128x16_1x1x1_3_tnn_align1_bias_f32_relu
PyTorch:BasicsTransformerLM.layers.0.ln1,PushPop,30,30,12,24,111136,4630.7,4640.0,4480,4832,87.8,"void at::native::elementwise_kernel<(int)128, (int)2, void at::native::gpu_kernel_impl_nocast<at::native::BinaryFunctor<float, float, float, at::native::binary_internal::MulFunctor<float>>>(at::TensorIteratorBase &, const T1 &)::[lambda(int) (instance 1)]>(int, T3)"
PyTorch:BasicsTransformerLM.layers.0.ln1,PushPop,30,30,12,12,71872,5989.3,5984.0,5824,6144,85.0,"void at::native::reduce_kernel<(int)512, (int)1, at::native::ReduceOp<float, at::native::MeanOps<float, float, float, float>, unsigned int, float, (int)4, (int)4>>(T3)"
PyTorch:BasicsTransformerLM.layers.0.ln1,PushPop,30,30,12,12,27968,2330.7,2272.0,2240,2944,198.1,"void at::native::vectorized_elementwise_kernel<(int)4, void at::native::<unnamed>::pow_tensor_scalar_kernel_impl<float, float>(at::TensorIteratorBase &, T2)::[lambda(float) (instance 1)], std::array<char *, (unsigned long)2>>(int, T2, T3)"
PyTorch:BasicsTransformerLM.layers.0.ln1,PushPop,30,30,12,12,17888,1490.7,1456.0,1408,1696,102.5,"void at::native::vectorized_elementwise_kernel<(int)4, at::native::rsqrt_kernel_cuda(at::TensorIteratorBase &)::[lambda() (instance 2)]::operator ()() const::[lambda() (instance 2)]::operator ()() const::[lambda(float) (instance 1)], std::array<char *, (unsigned long)2>>(int, T2, T3)"
PyTorch:BasicsTransformerLM.layers.0.ln1,PushPop,30,30,12,12,16128,1344.0,1408.0,1152,1440,111.7,"void at::native::vectorized_elementwise_kernel<(int)4, at::native::CUDAFunctorOnSelf_add<float>, std::array<char *, (unsigned long)2>>(int, T2, T3)"
PyTorch:BasicsTransformerLM.layers.0.ln2,PushPop,30,30,12,24,111103,4629.3,4608.0,4544,4864,74.7,"void at::native::elementwise_kernel<(int)128, (int)2, void at::native::gpu_kernel_impl_nocast<at::native::BinaryFunctor<float, float, float, at::native::binary_internal::MulFunctor<float>>>(at::TensorIteratorBase &, const T1 &)::[lambda(int) (instance 1)]>(int, T3)"
PyTorch:BasicsTransformerLM.layers.0.ln2,PushPop,30,30,12,12,72352,6029.3,6048.0,5920,6144,66.1,"void at::native::reduce_kernel<(int)512, (int)1, at::native::ReduceOp<float, at::native::MeanOps<float, float, float, float>, unsigned int, float, (int)4, (int)4>>(T3)"
PyTorch:BasicsTransformerLM.layers.0.ln2,PushPop,30,30,12,12,29472,2456.0,2448.0,2368,2592,78.5,"void at::native::vectorized_elementwise_kernel<(int)4, void at::native::<unnamed>::pow_tensor_scalar_kernel_impl<float, float>(at::TensorIteratorBase &, T2)::[lambda(float) (instance 1)], std::array<char *, (unsigned long)2>>(int, T2, T3)"
PyTorch:BasicsTransformerLM.layers.0.ln2,PushPop,30,30,12,12,18592,1549.3,1552.0,1472,1760,77.7,"void at::native::vectorized_elementwise_kernel<(int)4, at::native::CUDAFunctorOnSelf_add<float>, std::array<char *, (unsigned long)2>>(int, T2, T3)"
PyTorch:BasicsTransformerLM.layers.0.ln2,PushPop,30,30,12,12,18144,1512.0,1472.0,1440,1632,77.3,"void at::native::vectorized_elementwise_kernel<(int)4, at::native::rsqrt_kernel_cuda(at::TensorIteratorBase &)::[lambda() (instance 2)]::operator ()() const::[lambda() (instance 2)]::operator ()() const::[lambda(float) (instance 1)], std::array<char *, (unsigned long)2>>(int, T2, T3)"
PyTorch:BasicsTransformerLM.layers.1,PushPop,30,30,12,60,8847137,147452.3,94367.0,93504,367231,107102.7,cutlass3x_sm100_simt_sgemm_f32_f32_f32_f32_f32_64x32x16_1x1x1_3_tnn_align1_bias_f32_relu
PyTorch:BasicsTransformerLM.layers.1,PushPop,30,30,12,24,7513287,313053.6,312383.0,311615,322463,2630.5,cutlass3x_sm100_simt_sgemm_f32_f32_f32_f32_f32_64x128x16_1x1x1_3_tnn_align1_bias_f32_relu
PyTorch:BasicsTransformerLM.layers.1,PushPop,30,30,12,144,551869,3832.4,3488.0,3104,4800,616.9,"void at::native::elementwise_kernel<(int)128, (int)2, void at::native::gpu_kernel_impl_nocast<at::native::BinaryFunctor<float, float, float, at::native::binary_internal::MulFunctor<float>>>(at::TensorIteratorBase &, const T1 &)::[lambda(int) (instance 1)]>(int, T3)"
PyTorch:BasicsTransformerLM.layers.1,PushPop,30,30,12,12,322816,26901.3,26848.0,26720,27552,230.1,cutlass3x_sm100_simt_sgemm_f32_f32_f32_f32_f32_128x64x16_1x1x1_3_tnn_align1_bias_f32_relu
PyTorch:BasicsTransformerLM.layers.1,PushPop,30,30,12,12,253664,21138.7,21088.0,21024,21824,218.1,cutlass3x_sm100_simt_sgemm_f32_f32_f32_f32_f32_64x32x16_1x1x1_3_nnn_align1_bias_f32_relu
PyTorch:BasicsTransformerLM.layers.1,PushPop,30,30,12,24,217408,9058.7,9088.0,8832,9312,146.8,"void at::native::<unnamed>::CatArrayBatchedCopy<at::native::<unnamed>::OpaqueType<(unsigned int)4>, unsigned int, (int)4, (int)64, (int)64>(T1 *, at::native::<unnamed>::CatArrInputTensorMetadata<T1, T2, T4, T5>, at::native::<unnamed>::TensorSizeStride<T2, (unsigned int)4>, int, T2)"
PyTorch:BasicsTransformerLM.layers.1,PushPop,30,30,12,12,183648,15304.0,15232.0,15168,15744,164.4,"void at::native::elementwise_kernel<(int)128, (int)2, void at::native::gpu_kernel_impl_nocast<at::native::BinaryFunctor<float, float, float, at::native::binary_internal::DivFunctor<float>>>(at::TensorIteratorBase &, const T1 &)::[lambda(int) (instance 1)]>(int, T3)"
PyTorch:BasicsTransformerLM.layers.1,PushPop,30,30,12,72,182943,2540.9,2144.0,1952,3808,629.8,"void at::native::vectorized_elementwise_kernel<(int)4, at::native::CUDAFunctor_add<float>, std::array<char *, (unsigned long)3>>(int, T2, T3)"
PyTorch:BasicsTransformerLM.layers.1,PushPop,30,30,12,12,157726,13143.8,13152.0,13056,13216,43.5,"void at::native::reduce_kernel<(int)512, (int)1, at::native::ReduceOp<float, at::native::MaxOps<float>, unsigned int, float, (int)4, (int)4>>(T3)"
PyTorch:BasicsTransformerLM.layers.1,PushPop,30,30,12,12,157471,13122.6,13120.0,12960,13216,67.5,"void at::native::elementwise_kernel<(int)128, (int)2, void at::native::gpu_kernel_impl_nocast<at::native::<unnamed>::where_kernel_impl(at::TensorIterator &)::[lambda() (instance 1)]::operator ()() const::[lambda() (instance 11)]::operator ()() const::[lambda(bool, float, float) (instance 1)]>(at::TensorIteratorBase &, const T1 &)::[lambda(int) (instance 1)]>(int, T3)"
PyTorch:BasicsTransformerLM.layers.1,PushPop,30,30,12,24,152959,6373.3,6640.0,5504,7232,696.2,"void at::native::vectorized_elementwise_kernel<(int)4, at::native::BinaryFunctor<float, float, float, at::native::binary_internal::MulFunctor<float>>, std::array<char *, (unsigned long)3>>(int, T2, T3)"
PyTorch:BasicsTransformerLM.layers.1,PushPop,30,30,12,12,152384,12698.7,12688.0,12640,12800,52.6,"void at::native::elementwise_kernel<(int)128, (int)2, void at::native::gpu_kernel_impl_nocast<at::native::CUDAFunctor_add<float>>(at::TensorIteratorBase &, const T1 &)::[lambda(int) (instance 1)]>(int, T3)"
PyTorch:BasicsTransformerLM.layers.1,PushPop,30,30,12,24,145727,6072.0,6079.5,5984,6144,41.4,"void at::native::reduce_kernel<(int)512, (int)1, at::native::ReduceOp<float, at::native::MeanOps<float, float, float, float>, unsigned int, float, (int)4, (int)4>>(T3)"
PyTorch:BasicsTransformerLM.layers.1,PushPop,30,30,12,24,134942,5622.6,5568.0,4608,6976,1009.1,"void at::native::elementwise_kernel<(int)128, (int)2, void at::native::gpu_kernel_impl_nocast<at::native::direct_copy_kernel_cuda(at::TensorIteratorBase &)::[lambda() (instance 3)]::operator ()() const::[lambda() (instance 7)]::operator ()() const::[lambda(float) (instance 1)]>(at::TensorIteratorBase &, const T1 &)::[lambda(int) (instance 1)]>(int, T3)"
PyTorch:BasicsTransformerLM.layers.1,PushPop,30,30,12,12,84160,7013.3,7008.0,6944,7104,54.3,"void at::native::reduce_kernel<(int)512, (int)1, at::native::ReduceOp<float, at::native::func_wrapper_t<float, at::native::sum_functor<float, float, float>::operator ()(at::TensorIterator &)::[lambda(float, float) (instance 1)]>, unsigned int, float, (int)4, (int)4>>(T3)"
PyTorch:BasicsTransformerLM.layers.1,PushPop,30,30,12,12,71679,5973.3,5792.0,5760,7424,486.7,"void at::native::vectorized_elementwise_kernel<(int)4, at::native::sigmoid_kernel_cuda(at::TensorIteratorBase &)::[lambda() (instance 2)]::operator ()() const::[lambda() (instance 2)]::operator ()() const::[lambda(float) (instance 1)], std::array<char *, (unsigned long)2>>(int, T2, T3)"
PyTorch:BasicsTransformerLM.layers.1,PushPop,30,30,12,12,62848,5237.3,5216.0,5024,5504,137.4,"void at::native::vectorized_elementwise_kernel<(int)4, at::native::exp_kernel_cuda(at::TensorIteratorBase &)::[lambda() (instance 2)]::operator ()() const::[lambda() (instance 2)]::operator ()() const::[lambda(float) (instance 1)], std::array<char *, (unsigned long)2>>(int, T2, T3)"
PyTorch:BasicsTransformerLM.layers.1,PushPop,30,30,12,12,61310,5109.2,5055.5,4960,5472,178.7,"void at::native::vectorized_elementwise_kernel<(int)4, at::native::BUnaryFunctor<float, float, float, at::native::binary_internal::MulFunctor<float>>, std::array<char *, (unsigned long)2>>(int, T2, T3)"
PyTorch:BasicsTransformerLM.layers.1,PushPop,30,30,12,24,59424,2476.0,2464.0,2336,2688,88.9,"void at::native::vectorized_elementwise_kernel<(int)4, void at::native::<unnamed>::pow_tensor_scalar_kernel_impl<float, float>(at::TensorIteratorBase &, T2)::[lambda(float) (instance 1)], std::array<char *, (unsigned long)2>>(int, T2, T3)"
PyTorch:BasicsTransformerLM.layers.1,PushPop,30,30,12,24,36416,1517.3,1536.0,1184,1760,129.7,"void at::native::vectorized_elementwise_kernel<(int)4, at::native::CUDAFunctorOnSelf_add<float>, std::array<char *, (unsigned long)2>>(int, T2, T3)"
PyTorch:BasicsTransformerLM.layers.1,PushPop,30,30,12,24,35360,1473.3,1440.0,1280,1664,91.7,"void at::native::vectorized_elementwise_kernel<(int)4, at::native::rsqrt_kernel_cuda(at::TensorIteratorBase &)::[lambda() (instance 2)]::operator ()() const::[lambda() (instance 2)]::operator ()() const::[lambda(float) (instance 1)], std::array<char *, (unsigned long)2>>(int, T2, T3)"
PyTorch:BasicsTransformerLM.layers.1,PushPop,30,30,12,12,31520,2626.7,2592.0,2528,2784,97.9,"void at::native::elementwise_kernel<(int)128, (int)4, void at::native::gpu_kernel_impl_nocast<at::native::<unnamed>::CompareFunctor<long>>(at::TensorIteratorBase &, const T1 &)::[lambda(int) (instance 1)]>(int, T3)"
PyTorch:BasicsTransformerLM.layers.1,PushPop,30,30,12,12,13855,1154.6,1167.5,992,1408,149.7,"void <unnamed>::elementwise_kernel_with_index<int, at::native::arange_cuda_out(const c10::Scalar &, const c10::Scalar &, const c10::Scalar &, at::Tensor &)::[lambda() (instance 1)]::operator ()() const::[lambda() (instance 4)]::operator ()() const::[lambda(long) (instance 1)]>(T1, T2, function_traits<T2>::result_type *)"
PyTorch:BasicsTransformerLM.layers.1,PushPop,30,30,12,12,13024,1085.3,1104.0,928,1152,63.2,"void at::native::vectorized_elementwise_kernel<(int)4, at::native::FillFunctor<float>, std::array<char *, (unsigned long)1>>(int, T2, T3)"
PyTorch:BasicsTransformerLM.layers.1.attn,PushPop,30,30,12,48,4528911,94352.3,94240.0,93504,97439,664.5,cutlass3x_sm100_simt_sgemm_f32_f32_f32_f32_f32_64x32x16_1x1x1_3_tnn_align1_bias_f32_relu
PyTorch:BasicsTransformerLM.layers.1.attn,PushPop,30,30,12,96,326878,3405.0,3456.0,3104,3680,132.5,"void at::native::elementwise_kernel<(int)128, (int)2, void at::native::gpu_kernel_impl_nocast<at::native::BinaryFunctor<float, float, float, at::native::binary_internal::MulFunctor<float>>>(at::TensorIteratorBase &, const T1 &)::[lambda(int) (instance 1)]>(int, T3)"
PyTorch:BasicsTransformerLM.layers.1.attn,PushPop,30,30,12,12,322816,26901.3,26848.0,26720,27552,230.1,cutlass3x_sm100_simt_sgemm_f32_f32_f32_f32_f32_128x64x16_1x1x1_3_tnn_align1_bias_f32_relu
PyTorch:BasicsTransformerLM.layers.1.attn,PushPop,30,30,12,12,253664,21138.7,21088.0,21024,21824,218.1,cutlass3x_sm100_simt_sgemm_f32_f32_f32_f32_f32_64x32x16_1x1x1_3_nnn_align1_bias_f32_relu
PyTorch:BasicsTransformerLM.layers.1.attn,PushPop,30,30,12,24,217408,9058.7,9088.0,8832,9312,146.8,"void at::native::<unnamed>::CatArrayBatchedCopy<at::native::<unnamed>::OpaqueType<(unsigned int)4>, unsigned int, (int)4, (int)64, (int)64>(T1 *, at::native::<unnamed>::CatArrInputTensorMetadata<T1, T2, T4, T5>, at::native::<unnamed>::TensorSizeStride<T2, (unsigned int)4>, int, T2)"
PyTorch:BasicsTransformerLM.layers.1.attn,PushPop,30,30,12,12,183648,15304.0,15232.0,15168,15744,164.4,"void at::native::elementwise_kernel<(int)128, (int)2, void at::native::gpu_kernel_impl_nocast<at::native::BinaryFunctor<float, float, float, at::native::binary_internal::DivFunctor<float>>>(at::TensorIteratorBase &, const T1 &)::[lambda(int) (instance 1)]>(int, T3)"
PyTorch:BasicsTransformerLM.layers.1.attn,PushPop,30,30,12,12,157726,13143.8,13152.0,13056,13216,43.5,"void at::native::reduce_kernel<(int)512, (int)1, at::native::ReduceOp<float, at::native::MaxOps<float>, unsigned int, float, (int)4, (int)4>>(T3)"
PyTorch:BasicsTransformerLM.layers.1.attn,PushPop,30,30,12,12,157471,13122.6,13120.0,12960,13216,67.5,"void at::native::elementwise_kernel<(int)128, (int)2, void at::native::gpu_kernel_impl_nocast<at::native::<unnamed>::where_kernel_impl(at::TensorIterator &)::[lambda() (instance 1)]::operator ()() const::[lambda() (instance 11)]::operator ()() const::[lambda(bool, float, float) (instance 1)]>(at::TensorIteratorBase &, const T1 &)::[lambda(int) (instance 1)]>(int, T3)"
PyTorch:BasicsTransformerLM.layers.1.attn,PushPop,30,30,12,12,152384,12698.7,12688.0,12640,12800,52.6,"void at::native::elementwise_kernel<(int)128, (int)2, void at::native::gpu_kernel_impl_nocast<at::native::CUDAFunctor_add<float>>(at::TensorIteratorBase &, const T1 &)::[lambda(int) (instance 1)]>(int, T3)"
PyTorch:BasicsTransformerLM.layers.1.attn,PushPop,30,30,12,24,134942,5622.6,5568.0,4608,6976,1009.1,"void at::native::elementwise_kernel<(int)128, (int)2, void at::native::gpu_kernel_impl_nocast<at::native::direct_copy_kernel_cuda(at::TensorIteratorBase &)::[lambda() (instance 3)]::operator ()() const::[lambda() (instance 7)]::operator ()() const::[lambda(float) (instance 1)]>(at::TensorIteratorBase &, const T1 &)::[lambda(int) (instance 1)]>(int, T3)"
PyTorch:BasicsTransformerLM.layers.1.attn,PushPop,30,30,12,48,101087,2106.0,2080.0,1952,2496,100.7,"void at::native::vectorized_elementwise_kernel<(int)4, at::native::CUDAFunctor_add<float>, std::array<char *, (unsigned long)3>>(int, T2, T3)"
PyTorch:BasicsTransformerLM.layers.1.attn,PushPop,30,30,12,12,84160,7013.3,7008.0,6944,7104,54.3,"void at::native::reduce_kernel<(int)512, (int)1, at::native::ReduceOp<float, at::native::func_wrapper_t<float, at::native::sum_functor<float, float, float>::operator ()(at::TensorIterator &)::[lambda(float, float) (instance 1)]>, unsigned int, float, (int)4, (int)4>>(T3)"
PyTorch:BasicsTransformerLM.layers.1.attn,PushPop,30,30,12,12,62848,5237.3,5216.0,5024,5504,137.4,"void at::native::vectorized_elementwise_kernel<(int)4, at::native::exp_kernel_cuda(at::TensorIteratorBase &)::[lambda() (instance 2)]::operator ()() const::[lambda() (instance 2)]::operator ()() const::[lambda(float) (instance 1)], std::array<char *, (unsigned long)2>>(int, T2, T3)"
PyTorch:BasicsTransformerLM.layers.1.attn,PushPop,30,30,12,12,61310,5109.2,5055.5,4960,5472,178.7,"void at::native::vectorized_elementwise_kernel<(int)4, at::native::BUnaryFunctor<float, float, float, at::native::binary_internal::MulFunctor<float>>, std::array<char *, (unsigned long)2>>(int, T2, T3)"
PyTorch:BasicsTransformerLM.layers.1.attn,PushPop,30,30,12,12,31520,2626.7,2592.0,2528,2784,97.9,"void at::native::elementwise_kernel<(int)128, (int)4, void at::native::gpu_kernel_impl_nocast<at::native::<unnamed>::CompareFunctor<long>>(at::TensorIteratorBase &, const T1 &)::[lambda(int) (instance 1)]>(int, T3)"
PyTorch:BasicsTransformerLM.layers.1.attn,PushPop,30,30,12,12,13855,1154.6,1167.5,992,1408,149.7,"void <unnamed>::elementwise_kernel_with_index<int, at::native::arange_cuda_out(const c10::Scalar &, const c10::Scalar &, const c10::Scalar &, at::Tensor &)::[lambda() (instance 1)]::operator ()() const::[lambda() (instance 4)]::operator ()() const::[lambda(long) (instance 1)]>(T1, T2, function_traits<T2>::result_type *)"
PyTorch:BasicsTransformerLM.layers.1.attn,PushPop,30,30,12,12,13024,1085.3,1104.0,928,1152,63.2,"void at::native::vectorized_elementwise_kernel<(int)4, at::native::FillFunctor<float>, std::array<char *, (unsigned long)1>>(int, T2, T3)"
PyTorch:BasicsTransformerLM.layers.1.attn.k_proj,PushPop,30,30,12,12,1130651,94220.9,94079.5,93920,95520,458.4,cutlass3x_sm100_simt_sgemm_f32_f32_f32_f32_f32_64x32x16_1x1x1_3_tnn_align1_bias_f32_relu
PyTorch:BasicsTransformerLM.layers.1.attn.output_proj,PushPop,30,30,12,12,1137180,94765.0,94543.5,94304,97439,864.1,cutlass3x_sm100_simt_sgemm_f32_f32_f32_f32_f32_64x32x16_1x1x1_3_tnn_align1_bias_f32_relu
PyTorch:BasicsTransformerLM.layers.1.attn.q_proj,PushPop,30,30,12,12,1132923,94410.3,94367.0,94144,95455,347.2,cutlass3x_sm100_simt_sgemm_f32_f32_f32_f32_f32_64x32x16_1x1x1_3_tnn_align1_bias_f32_relu
PyTorch:BasicsTransformerLM.layers.1.attn.v_proj,PushPop,30,30,12,12,1128157,94013.1,93791.5,93504,96095,689.4,cutlass3x_sm100_simt_sgemm_f32_f32_f32_f32_f32_64x32x16_1x1x1_3_tnn_align1_bias_f32_relu
PyTorch:BasicsTransformerLM.layers.1.ffn,PushPop,30,30,12,24,7513287,313053.6,312383.0,311615,322463,2630.5,cutlass3x_sm100_simt_sgemm_f32_f32_f32_f32_f32_64x128x16_1x1x1_3_tnn_align1_bias_f32_relu
PyTorch:BasicsTransformerLM.layers.1.ffn,PushPop,30,30,12,12,4318226,359852.2,359311.0,358239,367231,2372.8,cutlass3x_sm100_simt_sgemm_f32_f32_f32_f32_f32_64x32x16_1x1x1_3_tnn_align1_bias_f32_relu
PyTorch:BasicsTransformerLM.layers.1.ffn,PushPop,30,30,12,24,152959,6373.3,6640.0,5504,7232,696.2,"void at::native::vectorized_elementwise_kernel<(int)4, at::native::BinaryFunctor<float, float, float, at::native::binary_internal::MulFunctor<float>>, std::array<char *, (unsigned long)3>>(int, T2, T3)"
PyTorch:BasicsTransformerLM.layers.1.ffn,PushPop,30,30,12,12,71679,5973.3,5792.0,5760,7424,486.7,"void at::native::vectorized_elementwise_kernel<(int)4, at::native::sigmoid_kernel_cuda(at::TensorIteratorBase &)::[lambda() (instance 2)]::operator ()() const::[lambda() (instance 2)]::operator ()() const::[lambda(float) (instance 1)], std::array<char *, (unsigned long)2>>(int, T2, T3)"
PyTorch:BasicsTransformerLM.layers.1.ffn.w1,PushPop,30,30,12,12,3761012,313417.7,312575.0,312383,322463,2854.0,cutlass3x_sm100_simt_sgemm_f32_f32_f32_f32_f32_64x128x16_1x1x1_3_tnn_align1_bias_f32_relu
PyTorch:BasicsTransformerLM.layers.1.ffn.w2,PushPop,30,30,12,12,4318226,359852.2,359311.0,358239,367231,2372.8,cutlass3x_sm100_simt_sgemm_f32_f32_f32_f32_f32_64x32x16_1x1x1_3_tnn_align1_bias_f32_relu
PyTorch:BasicsTransformerLM.layers.1.ffn.w3,PushPop,30,30,12,12,3752275,312689.6,311967.0,311615,320447,2456.4,cutlass3x_sm100_simt_sgemm_f32_f32_f32_f32_f32_64x128x16_1x1x1_3_tnn_align1_bias_f32_relu
PyTorch:BasicsTransformerLM.layers.1.ln1,PushPop,30,30,12,24,112608,4692.0,4704.0,4608,4800,48.9,"void at::native::elementwise_kernel<(int)128, (int)2, void at::native::gpu_kernel_impl_nocast<at::native::BinaryFunctor<float, float, float, at::native::binary_internal::MulFunctor<float>>>(at::TensorIteratorBase &, const T1 &)::[lambda(int) (instance 1)]>(int, T3)"
PyTorch:BasicsTransformerLM.layers.1.ln1,PushPop,30,30,12,12,72799,6066.6,6063.5,5984,6144,48.1,"void at::native::reduce_kernel<(int)512, (int)1, at::native::ReduceOp<float, at::native::MeanOps<float, float, float, float>, unsigned int, float, (int)4, (int)4>>(T3)"
PyTorch:BasicsTransformerLM.layers.1.ln1,PushPop,30,30,12,12,30016,2501.3,2464.0,2432,2688,75.8,"void at::native::vectorized_elementwise_kernel<(int)4, void at::native::<unnamed>::pow_tensor_scalar_kernel_impl<float, float>(at::TensorIteratorBase &, T2)::[lambda(float) (instance 1)], std::array<char *, (unsigned long)2>>(int, T2, T3)"
PyTorch:BasicsTransformerLM.layers.1.ln1,PushPop,30,30,12,12,17952,1496.0,1536.0,1344,1568,86.4,"void at::native::vectorized_elementwise_kernel<(int)4, at::native::CUDAFunctorOnSelf_add<float>, std::array<char *, (unsigned long)2>>(int, T2, T3)"
PyTorch:BasicsTransformerLM.layers.1.ln1,PushPop,30,30,12,12,17504,1458.7,1440.0,1408,1632,60.2,"void at::native::vectorized_elementwise_kernel<(int)4, at::native::rsqrt_kernel_cuda(at::TensorIteratorBase &)::[lambda() (instance 2)]::operator ()() const::[lambda() (instance 2)]::operator ()() const::[lambda(float) (instance 1)], std::array<char *, (unsigned long)2>>(int, T2, T3)"
PyTorch:BasicsTransformerLM.layers.1.ln2,PushPop,30,30,12,24,112383,4682.6,4672.0,4576,4800,58.6,"void at::native::elementwise_kernel<(int)128, (int)2, void at::native::gpu_kernel_impl_nocast<at::native::BinaryFunctor<float, float, float, at::native::binary_internal::MulFunctor<float>>>(at::TensorIteratorBase &, const T1 &)::[lambda(int) (instance 1)]>(int, T3)"
PyTorch:BasicsTransformerLM.layers.1.ln2,PushPop,30,30,12,12,72928,6077.3,6080.0,6016,6112,34.7,"void at::native::reduce_kernel<(int)512, (int)1, at::native::ReduceOp<float, at::native::MeanOps<float, float, float, float>, unsigned int, float, (int)4, (int)4>>(T3)"
PyTorch:BasicsTransformerLM.layers.1.ln2,PushPop,30,30,12,12,29408,2450.7,2416.0,2336,2624,96.9,"void at::native::vectorized_elementwise_kernel<(int)4, void at::native::<unnamed>::pow_tensor_scalar_kernel_impl<float, float>(at::TensorIteratorBase &, T2)::[lambda(float) (instance 1)], std::array<char *, (unsigned long)2>>(int, T2, T3)"
PyTorch:BasicsTransformerLM.layers.1.ln2,PushPop,30,30,12,12,18464,1538.7,1520.0,1184,1760,163.4,"void at::native::vectorized_elementwise_kernel<(int)4, at::native::CUDAFunctorOnSelf_add<float>, std::array<char *, (unsigned long)2>>(int, T2, T3)"
PyTorch:BasicsTransformerLM.layers.1.ln2,PushPop,30,30,12,12,17856,1488.0,1440.0,1280,1664,116.2,"void at::native::vectorized_elementwise_kernel<(int)4, at::native::rsqrt_kernel_cuda(at::TensorIteratorBase &)::[lambda() (instance 2)]::operator ()() const::[lambda() (instance 2)]::operator ()() const::[lambda(float) (instance 1)], std::array<char *, (unsigned long)2>>(int, T2, T3)"
PyTorch:BasicsTransformerLM.layers.10,PushPop,30,30,12,60,8846846,147447.4,94096.0,93344,368190,107648.3,cutlass3x_sm100_simt_sgemm_f32_f32_f32_f32_f32_64x32x16_1x1x1_3_tnn_align1_bias_f32_relu
PyTorch:BasicsTransformerLM.layers.10,PushPop,30,30,12,24,7519687,313320.3,312606.5,311999,321919,2504.5,cutlass3x_sm100_simt_sgemm_f32_f32_f32_f32_f32_64x128x16_1x1x1_3_tnn_align1_bias_f32_relu
PyTorch:BasicsTransformerLM.layers.10,PushPop,30,30,12,144,547296,3800.7,3488.0,3072,4832,621.4,"void at::native::elementwise_kernel<(int)128, (int)2, void at::native::gpu_kernel_impl_nocast<at::native::BinaryFunctor<float, float, float, at::native::binary_internal::MulFunctor<float>>>(at::TensorIteratorBase &, const T1 &)::[lambda(int) (instance 1)]>(int, T3)"
PyTorch:BasicsTransformerLM.layers.10,PushPop,30,30,12,12,320512,26709.3,26880.0,24544,27200,692.8,cutlass3x_sm100_simt_sgemm_f32_f32_f32_f32_f32_128x64x16_1x1x1_3_tnn_align1_bias_f32_relu
PyTorch:BasicsTransformerLM.layers.10,PushPop,30,30,12,12,254430,21202.5,21152.0,21087,21792,195.2,cutlass3x_sm100_simt_sgemm_f32_f32_f32_f32_f32_64x32x16_1x1x1_3_nnn_align1_bias_f32_relu
PyTorch:BasicsTransformerLM.layers.10,PushPop,30,30,12,24,217886,9078.6,9056.0,8864,9280,126.8,"void at::native::<unnamed>::CatArrayBatchedCopy<at::native::<unnamed>::OpaqueType<(unsigned int)4>, unsigned int, (int)4, (int)64, (int)64>(T1 *, at::native::<unnamed>::CatArrInputTensorMetadata<T1, T2, T4, T5>, at::native::<unnamed>::TensorSizeStride<T2, (unsigned int)4>, int, T2)"
PyTorch:BasicsTransformerLM.layers.10,PushPop,30,30,12,12,183616,15301.3,15248.0,15200,15712,142.3,"void at::native::elementwise_kernel<(int)128, (int)2, void at::native::gpu_kernel_impl_nocast<at::native::BinaryFunctor<float, float, float, at::native::binary_internal::DivFunctor<float>>>(at::TensorIteratorBase &, const T1 &)::[lambda(int) (instance 1)]>(int, T3)"
PyTorch:BasicsTransformerLM.layers.10,PushPop,30,30,12,72,181856,2525.8,2176.0,2016,3584,551.4,"void at::native::vectorized_elementwise_kernel<(int)4, at::native::CUDAFunctor_add<float>, std::array<char *, (unsigned long)3>>(int, T2, T3)"
PyTorch:BasicsTransformerLM.layers.10,PushPop,30,30,12,12,159360,13280.0,13184.0,13088,14560,405.9,"void at::native::reduce_kernel<(int)512, (int)1, at::native::ReduceOp<float, at::native::MaxOps<float>, unsigned int, float, (int)4, (int)4>>(T3)"
PyTorch:BasicsTransformerLM.layers.10,PushPop,30,30,12,12,157632,13136.0,13136.0,12992,13248,70.2,"void at::native::elementwise_kernel<(int)128, (int)2, void at::native::gpu_kernel_impl_nocast<at::native::<unnamed>::where_kernel_impl(at::TensorIterator &)::[lambda() (instance 1)]::operator ()() const::[lambda() (instance 11)]::operator ()() const::[lambda(bool, float, float) (instance 1)]>(at::TensorIteratorBase &, const T1 &)::[lambda(int) (instance 1)]>(int, T3)"
PyTorch:BasicsTransformerLM.layers.10,PushPop,30,30,12,12,153631,12802.6,12784.0,12672,12960,91.0,"void at::native::elementwise_kernel<(int)128, (int)2, void at::native::gpu_kernel_impl_nocast<at::native::CUDAFunctor_add<float>>(at::TensorIteratorBase &, const T1 &)::[lambda(int) (instance 1)]>(int, T3)"
PyTorch:BasicsTransformerLM.layers.10,PushPop,30,30,12,24,152608,6358.7,6432.0,5536,7648,696.8,"void at::native::vectorized_elementwise_kernel<(int)4, at::native::BinaryFunctor<float, float, float, at::native::binary_internal::MulFunctor<float>>, std::array<char *, (unsigned long)3>>(int, T2, T3)"
PyTorch:BasicsTransformerLM.layers.10,PushPop,30,30,12,24,145088,6045.3,6048.0,5984,6176,49.0,"void at::native::reduce_kernel<(int)512, (int)1, at::native::ReduceOp<float, at::native::MeanOps<float, float, float, float>, unsigned int, float, (int)4, (int)4>>(T3)"
PyTorch:BasicsTransformerLM.layers.10,PushPop,30,30,12,24,133888,5578.7,5584.0,4576,6688,982.3,"void at::native::elementwise_kernel<(int)128, (int)2, void at::native::gpu_kernel_impl_nocast<at::native::direct_copy_kernel_cuda(at::TensorIteratorBase &)::[lambda() (instance 3)]::operator ()() const::[lambda() (instance 7)]::operator ()() const::[lambda(float) (instance 1)]>(at::TensorIteratorBase &, const T1 &)::[lambda(int) (instance 1)]>(int, T3)"
PyTorch:BasicsTransformerLM.layers.10,PushPop,30,30,12,12,84608,7050.7,7024.0,6912,7360,111.1,"void at::native::reduce_kernel<(int)512, (int)1, at::native::ReduceOp<float, at::native::func_wrapper_t<float, at::native::sum_functor<float, float, float>::operator ()(at::TensorIterator &)::[lambda(float, float) (instance 1)]>, unsigned int, float, (int)4, (int)4>>(T3)"
PyTorch:BasicsTransformerLM.layers.10,PushPop,30,30,12,12,71328,5944.0,5792.0,5696,6592,307.6,"void at::native::vectorized_elementwise_kernel<(int)4, at::native::sigmoid_kernel_cuda(at::TensorIteratorBase &)::[lambda() (instance 2)]::operator ()() const::[lambda() (instance 2)]::operator ()() const::[lambda(float) (instance 1)], std::array<char *, (unsigned long)2>>(int, T2, T3)"
PyTorch:BasicsTransformerLM.layers.10,PushPop,30,30,12,12,63264,5272.0,5200.0,5088,5568,158.0,"void at::native::vectorized_elementwise_kernel<(int)4, at::native::exp_kernel_cuda(at::TensorIteratorBase &)::[lambda() (instance 2)]::operator ()() const::[lambda() (instance 2)]::operator ()() const::[lambda(float) (instance 1)], std::array<char *, (unsigned long)2>>(int, T2, T3)"
PyTorch:BasicsTransformerLM.layers.10,PushPop,30,30,12,12,61568,5130.7,5040.0,4928,5504,205.7,"void at::native::vectorized_elementwise_kernel<(int)4, at::native::BUnaryFunctor<float, float, float, at::native::binary_internal::MulFunctor<float>>, std::array<char *, (unsigned long)2>>(int, T2, T3)"
PyTorch:BasicsTransformerLM.layers.10,PushPop,30,30,12,24,57344,2389.3,2368.0,2304,2496,68.5,"void at::native::vectorized_elementwise_kernel<(int)4, void at::native::<unnamed>::pow_tensor_scalar_kernel_impl<float, float>(at::TensorIteratorBase &, T2)::[lambda(float) (instance 1)], std::array<char *, (unsigned long)2>>(int, T2, T3)"
PyTorch:BasicsTransformerLM.layers.10,PushPop,30,30,12,24,36607,1525.3,1536.0,1184,1824,143.0,"void at::native::vectorized_elementwise_kernel<(int)4, at::native::CUDAFunctorOnSelf_add<float>, std::array<char *, (unsigned long)2>>(int, T2, T3)"
PyTorch:BasicsTransformerLM.layers.10,PushPop,30,30,12,24,35648,1485.3,1472.0,1312,1696,96.7,"void at::native::vectorized_elementwise_kernel<(int)4, at::native::rsqrt_kernel_cuda(at::TensorIteratorBase &)::[lambda() (instance 2)]::operator ()() const::[lambda() (instance 2)]::operator ()() const::[lambda(float) (instance 1)], std::array<char *, (unsigned long)2>>(int, T2, T3)"
PyTorch:BasicsTransformerLM.layers.10,PushPop,30,30,12,12,32031,2669.3,2624.0,2432,3200,201.7,"void at::native::elementwise_kernel<(int)128, (int)4, void at::native::gpu_kernel_impl_nocast<at::native::<unnamed>::CompareFunctor<long>>(at::TensorIteratorBase &, const T1 &)::[lambda(int) (instance 1)]>(int, T3)"
PyTorch:BasicsTransformerLM.layers.10,PushPop,30,30,12,12,12640,1053.3,992.0,960,1216,103.4,"void <unnamed>::elementwise_kernel_with_index<int, at::native::arange_cuda_out(const c10::Scalar &, const c10::Scalar &, const c10::Scalar &, at::Tensor &)::[lambda() (instance 1)]::operator ()() const::[lambda() (instance 4)]::operator ()() const::[lambda(long) (instance 1)]>(T1, T2, function_traits<T2>::result_type *)"
PyTorch:BasicsTransformerLM.layers.10,PushPop,30,30,12,12,12512,1042.7,1088.0,928,1152,98.8,"void at::native::vectorized_elementwise_kernel<(int)4, at::native::FillFunctor<float>, std::array<char *, (unsigned long)1>>(int, T2, T3)"
PyTorch:BasicsTransformerLM.layers.10.attn,PushPop,30,30,12,48,4515694,94077.0,93903.5,93344,98016,715.4,cutlass3x_sm100_simt_sgemm_f32_f32_f32_f32_f32_64x32x16_1x1x1_3_tnn_align1_bias_f32_relu
PyTorch:BasicsTransformerLM.layers.10.attn,PushPop,30,30,12,96,324256,3377.7,3424.0,3072,4384,190.4,"void at::native::elementwise_kernel<(int)128, (int)2, void at::native::gpu_kernel_impl_nocast<at::native::BinaryFunctor<float, float, float, at::native::binary_internal::MulFunctor<float>>>(at::TensorIteratorBase &, const T1 &)::[lambda(int) (instance 1)]>(int, T3)"
PyTorch:BasicsTransformerLM.layers.10.attn,PushPop,30,30,12,12,320512,26709.3,26880.0,24544,27200,692.8,cutlass3x_sm100_simt_sgemm_f32_f32_f32_f32_f32_128x64x16_1x1x1_3_tnn_align1_bias_f32_relu
PyTorch:BasicsTransformerLM.layers.10.attn,PushPop,30,30,12,12,254430,21202.5,21152.0,21087,21792,195.2,cutlass3x_sm100_simt_sgemm_f32_f32_f32_f32_f32_64x32x16_1x1x1_3_nnn_align1_bias_f32_relu
PyTorch:BasicsTransformerLM.layers.10.attn,PushPop,30,30,12,24,217886,9078.6,9056.0,8864,9280,126.8,"void at::native::<unnamed>::CatArrayBatchedCopy<at::native::<unnamed>::OpaqueType<(unsigned int)4>, unsigned int, (int)4, (int)64, (int)64>(T1 *, at::native::<unnamed>::CatArrInputTensorMetadata<T1, T2, T4, T5>, at::native::<unnamed>::TensorSizeStride<T2, (unsigned int)4>, int, T2)"
PyTorch:BasicsTransformerLM.layers.10.attn,PushPop,30,30,12,12,183616,15301.3,15248.0,15200,15712,142.3,"void at::native::elementwise_kernel<(int)128, (int)2, void at::native::gpu_kernel_impl_nocast<at::native::BinaryFunctor<float, float, float, at::native::binary_internal::DivFunctor<float>>>(at::TensorIteratorBase &, const T1 &)::[lambda(int) (instance 1)]>(int, T3)"
PyTorch:BasicsTransformerLM.layers.10.attn,PushPop,30,30,12,12,159360,13280.0,13184.0,13088,14560,405.9,"void at::native::reduce_kernel<(int)512, (int)1, at::native::ReduceOp<float, at::native::MaxOps<float>, unsigned int, float, (int)4, (int)4>>(T3)"
PyTorch:BasicsTransformerLM.layers.10.attn,PushPop,30,30,12,12,157632,13136.0,13136.0,12992,13248,70.2,"void at::native::elementwise_kernel<(int)128, (int)2, void at::native::gpu_kernel_impl_nocast<at::native::<unnamed>::where_kernel_impl(at::TensorIterator &)::[lambda() (instance 1)]::operator ()() const::[lambda() (instance 11)]::operator ()() const::[lambda(bool, float, float) (instance 1)]>(at::TensorIteratorBase &, const T1 &)::[lambda(int) (instance 1)]>(int, T3)"
PyTorch:BasicsTransformerLM.layers.10.attn,PushPop,30,30,12,12,153631,12802.6,12784.0,12672,12960,91.0,"void at::native::elementwise_kernel<(int)128, (int)2, void at::native::gpu_kernel_impl_nocast<at::native::CUDAFunctor_add<float>>(at::TensorIteratorBase &, const T1 &)::[lambda(int) (instance 1)]>(int, T3)"
PyTorch:BasicsTransformerLM.layers.10.attn,PushPop,30,30,12,24,133888,5578.7,5584.0,4576,6688,982.3,"void at::native::elementwise_kernel<(int)128, (int)2, void at::native::gpu_kernel_impl_nocast<at::native::direct_copy_kernel_cuda(at::TensorIteratorBase &)::[lambda() (instance 3)]::operator ()() const::[lambda() (instance 7)]::operator ()() const::[lambda(float) (instance 1)]>(at::TensorIteratorBase &, const T1 &)::[lambda(int) (instance 1)]>(int, T3)"
PyTorch:BasicsTransformerLM.layers.10.attn,PushPop,30,30,12,48,102880,2143.3,2144.0,2016,2336,65.5,"void at::native::vectorized_elementwise_kernel<(int)4, at::native::CUDAFunctor_add<float>, std::array<char *, (unsigned long)3>>(int, T2, T3)"
PyTorch:BasicsTransformerLM.layers.10.attn,PushPop,30,30,12,12,84608,7050.7,7024.0,6912,7360,111.1,"void at::native::reduce_kernel<(int)512, (int)1, at::native::ReduceOp<float, at::native::func_wrapper_t<float, at::native::sum_functor<float, float, float>::operator ()(at::TensorIterator &)::[lambda(float, float) (instance 1)]>, unsigned int, float, (int)4, (int)4>>(T3)"
PyTorch:BasicsTransformerLM.layers.10.attn,PushPop,30,30,12,12,63264,5272.0,5200.0,5088,5568,158.0,"void at::native::vectorized_elementwise_kernel<(int)4, at::native::exp_kernel_cuda(at::TensorIteratorBase &)::[lambda() (instance 2)]::operator ()() const::[lambda() (instance 2)]::operator ()() const::[lambda(float) (instance 1)], std::array<char *, (unsigned long)2>>(int, T2, T3)"
PyTorch:BasicsTransformerLM.layers.10.attn,PushPop,30,30,12,12,61568,5130.7,5040.0,4928,5504,205.7,"void at::native::vectorized_elementwise_kernel<(int)4, at::native::BUnaryFunctor<float, float, float, at::native::binary_internal::MulFunctor<float>>, std::array<char *, (unsigned long)2>>(int, T2, T3)"
PyTorch:BasicsTransformerLM.layers.10.attn,PushPop,30,30,12,12,32031,2669.3,2624.0,2432,3200,201.7,"void at::native::elementwise_kernel<(int)128, (int)4, void at::native::gpu_kernel_impl_nocast<at::native::<unnamed>::CompareFunctor<long>>(at::TensorIteratorBase &, const T1 &)::[lambda(int) (instance 1)]>(int, T3)"
PyTorch:BasicsTransformerLM.layers.10.attn,PushPop,30,30,12,12,12640,1053.3,992.0,960,1216,103.4,"void <unnamed>::elementwise_kernel_with_index<int, at::native::arange_cuda_out(const c10::Scalar &, const c10::Scalar &, const c10::Scalar &, at::Tensor &)::[lambda() (instance 1)]::operator ()() const::[lambda() (instance 4)]::operator ()() const::[lambda(long) (instance 1)]>(T1, T2, function_traits<T2>::result_type *)"
PyTorch:BasicsTransformerLM.layers.10.attn,PushPop,30,30,12,12,12512,1042.7,1088.0,928,1152,98.8,"void at::native::vectorized_elementwise_kernel<(int)4, at::native::FillFunctor<float>, std::array<char *, (unsigned long)1>>(int, T2, T3)"
PyTorch:BasicsTransformerLM.layers.10.attn.k_proj,PushPop,30,30,12,12,1126590,93882.5,93728.0,93568,94528,321.0,cutlass3x_sm100_simt_sgemm_f32_f32_f32_f32_f32_64x32x16_1x1x1_3_tnn_align1_bias_f32_relu
PyTorch:BasicsTransformerLM.layers.10.attn.output_proj,PushPop,30,30,12,12,1136731,94727.6,94432.0,93855,98016,1080.1,cutlass3x_sm100_simt_sgemm_f32_f32_f32_f32_f32_64x32x16_1x1x1_3_tnn_align1_bias_f32_relu
PyTorch:BasicsTransformerLM.layers.10.attn.q_proj,PushPop,30,30,12,12,1125082,93756.8,93647.0,93376,94527,335.1,cutlass3x_sm100_simt_sgemm_f32_f32_f32_f32_f32_64x32x16_1x1x1_3_tnn_align1_bias_f32_relu
PyTorch:BasicsTransformerLM.layers.10.attn.v_proj,PushPop,30,30,12,12,1127291,93940.9,93903.5,93344,94912,411.8,cutlass3x_sm100_simt_sgemm_f32_f32_f32_f32_f32_64x32x16_1x1x1_3_tnn_align1_bias_f32_relu
PyTorch:BasicsTransformerLM.layers.10.ffn,PushPop,30,30,12,24,7519687,313320.3,312606.5,311999,321919,2504.5,cutlass3x_sm100_simt_sgemm_f32_f32_f32_f32_f32_64x128x16_1x1x1_3_tnn_align1_bias_f32_relu
PyTorch:BasicsTransformerLM.layers.10.ffn,PushPop,30,30,12,12,4331152,360929.3,360319.0,359454,368190,2323.6,cutlass3x_sm100_simt_sgemm_f32_f32_f32_f32_f32_64x32x16_1x1x1_3_tnn_align1_bias_f32_relu
PyTorch:BasicsTransformerLM.layers.10.ffn,PushPop,30,30,12,24,152608,6358.7,6432.0,5536,7648,696.8,"void at::native::vectorized_elementwise_kernel<(int)4, at::native::BinaryFunctor<float, float, float, at::native::binary_internal::MulFunctor<float>>, std::array<char *, (unsigned long)3>>(int, T2, T3)"
PyTorch:BasicsTransformerLM.layers.10.ffn,PushPop,30,30,12,12,71328,5944.0,5792.0,5696,6592,307.6,"void at::native::vectorized_elementwise_kernel<(int)4, at::native::sigmoid_kernel_cuda(at::TensorIteratorBase &)::[lambda() (instance 2)]::operator ()() const::[lambda() (instance 2)]::operator ()() const::[lambda(float) (instance 1)], std::array<char *, (unsigned long)2>>(int, T2, T3)"
PyTorch:BasicsTransformerLM.layers.10.ffn.w1,PushPop,30,30,12,12,3761747,313478.9,312639.0,312127,321919,2686.5,cutlass3x_sm100_simt_sgemm_f32_f32_f32_f32_f32_64x128x16_1x1x1_3_tnn_align1_bias_f32_relu
PyTorch:BasicsTransformerLM.layers.10.ffn.w2,PushPop,30,30,12,12,4331152,360929.3,360319.0,359454,368190,2323.6,cutlass3x_sm100_simt_sgemm_f32_f32_f32_f32_f32_64x32x16_1x1x1_3_tnn_align1_bias_f32_relu
PyTorch:BasicsTransformerLM.layers.10.ffn.w3,PushPop,30,30,12,12,3757940,313161.7,312479.0,311999,320799,2417.3,cutlass3x_sm100_simt_sgemm_f32_f32_f32_f32_f32_64x128x16_1x1x1_3_tnn_align1_bias_f32_relu
PyTorch:BasicsTransformerLM.layers.10.ln1,PushPop,30,30,12,24,111488,4645.3,4624.0,4544,4832,78.2,"void at::native::elementwise_kernel<(int)128, (int)2, void at::native::gpu_kernel_impl_nocast<at::native::BinaryFunctor<float, float, float, at::native::binary_internal::MulFunctor<float>>>(at::TensorIteratorBase &, const T1 &)::[lambda(int) (instance 1)]>(int, T3)"
PyTorch:BasicsTransformerLM.layers.10.ln1,PushPop,30,30,12,12,72416,6034.7,6016.0,5984,6176,51.9,"void at::native::reduce_kernel<(int)512, (int)1, at::native::ReduceOp<float, at::native::MeanOps<float, float, float, float>, unsigned int, float, (int)4, (int)4>>(T3)"
PyTorch:BasicsTransformerLM.layers.10.ln1,PushPop,30,30,12,12,28928,2410.7,2448.0,2304,2496,80.0,"void at::native::vectorized_elementwise_kernel<(int)4, void at::native::<unnamed>::pow_tensor_scalar_kernel_impl<float, float>(at::TensorIteratorBase &, T2)::[lambda(float) (instance 1)], std::array<char *, (unsigned long)2>>(int, T2, T3)"
PyTorch:BasicsTransformerLM.layers.10.ln1,PushPop,30,30,12,12,18431,1535.9,1567.5,1344,1792,116.6,"void at::native::vectorized_elementwise_kernel<(int)4, at::native::CUDAFunctorOnSelf_add<float>, std::array<char *, (unsigned long)2>>(int, T2, T3)"
PyTorch:BasicsTransformerLM.layers.10.ln1,PushPop,30,30,12,12,17760,1480.0,1472.0,1312,1600,73.6,"void at::native::vectorized_elementwise_kernel<(int)4, at::native::rsqrt_kernel_cuda(at::TensorIteratorBase &)::[lambda() (instance 2)]::operator ()() const::[lambda() (instance 2)]::operator ()() const::[lambda(float) (instance 1)], std::array<char *, (unsigned long)2>>(int, T2, T3)"
PyTorch:BasicsTransformerLM.layers.10.ln2,PushPop,30,30,12,24,111552,4648.0,4624.0,4576,4768,65.5,"void at::native::elementwise_kernel<(int)128, (int)2, void at::native::gpu_kernel_impl_nocast<at::native::BinaryFunctor<float, float, float, at::native::binary_internal::MulFunctor<float>>>(at::TensorIteratorBase &, const T1 &)::[lambda(int) (instance 1)]>(int, T3)"
PyTorch:BasicsTransformerLM.layers.10.ln2,PushPop,30,30,12,12,72672,6056.0,6048.0,5984,6144,45.5,"void at::native::reduce_kernel<(int)512, (int)1, at::native::ReduceOp<float, at::native::MeanOps<float, float, float, float>, unsigned int, float, (int)4, (int)4>>(T3)"
PyTorch:BasicsTransformerLM.layers.10.ln2,PushPop,30,30,12,12,28416,2368.0,2352.0,2304,2464,49.2,"void at::native::vectorized_elementwise_kernel<(int)4, void at::native::<unnamed>::pow_tensor_scalar_kernel_impl<float, float>(at::TensorIteratorBase &, T2)::[lambda(float) (instance 1)], std::array<char *, (unsigned long)2>>(int, T2, T3)"
PyTorch:BasicsTransformerLM.layers.10.ln2,PushPop,30,30,12,12,18176,1514.7,1536.0,1184,1824,170.1,"void at::native::vectorized_elementwise_kernel<(int)4, at::native::CUDAFunctorOnSelf_add<float>, std::array<char *, (unsigned long)2>>(int, T2, T3)"
PyTorch:BasicsTransformerLM.layers.10.ln2,PushPop,30,30,12,12,17888,1490.7,1440.0,1344,1696,118.5,"void at::native::vectorized_elementwise_kernel<(int)4, at::native::rsqrt_kernel_cuda(at::TensorIteratorBase &)::[lambda() (instance 2)]::operator ()() const::[lambda() (instance 2)]::operator ()() const::[lambda(float) (instance 1)], std::array<char *, (unsigned long)2>>(int, T2, T3)"
PyTorch:BasicsTransformerLM.layers.11,PushPop,30,30,12,60,8845151,147419.2,93951.5,93344,368159,107737.5,cutlass3x_sm100_simt_sgemm_f32_f32_f32_f32_f32_64x32x16_1x1x1_3_tnn_align1_bias_f32_relu
PyTorch:BasicsTransformerLM.layers.11,PushPop,30,30,12,24,7517544,313231.0,312479.0,311903,322527,2728.9,cutlass3x_sm100_simt_sgemm_f32_f32_f32_f32_f32_64x128x16_1x1x1_3_tnn_align1_bias_f32_relu
PyTorch:BasicsTransformerLM.layers.11,PushPop,30,30,12,144,554142,3848.2,3488.0,3104,4960,624.8,"void at::native::elementwise_kernel<(int)128, (int)2, void at::native::gpu_kernel_impl_nocast<at::native::BinaryFunctor<float, float, float, at::native::binary_internal::MulFunctor<float>>>(at::TensorIteratorBase &, const T1 &)::[lambda(int) (instance 1)]>(int, T3)"
PyTorch:BasicsTransformerLM.layers.11,PushPop,30,30,12,12,322592,26882.7,26816.0,26656,27488,221.1,cutlass3x_sm100_simt_sgemm_f32_f32_f32_f32_f32_128x64x16_1x1x1_3_tnn_align1_bias_f32_relu
PyTorch:BasicsTransformerLM.layers.11,PushPop,30,30,12,12,253120,21093.3,21040.0,20960,21728,207.3,cutlass3x_sm100_simt_sgemm_f32_f32_f32_f32_f32_64x32x16_1x1x1_3_nnn_align1_bias_f32_relu
PyTorch:BasicsTransformerLM.layers.11,PushPop,30,30,12,24,216992,9041.3,9024.0,8768,9312,139.3,"void at::native::<unnamed>::CatArrayBatchedCopy<at::native::<unnamed>::OpaqueType<(unsigned int)4>, unsigned int, (int)4, (int)64, (int)64>(T1 *, at::native::<unnamed>::CatArrInputTensorMetadata<T1, T2, T4, T5>, at::native::<unnamed>::TensorSizeStride<T2, (unsigned int)4>, int, T2)"
PyTorch:BasicsTransformerLM.layers.11,PushPop,30,30,12,12,183967,15330.6,15264.0,15168,15744,160.0,"void at::native::elementwise_kernel<(int)128, (int)2, void at::native::gpu_kernel_impl_nocast<at::native::BinaryFunctor<float, float, float, at::native::binary_internal::DivFunctor<float>>>(at::TensorIteratorBase &, const T1 &)::[lambda(int) (instance 1)]>(int, T3)"
PyTorch:BasicsTransformerLM.layers.11,PushPop,30,30,12,72,180991,2513.8,2112.0,1952,3616,630.5,"void at::native::vectorized_elementwise_kernel<(int)4, at::native::CUDAFunctor_add<float>, std::array<char *, (unsigned long)3>>(int, T2, T3)"
PyTorch:BasicsTransformerLM.layers.11,PushPop,30,30,12,12,157663,13138.6,13151.5,13088,13184,31.8,"void at::native::reduce_kernel<(int)512, (int)1, at::native::ReduceOp<float, at::native::MaxOps<float>, unsigned int, float, (int)4, (int)4>>(T3)"
PyTorch:BasicsTransformerLM.layers.11,PushPop,30,30,12,12,157344,13112.0,13120.0,12960,13248,85.3,"void at::native::elementwise_kernel<(int)128, (int)2, void at::native::gpu_kernel_impl_nocast<at::native::<unnamed>::where_kernel_impl(at::TensorIterator &)::[lambda() (instance 1)]::operator ()() const::[lambda() (instance 11)]::operator ()() const::[lambda(bool, float, float) (instance 1)]>(at::TensorIteratorBase &, const T1 &)::[lambda(int) (instance 1)]>(int, T3)"
PyTorch:BasicsTransformerLM.layers.11,PushPop,30,30,12,24,154208,6425.3,6576.0,5536,7520,714.4,"void at::native::vectorized_elementwise_kernel<(int)4, at::native::BinaryFunctor<float, float, float, at::native::binary_internal::MulFunctor<float>>, std::array<char *, (unsigned long)3>>(int, T2, T3)"
PyTorch:BasicsTransformerLM.layers.11,PushPop,30,30,12,12,152831,12735.9,12735.5,12576,12896,77.2,"void at::native::elementwise_kernel<(int)128, (int)2, void at::native::gpu_kernel_impl_nocast<at::native::CUDAFunctor_add<float>>(at::TensorIteratorBase &, const T1 &)::[lambda(int) (instance 1)]>(int, T3)"
PyTorch:BasicsTransformerLM.layers.11,PushPop,30,30,12,24,145696,6070.7,6080.0,5984,6176,44.7,"void at::native::reduce_kernel<(int)512, (int)1, at::native::ReduceOp<float, at::native::MeanOps<float, float, float, float>, unsigned int, float, (int)4, (int)4>>(T3)"
PyTorch:BasicsTransformerLM.layers.11,PushPop,30,30,12,24,134751,5614.6,5552.0,4608,6784,976.3,"void at::native::elementwise_kernel<(int)128, (int)2, void at::native::gpu_kernel_impl_nocast<at::native::direct_copy_kernel_cuda(at::TensorIteratorBase &)::[lambda() (instance 3)]::operator ()() const::[lambda() (instance 7)]::operator ()() const::[lambda(float) (instance 1)]>(at::TensorIteratorBase &, const T1 &)::[lambda(int) (instance 1)]>(int, T3)"
PyTorch:BasicsTransformerLM.layers.11,PushPop,30,30,12,12,84544,7045.3,7040.0,6944,7232,75.8,"void at::native::reduce_kernel<(int)512, (int)1, at::native::ReduceOp<float, at::native::func_wrapper_t<float, at::native::sum_functor<float, float, float>::operator ()(at::TensorIterator &)::[lambda(float, float) (instance 1)]>, unsigned int, float, (int)4, (int)4>>(T3)"
PyTorch:BasicsTransformerLM.layers.11,PushPop,30,30,12,12,70623,5885.3,5808.0,5695,6400,245.9,"void at::native::vectorized_elementwise_kernel<(int)4, at::native::sigmoid_kernel_cuda(at::TensorIteratorBase &)::[lambda() (instance 2)]::operator ()() const::[lambda() (instance 2)]::operator ()() const::[lambda(float) (instance 1)], std::array<char *, (unsigned long)2>>(int, T2, T3)"
PyTorch:BasicsTransformerLM.layers.11,PushPop,30,30,12,12,62815,5234.6,5151.5,5056,5536,171.3,"void at::native::vectorized_elementwise_kernel<(int)4, at::native::exp_kernel_cuda(at::TensorIteratorBase &)::[lambda() (instance 2)]::operator ()() const::[lambda() (instance 2)]::operator ()() const::[lambda(float) (instance 1)], std::array<char *, (unsigned long)2>>(int, T2, T3)"
PyTorch:BasicsTransformerLM.layers.11,PushPop,30,30,12,12,62112,5176.0,5120.0,4928,5504,193.0,"void at::native::vectorized_elementwise_kernel<(int)4, at::native::BUnaryFunctor<float, float, float, at::native::binary_internal::MulFunctor<float>>, std::array<char *, (unsigned long)2>>(int, T2, T3)"
PyTorch:BasicsTransformerLM.layers.11,PushPop,30,30,12,24,58144,2422.7,2432.0,2336,2528,58.5,"void at::native::vectorized_elementwise_kernel<(int)4, void at::native::<unnamed>::pow_tensor_scalar_kernel_impl<float, float>(at::TensorIteratorBase &, T2)::[lambda(float) (instance 1)], std::array<char *, (unsigned long)2>>(int, T2, T3)"
PyTorch:BasicsTransformerLM.layers.11,PushPop,30,30,12,24,36512,1521.3,1536.0,1216,1760,139.6,"void at::native::vectorized_elementwise_kernel<(int)4, at::native::CUDAFunctorOnSelf_add<float>, std::array<char *, (unsigned long)2>>(int, T2, T3)"
PyTorch:BasicsTransformerLM.layers.11,PushPop,30,30,12,24,35711,1488.0,1472.0,1344,1696,82.8,"void at::native::vectorized_elementwise_kernel<(int)4, at::native::rsqrt_kernel_cuda(at::TensorIteratorBase &)::[lambda() (instance 2)]::operator ()() const::[lambda() (instance 2)]::operator ()() const::[lambda(float) (instance 1)], std::array<char *, (unsigned long)2>>(int, T2, T3)"
PyTorch:BasicsTransformerLM.layers.11,PushPop,30,30,12,12,30688,2557.3,2560.0,2528,2624,31.9,"void at::native::elementwise_kernel<(int)128, (int)4, void at::native::gpu_kernel_impl_nocast<at::native::<unnamed>::CompareFunctor<long>>(at::TensorIteratorBase &, const T1 &)::[lambda(int) (instance 1)]>(int, T3)"
PyTorch:BasicsTransformerLM.layers.11,PushPop,30,30,12,12,12704,1058.7,992.0,960,1408,129.8,"void <unnamed>::elementwise_kernel_with_index<int, at::native::arange_cuda_out(const c10::Scalar &, const c10::Scalar &, const c10::Scalar &, at::Tensor &)::[lambda() (instance 1)]::operator ()() const::[lambda() (instance 4)]::operator ()() const::[lambda(long) (instance 1)]>(T1, T2, function_traits<T2>::result_type *)"
PyTorch:BasicsTransformerLM.layers.11,PushPop,30,30,12,12,12480,1040.0,1088.0,928,1184,102.6,"void at::native::vectorized_elementwise_kernel<(int)4, at::native::FillFunctor<float>, std::array<char *, (unsigned long)1>>(int, T2, T3)"
PyTorch:BasicsTransformerLM.layers.11.attn,PushPop,30,30,12,48,4512207,94004.3,93807.5,93344,97408,653.4,cutlass3x_sm100_simt_sgemm_f32_f32_f32_f32_f32_64x32x16_1x1x1_3_tnn_align1_bias_f32_relu
PyTorch:BasicsTransformerLM.layers.11.attn,PushPop,30,30,12,96,328063,3417.3,3456.0,3104,4064,149.7,"void at::native::elementwise_kernel<(int)128, (int)2, void at::native::gpu_kernel_impl_nocast<at::native::BinaryFunctor<float, float, float, at::native::binary_internal::MulFunctor<float>>>(at::TensorIteratorBase &, const T1 &)::[lambda(int) (instance 1)]>(int, T3)"
PyTorch:BasicsTransformerLM.layers.11.attn,PushPop,30,30,12,12,322592,26882.7,26816.0,26656,27488,221.1,cutlass3x_sm100_simt_sgemm_f32_f32_f32_f32_f32_128x64x16_1x1x1_3_tnn_align1_bias_f32_relu
PyTorch:BasicsTransformerLM.layers.11.attn,PushPop,30,30,12,12,253120,21093.3,21040.0,20960,21728,207.3,cutlass3x_sm100_simt_sgemm_f32_f32_f32_f32_f32_64x32x16_1x1x1_3_nnn_align1_bias_f32_relu
PyTorch:BasicsTransformerLM.layers.11.attn,PushPop,30,30,12,24,216992,9041.3,9024.0,8768,9312,139.3,"void at::native::<unnamed>::CatArrayBatchedCopy<at::native::<unnamed>::OpaqueType<(unsigned int)4>, unsigned int, (int)4, (int)64, (int)64>(T1 *, at::native::<unnamed>::CatArrInputTensorMetadata<T1, T2, T4, T5>, at::native::<unnamed>::TensorSizeStride<T2, (unsigned int)4>, int, T2)"
PyTorch:BasicsTransformerLM.layers.11.attn,PushPop,30,30,12,12,183967,15330.6,15264.0,15168,15744,160.0,"void at::native::elementwise_kernel<(int)128, (int)2, void at::native::gpu_kernel_impl_nocast<at::native::BinaryFunctor<float, float, float, at::native::binary_internal::DivFunctor<float>>>(at::TensorIteratorBase &, const T1 &)::[lambda(int) (instance 1)]>(int, T3)"
PyTorch:BasicsTransformerLM.layers.11.attn,PushPop,30,30,12,12,157663,13138.6,13151.5,13088,13184,31.8,"void at::native::reduce_kernel<(int)512, (int)1, at::native::ReduceOp<float, at::native::MaxOps<float>, unsigned int, float, (int)4, (int)4>>(T3)"
PyTorch:BasicsTransformerLM.layers.11.attn,PushPop,30,30,12,12,157344,13112.0,13120.0,12960,13248,85.3,"void at::native::elementwise_kernel<(int)128, (int)2, void at::native::gpu_kernel_impl_nocast<at::native::<unnamed>::where_kernel_impl(at::TensorIterator &)::[lambda() (instance 1)]::operator ()() const::[lambda() (instance 11)]::operator ()() const::[lambda(bool, float, float) (instance 1)]>(at::TensorIteratorBase &, const T1 &)::[lambda(int) (instance 1)]>(int, T3)"
PyTorch:BasicsTransformerLM.layers.11.attn,PushPop,30,30,12,12,152831,12735.9,12735.5,12576,12896,77.2,"void at::native::elementwise_kernel<(int)128, (int)2, void at::native::gpu_kernel_impl_nocast<at::native::CUDAFunctor_add<float>>(at::TensorIteratorBase &, const T1 &)::[lambda(int) (instance 1)]>(int, T3)"
PyTorch:BasicsTransformerLM.layers.11.attn,PushPop,30,30,12,24,134751,5614.6,5552.0,4608,6784,976.3,"void at::native::elementwise_kernel<(int)128, (int)2, void at::native::gpu_kernel_impl_nocast<at::native::direct_copy_kernel_cuda(at::TensorIteratorBase &)::[lambda() (instance 3)]::operator ()() const::[lambda() (instance 7)]::operator ()() const::[lambda(float) (instance 1)]>(at::TensorIteratorBase &, const T1 &)::[lambda(int) (instance 1)]>(int, T3)"
PyTorch:BasicsTransformerLM.layers.11.attn,PushPop,30,30,12,48,99616,2075.3,2048.0,1952,2272,74.1,"void at::native::vectorized_elementwise_kernel<(int)4, at::native::CUDAFunctor_add<float>, std::array<char *, (unsigned long)3>>(int, T2, T3)"
PyTorch:BasicsTransformerLM.layers.11.attn,PushPop,30,30,12,12,84544,7045.3,7040.0,6944,7232,75.8,"void at::native::reduce_kernel<(int)512, (int)1, at::native::ReduceOp<float, at::native::func_wrapper_t<float, at::native::sum_functor<float, float, float>::operator ()(at::TensorIterator &)::[lambda(float, float) (instance 1)]>, unsigned int, float, (int)4, (int)4>>(T3)"
PyTorch:BasicsTransformerLM.layers.11.attn,PushPop,30,30,12,12,62815,5234.6,5151.5,5056,5536,171.3,"void at::native::vectorized_elementwise_kernel<(int)4, at::native::exp_kernel_cuda(at::TensorIteratorBase &)::[lambda() (instance 2)]::operator ()() const::[lambda() (instance 2)]::operator ()() const::[lambda(float) (instance 1)], std::array<char *, (unsigned long)2>>(int, T2, T3)"
PyTorch:BasicsTransformerLM.layers.11.attn,PushPop,30,30,12,12,62112,5176.0,5120.0,4928,5504,193.0,"void at::native::vectorized_elementwise_kernel<(int)4, at::native::BUnaryFunctor<float, float, float, at::native::binary_internal::MulFunctor<float>>, std::array<char *, (unsigned long)2>>(int, T2, T3)"
PyTorch:BasicsTransformerLM.layers.11.attn,PushPop,30,30,12,12,30688,2557.3,2560.0,2528,2624,31.9,"void at::native::elementwise_kernel<(int)128, (int)4, void at::native::gpu_kernel_impl_nocast<at::native::<unnamed>::CompareFunctor<long>>(at::TensorIteratorBase &, const T1 &)::[lambda(int) (instance 1)]>(int, T3)"
PyTorch:BasicsTransformerLM.layers.11.attn,PushPop,30,30,12,12,12704,1058.7,992.0,960,1408,129.8,"void <unnamed>::elementwise_kernel_with_index<int, at::native::arange_cuda_out(const c10::Scalar &, const c10::Scalar &, const c10::Scalar &, at::Tensor &)::[lambda() (instance 1)]::operator ()() const::[lambda() (instance 4)]::operator ()() const::[lambda(long) (instance 1)]>(T1, T2, function_traits<T2>::result_type *)"
PyTorch:BasicsTransformerLM.layers.11.attn,PushPop,30,30,12,12,12480,1040.0,1088.0,928,1184,102.6,"void at::native::vectorized_elementwise_kernel<(int)4, at::native::FillFunctor<float>, std::array<char *, (unsigned long)1>>(int, T2, T3)"
PyTorch:BasicsTransformerLM.layers.11.attn.k_proj,PushPop,30,30,12,12,1126686,93890.5,93823.5,93344,95072,482.9,cutlass3x_sm100_simt_sgemm_f32_f32_f32_f32_f32_64x32x16_1x1x1_3_tnn_align1_bias_f32_relu
PyTorch:BasicsTransformerLM.layers.11.attn.output_proj,PushPop,30,30,12,12,1134810,94567.5,94287.0,94111,97408,910.4,cutlass3x_sm100_simt_sgemm_f32_f32_f32_f32_f32_64x32x16_1x1x1_3_tnn_align1_bias_f32_relu
PyTorch:BasicsTransformerLM.layers.11.attn.q_proj,PushPop,30,30,12,12,1126205,93850.4,93712.0,93568,95104,410.7,cutlass3x_sm100_simt_sgemm_f32_f32_f32_f32_f32_64x32x16_1x1x1_3_tnn_align1_bias_f32_relu
PyTorch:BasicsTransformerLM.layers.11.attn.v_proj,PushPop,30,30,12,12,1124506,93708.8,93631.5,93408,94687,334.6,cutlass3x_sm100_simt_sgemm_f32_f32_f32_f32_f32_64x32x16_1x1x1_3_tnn_align1_bias_f32_relu
PyTorch:BasicsTransformerLM.layers.11.ffn,PushPop,30,30,12,24,7517544,313231.0,312479.0,311903,322527,2728.9,cutlass3x_sm100_simt_sgemm_f32_f32_f32_f32_f32_64x128x16_1x1x1_3_tnn_align1_bias_f32_relu
PyTorch:BasicsTransformerLM.layers.11.ffn,PushPop,30,30,12,12,4332944,361078.7,360302.5,359614,368159,2328.3,cutlass3x_sm100_simt_sgemm_f32_f32_f32_f32_f32_64x32x16_1x1x1_3_tnn_align1_bias_f32_relu
PyTorch:BasicsTransformerLM.layers.11.ffn,PushPop,30,30,12,24,154208,6425.3,6576.0,5536,7520,714.4,"void at::native::vectorized_elementwise_kernel<(int)4, at::native::BinaryFunctor<float, float, float, at::native::binary_internal::MulFunctor<float>>, std::array<char *, (unsigned long)3>>(int, T2, T3)"
PyTorch:BasicsTransformerLM.layers.11.ffn,PushPop,30,30,12,12,70623,5885.3,5808.0,5695,6400,245.9,"void at::native::vectorized_elementwise_kernel<(int)4, at::native::sigmoid_kernel_cuda(at::TensorIteratorBase &)::[lambda() (instance 2)]::operator ()() const::[lambda() (instance 2)]::operator ()() const::[lambda(float) (instance 1)], std::array<char *, (unsigned long)2>>(int, T2, T3)"
PyTorch:BasicsTransformerLM.layers.11.ffn.w1,PushPop,30,30,12,12,3761332,313444.3,312575.0,312319,322527,2870.3,cutlass3x_sm100_simt_sgemm_f32_f32_f32_f32_f32_64x128x16_1x1x1_3_tnn_align1_bias_f32_relu
PyTorch:BasicsTransformerLM.layers.11.ffn.w2,PushPop,30,30,12,12,4332944,361078.7,360302.5,359614,368159,2328.3,cutlass3x_sm100_simt_sgemm_f32_f32_f32_f32_f32_64x32x16_1x1x1_3_tnn_align1_bias_f32_relu
PyTorch:BasicsTransformerLM.layers.11.ffn.w3,PushPop,30,30,12,12,3756212,313017.7,312207.0,311903,321503,2689.4,cutlass3x_sm100_simt_sgemm_f32_f32_f32_f32_f32_64x128x16_1x1x1_3_tnn_align1_bias_f32_relu
PyTorch:BasicsTransformerLM.layers.11.ln1,PushPop,30,30,12,24,112703,4696.0,4688.0,4608,4832,54.4,"void at::native::elementwise_kernel<(int)128, (int)2, void at::native::gpu_kernel_impl_nocast<at::native::BinaryFunctor<float, float, float, at::native::binary_internal::MulFunctor<float>>>(at::TensorIteratorBase &, const T1 &)::[lambda(int) (instance 1)]>(int, T3)"
PyTorch:BasicsTransformerLM.layers.11.ln1,PushPop,30,30,12,12,72832,6069.3,6064.0,6016,6144,39.4,"void at::native::reduce_kernel<(int)512, (int)1, at::native::ReduceOp<float, at::native::MeanOps<float, float, float, float>, unsigned int, float, (int)4, (int)4>>(T3)"
PyTorch:BasicsTransformerLM.layers.11.ln1,PushPop,30,30,12,12,29408,2450.7,2464.0,2336,2528,63.2,"void at::native::vectorized_elementwise_kernel<(int)4, void at::native::<unnamed>::pow_tensor_scalar_kernel_impl<float, float>(at::TensorIteratorBase &, T2)::[lambda(float) (instance 1)], std::array<char *, (unsigned long)2>>(int, T2, T3)"
PyTorch:BasicsTransformerLM.layers.11.ln1,PushPop,30,30,12,12,18752,1562.7,1568.0,1344,1760,100.1,"void at::native::vectorized_elementwise_kernel<(int)4, at::native::CUDAFunctorOnSelf_add<float>, std::array<char *, (unsigned long)2>>(int, T2, T3)"
PyTorch:BasicsTransformerLM.layers.11.ln1,PushPop,30,30,12,12,17823,1485.3,1471.5,1440,1664,67.5,"void at::native::vectorized_elementwise_kernel<(int)4, at::native::rsqrt_kernel_cuda(at::TensorIteratorBase &)::[lambda() (instance 2)]::operator ()() const::[lambda() (instance 2)]::operator ()() const::[lambda(float) (instance 1)], std::array<char *, (unsigned long)2>>(int, T2, T3)"
PyTorch:BasicsTransformerLM.layers.11.ln2,PushPop,30,30,12,24,113376,4724.0,4704.0,4576,4960,80.5,"void at::native::elementwise_kernel<(int)128, (int)2, void at::native::gpu_kernel_impl_nocast<at::native::BinaryFunctor<float, float, float, at::native::binary_internal::MulFunctor<float>>>(at::TensorIteratorBase &, const T1 &)::[lambda(int) (instance 1)]>(int, T3)"
PyTorch:BasicsTransformerLM.layers.11.ln2,PushPop,30,30,12,12,72864,6072.0,6080.0,5984,6176,51.3,"void at::native::reduce_kernel<(int)512, (int)1, at::native::ReduceOp<float, at::native::MeanOps<float, float, float, float>, unsigned int, float, (int)4, (int)4>>(T3)"
PyTorch:BasicsTransformerLM.layers.11.ln2,PushPop,30,30,12,12,28736,2394.7,2384.0,2336,2464,38.2,"void at::native::vectorized_elementwise_kernel<(int)4, void at::native::<unnamed>::pow_tensor_scalar_kernel_impl<float, float>(at::TensorIteratorBase &, T2)::[lambda(float) (instance 1)], std::array<char *, (unsigned long)2>>(int, T2, T3)"
PyTorch:BasicsTransformerLM.layers.11.ln2,PushPop,30,30,12,12,17888,1490.7,1472.0,1344,1696,98.8,"void at::native::vectorized_elementwise_kernel<(int)4, at::native::rsqrt_kernel_cuda(at::TensorIteratorBase &)::[lambda() (instance 2)]::operator ()() const::[lambda() (instance 2)]::operator ()() const::[lambda(float) (instance 1)], std::array<char *, (unsigned long)2>>(int, T2, T3)"
PyTorch:BasicsTransformerLM.layers.11.ln2,PushPop,30,30,12,12,17760,1480.0,1536.0,1216,1728,164.4,"void at::native::vectorized_elementwise_kernel<(int)4, at::native::CUDAFunctorOnSelf_add<float>, std::array<char *, (unsigned long)2>>(int, T2, T3)"
PyTorch:BasicsTransformerLM.layers.12,PushPop,30,30,12,60,8847263,147454.4,93904.0,93279,367807,107746.4,cutlass3x_sm100_simt_sgemm_f32_f32_f32_f32_f32_64x32x16_1x1x1_3_tnn_align1_bias_f32_relu
PyTorch:BasicsTransformerLM.layers.12,PushPop,30,30,12,24,7518920,313288.3,312543.0,311903,322079,2513.3,cutlass3x_sm100_simt_sgemm_f32_f32_f32_f32_f32_64x128x16_1x1x1_3_tnn_align1_bias_f32_relu
PyTorch:BasicsTransformerLM.layers.12,PushPop,30,30,12,144,549822,3818.2,3472.0,3072,5088,649.7,"void at::native::elementwise_kernel<(int)128, (int)2, void at::native::gpu_kernel_impl_nocast<at::native::BinaryFunctor<float, float, float, at::native::binary_internal::MulFunctor<float>>>(at::TensorIteratorBase &, const T1 &)::[lambda(int) (instance 1)]>(int, T3)"
PyTorch:BasicsTransformerLM.layers.12,PushPop,30,30,12,12,323423,26951.9,26880.0,26783,27360,186.2,cutlass3x_sm100_simt_sgemm_f32_f32_f32_f32_f32_128x64x16_1x1x1_3_tnn_align1_bias_f32_relu
PyTorch:BasicsTransformerLM.layers.12,PushPop,30,30,12,12,254495,21207.9,21152.0,21088,21792,193.0,cutlass3x_sm100_simt_sgemm_f32_f32_f32_f32_f32_64x32x16_1x1x1_3_nnn_align1_bias_f32_relu
PyTorch:BasicsTransformerLM.layers.12,PushPop,30,30,12,24,217536,9064.0,9040.0,8896,9312,92.1,"void at::native::<unnamed>::CatArrayBatchedCopy<at::native::<unnamed>::OpaqueType<(unsigned int)4>, unsigned int, (int)4, (int)64, (int)64>(T1 *, at::native::<unnamed>::CatArrInputTensorMetadata<T1, T2, T4, T5>, at::native::<unnamed>::TensorSizeStride<T2, (unsigned int)4>, int, T2)"
PyTorch:BasicsTransformerLM.layers.12,PushPop,30,30,12,12,183391,15282.6,15232.0,15136,15648,151.7,"void at::native::elementwise_kernel<(int)128, (int)2, void at::native::gpu_kernel_impl_nocast<at::native::BinaryFunctor<float, float, float, at::native::binary_internal::DivFunctor<float>>>(at::TensorIteratorBase &, const T1 &)::[lambda(int) (instance 1)]>(int, T3)"
PyTorch:BasicsTransformerLM.layers.12,PushPop,30,30,12,72,182431,2533.8,2208.0,2016,3520,564.6,"void at::native::vectorized_elementwise_kernel<(int)4, at::native::CUDAFunctor_add<float>, std::array<char *, (unsigned long)3>>(int, T2, T3)"
PyTorch:BasicsTransformerLM.layers.12,PushPop,30,30,12,12,159232,13269.3,13168.0,13024,14528,403.7,"void at::native::reduce_kernel<(int)512, (int)1, at::native::ReduceOp<float, at::native::MaxOps<float>, unsigned int, float, (int)4, (int)4>>(T3)"
PyTorch:BasicsTransformerLM.layers.12,PushPop,30,30,12,12,157472,13122.7,13152.0,12896,13312,136.1,"void at::native::elementwise_kernel<(int)128, (int)2, void at::native::gpu_kernel_impl_nocast<at::native::<unnamed>::where_kernel_impl(at::TensorIterator &)::[lambda() (instance 1)]::operator ()() const::[lambda() (instance 11)]::operator ()() const::[lambda(bool, float, float) (instance 1)]>(at::TensorIteratorBase &, const T1 &)::[lambda(int) (instance 1)]>(int, T3)"
PyTorch:BasicsTransformerLM.layers.12,PushPop,30,30,12,24,154911,6454.6,6592.0,5536,7360,771.3,"void at::native::vectorized_elementwise_kernel<(int)4, at::native::BinaryFunctor<float, float, float, at::native::binary_internal::MulFunctor<float>>, std::array<char *, (unsigned long)3>>(int, T2, T3)"
PyTorch:BasicsTransformerLM.layers.12,PushPop,30,30,12,12,152992,12749.3,12736.0,12672,12864,63.2,"void at::native::elementwise_kernel<(int)128, (int)2, void at::native::gpu_kernel_impl_nocast<at::native::CUDAFunctor_add<float>>(at::TensorIteratorBase &, const T1 &)::[lambda(int) (instance 1)]>(int, T3)"
PyTorch:BasicsTransformerLM.layers.12,PushPop,30,30,12,24,145280,6053.3,6064.0,5952,6176,63.1,"void at::native::reduce_kernel<(int)512, (int)1, at::native::ReduceOp<float, at::native::MeanOps<float, float, float, float>, unsigned int, float, (int)4, (int)4>>(T3)"
PyTorch:BasicsTransformerLM.layers.12,PushPop,30,30,12,24,134112,5588.0,5536.0,4576,6912,989.8,"void at::native::elementwise_kernel<(int)128, (int)2, void at::native::gpu_kernel_impl_nocast<at::native::direct_copy_kernel_cuda(at::TensorIteratorBase &)::[lambda() (instance 3)]::operator ()() const::[lambda() (instance 7)]::operator ()() const::[lambda(float) (instance 1)]>(at::TensorIteratorBase &, const T1 &)::[lambda(int) (instance 1)]>(int, T3)"
PyTorch:BasicsTransformerLM.layers.12,PushPop,30,30,12,12,85119,7093.3,7088.0,6944,7264,82.3,"void at::native::reduce_kernel<(int)512, (int)1, at::native::ReduceOp<float, at::native::func_wrapper_t<float, at::native::sum_functor<float, float, float>::operator ()(at::TensorIterator &)::[lambda(float, float) (instance 1)]>, unsigned int, float, (int)4, (int)4>>(T3)"
PyTorch:BasicsTransformerLM.layers.12,PushPop,30,30,12,12,71232,5936.0,5840.0,5728,6336,246.6,"void at::native::vectorized_elementwise_kernel<(int)4, at::native::sigmoid_kernel_cuda(at::TensorIteratorBase &)::[lambda() (instance 2)]::operator ()() const::[lambda() (instance 2)]::operator ()() const::[lambda(float) (instance 1)], std::array<char *, (unsigned long)2>>(int, T2, T3)"
PyTorch:BasicsTransformerLM.layers.12,PushPop,30,30,12,12,63296,5274.7,5216.0,5024,5792,217.8,"void at::native::vectorized_elementwise_kernel<(int)4, at::native::exp_kernel_cuda(at::TensorIteratorBase &)::[lambda() (instance 2)]::operator ()() const::[lambda() (instance 2)]::operator ()() const::[lambda(float) (instance 1)], std::array<char *, (unsigned long)2>>(int, T2, T3)"
PyTorch:BasicsTransformerLM.layers.12,PushPop,30,30,12,12,61312,5109.3,4992.0,4928,5536,243.8,"void at::native::vectorized_elementwise_kernel<(int)4, at::native::BUnaryFunctor<float, float, float, at::native::binary_internal::MulFunctor<float>>, std::array<char *, (unsigned long)2>>(int, T2, T3)"
PyTorch:BasicsTransformerLM.layers.12,PushPop,30,30,12,24,58464,2436.0,2432.0,2304,2656,90.7,"void at::native::vectorized_elementwise_kernel<(int)4, void at::native::<unnamed>::pow_tensor_scalar_kernel_impl<float, float>(at::TensorIteratorBase &, T2)::[lambda(float) (instance 1)], std::array<char *, (unsigned long)2>>(int, T2, T3)"
PyTorch:BasicsTransformerLM.layers.12,PushPop,30,30,12,24,36576,1524.0,1536.0,1312,1728,91.4,"void at::native::vectorized_elementwise_kernel<(int)4, at::native::CUDAFunctorOnSelf_add<float>, std::array<char *, (unsigned long)2>>(int, T2, T3)"
PyTorch:BasicsTransformerLM.layers.12,PushPop,30,30,12,24,35840,1493.3,1472.0,1408,1664,66.5,"void at::native::vectorized_elementwise_kernel<(int)4, at::native::rsqrt_kernel_cuda(at::TensorIteratorBase &)::[lambda() (instance 2)]::operator ()() const::[lambda() (instance 2)]::operator ()() const::[lambda(float) (instance 1)], std::array<char *, (unsigned long)2>>(int, T2, T3)"
PyTorch:BasicsTransformerLM.layers.12,PushPop,30,30,12,12,31680,2640.0,2624.0,2400,3232,211.2,"void at::native::elementwise_kernel<(int)128, (int)4, void at::native::gpu_kernel_impl_nocast<at::native::<unnamed>::CompareFunctor<long>>(at::TensorIteratorBase &, const T1 &)::[lambda(int) (instance 1)]>(int, T3)"
PyTorch:BasicsTransformerLM.layers.12,PushPop,30,30,12,12,12928,1077.3,1088.0,960,1376,116.8,"void at::native::vectorized_elementwise_kernel<(int)4, at::native::FillFunctor<float>, std::array<char *, (unsigned long)1>>(int, T2, T3)"
PyTorch:BasicsTransformerLM.layers.12,PushPop,30,30,12,12,12800,1066.7,992.0,960,1312,117.6,"void <unnamed>::elementwise_kernel_with_index<int, at::native::arange_cuda_out(const c10::Scalar &, const c10::Scalar &, const c10::Scalar &, at::Tensor &)::[lambda() (instance 1)]::operator ()() const::[lambda() (instance 4)]::operator ()() const::[lambda(long) (instance 1)]>(T1, T2, function_traits<T2>::result_type *)"
PyTorch:BasicsTransformerLM.layers.12.attn,PushPop,30,30,12,48,4513679,94035.0,93824.0,93279,97600,720.1,cutlass3x_sm100_simt_sgemm_f32_f32_f32_f32_f32_64x32x16_1x1x1_3_tnn_align1_bias_f32_relu
PyTorch:BasicsTransformerLM.layers.12.attn,PushPop,30,30,12,96,323871,3373.7,3424.0,3072,3872,173.4,"void at::native::elementwise_kernel<(int)128, (int)2, void at::native::gpu_kernel_impl_nocast<at::native::BinaryFunctor<float, float, float, at::native::binary_internal::MulFunctor<float>>>(at::TensorIteratorBase &, const T1 &)::[lambda(int) (instance 1)]>(int, T3)"
PyTorch:BasicsTransformerLM.layers.12.attn,PushPop,30,30,12,12,323423,26951.9,26880.0,26783,27360,186.2,cutlass3x_sm100_simt_sgemm_f32_f32_f32_f32_f32_128x64x16_1x1x1_3_tnn_align1_bias_f32_relu
PyTorch:BasicsTransformerLM.layers.12.attn,PushPop,30,30,12,12,254495,21207.9,21152.0,21088,21792,193.0,cutlass3x_sm100_simt_sgemm_f32_f32_f32_f32_f32_64x32x16_1x1x1_3_nnn_align1_bias_f32_relu
PyTorch:BasicsTransformerLM.layers.12.attn,PushPop,30,30,12,24,217536,9064.0,9040.0,8896,9312,92.1,"void at::native::<unnamed>::CatArrayBatchedCopy<at::native::<unnamed>::OpaqueType<(unsigned int)4>, unsigned int, (int)4, (int)64, (int)64>(T1 *, at::native::<unnamed>::CatArrInputTensorMetadata<T1, T2, T4, T5>, at::native::<unnamed>::TensorSizeStride<T2, (unsigned int)4>, int, T2)"
PyTorch:BasicsTransformerLM.layers.12.attn,PushPop,30,30,12,12,183391,15282.6,15232.0,15136,15648,151.7,"void at::native::elementwise_kernel<(int)128, (int)2, void at::native::gpu_kernel_impl_nocast<at::native::BinaryFunctor<float, float, float, at::native::binary_internal::DivFunctor<float>>>(at::TensorIteratorBase &, const T1 &)::[lambda(int) (instance 1)]>(int, T3)"
PyTorch:BasicsTransformerLM.layers.12.attn,PushPop,30,30,12,12,159232,13269.3,13168.0,13024,14528,403.7,"void at::native::reduce_kernel<(int)512, (int)1, at::native::ReduceOp<float, at::native::MaxOps<float>, unsigned int, float, (int)4, (int)4>>(T3)"
PyTorch:BasicsTransformerLM.layers.12.attn,PushPop,30,30,12,12,157472,13122.7,13152.0,12896,13312,136.1,"void at::native::elementwise_kernel<(int)128, (int)2, void at::native::gpu_kernel_impl_nocast<at::native::<unnamed>::where_kernel_impl(at::TensorIterator &)::[lambda() (instance 1)]::operator ()() const::[lambda() (instance 11)]::operator ()() const::[lambda(bool, float, float) (instance 1)]>(at::TensorIteratorBase &, const T1 &)::[lambda(int) (instance 1)]>(int, T3)"
PyTorch:BasicsTransformerLM.layers.12.attn,PushPop,30,30,12,12,152992,12749.3,12736.0,12672,12864,63.2,"void at::native::elementwise_kernel<(int)128, (int)2, void at::native::gpu_kernel_impl_nocast<at::native::CUDAFunctor_add<float>>(at::TensorIteratorBase &, const T1 &)::[lambda(int) (instance 1)]>(int, T3)"
PyTorch:BasicsTransformerLM.layers.12.attn,PushPop,30,30,12,24,134112,5588.0,5536.0,4576,6912,989.8,"void at::native::elementwise_kernel<(int)128, (int)2, void at::native::gpu_kernel_impl_nocast<at::native::direct_copy_kernel_cuda(at::TensorIteratorBase &)::[lambda() (instance 3)]::operator ()() const::[lambda() (instance 7)]::operator ()() const::[lambda(float) (instance 1)]>(at::TensorIteratorBase &, const T1 &)::[lambda(int) (instance 1)]>(int, T3)"
PyTorch:BasicsTransformerLM.layers.12.attn,PushPop,30,30,12,48,102752,2140.7,2144.0,2016,2272,65.1,"void at::native::vectorized_elementwise_kernel<(int)4, at::native::CUDAFunctor_add<float>, std::array<char *, (unsigned long)3>>(int, T2, T3)"
PyTorch:BasicsTransformerLM.layers.12.attn,PushPop,30,30,12,12,85119,7093.3,7088.0,6944,7264,82.3,"void at::native::reduce_kernel<(int)512, (int)1, at::native::ReduceOp<float, at::native::func_wrapper_t<float, at::native::sum_functor<float, float, float>::operator ()(at::TensorIterator &)::[lambda(float, float) (instance 1)]>, unsigned int, float, (int)4, (int)4>>(T3)"
PyTorch:BasicsTransformerLM.layers.12.attn,PushPop,30,30,12,12,63296,5274.7,5216.0,5024,5792,217.8,"void at::native::vectorized_elementwise_kernel<(int)4, at::native::exp_kernel_cuda(at::TensorIteratorBase &)::[lambda() (instance 2)]::operator ()() const::[lambda() (instance 2)]::operator ()() const::[lambda(float) (instance 1)], std::array<char *, (unsigned long)2>>(int, T2, T3)"
PyTorch:BasicsTransformerLM.layers.12.attn,PushPop,30,30,12,12,61312,5109.3,4992.0,4928,5536,243.8,"void at::native::vectorized_elementwise_kernel<(int)4, at::native::BUnaryFunctor<float, float, float, at::native::binary_internal::MulFunctor<float>>, std::array<char *, (unsigned long)2>>(int, T2, T3)"
PyTorch:BasicsTransformerLM.layers.12.attn,PushPop,30,30,12,12,31680,2640.0,2624.0,2400,3232,211.2,"void at::native::elementwise_kernel<(int)128, (int)4, void at::native::gpu_kernel_impl_nocast<at::native::<unnamed>::CompareFunctor<long>>(at::TensorIteratorBase &, const T1 &)::[lambda(int) (instance 1)]>(int, T3)"
PyTorch:BasicsTransformerLM.layers.12.attn,PushPop,30,30,12,12,12928,1077.3,1088.0,960,1376,116.8,"void at::native::vectorized_elementwise_kernel<(int)4, at::native::FillFunctor<float>, std::array<char *, (unsigned long)1>>(int, T2, T3)"
PyTorch:BasicsTransformerLM.layers.12.attn,PushPop,30,30,12,12,12800,1066.7,992.0,960,1312,117.6,"void <unnamed>::elementwise_kernel_with_index<int, at::native::arange_cuda_out(const c10::Scalar &, const c10::Scalar &, const c10::Scalar &, at::Tensor &)::[lambda() (instance 1)]::operator ()() const::[lambda() (instance 4)]::operator ()() const::[lambda(long) (instance 1)]>(T1, T2, function_traits<T2>::result_type *)"
PyTorch:BasicsTransformerLM.layers.12.attn.k_proj,PushPop,30,30,12,12,1126047,93837.3,93776.0,93440,94624,283.8,cutlass3x_sm100_simt_sgemm_f32_f32_f32_f32_f32_64x32x16_1x1x1_3_tnn_align1_bias_f32_relu
PyTorch:BasicsTransformerLM.layers.12.attn.output_proj,PushPop,30,30,12,12,1136059,94671.6,94335.0,94048,97600,960.7,cutlass3x_sm100_simt_sgemm_f32_f32_f32_f32_f32_64x32x16_1x1x1_3_tnn_align1_bias_f32_relu
PyTorch:BasicsTransformerLM.layers.12.attn.q_proj,PushPop,30,30,12,12,1126106,93842.2,93616.0,93279,95775,706.2,cutlass3x_sm100_simt_sgemm_f32_f32_f32_f32_f32_64x32x16_1x1x1_3_tnn_align1_bias_f32_relu
PyTorch:BasicsTransformerLM.layers.12.attn.v_proj,PushPop,30,30,12,12,1125467,93788.9,93695.0,93503,94784,349.0,cutlass3x_sm100_simt_sgemm_f32_f32_f32_f32_f32_64x32x16_1x1x1_3_tnn_align1_bias_f32_relu
PyTorch:BasicsTransformerLM.layers.12.ffn,PushPop,30,30,12,24,7518920,313288.3,312543.0,311903,322079,2513.3,cutlass3x_sm100_simt_sgemm_f32_f32_f32_f32_f32_64x128x16_1x1x1_3_tnn_align1_bias_f32_relu
PyTorch:BasicsTransformerLM.layers.12.ffn,PushPop,30,30,12,12,4333584,361132.0,360558.5,359806,367807,2163.7,cutlass3x_sm100_simt_sgemm_f32_f32_f32_f32_f32_64x32x16_1x1x1_3_tnn_align1_bias_f32_relu
PyTorch:BasicsTransformerLM.layers.12.ffn,PushPop,30,30,12,24,154911,6454.6,6592.0,5536,7360,771.3,"void at::native::vectorized_elementwise_kernel<(int)4, at::native::BinaryFunctor<float, float, float, at::native::binary_internal::MulFunctor<float>>, std::array<char *, (unsigned long)3>>(int, T2, T3)"
PyTorch:BasicsTransformerLM.layers.12.ffn,PushPop,30,30,12,12,71232,5936.0,5840.0,5728,6336,246.6,"void at::native::vectorized_elementwise_kernel<(int)4, at::native::sigmoid_kernel_cuda(at::TensorIteratorBase &)::[lambda() (instance 2)]::operator ()() const::[lambda() (instance 2)]::operator ()() const::[lambda(float) (instance 1)], std::array<char *, (unsigned long)2>>(int, T2, T3)"
PyTorch:BasicsTransformerLM.layers.12.ffn.w1,PushPop,30,30,12,12,3761524,313460.3,312591.0,312319,322079,2737.5,cutlass3x_sm100_simt_sgemm_f32_f32_f32_f32_f32_64x128x16_1x1x1_3_tnn_align1_bias_f32_relu
PyTorch:BasicsTransformerLM.layers.12.ffn.w2,PushPop,30,30,12,12,4333584,361132.0,360558.5,359806,367807,2163.7,cutlass3x_sm100_simt_sgemm_f32_f32_f32_f32_f32_64x32x16_1x1x1_3_tnn_align1_bias_f32_relu
PyTorch:BasicsTransformerLM.layers.12.ffn.w3,PushPop,30,30,12,12,3757396,313116.3,312447.0,311903,320543,2376.7,cutlass3x_sm100_simt_sgemm_f32_f32_f32_f32_f32_64x128x16_1x1x1_3_tnn_align1_bias_f32_relu
PyTorch:BasicsTransformerLM.layers.12.ln1,PushPop,30,30,12,24,113056,4710.7,4704.0,4576,5088,105.9,"void at::native::elementwise_kernel<(int)128, (int)2, void at::native::gpu_kernel_impl_nocast<at::native::BinaryFunctor<float, float, float, at::native::binary_internal::MulFunctor<float>>>(at::TensorIteratorBase &, const T1 &)::[lambda(int) (instance 1)]>(int, T3)"
PyTorch:BasicsTransformerLM.layers.12.ln1,PushPop,30,30,12,12,72544,6045.3,6016.0,5952,6176,80.1,"void at::native::reduce_kernel<(int)512, (int)1, at::native::ReduceOp<float, at::native::MeanOps<float, float, float, float>, unsigned int, float, (int)4, (int)4>>(T3)"
PyTorch:BasicsTransformerLM.layers.12.ln1,PushPop,30,30,12,12,29216,2434.7,2416.0,2304,2656,120.1,"void at::native::vectorized_elementwise_kernel<(int)4, void at::native::<unnamed>::pow_tensor_scalar_kernel_impl<float, float>(at::TensorIteratorBase &, T2)::[lambda(float) (instance 1)], std::array<char *, (unsigned long)2>>(int, T2, T3)"
PyTorch:BasicsTransformerLM.layers.12.ln1,PushPop,30,30,12,12,18656,1554.7,1536.0,1440,1728,67.5,"void at::native::vectorized_elementwise_kernel<(int)4, at::native::CUDAFunctorOnSelf_add<float>, std::array<char *, (unsigned long)2>>(int, T2, T3)"
PyTorch:BasicsTransformerLM.layers.12.ln1,PushPop,30,30,12,12,18208,1517.3,1488.0,1408,1664,76.5,"void at::native::vectorized_elementwise_kernel<(int)4, at::native::rsqrt_kernel_cuda(at::TensorIteratorBase &)::[lambda() (instance 2)]::operator ()() const::[lambda() (instance 2)]::operator ()() const::[lambda(float) (instance 1)], std::array<char *, (unsigned long)2>>(int, T2, T3)"
PyTorch:BasicsTransformerLM.layers.12.ln2,PushPop,30,30,12,24,112895,4704.0,4656.0,4543,5024,119.0,"void at::native::elementwise_kernel<(int)128, (int)2, void at::native::gpu_kernel_impl_nocast<at::native::BinaryFunctor<float, float, float, at::native::binary_internal::MulFunctor<float>>>(at::TensorIteratorBase &, const T1 &)::[lambda(int) (instance 1)]>(int, T3)"
PyTorch:BasicsTransformerLM.layers.12.ln2,PushPop,30,30,12,12,72736,6061.3,6080.0,5952,6112,42.0,"void at::native::reduce_kernel<(int)512, (int)1, at::native::ReduceOp<float, at::native::MeanOps<float, float, float, float>, unsigned int, float, (int)4, (int)4>>(T3)"
PyTorch:BasicsTransformerLM.layers.12.ln2,PushPop,30,30,12,12,29248,2437.3,2432.0,2336,2528,52.6,"void at::native::vectorized_elementwise_kernel<(int)4, void at::native::<unnamed>::pow_tensor_scalar_kernel_impl<float, float>(at::TensorIteratorBase &, T2)::[lambda(float) (instance 1)], std::array<char *, (unsigned long)2>>(int, T2, T3)"
PyTorch:BasicsTransformerLM.layers.12.ln2,PushPop,30,30,12,12,17920,1493.3,1536.0,1312,1664,104.2,"void at::native::vectorized_elementwise_kernel<(int)4, at::native::CUDAFunctorOnSelf_add<float>, std::array<char *, (unsigned long)2>>(int, T2, T3)"
PyTorch:BasicsTransformerLM.layers.12.ln2,PushPop,30,30,12,12,17632,1469.3,1456.0,1440,1600,46.2,"void at::native::vectorized_elementwise_kernel<(int)4, at::native::rsqrt_kernel_cuda(at::TensorIteratorBase &)::[lambda() (instance 2)]::operator ()() const::[lambda() (instance 2)]::operator ()() const::[lambda(float) (instance 1)], std::array<char *, (unsigned long)2>>(int, T2, T3)"
PyTorch:BasicsTransformerLM.layers.13,PushPop,30,30,12,60,8853760,147562.7,94015.5,93439,370719,107832.2,cutlass3x_sm100_simt_sgemm_f32_f32_f32_f32_f32_64x32x16_1x1x1_3_tnn_align1_bias_f32_relu
PyTorch:BasicsTransformerLM.layers.13,PushPop,30,30,12,24,7523655,313485.6,312431.0,311903,324543,3344.6,cutlass3x_sm100_simt_sgemm_f32_f32_f32_f32_f32_64x128x16_1x1x1_3_tnn_align1_bias_f32_relu
PyTorch:BasicsTransformerLM.layers.13,PushPop,30,30,12,144,554494,3850.7,3488.0,3072,5184,635.0,"void at::native::elementwise_kernel<(int)128, (int)2, void at::native::gpu_kernel_impl_nocast<at::native::BinaryFunctor<float, float, float, at::native::binary_internal::MulFunctor<float>>>(at::TensorIteratorBase &, const T1 &)::[lambda(int) (instance 1)]>(int, T3)"
PyTorch:BasicsTransformerLM.layers.13,PushPop,30,30,12,12,319679,26639.9,26800.0,24736,26880,601.2,cutlass3x_sm100_simt_sgemm_f32_f32_f32_f32_f32_128x64x16_1x1x1_3_tnn_align1_bias_f32_relu
PyTorch:BasicsTransformerLM.layers.13,PushPop,30,30,12,12,253470,21122.5,21055.5,20960,22079,303.8,cutlass3x_sm100_simt_sgemm_f32_f32_f32_f32_f32_64x32x16_1x1x1_3_nnn_align1_bias_f32_relu
PyTorch:BasicsTransformerLM.layers.13,PushPop,30,30,12,24,216768,9032.0,9040.0,8800,9280,150.2,"void at::native::<unnamed>::CatArrayBatchedCopy<at::native::<unnamed>::OpaqueType<(unsigned int)4>, unsigned int, (int)4, (int)64, (int)64>(T1 *, at::native::<unnamed>::CatArrInputTensorMetadata<T1, T2, T4, T5>, at::native::<unnamed>::TensorSizeStride<T2, (unsigned int)4>, int, T2)"
PyTorch:BasicsTransformerLM.layers.13,PushPop,30,30,12,12,184224,15352.0,15296.0,15200,15872,191.1,"void at::native::elementwise_kernel<(int)128, (int)2, void at::native::gpu_kernel_impl_nocast<at::native::BinaryFunctor<float, float, float, at::native::binary_internal::DivFunctor<float>>>(at::TensorIteratorBase &, const T1 &)::[lambda(int) (instance 1)]>(int, T3)"
PyTorch:BasicsTransformerLM.layers.13,PushPop,30,30,12,72,182528,2535.1,2176.0,1952,3584,607.9,"void at::native::vectorized_elementwise_kernel<(int)4, at::native::CUDAFunctor_add<float>, std::array<char *, (unsigned long)3>>(int, T2, T3)"
PyTorch:BasicsTransformerLM.layers.13,PushPop,30,30,12,12,157760,13146.7,13152.0,13056,13280,54.3,"void at::native::reduce_kernel<(int)512, (int)1, at::native::ReduceOp<float, at::native::MaxOps<float>, unsigned int, float, (int)4, (int)4>>(T3)"
PyTorch:BasicsTransformerLM.layers.13,PushPop,30,30,12,12,157631,13135.9,13136.0,13024,13248,80.2,"void at::native::elementwise_kernel<(int)128, (int)2, void at::native::gpu_kernel_impl_nocast<at::native::<unnamed>::where_kernel_impl(at::TensorIterator &)::[lambda() (instance 1)]::operator ()() const::[lambda() (instance 11)]::operator ()() const::[lambda(bool, float, float) (instance 1)]>(at::TensorIteratorBase &, const T1 &)::[lambda(int) (instance 1)]>(int, T3)"
PyTorch:BasicsTransformerLM.layers.13,PushPop,30,30,12,24,154335,6430.6,6592.0,5504,7232,731.9,"void at::native::vectorized_elementwise_kernel<(int)4, at::native::BinaryFunctor<float, float, float, at::native::binary_internal::MulFunctor<float>>, std::array<char *, (unsigned long)3>>(int, T2, T3)"
PyTorch:BasicsTransformerLM.layers.13,PushPop,30,30,12,12,152704,12725.3,12720.0,12640,12800,58.4,"void at::native::elementwise_kernel<(int)128, (int)2, void at::native::gpu_kernel_impl_nocast<at::native::CUDAFunctor_add<float>>(at::TensorIteratorBase &, const T1 &)::[lambda(int) (instance 1)]>(int, T3)"
PyTorch:BasicsTransformerLM.layers.13,PushPop,30,30,12,24,145983,6082.6,6080.0,6016,6144,36.4,"void at::native::reduce_kernel<(int)512, (int)1, at::native::ReduceOp<float, at::native::MeanOps<float, float, float, float>, unsigned int, float, (int)4, (int)4>>(T3)"
PyTorch:BasicsTransformerLM.layers.13,PushPop,30,30,12,24,134751,5614.6,5632.0,4608,6880,955.3,"void at::native::elementwise_kernel<(int)128, (int)2, void at::native::gpu_kernel_impl_nocast<at::native::direct_copy_kernel_cuda(at::TensorIteratorBase &)::[lambda() (instance 3)]::operator ()() const::[lambda() (instance 7)]::operator ()() const::[lambda(float) (instance 1)]>(at::TensorIteratorBase &, const T1 &)::[lambda(int) (instance 1)]>(int, T3)"
PyTorch:BasicsTransformerLM.layers.13,PushPop,30,30,12,12,84287,7023.9,7040.0,6943,7136,63.4,"void at::native::reduce_kernel<(int)512, (int)1, at::native::ReduceOp<float, at::native::func_wrapper_t<float, at::native::sum_functor<float, float, float>::operator ()(at::TensorIterator &)::[lambda(float, float) (instance 1)]>, unsigned int, float, (int)4, (int)4>>(T3)"
PyTorch:BasicsTransformerLM.layers.13,PushPop,30,30,12,12,71200,5933.3,5808.0,5696,6464,276.1,"void at::native::vectorized_elementwise_kernel<(int)4, at::native::sigmoid_kernel_cuda(at::TensorIteratorBase &)::[lambda() (instance 2)]::operator ()() const::[lambda() (instance 2)]::operator ()() const::[lambda(float) (instance 1)], std::array<char *, (unsigned long)2>>(int, T2, T3)"
PyTorch:BasicsTransformerLM.layers.13,PushPop,30,30,12,12,64511,5375.9,5184.0,5088,6848,494.1,"void at::native::vectorized_elementwise_kernel<(int)4, at::native::exp_kernel_cuda(at::TensorIteratorBase &)::[lambda() (instance 2)]::operator ()() const::[lambda() (instance 2)]::operator ()() const::[lambda(float) (instance 1)], std::array<char *, (unsigned long)2>>(int, T2, T3)"
PyTorch:BasicsTransformerLM.layers.13,PushPop,30,30,12,12,61408,5117.3,5056.0,4960,5472,174.5,"void at::native::vectorized_elementwise_kernel<(int)4, at::native::BUnaryFunctor<float, float, float, at::native::binary_internal::MulFunctor<float>>, std::array<char *, (unsigned long)2>>(int, T2, T3)"
PyTorch:BasicsTransformerLM.layers.13,PushPop,30,30,12,24,58784,2449.3,2416.0,2336,2720,102.1,"void at::native::vectorized_elementwise_kernel<(int)4, void at::native::<unnamed>::pow_tensor_scalar_kernel_impl<float, float>(at::TensorIteratorBase &, T2)::[lambda(float) (instance 1)], std::array<char *, (unsigned long)2>>(int, T2, T3)"
PyTorch:BasicsTransformerLM.layers.13,PushPop,30,30,12,24,36672,1528.0,1536.0,1216,1888,147.2,"void at::native::vectorized_elementwise_kernel<(int)4, at::native::CUDAFunctorOnSelf_add<float>, std::array<char *, (unsigned long)2>>(int, T2, T3)"
PyTorch:BasicsTransformerLM.layers.13,PushPop,30,30,12,24,35360,1473.3,1472.0,1312,1664,68.4,"void at::native::vectorized_elementwise_kernel<(int)4, at::native::rsqrt_kernel_cuda(at::TensorIteratorBase &)::[lambda() (instance 2)]::operator ()() const::[lambda() (instance 2)]::operator ()() const::[lambda(float) (instance 1)], std::array<char *, (unsigned long)2>>(int, T2, T3)"
PyTorch:BasicsTransformerLM.layers.13,PushPop,30,30,12,12,31072,2589.3,2560.0,2496,2848,96.0,"void at::native::elementwise_kernel<(int)128, (int)4, void at::native::gpu_kernel_impl_nocast<at::native::<unnamed>::CompareFunctor<long>>(at::TensorIteratorBase &, const T1 &)::[lambda(int) (instance 1)]>(int, T3)"
PyTorch:BasicsTransformerLM.layers.13,PushPop,30,30,12,12,12640,1053.3,1008.0,960,1344,120.1,"void <unnamed>::elementwise_kernel_with_index<int, at::native::arange_cuda_out(const c10::Scalar &, const c10::Scalar &, const c10::Scalar &, at::Tensor &)::[lambda() (instance 1)]::operator ()() const::[lambda() (instance 4)]::operator ()() const::[lambda(long) (instance 1)]>(T1, T2, function_traits<T2>::result_type *)"
PyTorch:BasicsTransformerLM.layers.13,PushPop,30,30,12,12,12608,1050.7,1088.0,896,1248,109.9,"void at::native::vectorized_elementwise_kernel<(int)4, at::native::FillFunctor<float>, std::array<char *, (unsigned long)1>>(int, T2, T3)"
PyTorch:BasicsTransformerLM.layers.13.attn,PushPop,30,30,12,48,4516943,94103.0,93903.5,93439,99423,894.5,cutlass3x_sm100_simt_sgemm_f32_f32_f32_f32_f32_64x32x16_1x1x1_3_tnn_align1_bias_f32_relu
PyTorch:BasicsTransformerLM.layers.13.attn,PushPop,30,30,12,96,327486,3411.3,3456.0,3072,3680,133.6,"void at::native::elementwise_kernel<(int)128, (int)2, void at::native::gpu_kernel_impl_nocast<at::native::BinaryFunctor<float, float, float, at::native::binary_internal::MulFunctor<float>>>(at::TensorIteratorBase &, const T1 &)::[lambda(int) (instance 1)]>(int, T3)"
PyTorch:BasicsTransformerLM.layers.13.attn,PushPop,30,30,12,12,319679,26639.9,26800.0,24736,26880,601.2,cutlass3x_sm100_simt_sgemm_f32_f32_f32_f32_f32_128x64x16_1x1x1_3_tnn_align1_bias_f32_relu
PyTorch:BasicsTransformerLM.layers.13.attn,PushPop,30,30,12,12,253470,21122.5,21055.5,20960,22079,303.8,cutlass3x_sm100_simt_sgemm_f32_f32_f32_f32_f32_64x32x16_1x1x1_3_nnn_align1_bias_f32_relu
PyTorch:BasicsTransformerLM.layers.13.attn,PushPop,30,30,12,24,216768,9032.0,9040.0,8800,9280,150.2,"void at::native::<unnamed>::CatArrayBatchedCopy<at::native::<unnamed>::OpaqueType<(unsigned int)4>, unsigned int, (int)4, (int)64, (int)64>(T1 *, at::native::<unnamed>::CatArrInputTensorMetadata<T1, T2, T4, T5>, at::native::<unnamed>::TensorSizeStride<T2, (unsigned int)4>, int, T2)"
PyTorch:BasicsTransformerLM.layers.13.attn,PushPop,30,30,12,12,184224,15352.0,15296.0,15200,15872,191.1,"void at::native::elementwise_kernel<(int)128, (int)2, void at::native::gpu_kernel_impl_nocast<at::native::BinaryFunctor<float, float, float, at::native::binary_internal::DivFunctor<float>>>(at::TensorIteratorBase &, const T1 &)::[lambda(int) (instance 1)]>(int, T3)"
PyTorch:BasicsTransformerLM.layers.13.attn,PushPop,30,30,12,12,157760,13146.7,13152.0,13056,13280,54.3,"void at::native::reduce_kernel<(int)512, (int)1, at::native::ReduceOp<float, at::native::MaxOps<float>, unsigned int, float, (int)4, (int)4>>(T3)"
PyTorch:BasicsTransformerLM.layers.13.attn,PushPop,30,30,12,12,157631,13135.9,13136.0,13024,13248,80.2,"void at::native::elementwise_kernel<(int)128, (int)2, void at::native::gpu_kernel_impl_nocast<at::native::<unnamed>::where_kernel_impl(at::TensorIterator &)::[lambda() (instance 1)]::operator ()() const::[lambda() (instance 11)]::operator ()() const::[lambda(bool, float, float) (instance 1)]>(at::TensorIteratorBase &, const T1 &)::[lambda(int) (instance 1)]>(int, T3)"
PyTorch:BasicsTransformerLM.layers.13.attn,PushPop,30,30,12,12,152704,12725.3,12720.0,12640,12800,58.4,"void at::native::elementwise_kernel<(int)128, (int)2, void at::native::gpu_kernel_impl_nocast<at::native::CUDAFunctor_add<float>>(at::TensorIteratorBase &, const T1 &)::[lambda(int) (instance 1)]>(int, T3)"
PyTorch:BasicsTransformerLM.layers.13.attn,PushPop,30,30,12,24,134751,5614.6,5632.0,4608,6880,955.3,"void at::native::elementwise_kernel<(int)128, (int)2, void at::native::gpu_kernel_impl_nocast<at::native::direct_copy_kernel_cuda(at::TensorIteratorBase &)::[lambda() (instance 3)]::operator ()() const::[lambda() (instance 7)]::operator ()() const::[lambda(float) (instance 1)]>(at::TensorIteratorBase &, const T1 &)::[lambda(int) (instance 1)]>(int, T3)"
PyTorch:BasicsTransformerLM.layers.13.attn,PushPop,30,30,12,48,101504,2114.7,2080.0,1952,2432,96.5,"void at::native::vectorized_elementwise_kernel<(int)4, at::native::CUDAFunctor_add<float>, std::array<char *, (unsigned long)3>>(int, T2, T3)"
PyTorch:BasicsTransformerLM.layers.13.attn,PushPop,30,30,12,12,84287,7023.9,7040.0,6943,7136,63.4,"void at::native::reduce_kernel<(int)512, (int)1, at::native::ReduceOp<float, at::native::func_wrapper_t<float, at::native::sum_functor<float, float, float>::operator ()(at::TensorIterator &)::[lambda(float, float) (instance 1)]>, unsigned int, float, (int)4, (int)4>>(T3)"
PyTorch:BasicsTransformerLM.layers.13.attn,PushPop,30,30,12,12,64511,5375.9,5184.0,5088,6848,494.1,"void at::native::vectorized_elementwise_kernel<(int)4, at::native::exp_kernel_cuda(at::TensorIteratorBase &)::[lambda() (instance 2)]::operator ()() const::[lambda() (instance 2)]::operator ()() const::[lambda(float) (instance 1)], std::array<char *, (unsigned long)2>>(int, T2, T3)"
PyTorch:BasicsTransformerLM.layers.13.attn,PushPop,30,30,12,12,61408,5117.3,5056.0,4960,5472,174.5,"void at::native::vectorized_elementwise_kernel<(int)4, at::native::BUnaryFunctor<float, float, float, at::native::binary_internal::MulFunctor<float>>, std::array<char *, (unsigned long)2>>(int, T2, T3)"
PyTorch:BasicsTransformerLM.layers.13.attn,PushPop,30,30,12,12,31072,2589.3,2560.0,2496,2848,96.0,"void at::native::elementwise_kernel<(int)128, (int)4, void at::native::gpu_kernel_impl_nocast<at::native::<unnamed>::CompareFunctor<long>>(at::TensorIteratorBase &, const T1 &)::[lambda(int) (instance 1)]>(int, T3)"
PyTorch:BasicsTransformerLM.layers.13.attn,PushPop,30,30,12,12,12640,1053.3,1008.0,960,1344,120.1,"void <unnamed>::elementwise_kernel_with_index<int, at::native::arange_cuda_out(const c10::Scalar &, const c10::Scalar &, const c10::Scalar &, at::Tensor &)::[lambda() (instance 1)]::operator ()() const::[lambda() (instance 4)]::operator ()() const::[lambda(long) (instance 1)]>(T1, T2, function_traits<T2>::result_type *)"
PyTorch:BasicsTransformerLM.layers.13.attn,PushPop,30,30,12,12,12608,1050.7,1088.0,896,1248,109.9,"void at::native::vectorized_elementwise_kernel<(int)4, at::native::FillFunctor<float>, std::array<char *, (unsigned long)1>>(int, T2, T3)"
PyTorch:BasicsTransformerLM.layers.13.attn.k_proj,PushPop,30,30,12,12,1127004,93917.0,93823.5,93567,95072,417.7,cutlass3x_sm100_simt_sgemm_f32_f32_f32_f32_f32_64x32x16_1x1x1_3_tnn_align1_bias_f32_relu
PyTorch:BasicsTransformerLM.layers.13.attn.output_proj,PushPop,30,30,12,12,1136956,94746.3,94319.5,93919,99423,1491.2,cutlass3x_sm100_simt_sgemm_f32_f32_f32_f32_f32_64x32x16_1x1x1_3_tnn_align1_bias_f32_relu
PyTorch:BasicsTransformerLM.layers.13.attn.q_proj,PushPop,30,30,12,12,1125980,93831.7,93664.0,93439,95232,479.8,cutlass3x_sm100_simt_sgemm_f32_f32_f32_f32_f32_64x32x16_1x1x1_3_tnn_align1_bias_f32_relu
PyTorch:BasicsTransformerLM.layers.13.attn.v_proj,PushPop,30,30,12,12,1127003,93916.9,93712.0,93568,95103,428.1,cutlass3x_sm100_simt_sgemm_f32_f32_f32_f32_f32_64x32x16_1x1x1_3_tnn_align1_bias_f32_relu
PyTorch:BasicsTransformerLM.layers.13.ffn,PushPop,30,30,12,24,7523655,313485.6,312431.0,311903,324543,3344.6,cutlass3x_sm100_simt_sgemm_f32_f32_f32_f32_f32_64x128x16_1x1x1_3_tnn_align1_bias_f32_relu
PyTorch:BasicsTransformerLM.layers.13.ffn,PushPop,30,30,12,12,4336817,361401.4,360559.0,359838,370719,2955.1,cutlass3x_sm100_simt_sgemm_f32_f32_f32_f32_f32_64x32x16_1x1x1_3_tnn_align1_bias_f32_relu
PyTorch:BasicsTransformerLM.layers.13.ffn,PushPop,30,30,12,24,154335,6430.6,6592.0,5504,7232,731.9,"void at::native::vectorized_elementwise_kernel<(int)4, at::native::BinaryFunctor<float, float, float, at::native::binary_internal::MulFunctor<float>>, std::array<char *, (unsigned long)3>>(int, T2, T3)"
PyTorch:BasicsTransformerLM.layers.13.ffn,PushPop,30,30,12,12,71200,5933.3,5808.0,5696,6464,276.1,"void at::native::vectorized_elementwise_kernel<(int)4, at::native::sigmoid_kernel_cuda(at::TensorIteratorBase &)::[lambda() (instance 2)]::operator ()() const::[lambda() (instance 2)]::operator ()() const::[lambda(float) (instance 1)], std::array<char *, (unsigned long)2>>(int, T2, T3)"
PyTorch:BasicsTransformerLM.layers.13.ffn.w1,PushPop,30,30,12,12,3763188,313599.0,312495.0,312095,324543,3471.0,cutlass3x_sm100_simt_sgemm_f32_f32_f32_f32_f32_64x128x16_1x1x1_3_tnn_align1_bias_f32_relu
PyTorch:BasicsTransformerLM.layers.13.ffn.w2,PushPop,30,30,12,12,4336817,361401.4,360559.0,359838,370719,2955.1,cutlass3x_sm100_simt_sgemm_f32_f32_f32_f32_f32_64x32x16_1x1x1_3_tnn_align1_bias_f32_relu
PyTorch:BasicsTransformerLM.layers.13.ffn.w3,PushPop,30,30,12,12,3760467,313372.3,312335.0,311903,323998,3363.5,cutlass3x_sm100_simt_sgemm_f32_f32_f32_f32_f32_64x128x16_1x1x1_3_tnn_align1_bias_f32_relu
PyTorch:BasicsTransformerLM.layers.13.ln1,PushPop,30,30,12,24,113216,4717.3,4704.0,4608,4928,70.6,"void at::native::elementwise_kernel<(int)128, (int)2, void at::native::gpu_kernel_impl_nocast<at::native::BinaryFunctor<float, float, float, at::native::binary_internal::MulFunctor<float>>>(at::TensorIteratorBase &, const T1 &)::[lambda(int) (instance 1)]>(int, T3)"
PyTorch:BasicsTransformerLM.layers.13.ln1,PushPop,30,30,12,12,72832,6069.3,6048.0,6016,6144,37.0,"void at::native::reduce_kernel<(int)512, (int)1, at::native::ReduceOp<float, at::native::MeanOps<float, float, float, float>, unsigned int, float, (int)4, (int)4>>(T3)"
PyTorch:BasicsTransformerLM.layers.13.ln1,PushPop,30,30,12,12,29888,2490.7,2496.0,2368,2688,83.9,"void at::native::vectorized_elementwise_kernel<(int)4, void at::native::<unnamed>::pow_tensor_scalar_kernel_impl<float, float>(at::TensorIteratorBase &, T2)::[lambda(float) (instance 1)], std::array<char *, (unsigned long)2>>(int, T2, T3)"
PyTorch:BasicsTransformerLM.layers.13.ln1,PushPop,30,30,12,12,19104,1592.0,1536.0,1344,1888,149.5,"void at::native::vectorized_elementwise_kernel<(int)4, at::native::CUDAFunctorOnSelf_add<float>, std::array<char *, (unsigned long)2>>(int, T2, T3)"
PyTorch:BasicsTransformerLM.layers.13.ln1,PushPop,30,30,12,12,17824,1485.3,1440.0,1408,1664,80.1,"void at::native::vectorized_elementwise_kernel<(int)4, at::native::rsqrt_kernel_cuda(at::TensorIteratorBase &)::[lambda() (instance 2)]::operator ()() const::[lambda() (instance 2)]::operator ()() const::[lambda(float) (instance 1)], std::array<char *, (unsigned long)2>>(int, T2, T3)"
PyTorch:BasicsTransformerLM.layers.13.ln2,PushPop,30,30,12,24,113792,4741.3,4736.0,4640,5184,106.6,"void at::native::elementwise_kernel<(int)128, (int)2, void at::native::gpu_kernel_impl_nocast<at::native::BinaryFunctor<float, float, float, at::native::binary_internal::MulFunctor<float>>>(at::TensorIteratorBase &, const T1 &)::[lambda(int) (instance 1)]>(int, T3)"
PyTorch:BasicsTransformerLM.layers.13.ln2,PushPop,30,30,12,12,73151,6095.9,6096.0,6048,6144,32.0,"void at::native::reduce_kernel<(int)512, (int)1, at::native::ReduceOp<float, at::native::MeanOps<float, float, float, float>, unsigned int, float, (int)4, (int)4>>(T3)"
PyTorch:BasicsTransformerLM.layers.13.ln2,PushPop,30,30,12,12,28896,2408.0,2384.0,2336,2720,104.9,"void at::native::vectorized_elementwise_kernel<(int)4, void at::native::<unnamed>::pow_tensor_scalar_kernel_impl<float, float>(at::TensorIteratorBase &, T2)::[lambda(float) (instance 1)], std::array<char *, (unsigned long)2>>(int, T2, T3)"
PyTorch:BasicsTransformerLM.layers.13.ln2,PushPop,30,30,12,12,17568,1464.0,1536.0,1216,1568,118.3,"void at::native::vectorized_elementwise_kernel<(int)4, at::native::CUDAFunctorOnSelf_add<float>, std::array<char *, (unsigned long)2>>(int, T2, T3)"
PyTorch:BasicsTransformerLM.layers.13.ln2,PushPop,30,30,12,12,17536,1461.3,1472.0,1312,1536,55.1,"void at::native::vectorized_elementwise_kernel<(int)4, at::native::rsqrt_kernel_cuda(at::TensorIteratorBase &)::[lambda() (instance 2)]::operator ()() const::[lambda() (instance 2)]::operator ()() const::[lambda(float) (instance 1)], std::array<char *, (unsigned long)2>>(int, T2, T3)"
PyTorch:BasicsTransformerLM.layers.14,PushPop,30,30,12,60,8855649,147594.1,94000.0,93408,372255,107966.8,cutlass3x_sm100_simt_sgemm_f32_f32_f32_f32_f32_64x32x16_1x1x1_3_tnn_align1_bias_f32_relu
PyTorch:BasicsTransformerLM.layers.14,PushPop,30,30,12,24,7523463,313477.6,312543.0,311967,325567,3301.2,cutlass3x_sm100_simt_sgemm_f32_f32_f32_f32_f32_64x128x16_1x1x1_3_tnn_align1_bias_f32_relu
PyTorch:BasicsTransformerLM.layers.14,PushPop,30,30,12,144,547549,3802.4,3488.0,3104,4928,621.0,"void at::native::elementwise_kernel<(int)128, (int)2, void at::native::gpu_kernel_impl_nocast<at::native::BinaryFunctor<float, float, float, at::native::binary_internal::MulFunctor<float>>>(at::TensorIteratorBase &, const T1 &)::[lambda(int) (instance 1)]>(int, T3)"
PyTorch:BasicsTransformerLM.layers.14,PushPop,30,30,12,12,323264,26938.7,26880.0,26752,27488,195.3,cutlass3x_sm100_simt_sgemm_f32_f32_f32_f32_f32_128x64x16_1x1x1_3_tnn_align1_bias_f32_relu
PyTorch:BasicsTransformerLM.layers.14,PushPop,30,30,12,12,254623,21218.6,21152.0,21056,21760,183.8,cutlass3x_sm100_simt_sgemm_f32_f32_f32_f32_f32_64x32x16_1x1x1_3_nnn_align1_bias_f32_relu
PyTorch:BasicsTransformerLM.layers.14,PushPop,30,30,12,24,218336,9097.3,9104.0,8896,9472,136.2,"void at::native::<unnamed>::CatArrayBatchedCopy<at::native::<unnamed>::OpaqueType<(unsigned int)4>, unsigned int, (int)4, (int)64, (int)64>(T1 *, at::native::<unnamed>::CatArrInputTensorMetadata<T1, T2, T4, T5>, at::native::<unnamed>::TensorSizeStride<T2, (unsigned int)4>, int, T2)"
PyTorch:BasicsTransformerLM.layers.14,PushPop,30,30,12,12,183422,15285.2,15232.0,15168,15680,149.6,"void at::native::elementwise_kernel<(int)128, (int)2, void at::native::gpu_kernel_impl_nocast<at::native::BinaryFunctor<float, float, float, at::native::binary_internal::DivFunctor<float>>>(at::TensorIteratorBase &, const T1 &)::[lambda(int) (instance 1)]>(int, T3)"
PyTorch:BasicsTransformerLM.layers.14,PushPop,30,30,12,72,182464,2534.2,2176.0,1984,3552,562.7,"void at::native::vectorized_elementwise_kernel<(int)4, at::native::CUDAFunctor_add<float>, std::array<char *, (unsigned long)3>>(int, T2, T3)"
PyTorch:BasicsTransformerLM.layers.14,PushPop,30,30,12,12,159136,13261.3,13120.0,13088,14592,424.4,"void at::native::reduce_kernel<(int)512, (int)1, at::native::ReduceOp<float, at::native::MaxOps<float>, unsigned int, float, (int)4, (int)4>>(T3)"
PyTorch:BasicsTransformerLM.layers.14,PushPop,30,30,12,12,157598,13133.2,13104.0,13024,13376,91.0,"void at::native::elementwise_kernel<(int)128, (int)2, void at::native::gpu_kernel_impl_nocast<at::native::<unnamed>::where_kernel_impl(at::TensorIterator &)::[lambda() (instance 1)]::operator ()() const::[lambda() (instance 11)]::operator ()() const::[lambda(bool, float, float) (instance 1)]>(at::TensorIteratorBase &, const T1 &)::[lambda(int) (instance 1)]>(int, T3)"
PyTorch:BasicsTransformerLM.layers.14,PushPop,30,30,12,24,153407,6392.0,6576.0,5472,7424,711.3,"void at::native::vectorized_elementwise_kernel<(int)4, at::native::BinaryFunctor<float, float, float, at::native::binary_internal::MulFunctor<float>>, std::array<char *, (unsigned long)3>>(int, T2, T3)"
PyTorch:BasicsTransformerLM.layers.14,PushPop,30,30,12,12,153087,12757.3,12768.0,12671,12896,68.8,"void at::native::elementwise_kernel<(int)128, (int)2, void at::native::gpu_kernel_impl_nocast<at::native::CUDAFunctor_add<float>>(at::TensorIteratorBase &, const T1 &)::[lambda(int) (instance 1)]>(int, T3)"
PyTorch:BasicsTransformerLM.layers.14,PushPop,30,30,12,24,145184,6049.3,6048.0,5984,6176,46.7,"void at::native::reduce_kernel<(int)512, (int)1, at::native::ReduceOp<float, at::native::MeanOps<float, float, float, float>, unsigned int, float, (int)4, (int)4>>(T3)"
PyTorch:BasicsTransformerLM.layers.14,PushPop,30,30,12,24,135071,5628.0,5695.5,4576,6912,1027.4,"void at::native::elementwise_kernel<(int)128, (int)2, void at::native::gpu_kernel_impl_nocast<at::native::direct_copy_kernel_cuda(at::TensorIteratorBase &)::[lambda() (instance 3)]::operator ()() const::[lambda() (instance 7)]::operator ()() const::[lambda(float) (instance 1)]>(at::TensorIteratorBase &, const T1 &)::[lambda(int) (instance 1)]>(int, T3)"
PyTorch:BasicsTransformerLM.layers.14,PushPop,30,30,12,12,84352,7029.3,7056.0,6912,7168,83.4,"void at::native::reduce_kernel<(int)512, (int)1, at::native::ReduceOp<float, at::native::func_wrapper_t<float, at::native::sum_functor<float, float, float>::operator ()(at::TensorIterator &)::[lambda(float, float) (instance 1)]>, unsigned int, float, (int)4, (int)4>>(T3)"
PyTorch:BasicsTransformerLM.layers.14,PushPop,30,30,12,12,71904,5992.0,5824.0,5664,6560,332.3,"void at::native::vectorized_elementwise_kernel<(int)4, at::native::sigmoid_kernel_cuda(at::TensorIteratorBase &)::[lambda() (instance 2)]::operator ()() const::[lambda() (instance 2)]::operator ()() const::[lambda(float) (instance 1)], std::array<char *, (unsigned long)2>>(int, T2, T3)"
PyTorch:BasicsTransformerLM.layers.14,PushPop,30,30,12,12,63840,5320.0,5232.0,5120,5856,248.3,"void at::native::vectorized_elementwise_kernel<(int)4, at::native::exp_kernel_cuda(at::TensorIteratorBase &)::[lambda() (instance 2)]::operator ()() const::[lambda() (instance 2)]::operator ()() const::[lambda(float) (instance 1)], std::array<char *, (unsigned long)2>>(int, T2, T3)"
PyTorch:BasicsTransformerLM.layers.14,PushPop,30,30,12,12,60703,5058.6,4944.0,4864,5536,237.6,"void at::native::vectorized_elementwise_kernel<(int)4, at::native::BUnaryFunctor<float, float, float, at::native::binary_internal::MulFunctor<float>>, std::array<char *, (unsigned long)2>>(int, T2, T3)"
PyTorch:BasicsTransformerLM.layers.14,PushPop,30,30,12,24,57952,2414.7,2432.0,2304,2624,81.2,"void at::native::vectorized_elementwise_kernel<(int)4, void at::native::<unnamed>::pow_tensor_scalar_kernel_impl<float, float>(at::TensorIteratorBase &, T2)::[lambda(float) (instance 1)], std::array<char *, (unsigned long)2>>(int, T2, T3)"
PyTorch:BasicsTransformerLM.layers.14,PushPop,30,30,12,24,35840,1493.3,1536.0,1152,1728,134.0,"void at::native::vectorized_elementwise_kernel<(int)4, at::native::CUDAFunctorOnSelf_add<float>, std::array<char *, (unsigned long)2>>(int, T2, T3)"
PyTorch:BasicsTransformerLM.layers.14,PushPop,30,30,12,24,35199,1466.6,1472.0,1248,1664,81.5,"void at::native::vectorized_elementwise_kernel<(int)4, at::native::rsqrt_kernel_cuda(at::TensorIteratorBase &)::[lambda() (instance 2)]::operator ()() const::[lambda() (instance 2)]::operator ()() const::[lambda(float) (instance 1)], std::array<char *, (unsigned long)2>>(int, T2, T3)"
PyTorch:BasicsTransformerLM.layers.14,PushPop,30,30,12,12,31680,2640.0,2656.0,2432,2848,143.4,"void at::native::elementwise_kernel<(int)128, (int)4, void at::native::gpu_kernel_impl_nocast<at::native::<unnamed>::CompareFunctor<long>>(at::TensorIteratorBase &, const T1 &)::[lambda(int) (instance 1)]>(int, T3)"
PyTorch:BasicsTransformerLM.layers.14,PushPop,30,30,12,12,13152,1096.0,1104.0,928,1376,154.4,"void at::native::vectorized_elementwise_kernel<(int)4, at::native::FillFunctor<float>, std::array<char *, (unsigned long)1>>(int, T2, T3)"
PyTorch:BasicsTransformerLM.layers.14,PushPop,30,30,12,12,12768,1064.0,992.0,960,1216,107.5,"void <unnamed>::elementwise_kernel_with_index<int, at::native::arange_cuda_out(const c10::Scalar &, const c10::Scalar &, const c10::Scalar &, at::Tensor &)::[lambda() (instance 1)]::operator ()() const::[lambda() (instance 4)]::operator ()() const::[lambda(long) (instance 1)]>(T1, T2, function_traits<T2>::result_type *)"
PyTorch:BasicsTransformerLM.layers.14.attn,PushPop,30,30,12,48,4515281,94068.4,93791.5,93408,97504,738.7,cutlass3x_sm100_simt_sgemm_f32_f32_f32_f32_f32_64x32x16_1x1x1_3_tnn_align1_bias_f32_relu
PyTorch:BasicsTransformerLM.layers.14.attn,PushPop,30,30,12,96,324159,3376.7,3424.0,3104,3743,164.7,"void at::native::elementwise_kernel<(int)128, (int)2, void at::native::gpu_kernel_impl_nocast<at::native::BinaryFunctor<float, float, float, at::native::binary_internal::MulFunctor<float>>>(at::TensorIteratorBase &, const T1 &)::[lambda(int) (instance 1)]>(int, T3)"
PyTorch:BasicsTransformerLM.layers.14.attn,PushPop,30,30,12,12,323264,26938.7,26880.0,26752,27488,195.3,cutlass3x_sm100_simt_sgemm_f32_f32_f32_f32_f32_128x64x16_1x1x1_3_tnn_align1_bias_f32_relu
PyTorch:BasicsTransformerLM.layers.14.attn,PushPop,30,30,12,12,254623,21218.6,21152.0,21056,21760,183.8,cutlass3x_sm100_simt_sgemm_f32_f32_f32_f32_f32_64x32x16_1x1x1_3_nnn_align1_bias_f32_relu
PyTorch:BasicsTransformerLM.layers.14.attn,PushPop,30,30,12,24,218336,9097.3,9104.0,8896,9472,136.2,"void at::native::<unnamed>::CatArrayBatchedCopy<at::native::<unnamed>::OpaqueType<(unsigned int)4>, unsigned int, (int)4, (int)64, (int)64>(T1 *, at::native::<unnamed>::CatArrInputTensorMetadata<T1, T2, T4, T5>, at::native::<unnamed>::TensorSizeStride<T2, (unsigned int)4>, int, T2)"
PyTorch:BasicsTransformerLM.layers.14.attn,PushPop,30,30,12,12,183422,15285.2,15232.0,15168,15680,149.6,"void at::native::elementwise_kernel<(int)128, (int)2, void at::native::gpu_kernel_impl_nocast<at::native::BinaryFunctor<float, float, float, at::native::binary_internal::DivFunctor<float>>>(at::TensorIteratorBase &, const T1 &)::[lambda(int) (instance 1)]>(int, T3)"
PyTorch:BasicsTransformerLM.layers.14.attn,PushPop,30,30,12,12,159136,13261.3,13120.0,13088,14592,424.4,"void at::native::reduce_kernel<(int)512, (int)1, at::native::ReduceOp<float, at::native::MaxOps<float>, unsigned int, float, (int)4, (int)4>>(T3)"
PyTorch:BasicsTransformerLM.layers.14.attn,PushPop,30,30,12,12,157598,13133.2,13104.0,13024,13376,91.0,"void at::native::elementwise_kernel<(int)128, (int)2, void at::native::gpu_kernel_impl_nocast<at::native::<unnamed>::where_kernel_impl(at::TensorIterator &)::[lambda() (instance 1)]::operator ()() const::[lambda() (instance 11)]::operator ()() const::[lambda(bool, float, float) (instance 1)]>(at::TensorIteratorBase &, const T1 &)::[lambda(int) (instance 1)]>(int, T3)"
PyTorch:BasicsTransformerLM.layers.14.attn,PushPop,30,30,12,12,153087,12757.3,12768.0,12671,12896,68.8,"void at::native::elementwise_kernel<(int)128, (int)2, void at::native::gpu_kernel_impl_nocast<at::native::CUDAFunctor_add<float>>(at::TensorIteratorBase &, const T1 &)::[lambda(int) (instance 1)]>(int, T3)"
PyTorch:BasicsTransformerLM.layers.14.attn,PushPop,30,30,12,24,135071,5628.0,5695.5,4576,6912,1027.4,"void at::native::elementwise_kernel<(int)128, (int)2, void at::native::gpu_kernel_impl_nocast<at::native::direct_copy_kernel_cuda(at::TensorIteratorBase &)::[lambda() (instance 3)]::operator ()() const::[lambda() (instance 7)]::operator ()() const::[lambda(float) (instance 1)]>(at::TensorIteratorBase &, const T1 &)::[lambda(int) (instance 1)]>(int, T3)"
PyTorch:BasicsTransformerLM.layers.14.attn,PushPop,30,30,12,48,102848,2142.7,2144.0,1984,2304,62.6,"void at::native::vectorized_elementwise_kernel<(int)4, at::native::CUDAFunctor_add<float>, std::array<char *, (unsigned long)3>>(int, T2, T3)"
PyTorch:BasicsTransformerLM.layers.14.attn,PushPop,30,30,12,12,84352,7029.3,7056.0,6912,7168,83.4,"void at::native::reduce_kernel<(int)512, (int)1, at::native::ReduceOp<float, at::native::func_wrapper_t<float, at::native::sum_functor<float, float, float>::operator ()(at::TensorIterator &)::[lambda(float, float) (instance 1)]>, unsigned int, float, (int)4, (int)4>>(T3)"
PyTorch:BasicsTransformerLM.layers.14.attn,PushPop,30,30,12,12,63840,5320.0,5232.0,5120,5856,248.3,"void at::native::vectorized_elementwise_kernel<(int)4, at::native::exp_kernel_cuda(at::TensorIteratorBase &)::[lambda() (instance 2)]::operator ()() const::[lambda() (instance 2)]::operator ()() const::[lambda(float) (instance 1)], std::array<char *, (unsigned long)2>>(int, T2, T3)"
PyTorch:BasicsTransformerLM.layers.14.attn,PushPop,30,30,12,12,60703,5058.6,4944.0,4864,5536,237.6,"void at::native::vectorized_elementwise_kernel<(int)4, at::native::BUnaryFunctor<float, float, float, at::native::binary_internal::MulFunctor<float>>, std::array<char *, (unsigned long)2>>(int, T2, T3)"
PyTorch:BasicsTransformerLM.layers.14.attn,PushPop,30,30,12,12,31680,2640.0,2656.0,2432,2848,143.4,"void at::native::elementwise_kernel<(int)128, (int)4, void at::native::gpu_kernel_impl_nocast<at::native::<unnamed>::CompareFunctor<long>>(at::TensorIteratorBase &, const T1 &)::[lambda(int) (instance 1)]>(int, T3)"
PyTorch:BasicsTransformerLM.layers.14.attn,PushPop,30,30,12,12,13152,1096.0,1104.0,928,1376,154.4,"void at::native::vectorized_elementwise_kernel<(int)4, at::native::FillFunctor<float>, std::array<char *, (unsigned long)1>>(int, T2, T3)"
PyTorch:BasicsTransformerLM.layers.14.attn,PushPop,30,30,12,12,12768,1064.0,992.0,960,1216,107.5,"void <unnamed>::elementwise_kernel_with_index<int, at::native::arange_cuda_out(const c10::Scalar &, const c10::Scalar &, const c10::Scalar &, at::Tensor &)::[lambda() (instance 1)]::operator ()() const::[lambda() (instance 4)]::operator ()() const::[lambda(long) (instance 1)]>(T1, T2, function_traits<T2>::result_type *)"
PyTorch:BasicsTransformerLM.layers.14.attn.k_proj,PushPop,30,30,12,12,1126333,93861.1,93648.0,93472,95776,629.4,cutlass3x_sm100_simt_sgemm_f32_f32_f32_f32_f32_64x32x16_1x1x1_3_tnn_align1_bias_f32_relu
PyTorch:BasicsTransformerLM.layers.14.attn.output_proj,PushPop,30,30,12,12,1136157,94679.8,94432.0,94207,97504,904.5,cutlass3x_sm100_simt_sgemm_f32_f32_f32_f32_f32_64x32x16_1x1x1_3_tnn_align1_bias_f32_relu
PyTorch:BasicsTransformerLM.layers.14.attn.q_proj,PushPop,30,30,12,12,1126015,93834.6,93680.0,93408,95552,569.4,cutlass3x_sm100_simt_sgemm_f32_f32_f32_f32_f32_64x32x16_1x1x1_3_tnn_align1_bias_f32_relu
PyTorch:BasicsTransformerLM.layers.14.attn.v_proj,PushPop,30,30,12,12,1126776,93898.0,93711.5,93472,95327,497.3,cutlass3x_sm100_simt_sgemm_f32_f32_f32_f32_f32_64x32x16_1x1x1_3_tnn_align1_bias_f32_relu
PyTorch:BasicsTransformerLM.layers.14.ffn,PushPop,30,30,12,24,7523463,313477.6,312543.0,311967,325567,3301.2,cutlass3x_sm100_simt_sgemm_f32_f32_f32_f32_f32_64x128x16_1x1x1_3_tnn_align1_bias_f32_relu
PyTorch:BasicsTransformerLM.layers.14.ffn,PushPop,30,30,12,12,4340368,361697.3,360638.5,360031,372255,3364.9,cutlass3x_sm100_simt_sgemm_f32_f32_f32_f32_f32_64x32x16_1x1x1_3_tnn_align1_bias_f32_relu
PyTorch:BasicsTransformerLM.layers.14.ffn,PushPop,30,30,12,24,153407,6392.0,6576.0,5472,7424,711.3,"void at::native::vectorized_elementwise_kernel<(int)4, at::native::BinaryFunctor<float, float, float, at::native::binary_internal::MulFunctor<float>>, std::array<char *, (unsigned long)3>>(int, T2, T3)"
PyTorch:BasicsTransformerLM.layers.14.ffn,PushPop,30,30,12,12,71904,5992.0,5824.0,5664,6560,332.3,"void at::native::vectorized_elementwise_kernel<(int)4, at::native::sigmoid_kernel_cuda(at::TensorIteratorBase &)::[lambda() (instance 2)]::operator ()() const::[lambda() (instance 2)]::operator ()() const::[lambda(float) (instance 1)], std::array<char *, (unsigned long)2>>(int, T2, T3)"
PyTorch:BasicsTransformerLM.layers.14.ffn.w1,PushPop,30,30,12,12,3762036,313503.0,312703.0,312063,322463,2844.6,cutlass3x_sm100_simt_sgemm_f32_f32_f32_f32_f32_64x128x16_1x1x1_3_tnn_align1_bias_f32_relu
PyTorch:BasicsTransformerLM.layers.14.ffn.w2,PushPop,30,30,12,12,4340368,361697.3,360638.5,360031,372255,3364.9,cutlass3x_sm100_simt_sgemm_f32_f32_f32_f32_f32_64x32x16_1x1x1_3_tnn_align1_bias_f32_relu
PyTorch:BasicsTransformerLM.layers.14.ffn.w3,PushPop,30,30,12,12,3761427,313452.3,312335.0,311967,325567,3833.1,cutlass3x_sm100_simt_sgemm_f32_f32_f32_f32_f32_64x128x16_1x1x1_3_tnn_align1_bias_f32_relu
PyTorch:BasicsTransformerLM.layers.14.ln1,PushPop,30,30,12,24,111039,4626.6,4608.0,4544,4736,64.0,"void at::native::elementwise_kernel<(int)128, (int)2, void at::native::gpu_kernel_impl_nocast<at::native::BinaryFunctor<float, float, float, at::native::binary_internal::MulFunctor<float>>>(at::TensorIteratorBase &, const T1 &)::[lambda(int) (instance 1)]>(int, T3)"
PyTorch:BasicsTransformerLM.layers.14.ln1,PushPop,30,30,12,12,72480,6040.0,6032.0,5984,6176,62.7,"void at::native::reduce_kernel<(int)512, (int)1, at::native::ReduceOp<float, at::native::MeanOps<float, float, float, float>, unsigned int, float, (int)4, (int)4>>(T3)"
PyTorch:BasicsTransformerLM.layers.14.ln1,PushPop,30,30,12,12,28928,2410.7,2384.0,2304,2624,95.8,"void at::native::vectorized_elementwise_kernel<(int)4, void at::native::<unnamed>::pow_tensor_scalar_kernel_impl<float, float>(at::TensorIteratorBase &, T2)::[lambda(float) (instance 1)], std::array<char *, (unsigned long)2>>(int, T2, T3)"
PyTorch:BasicsTransformerLM.layers.14.ln1,PushPop,30,30,12,12,18400,1533.3,1568.0,1344,1568,64.7,"void at::native::vectorized_elementwise_kernel<(int)4, at::native::CUDAFunctorOnSelf_add<float>, std::array<char *, (unsigned long)2>>(int, T2, T3)"
PyTorch:BasicsTransformerLM.layers.14.ln1,PushPop,30,30,12,12,17823,1485.3,1472.0,1440,1600,44.2,"void at::native::vectorized_elementwise_kernel<(int)4, at::native::rsqrt_kernel_cuda(at::TensorIteratorBase &)::[lambda() (instance 2)]::operator ()() const::[lambda() (instance 2)]::operator ()() const::[lambda(float) (instance 1)], std::array<char *, (unsigned long)2>>(int, T2, T3)"
PyTorch:BasicsTransformerLM.layers.14.ln2,PushPop,30,30,12,24,112351,4681.3,4656.0,4544,4928,100.1,"void at::native::elementwise_kernel<(int)128, (int)2, void at::native::gpu_kernel_impl_nocast<at::native::BinaryFunctor<float, float, float, at::native::binary_internal::MulFunctor<float>>>(at::TensorIteratorBase &, const T1 &)::[lambda(int) (instance 1)]>(int, T3)"
PyTorch:BasicsTransformerLM.layers.14.ln2,PushPop,30,30,12,12,72704,6058.7,6048.0,6016,6080,20.8,"void at::native::reduce_kernel<(int)512, (int)1, at::native::ReduceOp<float, at::native::MeanOps<float, float, float, float>, unsigned int, float, (int)4, (int)4>>(T3)"
PyTorch:BasicsTransformerLM.layers.14.ln2,PushPop,30,30,12,12,29024,2418.7,2432.0,2336,2592,67.5,"void at::native::vectorized_elementwise_kernel<(int)4, void at::native::<unnamed>::pow_tensor_scalar_kernel_impl<float, float>(at::TensorIteratorBase &, T2)::[lambda(float) (instance 1)], std::array<char *, (unsigned long)2>>(int, T2, T3)"
PyTorch:BasicsTransformerLM.layers.14.ln2,PushPop,30,30,12,12,17440,1453.3,1536.0,1152,1728,172.8,"void at::native::vectorized_elementwise_kernel<(int)4, at::native::CUDAFunctorOnSelf_add<float>, std::array<char *, (unsigned long)2>>(int, T2, T3)"
PyTorch:BasicsTransformerLM.layers.14.ln2,PushPop,30,30,12,12,17376,1448.0,1456.0,1248,1664,105.8,"void at::native::vectorized_elementwise_kernel<(int)4, at::native::rsqrt_kernel_cuda(at::TensorIteratorBase &)::[lambda() (instance 2)]::operator ()() const::[lambda() (instance 2)]::operator ()() const::[lambda(float) (instance 1)], std::array<char *, (unsigned long)2>>(int, T2, T3)"
PyTorch:BasicsTransformerLM.layers.15,PushPop,30,30,12,60,8857376,147622.9,93983.0,93407,374047,107914.1,cutlass3x_sm100_simt_sgemm_f32_f32_f32_f32_f32_64x32x16_1x1x1_3_tnn_align1_bias_f32_relu
PyTorch:BasicsTransformerLM.layers.15,PushPop,30,30,12,24,7524614,313525.6,312367.0,312030,325471,3582.6,cutlass3x_sm100_simt_sgemm_f32_f32_f32_f32_f32_64x128x16_1x1x1_3_tnn_align1_bias_f32_relu
PyTorch:BasicsTransformerLM.layers.15,PushPop,30,30,12,144,554398,3850.0,3488.0,3104,4832,627.5,"void at::native::elementwise_kernel<(int)128, (int)2, void at::native::gpu_kernel_impl_nocast<at::native::BinaryFunctor<float, float, float, at::native::binary_internal::MulFunctor<float>>>(at::TensorIteratorBase &, const T1 &)::[lambda(int) (instance 1)]>(int, T3)"
PyTorch:BasicsTransformerLM.layers.15,PushPop,30,30,12,12,319520,26626.7,26800.0,24160,27488,806.3,cutlass3x_sm100_simt_sgemm_f32_f32_f32_f32_f32_128x64x16_1x1x1_3_tnn_align1_bias_f32_relu
PyTorch:BasicsTransformerLM.layers.15,PushPop,30,30,12,12,253631,21135.9,21040.0,20960,22016,285.7,cutlass3x_sm100_simt_sgemm_f32_f32_f32_f32_f32_64x32x16_1x1x1_3_nnn_align1_bias_f32_relu
PyTorch:BasicsTransformerLM.layers.15,PushPop,30,30,12,24,217952,9081.3,9056.0,8864,9632,184.7,"void at::native::<unnamed>::CatArrayBatchedCopy<at::native::<unnamed>::OpaqueType<(unsigned int)4>, unsigned int, (int)4, (int)64, (int)64>(T1 *, at::native::<unnamed>::CatArrInputTensorMetadata<T1, T2, T4, T5>, at::native::<unnamed>::TensorSizeStride<T2, (unsigned int)4>, int, T2)"
PyTorch:BasicsTransformerLM.layers.15,PushPop,30,30,12,12,183968,15330.7,15264.0,15104,15840,211.6,"void at::native::elementwise_kernel<(int)128, (int)2, void at::native::gpu_kernel_impl_nocast<at::native::BinaryFunctor<float, float, float, at::native::binary_internal::DivFunctor<float>>>(at::TensorIteratorBase &, const T1 &)::[lambda(int) (instance 1)]>(int, T3)"
PyTorch:BasicsTransformerLM.layers.15,PushPop,30,30,12,72,181791,2524.9,2112.0,1952,4064,643.7,"void at::native::vectorized_elementwise_kernel<(int)4, at::native::CUDAFunctor_add<float>, std::array<char *, (unsigned long)3>>(int, T2, T3)"
PyTorch:BasicsTransformerLM.layers.15,PushPop,30,30,12,12,159070,13255.8,13136.0,13056,14528,406.2,"void at::native::reduce_kernel<(int)512, (int)1, at::native::ReduceOp<float, at::native::MaxOps<float>, unsigned int, float, (int)4, (int)4>>(T3)"
PyTorch:BasicsTransformerLM.layers.15,PushPop,30,30,12,12,157760,13146.7,13136.0,12992,13344,113.2,"void at::native::elementwise_kernel<(int)128, (int)2, void at::native::gpu_kernel_impl_nocast<at::native::<unnamed>::where_kernel_impl(at::TensorIterator &)::[lambda() (instance 1)]::operator ()() const::[lambda() (instance 11)]::operator ()() const::[lambda(bool, float, float) (instance 1)]>(at::TensorIteratorBase &, const T1 &)::[lambda(int) (instance 1)]>(int, T3)"
PyTorch:BasicsTransformerLM.layers.15,PushPop,30,30,12,24,154784,6449.3,6480.0,5504,7328,730.9,"void at::native::vectorized_elementwise_kernel<(int)4, at::native::BinaryFunctor<float, float, float, at::native::binary_internal::MulFunctor<float>>, std::array<char *, (unsigned long)3>>(int, T2, T3)"
PyTorch:BasicsTransformerLM.layers.15,PushPop,30,30,12,12,152576,12714.7,12736.0,12576,12800,61.5,"void at::native::elementwise_kernel<(int)128, (int)2, void at::native::gpu_kernel_impl_nocast<at::native::CUDAFunctor_add<float>>(at::TensorIteratorBase &, const T1 &)::[lambda(int) (instance 1)]>(int, T3)"
PyTorch:BasicsTransformerLM.layers.15,PushPop,30,30,12,24,146208,6092.0,6080.0,6016,6272,64.6,"void at::native::reduce_kernel<(int)512, (int)1, at::native::ReduceOp<float, at::native::MeanOps<float, float, float, float>, unsigned int, float, (int)4, (int)4>>(T3)"
PyTorch:BasicsTransformerLM.layers.15,PushPop,30,30,12,24,134847,5618.6,5583.5,4640,6752,964.0,"void at::native::elementwise_kernel<(int)128, (int)2, void at::native::gpu_kernel_impl_nocast<at::native::direct_copy_kernel_cuda(at::TensorIteratorBase &)::[lambda() (instance 3)]::operator ()() const::[lambda() (instance 7)]::operator ()() const::[lambda(float) (instance 1)]>(at::TensorIteratorBase &, const T1 &)::[lambda(int) (instance 1)]>(int, T3)"
PyTorch:BasicsTransformerLM.layers.15,PushPop,30,30,12,12,84383,7031.9,7040.0,6976,7104,33.8,"void at::native::reduce_kernel<(int)512, (int)1, at::native::ReduceOp<float, at::native::func_wrapper_t<float, at::native::sum_functor<float, float, float>::operator ()(at::TensorIterator &)::[lambda(float, float) (instance 1)]>, unsigned int, float, (int)4, (int)4>>(T3)"
PyTorch:BasicsTransformerLM.layers.15,PushPop,30,30,12,12,70880,5906.7,5792.0,5696,6528,302.5,"void at::native::vectorized_elementwise_kernel<(int)4, at::native::sigmoid_kernel_cuda(at::TensorIteratorBase &)::[lambda() (instance 2)]::operator ()() const::[lambda() (instance 2)]::operator ()() const::[lambda(float) (instance 1)], std::array<char *, (unsigned long)2>>(int, T2, T3)"
PyTorch:BasicsTransformerLM.layers.15,PushPop,30,30,12,12,63040,5253.3,5120.0,5056,5696,224.1,"void at::native::vectorized_elementwise_kernel<(int)4, at::native::exp_kernel_cuda(at::TensorIteratorBase &)::[lambda() (instance 2)]::operator ()() const::[lambda() (instance 2)]::operator ()() const::[lambda(float) (instance 1)], std::array<char *, (unsigned long)2>>(int, T2, T3)"
PyTorch:BasicsTransformerLM.layers.15,PushPop,30,30,12,12,61056,5088.0,4992.0,4896,5536,231.2,"void at::native::vectorized_elementwise_kernel<(int)4, at::native::BUnaryFunctor<float, float, float, at::native::binary_internal::MulFunctor<float>>, std::array<char *, (unsigned long)2>>(int, T2, T3)"
PyTorch:BasicsTransformerLM.layers.15,PushPop,30,30,12,24,58304,2429.3,2432.0,2304,2624,81.1,"void at::native::vectorized_elementwise_kernel<(int)4, void at::native::<unnamed>::pow_tensor_scalar_kernel_impl<float, float>(at::TensorIteratorBase &, T2)::[lambda(float) (instance 1)], std::array<char *, (unsigned long)2>>(int, T2, T3)"
PyTorch:BasicsTransformerLM.layers.15,PushPop,30,30,12,24,36511,1521.3,1536.0,1312,1792,127.6,"void at::native::vectorized_elementwise_kernel<(int)4, at::native::CUDAFunctorOnSelf_add<float>, std::array<char *, (unsigned long)2>>(int, T2, T3)"
PyTorch:BasicsTransformerLM.layers.15,PushPop,30,30,12,24,35104,1462.7,1440.0,1408,1632,49.5,"void at::native::vectorized_elementwise_kernel<(int)4, at::native::rsqrt_kernel_cuda(at::TensorIteratorBase &)::[lambda() (instance 2)]::operator ()() const::[lambda() (instance 2)]::operator ()() const::[lambda(float) (instance 1)], std::array<char *, (unsigned long)2>>(int, T2, T3)"
PyTorch:BasicsTransformerLM.layers.15,PushPop,30,30,12,12,31808,2650.7,2592.0,2528,3392,237.1,"void at::native::elementwise_kernel<(int)128, (int)4, void at::native::gpu_kernel_impl_nocast<at::native::<unnamed>::CompareFunctor<long>>(at::TensorIteratorBase &, const T1 &)::[lambda(int) (instance 1)]>(int, T3)"
PyTorch:BasicsTransformerLM.layers.15,PushPop,30,30,12,12,13280,1106.7,1088.0,928,1504,176.0,"void at::native::vectorized_elementwise_kernel<(int)4, at::native::FillFunctor<float>, std::array<char *, (unsigned long)1>>(int, T2, T3)"
PyTorch:BasicsTransformerLM.layers.15,PushPop,30,30,12,12,12736,1061.3,1008.0,960,1216,100.1,"void <unnamed>::elementwise_kernel_with_index<int, at::native::arange_cuda_out(const c10::Scalar &, const c10::Scalar &, const c10::Scalar &, at::Tensor &)::[lambda() (instance 1)]::operator ()() const::[lambda() (instance 4)]::operator ()() const::[lambda(long) (instance 1)]>(T1, T2, function_traits<T2>::result_type *)"
PyTorch:BasicsTransformerLM.layers.15.attn,PushPop,30,30,12,48,4518031,94125.6,93807.5,93407,98848,920.5,cutlass3x_sm100_simt_sgemm_f32_f32_f32_f32_f32_64x32x16_1x1x1_3_tnn_align1_bias_f32_relu
PyTorch:BasicsTransformerLM.layers.15.attn,PushPop,30,30,12,96,328063,3417.3,3456.0,3104,4096,155.1,"void at::native::elementwise_kernel<(int)128, (int)2, void at::native::gpu_kernel_impl_nocast<at::native::BinaryFunctor<float, float, float, at::native::binary_internal::MulFunctor<float>>>(at::TensorIteratorBase &, const T1 &)::[lambda(int) (instance 1)]>(int, T3)"
PyTorch:BasicsTransformerLM.layers.15.attn,PushPop,30,30,12,12,319520,26626.7,26800.0,24160,27488,806.3,cutlass3x_sm100_simt_sgemm_f32_f32_f32_f32_f32_128x64x16_1x1x1_3_tnn_align1_bias_f32_relu
PyTorch:BasicsTransformerLM.layers.15.attn,PushPop,30,30,12,12,253631,21135.9,21040.0,20960,22016,285.7,cutlass3x_sm100_simt_sgemm_f32_f32_f32_f32_f32_64x32x16_1x1x1_3_nnn_align1_bias_f32_relu
PyTorch:BasicsTransformerLM.layers.15.attn,PushPop,30,30,12,24,217952,9081.3,9056.0,8864,9632,184.7,"void at::native::<unnamed>::CatArrayBatchedCopy<at::native::<unnamed>::OpaqueType<(unsigned int)4>, unsigned int, (int)4, (int)64, (int)64>(T1 *, at::native::<unnamed>::CatArrInputTensorMetadata<T1, T2, T4, T5>, at::native::<unnamed>::TensorSizeStride<T2, (unsigned int)4>, int, T2)"
PyTorch:BasicsTransformerLM.layers.15.attn,PushPop,30,30,12,12,183968,15330.7,15264.0,15104,15840,211.6,"void at::native::elementwise_kernel<(int)128, (int)2, void at::native::gpu_kernel_impl_nocast<at::native::BinaryFunctor<float, float, float, at::native::binary_internal::DivFunctor<float>>>(at::TensorIteratorBase &, const T1 &)::[lambda(int) (instance 1)]>(int, T3)"
PyTorch:BasicsTransformerLM.layers.15.attn,PushPop,30,30,12,12,159070,13255.8,13136.0,13056,14528,406.2,"void at::native::reduce_kernel<(int)512, (int)1, at::native::ReduceOp<float, at::native::MaxOps<float>, unsigned int, float, (int)4, (int)4>>(T3)"
PyTorch:BasicsTransformerLM.layers.15.attn,PushPop,30,30,12,12,157760,13146.7,13136.0,12992,13344,113.2,"void at::native::elementwise_kernel<(int)128, (int)2, void at::native::gpu_kernel_impl_nocast<at::native::<unnamed>::where_kernel_impl(at::TensorIterator &)::[lambda() (instance 1)]::operator ()() const::[lambda() (instance 11)]::operator ()() const::[lambda(bool, float, float) (instance 1)]>(at::TensorIteratorBase &, const T1 &)::[lambda(int) (instance 1)]>(int, T3)"
PyTorch:BasicsTransformerLM.layers.15.attn,PushPop,30,30,12,12,152576,12714.7,12736.0,12576,12800,61.5,"void at::native::elementwise_kernel<(int)128, (int)2, void at::native::gpu_kernel_impl_nocast<at::native::CUDAFunctor_add<float>>(at::TensorIteratorBase &, const T1 &)::[lambda(int) (instance 1)]>(int, T3)"
PyTorch:BasicsTransformerLM.layers.15.attn,PushPop,30,30,12,24,134847,5618.6,5583.5,4640,6752,964.0,"void at::native::elementwise_kernel<(int)128, (int)2, void at::native::gpu_kernel_impl_nocast<at::native::direct_copy_kernel_cuda(at::TensorIteratorBase &)::[lambda() (instance 3)]::operator ()() const::[lambda() (instance 7)]::operator ()() const::[lambda(float) (instance 1)]>(at::TensorIteratorBase &, const T1 &)::[lambda(int) (instance 1)]>(int, T3)"
PyTorch:BasicsTransformerLM.layers.15.attn,PushPop,30,30,12,48,99871,2080.6,2048.0,1952,2336,72.7,"void at::native::vectorized_elementwise_kernel<(int)4, at::native::CUDAFunctor_add<float>, std::array<char *, (unsigned long)3>>(int, T2, T3)"
PyTorch:BasicsTransformerLM.layers.15.attn,PushPop,30,30,12,12,84383,7031.9,7040.0,6976,7104,33.8,"void at::native::reduce_kernel<(int)512, (int)1, at::native::ReduceOp<float, at::native::func_wrapper_t<float, at::native::sum_functor<float, float, float>::operator ()(at::TensorIterator &)::[lambda(float, float) (instance 1)]>, unsigned int, float, (int)4, (int)4>>(T3)"
PyTorch:BasicsTransformerLM.layers.15.attn,PushPop,30,30,12,12,63040,5253.3,5120.0,5056,5696,224.1,"void at::native::vectorized_elementwise_kernel<(int)4, at::native::exp_kernel_cuda(at::TensorIteratorBase &)::[lambda() (instance 2)]::operator ()() const::[lambda() (instance 2)]::operator ()() const::[lambda(float) (instance 1)], std::array<char *, (unsigned long)2>>(int, T2, T3)"
PyTorch:BasicsTransformerLM.layers.15.attn,PushPop,30,30,12,12,61056,5088.0,4992.0,4896,5536,231.2,"void at::native::vectorized_elementwise_kernel<(int)4, at::native::BUnaryFunctor<float, float, float, at::native::binary_internal::MulFunctor<float>>, std::array<char *, (unsigned long)2>>(int, T2, T3)"
PyTorch:BasicsTransformerLM.layers.15.attn,PushPop,30,30,12,12,31808,2650.7,2592.0,2528,3392,237.1,"void at::native::elementwise_kernel<(int)128, (int)4, void at::native::gpu_kernel_impl_nocast<at::native::<unnamed>::CompareFunctor<long>>(at::TensorIteratorBase &, const T1 &)::[lambda(int) (instance 1)]>(int, T3)"
PyTorch:BasicsTransformerLM.layers.15.attn,PushPop,30,30,12,12,13280,1106.7,1088.0,928,1504,176.0,"void at::native::vectorized_elementwise_kernel<(int)4, at::native::FillFunctor<float>, std::array<char *, (unsigned long)1>>(int, T2, T3)"
PyTorch:BasicsTransformerLM.layers.15.attn,PushPop,30,30,12,12,12736,1061.3,1008.0,960,1216,100.1,"void <unnamed>::elementwise_kernel_with_index<int, at::native::arange_cuda_out(const c10::Scalar &, const c10::Scalar &, const c10::Scalar &, at::Tensor &)::[lambda() (instance 1)]::operator ()() const::[lambda() (instance 4)]::operator ()() const::[lambda(long) (instance 1)]>(T1, T2, function_traits<T2>::result_type *)"
PyTorch:BasicsTransformerLM.layers.15.attn.k_proj,PushPop,30,30,12,12,1127163,93930.3,93663.5,93440,96223,750.9,cutlass3x_sm100_simt_sgemm_f32_f32_f32_f32_f32_64x32x16_1x1x1_3_tnn_align1_bias_f32_relu
PyTorch:BasicsTransformerLM.layers.15.attn.output_proj,PushPop,30,30,12,12,1136860,94738.3,94431.0,93951,98848,1307.1,cutlass3x_sm100_simt_sgemm_f32_f32_f32_f32_f32_64x32x16_1x1x1_3_tnn_align1_bias_f32_relu
PyTorch:BasicsTransformerLM.layers.15.attn.q_proj,PushPop,30,30,12,12,1127645,93970.4,93712.0,93536,95903,676.1,cutlass3x_sm100_simt_sgemm_f32_f32_f32_f32_f32_64x32x16_1x1x1_3_tnn_align1_bias_f32_relu
PyTorch:BasicsTransformerLM.layers.15.attn.v_proj,PushPop,30,30,12,12,1126363,93863.6,93728.0,93407,95648,581.8,cutlass3x_sm100_simt_sgemm_f32_f32_f32_f32_f32_64x32x16_1x1x1_3_tnn_align1_bias_f32_relu
PyTorch:BasicsTransformerLM.layers.15.ffn,PushPop,30,30,12,24,7524614,313525.6,312367.0,312030,325471,3582.6,cutlass3x_sm100_simt_sgemm_f32_f32_f32_f32_f32_64x128x16_1x1x1_3_tnn_align1_bias_f32_relu
PyTorch:BasicsTransformerLM.layers.15.ffn,PushPop,30,30,12,12,4339345,361612.1,360542.5,359519,374047,3953.8,cutlass3x_sm100_simt_sgemm_f32_f32_f32_f32_f32_64x32x16_1x1x1_3_tnn_align1_bias_f32_relu
PyTorch:BasicsTransformerLM.layers.15.ffn,PushPop,30,30,12,24,154784,6449.3,6480.0,5504,7328,730.9,"void at::native::vectorized_elementwise_kernel<(int)4, at::native::BinaryFunctor<float, float, float, at::native::binary_internal::MulFunctor<float>>, std::array<char *, (unsigned long)3>>(int, T2, T3)"
PyTorch:BasicsTransformerLM.layers.15.ffn,PushPop,30,30,12,12,70880,5906.7,5792.0,5696,6528,302.5,"void at::native::vectorized_elementwise_kernel<(int)4, at::native::sigmoid_kernel_cuda(at::TensorIteratorBase &)::[lambda() (instance 2)]::operator ()() const::[lambda() (instance 2)]::operator ()() const::[lambda(float) (instance 1)], std::array<char *, (unsigned long)2>>(int, T2, T3)"
PyTorch:BasicsTransformerLM.layers.15.ffn.w1,PushPop,30,30,12,12,3762868,313572.3,312431.0,312223,324671,3514.4,cutlass3x_sm100_simt_sgemm_f32_f32_f32_f32_f32_64x128x16_1x1x1_3_tnn_align1_bias_f32_relu
PyTorch:BasicsTransformerLM.layers.15.ffn.w2,PushPop,30,30,12,12,4339345,361612.1,360542.5,359519,374047,3953.8,cutlass3x_sm100_simt_sgemm_f32_f32_f32_f32_f32_64x32x16_1x1x1_3_tnn_align1_bias_f32_relu
PyTorch:BasicsTransformerLM.layers.15.ffn.w3,PushPop,30,30,12,12,3761746,313478.8,312159.0,312030,325471,3805.3,cutlass3x_sm100_simt_sgemm_f32_f32_f32_f32_f32_64x128x16_1x1x1_3_tnn_align1_bias_f32_relu
PyTorch:BasicsTransformerLM.layers.15.ln1,PushPop,30,30,12,24,113248,4718.7,4720.0,4608,4832,51.7,"void at::native::elementwise_kernel<(int)128, (int)2, void at::native::gpu_kernel_impl_nocast<at::native::BinaryFunctor<float, float, float, at::native::binary_internal::MulFunctor<float>>>(at::TensorIteratorBase &, const T1 &)::[lambda(int) (instance 1)]>(int, T3)"
PyTorch:BasicsTransformerLM.layers.15.ln1,PushPop,30,30,12,12,72992,6082.7,6064.0,6016,6240,70.2,"void at::native::reduce_kernel<(int)512, (int)1, at::native::ReduceOp<float, at::native::MeanOps<float, float, float, float>, unsigned int, float, (int)4, (int)4>>(T3)"
PyTorch:BasicsTransformerLM.layers.15.ln1,PushPop,30,30,12,12,29472,2456.0,2464.0,2336,2624,80.9,"void at::native::vectorized_elementwise_kernel<(int)4, void at::native::<unnamed>::pow_tensor_scalar_kernel_impl<float, float>(at::TensorIteratorBase &, T2)::[lambda(float) (instance 1)], std::array<char *, (unsigned long)2>>(int, T2, T3)"
PyTorch:BasicsTransformerLM.layers.15.ln1,PushPop,30,30,12,12,18271,1522.6,1567.5,1312,1792,149.7,"void at::native::vectorized_elementwise_kernel<(int)4, at::native::CUDAFunctorOnSelf_add<float>, std::array<char *, (unsigned long)2>>(int, T2, T3)"
PyTorch:BasicsTransformerLM.layers.15.ln1,PushPop,30,30,12,12,17568,1464.0,1456.0,1408,1568,41.2,"void at::native::vectorized_elementwise_kernel<(int)4, at::native::rsqrt_kernel_cuda(at::TensorIteratorBase &)::[lambda() (instance 2)]::operator ()() const::[lambda() (instance 2)]::operator ()() const::[lambda(float) (instance 1)], std::array<char *, (unsigned long)2>>(int, T2, T3)"
PyTorch:BasicsTransformerLM.layers.15.ln2,PushPop,30,30,12,24,113087,4712.0,4704.0,4640,4800,43.5,"void at::native::elementwise_kernel<(int)128, (int)2, void at::native::gpu_kernel_impl_nocast<at::native::BinaryFunctor<float, float, float, at::native::binary_internal::MulFunctor<float>>>(at::TensorIteratorBase &, const T1 &)::[lambda(int) (instance 1)]>(int, T3)"
PyTorch:BasicsTransformerLM.layers.15.ln2,PushPop,30,30,12,12,73216,6101.3,6080.0,6048,6272,60.0,"void at::native::reduce_kernel<(int)512, (int)1, at::native::ReduceOp<float, at::native::MeanOps<float, float, float, float>, unsigned int, float, (int)4, (int)4>>(T3)"
PyTorch:BasicsTransformerLM.layers.15.ln2,PushPop,30,30,12,12,28832,2402.7,2368.0,2304,2592,75.3,"void at::native::vectorized_elementwise_kernel<(int)4, void at::native::<unnamed>::pow_tensor_scalar_kernel_impl<float, float>(at::TensorIteratorBase &, T2)::[lambda(float) (instance 1)], std::array<char *, (unsigned long)2>>(int, T2, T3)"
PyTorch:BasicsTransformerLM.layers.15.ln2,PushPop,30,30,12,12,18240,1520.0,1504.0,1312,1792,107.9,"void at::native::vectorized_elementwise_kernel<(int)4, at::native::CUDAFunctorOnSelf_add<float>, std::array<char *, (unsigned long)2>>(int, T2, T3)"
PyTorch:BasicsTransformerLM.layers.15.ln2,PushPop,30,30,12,12,17536,1461.3,1440.0,1408,1632,58.4,"void at::native::vectorized_elementwise_kernel<(int)4, at::native::rsqrt_kernel_cuda(at::TensorIteratorBase &)::[lambda() (instance 2)]::operator ()() const::[lambda() (instance 2)]::operator ()() const::[lambda(float) (instance 1)], std::array<char *, (unsigned long)2>>(int, T2, T3)"
PyTorch:BasicsTransformerLM.layers.16,PushPop,30,30,12,60,8848992,147483.2,93984.0,93375,367967,107651.3,cutlass3x_sm100_simt_sgemm_f32_f32_f32_f32_f32_64x32x16_1x1x1_3_tnn_align1_bias_f32_relu
PyTorch:BasicsTransformerLM.layers.16,PushPop,30,30,12,24,7519044,313293.5,312494.5,312095,322239,2637.6,cutlass3x_sm100_simt_sgemm_f32_f32_f32_f32_f32_64x128x16_1x1x1_3_tnn_align1_bias_f32_relu
PyTorch:BasicsTransformerLM.layers.16,PushPop,30,30,12,144,550267,3821.3,3488.0,3104,4992,627.8,"void at::native::elementwise_kernel<(int)128, (int)2, void at::native::gpu_kernel_impl_nocast<at::native::BinaryFunctor<float, float, float, at::native::binary_internal::MulFunctor<float>>>(at::TensorIteratorBase &, const T1 &)::[lambda(int) (instance 1)]>(int, T3)"
PyTorch:BasicsTransformerLM.layers.16,PushPop,30,30,12,12,323327,26943.9,26912.0,26784,27424,174.8,cutlass3x_sm100_simt_sgemm_f32_f32_f32_f32_f32_128x64x16_1x1x1_3_tnn_align1_bias_f32_relu
PyTorch:BasicsTransformerLM.layers.16,PushPop,30,30,12,12,254656,21221.3,21152.0,21088,21856,204.6,cutlass3x_sm100_simt_sgemm_f32_f32_f32_f32_f32_64x32x16_1x1x1_3_nnn_align1_bias_f32_relu
PyTorch:BasicsTransformerLM.layers.16,PushPop,30,30,12,24,217600,9066.7,9056.0,8864,9280,116.2,"void at::native::<unnamed>::CatArrayBatchedCopy<at::native::<unnamed>::OpaqueType<(unsigned int)4>, unsigned int, (int)4, (int)64, (int)64>(T1 *, at::native::<unnamed>::CatArrInputTensorMetadata<T1, T2, T4, T5>, at::native::<unnamed>::TensorSizeStride<T2, (unsigned int)4>, int, T2)"
PyTorch:BasicsTransformerLM.layers.16,PushPop,30,30,12,72,184000,2555.6,2192.0,2016,3808,593.2,"void at::native::vectorized_elementwise_kernel<(int)4, at::native::CUDAFunctor_add<float>, std::array<char *, (unsigned long)3>>(int, T2, T3)"
PyTorch:BasicsTransformerLM.layers.16,PushPop,30,30,12,12,183264,15272.0,15248.0,15136,15584,119.1,"void at::native::elementwise_kernel<(int)128, (int)2, void at::native::gpu_kernel_impl_nocast<at::native::BinaryFunctor<float, float, float, at::native::binary_internal::DivFunctor<float>>>(at::TensorIteratorBase &, const T1 &)::[lambda(int) (instance 1)]>(int, T3)"
PyTorch:BasicsTransformerLM.layers.16,PushPop,30,30,12,12,158239,13186.6,13184.0,13056,13376,97.9,"void at::native::elementwise_kernel<(int)128, (int)2, void at::native::gpu_kernel_impl_nocast<at::native::<unnamed>::where_kernel_impl(at::TensorIterator &)::[lambda() (instance 1)]::operator ()() const::[lambda() (instance 11)]::operator ()() const::[lambda(bool, float, float) (instance 1)]>(at::TensorIteratorBase &, const T1 &)::[lambda(int) (instance 1)]>(int, T3)"
PyTorch:BasicsTransformerLM.layers.16,PushPop,30,30,12,12,157887,13157.3,13136.0,13055,13344,89.4,"void at::native::reduce_kernel<(int)512, (int)1, at::native::ReduceOp<float, at::native::MaxOps<float>, unsigned int, float, (int)4, (int)4>>(T3)"
PyTorch:BasicsTransformerLM.layers.16,PushPop,30,30,12,24,154912,6454.7,6592.0,5472,7584,735.6,"void at::native::vectorized_elementwise_kernel<(int)4, at::native::BinaryFunctor<float, float, float, at::native::binary_internal::MulFunctor<float>>, std::array<char *, (unsigned long)3>>(int, T2, T3)"
PyTorch:BasicsTransformerLM.layers.16,PushPop,30,30,12,12,152830,12735.8,12768.0,12576,12831,73.2,"void at::native::elementwise_kernel<(int)128, (int)2, void at::native::gpu_kernel_impl_nocast<at::native::CUDAFunctor_add<float>>(at::TensorIteratorBase &, const T1 &)::[lambda(int) (instance 1)]>(int, T3)"
PyTorch:BasicsTransformerLM.layers.16,PushPop,30,30,12,24,144800,6033.3,6016.0,5952,6144,64.0,"void at::native::reduce_kernel<(int)512, (int)1, at::native::ReduceOp<float, at::native::MeanOps<float, float, float, float>, unsigned int, float, (int)4, (int)4>>(T3)"
PyTorch:BasicsTransformerLM.layers.16,PushPop,30,30,12,24,134304,5596.0,5568.0,4576,6816,1009.1,"void at::native::elementwise_kernel<(int)128, (int)2, void at::native::gpu_kernel_impl_nocast<at::native::direct_copy_kernel_cuda(at::TensorIteratorBase &)::[lambda() (instance 3)]::operator ()() const::[lambda() (instance 7)]::operator ()() const::[lambda(float) (instance 1)]>(at::TensorIteratorBase &, const T1 &)::[lambda(int) (instance 1)]>(int, T3)"
PyTorch:BasicsTransformerLM.layers.16,PushPop,30,30,12,12,84608,7050.7,7040.0,6944,7136,60.0,"void at::native::reduce_kernel<(int)512, (int)1, at::native::ReduceOp<float, at::native::func_wrapper_t<float, at::native::sum_functor<float, float, float>::operator ()(at::TensorIterator &)::[lambda(float, float) (instance 1)]>, unsigned int, float, (int)4, (int)4>>(T3)"
PyTorch:BasicsTransformerLM.layers.16,PushPop,30,30,12,12,72223,6018.6,5855.5,5696,6656,359.4,"void at::native::vectorized_elementwise_kernel<(int)4, at::native::sigmoid_kernel_cuda(at::TensorIteratorBase &)::[lambda() (instance 2)]::operator ()() const::[lambda() (instance 2)]::operator ()() const::[lambda(float) (instance 1)], std::array<char *, (unsigned long)2>>(int, T2, T3)"
PyTorch:BasicsTransformerLM.layers.16,PushPop,30,30,12,12,63424,5285.3,5232.0,5056,5664,196.2,"void at::native::vectorized_elementwise_kernel<(int)4, at::native::exp_kernel_cuda(at::TensorIteratorBase &)::[lambda() (instance 2)]::operator ()() const::[lambda() (instance 2)]::operator ()() const::[lambda(float) (instance 1)], std::array<char *, (unsigned long)2>>(int, T2, T3)"
PyTorch:BasicsTransformerLM.layers.16,PushPop,30,30,12,12,61216,5101.3,5024.0,4960,5536,186.8,"void at::native::vectorized_elementwise_kernel<(int)4, at::native::BUnaryFunctor<float, float, float, at::native::binary_internal::MulFunctor<float>>, std::array<char *, (unsigned long)2>>(int, T2, T3)"
PyTorch:BasicsTransformerLM.layers.16,PushPop,30,30,12,24,58656,2444.0,2464.0,2336,2592,69.2,"void at::native::vectorized_elementwise_kernel<(int)4, void at::native::<unnamed>::pow_tensor_scalar_kernel_impl<float, float>(at::TensorIteratorBase &, T2)::[lambda(float) (instance 1)], std::array<char *, (unsigned long)2>>(int, T2, T3)"
PyTorch:BasicsTransformerLM.layers.16,PushPop,30,30,12,24,35840,1493.3,1536.0,1152,1792,167.9,"void at::native::vectorized_elementwise_kernel<(int)4, at::native::CUDAFunctorOnSelf_add<float>, std::array<char *, (unsigned long)2>>(int, T2, T3)"
PyTorch:BasicsTransformerLM.layers.16,PushPop,30,30,12,24,35424,1476.0,1472.0,1280,1696,93.1,"void at::native::vectorized_elementwise_kernel<(int)4, at::native::rsqrt_kernel_cuda(at::TensorIteratorBase &)::[lambda() (instance 2)]::operator ()() const::[lambda() (instance 2)]::operator ()() const::[lambda(float) (instance 1)], std::array<char *, (unsigned long)2>>(int, T2, T3)"
PyTorch:BasicsTransformerLM.layers.16,PushPop,30,30,12,12,31487,2623.9,2656.0,2432,2816,125.9,"void at::native::elementwise_kernel<(int)128, (int)4, void at::native::gpu_kernel_impl_nocast<at::native::<unnamed>::CompareFunctor<long>>(at::TensorIteratorBase &, const T1 &)::[lambda(int) (instance 1)]>(int, T3)"
PyTorch:BasicsTransformerLM.layers.16,PushPop,30,30,12,12,12704,1058.7,1088.0,928,1280,110.4,"void at::native::vectorized_elementwise_kernel<(int)4, at::native::FillFunctor<float>, std::array<char *, (unsigned long)1>>(int, T2, T3)"
PyTorch:BasicsTransformerLM.layers.16,PushPop,30,30,12,12,12448,1037.3,992.0,960,1184,83.5,"void <unnamed>::elementwise_kernel_with_index<int, at::native::arange_cuda_out(const c10::Scalar &, const c10::Scalar &, const c10::Scalar &, at::Tensor &)::[lambda() (instance 1)]::operator ()() const::[lambda() (instance 4)]::operator ()() const::[lambda(long) (instance 1)]>(T1, T2, function_traits<T2>::result_type *)"
PyTorch:BasicsTransformerLM.layers.16.attn,PushPop,30,30,12,48,4517359,94111.6,93824.0,93375,97568,867.1,cutlass3x_sm100_simt_sgemm_f32_f32_f32_f32_f32_64x32x16_1x1x1_3_tnn_align1_bias_f32_relu
PyTorch:BasicsTransformerLM.layers.16.attn,PushPop,30,30,12,96,325852,3394.3,3456.0,3104,3968,191.0,"void at::native::elementwise_kernel<(int)128, (int)2, void at::native::gpu_kernel_impl_nocast<at::native::BinaryFunctor<float, float, float, at::native::binary_internal::MulFunctor<float>>>(at::TensorIteratorBase &, const T1 &)::[lambda(int) (instance 1)]>(int, T3)"
PyTorch:BasicsTransformerLM.layers.16.attn,PushPop,30,30,12,12,323327,26943.9,26912.0,26784,27424,174.8,cutlass3x_sm100_simt_sgemm_f32_f32_f32_f32_f32_128x64x16_1x1x1_3_tnn_align1_bias_f32_relu
PyTorch:BasicsTransformerLM.layers.16.attn,PushPop,30,30,12,12,254656,21221.3,21152.0,21088,21856,204.6,cutlass3x_sm100_simt_sgemm_f32_f32_f32_f32_f32_64x32x16_1x1x1_3_nnn_align1_bias_f32_relu
PyTorch:BasicsTransformerLM.layers.16.attn,PushPop,30,30,12,24,217600,9066.7,9056.0,8864,9280,116.2,"void at::native::<unnamed>::CatArrayBatchedCopy<at::native::<unnamed>::OpaqueType<(unsigned int)4>, unsigned int, (int)4, (int)64, (int)64>(T1 *, at::native::<unnamed>::CatArrInputTensorMetadata<T1, T2, T4, T5>, at::native::<unnamed>::TensorSizeStride<T2, (unsigned int)4>, int, T2)"
PyTorch:BasicsTransformerLM.layers.16.attn,PushPop,30,30,12,12,183264,15272.0,15248.0,15136,15584,119.1,"void at::native::elementwise_kernel<(int)128, (int)2, void at::native::gpu_kernel_impl_nocast<at::native::BinaryFunctor<float, float, float, at::native::binary_internal::DivFunctor<float>>>(at::TensorIteratorBase &, const T1 &)::[lambda(int) (instance 1)]>(int, T3)"
PyTorch:BasicsTransformerLM.layers.16.attn,PushPop,30,30,12,12,158239,13186.6,13184.0,13056,13376,97.9,"void at::native::elementwise_kernel<(int)128, (int)2, void at::native::gpu_kernel_impl_nocast<at::native::<unnamed>::where_kernel_impl(at::TensorIterator &)::[lambda() (instance 1)]::operator ()() const::[lambda() (instance 11)]::operator ()() const::[lambda(bool, float, float) (instance 1)]>(at::TensorIteratorBase &, const T1 &)::[lambda(int) (instance 1)]>(int, T3)"
PyTorch:BasicsTransformerLM.layers.16.attn,PushPop,30,30,12,12,157887,13157.3,13136.0,13055,13344,89.4,"void at::native::reduce_kernel<(int)512, (int)1, at::native::ReduceOp<float, at::native::MaxOps<float>, unsigned int, float, (int)4, (int)4>>(T3)"
PyTorch:BasicsTransformerLM.layers.16.attn,PushPop,30,30,12,12,152830,12735.8,12768.0,12576,12831,73.2,"void at::native::elementwise_kernel<(int)128, (int)2, void at::native::gpu_kernel_impl_nocast<at::native::CUDAFunctor_add<float>>(at::TensorIteratorBase &, const T1 &)::[lambda(int) (instance 1)]>(int, T3)"
PyTorch:BasicsTransformerLM.layers.16.attn,PushPop,30,30,12,24,134304,5596.0,5568.0,4576,6816,1009.1,"void at::native::elementwise_kernel<(int)128, (int)2, void at::native::gpu_kernel_impl_nocast<at::native::direct_copy_kernel_cuda(at::TensorIteratorBase &)::[lambda() (instance 3)]::operator ()() const::[lambda() (instance 7)]::operator ()() const::[lambda(float) (instance 1)]>(at::TensorIteratorBase &, const T1 &)::[lambda(int) (instance 1)]>(int, T3)"
PyTorch:BasicsTransformerLM.layers.16.attn,PushPop,30,30,12,48,103008,2146.0,2144.0,2016,2272,60.3,"void at::native::vectorized_elementwise_kernel<(int)4, at::native::CUDAFunctor_add<float>, std::array<char *, (unsigned long)3>>(int, T2, T3)"
PyTorch:BasicsTransformerLM.layers.16.attn,PushPop,30,30,12,12,84608,7050.7,7040.0,6944,7136,60.0,"void at::native::reduce_kernel<(int)512, (int)1, at::native::ReduceOp<float, at::native::func_wrapper_t<float, at::native::sum_functor<float, float, float>::operator ()(at::TensorIterator &)::[lambda(float, float) (instance 1)]>, unsigned int, float, (int)4, (int)4>>(T3)"
PyTorch:BasicsTransformerLM.layers.16.attn,PushPop,30,30,12,12,63424,5285.3,5232.0,5056,5664,196.2,"void at::native::vectorized_elementwise_kernel<(int)4, at::native::exp_kernel_cuda(at::TensorIteratorBase &)::[lambda() (instance 2)]::operator ()() const::[lambda() (instance 2)]::operator ()() const::[lambda(float) (instance 1)], std::array<char *, (unsigned long)2>>(int, T2, T3)"
PyTorch:BasicsTransformerLM.layers.16.attn,PushPop,30,30,12,12,61216,5101.3,5024.0,4960,5536,186.8,"void at::native::vectorized_elementwise_kernel<(int)4, at::native::BUnaryFunctor<float, float, float, at::native::binary_internal::MulFunctor<float>>, std::array<char *, (unsigned long)2>>(int, T2, T3)"
PyTorch:BasicsTransformerLM.layers.16.attn,PushPop,30,30,12,12,31487,2623.9,2656.0,2432,2816,125.9,"void at::native::elementwise_kernel<(int)128, (int)4, void at::native::gpu_kernel_impl_nocast<at::native::<unnamed>::CompareFunctor<long>>(at::TensorIteratorBase &, const T1 &)::[lambda(int) (instance 1)]>(int, T3)"
PyTorch:BasicsTransformerLM.layers.16.attn,PushPop,30,30,12,12,12704,1058.7,1088.0,928,1280,110.4,"void at::native::vectorized_elementwise_kernel<(int)4, at::native::FillFunctor<float>, std::array<char *, (unsigned long)1>>(int, T2, T3)"
PyTorch:BasicsTransformerLM.layers.16.attn,PushPop,30,30,12,12,12448,1037.3,992.0,960,1184,83.5,"void <unnamed>::elementwise_kernel_with_index<int, at::native::arange_cuda_out(const c10::Scalar &, const c10::Scalar &, const c10::Scalar &, at::Tensor &)::[lambda() (instance 1)]::operator ()() const::[lambda() (instance 4)]::operator ()() const::[lambda(long) (instance 1)]>(T1, T2, function_traits<T2>::result_type *)"
PyTorch:BasicsTransformerLM.layers.16.attn.k_proj,PushPop,30,30,12,12,1128027,94002.3,93776.0,93663,96319,735.3,cutlass3x_sm100_simt_sgemm_f32_f32_f32_f32_f32_64x32x16_1x1x1_3_tnn_align1_bias_f32_relu
PyTorch:BasicsTransformerLM.layers.16.attn.output_proj,PushPop,30,30,12,12,1134907,94575.6,94271.5,94079,97568,976.6,cutlass3x_sm100_simt_sgemm_f32_f32_f32_f32_f32_64x32x16_1x1x1_3_tnn_align1_bias_f32_relu
PyTorch:BasicsTransformerLM.layers.16.attn.q_proj,PushPop,30,30,12,12,1126684,93890.3,93615.5,93375,96608,874.2,cutlass3x_sm100_simt_sgemm_f32_f32_f32_f32_f32_64x32x16_1x1x1_3_tnn_align1_bias_f32_relu
PyTorch:BasicsTransformerLM.layers.16.attn.v_proj,PushPop,30,30,12,12,1127741,93978.4,93760.0,93439,96384,795.8,cutlass3x_sm100_simt_sgemm_f32_f32_f32_f32_f32_64x32x16_1x1x1_3_tnn_align1_bias_f32_relu
PyTorch:BasicsTransformerLM.layers.16.ffn,PushPop,30,30,12,24,7519044,313293.5,312494.5,312095,322239,2637.6,cutlass3x_sm100_simt_sgemm_f32_f32_f32_f32_f32_64x128x16_1x1x1_3_tnn_align1_bias_f32_relu
PyTorch:BasicsTransformerLM.layers.16.ffn,PushPop,30,30,12,12,4331633,360969.4,360190.5,359647,367967,2297.1,cutlass3x_sm100_simt_sgemm_f32_f32_f32_f32_f32_64x32x16_1x1x1_3_tnn_align1_bias_f32_relu
PyTorch:BasicsTransformerLM.layers.16.ffn,PushPop,30,30,12,24,154912,6454.7,6592.0,5472,7584,735.6,"void at::native::vectorized_elementwise_kernel<(int)4, at::native::BinaryFunctor<float, float, float, at::native::binary_internal::MulFunctor<float>>, std::array<char *, (unsigned long)3>>(int, T2, T3)"
PyTorch:BasicsTransformerLM.layers.16.ffn,PushPop,30,30,12,12,72223,6018.6,5855.5,5696,6656,359.4,"void at::native::vectorized_elementwise_kernel<(int)4, at::native::sigmoid_kernel_cuda(at::TensorIteratorBase &)::[lambda() (instance 2)]::operator ()() const::[lambda() (instance 2)]::operator ()() const::[lambda(float) (instance 1)], std::array<char *, (unsigned long)2>>(int, T2, T3)"
PyTorch:BasicsTransformerLM.layers.16.ffn.w1,PushPop,30,30,12,12,3761300,313441.7,312623.0,312127,322239,2796.0,cutlass3x_sm100_simt_sgemm_f32_f32_f32_f32_f32_64x128x16_1x1x1_3_tnn_align1_bias_f32_relu
PyTorch:BasicsTransformerLM.layers.16.ffn.w2,PushPop,30,30,12,12,4331633,360969.4,360190.5,359647,367967,2297.1,cutlass3x_sm100_simt_sgemm_f32_f32_f32_f32_f32_64x32x16_1x1x1_3_tnn_align1_bias_f32_relu
PyTorch:BasicsTransformerLM.layers.16.ffn.w3,PushPop,30,30,12,12,3757744,313145.3,312399.0,312095,321279,2584.7,cutlass3x_sm100_simt_sgemm_f32_f32_f32_f32_f32_64x128x16_1x1x1_3_tnn_align1_bias_f32_relu
PyTorch:BasicsTransformerLM.layers.16.ln1,PushPop,30,30,12,24,112256,4677.3,4672.0,4576,4992,84.2,"void at::native::elementwise_kernel<(int)128, (int)2, void at::native::gpu_kernel_impl_nocast<at::native::BinaryFunctor<float, float, float, at::native::binary_internal::MulFunctor<float>>>(at::TensorIteratorBase &, const T1 &)::[lambda(int) (instance 1)]>(int, T3)"
PyTorch:BasicsTransformerLM.layers.16.ln1,PushPop,30,30,12,12,72256,6021.3,6000.0,5952,6144,78.2,"void at::native::reduce_kernel<(int)512, (int)1, at::native::ReduceOp<float, at::native::MeanOps<float, float, float, float>, unsigned int, float, (int)4, (int)4>>(T3)"
PyTorch:BasicsTransformerLM.layers.16.ln1,PushPop,30,30,12,12,29280,2440.0,2464.0,2336,2592,74.9,"void at::native::vectorized_elementwise_kernel<(int)4, void at::native::<unnamed>::pow_tensor_scalar_kernel_impl<float, float>(at::TensorIteratorBase &, T2)::[lambda(float) (instance 1)], std::array<char *, (unsigned long)2>>(int, T2, T3)"
PyTorch:BasicsTransformerLM.layers.16.ln1,PushPop,30,30,12,12,18368,1530.7,1536.0,1344,1728,99.2,"void at::native::vectorized_elementwise_kernel<(int)4, at::native::CUDAFunctorOnSelf_add<float>, std::array<char *, (unsigned long)2>>(int, T2, T3)"
PyTorch:BasicsTransformerLM.layers.16.ln1,PushPop,30,30,12,12,17824,1485.3,1456.0,1408,1632,68.8,"void at::native::vectorized_elementwise_kernel<(int)4, at::native::rsqrt_kernel_cuda(at::TensorIteratorBase &)::[lambda() (instance 2)]::operator ()() const::[lambda() (instance 2)]::operator ()() const::[lambda(float) (instance 1)], std::array<char *, (unsigned long)2>>(int, T2, T3)"
PyTorch:BasicsTransformerLM.layers.16.ln2,PushPop,30,30,12,24,112159,4673.3,4656.0,4543,4928,96.5,"void at::native::elementwise_kernel<(int)128, (int)2, void at::native::gpu_kernel_impl_nocast<at::native::BinaryFunctor<float, float, float, at::native::binary_internal::MulFunctor<float>>>(at::TensorIteratorBase &, const T1 &)::[lambda(int) (instance 1)]>(int, T3)"
PyTorch:BasicsTransformerLM.layers.16.ln2,PushPop,30,30,12,12,72544,6045.3,6048.0,5952,6112,46.2,"void at::native::reduce_kernel<(int)512, (int)1, at::native::ReduceOp<float, at::native::MeanOps<float, float, float, float>, unsigned int, float, (int)4, (int)4>>(T3)"
PyTorch:BasicsTransformerLM.layers.16.ln2,PushPop,30,30,12,12,29376,2448.0,2464.0,2368,2592,66.1,"void at::native::vectorized_elementwise_kernel<(int)4, void at::native::<unnamed>::pow_tensor_scalar_kernel_impl<float, float>(at::TensorIteratorBase &, T2)::[lambda(float) (instance 1)], std::array<char *, (unsigned long)2>>(int, T2, T3)"
PyTorch:BasicsTransformerLM.layers.16.ln2,PushPop,30,30,12,12,17600,1466.7,1472.0,1280,1696,114.8,"void at::native::vectorized_elementwise_kernel<(int)4, at::native::rsqrt_kernel_cuda(at::TensorIteratorBase &)::[lambda() (instance 2)]::operator ()() const::[lambda() (instance 2)]::operator ()() const::[lambda(float) (instance 1)], std::array<char *, (unsigned long)2>>(int, T2, T3)"
PyTorch:BasicsTransformerLM.layers.16.ln2,PushPop,30,30,12,12,17472,1456.0,1520.0,1152,1792,214.7,"void at::native::vectorized_elementwise_kernel<(int)4, at::native::CUDAFunctorOnSelf_add<float>, std::array<char *, (unsigned long)2>>(int, T2, T3)"
PyTorch:BasicsTransformerLM.layers.17,PushPop,30,30,12,60,8855076,147584.6,94063.5,93344,375710,108059.8,cutlass3x_sm100_simt_sgemm_f32_f32_f32_f32_f32_64x32x16_1x1x1_3_tnn_align1_bias_f32_relu
PyTorch:BasicsTransformerLM.layers.17,PushPop,30,30,12,24,7515973,313165.5,312495.0,312031,321503,2219.4,cutlass3x_sm100_simt_sgemm_f32_f32_f32_f32_f32_64x128x16_1x1x1_3_tnn_align1_bias_f32_relu
PyTorch:BasicsTransformerLM.layers.17,PushPop,30,30,12,144,553599,3844.4,3488.0,3072,5088,632.1,"void at::native::elementwise_kernel<(int)128, (int)2, void at::native::gpu_kernel_impl_nocast<at::native::BinaryFunctor<float, float, float, at::native::binary_internal::MulFunctor<float>>>(at::TensorIteratorBase &, const T1 &)::[lambda(int) (instance 1)]>(int, T3)"
PyTorch:BasicsTransformerLM.layers.17,PushPop,30,30,12,12,319805,26650.4,26815.5,24384,27296,730.4,cutlass3x_sm100_simt_sgemm_f32_f32_f32_f32_f32_128x64x16_1x1x1_3_tnn_align1_bias_f32_relu
PyTorch:BasicsTransformerLM.layers.17,PushPop,30,30,12,12,253504,21125.3,21072.0,20992,21632,173.0,cutlass3x_sm100_simt_sgemm_f32_f32_f32_f32_f32_64x32x16_1x1x1_3_nnn_align1_bias_f32_relu
PyTorch:BasicsTransformerLM.layers.17,PushPop,30,30,12,24,217248,9052.0,9024.0,8832,9312,131.5,"void at::native::<unnamed>::CatArrayBatchedCopy<at::native::<unnamed>::OpaqueType<(unsigned int)4>, unsigned int, (int)4, (int)64, (int)64>(T1 *, at::native::<unnamed>::CatArrInputTensorMetadata<T1, T2, T4, T5>, at::native::<unnamed>::TensorSizeStride<T2, (unsigned int)4>, int, T2)"
PyTorch:BasicsTransformerLM.layers.17,PushPop,30,30,12,12,183839,15319.9,15264.0,15199,15616,128.2,"void at::native::elementwise_kernel<(int)128, (int)2, void at::native::gpu_kernel_impl_nocast<at::native::BinaryFunctor<float, float, float, at::native::binary_internal::DivFunctor<float>>>(at::TensorIteratorBase &, const T1 &)::[lambda(int) (instance 1)]>(int, T3)"
PyTorch:BasicsTransformerLM.layers.17,PushPop,30,30,12,72,180448,2506.2,2128.0,1920,3648,625.5,"void at::native::vectorized_elementwise_kernel<(int)4, at::native::CUDAFunctor_add<float>, std::array<char *, (unsigned long)3>>(int, T2, T3)"
PyTorch:BasicsTransformerLM.layers.17,PushPop,30,30,12,12,158719,13226.6,13135.5,13024,14336,353.3,"void at::native::reduce_kernel<(int)512, (int)1, at::native::ReduceOp<float, at::native::MaxOps<float>, unsigned int, float, (int)4, (int)4>>(T3)"
PyTorch:BasicsTransformerLM.layers.17,PushPop,30,30,12,12,157984,13165.3,13152.0,13056,13408,86.8,"void at::native::elementwise_kernel<(int)128, (int)2, void at::native::gpu_kernel_impl_nocast<at::native::<unnamed>::where_kernel_impl(at::TensorIterator &)::[lambda() (instance 1)]::operator ()() const::[lambda() (instance 11)]::operator ()() const::[lambda(bool, float, float) (instance 1)]>(at::TensorIteratorBase &, const T1 &)::[lambda(int) (instance 1)]>(int, T3)"
PyTorch:BasicsTransformerLM.layers.17,PushPop,30,30,12,24,154687,6445.3,6640.0,5504,7360,771.3,"void at::native::vectorized_elementwise_kernel<(int)4, at::native::BinaryFunctor<float, float, float, at::native::binary_internal::MulFunctor<float>>, std::array<char *, (unsigned long)3>>(int, T2, T3)"
PyTorch:BasicsTransformerLM.layers.17,PushPop,30,30,12,12,152640,12720.0,12704.0,12608,12928,77.8,"void at::native::elementwise_kernel<(int)128, (int)2, void at::native::gpu_kernel_impl_nocast<at::native::CUDAFunctor_add<float>>(at::TensorIteratorBase &, const T1 &)::[lambda(int) (instance 1)]>(int, T3)"
PyTorch:BasicsTransformerLM.layers.17,PushPop,30,30,12,24,145952,6081.3,6080.0,6016,6176,40.6,"void at::native::reduce_kernel<(int)512, (int)1, at::native::ReduceOp<float, at::native::MeanOps<float, float, float, float>, unsigned int, float, (int)4, (int)4>>(T3)"
PyTorch:BasicsTransformerLM.layers.17,PushPop,30,30,12,24,134911,5621.3,5568.0,4608,6848,976.3,"void at::native::elementwise_kernel<(int)128, (int)2, void at::native::gpu_kernel_impl_nocast<at::native::direct_copy_kernel_cuda(at::TensorIteratorBase &)::[lambda() (instance 3)]::operator ()() const::[lambda() (instance 7)]::operator ()() const::[lambda(float) (instance 1)]>(at::TensorIteratorBase &, const T1 &)::[lambda(int) (instance 1)]>(int, T3)"
PyTorch:BasicsTransformerLM.layers.17,PushPop,30,30,12,12,84703,7058.6,7072.0,6912,7168,71.6,"void at::native::reduce_kernel<(int)512, (int)1, at::native::ReduceOp<float, at::native::func_wrapper_t<float, at::native::sum_functor<float, float, float>::operator ()(at::TensorIterator &)::[lambda(float, float) (instance 1)]>, unsigned int, float, (int)4, (int)4>>(T3)"
PyTorch:BasicsTransformerLM.layers.17,PushPop,30,30,12,12,71006,5917.2,5808.0,5727,6560,264.0,"void at::native::vectorized_elementwise_kernel<(int)4, at::native::sigmoid_kernel_cuda(at::TensorIteratorBase &)::[lambda() (instance 2)]::operator ()() const::[lambda() (instance 2)]::operator ()() const::[lambda(float) (instance 1)], std::array<char *, (unsigned long)2>>(int, T2, T3)"
PyTorch:BasicsTransformerLM.layers.17,PushPop,30,30,12,12,63392,5282.7,5280.0,5056,5568,186.3,"void at::native::vectorized_elementwise_kernel<(int)4, at::native::exp_kernel_cuda(at::TensorIteratorBase &)::[lambda() (instance 2)]::operator ()() const::[lambda() (instance 2)]::operator ()() const::[lambda(float) (instance 1)], std::array<char *, (unsigned long)2>>(int, T2, T3)"
PyTorch:BasicsTransformerLM.layers.17,PushPop,30,30,12,12,61663,5138.6,5104.0,4960,5408,168.5,"void at::native::vectorized_elementwise_kernel<(int)4, at::native::BUnaryFunctor<float, float, float, at::native::binary_internal::MulFunctor<float>>, std::array<char *, (unsigned long)2>>(int, T2, T3)"
PyTorch:BasicsTransformerLM.layers.17,PushPop,30,30,12,24,58592,2441.3,2464.0,2304,2688,91.2,"void at::native::vectorized_elementwise_kernel<(int)4, void at::native::<unnamed>::pow_tensor_scalar_kernel_impl<float, float>(at::TensorIteratorBase &, T2)::[lambda(float) (instance 1)], std::array<char *, (unsigned long)2>>(int, T2, T3)"
PyTorch:BasicsTransformerLM.layers.17,PushPop,30,30,12,24,36928,1538.7,1536.0,1312,1760,120.4,"void at::native::vectorized_elementwise_kernel<(int)4, at::native::CUDAFunctorOnSelf_add<float>, std::array<char *, (unsigned long)2>>(int, T2, T3)"
PyTorch:BasicsTransformerLM.layers.17,PushPop,30,30,12,24,35872,1494.7,1472.0,1440,1696,70.9,"void at::native::vectorized_elementwise_kernel<(int)4, at::native::rsqrt_kernel_cuda(at::TensorIteratorBase &)::[lambda() (instance 2)]::operator ()() const::[lambda() (instance 2)]::operator ()() const::[lambda(float) (instance 1)], std::array<char *, (unsigned long)2>>(int, T2, T3)"
PyTorch:BasicsTransformerLM.layers.17,PushPop,30,30,12,12,31584,2632.0,2560.0,2528,3296,215.8,"void at::native::elementwise_kernel<(int)128, (int)4, void at::native::gpu_kernel_impl_nocast<at::native::<unnamed>::CompareFunctor<long>>(at::TensorIteratorBase &, const T1 &)::[lambda(int) (instance 1)]>(int, T3)"
PyTorch:BasicsTransformerLM.layers.17,PushPop,30,30,12,12,12832,1069.3,1104.0,896,1312,124.7,"void at::native::vectorized_elementwise_kernel<(int)4, at::native::FillFunctor<float>, std::array<char *, (unsigned long)1>>(int, T2, T3)"
PyTorch:BasicsTransformerLM.layers.17,PushPop,30,30,12,12,12640,1053.3,992.0,960,1216,98.8,"void <unnamed>::elementwise_kernel_with_index<int, at::native::arange_cuda_out(const c10::Scalar &, const c10::Scalar &, const c10::Scalar &, at::Tensor &)::[lambda() (instance 1)]::operator ()() const::[lambda() (instance 4)]::operator ()() const::[lambda(long) (instance 1)]>(T1, T2, function_traits<T2>::result_type *)"
PyTorch:BasicsTransformerLM.layers.17.attn,PushPop,30,30,12,48,4512755,94015.7,93887.5,93344,97183,604.3,cutlass3x_sm100_simt_sgemm_f32_f32_f32_f32_f32_64x32x16_1x1x1_3_tnn_align1_bias_f32_relu
PyTorch:BasicsTransformerLM.layers.17.attn,PushPop,30,30,12,96,327135,3407.7,3456.0,3072,3680,138.0,"void at::native::elementwise_kernel<(int)128, (int)2, void at::native::gpu_kernel_impl_nocast<at::native::BinaryFunctor<float, float, float, at::native::binary_internal::MulFunctor<float>>>(at::TensorIteratorBase &, const T1 &)::[lambda(int) (instance 1)]>(int, T3)"
PyTorch:BasicsTransformerLM.layers.17.attn,PushPop,30,30,12,12,319805,26650.4,26815.5,24384,27296,730.4,cutlass3x_sm100_simt_sgemm_f32_f32_f32_f32_f32_128x64x16_1x1x1_3_tnn_align1_bias_f32_relu
PyTorch:BasicsTransformerLM.layers.17.attn,PushPop,30,30,12,12,253504,21125.3,21072.0,20992,21632,173.0,cutlass3x_sm100_simt_sgemm_f32_f32_f32_f32_f32_64x32x16_1x1x1_3_nnn_align1_bias_f32_relu
PyTorch:BasicsTransformerLM.layers.17.attn,PushPop,30,30,12,24,217248,9052.0,9024.0,8832,9312,131.5,"void at::native::<unnamed>::CatArrayBatchedCopy<at::native::<unnamed>::OpaqueType<(unsigned int)4>, unsigned int, (int)4, (int)64, (int)64>(T1 *, at::native::<unnamed>::CatArrInputTensorMetadata<T1, T2, T4, T5>, at::native::<unnamed>::TensorSizeStride<T2, (unsigned int)4>, int, T2)"
PyTorch:BasicsTransformerLM.layers.17.attn,PushPop,30,30,12,12,183839,15319.9,15264.0,15199,15616,128.2,"void at::native::elementwise_kernel<(int)128, (int)2, void at::native::gpu_kernel_impl_nocast<at::native::BinaryFunctor<float, float, float, at::native::binary_internal::DivFunctor<float>>>(at::TensorIteratorBase &, const T1 &)::[lambda(int) (instance 1)]>(int, T3)"
PyTorch:BasicsTransformerLM.layers.17.attn,PushPop,30,30,12,12,158719,13226.6,13135.5,13024,14336,353.3,"void at::native::reduce_kernel<(int)512, (int)1, at::native::ReduceOp<float, at::native::MaxOps<float>, unsigned int, float, (int)4, (int)4>>(T3)"
PyTorch:BasicsTransformerLM.layers.17.attn,PushPop,30,30,12,12,157984,13165.3,13152.0,13056,13408,86.8,"void at::native::elementwise_kernel<(int)128, (int)2, void at::native::gpu_kernel_impl_nocast<at::native::<unnamed>::where_kernel_impl(at::TensorIterator &)::[lambda() (instance 1)]::operator ()() const::[lambda() (instance 11)]::operator ()() const::[lambda(bool, float, float) (instance 1)]>(at::TensorIteratorBase &, const T1 &)::[lambda(int) (instance 1)]>(int, T3)"
PyTorch:BasicsTransformerLM.layers.17.attn,PushPop,30,30,12,12,152640,12720.0,12704.0,12608,12928,77.8,"void at::native::elementwise_kernel<(int)128, (int)2, void at::native::gpu_kernel_impl_nocast<at::native::CUDAFunctor_add<float>>(at::TensorIteratorBase &, const T1 &)::[lambda(int) (instance 1)]>(int, T3)"
PyTorch:BasicsTransformerLM.layers.17.attn,PushPop,30,30,12,24,134911,5621.3,5568.0,4608,6848,976.3,"void at::native::elementwise_kernel<(int)128, (int)2, void at::native::gpu_kernel_impl_nocast<at::native::direct_copy_kernel_cuda(at::TensorIteratorBase &)::[lambda() (instance 3)]::operator ()() const::[lambda() (instance 7)]::operator ()() const::[lambda(float) (instance 1)]>(at::TensorIteratorBase &, const T1 &)::[lambda(int) (instance 1)]>(int, T3)"
PyTorch:BasicsTransformerLM.layers.17.attn,PushPop,30,30,12,48,99424,2071.3,2064.0,1920,2208,69.2,"void at::native::vectorized_elementwise_kernel<(int)4, at::native::CUDAFunctor_add<float>, std::array<char *, (unsigned long)3>>(int, T2, T3)"
PyTorch:BasicsTransformerLM.layers.17.attn,PushPop,30,30,12,12,84703,7058.6,7072.0,6912,7168,71.6,"void at::native::reduce_kernel<(int)512, (int)1, at::native::ReduceOp<float, at::native::func_wrapper_t<float, at::native::sum_functor<float, float, float>::operator ()(at::TensorIterator &)::[lambda(float, float) (instance 1)]>, unsigned int, float, (int)4, (int)4>>(T3)"
PyTorch:BasicsTransformerLM.layers.17.attn,PushPop,30,30,12,12,63392,5282.7,5280.0,5056,5568,186.3,"void at::native::vectorized_elementwise_kernel<(int)4, at::native::exp_kernel_cuda(at::TensorIteratorBase &)::[lambda() (instance 2)]::operator ()() const::[lambda() (instance 2)]::operator ()() const::[lambda(float) (instance 1)], std::array<char *, (unsigned long)2>>(int, T2, T3)"
PyTorch:BasicsTransformerLM.layers.17.attn,PushPop,30,30,12,12,61663,5138.6,5104.0,4960,5408,168.5,"void at::native::vectorized_elementwise_kernel<(int)4, at::native::BUnaryFunctor<float, float, float, at::native::binary_internal::MulFunctor<float>>, std::array<char *, (unsigned long)2>>(int, T2, T3)"
PyTorch:BasicsTransformerLM.layers.17.attn,PushPop,30,30,12,12,31584,2632.0,2560.0,2528,3296,215.8,"void at::native::elementwise_kernel<(int)128, (int)4, void at::native::gpu_kernel_impl_nocast<at::native::<unnamed>::CompareFunctor<long>>(at::TensorIteratorBase &, const T1 &)::[lambda(int) (instance 1)]>(int, T3)"
PyTorch:BasicsTransformerLM.layers.17.attn,PushPop,30,30,12,12,12832,1069.3,1104.0,896,1312,124.7,"void at::native::vectorized_elementwise_kernel<(int)4, at::native::FillFunctor<float>, std::array<char *, (unsigned long)1>>(int, T2, T3)"
PyTorch:BasicsTransformerLM.layers.17.attn,PushPop,30,30,12,12,12640,1053.3,992.0,960,1216,98.8,"void <unnamed>::elementwise_kernel_with_index<int, at::native::arange_cuda_out(const c10::Scalar &, const c10::Scalar &, const c10::Scalar &, at::Tensor &)::[lambda() (instance 1)]::operator ()() const::[lambda() (instance 4)]::operator ()() const::[lambda(long) (instance 1)]>(T1, T2, function_traits<T2>::result_type *)"
PyTorch:BasicsTransformerLM.layers.17.attn.k_proj,PushPop,30,30,12,12,1126395,93866.3,93823.0,93504,94720,359.9,cutlass3x_sm100_simt_sgemm_f32_f32_f32_f32_f32_64x32x16_1x1x1_3_tnn_align1_bias_f32_relu
PyTorch:BasicsTransformerLM.layers.17.attn.output_proj,PushPop,30,30,12,12,1134525,94543.8,94240.0,94144,97183,848.3,cutlass3x_sm100_simt_sgemm_f32_f32_f32_f32_f32_64x32x16_1x1x1_3_tnn_align1_bias_f32_relu
PyTorch:BasicsTransformerLM.layers.17.attn.q_proj,PushPop,30,30,12,12,1126879,93906.6,93840.0,93344,95072,446.9,cutlass3x_sm100_simt_sgemm_f32_f32_f32_f32_f32_64x32x16_1x1x1_3_tnn_align1_bias_f32_relu
PyTorch:BasicsTransformerLM.layers.17.attn.v_proj,PushPop,30,30,12,12,1124956,93746.3,93712.0,93408,94527,301.1,cutlass3x_sm100_simt_sgemm_f32_f32_f32_f32_f32_64x32x16_1x1x1_3_tnn_align1_bias_f32_relu
PyTorch:BasicsTransformerLM.layers.17.ffn,PushPop,30,30,12,24,7515973,313165.5,312495.0,312031,321503,2219.4,cutlass3x_sm100_simt_sgemm_f32_f32_f32_f32_f32_64x128x16_1x1x1_3_tnn_align1_bias_f32_relu
PyTorch:BasicsTransformerLM.layers.17.ffn,PushPop,30,30,12,12,4342321,361860.1,360703.0,359871,375710,4381.2,cutlass3x_sm100_simt_sgemm_f32_f32_f32_f32_f32_64x32x16_1x1x1_3_tnn_align1_bias_f32_relu
PyTorch:BasicsTransformerLM.layers.17.ffn,PushPop,30,30,12,24,154687,6445.3,6640.0,5504,7360,771.3,"void at::native::vectorized_elementwise_kernel<(int)4, at::native::BinaryFunctor<float, float, float, at::native::binary_internal::MulFunctor<float>>, std::array<char *, (unsigned long)3>>(int, T2, T3)"
PyTorch:BasicsTransformerLM.layers.17.ffn,PushPop,30,30,12,12,71006,5917.2,5808.0,5727,6560,264.0,"void at::native::vectorized_elementwise_kernel<(int)4, at::native::sigmoid_kernel_cuda(at::TensorIteratorBase &)::[lambda() (instance 2)]::operator ()() const::[lambda() (instance 2)]::operator ()() const::[lambda(float) (instance 1)], std::array<char *, (unsigned long)2>>(int, T2, T3)"
PyTorch:BasicsTransformerLM.layers.17.ffn.w1,PushPop,30,30,12,12,3760628,313385.7,312735.0,312159,321503,2574.1,cutlass3x_sm100_simt_sgemm_f32_f32_f32_f32_f32_64x128x16_1x1x1_3_tnn_align1_bias_f32_relu
PyTorch:BasicsTransformerLM.layers.17.ffn.w2,PushPop,30,30,12,12,4342321,361860.1,360703.0,359871,375710,4381.2,cutlass3x_sm100_simt_sgemm_f32_f32_f32_f32_f32_64x32x16_1x1x1_3_tnn_align1_bias_f32_relu
PyTorch:BasicsTransformerLM.layers.17.ffn.w3,PushPop,30,30,12,12,3755345,312945.4,312446.5,312031,318879,1888.8,cutlass3x_sm100_simt_sgemm_f32_f32_f32_f32_f32_64x128x16_1x1x1_3_tnn_align1_bias_f32_relu
PyTorch:BasicsTransformerLM.layers.17.ln1,PushPop,30,30,12,24,113472,4728.0,4704.0,4640,5088,95.4,"void at::native::elementwise_kernel<(int)128, (int)2, void at::native::gpu_kernel_impl_nocast<at::native::BinaryFunctor<float, float, float, at::native::binary_internal::MulFunctor<float>>>(at::TensorIteratorBase &, const T1 &)::[lambda(int) (instance 1)]>(int, T3)"
PyTorch:BasicsTransformerLM.layers.17.ln1,PushPop,30,30,12,12,72896,6074.7,6048.0,6016,6144,42.8,"void at::native::reduce_kernel<(int)512, (int)1, at::native::ReduceOp<float, at::native::MeanOps<float, float, float, float>, unsigned int, float, (int)4, (int)4>>(T3)"
PyTorch:BasicsTransformerLM.layers.17.ln1,PushPop,30,30,12,12,29888,2490.7,2464.0,2368,2688,78.2,"void at::native::vectorized_elementwise_kernel<(int)4, void at::native::<unnamed>::pow_tensor_scalar_kernel_impl<float, float>(at::TensorIteratorBase &, T2)::[lambda(float) (instance 1)], std::array<char *, (unsigned long)2>>(int, T2, T3)"
PyTorch:BasicsTransformerLM.layers.17.ln1,PushPop,30,30,12,12,18784,1565.3,1536.0,1376,1760,137.4,"void at::native::vectorized_elementwise_kernel<(int)4, at::native::CUDAFunctorOnSelf_add<float>, std::array<char *, (unsigned long)2>>(int, T2, T3)"
PyTorch:BasicsTransformerLM.layers.17.ln1,PushPop,30,30,12,12,17792,1482.7,1472.0,1440,1664,60.0,"void at::native::vectorized_elementwise_kernel<(int)4, at::native::rsqrt_kernel_cuda(at::TensorIteratorBase &)::[lambda() (instance 2)]::operator ()() const::[lambda() (instance 2)]::operator ()() const::[lambda(float) (instance 1)], std::array<char *, (unsigned long)2>>(int, T2, T3)"
PyTorch:BasicsTransformerLM.layers.17.ln2,PushPop,30,30,12,24,112992,4708.0,4704.0,4576,4928,86.1,"void at::native::elementwise_kernel<(int)128, (int)2, void at::native::gpu_kernel_impl_nocast<at::native::BinaryFunctor<float, float, float, at::native::binary_internal::MulFunctor<float>>>(at::TensorIteratorBase &, const T1 &)::[lambda(int) (instance 1)]>(int, T3)"
PyTorch:BasicsTransformerLM.layers.17.ln2,PushPop,30,30,12,12,73056,6088.0,6080.0,6016,6176,38.9,"void at::native::reduce_kernel<(int)512, (int)1, at::native::ReduceOp<float, at::native::MeanOps<float, float, float, float>, unsigned int, float, (int)4, (int)4>>(T3)"
PyTorch:BasicsTransformerLM.layers.17.ln2,PushPop,30,30,12,12,28704,2392.0,2368.0,2304,2528,77.3,"void at::native::vectorized_elementwise_kernel<(int)4, void at::native::<unnamed>::pow_tensor_scalar_kernel_impl<float, float>(at::TensorIteratorBase &, T2)::[lambda(float) (instance 1)], std::array<char *, (unsigned long)2>>(int, T2, T3)"
PyTorch:BasicsTransformerLM.layers.17.ln2,PushPop,30,30,12,12,18144,1512.0,1536.0,1312,1632,99.5,"void at::native::vectorized_elementwise_kernel<(int)4, at::native::CUDAFunctorOnSelf_add<float>, std::array<char *, (unsigned long)2>>(int, T2, T3)"
PyTorch:BasicsTransformerLM.layers.17.ln2,PushPop,30,30,12,12,18080,1506.7,1472.0,1440,1696,81.3,"void at::native::vectorized_elementwise_kernel<(int)4, at::native::rsqrt_kernel_cuda(at::TensorIteratorBase &)::[lambda() (instance 2)]::operator ()() const::[lambda() (instance 2)]::operator ()() const::[lambda(float) (instance 1)], std::array<char *, (unsigned long)2>>(int, T2, T3)"
PyTorch:BasicsTransformerLM.layers.18,PushPop,30,30,12,60,8864803,147746.7,94191.5,93344,374366,107889.2,cutlass3x_sm100_simt_sgemm_f32_f32_f32_f32_f32_64x32x16_1x1x1_3_tnn_align1_bias_f32_relu
PyTorch:BasicsTransformerLM.layers.18,PushPop,30,30,12,24,7520998,313374.9,312511.0,312159,323455,2730.0,cutlass3x_sm100_simt_sgemm_f32_f32_f32_f32_f32_64x128x16_1x1x1_3_tnn_align1_bias_f32_relu
PyTorch:BasicsTransformerLM.layers.18,PushPop,30,30,12,144,549312,3814.7,3488.0,3072,4960,639.3,"void at::native::elementwise_kernel<(int)128, (int)2, void at::native::gpu_kernel_impl_nocast<at::native::BinaryFunctor<float, float, float, at::native::binary_internal::MulFunctor<float>>>(at::TensorIteratorBase &, const T1 &)::[lambda(int) (instance 1)]>(int, T3)"
PyTorch:BasicsTransformerLM.layers.18,PushPop,30,30,12,12,323197,26933.1,26895.5,26720,27616,224.8,cutlass3x_sm100_simt_sgemm_f32_f32_f32_f32_f32_128x64x16_1x1x1_3_tnn_align1_bias_f32_relu
PyTorch:BasicsTransformerLM.layers.18,PushPop,30,30,12,12,255039,21253.3,21200.0,21056,22048,258.5,cutlass3x_sm100_simt_sgemm_f32_f32_f32_f32_f32_64x32x16_1x1x1_3_nnn_align1_bias_f32_relu
PyTorch:BasicsTransformerLM.layers.18,PushPop,30,30,12,24,218655,9110.6,9088.0,8960,9472,131.6,"void at::native::<unnamed>::CatArrayBatchedCopy<at::native::<unnamed>::OpaqueType<(unsigned int)4>, unsigned int, (int)4, (int)64, (int)64>(T1 *, at::native::<unnamed>::CatArrInputTensorMetadata<T1, T2, T4, T5>, at::native::<unnamed>::TensorSizeStride<T2, (unsigned int)4>, int, T2)"
PyTorch:BasicsTransformerLM.layers.18,PushPop,30,30,12,12,185021,15418.4,15200.0,15168,17248,588.7,"void at::native::elementwise_kernel<(int)128, (int)2, void at::native::gpu_kernel_impl_nocast<at::native::BinaryFunctor<float, float, float, at::native::binary_internal::DivFunctor<float>>>(at::TensorIteratorBase &, const T1 &)::[lambda(int) (instance 1)]>(int, T3)"
PyTorch:BasicsTransformerLM.layers.18,PushPop,30,30,12,72,183071,2542.7,2176.0,1984,3552,580.0,"void at::native::vectorized_elementwise_kernel<(int)4, at::native::CUDAFunctor_add<float>, std::array<char *, (unsigned long)3>>(int, T2, T3)"
PyTorch:BasicsTransformerLM.layers.18,PushPop,30,30,12,12,158368,13197.3,13168.0,13120,13504,105.2,"void at::native::reduce_kernel<(int)512, (int)1, at::native::ReduceOp<float, at::native::MaxOps<float>, unsigned int, float, (int)4, (int)4>>(T3)"
PyTorch:BasicsTransformerLM.layers.18,PushPop,30,30,12,12,157599,13133.3,13152.0,13024,13248,61.7,"void at::native::elementwise_kernel<(int)128, (int)2, void at::native::gpu_kernel_impl_nocast<at::native::<unnamed>::where_kernel_impl(at::TensorIterator &)::[lambda() (instance 1)]::operator ()() const::[lambda() (instance 11)]::operator ()() const::[lambda(bool, float, float) (instance 1)]>(at::TensorIteratorBase &, const T1 &)::[lambda(int) (instance 1)]>(int, T3)"
PyTorch:BasicsTransformerLM.layers.18,PushPop,30,30,12,24,154078,6419.9,6528.0,5504,7392,709.3,"void at::native::vectorized_elementwise_kernel<(int)4, at::native::BinaryFunctor<float, float, float, at::native::binary_internal::MulFunctor<float>>, std::array<char *, (unsigned long)3>>(int, T2, T3)"
PyTorch:BasicsTransformerLM.layers.18,PushPop,30,30,12,12,152512,12709.3,12704.0,12640,12800,46.9,"void at::native::elementwise_kernel<(int)128, (int)2, void at::native::gpu_kernel_impl_nocast<at::native::CUDAFunctor_add<float>>(at::TensorIteratorBase &, const T1 &)::[lambda(int) (instance 1)]>(int, T3)"
PyTorch:BasicsTransformerLM.layers.18,PushPop,30,30,12,24,145247,6052.0,6048.0,5920,6240,75.1,"void at::native::reduce_kernel<(int)512, (int)1, at::native::ReduceOp<float, at::native::MeanOps<float, float, float, float>, unsigned int, float, (int)4, (int)4>>(T3)"
PyTorch:BasicsTransformerLM.layers.18,PushPop,30,30,12,24,134463,5602.6,5520.0,4576,6975,1005.0,"void at::native::elementwise_kernel<(int)128, (int)2, void at::native::gpu_kernel_impl_nocast<at::native::direct_copy_kernel_cuda(at::TensorIteratorBase &)::[lambda() (instance 3)]::operator ()() const::[lambda() (instance 7)]::operator ()() const::[lambda(float) (instance 1)]>(at::TensorIteratorBase &, const T1 &)::[lambda(int) (instance 1)]>(int, T3)"
PyTorch:BasicsTransformerLM.layers.18,PushPop,30,30,12,12,84768,7064.0,7040.0,6976,7264,83.1,"void at::native::reduce_kernel<(int)512, (int)1, at::native::ReduceOp<float, at::native::func_wrapper_t<float, at::native::sum_functor<float, float, float>::operator ()(at::TensorIterator &)::[lambda(float, float) (instance 1)]>, unsigned int, float, (int)4, (int)4>>(T3)"
PyTorch:BasicsTransformerLM.layers.18,PushPop,30,30,12,12,71840,5986.7,5808.0,5728,6624,341.2,"void at::native::vectorized_elementwise_kernel<(int)4, at::native::sigmoid_kernel_cuda(at::TensorIteratorBase &)::[lambda() (instance 2)]::operator ()() const::[lambda() (instance 2)]::operator ()() const::[lambda(float) (instance 1)], std::array<char *, (unsigned long)2>>(int, T2, T3)"
PyTorch:BasicsTransformerLM.layers.18,PushPop,30,30,12,12,63167,5263.9,5248.0,5056,5536,152.8,"void at::native::vectorized_elementwise_kernel<(int)4, at::native::exp_kernel_cuda(at::TensorIteratorBase &)::[lambda() (instance 2)]::operator ()() const::[lambda() (instance 2)]::operator ()() const::[lambda(float) (instance 1)], std::array<char *, (unsigned long)2>>(int, T2, T3)"
PyTorch:BasicsTransformerLM.layers.18,PushPop,30,30,12,12,61024,5085.3,5024.0,4960,5344,146.0,"void at::native::vectorized_elementwise_kernel<(int)4, at::native::BUnaryFunctor<float, float, float, at::native::binary_internal::MulFunctor<float>>, std::array<char *, (unsigned long)2>>(int, T2, T3)"
PyTorch:BasicsTransformerLM.layers.18,PushPop,30,30,12,24,58336,2430.7,2416.0,2304,2688,101.0,"void at::native::vectorized_elementwise_kernel<(int)4, void at::native::<unnamed>::pow_tensor_scalar_kernel_impl<float, float>(at::TensorIteratorBase &, T2)::[lambda(float) (instance 1)], std::array<char *, (unsigned long)2>>(int, T2, T3)"
PyTorch:BasicsTransformerLM.layers.18,PushPop,30,30,12,24,36320,1513.3,1536.0,1184,1824,129.2,"void at::native::vectorized_elementwise_kernel<(int)4, at::native::CUDAFunctorOnSelf_add<float>, std::array<char *, (unsigned long)2>>(int, T2, T3)"
PyTorch:BasicsTransformerLM.layers.18,PushPop,30,30,12,24,35904,1496.0,1472.0,1312,1728,85.1,"void at::native::vectorized_elementwise_kernel<(int)4, at::native::rsqrt_kernel_cuda(at::TensorIteratorBase &)::[lambda() (instance 2)]::operator ()() const::[lambda() (instance 2)]::operator ()() const::[lambda(float) (instance 1)], std::array<char *, (unsigned long)2>>(int, T2, T3)"
PyTorch:BasicsTransformerLM.layers.18,PushPop,30,30,12,12,31200,2600.0,2624.0,2400,2784,114.3,"void at::native::elementwise_kernel<(int)128, (int)4, void at::native::gpu_kernel_impl_nocast<at::native::<unnamed>::CompareFunctor<long>>(at::TensorIteratorBase &, const T1 &)::[lambda(int) (instance 1)]>(int, T3)"
PyTorch:BasicsTransformerLM.layers.18,PushPop,30,30,12,12,13024,1085.3,1088.0,928,1376,151.0,"void at::native::vectorized_elementwise_kernel<(int)4, at::native::FillFunctor<float>, std::array<char *, (unsigned long)1>>(int, T2, T3)"
PyTorch:BasicsTransformerLM.layers.18,PushPop,30,30,12,12,12928,1077.3,1024.0,960,1216,102.4,"void <unnamed>::elementwise_kernel_with_index<int, at::native::arange_cuda_out(const c10::Scalar &, const c10::Scalar &, const c10::Scalar &, at::Tensor &)::[lambda() (instance 1)]::operator ()() const::[lambda() (instance 4)]::operator ()() const::[lambda(long) (instance 1)]>(T1, T2, function_traits<T2>::result_type *)"
PyTorch:BasicsTransformerLM.layers.18.attn,PushPop,30,30,12,48,4524593,94262.4,93952.0,93344,98655,1024.7,cutlass3x_sm100_simt_sgemm_f32_f32_f32_f32_f32_64x32x16_1x1x1_3_tnn_align1_bias_f32_relu
PyTorch:BasicsTransformerLM.layers.18.attn,PushPop,30,30,12,96,324160,3376.7,3424.0,3072,3904,172.9,"void at::native::elementwise_kernel<(int)128, (int)2, void at::native::gpu_kernel_impl_nocast<at::native::BinaryFunctor<float, float, float, at::native::binary_internal::MulFunctor<float>>>(at::TensorIteratorBase &, const T1 &)::[lambda(int) (instance 1)]>(int, T3)"
PyTorch:BasicsTransformerLM.layers.18.attn,PushPop,30,30,12,12,323197,26933.1,26895.5,26720,27616,224.8,cutlass3x_sm100_simt_sgemm_f32_f32_f32_f32_f32_128x64x16_1x1x1_3_tnn_align1_bias_f32_relu
PyTorch:BasicsTransformerLM.layers.18.attn,PushPop,30,30,12,12,255039,21253.3,21200.0,21056,22048,258.5,cutlass3x_sm100_simt_sgemm_f32_f32_f32_f32_f32_64x32x16_1x1x1_3_nnn_align1_bias_f32_relu
PyTorch:BasicsTransformerLM.layers.18.attn,PushPop,30,30,12,24,218655,9110.6,9088.0,8960,9472,131.6,"void at::native::<unnamed>::CatArrayBatchedCopy<at::native::<unnamed>::OpaqueType<(unsigned int)4>, unsigned int, (int)4, (int)64, (int)64>(T1 *, at::native::<unnamed>::CatArrInputTensorMetadata<T1, T2, T4, T5>, at::native::<unnamed>::TensorSizeStride<T2, (unsigned int)4>, int, T2)"
PyTorch:BasicsTransformerLM.layers.18.attn,PushPop,30,30,12,12,185021,15418.4,15200.0,15168,17248,588.7,"void at::native::elementwise_kernel<(int)128, (int)2, void at::native::gpu_kernel_impl_nocast<at::native::BinaryFunctor<float, float, float, at::native::binary_internal::DivFunctor<float>>>(at::TensorIteratorBase &, const T1 &)::[lambda(int) (instance 1)]>(int, T3)"
PyTorch:BasicsTransformerLM.layers.18.attn,PushPop,30,30,12,12,158368,13197.3,13168.0,13120,13504,105.2,"void at::native::reduce_kernel<(int)512, (int)1, at::native::ReduceOp<float, at::native::MaxOps<float>, unsigned int, float, (int)4, (int)4>>(T3)"
PyTorch:BasicsTransformerLM.layers.18.attn,PushPop,30,30,12,12,157599,13133.3,13152.0,13024,13248,61.7,"void at::native::elementwise_kernel<(int)128, (int)2, void at::native::gpu_kernel_impl_nocast<at::native::<unnamed>::where_kernel_impl(at::TensorIterator &)::[lambda() (instance 1)]::operator ()() const::[lambda() (instance 11)]::operator ()() const::[lambda(bool, float, float) (instance 1)]>(at::TensorIteratorBase &, const T1 &)::[lambda(int) (instance 1)]>(int, T3)"
PyTorch:BasicsTransformerLM.layers.18.attn,PushPop,30,30,12,12,152512,12709.3,12704.0,12640,12800,46.9,"void at::native::elementwise_kernel<(int)128, (int)2, void at::native::gpu_kernel_impl_nocast<at::native::CUDAFunctor_add<float>>(at::TensorIteratorBase &, const T1 &)::[lambda(int) (instance 1)]>(int, T3)"
PyTorch:BasicsTransformerLM.layers.18.attn,PushPop,30,30,12,24,134463,5602.6,5520.0,4576,6975,1005.0,"void at::native::elementwise_kernel<(int)128, (int)2, void at::native::gpu_kernel_impl_nocast<at::native::direct_copy_kernel_cuda(at::TensorIteratorBase &)::[lambda() (instance 3)]::operator ()() const::[lambda() (instance 7)]::operator ()() const::[lambda(float) (instance 1)]>(at::TensorIteratorBase &, const T1 &)::[lambda(int) (instance 1)]>(int, T3)"
PyTorch:BasicsTransformerLM.layers.18.attn,PushPop,30,30,12,48,102688,2139.3,2144.0,1984,2400,68.9,"void at::native::vectorized_elementwise_kernel<(int)4, at::native::CUDAFunctor_add<float>, std::array<char *, (unsigned long)3>>(int, T2, T3)"
PyTorch:BasicsTransformerLM.layers.18.attn,PushPop,30,30,12,12,84768,7064.0,7040.0,6976,7264,83.1,"void at::native::reduce_kernel<(int)512, (int)1, at::native::ReduceOp<float, at::native::func_wrapper_t<float, at::native::sum_functor<float, float, float>::operator ()(at::TensorIterator &)::[lambda(float, float) (instance 1)]>, unsigned int, float, (int)4, (int)4>>(T3)"
PyTorch:BasicsTransformerLM.layers.18.attn,PushPop,30,30,12,12,63167,5263.9,5248.0,5056,5536,152.8,"void at::native::vectorized_elementwise_kernel<(int)4, at::native::exp_kernel_cuda(at::TensorIteratorBase &)::[lambda() (instance 2)]::operator ()() const::[lambda() (instance 2)]::operator ()() const::[lambda(float) (instance 1)], std::array<char *, (unsigned long)2>>(int, T2, T3)"
PyTorch:BasicsTransformerLM.layers.18.attn,PushPop,30,30,12,12,61024,5085.3,5024.0,4960,5344,146.0,"void at::native::vectorized_elementwise_kernel<(int)4, at::native::BUnaryFunctor<float, float, float, at::native::binary_internal::MulFunctor<float>>, std::array<char *, (unsigned long)2>>(int, T2, T3)"
PyTorch:BasicsTransformerLM.layers.18.attn,PushPop,30,30,12,12,31200,2600.0,2624.0,2400,2784,114.3,"void at::native::elementwise_kernel<(int)128, (int)4, void at::native::gpu_kernel_impl_nocast<at::native::<unnamed>::CompareFunctor<long>>(at::TensorIteratorBase &, const T1 &)::[lambda(int) (instance 1)]>(int, T3)"
PyTorch:BasicsTransformerLM.layers.18.attn,PushPop,30,30,12,12,13024,1085.3,1088.0,928,1376,151.0,"void at::native::vectorized_elementwise_kernel<(int)4, at::native::FillFunctor<float>, std::array<char *, (unsigned long)1>>(int, T2, T3)"
PyTorch:BasicsTransformerLM.layers.18.attn,PushPop,30,30,12,12,12928,1077.3,1024.0,960,1216,102.4,"void <unnamed>::elementwise_kernel_with_index<int, at::native::arange_cuda_out(const c10::Scalar &, const c10::Scalar &, const c10::Scalar &, at::Tensor &)::[lambda() (instance 1)]::operator ()() const::[lambda() (instance 4)]::operator ()() const::[lambda(long) (instance 1)]>(T1, T2, function_traits<T2>::result_type *)"
PyTorch:BasicsTransformerLM.layers.18.attn.k_proj,PushPop,30,30,12,12,1128313,94026.1,93807.5,93535,96480,793.4,cutlass3x_sm100_simt_sgemm_f32_f32_f32_f32_f32_64x32x16_1x1x1_3_tnn_align1_bias_f32_relu
PyTorch:BasicsTransformerLM.layers.18.attn.output_proj,PushPop,30,30,12,12,1139101,94925.1,94527.5,94239,98655,1200.1,cutlass3x_sm100_simt_sgemm_f32_f32_f32_f32_f32_64x32x16_1x1x1_3_tnn_align1_bias_f32_relu
PyTorch:BasicsTransformerLM.layers.18.attn.q_proj,PushPop,30,30,12,12,1129118,94093.2,93760.0,93344,97279,1045.6,cutlass3x_sm100_simt_sgemm_f32_f32_f32_f32_f32_64x32x16_1x1x1_3_tnn_align1_bias_f32_relu
PyTorch:BasicsTransformerLM.layers.18.attn.v_proj,PushPop,30,30,12,12,1128061,94005.1,93712.0,93535,96512,824.8,cutlass3x_sm100_simt_sgemm_f32_f32_f32_f32_f32_64x32x16_1x1x1_3_tnn_align1_bias_f32_relu
PyTorch:BasicsTransformerLM.layers.18.ffn,PushPop,30,30,12,24,7520998,313374.9,312511.0,312159,323455,2730.0,cutlass3x_sm100_simt_sgemm_f32_f32_f32_f32_f32_64x128x16_1x1x1_3_tnn_align1_bias_f32_relu
PyTorch:BasicsTransformerLM.layers.18.ffn,PushPop,30,30,12,12,4340210,361684.2,360479.0,359967,374366,4012.8,cutlass3x_sm100_simt_sgemm_f32_f32_f32_f32_f32_64x32x16_1x1x1_3_tnn_align1_bias_f32_relu
PyTorch:BasicsTransformerLM.layers.18.ffn,PushPop,30,30,12,24,154078,6419.9,6528.0,5504,7392,709.3,"void at::native::vectorized_elementwise_kernel<(int)4, at::native::BinaryFunctor<float, float, float, at::native::binary_internal::MulFunctor<float>>, std::array<char *, (unsigned long)3>>(int, T2, T3)"
PyTorch:BasicsTransformerLM.layers.18.ffn,PushPop,30,30,12,12,71840,5986.7,5808.0,5728,6624,341.2,"void at::native::vectorized_elementwise_kernel<(int)4, at::native::sigmoid_kernel_cuda(at::TensorIteratorBase &)::[lambda() (instance 2)]::operator ()() const::[lambda() (instance 2)]::operator ()() const::[lambda(float) (instance 1)], std::array<char *, (unsigned long)2>>(int, T2, T3)"
PyTorch:BasicsTransformerLM.layers.18.ffn.w1,PushPop,30,30,12,12,3763922,313660.2,312734.5,312351,323455,3108.8,cutlass3x_sm100_simt_sgemm_f32_f32_f32_f32_f32_64x128x16_1x1x1_3_tnn_align1_bias_f32_relu
PyTorch:BasicsTransformerLM.layers.18.ffn.w2,PushPop,30,30,12,12,4340210,361684.2,360479.0,359967,374366,4012.8,cutlass3x_sm100_simt_sgemm_f32_f32_f32_f32_f32_64x32x16_1x1x1_3_tnn_align1_bias_f32_relu
PyTorch:BasicsTransformerLM.layers.18.ffn.w3,PushPop,30,30,12,12,3757076,313089.7,312399.0,312159,320671,2396.1,cutlass3x_sm100_simt_sgemm_f32_f32_f32_f32_f32_64x128x16_1x1x1_3_tnn_align1_bias_f32_relu
PyTorch:BasicsTransformerLM.layers.18.ln1,PushPop,30,30,12,24,112832,4701.3,4704.0,4544,4768,56.6,"void at::native::elementwise_kernel<(int)128, (int)2, void at::native::gpu_kernel_impl_nocast<at::native::BinaryFunctor<float, float, float, at::native::binary_internal::MulFunctor<float>>>(at::TensorIteratorBase &, const T1 &)::[lambda(int) (instance 1)]>(int, T3)"
PyTorch:BasicsTransformerLM.layers.18.ln1,PushPop,30,30,12,12,72479,6039.9,6016.0,5951,6240,79.8,"void at::native::reduce_kernel<(int)512, (int)1, at::native::ReduceOp<float, at::native::MeanOps<float, float, float, float>, unsigned int, float, (int)4, (int)4>>(T3)"
PyTorch:BasicsTransformerLM.layers.18.ln1,PushPop,30,30,12,12,29088,2424.0,2400.0,2304,2688,119.8,"void at::native::vectorized_elementwise_kernel<(int)4, void at::native::<unnamed>::pow_tensor_scalar_kernel_impl<float, float>(at::TensorIteratorBase &, T2)::[lambda(float) (instance 1)], std::array<char *, (unsigned long)2>>(int, T2, T3)"
PyTorch:BasicsTransformerLM.layers.18.ln1,PushPop,30,30,12,12,18080,1506.7,1536.0,1312,1632,102.5,"void at::native::vectorized_elementwise_kernel<(int)4, at::native::CUDAFunctorOnSelf_add<float>, std::array<char *, (unsigned long)2>>(int, T2, T3)"
PyTorch:BasicsTransformerLM.layers.18.ln1,PushPop,30,30,12,12,18016,1501.3,1472.0,1408,1664,77.7,"void at::native::vectorized_elementwise_kernel<(int)4, at::native::rsqrt_kernel_cuda(at::TensorIteratorBase &)::[lambda() (instance 2)]::operator ()() const::[lambda() (instance 2)]::operator ()() const::[lambda(float) (instance 1)], std::array<char *, (unsigned long)2>>(int, T2, T3)"
PyTorch:BasicsTransformerLM.layers.18.ln2,PushPop,30,30,12,24,112320,4680.0,4656.0,4544,4960,110.5,"void at::native::elementwise_kernel<(int)128, (int)2, void at::native::gpu_kernel_impl_nocast<at::native::BinaryFunctor<float, float, float, at::native::binary_internal::MulFunctor<float>>>(at::TensorIteratorBase &, const T1 &)::[lambda(int) (instance 1)]>(int, T3)"
PyTorch:BasicsTransformerLM.layers.18.ln2,PushPop,30,30,12,12,72768,6064.0,6080.0,5920,6176,71.6,"void at::native::reduce_kernel<(int)512, (int)1, at::native::ReduceOp<float, at::native::MeanOps<float, float, float, float>, unsigned int, float, (int)4, (int)4>>(T3)"
PyTorch:BasicsTransformerLM.layers.18.ln2,PushPop,30,30,12,12,29248,2437.3,2416.0,2368,2592,82.8,"void at::native::vectorized_elementwise_kernel<(int)4, void at::native::<unnamed>::pow_tensor_scalar_kernel_impl<float, float>(at::TensorIteratorBase &, T2)::[lambda(float) (instance 1)], std::array<char *, (unsigned long)2>>(int, T2, T3)"
PyTorch:BasicsTransformerLM.layers.18.ln2,PushPop,30,30,12,12,18240,1520.0,1536.0,1184,1824,155.9,"void at::native::vectorized_elementwise_kernel<(int)4, at::native::CUDAFunctorOnSelf_add<float>, std::array<char *, (unsigned long)2>>(int, T2, T3)"
PyTorch:BasicsTransformerLM.layers.18.ln2,PushPop,30,30,12,12,17888,1490.7,1472.0,1312,1728,95.0,"void at::native::vectorized_elementwise_kernel<(int)4, at::native::rsqrt_kernel_cuda(at::TensorIteratorBase &)::[lambda() (instance 2)]::operator ()() const::[lambda() (instance 2)]::operator ()() const::[lambda(float) (instance 1)], std::array<char *, (unsigned long)2>>(int, T2, T3)"
PyTorch:BasicsTransformerLM.layers.19,PushPop,30,30,12,60,8853795,147563.3,93935.5,93312,368191,107718.9,cutlass3x_sm100_simt_sgemm_f32_f32_f32_f32_f32_64x32x16_1x1x1_3_tnn_align1_bias_f32_relu
PyTorch:BasicsTransformerLM.layers.19,PushPop,30,30,12,24,7517859,313244.1,312478.5,311775,323519,2753.1,cutlass3x_sm100_simt_sgemm_f32_f32_f32_f32_f32_64x128x16_1x1x1_3_tnn_align1_bias_f32_relu
PyTorch:BasicsTransformerLM.layers.19,PushPop,30,30,12,144,554208,3848.7,3504.0,3104,4960,625.6,"void at::native::elementwise_kernel<(int)128, (int)2, void at::native::gpu_kernel_impl_nocast<at::native::BinaryFunctor<float, float, float, at::native::binary_internal::MulFunctor<float>>>(at::TensorIteratorBase &, const T1 &)::[lambda(int) (instance 1)]>(int, T3)"
PyTorch:BasicsTransformerLM.layers.19,PushPop,30,30,12,12,319773,26647.8,26799.0,25056,26976,508.3,cutlass3x_sm100_simt_sgemm_f32_f32_f32_f32_f32_128x64x16_1x1x1_3_tnn_align1_bias_f32_relu
PyTorch:BasicsTransformerLM.layers.19,PushPop,30,30,12,12,253536,21128.0,21056.0,20992,21888,242.6,cutlass3x_sm100_simt_sgemm_f32_f32_f32_f32_f32_64x32x16_1x1x1_3_nnn_align1_bias_f32_relu
PyTorch:BasicsTransformerLM.layers.19,PushPop,30,30,12,24,217503,9062.6,9056.0,8799,9248,121.3,"void at::native::<unnamed>::CatArrayBatchedCopy<at::native::<unnamed>::OpaqueType<(unsigned int)4>, unsigned int, (int)4, (int)64, (int)64>(T1 *, at::native::<unnamed>::CatArrInputTensorMetadata<T1, T2, T4, T5>, at::native::<unnamed>::TensorSizeStride<T2, (unsigned int)4>, int, T2)"
PyTorch:BasicsTransformerLM.layers.19,PushPop,30,30,12,12,183392,15282.7,15232.0,15168,15776,165.7,"void at::native::elementwise_kernel<(int)128, (int)2, void at::native::gpu_kernel_impl_nocast<at::native::BinaryFunctor<float, float, float, at::native::binary_internal::DivFunctor<float>>>(at::TensorIteratorBase &, const T1 &)::[lambda(int) (instance 1)]>(int, T3)"
PyTorch:BasicsTransformerLM.layers.19,PushPop,30,30,12,72,181312,2518.2,2128.0,1920,3584,626.8,"void at::native::vectorized_elementwise_kernel<(int)4, at::native::CUDAFunctor_add<float>, std::array<char *, (unsigned long)3>>(int, T2, T3)"
PyTorch:BasicsTransformerLM.layers.19,PushPop,30,30,12,12,159168,13264.0,13120.0,13056,14656,441.6,"void at::native::reduce_kernel<(int)512, (int)1, at::native::ReduceOp<float, at::native::MaxOps<float>, unsigned int, float, (int)4, (int)4>>(T3)"
PyTorch:BasicsTransformerLM.layers.19,PushPop,30,30,12,12,158272,13189.3,13168.0,13056,13376,89.3,"void at::native::elementwise_kernel<(int)128, (int)2, void at::native::gpu_kernel_impl_nocast<at::native::<unnamed>::where_kernel_impl(at::TensorIterator &)::[lambda() (instance 1)]::operator ()() const::[lambda() (instance 11)]::operator ()() const::[lambda(bool, float, float) (instance 1)]>(at::TensorIteratorBase &, const T1 &)::[lambda(int) (instance 1)]>(int, T3)"
PyTorch:BasicsTransformerLM.layers.19,PushPop,30,30,12,24,156160,6506.7,6496.0,5504,7488,785.3,"void at::native::vectorized_elementwise_kernel<(int)4, at::native::BinaryFunctor<float, float, float, at::native::binary_internal::MulFunctor<float>>, std::array<char *, (unsigned long)3>>(int, T2, T3)"
PyTorch:BasicsTransformerLM.layers.19,PushPop,30,30,12,12,152768,12730.7,12736.0,12608,12896,65.2,"void at::native::elementwise_kernel<(int)128, (int)2, void at::native::gpu_kernel_impl_nocast<at::native::CUDAFunctor_add<float>>(at::TensorIteratorBase &, const T1 &)::[lambda(int) (instance 1)]>(int, T3)"
PyTorch:BasicsTransformerLM.layers.19,PushPop,30,30,12,24,146047,6085.3,6080.0,5984,6144,38.5,"void at::native::reduce_kernel<(int)512, (int)1, at::native::ReduceOp<float, at::native::MeanOps<float, float, float, float>, unsigned int, float, (int)4, (int)4>>(T3)"
PyTorch:BasicsTransformerLM.layers.19,PushPop,30,30,12,24,134334,5597.3,5567.5,4608,6687,953.0,"void at::native::elementwise_kernel<(int)128, (int)2, void at::native::gpu_kernel_impl_nocast<at::native::direct_copy_kernel_cuda(at::TensorIteratorBase &)::[lambda() (instance 3)]::operator ()() const::[lambda() (instance 7)]::operator ()() const::[lambda(float) (instance 1)]>(at::TensorIteratorBase &, const T1 &)::[lambda(int) (instance 1)]>(int, T3)"
PyTorch:BasicsTransformerLM.layers.19,PushPop,30,30,12,12,84512,7042.7,7040.0,6976,7104,48.2,"void at::native::reduce_kernel<(int)512, (int)1, at::native::ReduceOp<float, at::native::func_wrapper_t<float, at::native::sum_functor<float, float, float>::operator ()(at::TensorIterator &)::[lambda(float, float) (instance 1)]>, unsigned int, float, (int)4, (int)4>>(T3)"
PyTorch:BasicsTransformerLM.layers.19,PushPop,30,30,12,12,71168,5930.7,5856.0,5760,6496,229.7,"void at::native::vectorized_elementwise_kernel<(int)4, at::native::sigmoid_kernel_cuda(at::TensorIteratorBase &)::[lambda() (instance 2)]::operator ()() const::[lambda() (instance 2)]::operator ()() const::[lambda(float) (instance 1)], std::array<char *, (unsigned long)2>>(int, T2, T3)"
PyTorch:BasicsTransformerLM.layers.19,PushPop,30,30,12,12,63968,5330.7,5280.0,5056,5728,200.8,"void at::native::vectorized_elementwise_kernel<(int)4, at::native::exp_kernel_cuda(at::TensorIteratorBase &)::[lambda() (instance 2)]::operator ()() const::[lambda() (instance 2)]::operator ()() const::[lambda(float) (instance 1)], std::array<char *, (unsigned long)2>>(int, T2, T3)"
PyTorch:BasicsTransformerLM.layers.19,PushPop,30,30,12,12,61919,5159.9,5135.5,4928,5568,186.7,"void at::native::vectorized_elementwise_kernel<(int)4, at::native::BUnaryFunctor<float, float, float, at::native::binary_internal::MulFunctor<float>>, std::array<char *, (unsigned long)2>>(int, T2, T3)"
PyTorch:BasicsTransformerLM.layers.19,PushPop,30,30,12,24,58655,2444.0,2432.0,2336,2688,80.0,"void at::native::vectorized_elementwise_kernel<(int)4, void at::native::<unnamed>::pow_tensor_scalar_kernel_impl<float, float>(at::TensorIteratorBase &, T2)::[lambda(float) (instance 1)], std::array<char *, (unsigned long)2>>(int, T2, T3)"
PyTorch:BasicsTransformerLM.layers.19,PushPop,30,30,12,24,35808,1492.0,1536.0,1152,1888,193.6,"void at::native::vectorized_elementwise_kernel<(int)4, at::native::CUDAFunctorOnSelf_add<float>, std::array<char *, (unsigned long)2>>(int, T2, T3)"
PyTorch:BasicsTransformerLM.layers.19,PushPop,30,30,12,24,35040,1460.0,1472.0,1248,1632,105.8,"void at::native::vectorized_elementwise_kernel<(int)4, at::native::rsqrt_kernel_cuda(at::TensorIteratorBase &)::[lambda() (instance 2)]::operator ()() const::[lambda() (instance 2)]::operator ()() const::[lambda(float) (instance 1)], std::array<char *, (unsigned long)2>>(int, T2, T3)"
PyTorch:BasicsTransformerLM.layers.19,PushPop,30,30,12,12,30656,2554.7,2544.0,2496,2624,38.2,"void at::native::elementwise_kernel<(int)128, (int)4, void at::native::gpu_kernel_impl_nocast<at::native::<unnamed>::CompareFunctor<long>>(at::TensorIteratorBase &, const T1 &)::[lambda(int) (instance 1)]>(int, T3)"
PyTorch:BasicsTransformerLM.layers.19,PushPop,30,30,12,12,12736,1061.3,1088.0,928,1280,112.4,"void at::native::vectorized_elementwise_kernel<(int)4, at::native::FillFunctor<float>, std::array<char *, (unsigned long)1>>(int, T2, T3)"
PyTorch:BasicsTransformerLM.layers.19,PushPop,30,30,12,12,12608,1050.7,1008.0,960,1184,83.9,"void <unnamed>::elementwise_kernel_with_index<int, at::native::arange_cuda_out(const c10::Scalar &, const c10::Scalar &, const c10::Scalar &, at::Tensor &)::[lambda() (instance 1)]::operator ()() const::[lambda() (instance 4)]::operator ()() const::[lambda(long) (instance 1)]>(T1, T2, function_traits<T2>::result_type *)"
PyTorch:BasicsTransformerLM.layers.19.attn,PushPop,30,30,12,48,4519633,94159.0,93776.0,93312,98143,1110.8,cutlass3x_sm100_simt_sgemm_f32_f32_f32_f32_f32_64x32x16_1x1x1_3_tnn_align1_bias_f32_relu
PyTorch:BasicsTransformerLM.layers.19.attn,PushPop,30,30,12,96,327872,3415.3,3456.0,3104,3648,133.5,"void at::native::elementwise_kernel<(int)128, (int)2, void at::native::gpu_kernel_impl_nocast<at::native::BinaryFunctor<float, float, float, at::native::binary_internal::MulFunctor<float>>>(at::TensorIteratorBase &, const T1 &)::[lambda(int) (instance 1)]>(int, T3)"
PyTorch:BasicsTransformerLM.layers.19.attn,PushPop,30,30,12,12,319773,26647.8,26799.0,25056,26976,508.3,cutlass3x_sm100_simt_sgemm_f32_f32_f32_f32_f32_128x64x16_1x1x1_3_tnn_align1_bias_f32_relu
PyTorch:BasicsTransformerLM.layers.19.attn,PushPop,30,30,12,12,253536,21128.0,21056.0,20992,21888,242.6,cutlass3x_sm100_simt_sgemm_f32_f32_f32_f32_f32_64x32x16_1x1x1_3_nnn_align1_bias_f32_relu
PyTorch:BasicsTransformerLM.layers.19.attn,PushPop,30,30,12,24,217503,9062.6,9056.0,8799,9248,121.3,"void at::native::<unnamed>::CatArrayBatchedCopy<at::native::<unnamed>::OpaqueType<(unsigned int)4>, unsigned int, (int)4, (int)64, (int)64>(T1 *, at::native::<unnamed>::CatArrInputTensorMetadata<T1, T2, T4, T5>, at::native::<unnamed>::TensorSizeStride<T2, (unsigned int)4>, int, T2)"
PyTorch:BasicsTransformerLM.layers.19.attn,PushPop,30,30,12,12,183392,15282.7,15232.0,15168,15776,165.7,"void at::native::elementwise_kernel<(int)128, (int)2, void at::native::gpu_kernel_impl_nocast<at::native::BinaryFunctor<float, float, float, at::native::binary_internal::DivFunctor<float>>>(at::TensorIteratorBase &, const T1 &)::[lambda(int) (instance 1)]>(int, T3)"
PyTorch:BasicsTransformerLM.layers.19.attn,PushPop,30,30,12,12,159168,13264.0,13120.0,13056,14656,441.6,"void at::native::reduce_kernel<(int)512, (int)1, at::native::ReduceOp<float, at::native::MaxOps<float>, unsigned int, float, (int)4, (int)4>>(T3)"
PyTorch:BasicsTransformerLM.layers.19.attn,PushPop,30,30,12,12,158272,13189.3,13168.0,13056,13376,89.3,"void at::native::elementwise_kernel<(int)128, (int)2, void at::native::gpu_kernel_impl_nocast<at::native::<unnamed>::where_kernel_impl(at::TensorIterator &)::[lambda() (instance 1)]::operator ()() const::[lambda() (instance 11)]::operator ()() const::[lambda(bool, float, float) (instance 1)]>(at::TensorIteratorBase &, const T1 &)::[lambda(int) (instance 1)]>(int, T3)"
PyTorch:BasicsTransformerLM.layers.19.attn,PushPop,30,30,12,12,152768,12730.7,12736.0,12608,12896,65.2,"void at::native::elementwise_kernel<(int)128, (int)2, void at::native::gpu_kernel_impl_nocast<at::native::CUDAFunctor_add<float>>(at::TensorIteratorBase &, const T1 &)::[lambda(int) (instance 1)]>(int, T3)"
PyTorch:BasicsTransformerLM.layers.19.attn,PushPop,30,30,12,24,134334,5597.3,5567.5,4608,6687,953.0,"void at::native::elementwise_kernel<(int)128, (int)2, void at::native::gpu_kernel_impl_nocast<at::native::direct_copy_kernel_cuda(at::TensorIteratorBase &)::[lambda() (instance 3)]::operator ()() const::[lambda() (instance 7)]::operator ()() const::[lambda(float) (instance 1)]>(at::TensorIteratorBase &, const T1 &)::[lambda(int) (instance 1)]>(int, T3)"
PyTorch:BasicsTransformerLM.layers.19.attn,PushPop,30,30,12,48,100032,2084.0,2048.0,1920,2368,90.7,"void at::native::vectorized_elementwise_kernel<(int)4, at::native::CUDAFunctor_add<float>, std::array<char *, (unsigned long)3>>(int, T2, T3)"
PyTorch:BasicsTransformerLM.layers.19.attn,PushPop,30,30,12,12,84512,7042.7,7040.0,6976,7104,48.2,"void at::native::reduce_kernel<(int)512, (int)1, at::native::ReduceOp<float, at::native::func_wrapper_t<float, at::native::sum_functor<float, float, float>::operator ()(at::TensorIterator &)::[lambda(float, float) (instance 1)]>, unsigned int, float, (int)4, (int)4>>(T3)"
PyTorch:BasicsTransformerLM.layers.19.attn,PushPop,30,30,12,12,63968,5330.7,5280.0,5056,5728,200.8,"void at::native::vectorized_elementwise_kernel<(int)4, at::native::exp_kernel_cuda(at::TensorIteratorBase &)::[lambda() (instance 2)]::operator ()() const::[lambda() (instance 2)]::operator ()() const::[lambda(float) (instance 1)], std::array<char *, (unsigned long)2>>(int, T2, T3)"
PyTorch:BasicsTransformerLM.layers.19.attn,PushPop,30,30,12,12,61919,5159.9,5135.5,4928,5568,186.7,"void at::native::vectorized_elementwise_kernel<(int)4, at::native::BUnaryFunctor<float, float, float, at::native::binary_internal::MulFunctor<float>>, std::array<char *, (unsigned long)2>>(int, T2, T3)"
PyTorch:BasicsTransformerLM.layers.19.attn,PushPop,30,30,12,12,30656,2554.7,2544.0,2496,2624,38.2,"void at::native::elementwise_kernel<(int)128, (int)4, void at::native::gpu_kernel_impl_nocast<at::native::<unnamed>::CompareFunctor<long>>(at::TensorIteratorBase &, const T1 &)::[lambda(int) (instance 1)]>(int, T3)"
PyTorch:BasicsTransformerLM.layers.19.attn,PushPop,30,30,12,12,12736,1061.3,1088.0,928,1280,112.4,"void at::native::vectorized_elementwise_kernel<(int)4, at::native::FillFunctor<float>, std::array<char *, (unsigned long)1>>(int, T2, T3)"
PyTorch:BasicsTransformerLM.layers.19.attn,PushPop,30,30,12,12,12608,1050.7,1008.0,960,1184,83.9,"void <unnamed>::elementwise_kernel_with_index<int, at::native::arange_cuda_out(const c10::Scalar &, const c10::Scalar &, const c10::Scalar &, at::Tensor &)::[lambda() (instance 1)]::operator ()() const::[lambda() (instance 4)]::operator ()() const::[lambda(long) (instance 1)]>(T1, T2, function_traits<T2>::result_type *)"
PyTorch:BasicsTransformerLM.layers.19.attn.k_proj,PushPop,30,30,12,12,1128699,94058.3,93743.0,93312,98143,1297.6,cutlass3x_sm100_simt_sgemm_f32_f32_f32_f32_f32_64x32x16_1x1x1_3_tnn_align1_bias_f32_relu
PyTorch:BasicsTransformerLM.layers.19.attn.output_proj,PushPop,30,30,12,12,1134780,94565.0,94304.0,93951,97823,1046.2,cutlass3x_sm100_simt_sgemm_f32_f32_f32_f32_f32_64x32x16_1x1x1_3_tnn_align1_bias_f32_relu
PyTorch:BasicsTransformerLM.layers.19.attn.q_proj,PushPop,30,30,12,12,1127294,93941.2,93712.0,93535,96256,745.9,cutlass3x_sm100_simt_sgemm_f32_f32_f32_f32_f32_64x32x16_1x1x1_3_tnn_align1_bias_f32_relu
PyTorch:BasicsTransformerLM.layers.19.attn.v_proj,PushPop,30,30,12,12,1128860,94071.7,93648.0,93408,98080,1298.7,cutlass3x_sm100_simt_sgemm_f32_f32_f32_f32_f32_64x32x16_1x1x1_3_tnn_align1_bias_f32_relu
PyTorch:BasicsTransformerLM.layers.19.ffn,PushPop,30,30,12,24,7517859,313244.1,312478.5,311775,323519,2753.1,cutlass3x_sm100_simt_sgemm_f32_f32_f32_f32_f32_64x128x16_1x1x1_3_tnn_align1_bias_f32_relu
PyTorch:BasicsTransformerLM.layers.19.ffn,PushPop,30,30,12,12,4334162,361180.2,360478.5,359807,368191,2286.3,cutlass3x_sm100_simt_sgemm_f32_f32_f32_f32_f32_64x32x16_1x1x1_3_tnn_align1_bias_f32_relu
PyTorch:BasicsTransformerLM.layers.19.ffn,PushPop,30,30,12,24,156160,6506.7,6496.0,5504,7488,785.3,"void at::native::vectorized_elementwise_kernel<(int)4, at::native::BinaryFunctor<float, float, float, at::native::binary_internal::MulFunctor<float>>, std::array<char *, (unsigned long)3>>(int, T2, T3)"
PyTorch:BasicsTransformerLM.layers.19.ffn,PushPop,30,30,12,12,71168,5930.7,5856.0,5760,6496,229.7,"void at::native::vectorized_elementwise_kernel<(int)4, at::native::sigmoid_kernel_cuda(at::TensorIteratorBase &)::[lambda() (instance 2)]::operator ()() const::[lambda() (instance 2)]::operator ()() const::[lambda(float) (instance 1)], std::array<char *, (unsigned long)2>>(int, T2, T3)"
PyTorch:BasicsTransformerLM.layers.19.ffn.w1,PushPop,30,30,12,12,3762800,313566.7,312655.0,312063,323519,3149.6,cutlass3x_sm100_simt_sgemm_f32_f32_f32_f32_f32_64x128x16_1x1x1_3_tnn_align1_bias_f32_relu
PyTorch:BasicsTransformerLM.layers.19.ffn.w2,PushPop,30,30,12,12,4334162,361180.2,360478.5,359807,368191,2286.3,cutlass3x_sm100_simt_sgemm_f32_f32_f32_f32_f32_64x32x16_1x1x1_3_tnn_align1_bias_f32_relu
PyTorch:BasicsTransformerLM.layers.19.ffn.w3,PushPop,30,30,12,12,3755059,312921.6,312191.0,311775,320446,2387.7,cutlass3x_sm100_simt_sgemm_f32_f32_f32_f32_f32_64x128x16_1x1x1_3_tnn_align1_bias_f32_relu
PyTorch:BasicsTransformerLM.layers.19.ln1,PushPop,30,30,12,24,113376,4724.0,4736.0,4608,4960,71.1,"void at::native::elementwise_kernel<(int)128, (int)2, void at::native::gpu_kernel_impl_nocast<at::native::BinaryFunctor<float, float, float, at::native::binary_internal::MulFunctor<float>>>(at::TensorIteratorBase &, const T1 &)::[lambda(int) (instance 1)]>(int, T3)"
PyTorch:BasicsTransformerLM.layers.19.ln1,PushPop,30,30,12,12,73183,6098.6,6096.0,6048,6144,28.7,"void at::native::reduce_kernel<(int)512, (int)1, at::native::ReduceOp<float, at::native::MeanOps<float, float, float, float>, unsigned int, float, (int)4, (int)4>>(T3)"
PyTorch:BasicsTransformerLM.layers.19.ln1,PushPop,30,30,12,12,29567,2463.9,2464.0,2336,2592,65.4,"void at::native::vectorized_elementwise_kernel<(int)4, void at::native::<unnamed>::pow_tensor_scalar_kernel_impl<float, float>(at::TensorIteratorBase &, T2)::[lambda(float) (instance 1)], std::array<char *, (unsigned long)2>>(int, T2, T3)"
PyTorch:BasicsTransformerLM.layers.19.ln1,PushPop,30,30,12,12,18496,1541.3,1568.0,1152,1888,167.6,"void at::native::vectorized_elementwise_kernel<(int)4, at::native::CUDAFunctorOnSelf_add<float>, std::array<char *, (unsigned long)2>>(int, T2, T3)"
PyTorch:BasicsTransformerLM.layers.19.ln1,PushPop,30,30,12,12,18016,1501.3,1472.0,1312,1632,97.9,"void at::native::vectorized_elementwise_kernel<(int)4, at::native::rsqrt_kernel_cuda(at::TensorIteratorBase &)::[lambda() (instance 2)]::operator ()() const::[lambda() (instance 2)]::operator ()() const::[lambda(float) (instance 1)], std::array<char *, (unsigned long)2>>(int, T2, T3)"
PyTorch:BasicsTransformerLM.layers.19.ln2,PushPop,30,30,12,24,112960,4706.7,4688.0,4640,4864,54.1,"void at::native::elementwise_kernel<(int)128, (int)2, void at::native::gpu_kernel_impl_nocast<at::native::BinaryFunctor<float, float, float, at::native::binary_internal::MulFunctor<float>>>(at::TensorIteratorBase &, const T1 &)::[lambda(int) (instance 1)]>(int, T3)"
PyTorch:BasicsTransformerLM.layers.19.ln2,PushPop,30,30,12,12,72864,6072.0,6080.0,5984,6112,43.4,"void at::native::reduce_kernel<(int)512, (int)1, at::native::ReduceOp<float, at::native::MeanOps<float, float, float, float>, unsigned int, float, (int)4, (int)4>>(T3)"
PyTorch:BasicsTransformerLM.layers.19.ln2,PushPop,30,30,12,12,29088,2424.0,2400.0,2336,2688,90.6,"void at::native::vectorized_elementwise_kernel<(int)4, void at::native::<unnamed>::pow_tensor_scalar_kernel_impl<float, float>(at::TensorIteratorBase &, T2)::[lambda(float) (instance 1)], std::array<char *, (unsigned long)2>>(int, T2, T3)"
PyTorch:BasicsTransformerLM.layers.19.ln2,PushPop,30,30,12,12,17312,1442.7,1536.0,1184,1856,212.0,"void at::native::vectorized_elementwise_kernel<(int)4, at::native::CUDAFunctorOnSelf_add<float>, std::array<char *, (unsigned long)2>>(int, T2, T3)"
PyTorch:BasicsTransformerLM.layers.19.ln2,PushPop,30,30,12,12,17024,1418.7,1456.0,1248,1568,100.6,"void at::native::vectorized_elementwise_kernel<(int)4, at::native::rsqrt_kernel_cuda(at::TensorIteratorBase &)::[lambda() (instance 2)]::operator ()() const::[lambda() (instance 2)]::operator ()() const::[lambda(float) (instance 1)], std::array<char *, (unsigned long)2>>(int, T2, T3)"
PyTorch:BasicsTransformerLM.layers.2,PushPop,30,30,12,60,8824483,147074.7,93663.5,93056,368574,107241.5,cutlass3x_sm100_simt_sgemm_f32_f32_f32_f32_f32_64x32x16_1x1x1_3_tnn_align1_bias_f32_relu
PyTorch:BasicsTransformerLM.layers.2,PushPop,30,30,12,24,7501989,312582.9,311503.0,310879,324350,3434.9,cutlass3x_sm100_simt_sgemm_f32_f32_f32_f32_f32_64x128x16_1x1x1_3_tnn_align1_bias_f32_relu
PyTorch:BasicsTransformerLM.layers.2,PushPop,30,30,12,144,548766,3810.9,3488.0,3072,4896,624.5,"void at::native::elementwise_kernel<(int)128, (int)2, void at::native::gpu_kernel_impl_nocast<at::native::BinaryFunctor<float, float, float, at::native::binary_internal::MulFunctor<float>>>(at::TensorIteratorBase &, const T1 &)::[lambda(int) (instance 1)]>(int, T3)"
PyTorch:BasicsTransformerLM.layers.2,PushPop,30,30,12,12,320062,26671.8,26799.5,25184,26880,470.9,cutlass3x_sm100_simt_sgemm_f32_f32_f32_f32_f32_128x64x16_1x1x1_3_tnn_align1_bias_f32_relu
PyTorch:BasicsTransformerLM.layers.2,PushPop,30,30,12,12,254111,21175.9,21088.0,21024,21920,240.3,cutlass3x_sm100_simt_sgemm_f32_f32_f32_f32_f32_64x32x16_1x1x1_3_nnn_align1_bias_f32_relu
PyTorch:BasicsTransformerLM.layers.2,PushPop,30,30,12,24,219038,9126.6,9136.0,8896,9376,117.1,"void at::native::<unnamed>::CatArrayBatchedCopy<at::native::<unnamed>::OpaqueType<(unsigned int)4>, unsigned int, (int)4, (int)64, (int)64>(T1 *, at::native::<unnamed>::CatArrInputTensorMetadata<T1, T2, T4, T5>, at::native::<unnamed>::TensorSizeStride<T2, (unsigned int)4>, int, T2)"
PyTorch:BasicsTransformerLM.layers.2,PushPop,30,30,12,72,184032,2556.0,2176.0,1984,3680,589.4,"void at::native::vectorized_elementwise_kernel<(int)4, at::native::CUDAFunctor_add<float>, std::array<char *, (unsigned long)3>>(int, T2, T3)"
PyTorch:BasicsTransformerLM.layers.2,PushPop,30,30,12,12,183168,15264.0,15232.0,15136,15712,150.7,"void at::native::elementwise_kernel<(int)128, (int)2, void at::native::gpu_kernel_impl_nocast<at::native::BinaryFunctor<float, float, float, at::native::binary_internal::DivFunctor<float>>>(at::TensorIteratorBase &, const T1 &)::[lambda(int) (instance 1)]>(int, T3)"
PyTorch:BasicsTransformerLM.layers.2,PushPop,30,30,12,12,159231,13269.3,13136.0,13056,14752,469.8,"void at::native::reduce_kernel<(int)512, (int)1, at::native::ReduceOp<float, at::native::MaxOps<float>, unsigned int, float, (int)4, (int)4>>(T3)"
PyTorch:BasicsTransformerLM.layers.2,PushPop,30,30,12,12,158047,13170.6,13184.0,13056,13280,66.0,"void at::native::elementwise_kernel<(int)128, (int)2, void at::native::gpu_kernel_impl_nocast<at::native::<unnamed>::where_kernel_impl(at::TensorIterator &)::[lambda() (instance 1)]::operator ()() const::[lambda() (instance 11)]::operator ()() const::[lambda(bool, float, float) (instance 1)]>(at::TensorIteratorBase &, const T1 &)::[lambda(int) (instance 1)]>(int, T3)"
PyTorch:BasicsTransformerLM.layers.2,PushPop,30,30,12,24,153151,6381.3,6432.0,5536,7296,689.1,"void at::native::vectorized_elementwise_kernel<(int)4, at::native::BinaryFunctor<float, float, float, at::native::binary_internal::MulFunctor<float>>, std::array<char *, (unsigned long)3>>(int, T2, T3)"
PyTorch:BasicsTransformerLM.layers.2,PushPop,30,30,12,12,152864,12738.7,12736.0,12672,12896,63.2,"void at::native::elementwise_kernel<(int)128, (int)2, void at::native::gpu_kernel_impl_nocast<at::native::CUDAFunctor_add<float>>(at::TensorIteratorBase &, const T1 &)::[lambda(int) (instance 1)]>(int, T3)"
PyTorch:BasicsTransformerLM.layers.2,PushPop,30,30,12,24,145728,6072.0,6080.0,5920,6208,64.2,"void at::native::reduce_kernel<(int)512, (int)1, at::native::ReduceOp<float, at::native::MeanOps<float, float, float, float>, unsigned int, float, (int)4, (int)4>>(T3)"
PyTorch:BasicsTransformerLM.layers.2,PushPop,30,30,12,24,134527,5605.3,5536.0,4576,6816,1007.2,"void at::native::elementwise_kernel<(int)128, (int)2, void at::native::gpu_kernel_impl_nocast<at::native::direct_copy_kernel_cuda(at::TensorIteratorBase &)::[lambda() (instance 3)]::operator ()() const::[lambda() (instance 7)]::operator ()() const::[lambda(float) (instance 1)]>(at::TensorIteratorBase &, const T1 &)::[lambda(int) (instance 1)]>(int, T3)"
PyTorch:BasicsTransformerLM.layers.2,PushPop,30,30,12,12,84864,7072.0,7072.0,6944,7264,83.0,"void at::native::reduce_kernel<(int)512, (int)1, at::native::ReduceOp<float, at::native::func_wrapper_t<float, at::native::sum_functor<float, float, float>::operator ()(at::TensorIterator &)::[lambda(float, float) (instance 1)]>, unsigned int, float, (int)4, (int)4>>(T3)"
PyTorch:BasicsTransformerLM.layers.2,PushPop,30,30,12,12,70560,5880.0,5792.0,5632,6528,272.6,"void at::native::vectorized_elementwise_kernel<(int)4, at::native::sigmoid_kernel_cuda(at::TensorIteratorBase &)::[lambda() (instance 2)]::operator ()() const::[lambda() (instance 2)]::operator ()() const::[lambda(float) (instance 1)], std::array<char *, (unsigned long)2>>(int, T2, T3)"
PyTorch:BasicsTransformerLM.layers.2,PushPop,30,30,12,12,62752,5229.3,5152.0,5056,5696,196.5,"void at::native::vectorized_elementwise_kernel<(int)4, at::native::exp_kernel_cuda(at::TensorIteratorBase &)::[lambda() (instance 2)]::operator ()() const::[lambda() (instance 2)]::operator ()() const::[lambda(float) (instance 1)], std::array<char *, (unsigned long)2>>(int, T2, T3)"
PyTorch:BasicsTransformerLM.layers.2,PushPop,30,30,12,12,61087,5090.6,5056.0,4896,5471,176.9,"void at::native::vectorized_elementwise_kernel<(int)4, at::native::BUnaryFunctor<float, float, float, at::native::binary_internal::MulFunctor<float>>, std::array<char *, (unsigned long)2>>(int, T2, T3)"
PyTorch:BasicsTransformerLM.layers.2,PushPop,30,30,12,24,59360,2473.3,2448.0,2336,2688,96.0,"void at::native::vectorized_elementwise_kernel<(int)4, void at::native::<unnamed>::pow_tensor_scalar_kernel_impl<float, float>(at::TensorIteratorBase &, T2)::[lambda(float) (instance 1)], std::array<char *, (unsigned long)2>>(int, T2, T3)"
PyTorch:BasicsTransformerLM.layers.2,PushPop,30,30,12,24,35968,1498.7,1520.0,1120,1728,133.0,"void at::native::vectorized_elementwise_kernel<(int)4, at::native::CUDAFunctorOnSelf_add<float>, std::array<char *, (unsigned long)2>>(int, T2, T3)"
PyTorch:BasicsTransformerLM.layers.2,PushPop,30,30,12,24,35456,1477.3,1472.0,1280,1728,96.5,"void at::native::vectorized_elementwise_kernel<(int)4, at::native::rsqrt_kernel_cuda(at::TensorIteratorBase &)::[lambda() (instance 2)]::operator ()() const::[lambda() (instance 2)]::operator ()() const::[lambda(float) (instance 1)], std::array<char *, (unsigned long)2>>(int, T2, T3)"
PyTorch:BasicsTransformerLM.layers.2,PushPop,30,30,12,12,31296,2608.0,2640.0,2432,2688,80.1,"void at::native::elementwise_kernel<(int)128, (int)4, void at::native::gpu_kernel_impl_nocast<at::native::<unnamed>::CompareFunctor<long>>(at::TensorIteratorBase &, const T1 &)::[lambda(int) (instance 1)]>(int, T3)"
PyTorch:BasicsTransformerLM.layers.2,PushPop,30,30,12,12,13536,1128.0,1120.0,960,1440,115.1,"void at::native::vectorized_elementwise_kernel<(int)4, at::native::FillFunctor<float>, std::array<char *, (unsigned long)1>>(int, T2, T3)"
PyTorch:BasicsTransformerLM.layers.2,PushPop,30,30,12,12,12384,1032.0,992.0,960,1184,82.0,"void <unnamed>::elementwise_kernel_with_index<int, at::native::arange_cuda_out(const c10::Scalar &, const c10::Scalar &, const c10::Scalar &, at::Tensor &)::[lambda() (instance 1)]::operator ()() const::[lambda() (instance 4)]::operator ()() const::[lambda(long) (instance 1)]>(T1, T2, function_traits<T2>::result_type *)"
PyTorch:BasicsTransformerLM.layers.2.attn,PushPop,30,30,12,48,4507633,93909.0,93536.0,93056,98399,1227.2,cutlass3x_sm100_simt_sgemm_f32_f32_f32_f32_f32_64x32x16_1x1x1_3_tnn_align1_bias_f32_relu
PyTorch:BasicsTransformerLM.layers.2.attn,PushPop,30,30,12,96,324702,3382.3,3456.0,3072,3744,165.6,"void at::native::elementwise_kernel<(int)128, (int)2, void at::native::gpu_kernel_impl_nocast<at::native::BinaryFunctor<float, float, float, at::native::binary_internal::MulFunctor<float>>>(at::TensorIteratorBase &, const T1 &)::[lambda(int) (instance 1)]>(int, T3)"
PyTorch:BasicsTransformerLM.layers.2.attn,PushPop,30,30,12,12,320062,26671.8,26799.5,25184,26880,470.9,cutlass3x_sm100_simt_sgemm_f32_f32_f32_f32_f32_128x64x16_1x1x1_3_tnn_align1_bias_f32_relu
PyTorch:BasicsTransformerLM.layers.2.attn,PushPop,30,30,12,12,254111,21175.9,21088.0,21024,21920,240.3,cutlass3x_sm100_simt_sgemm_f32_f32_f32_f32_f32_64x32x16_1x1x1_3_nnn_align1_bias_f32_relu
PyTorch:BasicsTransformerLM.layers.2.attn,PushPop,30,30,12,24,219038,9126.6,9136.0,8896,9376,117.1,"void at::native::<unnamed>::CatArrayBatchedCopy<at::native::<unnamed>::OpaqueType<(unsigned int)4>, unsigned int, (int)4, (int)64, (int)64>(T1 *, at::native::<unnamed>::CatArrInputTensorMetadata<T1, T2, T4, T5>, at::native::<unnamed>::TensorSizeStride<T2, (unsigned int)4>, int, T2)"
PyTorch:BasicsTransformerLM.layers.2.attn,PushPop,30,30,12,12,183168,15264.0,15232.0,15136,15712,150.7,"void at::native::elementwise_kernel<(int)128, (int)2, void at::native::gpu_kernel_impl_nocast<at::native::BinaryFunctor<float, float, float, at::native::binary_internal::DivFunctor<float>>>(at::TensorIteratorBase &, const T1 &)::[lambda(int) (instance 1)]>(int, T3)"
PyTorch:BasicsTransformerLM.layers.2.attn,PushPop,30,30,12,12,159231,13269.3,13136.0,13056,14752,469.8,"void at::native::reduce_kernel<(int)512, (int)1, at::native::ReduceOp<float, at::native::MaxOps<float>, unsigned int, float, (int)4, (int)4>>(T3)"
PyTorch:BasicsTransformerLM.layers.2.attn,PushPop,30,30,12,12,158047,13170.6,13184.0,13056,13280,66.0,"void at::native::elementwise_kernel<(int)128, (int)2, void at::native::gpu_kernel_impl_nocast<at::native::<unnamed>::where_kernel_impl(at::TensorIterator &)::[lambda() (instance 1)]::operator ()() const::[lambda() (instance 11)]::operator ()() const::[lambda(bool, float, float) (instance 1)]>(at::TensorIteratorBase &, const T1 &)::[lambda(int) (instance 1)]>(int, T3)"
PyTorch:BasicsTransformerLM.layers.2.attn,PushPop,30,30,12,12,152864,12738.7,12736.0,12672,12896,63.2,"void at::native::elementwise_kernel<(int)128, (int)2, void at::native::gpu_kernel_impl_nocast<at::native::CUDAFunctor_add<float>>(at::TensorIteratorBase &, const T1 &)::[lambda(int) (instance 1)]>(int, T3)"
PyTorch:BasicsTransformerLM.layers.2.attn,PushPop,30,30,12,24,134527,5605.3,5536.0,4576,6816,1007.2,"void at::native::elementwise_kernel<(int)128, (int)2, void at::native::gpu_kernel_impl_nocast<at::native::direct_copy_kernel_cuda(at::TensorIteratorBase &)::[lambda() (instance 3)]::operator ()() const::[lambda() (instance 7)]::operator ()() const::[lambda(float) (instance 1)]>(at::TensorIteratorBase &, const T1 &)::[lambda(int) (instance 1)]>(int, T3)"
PyTorch:BasicsTransformerLM.layers.2.attn,PushPop,30,30,12,48,103040,2146.7,2144.0,1984,2368,71.4,"void at::native::vectorized_elementwise_kernel<(int)4, at::native::CUDAFunctor_add<float>, std::array<char *, (unsigned long)3>>(int, T2, T3)"
PyTorch:BasicsTransformerLM.layers.2.attn,PushPop,30,30,12,12,84864,7072.0,7072.0,6944,7264,83.0,"void at::native::reduce_kernel<(int)512, (int)1, at::native::ReduceOp<float, at::native::func_wrapper_t<float, at::native::sum_functor<float, float, float>::operator ()(at::TensorIterator &)::[lambda(float, float) (instance 1)]>, unsigned int, float, (int)4, (int)4>>(T3)"
PyTorch:BasicsTransformerLM.layers.2.attn,PushPop,30,30,12,12,62752,5229.3,5152.0,5056,5696,196.5,"void at::native::vectorized_elementwise_kernel<(int)4, at::native::exp_kernel_cuda(at::TensorIteratorBase &)::[lambda() (instance 2)]::operator ()() const::[lambda() (instance 2)]::operator ()() const::[lambda(float) (instance 1)], std::array<char *, (unsigned long)2>>(int, T2, T3)"
PyTorch:BasicsTransformerLM.layers.2.attn,PushPop,30,30,12,12,61087,5090.6,5056.0,4896,5471,176.9,"void at::native::vectorized_elementwise_kernel<(int)4, at::native::BUnaryFunctor<float, float, float, at::native::binary_internal::MulFunctor<float>>, std::array<char *, (unsigned long)2>>(int, T2, T3)"
PyTorch:BasicsTransformerLM.layers.2.attn,PushPop,30,30,12,12,31296,2608.0,2640.0,2432,2688,80.1,"void at::native::elementwise_kernel<(int)128, (int)4, void at::native::gpu_kernel_impl_nocast<at::native::<unnamed>::CompareFunctor<long>>(at::TensorIteratorBase &, const T1 &)::[lambda(int) (instance 1)]>(int, T3)"
PyTorch:BasicsTransformerLM.layers.2.attn,PushPop,30,30,12,12,13536,1128.0,1120.0,960,1440,115.1,"void at::native::vectorized_elementwise_kernel<(int)4, at::native::FillFunctor<float>, std::array<char *, (unsigned long)1>>(int, T2, T3)"
PyTorch:BasicsTransformerLM.layers.2.attn,PushPop,30,30,12,12,12384,1032.0,992.0,960,1184,82.0,"void <unnamed>::elementwise_kernel_with_index<int, at::native::arange_cuda_out(const c10::Scalar &, const c10::Scalar &, const c10::Scalar &, at::Tensor &)::[lambda() (instance 1)]::operator ()() const::[lambda() (instance 4)]::operator ()() const::[lambda(long) (instance 1)]>(T1, T2, function_traits<T2>::result_type *)"
PyTorch:BasicsTransformerLM.layers.2.attn.k_proj,PushPop,30,30,12,12,1126236,93853.0,93535.5,93184,97664,1212.7,cutlass3x_sm100_simt_sgemm_f32_f32_f32_f32_f32_64x32x16_1x1x1_3_tnn_align1_bias_f32_relu
PyTorch:BasicsTransformerLM.layers.2.attn.output_proj,PushPop,30,30,12,12,1132220,94351.7,94015.5,93728,98399,1284.7,cutlass3x_sm100_simt_sgemm_f32_f32_f32_f32_f32_64x32x16_1x1x1_3_tnn_align1_bias_f32_relu
PyTorch:BasicsTransformerLM.layers.2.attn.q_proj,PushPop,30,30,12,12,1126427,93868.9,93471.5,93215,98399,1434.8,cutlass3x_sm100_simt_sgemm_f32_f32_f32_f32_f32_64x32x16_1x1x1_3_tnn_align1_bias_f32_relu
PyTorch:BasicsTransformerLM.layers.2.attn.v_proj,PushPop,30,30,12,12,1122750,93562.5,93343.5,93056,96544,951.3,cutlass3x_sm100_simt_sgemm_f32_f32_f32_f32_f32_64x32x16_1x1x1_3_tnn_align1_bias_f32_relu
PyTorch:BasicsTransformerLM.layers.2.ffn,PushPop,30,30,12,24,7501989,312582.9,311503.0,310879,324350,3434.9,cutlass3x_sm100_simt_sgemm_f32_f32_f32_f32_f32_64x128x16_1x1x1_3_tnn_align1_bias_f32_relu
PyTorch:BasicsTransformerLM.layers.2.ffn,PushPop,30,30,12,12,4316850,359737.5,359023.0,357950,368574,2866.4,cutlass3x_sm100_simt_sgemm_f32_f32_f32_f32_f32_64x32x16_1x1x1_3_tnn_align1_bias_f32_relu
PyTorch:BasicsTransformerLM.layers.2.ffn,PushPop,30,30,12,24,153151,6381.3,6432.0,5536,7296,689.1,"void at::native::vectorized_elementwise_kernel<(int)4, at::native::BinaryFunctor<float, float, float, at::native::binary_internal::MulFunctor<float>>, std::array<char *, (unsigned long)3>>(int, T2, T3)"
PyTorch:BasicsTransformerLM.layers.2.ffn,PushPop,30,30,12,12,70560,5880.0,5792.0,5632,6528,272.6,"void at::native::vectorized_elementwise_kernel<(int)4, at::native::sigmoid_kernel_cuda(at::TensorIteratorBase &)::[lambda() (instance 2)]::operator ()() const::[lambda() (instance 2)]::operator ()() const::[lambda(float) (instance 1)], std::array<char *, (unsigned long)2>>(int, T2, T3)"
PyTorch:BasicsTransformerLM.layers.2.ffn.w1,PushPop,30,30,12,12,3752881,312740.1,311566.5,311295,324350,3680.2,cutlass3x_sm100_simt_sgemm_f32_f32_f32_f32_f32_64x128x16_1x1x1_3_tnn_align1_bias_f32_relu
PyTorch:BasicsTransformerLM.layers.2.ffn.w2,PushPop,30,30,12,12,4316850,359737.5,359023.0,357950,368574,2866.4,cutlass3x_sm100_simt_sgemm_f32_f32_f32_f32_f32_64x32x16_1x1x1_3_tnn_align1_bias_f32_relu
PyTorch:BasicsTransformerLM.layers.2.ffn.w3,PushPop,30,30,12,12,3749108,312425.7,311471.0,310879,322943,3327.3,cutlass3x_sm100_simt_sgemm_f32_f32_f32_f32_f32_64x128x16_1x1x1_3_tnn_align1_bias_f32_relu
PyTorch:BasicsTransformerLM.layers.2.ln1,PushPop,30,30,12,24,112960,4706.7,4704.0,4576,4896,77.8,"void at::native::elementwise_kernel<(int)128, (int)2, void at::native::gpu_kernel_impl_nocast<at::native::BinaryFunctor<float, float, float, at::native::binary_internal::MulFunctor<float>>>(at::TensorIteratorBase &, const T1 &)::[lambda(int) (instance 1)]>(int, T3)"
PyTorch:BasicsTransformerLM.layers.2.ln1,PushPop,30,30,12,12,72800,6066.7,6064.0,5920,6208,85.7,"void at::native::reduce_kernel<(int)512, (int)1, at::native::ReduceOp<float, at::native::MeanOps<float, float, float, float>, unsigned int, float, (int)4, (int)4>>(T3)"
PyTorch:BasicsTransformerLM.layers.2.ln1,PushPop,30,30,12,12,30016,2501.3,2480.0,2336,2688,118.0,"void at::native::vectorized_elementwise_kernel<(int)4, void at::native::<unnamed>::pow_tensor_scalar_kernel_impl<float, float>(at::TensorIteratorBase &, T2)::[lambda(float) (instance 1)], std::array<char *, (unsigned long)2>>(int, T2, T3)"
PyTorch:BasicsTransformerLM.layers.2.ln1,PushPop,30,30,12,12,18304,1525.3,1552.0,1184,1728,140.7,"void at::native::vectorized_elementwise_kernel<(int)4, at::native::CUDAFunctorOnSelf_add<float>, std::array<char *, (unsigned long)2>>(int, T2, T3)"
PyTorch:BasicsTransformerLM.layers.2.ln1,PushPop,30,30,12,12,18176,1514.7,1504.0,1280,1728,115.2,"void at::native::vectorized_elementwise_kernel<(int)4, at::native::rsqrt_kernel_cuda(at::TensorIteratorBase &)::[lambda() (instance 2)]::operator ()() const::[lambda() (instance 2)]::operator ()() const::[lambda(float) (instance 1)], std::array<char *, (unsigned long)2>>(int, T2, T3)"
PyTorch:BasicsTransformerLM.layers.2.ln2,PushPop,30,30,12,24,111104,4629.3,4608.0,4576,4736,51.4,"void at::native::elementwise_kernel<(int)128, (int)2, void at::native::gpu_kernel_impl_nocast<at::native::BinaryFunctor<float, float, float, at::native::binary_internal::MulFunctor<float>>>(at::TensorIteratorBase &, const T1 &)::[lambda(int) (instance 1)]>(int, T3)"
PyTorch:BasicsTransformerLM.layers.2.ln2,PushPop,30,30,12,12,72928,6077.3,6080.0,6016,6144,34.7,"void at::native::reduce_kernel<(int)512, (int)1, at::native::ReduceOp<float, at::native::MeanOps<float, float, float, float>, unsigned int, float, (int)4, (int)4>>(T3)"
PyTorch:BasicsTransformerLM.layers.2.ln2,PushPop,30,30,12,12,29344,2445.3,2432.0,2336,2560,60.2,"void at::native::vectorized_elementwise_kernel<(int)4, void at::native::<unnamed>::pow_tensor_scalar_kernel_impl<float, float>(at::TensorIteratorBase &, T2)::[lambda(float) (instance 1)], std::array<char *, (unsigned long)2>>(int, T2, T3)"
PyTorch:BasicsTransformerLM.layers.2.ln2,PushPop,30,30,12,12,17664,1472.0,1504.0,1120,1568,125.1,"void at::native::vectorized_elementwise_kernel<(int)4, at::native::CUDAFunctorOnSelf_add<float>, std::array<char *, (unsigned long)2>>(int, T2, T3)"
PyTorch:BasicsTransformerLM.layers.2.ln2,PushPop,30,30,12,12,17280,1440.0,1440.0,1280,1504,56.3,"void at::native::vectorized_elementwise_kernel<(int)4, at::native::rsqrt_kernel_cuda(at::TensorIteratorBase &)::[lambda() (instance 2)]::operator ()() const::[lambda() (instance 2)]::operator ()() const::[lambda(float) (instance 1)], std::array<char *, (unsigned long)2>>(int, T2, T3)"
PyTorch:BasicsTransformerLM.layers.20,PushPop,30,30,12,60,8854500,147575.0,93951.5,93375,367711,107683.9,cutlass3x_sm100_simt_sgemm_f32_f32_f32_f32_f32_64x32x16_1x1x1_3_tnn_align1_bias_f32_relu
PyTorch:BasicsTransformerLM.layers.20,PushPop,30,30,12,24,7519780,313324.2,312559.0,311935,323807,2831.4,cutlass3x_sm100_simt_sgemm_f32_f32_f32_f32_f32_64x128x16_1x1x1_3_tnn_align1_bias_f32_relu
PyTorch:BasicsTransformerLM.layers.20,PushPop,30,30,12,144,549471,3815.8,3488.0,3072,4928,631.8,"void at::native::elementwise_kernel<(int)128, (int)2, void at::native::gpu_kernel_impl_nocast<at::native::BinaryFunctor<float, float, float, at::native::binary_internal::MulFunctor<float>>>(at::TensorIteratorBase &, const T1 &)::[lambda(int) (instance 1)]>(int, T3)"
PyTorch:BasicsTransformerLM.layers.20,PushPop,30,30,12,12,322527,26877.3,26864.0,24159,29376,1119.9,cutlass3x_sm100_simt_sgemm_f32_f32_f32_f32_f32_128x64x16_1x1x1_3_tnn_align1_bias_f32_relu
PyTorch:BasicsTransformerLM.layers.20,PushPop,30,30,12,12,255007,21250.6,21168.0,21088,22048,258.7,cutlass3x_sm100_simt_sgemm_f32_f32_f32_f32_f32_64x32x16_1x1x1_3_nnn_align1_bias_f32_relu
PyTorch:BasicsTransformerLM.layers.20,PushPop,30,30,12,24,218555,9106.5,9120.0,8895,9408,127.1,"void at::native::<unnamed>::CatArrayBatchedCopy<at::native::<unnamed>::OpaqueType<(unsigned int)4>, unsigned int, (int)4, (int)64, (int)64>(T1 *, at::native::<unnamed>::CatArrInputTensorMetadata<T1, T2, T4, T5>, at::native::<unnamed>::TensorSizeStride<T2, (unsigned int)4>, int, T2)"
PyTorch:BasicsTransformerLM.layers.20,PushPop,30,30,12,12,183167,15263.9,15184.0,15072,15808,200.6,"void at::native::elementwise_kernel<(int)128, (int)2, void at::native::gpu_kernel_impl_nocast<at::native::BinaryFunctor<float, float, float, at::native::binary_internal::DivFunctor<float>>>(at::TensorIteratorBase &, const T1 &)::[lambda(int) (instance 1)]>(int, T3)"
PyTorch:BasicsTransformerLM.layers.20,PushPop,30,30,12,72,182816,2539.1,2176.0,2016,3552,582.0,"void at::native::vectorized_elementwise_kernel<(int)4, at::native::CUDAFunctor_add<float>, std::array<char *, (unsigned long)3>>(int, T2, T3)"
PyTorch:BasicsTransformerLM.layers.20,PushPop,30,30,12,12,159583,13298.6,13168.0,13056,14912,509.9,"void at::native::reduce_kernel<(int)512, (int)1, at::native::ReduceOp<float, at::native::MaxOps<float>, unsigned int, float, (int)4, (int)4>>(T3)"
PyTorch:BasicsTransformerLM.layers.20,PushPop,30,30,12,12,158144,13178.7,13152.0,13088,13376,86.1,"void at::native::elementwise_kernel<(int)128, (int)2, void at::native::gpu_kernel_impl_nocast<at::native::<unnamed>::where_kernel_impl(at::TensorIterator &)::[lambda() (instance 1)]::operator ()() const::[lambda() (instance 11)]::operator ()() const::[lambda(bool, float, float) (instance 1)]>(at::TensorIteratorBase &, const T1 &)::[lambda(int) (instance 1)]>(int, T3)"
PyTorch:BasicsTransformerLM.layers.20,PushPop,30,30,12,24,154272,6428.0,6512.0,5504,7296,737.3,"void at::native::vectorized_elementwise_kernel<(int)4, at::native::BinaryFunctor<float, float, float, at::native::binary_internal::MulFunctor<float>>, std::array<char *, (unsigned long)3>>(int, T2, T3)"
PyTorch:BasicsTransformerLM.layers.20,PushPop,30,30,12,12,153536,12794.7,12784.0,12672,12928,81.7,"void at::native::elementwise_kernel<(int)128, (int)2, void at::native::gpu_kernel_impl_nocast<at::native::CUDAFunctor_add<float>>(at::TensorIteratorBase &, const T1 &)::[lambda(int) (instance 1)]>(int, T3)"
PyTorch:BasicsTransformerLM.layers.20,PushPop,30,30,12,24,145120,6046.7,6048.0,5920,6176,59.3,"void at::native::reduce_kernel<(int)512, (int)1, at::native::ReduceOp<float, at::native::MeanOps<float, float, float, float>, unsigned int, float, (int)4, (int)4>>(T3)"
PyTorch:BasicsTransformerLM.layers.20,PushPop,30,30,12,24,133888,5578.7,5552.0,4608,6848,963.7,"void at::native::elementwise_kernel<(int)128, (int)2, void at::native::gpu_kernel_impl_nocast<at::native::direct_copy_kernel_cuda(at::TensorIteratorBase &)::[lambda() (instance 3)]::operator ()() const::[lambda() (instance 7)]::operator ()() const::[lambda(float) (instance 1)]>(at::TensorIteratorBase &, const T1 &)::[lambda(int) (instance 1)]>(int, T3)"
PyTorch:BasicsTransformerLM.layers.20,PushPop,30,30,12,12,84672,7056.0,7072.0,6976,7168,61.8,"void at::native::reduce_kernel<(int)512, (int)1, at::native::ReduceOp<float, at::native::func_wrapper_t<float, at::native::sum_functor<float, float, float>::operator ()(at::TensorIterator &)::[lambda(float, float) (instance 1)]>, unsigned int, float, (int)4, (int)4>>(T3)"
PyTorch:BasicsTransformerLM.layers.20,PushPop,30,30,12,12,72032,6002.7,5856.0,5760,6720,316.6,"void at::native::vectorized_elementwise_kernel<(int)4, at::native::sigmoid_kernel_cuda(at::TensorIteratorBase &)::[lambda() (instance 2)]::operator ()() const::[lambda() (instance 2)]::operator ()() const::[lambda(float) (instance 1)], std::array<char *, (unsigned long)2>>(int, T2, T3)"
PyTorch:BasicsTransformerLM.layers.20,PushPop,30,30,12,12,63455,5287.9,5216.0,5024,5696,251.7,"void at::native::vectorized_elementwise_kernel<(int)4, at::native::exp_kernel_cuda(at::TensorIteratorBase &)::[lambda() (instance 2)]::operator ()() const::[lambda() (instance 2)]::operator ()() const::[lambda(float) (instance 1)], std::array<char *, (unsigned long)2>>(int, T2, T3)"
PyTorch:BasicsTransformerLM.layers.20,PushPop,30,30,12,12,61440,5120.0,5056.0,4928,5472,184.1,"void at::native::vectorized_elementwise_kernel<(int)4, at::native::BUnaryFunctor<float, float, float, at::native::binary_internal::MulFunctor<float>>, std::array<char *, (unsigned long)2>>(int, T2, T3)"
PyTorch:BasicsTransformerLM.layers.20,PushPop,30,30,12,24,58592,2441.3,2432.0,2304,2656,90.7,"void at::native::vectorized_elementwise_kernel<(int)4, void at::native::<unnamed>::pow_tensor_scalar_kernel_impl<float, float>(at::TensorIteratorBase &, T2)::[lambda(float) (instance 1)], std::array<char *, (unsigned long)2>>(int, T2, T3)"
PyTorch:BasicsTransformerLM.layers.20,PushPop,30,30,12,24,35808,1492.0,1472.0,1280,1728,96.6,"void at::native::vectorized_elementwise_kernel<(int)4, at::native::rsqrt_kernel_cuda(at::TensorIteratorBase &)::[lambda() (instance 2)]::operator ()() const::[lambda() (instance 2)]::operator ()() const::[lambda(float) (instance 1)], std::array<char *, (unsigned long)2>>(int, T2, T3)"
PyTorch:BasicsTransformerLM.layers.20,PushPop,30,30,12,24,35616,1484.0,1536.0,1152,1792,154.4,"void at::native::vectorized_elementwise_kernel<(int)4, at::native::CUDAFunctorOnSelf_add<float>, std::array<char *, (unsigned long)2>>(int, T2, T3)"
PyTorch:BasicsTransformerLM.layers.20,PushPop,30,30,12,12,31360,2613.3,2656.0,2432,2784,115.2,"void at::native::elementwise_kernel<(int)128, (int)4, void at::native::gpu_kernel_impl_nocast<at::native::<unnamed>::CompareFunctor<long>>(at::TensorIteratorBase &, const T1 &)::[lambda(int) (instance 1)]>(int, T3)"
PyTorch:BasicsTransformerLM.layers.20,PushPop,30,30,12,12,13216,1101.3,1120.0,928,1344,143.4,"void at::native::vectorized_elementwise_kernel<(int)4, at::native::FillFunctor<float>, std::array<char *, (unsigned long)1>>(int, T2, T3)"
PyTorch:BasicsTransformerLM.layers.20,PushPop,30,30,12,12,12800,1066.7,1040.0,960,1216,99.6,"void <unnamed>::elementwise_kernel_with_index<int, at::native::arange_cuda_out(const c10::Scalar &, const c10::Scalar &, const c10::Scalar &, at::Tensor &)::[lambda() (instance 1)]::operator ()() const::[lambda() (instance 4)]::operator ()() const::[lambda(long) (instance 1)]>(T1, T2, function_traits<T2>::result_type *)"
PyTorch:BasicsTransformerLM.layers.20.attn,PushPop,30,30,12,48,4521043,94188.4,93776.0,93375,98784,1254.6,cutlass3x_sm100_simt_sgemm_f32_f32_f32_f32_f32_64x32x16_1x1x1_3_tnn_align1_bias_f32_relu
PyTorch:BasicsTransformerLM.layers.20.attn,PushPop,30,30,12,96,324736,3382.7,3424.0,3072,3872,169.5,"void at::native::elementwise_kernel<(int)128, (int)2, void at::native::gpu_kernel_impl_nocast<at::native::BinaryFunctor<float, float, float, at::native::binary_internal::MulFunctor<float>>>(at::TensorIteratorBase &, const T1 &)::[lambda(int) (instance 1)]>(int, T3)"
PyTorch:BasicsTransformerLM.layers.20.attn,PushPop,30,30,12,12,322527,26877.3,26864.0,24159,29376,1119.9,cutlass3x_sm100_simt_sgemm_f32_f32_f32_f32_f32_128x64x16_1x1x1_3_tnn_align1_bias_f32_relu
PyTorch:BasicsTransformerLM.layers.20.attn,PushPop,30,30,12,12,255007,21250.6,21168.0,21088,22048,258.7,cutlass3x_sm100_simt_sgemm_f32_f32_f32_f32_f32_64x32x16_1x1x1_3_nnn_align1_bias_f32_relu
PyTorch:BasicsTransformerLM.layers.20.attn,PushPop,30,30,12,24,218555,9106.5,9120.0,8895,9408,127.1,"void at::native::<unnamed>::CatArrayBatchedCopy<at::native::<unnamed>::OpaqueType<(unsigned int)4>, unsigned int, (int)4, (int)64, (int)64>(T1 *, at::native::<unnamed>::CatArrInputTensorMetadata<T1, T2, T4, T5>, at::native::<unnamed>::TensorSizeStride<T2, (unsigned int)4>, int, T2)"
PyTorch:BasicsTransformerLM.layers.20.attn,PushPop,30,30,12,12,183167,15263.9,15184.0,15072,15808,200.6,"void at::native::elementwise_kernel<(int)128, (int)2, void at::native::gpu_kernel_impl_nocast<at::native::BinaryFunctor<float, float, float, at::native::binary_internal::DivFunctor<float>>>(at::TensorIteratorBase &, const T1 &)::[lambda(int) (instance 1)]>(int, T3)"
PyTorch:BasicsTransformerLM.layers.20.attn,PushPop,30,30,12,12,159583,13298.6,13168.0,13056,14912,509.9,"void at::native::reduce_kernel<(int)512, (int)1, at::native::ReduceOp<float, at::native::MaxOps<float>, unsigned int, float, (int)4, (int)4>>(T3)"
PyTorch:BasicsTransformerLM.layers.20.attn,PushPop,30,30,12,12,158144,13178.7,13152.0,13088,13376,86.1,"void at::native::elementwise_kernel<(int)128, (int)2, void at::native::gpu_kernel_impl_nocast<at::native::<unnamed>::where_kernel_impl(at::TensorIterator &)::[lambda() (instance 1)]::operator ()() const::[lambda() (instance 11)]::operator ()() const::[lambda(bool, float, float) (instance 1)]>(at::TensorIteratorBase &, const T1 &)::[lambda(int) (instance 1)]>(int, T3)"
PyTorch:BasicsTransformerLM.layers.20.attn,PushPop,30,30,12,12,153536,12794.7,12784.0,12672,12928,81.7,"void at::native::elementwise_kernel<(int)128, (int)2, void at::native::gpu_kernel_impl_nocast<at::native::CUDAFunctor_add<float>>(at::TensorIteratorBase &, const T1 &)::[lambda(int) (instance 1)]>(int, T3)"
PyTorch:BasicsTransformerLM.layers.20.attn,PushPop,30,30,12,24,133888,5578.7,5552.0,4608,6848,963.7,"void at::native::elementwise_kernel<(int)128, (int)2, void at::native::gpu_kernel_impl_nocast<at::native::direct_copy_kernel_cuda(at::TensorIteratorBase &)::[lambda() (instance 3)]::operator ()() const::[lambda() (instance 7)]::operator ()() const::[lambda(float) (instance 1)]>(at::TensorIteratorBase &, const T1 &)::[lambda(int) (instance 1)]>(int, T3)"
PyTorch:BasicsTransformerLM.layers.20.attn,PushPop,30,30,12,48,102432,2134.0,2144.0,2016,2272,56.1,"void at::native::vectorized_elementwise_kernel<(int)4, at::native::CUDAFunctor_add<float>, std::array<char *, (unsigned long)3>>(int, T2, T3)"
PyTorch:BasicsTransformerLM.layers.20.attn,PushPop,30,30,12,12,84672,7056.0,7072.0,6976,7168,61.8,"void at::native::reduce_kernel<(int)512, (int)1, at::native::ReduceOp<float, at::native::func_wrapper_t<float, at::native::sum_functor<float, float, float>::operator ()(at::TensorIterator &)::[lambda(float, float) (instance 1)]>, unsigned int, float, (int)4, (int)4>>(T3)"
PyTorch:BasicsTransformerLM.layers.20.attn,PushPop,30,30,12,12,63455,5287.9,5216.0,5024,5696,251.7,"void at::native::vectorized_elementwise_kernel<(int)4, at::native::exp_kernel_cuda(at::TensorIteratorBase &)::[lambda() (instance 2)]::operator ()() const::[lambda() (instance 2)]::operator ()() const::[lambda(float) (instance 1)], std::array<char *, (unsigned long)2>>(int, T2, T3)"
PyTorch:BasicsTransformerLM.layers.20.attn,PushPop,30,30,12,12,61440,5120.0,5056.0,4928,5472,184.1,"void at::native::vectorized_elementwise_kernel<(int)4, at::native::BUnaryFunctor<float, float, float, at::native::binary_internal::MulFunctor<float>>, std::array<char *, (unsigned long)2>>(int, T2, T3)"
PyTorch:BasicsTransformerLM.layers.20.attn,PushPop,30,30,12,12,31360,2613.3,2656.0,2432,2784,115.2,"void at::native::elementwise_kernel<(int)128, (int)4, void at::native::gpu_kernel_impl_nocast<at::native::<unnamed>::CompareFunctor<long>>(at::TensorIteratorBase &, const T1 &)::[lambda(int) (instance 1)]>(int, T3)"
PyTorch:BasicsTransformerLM.layers.20.attn,PushPop,30,30,12,12,13216,1101.3,1120.0,928,1344,143.4,"void at::native::vectorized_elementwise_kernel<(int)4, at::native::FillFunctor<float>, std::array<char *, (unsigned long)1>>(int, T2, T3)"
PyTorch:BasicsTransformerLM.layers.20.attn,PushPop,30,30,12,12,12800,1066.7,1040.0,960,1216,99.6,"void <unnamed>::elementwise_kernel_with_index<int, at::native::arange_cuda_out(const c10::Scalar &, const c10::Scalar &, const c10::Scalar &, at::Tensor &)::[lambda() (instance 1)]::operator ()() const::[lambda() (instance 4)]::operator ()() const::[lambda(long) (instance 1)]>(T1, T2, function_traits<T2>::result_type *)"
PyTorch:BasicsTransformerLM.layers.20.attn.k_proj,PushPop,30,30,12,12,1128574,94047.8,93584.0,93440,98272,1351.1,cutlass3x_sm100_simt_sgemm_f32_f32_f32_f32_f32_64x32x16_1x1x1_3_tnn_align1_bias_f32_relu
PyTorch:BasicsTransformerLM.layers.20.attn.output_proj,PushPop,30,30,12,12,1135871,94655.9,94304.0,94176,98784,1302.8,cutlass3x_sm100_simt_sgemm_f32_f32_f32_f32_f32_64x32x16_1x1x1_3_tnn_align1_bias_f32_relu
PyTorch:BasicsTransformerLM.layers.20.attn.q_proj,PushPop,30,30,12,12,1128666,94055.5,93728.0,93375,98239,1325.7,cutlass3x_sm100_simt_sgemm_f32_f32_f32_f32_f32_64x32x16_1x1x1_3_tnn_align1_bias_f32_relu
PyTorch:BasicsTransformerLM.layers.20.attn.v_proj,PushPop,30,30,12,12,1127932,93994.3,93696.0,93439,97311,1060.6,cutlass3x_sm100_simt_sgemm_f32_f32_f32_f32_f32_64x32x16_1x1x1_3_tnn_align1_bias_f32_relu
PyTorch:BasicsTransformerLM.layers.20.ffn,PushPop,30,30,12,24,7519780,313324.2,312559.0,311935,323807,2831.4,cutlass3x_sm100_simt_sgemm_f32_f32_f32_f32_f32_64x128x16_1x1x1_3_tnn_align1_bias_f32_relu
PyTorch:BasicsTransformerLM.layers.20.ffn,PushPop,30,30,12,12,4333457,361121.4,360607.0,359807,367711,2103.2,cutlass3x_sm100_simt_sgemm_f32_f32_f32_f32_f32_64x32x16_1x1x1_3_tnn_align1_bias_f32_relu
PyTorch:BasicsTransformerLM.layers.20.ffn,PushPop,30,30,12,24,154272,6428.0,6512.0,5504,7296,737.3,"void at::native::vectorized_elementwise_kernel<(int)4, at::native::BinaryFunctor<float, float, float, at::native::binary_internal::MulFunctor<float>>, std::array<char *, (unsigned long)3>>(int, T2, T3)"
PyTorch:BasicsTransformerLM.layers.20.ffn,PushPop,30,30,12,12,72032,6002.7,5856.0,5760,6720,316.6,"void at::native::vectorized_elementwise_kernel<(int)4, at::native::sigmoid_kernel_cuda(at::TensorIteratorBase &)::[lambda() (instance 2)]::operator ()() const::[lambda() (instance 2)]::operator ()() const::[lambda(float) (instance 1)], std::array<char *, (unsigned long)2>>(int, T2, T3)"
PyTorch:BasicsTransformerLM.layers.20.ffn.w1,PushPop,30,30,12,12,3764048,313670.7,312782.5,312223,323807,3203.6,cutlass3x_sm100_simt_sgemm_f32_f32_f32_f32_f32_64x128x16_1x1x1_3_tnn_align1_bias_f32_relu
PyTorch:BasicsTransformerLM.layers.20.ffn.w2,PushPop,30,30,12,12,4333457,361121.4,360607.0,359807,367711,2103.2,cutlass3x_sm100_simt_sgemm_f32_f32_f32_f32_f32_64x32x16_1x1x1_3_tnn_align1_bias_f32_relu
PyTorch:BasicsTransformerLM.layers.20.ffn.w3,PushPop,30,30,12,12,3755732,312977.7,312255.0,311935,320863,2497.5,cutlass3x_sm100_simt_sgemm_f32_f32_f32_f32_f32_64x128x16_1x1x1_3_tnn_align1_bias_f32_relu
PyTorch:BasicsTransformerLM.layers.20.ln1,PushPop,30,30,12,24,112800,4700.0,4704.0,4576,4928,85.1,"void at::native::elementwise_kernel<(int)128, (int)2, void at::native::gpu_kernel_impl_nocast<at::native::BinaryFunctor<float, float, float, at::native::binary_internal::MulFunctor<float>>>(at::TensorIteratorBase &, const T1 &)::[lambda(int) (instance 1)]>(int, T3)"
PyTorch:BasicsTransformerLM.layers.20.ln1,PushPop,30,30,12,12,72288,6024.0,6016.0,5920,6176,73.6,"void at::native::reduce_kernel<(int)512, (int)1, at::native::ReduceOp<float, at::native::MeanOps<float, float, float, float>, unsigned int, float, (int)4, (int)4>>(T3)"
PyTorch:BasicsTransformerLM.layers.20.ln1,PushPop,30,30,12,12,29600,2466.7,2464.0,2304,2656,101.6,"void at::native::vectorized_elementwise_kernel<(int)4, void at::native::<unnamed>::pow_tensor_scalar_kernel_impl<float, float>(at::TensorIteratorBase &, T2)::[lambda(float) (instance 1)], std::array<char *, (unsigned long)2>>(int, T2, T3)"
PyTorch:BasicsTransformerLM.layers.20.ln1,PushPop,30,30,12,12,17856,1488.0,1488.0,1280,1632,82.4,"void at::native::vectorized_elementwise_kernel<(int)4, at::native::rsqrt_kernel_cuda(at::TensorIteratorBase &)::[lambda() (instance 2)]::operator ()() const::[lambda() (instance 2)]::operator ()() const::[lambda(float) (instance 1)], std::array<char *, (unsigned long)2>>(int, T2, T3)"
PyTorch:BasicsTransformerLM.layers.20.ln1,PushPop,30,30,12,12,17600,1466.7,1456.0,1184,1792,165.9,"void at::native::vectorized_elementwise_kernel<(int)4, at::native::CUDAFunctorOnSelf_add<float>, std::array<char *, (unsigned long)2>>(int, T2, T3)"
PyTorch:BasicsTransformerLM.layers.20.ln2,PushPop,30,30,12,24,111935,4664.0,4640.0,4544,4832,81.3,"void at::native::elementwise_kernel<(int)128, (int)2, void at::native::gpu_kernel_impl_nocast<at::native::BinaryFunctor<float, float, float, at::native::binary_internal::MulFunctor<float>>>(at::TensorIteratorBase &, const T1 &)::[lambda(int) (instance 1)]>(int, T3)"
PyTorch:BasicsTransformerLM.layers.20.ln2,PushPop,30,30,12,12,72832,6069.3,6080.0,6016,6112,28.4,"void at::native::reduce_kernel<(int)512, (int)1, at::native::ReduceOp<float, at::native::MeanOps<float, float, float, float>, unsigned int, float, (int)4, (int)4>>(T3)"
PyTorch:BasicsTransformerLM.layers.20.ln2,PushPop,30,30,12,12,28992,2416.0,2416.0,2304,2592,74.1,"void at::native::vectorized_elementwise_kernel<(int)4, void at::native::<unnamed>::pow_tensor_scalar_kernel_impl<float, float>(at::TensorIteratorBase &, T2)::[lambda(float) (instance 1)], std::array<char *, (unsigned long)2>>(int, T2, T3)"
PyTorch:BasicsTransformerLM.layers.20.ln2,PushPop,30,30,12,12,18016,1501.3,1552.0,1152,1728,147.2,"void at::native::vectorized_elementwise_kernel<(int)4, at::native::CUDAFunctorOnSelf_add<float>, std::array<char *, (unsigned long)2>>(int, T2, T3)"
PyTorch:BasicsTransformerLM.layers.20.ln2,PushPop,30,30,12,12,17952,1496.0,1472.0,1280,1728,112.6,"void at::native::vectorized_elementwise_kernel<(int)4, at::native::rsqrt_kernel_cuda(at::TensorIteratorBase &)::[lambda() (instance 2)]::operator ()() const::[lambda() (instance 2)]::operator ()() const::[lambda(float) (instance 1)], std::array<char *, (unsigned long)2>>(int, T2, T3)"
PyTorch:BasicsTransformerLM.layers.21,PushPop,30,30,12,60,8845412,147423.5,94032.0,93407,366623,107677.2,cutlass3x_sm100_simt_sgemm_f32_f32_f32_f32_f32_64x32x16_1x1x1_3_tnn_align1_bias_f32_relu
PyTorch:BasicsTransformerLM.layers.21,PushPop,30,30,12,24,7515848,313160.3,312527.0,311903,321663,2370.8,cutlass3x_sm100_simt_sgemm_f32_f32_f32_f32_f32_64x128x16_1x1x1_3_tnn_align1_bias_f32_relu
PyTorch:BasicsTransformerLM.layers.21,PushPop,30,30,12,144,553277,3842.2,3488.0,3072,4864,629.2,"void at::native::elementwise_kernel<(int)128, (int)2, void at::native::gpu_kernel_impl_nocast<at::native::BinaryFunctor<float, float, float, at::native::binary_internal::MulFunctor<float>>>(at::TensorIteratorBase &, const T1 &)::[lambda(int) (instance 1)]>(int, T3)"
PyTorch:BasicsTransformerLM.layers.21,PushPop,30,30,12,12,322496,26874.7,26816.0,26720,27328,162.5,cutlass3x_sm100_simt_sgemm_f32_f32_f32_f32_f32_128x64x16_1x1x1_3_tnn_align1_bias_f32_relu
PyTorch:BasicsTransformerLM.layers.21,PushPop,30,30,12,12,254080,21173.3,21120.0,21056,21696,169.5,cutlass3x_sm100_simt_sgemm_f32_f32_f32_f32_f32_64x32x16_1x1x1_3_nnn_align1_bias_f32_relu
PyTorch:BasicsTransformerLM.layers.21,PushPop,30,30,12,24,216831,9034.6,9040.0,8831,9280,130.7,"void at::native::<unnamed>::CatArrayBatchedCopy<at::native::<unnamed>::OpaqueType<(unsigned int)4>, unsigned int, (int)4, (int)64, (int)64>(T1 *, at::native::<unnamed>::CatArrInputTensorMetadata<T1, T2, T4, T5>, at::native::<unnamed>::TensorSizeStride<T2, (unsigned int)4>, int, T2)"
PyTorch:BasicsTransformerLM.layers.21,PushPop,30,30,12,12,183872,15322.7,15264.0,15200,15584,131.5,"void at::native::elementwise_kernel<(int)128, (int)2, void at::native::gpu_kernel_impl_nocast<at::native::BinaryFunctor<float, float, float, at::native::binary_internal::DivFunctor<float>>>(at::TensorIteratorBase &, const T1 &)::[lambda(int) (instance 1)]>(int, T3)"
PyTorch:BasicsTransformerLM.layers.21,PushPop,30,30,12,72,181600,2522.2,2160.0,1984,3744,620.3,"void at::native::vectorized_elementwise_kernel<(int)4, at::native::CUDAFunctor_add<float>, std::array<char *, (unsigned long)3>>(int, T2, T3)"
PyTorch:BasicsTransformerLM.layers.21,PushPop,30,30,12,12,157792,13149.3,13168.0,12992,13312,90.0,"void at::native::elementwise_kernel<(int)128, (int)2, void at::native::gpu_kernel_impl_nocast<at::native::<unnamed>::where_kernel_impl(at::TensorIterator &)::[lambda() (instance 1)]::operator ()() const::[lambda() (instance 11)]::operator ()() const::[lambda(bool, float, float) (instance 1)]>(at::TensorIteratorBase &, const T1 &)::[lambda(int) (instance 1)]>(int, T3)"
PyTorch:BasicsTransformerLM.layers.21,PushPop,30,30,12,12,157728,13144.0,13120.0,13056,13376,86.4,"void at::native::reduce_kernel<(int)512, (int)1, at::native::ReduceOp<float, at::native::MaxOps<float>, unsigned int, float, (int)4, (int)4>>(T3)"
PyTorch:BasicsTransformerLM.layers.21,PushPop,30,30,12,24,154688,6445.3,6416.0,5536,7488,668.9,"void at::native::vectorized_elementwise_kernel<(int)4, at::native::BinaryFunctor<float, float, float, at::native::binary_internal::MulFunctor<float>>, std::array<char *, (unsigned long)3>>(int, T2, T3)"
PyTorch:BasicsTransformerLM.layers.21,PushPop,30,30,12,12,152477,12706.4,12704.0,12576,12799,60.1,"void at::native::elementwise_kernel<(int)128, (int)2, void at::native::gpu_kernel_impl_nocast<at::native::CUDAFunctor_add<float>>(at::TensorIteratorBase &, const T1 &)::[lambda(int) (instance 1)]>(int, T3)"
PyTorch:BasicsTransformerLM.layers.21,PushPop,30,30,12,24,146111,6088.0,6080.0,6016,6144,40.3,"void at::native::reduce_kernel<(int)512, (int)1, at::native::ReduceOp<float, at::native::MeanOps<float, float, float, float>, unsigned int, float, (int)4, (int)4>>(T3)"
PyTorch:BasicsTransformerLM.layers.21,PushPop,30,30,12,24,133952,5581.3,5600.0,4640,6624,931.0,"void at::native::elementwise_kernel<(int)128, (int)2, void at::native::gpu_kernel_impl_nocast<at::native::direct_copy_kernel_cuda(at::TensorIteratorBase &)::[lambda() (instance 3)]::operator ()() const::[lambda() (instance 7)]::operator ()() const::[lambda(float) (instance 1)]>(at::TensorIteratorBase &, const T1 &)::[lambda(int) (instance 1)]>(int, T3)"
PyTorch:BasicsTransformerLM.layers.21,PushPop,30,30,12,12,84639,7053.3,7056.0,6912,7168,83.4,"void at::native::reduce_kernel<(int)512, (int)1, at::native::ReduceOp<float, at::native::func_wrapper_t<float, at::native::sum_functor<float, float, float>::operator ()(at::TensorIterator &)::[lambda(float, float) (instance 1)]>, unsigned int, float, (int)4, (int)4>>(T3)"
PyTorch:BasicsTransformerLM.layers.21,PushPop,30,30,12,12,70623,5885.3,5792.0,5664,6464,276.1,"void at::native::vectorized_elementwise_kernel<(int)4, at::native::sigmoid_kernel_cuda(at::TensorIteratorBase &)::[lambda() (instance 2)]::operator ()() const::[lambda() (instance 2)]::operator ()() const::[lambda(float) (instance 1)], std::array<char *, (unsigned long)2>>(int, T2, T3)"
PyTorch:BasicsTransformerLM.layers.21,PushPop,30,30,12,12,63296,5274.7,5168.0,5088,5696,215.2,"void at::native::vectorized_elementwise_kernel<(int)4, at::native::exp_kernel_cuda(at::TensorIteratorBase &)::[lambda() (instance 2)]::operator ()() const::[lambda() (instance 2)]::operator ()() const::[lambda(float) (instance 1)], std::array<char *, (unsigned long)2>>(int, T2, T3)"
PyTorch:BasicsTransformerLM.layers.21,PushPop,30,30,12,12,61824,5152.0,5104.0,4960,5472,172.1,"void at::native::vectorized_elementwise_kernel<(int)4, at::native::BUnaryFunctor<float, float, float, at::native::binary_internal::MulFunctor<float>>, std::array<char *, (unsigned long)2>>(int, T2, T3)"
PyTorch:BasicsTransformerLM.layers.21,PushPop,30,30,12,24,58975,2457.3,2464.0,2367,2688,88.6,"void at::native::vectorized_elementwise_kernel<(int)4, void at::native::<unnamed>::pow_tensor_scalar_kernel_impl<float, float>(at::TensorIteratorBase &, T2)::[lambda(float) (instance 1)], std::array<char *, (unsigned long)2>>(int, T2, T3)"
PyTorch:BasicsTransformerLM.layers.21,PushPop,30,30,12,24,35424,1476.0,1536.0,1152,1792,155.4,"void at::native::vectorized_elementwise_kernel<(int)4, at::native::CUDAFunctorOnSelf_add<float>, std::array<char *, (unsigned long)2>>(int, T2, T3)"
PyTorch:BasicsTransformerLM.layers.21,PushPop,30,30,12,24,35008,1458.7,1472.0,1248,1568,68.6,"void at::native::vectorized_elementwise_kernel<(int)4, at::native::rsqrt_kernel_cuda(at::TensorIteratorBase &)::[lambda() (instance 2)]::operator ()() const::[lambda() (instance 2)]::operator ()() const::[lambda(float) (instance 1)], std::array<char *, (unsigned long)2>>(int, T2, T3)"
PyTorch:BasicsTransformerLM.layers.21,PushPop,30,30,12,12,31232,2602.7,2560.0,2496,2976,126.8,"void at::native::elementwise_kernel<(int)128, (int)4, void at::native::gpu_kernel_impl_nocast<at::native::<unnamed>::CompareFunctor<long>>(at::TensorIteratorBase &, const T1 &)::[lambda(int) (instance 1)]>(int, T3)"
PyTorch:BasicsTransformerLM.layers.21,PushPop,30,30,12,12,12864,1072.0,1088.0,928,1344,138.8,"void at::native::vectorized_elementwise_kernel<(int)4, at::native::FillFunctor<float>, std::array<char *, (unsigned long)1>>(int, T2, T3)"
PyTorch:BasicsTransformerLM.layers.21,PushPop,30,30,12,12,12736,1061.3,992.0,960,1248,104.7,"void <unnamed>::elementwise_kernel_with_index<int, at::native::arange_cuda_out(const c10::Scalar &, const c10::Scalar &, const c10::Scalar &, at::Tensor &)::[lambda() (instance 1)]::operator ()() const::[lambda() (instance 4)]::operator ()() const::[lambda(long) (instance 1)]>(T1, T2, function_traits<T2>::result_type *)"
PyTorch:BasicsTransformerLM.layers.21.attn,PushPop,30,30,12,48,4513812,94037.8,93888.0,93407,97376,651.1,cutlass3x_sm100_simt_sgemm_f32_f32_f32_f32_f32_64x32x16_1x1x1_3_tnn_align1_bias_f32_relu
PyTorch:BasicsTransformerLM.layers.21.attn,PushPop,30,30,12,96,326974,3406.0,3456.0,3072,3552,130.4,"void at::native::elementwise_kernel<(int)128, (int)2, void at::native::gpu_kernel_impl_nocast<at::native::BinaryFunctor<float, float, float, at::native::binary_internal::MulFunctor<float>>>(at::TensorIteratorBase &, const T1 &)::[lambda(int) (instance 1)]>(int, T3)"
PyTorch:BasicsTransformerLM.layers.21.attn,PushPop,30,30,12,12,322496,26874.7,26816.0,26720,27328,162.5,cutlass3x_sm100_simt_sgemm_f32_f32_f32_f32_f32_128x64x16_1x1x1_3_tnn_align1_bias_f32_relu
PyTorch:BasicsTransformerLM.layers.21.attn,PushPop,30,30,12,12,254080,21173.3,21120.0,21056,21696,169.5,cutlass3x_sm100_simt_sgemm_f32_f32_f32_f32_f32_64x32x16_1x1x1_3_nnn_align1_bias_f32_relu
PyTorch:BasicsTransformerLM.layers.21.attn,PushPop,30,30,12,24,216831,9034.6,9040.0,8831,9280,130.7,"void at::native::<unnamed>::CatArrayBatchedCopy<at::native::<unnamed>::OpaqueType<(unsigned int)4>, unsigned int, (int)4, (int)64, (int)64>(T1 *, at::native::<unnamed>::CatArrInputTensorMetadata<T1, T2, T4, T5>, at::native::<unnamed>::TensorSizeStride<T2, (unsigned int)4>, int, T2)"
PyTorch:BasicsTransformerLM.layers.21.attn,PushPop,30,30,12,12,183872,15322.7,15264.0,15200,15584,131.5,"void at::native::elementwise_kernel<(int)128, (int)2, void at::native::gpu_kernel_impl_nocast<at::native::BinaryFunctor<float, float, float, at::native::binary_internal::DivFunctor<float>>>(at::TensorIteratorBase &, const T1 &)::[lambda(int) (instance 1)]>(int, T3)"
PyTorch:BasicsTransformerLM.layers.21.attn,PushPop,30,30,12,12,157792,13149.3,13168.0,12992,13312,90.0,"void at::native::elementwise_kernel<(int)128, (int)2, void at::native::gpu_kernel_impl_nocast<at::native::<unnamed>::where_kernel_impl(at::TensorIterator &)::[lambda() (instance 1)]::operator ()() const::[lambda() (instance 11)]::operator ()() const::[lambda(bool, float, float) (instance 1)]>(at::TensorIteratorBase &, const T1 &)::[lambda(int) (instance 1)]>(int, T3)"
PyTorch:BasicsTransformerLM.layers.21.attn,PushPop,30,30,12,12,157728,13144.0,13120.0,13056,13376,86.4,"void at::native::reduce_kernel<(int)512, (int)1, at::native::ReduceOp<float, at::native::MaxOps<float>, unsigned int, float, (int)4, (int)4>>(T3)"
PyTorch:BasicsTransformerLM.layers.21.attn,PushPop,30,30,12,12,152477,12706.4,12704.0,12576,12799,60.1,"void at::native::elementwise_kernel<(int)128, (int)2, void at::native::gpu_kernel_impl_nocast<at::native::CUDAFunctor_add<float>>(at::TensorIteratorBase &, const T1 &)::[lambda(int) (instance 1)]>(int, T3)"
PyTorch:BasicsTransformerLM.layers.21.attn,PushPop,30,30,12,24,133952,5581.3,5600.0,4640,6624,931.0,"void at::native::elementwise_kernel<(int)128, (int)2, void at::native::gpu_kernel_impl_nocast<at::native::direct_copy_kernel_cuda(at::TensorIteratorBase &)::[lambda() (instance 3)]::operator ()() const::[lambda() (instance 7)]::operator ()() const::[lambda(float) (instance 1)]>(at::TensorIteratorBase &, const T1 &)::[lambda(int) (instance 1)]>(int, T3)"
PyTorch:BasicsTransformerLM.layers.21.attn,PushPop,30,30,12,48,100416,2092.0,2080.0,1984,2304,78.0,"void at::native::vectorized_elementwise_kernel<(int)4, at::native::CUDAFunctor_add<float>, std::array<char *, (unsigned long)3>>(int, T2, T3)"
PyTorch:BasicsTransformerLM.layers.21.attn,PushPop,30,30,12,12,84639,7053.3,7056.0,6912,7168,83.4,"void at::native::reduce_kernel<(int)512, (int)1, at::native::ReduceOp<float, at::native::func_wrapper_t<float, at::native::sum_functor<float, float, float>::operator ()(at::TensorIterator &)::[lambda(float, float) (instance 1)]>, unsigned int, float, (int)4, (int)4>>(T3)"
PyTorch:BasicsTransformerLM.layers.21.attn,PushPop,30,30,12,12,63296,5274.7,5168.0,5088,5696,215.2,"void at::native::vectorized_elementwise_kernel<(int)4, at::native::exp_kernel_cuda(at::TensorIteratorBase &)::[lambda() (instance 2)]::operator ()() const::[lambda() (instance 2)]::operator ()() const::[lambda(float) (instance 1)], std::array<char *, (unsigned long)2>>(int, T2, T3)"
PyTorch:BasicsTransformerLM.layers.21.attn,PushPop,30,30,12,12,61824,5152.0,5104.0,4960,5472,172.1,"void at::native::vectorized_elementwise_kernel<(int)4, at::native::BUnaryFunctor<float, float, float, at::native::binary_internal::MulFunctor<float>>, std::array<char *, (unsigned long)2>>(int, T2, T3)"
PyTorch:BasicsTransformerLM.layers.21.attn,PushPop,30,30,12,12,31232,2602.7,2560.0,2496,2976,126.8,"void at::native::elementwise_kernel<(int)128, (int)4, void at::native::gpu_kernel_impl_nocast<at::native::<unnamed>::CompareFunctor<long>>(at::TensorIteratorBase &, const T1 &)::[lambda(int) (instance 1)]>(int, T3)"
PyTorch:BasicsTransformerLM.layers.21.attn,PushPop,30,30,12,12,12864,1072.0,1088.0,928,1344,138.8,"void at::native::vectorized_elementwise_kernel<(int)4, at::native::FillFunctor<float>, std::array<char *, (unsigned long)1>>(int, T2, T3)"
PyTorch:BasicsTransformerLM.layers.21.attn,PushPop,30,30,12,12,12736,1061.3,992.0,960,1248,104.7,"void <unnamed>::elementwise_kernel_with_index<int, at::native::arange_cuda_out(const c10::Scalar &, const c10::Scalar &, const c10::Scalar &, at::Tensor &)::[lambda() (instance 1)]::operator ()() const::[lambda() (instance 4)]::operator ()() const::[lambda(long) (instance 1)]>(T1, T2, function_traits<T2>::result_type *)"
PyTorch:BasicsTransformerLM.layers.21.attn.k_proj,PushPop,30,30,12,12,1125852,93821.0,93680.0,93471,94560,348.8,cutlass3x_sm100_simt_sgemm_f32_f32_f32_f32_f32_64x32x16_1x1x1_3_tnn_align1_bias_f32_relu
PyTorch:BasicsTransformerLM.layers.21.attn.output_proj,PushPop,30,30,12,12,1135070,94589.2,94336.0,93952,97376,905.3,cutlass3x_sm100_simt_sgemm_f32_f32_f32_f32_f32_64x32x16_1x1x1_3_tnn_align1_bias_f32_relu
PyTorch:BasicsTransformerLM.layers.21.attn.q_proj,PushPop,30,30,12,12,1126876,93906.3,93711.0,93535,95616,579.3,cutlass3x_sm100_simt_sgemm_f32_f32_f32_f32_f32_64x32x16_1x1x1_3_tnn_align1_bias_f32_relu
PyTorch:BasicsTransformerLM.layers.21.attn.v_proj,PushPop,30,30,12,12,1126014,93834.5,93888.0,93407,94464,295.8,cutlass3x_sm100_simt_sgemm_f32_f32_f32_f32_f32_64x32x16_1x1x1_3_tnn_align1_bias_f32_relu
PyTorch:BasicsTransformerLM.layers.21.ffn,PushPop,30,30,12,24,7515848,313160.3,312527.0,311903,321663,2370.8,cutlass3x_sm100_simt_sgemm_f32_f32_f32_f32_f32_64x128x16_1x1x1_3_tnn_align1_bias_f32_relu
PyTorch:BasicsTransformerLM.layers.21.ffn,PushPop,30,30,12,12,4331600,360966.7,360478.5,359454,366623,1866.7,cutlass3x_sm100_simt_sgemm_f32_f32_f32_f32_f32_64x32x16_1x1x1_3_tnn_align1_bias_f32_relu
PyTorch:BasicsTransformerLM.layers.21.ffn,PushPop,30,30,12,24,154688,6445.3,6416.0,5536,7488,668.9,"void at::native::vectorized_elementwise_kernel<(int)4, at::native::BinaryFunctor<float, float, float, at::native::binary_internal::MulFunctor<float>>, std::array<char *, (unsigned long)3>>(int, T2, T3)"
PyTorch:BasicsTransformerLM.layers.21.ffn,PushPop,30,30,12,12,70623,5885.3,5792.0,5664,6464,276.1,"void at::native::vectorized_elementwise_kernel<(int)4, at::native::sigmoid_kernel_cuda(at::TensorIteratorBase &)::[lambda() (instance 2)]::operator ()() const::[lambda() (instance 2)]::operator ()() const::[lambda(float) (instance 1)], std::array<char *, (unsigned long)2>>(int, T2, T3)"
PyTorch:BasicsTransformerLM.layers.21.ffn.w1,PushPop,30,30,12,12,3760660,313388.3,312687.0,312127,321663,2618.3,cutlass3x_sm100_simt_sgemm_f32_f32_f32_f32_f32_64x128x16_1x1x1_3_tnn_align1_bias_f32_relu
PyTorch:BasicsTransformerLM.layers.21.ffn.w2,PushPop,30,30,12,12,4331600,360966.7,360478.5,359454,366623,1866.7,cutlass3x_sm100_simt_sgemm_f32_f32_f32_f32_f32_64x32x16_1x1x1_3_tnn_align1_bias_f32_relu
PyTorch:BasicsTransformerLM.layers.21.ffn.w3,PushPop,30,30,12,12,3755188,312932.3,312335.0,311903,319807,2187.0,cutlass3x_sm100_simt_sgemm_f32_f32_f32_f32_f32_64x128x16_1x1x1_3_tnn_align1_bias_f32_relu
PyTorch:BasicsTransformerLM.layers.21.ln1,PushPop,30,30,12,24,112351,4681.3,4688.0,4608,4768,48.6,"void at::native::elementwise_kernel<(int)128, (int)2, void at::native::gpu_kernel_impl_nocast<at::native::BinaryFunctor<float, float, float, at::native::binary_internal::MulFunctor<float>>>(at::TensorIteratorBase &, const T1 &)::[lambda(int) (instance 1)]>(int, T3)"
PyTorch:BasicsTransformerLM.layers.21.ln1,PushPop,30,30,12,12,72992,6082.7,6064.0,6048,6144,42.0,"void at::native::reduce_kernel<(int)512, (int)1, at::native::ReduceOp<float, at::native::MeanOps<float, float, float, float>, unsigned int, float, (int)4, (int)4>>(T3)"
PyTorch:BasicsTransformerLM.layers.21.ln1,PushPop,30,30,12,12,29920,2493.3,2464.0,2368,2688,100.7,"void at::native::vectorized_elementwise_kernel<(int)4, void at::native::<unnamed>::pow_tensor_scalar_kernel_impl<float, float>(at::TensorIteratorBase &, T2)::[lambda(float) (instance 1)], std::array<char *, (unsigned long)2>>(int, T2, T3)"
PyTorch:BasicsTransformerLM.layers.21.ln1,PushPop,30,30,12,12,18144,1512.0,1536.0,1184,1792,171.0,"void at::native::vectorized_elementwise_kernel<(int)4, at::native::CUDAFunctorOnSelf_add<float>, std::array<char *, (unsigned long)2>>(int, T2, T3)"
PyTorch:BasicsTransformerLM.layers.21.ln1,PushPop,30,30,12,12,17664,1472.0,1472.0,1280,1568,72.2,"void at::native::vectorized_elementwise_kernel<(int)4, at::native::rsqrt_kernel_cuda(at::TensorIteratorBase &)::[lambda() (instance 2)]::operator ()() const::[lambda() (instance 2)]::operator ()() const::[lambda(float) (instance 1)], std::array<char *, (unsigned long)2>>(int, T2, T3)"
PyTorch:BasicsTransformerLM.layers.21.ln2,PushPop,30,30,12,24,113952,4748.0,4736.0,4608,4864,62.5,"void at::native::elementwise_kernel<(int)128, (int)2, void at::native::gpu_kernel_impl_nocast<at::native::BinaryFunctor<float, float, float, at::native::binary_internal::MulFunctor<float>>>(at::TensorIteratorBase &, const T1 &)::[lambda(int) (instance 1)]>(int, T3)"
PyTorch:BasicsTransformerLM.layers.21.ln2,PushPop,30,30,12,12,73119,6093.3,6080.0,6016,6144,39.7,"void at::native::reduce_kernel<(int)512, (int)1, at::native::ReduceOp<float, at::native::MeanOps<float, float, float, float>, unsigned int, float, (int)4, (int)4>>(T3)"
PyTorch:BasicsTransformerLM.layers.21.ln2,PushPop,30,30,12,12,29055,2421.3,2400.0,2367,2560,58.5,"void at::native::vectorized_elementwise_kernel<(int)4, void at::native::<unnamed>::pow_tensor_scalar_kernel_impl<float, float>(at::TensorIteratorBase &, T2)::[lambda(float) (instance 1)], std::array<char *, (unsigned long)2>>(int, T2, T3)"
PyTorch:BasicsTransformerLM.layers.21.ln2,PushPop,30,30,12,12,17344,1445.3,1472.0,1248,1504,65.2,"void at::native::vectorized_elementwise_kernel<(int)4, at::native::rsqrt_kernel_cuda(at::TensorIteratorBase &)::[lambda() (instance 2)]::operator ()() const::[lambda() (instance 2)]::operator ()() const::[lambda(float) (instance 1)], std::array<char *, (unsigned long)2>>(int, T2, T3)"
PyTorch:BasicsTransformerLM.layers.21.ln2,PushPop,30,30,12,12,17280,1440.0,1520.0,1152,1568,135.8,"void at::native::vectorized_elementwise_kernel<(int)4, at::native::CUDAFunctorOnSelf_add<float>, std::array<char *, (unsigned long)2>>(int, T2, T3)"
PyTorch:BasicsTransformerLM.layers.22,PushPop,30,30,12,60,8846466,147441.1,94047.0,93471,367199,107661.0,cutlass3x_sm100_simt_sgemm_f32_f32_f32_f32_f32_64x32x16_1x1x1_3_tnn_align1_bias_f32_relu
PyTorch:BasicsTransformerLM.layers.22,PushPop,30,30,12,24,7516231,313176.3,312495.0,312031,321791,2455.9,cutlass3x_sm100_simt_sgemm_f32_f32_f32_f32_f32_64x128x16_1x1x1_3_tnn_align1_bias_f32_relu
PyTorch:BasicsTransformerLM.layers.22,PushPop,30,30,12,144,550910,3825.8,3456.0,3072,5152,642.2,"void at::native::elementwise_kernel<(int)128, (int)2, void at::native::gpu_kernel_impl_nocast<at::native::BinaryFunctor<float, float, float, at::native::binary_internal::MulFunctor<float>>>(at::TensorIteratorBase &, const T1 &)::[lambda(int) (instance 1)]>(int, T3)"
PyTorch:BasicsTransformerLM.layers.22,PushPop,30,30,12,12,317344,26445.3,26848.0,24000,27424,1098.4,cutlass3x_sm100_simt_sgemm_f32_f32_f32_f32_f32_128x64x16_1x1x1_3_tnn_align1_bias_f32_relu
PyTorch:BasicsTransformerLM.layers.22,PushPop,30,30,12,12,254656,21221.3,21184.0,21088,21696,159.0,cutlass3x_sm100_simt_sgemm_f32_f32_f32_f32_f32_64x32x16_1x1x1_3_nnn_align1_bias_f32_relu
PyTorch:BasicsTransformerLM.layers.22,PushPop,30,30,12,24,218719,9113.3,9088.0,8864,9440,146.7,"void at::native::<unnamed>::CatArrayBatchedCopy<at::native::<unnamed>::OpaqueType<(unsigned int)4>, unsigned int, (int)4, (int)64, (int)64>(T1 *, at::native::<unnamed>::CatArrInputTensorMetadata<T1, T2, T4, T5>, at::native::<unnamed>::TensorSizeStride<T2, (unsigned int)4>, int, T2)"
PyTorch:BasicsTransformerLM.layers.22,PushPop,30,30,12,12,183296,15274.7,15248.0,15136,15584,111.1,"void at::native::elementwise_kernel<(int)128, (int)2, void at::native::gpu_kernel_impl_nocast<at::native::BinaryFunctor<float, float, float, at::native::binary_internal::DivFunctor<float>>>(at::TensorIteratorBase &, const T1 &)::[lambda(int) (instance 1)]>(int, T3)"
PyTorch:BasicsTransformerLM.layers.22,PushPop,30,30,12,72,182302,2532.0,2176.0,2016,3520,566.6,"void at::native::vectorized_elementwise_kernel<(int)4, at::native::CUDAFunctor_add<float>, std::array<char *, (unsigned long)3>>(int, T2, T3)"
PyTorch:BasicsTransformerLM.layers.22,PushPop,30,30,12,12,159616,13301.3,13184.0,13056,14784,469.8,"void at::native::reduce_kernel<(int)512, (int)1, at::native::ReduceOp<float, at::native::MaxOps<float>, unsigned int, float, (int)4, (int)4>>(T3)"
PyTorch:BasicsTransformerLM.layers.22,PushPop,30,30,12,12,157248,13104.0,13088.0,12896,13280,107.9,"void at::native::elementwise_kernel<(int)128, (int)2, void at::native::gpu_kernel_impl_nocast<at::native::<unnamed>::where_kernel_impl(at::TensorIterator &)::[lambda() (instance 1)]::operator ()() const::[lambda() (instance 11)]::operator ()() const::[lambda(bool, float, float) (instance 1)]>(at::TensorIteratorBase &, const T1 &)::[lambda(int) (instance 1)]>(int, T3)"
PyTorch:BasicsTransformerLM.layers.22,PushPop,30,30,12,24,155263,6469.3,6576.0,5504,7616,763.5,"void at::native::vectorized_elementwise_kernel<(int)4, at::native::BinaryFunctor<float, float, float, at::native::binary_internal::MulFunctor<float>>, std::array<char *, (unsigned long)3>>(int, T2, T3)"
PyTorch:BasicsTransformerLM.layers.22,PushPop,30,30,12,12,152896,12741.3,12672.0,12640,12960,116.4,"void at::native::elementwise_kernel<(int)128, (int)2, void at::native::gpu_kernel_impl_nocast<at::native::CUDAFunctor_add<float>>(at::TensorIteratorBase &, const T1 &)::[lambda(int) (instance 1)]>(int, T3)"
PyTorch:BasicsTransformerLM.layers.22,PushPop,30,30,12,24,144704,6029.3,6016.0,5952,6144,52.5,"void at::native::reduce_kernel<(int)512, (int)1, at::native::ReduceOp<float, at::native::MeanOps<float, float, float, float>, unsigned int, float, (int)4, (int)4>>(T3)"
PyTorch:BasicsTransformerLM.layers.22,PushPop,30,30,12,24,134272,5594.7,5552.0,4576,6784,1000.0,"void at::native::elementwise_kernel<(int)128, (int)2, void at::native::gpu_kernel_impl_nocast<at::native::direct_copy_kernel_cuda(at::TensorIteratorBase &)::[lambda() (instance 3)]::operator ()() const::[lambda() (instance 7)]::operator ()() const::[lambda(float) (instance 1)]>(at::TensorIteratorBase &, const T1 &)::[lambda(int) (instance 1)]>(int, T3)"
PyTorch:BasicsTransformerLM.layers.22,PushPop,30,30,12,12,84479,7039.9,7024.0,6944,7168,77.2,"void at::native::reduce_kernel<(int)512, (int)1, at::native::ReduceOp<float, at::native::func_wrapper_t<float, at::native::sum_functor<float, float, float>::operator ()(at::TensorIterator &)::[lambda(float, float) (instance 1)]>, unsigned int, float, (int)4, (int)4>>(T3)"
PyTorch:BasicsTransformerLM.layers.22,PushPop,30,30,12,12,71327,5943.9,5807.5,5696,6464,297.8,"void at::native::vectorized_elementwise_kernel<(int)4, at::native::sigmoid_kernel_cuda(at::TensorIteratorBase &)::[lambda() (instance 2)]::operator ()() const::[lambda() (instance 2)]::operator ()() const::[lambda(float) (instance 1)], std::array<char *, (unsigned long)2>>(int, T2, T3)"
PyTorch:BasicsTransformerLM.layers.22,PushPop,30,30,12,12,62655,5221.3,5168.0,4992,5568,188.5,"void at::native::vectorized_elementwise_kernel<(int)4, at::native::exp_kernel_cuda(at::TensorIteratorBase &)::[lambda() (instance 2)]::operator ()() const::[lambda() (instance 2)]::operator ()() const::[lambda(float) (instance 1)], std::array<char *, (unsigned long)2>>(int, T2, T3)"
PyTorch:BasicsTransformerLM.layers.22,PushPop,30,30,12,12,61792,5149.3,5072.0,4896,5536,192.7,"void at::native::vectorized_elementwise_kernel<(int)4, at::native::BUnaryFunctor<float, float, float, at::native::binary_internal::MulFunctor<float>>, std::array<char *, (unsigned long)2>>(int, T2, T3)"
PyTorch:BasicsTransformerLM.layers.22,PushPop,30,30,12,24,57823,2409.3,2368.0,2304,2656,83.1,"void at::native::vectorized_elementwise_kernel<(int)4, void at::native::<unnamed>::pow_tensor_scalar_kernel_impl<float, float>(at::TensorIteratorBase &, T2)::[lambda(float) (instance 1)], std::array<char *, (unsigned long)2>>(int, T2, T3)"
PyTorch:BasicsTransformerLM.layers.22,PushPop,30,30,12,24,35360,1473.3,1472.0,1280,1696,88.3,"void at::native::vectorized_elementwise_kernel<(int)4, at::native::rsqrt_kernel_cuda(at::TensorIteratorBase &)::[lambda() (instance 2)]::operator ()() const::[lambda() (instance 2)]::operator ()() const::[lambda(float) (instance 1)], std::array<char *, (unsigned long)2>>(int, T2, T3)"
PyTorch:BasicsTransformerLM.layers.22,PushPop,30,30,12,24,35136,1464.0,1520.0,1184,1664,122.4,"void at::native::vectorized_elementwise_kernel<(int)4, at::native::CUDAFunctorOnSelf_add<float>, std::array<char *, (unsigned long)2>>(int, T2, T3)"
PyTorch:BasicsTransformerLM.layers.22,PushPop,30,30,12,12,32191,2682.6,2640.0,2399,3264,219.6,"void at::native::elementwise_kernel<(int)128, (int)4, void at::native::gpu_kernel_impl_nocast<at::native::<unnamed>::CompareFunctor<long>>(at::TensorIteratorBase &, const T1 &)::[lambda(int) (instance 1)]>(int, T3)"
PyTorch:BasicsTransformerLM.layers.22,PushPop,30,30,12,12,12544,1045.3,1088.0,928,1152,84.5,"void at::native::vectorized_elementwise_kernel<(int)4, at::native::FillFunctor<float>, std::array<char *, (unsigned long)1>>(int, T2, T3)"
PyTorch:BasicsTransformerLM.layers.22,PushPop,30,30,12,12,12384,1032.0,992.0,960,1216,94.7,"void <unnamed>::elementwise_kernel_with_index<int, at::native::arange_cuda_out(const c10::Scalar &, const c10::Scalar &, const c10::Scalar &, at::Tensor &)::[lambda() (instance 1)]::operator ()() const::[lambda() (instance 4)]::operator ()() const::[lambda(long) (instance 1)]>(T1, T2, function_traits<T2>::result_type *)"
PyTorch:BasicsTransformerLM.layers.22.attn,PushPop,30,30,12,48,4515055,94063.6,93888.0,93471,97408,623.1,cutlass3x_sm100_simt_sgemm_f32_f32_f32_f32_f32_64x32x16_1x1x1_3_tnn_align1_bias_f32_relu
PyTorch:BasicsTransformerLM.layers.22.attn,PushPop,30,30,12,96,325310,3388.6,3424.0,3072,3904,185.8,"void at::native::elementwise_kernel<(int)128, (int)2, void at::native::gpu_kernel_impl_nocast<at::native::BinaryFunctor<float, float, float, at::native::binary_internal::MulFunctor<float>>>(at::TensorIteratorBase &, const T1 &)::[lambda(int) (instance 1)]>(int, T3)"
PyTorch:BasicsTransformerLM.layers.22.attn,PushPop,30,30,12,12,317344,26445.3,26848.0,24000,27424,1098.4,cutlass3x_sm100_simt_sgemm_f32_f32_f32_f32_f32_128x64x16_1x1x1_3_tnn_align1_bias_f32_relu
PyTorch:BasicsTransformerLM.layers.22.attn,PushPop,30,30,12,12,254656,21221.3,21184.0,21088,21696,159.0,cutlass3x_sm100_simt_sgemm_f32_f32_f32_f32_f32_64x32x16_1x1x1_3_nnn_align1_bias_f32_relu
PyTorch:BasicsTransformerLM.layers.22.attn,PushPop,30,30,12,24,218719,9113.3,9088.0,8864,9440,146.7,"void at::native::<unnamed>::CatArrayBatchedCopy<at::native::<unnamed>::OpaqueType<(unsigned int)4>, unsigned int, (int)4, (int)64, (int)64>(T1 *, at::native::<unnamed>::CatArrInputTensorMetadata<T1, T2, T4, T5>, at::native::<unnamed>::TensorSizeStride<T2, (unsigned int)4>, int, T2)"
PyTorch:BasicsTransformerLM.layers.22.attn,PushPop,30,30,12,12,183296,15274.7,15248.0,15136,15584,111.1,"void at::native::elementwise_kernel<(int)128, (int)2, void at::native::gpu_kernel_impl_nocast<at::native::BinaryFunctor<float, float, float, at::native::binary_internal::DivFunctor<float>>>(at::TensorIteratorBase &, const T1 &)::[lambda(int) (instance 1)]>(int, T3)"
PyTorch:BasicsTransformerLM.layers.22.attn,PushPop,30,30,12,12,159616,13301.3,13184.0,13056,14784,469.8,"void at::native::reduce_kernel<(int)512, (int)1, at::native::ReduceOp<float, at::native::MaxOps<float>, unsigned int, float, (int)4, (int)4>>(T3)"
PyTorch:BasicsTransformerLM.layers.22.attn,PushPop,30,30,12,12,157248,13104.0,13088.0,12896,13280,107.9,"void at::native::elementwise_kernel<(int)128, (int)2, void at::native::gpu_kernel_impl_nocast<at::native::<unnamed>::where_kernel_impl(at::TensorIterator &)::[lambda() (instance 1)]::operator ()() const::[lambda() (instance 11)]::operator ()() const::[lambda(bool, float, float) (instance 1)]>(at::TensorIteratorBase &, const T1 &)::[lambda(int) (instance 1)]>(int, T3)"
PyTorch:BasicsTransformerLM.layers.22.attn,PushPop,30,30,12,12,152896,12741.3,12672.0,12640,12960,116.4,"void at::native::elementwise_kernel<(int)128, (int)2, void at::native::gpu_kernel_impl_nocast<at::native::CUDAFunctor_add<float>>(at::TensorIteratorBase &, const T1 &)::[lambda(int) (instance 1)]>(int, T3)"
PyTorch:BasicsTransformerLM.layers.22.attn,PushPop,30,30,12,24,134272,5594.7,5552.0,4576,6784,1000.0,"void at::native::elementwise_kernel<(int)128, (int)2, void at::native::gpu_kernel_impl_nocast<at::native::direct_copy_kernel_cuda(at::TensorIteratorBase &)::[lambda() (instance 3)]::operator ()() const::[lambda() (instance 7)]::operator ()() const::[lambda(float) (instance 1)]>(at::TensorIteratorBase &, const T1 &)::[lambda(int) (instance 1)]>(int, T3)"
PyTorch:BasicsTransformerLM.layers.22.attn,PushPop,30,30,12,48,102591,2137.3,2144.0,2016,2272,62.6,"void at::native::vectorized_elementwise_kernel<(int)4, at::native::CUDAFunctor_add<float>, std::array<char *, (unsigned long)3>>(int, T2, T3)"
PyTorch:BasicsTransformerLM.layers.22.attn,PushPop,30,30,12,12,84479,7039.9,7024.0,6944,7168,77.2,"void at::native::reduce_kernel<(int)512, (int)1, at::native::ReduceOp<float, at::native::func_wrapper_t<float, at::native::sum_functor<float, float, float>::operator ()(at::TensorIterator &)::[lambda(float, float) (instance 1)]>, unsigned int, float, (int)4, (int)4>>(T3)"
PyTorch:BasicsTransformerLM.layers.22.attn,PushPop,30,30,12,12,62655,5221.3,5168.0,4992,5568,188.5,"void at::native::vectorized_elementwise_kernel<(int)4, at::native::exp_kernel_cuda(at::TensorIteratorBase &)::[lambda() (instance 2)]::operator ()() const::[lambda() (instance 2)]::operator ()() const::[lambda(float) (instance 1)], std::array<char *, (unsigned long)2>>(int, T2, T3)"
PyTorch:BasicsTransformerLM.layers.22.attn,PushPop,30,30,12,12,61792,5149.3,5072.0,4896,5536,192.7,"void at::native::vectorized_elementwise_kernel<(int)4, at::native::BUnaryFunctor<float, float, float, at::native::binary_internal::MulFunctor<float>>, std::array<char *, (unsigned long)2>>(int, T2, T3)"
PyTorch:BasicsTransformerLM.layers.22.attn,PushPop,30,30,12,12,32191,2682.6,2640.0,2399,3264,219.6,"void at::native::elementwise_kernel<(int)128, (int)4, void at::native::gpu_kernel_impl_nocast<at::native::<unnamed>::CompareFunctor<long>>(at::TensorIteratorBase &, const T1 &)::[lambda(int) (instance 1)]>(int, T3)"
PyTorch:BasicsTransformerLM.layers.22.attn,PushPop,30,30,12,12,12544,1045.3,1088.0,928,1152,84.5,"void at::native::vectorized_elementwise_kernel<(int)4, at::native::FillFunctor<float>, std::array<char *, (unsigned long)1>>(int, T2, T3)"
PyTorch:BasicsTransformerLM.layers.22.attn,PushPop,30,30,12,12,12384,1032.0,992.0,960,1216,94.7,"void <unnamed>::elementwise_kernel_with_index<int, at::native::arange_cuda_out(const c10::Scalar &, const c10::Scalar &, const c10::Scalar &, at::Tensor &)::[lambda() (instance 1)]::operator ()() const::[lambda() (instance 4)]::operator ()() const::[lambda(long) (instance 1)]>(T1, T2, function_traits<T2>::result_type *)"
PyTorch:BasicsTransformerLM.layers.22.attn.k_proj,PushPop,30,30,12,12,1127102,93925.2,93872.0,93600,94976,356.6,cutlass3x_sm100_simt_sgemm_f32_f32_f32_f32_f32_64x32x16_1x1x1_3_tnn_align1_bias_f32_relu
PyTorch:BasicsTransformerLM.layers.22.attn.output_proj,PushPop,30,30,12,12,1135291,94607.6,94368.0,94111,97408,894.8,cutlass3x_sm100_simt_sgemm_f32_f32_f32_f32_f32_64x32x16_1x1x1_3_tnn_align1_bias_f32_relu
PyTorch:BasicsTransformerLM.layers.22.attn.q_proj,PushPop,30,30,12,12,1126297,93858.1,93743.5,93567,95007,385.9,cutlass3x_sm100_simt_sgemm_f32_f32_f32_f32_f32_64x32x16_1x1x1_3_tnn_align1_bias_f32_relu
PyTorch:BasicsTransformerLM.layers.22.attn.v_proj,PushPop,30,30,12,12,1126365,93863.8,93760.0,93471,94816,385.7,cutlass3x_sm100_simt_sgemm_f32_f32_f32_f32_f32_64x32x16_1x1x1_3_tnn_align1_bias_f32_relu
PyTorch:BasicsTransformerLM.layers.22.ffn,PushPop,30,30,12,24,7516231,313176.3,312495.0,312031,321791,2455.9,cutlass3x_sm100_simt_sgemm_f32_f32_f32_f32_f32_64x128x16_1x1x1_3_tnn_align1_bias_f32_relu
PyTorch:BasicsTransformerLM.layers.22.ffn,PushPop,30,30,12,12,4331411,360950.9,360271.0,359679,367199,2071.5,cutlass3x_sm100_simt_sgemm_f32_f32_f32_f32_f32_64x32x16_1x1x1_3_tnn_align1_bias_f32_relu
PyTorch:BasicsTransformerLM.layers.22.ffn,PushPop,30,30,12,24,155263,6469.3,6576.0,5504,7616,763.5,"void at::native::vectorized_elementwise_kernel<(int)4, at::native::BinaryFunctor<float, float, float, at::native::binary_internal::MulFunctor<float>>, std::array<char *, (unsigned long)3>>(int, T2, T3)"
PyTorch:BasicsTransformerLM.layers.22.ffn,PushPop,30,30,12,12,71327,5943.9,5807.5,5696,6464,297.8,"void at::native::vectorized_elementwise_kernel<(int)4, at::native::sigmoid_kernel_cuda(at::TensorIteratorBase &)::[lambda() (instance 2)]::operator ()() const::[lambda() (instance 2)]::operator ()() const::[lambda(float) (instance 1)], std::array<char *, (unsigned long)2>>(int, T2, T3)"
PyTorch:BasicsTransformerLM.layers.22.ffn.w1,PushPop,30,30,12,12,3760212,313351.0,312575.0,312351,321791,2664.0,cutlass3x_sm100_simt_sgemm_f32_f32_f32_f32_f32_64x128x16_1x1x1_3_tnn_align1_bias_f32_relu
PyTorch:BasicsTransformerLM.layers.22.ffn.w2,PushPop,30,30,12,12,4331411,360950.9,360271.0,359679,367199,2071.5,cutlass3x_sm100_simt_sgemm_f32_f32_f32_f32_f32_64x32x16_1x1x1_3_tnn_align1_bias_f32_relu
PyTorch:BasicsTransformerLM.layers.22.ffn.w3,PushPop,30,30,12,12,3756019,313001.6,312303.0,312031,320382,2334.0,cutlass3x_sm100_simt_sgemm_f32_f32_f32_f32_f32_64x128x16_1x1x1_3_tnn_align1_bias_f32_relu
PyTorch:BasicsTransformerLM.layers.22.ln1,PushPop,30,30,12,24,113568,4732.0,4704.0,4544,5152,121.7,"void at::native::elementwise_kernel<(int)128, (int)2, void at::native::gpu_kernel_impl_nocast<at::native::BinaryFunctor<float, float, float, at::native::binary_internal::MulFunctor<float>>>(at::TensorIteratorBase &, const T1 &)::[lambda(int) (instance 1)]>(int, T3)"
PyTorch:BasicsTransformerLM.layers.22.ln1,PushPop,30,30,12,12,72096,6008.0,6000.0,5952,6144,62.7,"void at::native::reduce_kernel<(int)512, (int)1, at::native::ReduceOp<float, at::native::MeanOps<float, float, float, float>, unsigned int, float, (int)4, (int)4>>(T3)"
PyTorch:BasicsTransformerLM.layers.22.ln1,PushPop,30,30,12,12,28928,2410.7,2400.0,2304,2528,82.2,"void at::native::vectorized_elementwise_kernel<(int)4, void at::native::<unnamed>::pow_tensor_scalar_kernel_impl<float, float>(at::TensorIteratorBase &, T2)::[lambda(float) (instance 1)], std::array<char *, (unsigned long)2>>(int, T2, T3)"
PyTorch:BasicsTransformerLM.layers.22.ln1,PushPop,30,30,12,12,18080,1506.7,1536.0,1184,1664,136.1,"void at::native::vectorized_elementwise_kernel<(int)4, at::native::CUDAFunctorOnSelf_add<float>, std::array<char *, (unsigned long)2>>(int, T2, T3)"
PyTorch:BasicsTransformerLM.layers.22.ln1,PushPop,30,30,12,12,17952,1496.0,1472.0,1280,1696,104.0,"void at::native::vectorized_elementwise_kernel<(int)4, at::native::rsqrt_kernel_cuda(at::TensorIteratorBase &)::[lambda() (instance 2)]::operator ()() const::[lambda() (instance 2)]::operator ()() const::[lambda(float) (instance 1)], std::array<char *, (unsigned long)2>>(int, T2, T3)"
PyTorch:BasicsTransformerLM.layers.22.ln2,PushPop,30,30,12,24,112032,4668.0,4656.0,4544,5024,110.6,"void at::native::elementwise_kernel<(int)128, (int)2, void at::native::gpu_kernel_impl_nocast<at::native::BinaryFunctor<float, float, float, at::native::binary_internal::MulFunctor<float>>>(at::TensorIteratorBase &, const T1 &)::[lambda(int) (instance 1)]>(int, T3)"
PyTorch:BasicsTransformerLM.layers.22.ln2,PushPop,30,30,12,12,72608,6050.7,6048.0,6016,6112,28.8,"void at::native::reduce_kernel<(int)512, (int)1, at::native::ReduceOp<float, at::native::MeanOps<float, float, float, float>, unsigned int, float, (int)4, (int)4>>(T3)"
PyTorch:BasicsTransformerLM.layers.22.ln2,PushPop,30,30,12,12,28895,2407.9,2368.0,2336,2656,87.5,"void at::native::vectorized_elementwise_kernel<(int)4, void at::native::<unnamed>::pow_tensor_scalar_kernel_impl<float, float>(at::TensorIteratorBase &, T2)::[lambda(float) (instance 1)], std::array<char *, (unsigned long)2>>(int, T2, T3)"
PyTorch:BasicsTransformerLM.layers.22.ln2,PushPop,30,30,12,12,17408,1450.7,1440.0,1280,1568,65.9,"void at::native::vectorized_elementwise_kernel<(int)4, at::native::rsqrt_kernel_cuda(at::TensorIteratorBase &)::[lambda() (instance 2)]::operator ()() const::[lambda() (instance 2)]::operator ()() const::[lambda(float) (instance 1)], std::array<char *, (unsigned long)2>>(int, T2, T3)"
PyTorch:BasicsTransformerLM.layers.22.ln2,PushPop,30,30,12,12,17056,1421.3,1376.0,1344,1568,94.0,"void at::native::vectorized_elementwise_kernel<(int)4, at::native::CUDAFunctorOnSelf_add<float>, std::array<char *, (unsigned long)2>>(int, T2, T3)"
PyTorch:BasicsTransformerLM.layers.23,PushPop,30,30,12,60,8847779,147463.0,94079.5,93376,367167,107779.0,cutlass3x_sm100_simt_sgemm_f32_f32_f32_f32_f32_64x32x16_1x1x1_3_tnn_align1_bias_f32_relu
PyTorch:BasicsTransformerLM.layers.23,PushPop,30,30,12,24,7515431,313143.0,312319.0,311967,322143,2469.2,cutlass3x_sm100_simt_sgemm_f32_f32_f32_f32_f32_64x128x16_1x1x1_3_tnn_align1_bias_f32_relu
PyTorch:BasicsTransformerLM.layers.23,PushPop,30,30,12,144,555517,3857.8,3488.0,3104,5120,629.4,"void at::native::elementwise_kernel<(int)128, (int)2, void at::native::gpu_kernel_impl_nocast<at::native::BinaryFunctor<float, float, float, at::native::binary_internal::MulFunctor<float>>>(at::TensorIteratorBase &, const T1 &)::[lambda(int) (instance 1)]>(int, T3)"
PyTorch:BasicsTransformerLM.layers.23,PushPop,30,30,12,12,323360,26946.7,26880.0,26720,27456,203.1,cutlass3x_sm100_simt_sgemm_f32_f32_f32_f32_f32_128x64x16_1x1x1_3_tnn_align1_bias_f32_relu
PyTorch:BasicsTransformerLM.layers.23,PushPop,30,30,12,12,253696,21141.3,21072.0,20992,21760,211.1,cutlass3x_sm100_simt_sgemm_f32_f32_f32_f32_f32_64x32x16_1x1x1_3_nnn_align1_bias_f32_relu
PyTorch:BasicsTransformerLM.layers.23,PushPop,30,30,12,24,216510,9021.3,9024.0,8832,9216,109.1,"void at::native::<unnamed>::CatArrayBatchedCopy<at::native::<unnamed>::OpaqueType<(unsigned int)4>, unsigned int, (int)4, (int)64, (int)64>(T1 *, at::native::<unnamed>::CatArrInputTensorMetadata<T1, T2, T4, T5>, at::native::<unnamed>::TensorSizeStride<T2, (unsigned int)4>, int, T2)"
PyTorch:BasicsTransformerLM.layers.23,PushPop,30,30,12,12,185632,15469.3,15296.0,15200,17184,551.1,"void at::native::elementwise_kernel<(int)128, (int)2, void at::native::gpu_kernel_impl_nocast<at::native::BinaryFunctor<float, float, float, at::native::binary_internal::DivFunctor<float>>>(at::TensorIteratorBase &, const T1 &)::[lambda(int) (instance 1)]>(int, T3)"
PyTorch:BasicsTransformerLM.layers.23,PushPop,30,30,12,72,182240,2531.1,2144.0,1952,3680,638.4,"void at::native::vectorized_elementwise_kernel<(int)4, at::native::CUDAFunctor_add<float>, std::array<char *, (unsigned long)3>>(int, T2, T3)"
PyTorch:BasicsTransformerLM.layers.23,PushPop,30,30,12,12,157823,13151.9,13152.0,13056,13216,40.9,"void at::native::reduce_kernel<(int)512, (int)1, at::native::ReduceOp<float, at::native::MaxOps<float>, unsigned int, float, (int)4, (int)4>>(T3)"
PyTorch:BasicsTransformerLM.layers.23,PushPop,30,30,12,12,157472,13122.7,13136.0,12928,13280,99.8,"void at::native::elementwise_kernel<(int)128, (int)2, void at::native::gpu_kernel_impl_nocast<at::native::<unnamed>::where_kernel_impl(at::TensorIterator &)::[lambda() (instance 1)]::operator ()() const::[lambda() (instance 11)]::operator ()() const::[lambda(bool, float, float) (instance 1)]>(at::TensorIteratorBase &, const T1 &)::[lambda(int) (instance 1)]>(int, T3)"
PyTorch:BasicsTransformerLM.layers.23,PushPop,30,30,12,24,154591,6441.3,6608.0,5536,7328,674.5,"void at::native::vectorized_elementwise_kernel<(int)4, at::native::BinaryFunctor<float, float, float, at::native::binary_internal::MulFunctor<float>>, std::array<char *, (unsigned long)3>>(int, T2, T3)"
PyTorch:BasicsTransformerLM.layers.23,PushPop,30,30,12,12,152671,12722.6,12704.0,12640,12831,61.6,"void at::native::elementwise_kernel<(int)128, (int)2, void at::native::gpu_kernel_impl_nocast<at::native::CUDAFunctor_add<float>>(at::TensorIteratorBase &, const T1 &)::[lambda(int) (instance 1)]>(int, T3)"
PyTorch:BasicsTransformerLM.layers.23,PushPop,30,30,12,24,145726,6071.9,6080.0,6016,6144,35.5,"void at::native::reduce_kernel<(int)512, (int)1, at::native::ReduceOp<float, at::native::MeanOps<float, float, float, float>, unsigned int, float, (int)4, (int)4>>(T3)"
PyTorch:BasicsTransformerLM.layers.23,PushPop,30,30,12,24,134880,5620.0,5584.0,4608,6944,969.9,"void at::native::elementwise_kernel<(int)128, (int)2, void at::native::gpu_kernel_impl_nocast<at::native::direct_copy_kernel_cuda(at::TensorIteratorBase &)::[lambda() (instance 3)]::operator ()() const::[lambda() (instance 7)]::operator ()() const::[lambda(float) (instance 1)]>(at::TensorIteratorBase &, const T1 &)::[lambda(int) (instance 1)]>(int, T3)"
PyTorch:BasicsTransformerLM.layers.23,PushPop,30,30,12,12,85151,7095.9,7072.0,6944,7360,110.0,"void at::native::reduce_kernel<(int)512, (int)1, at::native::ReduceOp<float, at::native::func_wrapper_t<float, at::native::sum_functor<float, float, float>::operator ()(at::TensorIterator &)::[lambda(float, float) (instance 1)]>, unsigned int, float, (int)4, (int)4>>(T3)"
PyTorch:BasicsTransformerLM.layers.23,PushPop,30,30,12,12,71296,5941.3,5808.0,5696,6464,282.7,"void at::native::vectorized_elementwise_kernel<(int)4, at::native::sigmoid_kernel_cuda(at::TensorIteratorBase &)::[lambda() (instance 2)]::operator ()() const::[lambda() (instance 2)]::operator ()() const::[lambda(float) (instance 1)], std::array<char *, (unsigned long)2>>(int, T2, T3)"
PyTorch:BasicsTransformerLM.layers.23,PushPop,30,30,12,12,63392,5282.7,5184.0,5024,5632,220.6,"void at::native::vectorized_elementwise_kernel<(int)4, at::native::exp_kernel_cuda(at::TensorIteratorBase &)::[lambda() (instance 2)]::operator ()() const::[lambda() (instance 2)]::operator ()() const::[lambda(float) (instance 1)], std::array<char *, (unsigned long)2>>(int, T2, T3)"
PyTorch:BasicsTransformerLM.layers.23,PushPop,30,30,12,12,61983,5165.3,5055.5,4960,5696,244.3,"void at::native::vectorized_elementwise_kernel<(int)4, at::native::BUnaryFunctor<float, float, float, at::native::binary_internal::MulFunctor<float>>, std::array<char *, (unsigned long)2>>(int, T2, T3)"
PyTorch:BasicsTransformerLM.layers.23,PushPop,30,30,12,24,58816,2450.7,2464.0,2336,2784,96.7,"void at::native::vectorized_elementwise_kernel<(int)4, void at::native::<unnamed>::pow_tensor_scalar_kernel_impl<float, float>(at::TensorIteratorBase &, T2)::[lambda(float) (instance 1)], std::array<char *, (unsigned long)2>>(int, T2, T3)"
PyTorch:BasicsTransformerLM.layers.23,PushPop,30,30,12,24,34912,1454.7,1520.0,1152,1760,149.5,"void at::native::vectorized_elementwise_kernel<(int)4, at::native::CUDAFunctorOnSelf_add<float>, std::array<char *, (unsigned long)2>>(int, T2, T3)"
PyTorch:BasicsTransformerLM.layers.23,PushPop,30,30,12,24,34912,1454.7,1456.0,1248,1696,111.2,"void at::native::vectorized_elementwise_kernel<(int)4, at::native::rsqrt_kernel_cuda(at::TensorIteratorBase &)::[lambda() (instance 2)]::operator ()() const::[lambda() (instance 2)]::operator ()() const::[lambda(float) (instance 1)], std::array<char *, (unsigned long)2>>(int, T2, T3)"
PyTorch:BasicsTransformerLM.layers.23,PushPop,30,30,12,12,30880,2573.3,2560.0,2496,2656,46.2,"void at::native::elementwise_kernel<(int)128, (int)4, void at::native::gpu_kernel_impl_nocast<at::native::<unnamed>::CompareFunctor<long>>(at::TensorIteratorBase &, const T1 &)::[lambda(int) (instance 1)]>(int, T3)"
PyTorch:BasicsTransformerLM.layers.23,PushPop,30,30,12,12,12704,1058.7,1104.0,928,1152,93.0,"void at::native::vectorized_elementwise_kernel<(int)4, at::native::FillFunctor<float>, std::array<char *, (unsigned long)1>>(int, T2, T3)"
PyTorch:BasicsTransformerLM.layers.23,PushPop,30,30,12,12,12544,1045.3,1024.0,960,1184,80.0,"void <unnamed>::elementwise_kernel_with_index<int, at::native::arange_cuda_out(const c10::Scalar &, const c10::Scalar &, const c10::Scalar &, at::Tensor &)::[lambda() (instance 1)]::operator ()() const::[lambda() (instance 4)]::operator ()() const::[lambda(long) (instance 1)]>(T1, T2, function_traits<T2>::result_type *)"
PyTorch:BasicsTransformerLM.layers.23.attn,PushPop,30,30,12,48,4513297,94027.0,93792.0,93376,97984,705.8,cutlass3x_sm100_simt_sgemm_f32_f32_f32_f32_f32_64x32x16_1x1x1_3_tnn_align1_bias_f32_relu
PyTorch:BasicsTransformerLM.layers.23.attn,PushPop,30,30,12,96,328797,3425.0,3456.0,3104,3871,158.1,"void at::native::elementwise_kernel<(int)128, (int)2, void at::native::gpu_kernel_impl_nocast<at::native::BinaryFunctor<float, float, float, at::native::binary_internal::MulFunctor<float>>>(at::TensorIteratorBase &, const T1 &)::[lambda(int) (instance 1)]>(int, T3)"
PyTorch:BasicsTransformerLM.layers.23.attn,PushPop,30,30,12,12,323360,26946.7,26880.0,26720,27456,203.1,cutlass3x_sm100_simt_sgemm_f32_f32_f32_f32_f32_128x64x16_1x1x1_3_tnn_align1_bias_f32_relu
PyTorch:BasicsTransformerLM.layers.23.attn,PushPop,30,30,12,12,253696,21141.3,21072.0,20992,21760,211.1,cutlass3x_sm100_simt_sgemm_f32_f32_f32_f32_f32_64x32x16_1x1x1_3_nnn_align1_bias_f32_relu
PyTorch:BasicsTransformerLM.layers.23.attn,PushPop,30,30,12,24,216510,9021.3,9024.0,8832,9216,109.1,"void at::native::<unnamed>::CatArrayBatchedCopy<at::native::<unnamed>::OpaqueType<(unsigned int)4>, unsigned int, (int)4, (int)64, (int)64>(T1 *, at::native::<unnamed>::CatArrInputTensorMetadata<T1, T2, T4, T5>, at::native::<unnamed>::TensorSizeStride<T2, (unsigned int)4>, int, T2)"
PyTorch:BasicsTransformerLM.layers.23.attn,PushPop,30,30,12,12,185632,15469.3,15296.0,15200,17184,551.1,"void at::native::elementwise_kernel<(int)128, (int)2, void at::native::gpu_kernel_impl_nocast<at::native::BinaryFunctor<float, float, float, at::native::binary_internal::DivFunctor<float>>>(at::TensorIteratorBase &, const T1 &)::[lambda(int) (instance 1)]>(int, T3)"
PyTorch:BasicsTransformerLM.layers.23.attn,PushPop,30,30,12,12,157823,13151.9,13152.0,13056,13216,40.9,"void at::native::reduce_kernel<(int)512, (int)1, at::native::ReduceOp<float, at::native::MaxOps<float>, unsigned int, float, (int)4, (int)4>>(T3)"
PyTorch:BasicsTransformerLM.layers.23.attn,PushPop,30,30,12,12,157472,13122.7,13136.0,12928,13280,99.8,"void at::native::elementwise_kernel<(int)128, (int)2, void at::native::gpu_kernel_impl_nocast<at::native::<unnamed>::where_kernel_impl(at::TensorIterator &)::[lambda() (instance 1)]::operator ()() const::[lambda() (instance 11)]::operator ()() const::[lambda(bool, float, float) (instance 1)]>(at::TensorIteratorBase &, const T1 &)::[lambda(int) (instance 1)]>(int, T3)"
PyTorch:BasicsTransformerLM.layers.23.attn,PushPop,30,30,12,12,152671,12722.6,12704.0,12640,12831,61.6,"void at::native::elementwise_kernel<(int)128, (int)2, void at::native::gpu_kernel_impl_nocast<at::native::CUDAFunctor_add<float>>(at::TensorIteratorBase &, const T1 &)::[lambda(int) (instance 1)]>(int, T3)"
PyTorch:BasicsTransformerLM.layers.23.attn,PushPop,30,30,12,24,134880,5620.0,5584.0,4608,6944,969.9,"void at::native::elementwise_kernel<(int)128, (int)2, void at::native::gpu_kernel_impl_nocast<at::native::direct_copy_kernel_cuda(at::TensorIteratorBase &)::[lambda() (instance 3)]::operator ()() const::[lambda() (instance 7)]::operator ()() const::[lambda(float) (instance 1)]>(at::TensorIteratorBase &, const T1 &)::[lambda(int) (instance 1)]>(int, T3)"
PyTorch:BasicsTransformerLM.layers.23.attn,PushPop,30,30,12,48,100256,2088.7,2080.0,1952,2304,77.8,"void at::native::vectorized_elementwise_kernel<(int)4, at::native::CUDAFunctor_add<float>, std::array<char *, (unsigned long)3>>(int, T2, T3)"
PyTorch:BasicsTransformerLM.layers.23.attn,PushPop,30,30,12,12,85151,7095.9,7072.0,6944,7360,110.0,"void at::native::reduce_kernel<(int)512, (int)1, at::native::ReduceOp<float, at::native::func_wrapper_t<float, at::native::sum_functor<float, float, float>::operator ()(at::TensorIterator &)::[lambda(float, float) (instance 1)]>, unsigned int, float, (int)4, (int)4>>(T3)"
PyTorch:BasicsTransformerLM.layers.23.attn,PushPop,30,30,12,12,63392,5282.7,5184.0,5024,5632,220.6,"void at::native::vectorized_elementwise_kernel<(int)4, at::native::exp_kernel_cuda(at::TensorIteratorBase &)::[lambda() (instance 2)]::operator ()() const::[lambda() (instance 2)]::operator ()() const::[lambda(float) (instance 1)], std::array<char *, (unsigned long)2>>(int, T2, T3)"
PyTorch:BasicsTransformerLM.layers.23.attn,PushPop,30,30,12,12,61983,5165.3,5055.5,4960,5696,244.3,"void at::native::vectorized_elementwise_kernel<(int)4, at::native::BUnaryFunctor<float, float, float, at::native::binary_internal::MulFunctor<float>>, std::array<char *, (unsigned long)2>>(int, T2, T3)"
PyTorch:BasicsTransformerLM.layers.23.attn,PushPop,30,30,12,12,30880,2573.3,2560.0,2496,2656,46.2,"void at::native::elementwise_kernel<(int)128, (int)4, void at::native::gpu_kernel_impl_nocast<at::native::<unnamed>::CompareFunctor<long>>(at::TensorIteratorBase &, const T1 &)::[lambda(int) (instance 1)]>(int, T3)"
PyTorch:BasicsTransformerLM.layers.23.attn,PushPop,30,30,12,12,12704,1058.7,1104.0,928,1152,93.0,"void at::native::vectorized_elementwise_kernel<(int)4, at::native::FillFunctor<float>, std::array<char *, (unsigned long)1>>(int, T2, T3)"
PyTorch:BasicsTransformerLM.layers.23.attn,PushPop,30,30,12,12,12544,1045.3,1024.0,960,1184,80.0,"void <unnamed>::elementwise_kernel_with_index<int, at::native::arange_cuda_out(const c10::Scalar &, const c10::Scalar &, const c10::Scalar &, at::Tensor &)::[lambda() (instance 1)]::operator ()() const::[lambda() (instance 4)]::operator ()() const::[lambda(long) (instance 1)]>(T1, T2, function_traits<T2>::result_type *)"
PyTorch:BasicsTransformerLM.layers.23.attn.k_proj,PushPop,30,30,12,12,1126620,93885.0,93664.0,93503,95168,481.4,cutlass3x_sm100_simt_sgemm_f32_f32_f32_f32_f32_64x32x16_1x1x1_3_tnn_align1_bias_f32_relu
PyTorch:BasicsTransformerLM.layers.23.attn.output_proj,PushPop,30,30,12,12,1135388,94615.7,94320.0,93984,97984,1073.4,cutlass3x_sm100_simt_sgemm_f32_f32_f32_f32_f32_64x32x16_1x1x1_3_tnn_align1_bias_f32_relu
PyTorch:BasicsTransformerLM.layers.23.attn.q_proj,PushPop,30,30,12,12,1126330,93860.8,93776.0,93471,94688,344.3,cutlass3x_sm100_simt_sgemm_f32_f32_f32_f32_f32_64x32x16_1x1x1_3_tnn_align1_bias_f32_relu
PyTorch:BasicsTransformerLM.layers.23.attn.v_proj,PushPop,30,30,12,12,1124959,93746.6,93712.0,93376,94624,332.2,cutlass3x_sm100_simt_sgemm_f32_f32_f32_f32_f32_64x32x16_1x1x1_3_tnn_align1_bias_f32_relu
PyTorch:BasicsTransformerLM.layers.23.ffn,PushPop,30,30,12,24,7515431,313143.0,312319.0,311967,322143,2469.2,cutlass3x_sm100_simt_sgemm_f32_f32_f32_f32_f32_64x128x16_1x1x1_3_tnn_align1_bias_f32_relu
PyTorch:BasicsTransformerLM.layers.23.ffn,PushPop,30,30,12,12,4334482,361206.8,360751.0,359679,367167,1970.1,cutlass3x_sm100_simt_sgemm_f32_f32_f32_f32_f32_64x32x16_1x1x1_3_tnn_align1_bias_f32_relu
PyTorch:BasicsTransformerLM.layers.23.ffn,PushPop,30,30,12,24,154591,6441.3,6608.0,5536,7328,674.5,"void at::native::vectorized_elementwise_kernel<(int)4, at::native::BinaryFunctor<float, float, float, at::native::binary_internal::MulFunctor<float>>, std::array<char *, (unsigned long)3>>(int, T2, T3)"
PyTorch:BasicsTransformerLM.layers.23.ffn,PushPop,30,30,12,12,71296,5941.3,5808.0,5696,6464,282.7,"void at::native::vectorized_elementwise_kernel<(int)4, at::native::sigmoid_kernel_cuda(at::TensorIteratorBase &)::[lambda() (instance 2)]::operator ()() const::[lambda() (instance 2)]::operator ()() const::[lambda(float) (instance 1)], std::array<char *, (unsigned long)2>>(int, T2, T3)"
PyTorch:BasicsTransformerLM.layers.23.ffn.w1,PushPop,30,30,12,12,3759796,313316.3,312415.0,311999,322143,2810.2,cutlass3x_sm100_simt_sgemm_f32_f32_f32_f32_f32_64x128x16_1x1x1_3_tnn_align1_bias_f32_relu
PyTorch:BasicsTransformerLM.layers.23.ffn.w2,PushPop,30,30,12,12,4334482,361206.8,360751.0,359679,367167,1970.1,cutlass3x_sm100_simt_sgemm_f32_f32_f32_f32_f32_64x32x16_1x1x1_3_tnn_align1_bias_f32_relu
PyTorch:BasicsTransformerLM.layers.23.ffn.w3,PushPop,30,30,12,12,3755635,312969.6,312270.5,311967,319871,2187.5,cutlass3x_sm100_simt_sgemm_f32_f32_f32_f32_f32_64x128x16_1x1x1_3_tnn_align1_bias_f32_relu
PyTorch:BasicsTransformerLM.layers.23.ln1,PushPop,30,30,12,24,113344,4722.7,4704.0,4608,4896,66.0,"void at::native::elementwise_kernel<(int)128, (int)2, void at::native::gpu_kernel_impl_nocast<at::native::BinaryFunctor<float, float, float, at::native::binary_internal::MulFunctor<float>>>(at::TensorIteratorBase &, const T1 &)::[lambda(int) (instance 1)]>(int, T3)"
PyTorch:BasicsTransformerLM.layers.23.ln1,PushPop,30,30,12,12,72640,6053.3,6048.0,6016,6112,26.7,"void at::native::reduce_kernel<(int)512, (int)1, at::native::ReduceOp<float, at::native::MeanOps<float, float, float, float>, unsigned int, float, (int)4, (int)4>>(T3)"
PyTorch:BasicsTransformerLM.layers.23.ln1,PushPop,30,30,12,12,29792,2482.7,2480.0,2432,2560,31.9,"void at::native::vectorized_elementwise_kernel<(int)4, void at::native::<unnamed>::pow_tensor_scalar_kernel_impl<float, float>(at::TensorIteratorBase &, T2)::[lambda(float) (instance 1)], std::array<char *, (unsigned long)2>>(int, T2, T3)"
PyTorch:BasicsTransformerLM.layers.23.ln1,PushPop,30,30,12,12,17472,1456.0,1456.0,1152,1760,166.8,"void at::native::vectorized_elementwise_kernel<(int)4, at::native::CUDAFunctorOnSelf_add<float>, std::array<char *, (unsigned long)2>>(int, T2, T3)"
PyTorch:BasicsTransformerLM.layers.23.ln1,PushPop,30,30,12,12,17280,1440.0,1440.0,1248,1696,132.3,"void at::native::vectorized_elementwise_kernel<(int)4, at::native::rsqrt_kernel_cuda(at::TensorIteratorBase &)::[lambda() (instance 2)]::operator ()() const::[lambda() (instance 2)]::operator ()() const::[lambda(float) (instance 1)], std::array<char *, (unsigned long)2>>(int, T2, T3)"
PyTorch:BasicsTransformerLM.layers.23.ln2,PushPop,30,30,12,24,113376,4724.0,4704.0,4576,5120,100.2,"void at::native::elementwise_kernel<(int)128, (int)2, void at::native::gpu_kernel_impl_nocast<at::native::BinaryFunctor<float, float, float, at::native::binary_internal::MulFunctor<float>>>(at::TensorIteratorBase &, const T1 &)::[lambda(int) (instance 1)]>(int, T3)"
PyTorch:BasicsTransformerLM.layers.23.ln2,PushPop,30,30,12,12,73086,6090.5,6080.0,6016,6144,34.2,"void at::native::reduce_kernel<(int)512, (int)1, at::native::ReduceOp<float, at::native::MeanOps<float, float, float, float>, unsigned int, float, (int)4, (int)4>>(T3)"
PyTorch:BasicsTransformerLM.layers.23.ln2,PushPop,30,30,12,12,29024,2418.7,2368.0,2336,2784,127.6,"void at::native::vectorized_elementwise_kernel<(int)4, void at::native::<unnamed>::pow_tensor_scalar_kernel_impl<float, float>(at::TensorIteratorBase &, T2)::[lambda(float) (instance 1)], std::array<char *, (unsigned long)2>>(int, T2, T3)"
PyTorch:BasicsTransformerLM.layers.23.ln2,PushPop,30,30,12,12,17632,1469.3,1472.0,1280,1632,88.9,"void at::native::vectorized_elementwise_kernel<(int)4, at::native::rsqrt_kernel_cuda(at::TensorIteratorBase &)::[lambda() (instance 2)]::operator ()() const::[lambda() (instance 2)]::operator ()() const::[lambda(float) (instance 1)], std::array<char *, (unsigned long)2>>(int, T2, T3)"
PyTorch:BasicsTransformerLM.layers.23.ln2,PushPop,30,30,12,12,17440,1453.3,1520.0,1184,1664,137.4,"void at::native::vectorized_elementwise_kernel<(int)4, at::native::CUDAFunctorOnSelf_add<float>, std::array<char *, (unsigned long)2>>(int, T2, T3)"
PyTorch:BasicsTransformerLM.layers.24,PushPop,30,30,12,60,8848288,147471.5,94047.5,93311,368031,107770.2,cutlass3x_sm100_simt_sgemm_f32_f32_f32_f32_f32_64x32x16_1x1x1_3_tnn_align1_bias_f32_relu
PyTorch:BasicsTransformerLM.layers.24,PushPop,30,30,12,24,7517959,313248.3,312511.0,311775,322303,2643.2,cutlass3x_sm100_simt_sgemm_f32_f32_f32_f32_f32_64x128x16_1x1x1_3_tnn_align1_bias_f32_relu
PyTorch:BasicsTransformerLM.layers.24,PushPop,30,30,12,144,548478,3808.9,3488.0,3072,4928,638.0,"void at::native::elementwise_kernel<(int)128, (int)2, void at::native::gpu_kernel_impl_nocast<at::native::BinaryFunctor<float, float, float, at::native::binary_internal::MulFunctor<float>>>(at::TensorIteratorBase &, const T1 &)::[lambda(int) (instance 1)]>(int, T3)"
PyTorch:BasicsTransformerLM.layers.24,PushPop,30,30,12,12,317376,26448.0,26848.0,24128,26976,986.4,cutlass3x_sm100_simt_sgemm_f32_f32_f32_f32_f32_128x64x16_1x1x1_3_tnn_align1_bias_f32_relu
PyTorch:BasicsTransformerLM.layers.24,PushPop,30,30,12,12,254623,21218.6,21168.0,21120,21856,203.1,cutlass3x_sm100_simt_sgemm_f32_f32_f32_f32_f32_64x32x16_1x1x1_3_nnn_align1_bias_f32_relu
PyTorch:BasicsTransformerLM.layers.24,PushPop,30,30,12,24,218240,9093.3,9088.0,8928,9344,126.1,"void at::native::<unnamed>::CatArrayBatchedCopy<at::native::<unnamed>::OpaqueType<(unsigned int)4>, unsigned int, (int)4, (int)64, (int)64>(T1 *, at::native::<unnamed>::CatArrInputTensorMetadata<T1, T2, T4, T5>, at::native::<unnamed>::TensorSizeStride<T2, (unsigned int)4>, int, T2)"
PyTorch:BasicsTransformerLM.layers.24,PushPop,30,30,12,12,183488,15290.7,15232.0,15136,15616,153.1,"void at::native::elementwise_kernel<(int)128, (int)2, void at::native::gpu_kernel_impl_nocast<at::native::BinaryFunctor<float, float, float, at::native::binary_internal::DivFunctor<float>>>(at::TensorIteratorBase &, const T1 &)::[lambda(int) (instance 1)]>(int, T3)"
PyTorch:BasicsTransformerLM.layers.24,PushPop,30,30,12,72,182496,2534.7,2176.0,1984,3584,580.3,"void at::native::vectorized_elementwise_kernel<(int)4, at::native::CUDAFunctor_add<float>, std::array<char *, (unsigned long)3>>(int, T2, T3)"
PyTorch:BasicsTransformerLM.layers.24,PushPop,30,30,12,12,159262,13271.8,13152.0,13088,14560,408.3,"void at::native::reduce_kernel<(int)512, (int)1, at::native::ReduceOp<float, at::native::MaxOps<float>, unsigned int, float, (int)4, (int)4>>(T3)"
PyTorch:BasicsTransformerLM.layers.24,PushPop,30,30,12,12,157950,13162.5,13152.0,12928,13344,111.2,"void at::native::elementwise_kernel<(int)128, (int)2, void at::native::gpu_kernel_impl_nocast<at::native::<unnamed>::where_kernel_impl(at::TensorIterator &)::[lambda() (instance 1)]::operator ()() const::[lambda() (instance 11)]::operator ()() const::[lambda(bool, float, float) (instance 1)]>(at::TensorIteratorBase &, const T1 &)::[lambda(int) (instance 1)]>(int, T3)"
PyTorch:BasicsTransformerLM.layers.24,PushPop,30,30,12,24,154144,6422.7,6544.0,5536,7328,677.2,"void at::native::vectorized_elementwise_kernel<(int)4, at::native::BinaryFunctor<float, float, float, at::native::binary_internal::MulFunctor<float>>, std::array<char *, (unsigned long)3>>(int, T2, T3)"
PyTorch:BasicsTransformerLM.layers.24,PushPop,30,30,12,12,152896,12741.3,12720.0,12640,12864,60.8,"void at::native::elementwise_kernel<(int)128, (int)2, void at::native::gpu_kernel_impl_nocast<at::native::CUDAFunctor_add<float>>(at::TensorIteratorBase &, const T1 &)::[lambda(int) (instance 1)]>(int, T3)"
PyTorch:BasicsTransformerLM.layers.24,PushPop,30,30,12,24,144928,6038.7,6048.0,5920,6144,62.2,"void at::native::reduce_kernel<(int)512, (int)1, at::native::ReduceOp<float, at::native::MeanOps<float, float, float, float>, unsigned int, float, (int)4, (int)4>>(T3)"
PyTorch:BasicsTransformerLM.layers.24,PushPop,30,30,12,24,133600,5566.7,5520.0,4576,6720,968.8,"void at::native::elementwise_kernel<(int)128, (int)2, void at::native::gpu_kernel_impl_nocast<at::native::direct_copy_kernel_cuda(at::TensorIteratorBase &)::[lambda() (instance 3)]::operator ()() const::[lambda() (instance 7)]::operator ()() const::[lambda(float) (instance 1)]>(at::TensorIteratorBase &, const T1 &)::[lambda(int) (instance 1)]>(int, T3)"
PyTorch:BasicsTransformerLM.layers.24,PushPop,30,30,12,12,85120,7093.3,7072.0,7008,7232,81.1,"void at::native::reduce_kernel<(int)512, (int)1, at::native::ReduceOp<float, at::native::func_wrapper_t<float, at::native::sum_functor<float, float, float>::operator ()(at::TensorIterator &)::[lambda(float, float) (instance 1)]>, unsigned int, float, (int)4, (int)4>>(T3)"
PyTorch:BasicsTransformerLM.layers.24,PushPop,30,30,12,12,71712,5976.0,5840.0,5696,6624,314.8,"void at::native::vectorized_elementwise_kernel<(int)4, at::native::sigmoid_kernel_cuda(at::TensorIteratorBase &)::[lambda() (instance 2)]::operator ()() const::[lambda() (instance 2)]::operator ()() const::[lambda(float) (instance 1)], std::array<char *, (unsigned long)2>>(int, T2, T3)"
PyTorch:BasicsTransformerLM.layers.24,PushPop,30,30,12,12,63488,5290.7,5168.0,5024,5792,261.5,"void at::native::vectorized_elementwise_kernel<(int)4, at::native::exp_kernel_cuda(at::TensorIteratorBase &)::[lambda() (instance 2)]::operator ()() const::[lambda() (instance 2)]::operator ()() const::[lambda(float) (instance 1)], std::array<char *, (unsigned long)2>>(int, T2, T3)"
PyTorch:BasicsTransformerLM.layers.24,PushPop,30,30,12,12,60640,5053.3,4976.0,4896,5408,186.3,"void at::native::vectorized_elementwise_kernel<(int)4, at::native::BUnaryFunctor<float, float, float, at::native::binary_internal::MulFunctor<float>>, std::array<char *, (unsigned long)2>>(int, T2, T3)"
PyTorch:BasicsTransformerLM.layers.24,PushPop,30,30,12,24,59392,2474.7,2464.0,2304,2720,111.5,"void at::native::vectorized_elementwise_kernel<(int)4, void at::native::<unnamed>::pow_tensor_scalar_kernel_impl<float, float>(at::TensorIteratorBase &, T2)::[lambda(float) (instance 1)], std::array<char *, (unsigned long)2>>(int, T2, T3)"
PyTorch:BasicsTransformerLM.layers.24,PushPop,30,30,12,24,36576,1524.0,1568.0,1184,1856,134.7,"void at::native::vectorized_elementwise_kernel<(int)4, at::native::CUDAFunctorOnSelf_add<float>, std::array<char *, (unsigned long)2>>(int, T2, T3)"
PyTorch:BasicsTransformerLM.layers.24,PushPop,30,30,12,24,35648,1485.3,1472.0,1248,1696,98.9,"void at::native::vectorized_elementwise_kernel<(int)4, at::native::rsqrt_kernel_cuda(at::TensorIteratorBase &)::[lambda() (instance 2)]::operator ()() const::[lambda() (instance 2)]::operator ()() const::[lambda(float) (instance 1)], std::array<char *, (unsigned long)2>>(int, T2, T3)"
PyTorch:BasicsTransformerLM.layers.24,PushPop,30,30,12,12,31296,2608.0,2640.0,2432,2720,98.9,"void at::native::elementwise_kernel<(int)128, (int)4, void at::native::gpu_kernel_impl_nocast<at::native::<unnamed>::CompareFunctor<long>>(at::TensorIteratorBase &, const T1 &)::[lambda(int) (instance 1)]>(int, T3)"
PyTorch:BasicsTransformerLM.layers.24,PushPop,30,30,12,12,13088,1090.7,1104.0,928,1248,97.9,"void at::native::vectorized_elementwise_kernel<(int)4, at::native::FillFunctor<float>, std::array<char *, (unsigned long)1>>(int, T2, T3)"
PyTorch:BasicsTransformerLM.layers.24,PushPop,30,30,12,12,12992,1082.7,1024.0,960,1344,137.0,"void <unnamed>::elementwise_kernel_with_index<int, at::native::arange_cuda_out(const c10::Scalar &, const c10::Scalar &, const c10::Scalar &, at::Tensor &)::[lambda() (instance 1)]::operator ()() const::[lambda() (instance 4)]::operator ()() const::[lambda(long) (instance 1)]>(T1, T2, function_traits<T2>::result_type *)"
PyTorch:BasicsTransformerLM.layers.24.attn,PushPop,30,30,12,48,4513935,94040.3,93856.0,93311,97760,720.9,cutlass3x_sm100_simt_sgemm_f32_f32_f32_f32_f32_64x32x16_1x1x1_3_tnn_align1_bias_f32_relu
PyTorch:BasicsTransformerLM.layers.24.attn,PushPop,30,30,12,96,323583,3370.7,3440.0,3072,3680,161.0,"void at::native::elementwise_kernel<(int)128, (int)2, void at::native::gpu_kernel_impl_nocast<at::native::BinaryFunctor<float, float, float, at::native::binary_internal::MulFunctor<float>>>(at::TensorIteratorBase &, const T1 &)::[lambda(int) (instance 1)]>(int, T3)"
PyTorch:BasicsTransformerLM.layers.24.attn,PushPop,30,30,12,12,317376,26448.0,26848.0,24128,26976,986.4,cutlass3x_sm100_simt_sgemm_f32_f32_f32_f32_f32_128x64x16_1x1x1_3_tnn_align1_bias_f32_relu
PyTorch:BasicsTransformerLM.layers.24.attn,PushPop,30,30,12,12,254623,21218.6,21168.0,21120,21856,203.1,cutlass3x_sm100_simt_sgemm_f32_f32_f32_f32_f32_64x32x16_1x1x1_3_nnn_align1_bias_f32_relu
PyTorch:BasicsTransformerLM.layers.24.attn,PushPop,30,30,12,24,218240,9093.3,9088.0,8928,9344,126.1,"void at::native::<unnamed>::CatArrayBatchedCopy<at::native::<unnamed>::OpaqueType<(unsigned int)4>, unsigned int, (int)4, (int)64, (int)64>(T1 *, at::native::<unnamed>::CatArrInputTensorMetadata<T1, T2, T4, T5>, at::native::<unnamed>::TensorSizeStride<T2, (unsigned int)4>, int, T2)"
PyTorch:BasicsTransformerLM.layers.24.attn,PushPop,30,30,12,12,183488,15290.7,15232.0,15136,15616,153.1,"void at::native::elementwise_kernel<(int)128, (int)2, void at::native::gpu_kernel_impl_nocast<at::native::BinaryFunctor<float, float, float, at::native::binary_internal::DivFunctor<float>>>(at::TensorIteratorBase &, const T1 &)::[lambda(int) (instance 1)]>(int, T3)"
PyTorch:BasicsTransformerLM.layers.24.attn,PushPop,30,30,12,12,159262,13271.8,13152.0,13088,14560,408.3,"void at::native::reduce_kernel<(int)512, (int)1, at::native::ReduceOp<float, at::native::MaxOps<float>, unsigned int, float, (int)4, (int)4>>(T3)"
PyTorch:BasicsTransformerLM.layers.24.attn,PushPop,30,30,12,12,157950,13162.5,13152.0,12928,13344,111.2,"void at::native::elementwise_kernel<(int)128, (int)2, void at::native::gpu_kernel_impl_nocast<at::native::<unnamed>::where_kernel_impl(at::TensorIterator &)::[lambda() (instance 1)]::operator ()() const::[lambda() (instance 11)]::operator ()() const::[lambda(bool, float, float) (instance 1)]>(at::TensorIteratorBase &, const T1 &)::[lambda(int) (instance 1)]>(int, T3)"
PyTorch:BasicsTransformerLM.layers.24.attn,PushPop,30,30,12,12,152896,12741.3,12720.0,12640,12864,60.8,"void at::native::elementwise_kernel<(int)128, (int)2, void at::native::gpu_kernel_impl_nocast<at::native::CUDAFunctor_add<float>>(at::TensorIteratorBase &, const T1 &)::[lambda(int) (instance 1)]>(int, T3)"
PyTorch:BasicsTransformerLM.layers.24.attn,PushPop,30,30,12,24,133600,5566.7,5520.0,4576,6720,968.8,"void at::native::elementwise_kernel<(int)128, (int)2, void at::native::gpu_kernel_impl_nocast<at::native::direct_copy_kernel_cuda(at::TensorIteratorBase &)::[lambda() (instance 3)]::operator ()() const::[lambda() (instance 7)]::operator ()() const::[lambda(float) (instance 1)]>(at::TensorIteratorBase &, const T1 &)::[lambda(int) (instance 1)]>(int, T3)"
PyTorch:BasicsTransformerLM.layers.24.attn,PushPop,30,30,12,48,102304,2131.3,2144.0,1984,2208,61.5,"void at::native::vectorized_elementwise_kernel<(int)4, at::native::CUDAFunctor_add<float>, std::array<char *, (unsigned long)3>>(int, T2, T3)"
PyTorch:BasicsTransformerLM.layers.24.attn,PushPop,30,30,12,12,85120,7093.3,7072.0,7008,7232,81.1,"void at::native::reduce_kernel<(int)512, (int)1, at::native::ReduceOp<float, at::native::func_wrapper_t<float, at::native::sum_functor<float, float, float>::operator ()(at::TensorIterator &)::[lambda(float, float) (instance 1)]>, unsigned int, float, (int)4, (int)4>>(T3)"
PyTorch:BasicsTransformerLM.layers.24.attn,PushPop,30,30,12,12,63488,5290.7,5168.0,5024,5792,261.5,"void at::native::vectorized_elementwise_kernel<(int)4, at::native::exp_kernel_cuda(at::TensorIteratorBase &)::[lambda() (instance 2)]::operator ()() const::[lambda() (instance 2)]::operator ()() const::[lambda(float) (instance 1)], std::array<char *, (unsigned long)2>>(int, T2, T3)"
PyTorch:BasicsTransformerLM.layers.24.attn,PushPop,30,30,12,12,60640,5053.3,4976.0,4896,5408,186.3,"void at::native::vectorized_elementwise_kernel<(int)4, at::native::BUnaryFunctor<float, float, float, at::native::binary_internal::MulFunctor<float>>, std::array<char *, (unsigned long)2>>(int, T2, T3)"
PyTorch:BasicsTransformerLM.layers.24.attn,PushPop,30,30,12,12,31296,2608.0,2640.0,2432,2720,98.9,"void at::native::elementwise_kernel<(int)128, (int)4, void at::native::gpu_kernel_impl_nocast<at::native::<unnamed>::CompareFunctor<long>>(at::TensorIteratorBase &, const T1 &)::[lambda(int) (instance 1)]>(int, T3)"
PyTorch:BasicsTransformerLM.layers.24.attn,PushPop,30,30,12,12,13088,1090.7,1104.0,928,1248,97.9,"void at::native::vectorized_elementwise_kernel<(int)4, at::native::FillFunctor<float>, std::array<char *, (unsigned long)1>>(int, T2, T3)"
PyTorch:BasicsTransformerLM.layers.24.attn,PushPop,30,30,12,12,12992,1082.7,1024.0,960,1344,137.0,"void <unnamed>::elementwise_kernel_with_index<int, at::native::arange_cuda_out(const c10::Scalar &, const c10::Scalar &, const c10::Scalar &, at::Tensor &)::[lambda() (instance 1)]::operator ()() const::[lambda() (instance 4)]::operator ()() const::[lambda(long) (instance 1)]>(T1, T2, function_traits<T2>::result_type *)"
PyTorch:BasicsTransformerLM.layers.24.attn.k_proj,PushPop,30,30,12,12,1126524,93877.0,93792.0,93311,95200,466.9,cutlass3x_sm100_simt_sgemm_f32_f32_f32_f32_f32_64x32x16_1x1x1_3_tnn_align1_bias_f32_relu
PyTorch:BasicsTransformerLM.layers.24.attn.output_proj,PushPop,30,30,12,12,1135547,94628.9,94255.5,94079,97760,1017.3,cutlass3x_sm100_simt_sgemm_f32_f32_f32_f32_f32_64x32x16_1x1x1_3_tnn_align1_bias_f32_relu
PyTorch:BasicsTransformerLM.layers.24.attn.q_proj,PushPop,30,30,12,12,1126109,93842.4,93616.0,93376,95552,597.0,cutlass3x_sm100_simt_sgemm_f32_f32_f32_f32_f32_64x32x16_1x1x1_3_tnn_align1_bias_f32_relu
PyTorch:BasicsTransformerLM.layers.24.attn.v_proj,PushPop,30,30,12,12,1125755,93812.9,93791.5,93344,94591,324.0,cutlass3x_sm100_simt_sgemm_f32_f32_f32_f32_f32_64x32x16_1x1x1_3_tnn_align1_bias_f32_relu
PyTorch:BasicsTransformerLM.layers.24.ffn,PushPop,30,30,12,24,7517959,313248.3,312511.0,311775,322303,2643.2,cutlass3x_sm100_simt_sgemm_f32_f32_f32_f32_f32_64x128x16_1x1x1_3_tnn_align1_bias_f32_relu
PyTorch:BasicsTransformerLM.layers.24.ffn,PushPop,30,30,12,12,4334353,361196.1,360655.0,359934,368031,2190.4,cutlass3x_sm100_simt_sgemm_f32_f32_f32_f32_f32_64x32x16_1x1x1_3_tnn_align1_bias_f32_relu
PyTorch:BasicsTransformerLM.layers.24.ffn,PushPop,30,30,12,24,154144,6422.7,6544.0,5536,7328,677.2,"void at::native::vectorized_elementwise_kernel<(int)4, at::native::BinaryFunctor<float, float, float, at::native::binary_internal::MulFunctor<float>>, std::array<char *, (unsigned long)3>>(int, T2, T3)"
PyTorch:BasicsTransformerLM.layers.24.ffn,PushPop,30,30,12,12,71712,5976.0,5840.0,5696,6624,314.8,"void at::native::vectorized_elementwise_kernel<(int)4, at::native::sigmoid_kernel_cuda(at::TensorIteratorBase &)::[lambda() (instance 2)]::operator ()() const::[lambda() (instance 2)]::operator ()() const::[lambda(float) (instance 1)], std::array<char *, (unsigned long)2>>(int, T2, T3)"
PyTorch:BasicsTransformerLM.layers.24.ffn.w1,PushPop,30,30,12,12,3761108,313425.7,312703.0,312127,322303,2812.8,cutlass3x_sm100_simt_sgemm_f32_f32_f32_f32_f32_64x128x16_1x1x1_3_tnn_align1_bias_f32_relu
PyTorch:BasicsTransformerLM.layers.24.ffn.w2,PushPop,30,30,12,12,4334353,361196.1,360655.0,359934,368031,2190.4,cutlass3x_sm100_simt_sgemm_f32_f32_f32_f32_f32_64x32x16_1x1x1_3_tnn_align1_bias_f32_relu
PyTorch:BasicsTransformerLM.layers.24.ffn.w3,PushPop,30,30,12,12,3756851,313070.9,312335.0,311775,321183,2574.5,cutlass3x_sm100_simt_sgemm_f32_f32_f32_f32_f32_64x128x16_1x1x1_3_tnn_align1_bias_f32_relu
PyTorch:BasicsTransformerLM.layers.24.ln1,PushPop,30,30,12,24,111072,4628.0,4608.0,4544,4800,67.9,"void at::native::elementwise_kernel<(int)128, (int)2, void at::native::gpu_kernel_impl_nocast<at::native::BinaryFunctor<float, float, float, at::native::binary_internal::MulFunctor<float>>>(at::TensorIteratorBase &, const T1 &)::[lambda(int) (instance 1)]>(int, T3)"
PyTorch:BasicsTransformerLM.layers.24.ln1,PushPop,30,30,12,12,72256,6021.3,6000.0,5920,6144,75.8,"void at::native::reduce_kernel<(int)512, (int)1, at::native::ReduceOp<float, at::native::MeanOps<float, float, float, float>, unsigned int, float, (int)4, (int)4>>(T3)"
PyTorch:BasicsTransformerLM.layers.24.ln1,PushPop,30,30,12,12,29792,2482.7,2464.0,2304,2720,107.0,"void at::native::vectorized_elementwise_kernel<(int)4, void at::native::<unnamed>::pow_tensor_scalar_kernel_impl<float, float>(at::TensorIteratorBase &, T2)::[lambda(float) (instance 1)], std::array<char *, (unsigned long)2>>(int, T2, T3)"
PyTorch:BasicsTransformerLM.layers.24.ln1,PushPop,30,30,12,12,18720,1560.0,1568.0,1280,1856,137.2,"void at::native::vectorized_elementwise_kernel<(int)4, at::native::CUDAFunctorOnSelf_add<float>, std::array<char *, (unsigned long)2>>(int, T2, T3)"
PyTorch:BasicsTransformerLM.layers.24.ln1,PushPop,30,30,12,12,17888,1490.7,1472.0,1280,1600,87.9,"void at::native::vectorized_elementwise_kernel<(int)4, at::native::rsqrt_kernel_cuda(at::TensorIteratorBase &)::[lambda() (instance 2)]::operator ()() const::[lambda() (instance 2)]::operator ()() const::[lambda(float) (instance 1)], std::array<char *, (unsigned long)2>>(int, T2, T3)"
PyTorch:BasicsTransformerLM.layers.24.ln2,PushPop,30,30,12,24,113823,4742.6,4752.0,4608,4928,88.5,"void at::native::elementwise_kernel<(int)128, (int)2, void at::native::gpu_kernel_impl_nocast<at::native::BinaryFunctor<float, float, float, at::native::binary_internal::MulFunctor<float>>>(at::TensorIteratorBase &, const T1 &)::[lambda(int) (instance 1)]>(int, T3)"
PyTorch:BasicsTransformerLM.layers.24.ln2,PushPop,30,30,12,12,72672,6056.0,6048.0,5984,6112,41.2,"void at::native::reduce_kernel<(int)512, (int)1, at::native::ReduceOp<float, at::native::MeanOps<float, float, float, float>, unsigned int, float, (int)4, (int)4>>(T3)"
PyTorch:BasicsTransformerLM.layers.24.ln2,PushPop,30,30,12,12,29600,2466.7,2432.0,2336,2688,120.1,"void at::native::vectorized_elementwise_kernel<(int)4, void at::native::<unnamed>::pow_tensor_scalar_kernel_impl<float, float>(at::TensorIteratorBase &, T2)::[lambda(float) (instance 1)], std::array<char *, (unsigned long)2>>(int, T2, T3)"
PyTorch:BasicsTransformerLM.layers.24.ln2,PushPop,30,30,12,12,17856,1488.0,1536.0,1184,1600,127.6,"void at::native::vectorized_elementwise_kernel<(int)4, at::native::CUDAFunctorOnSelf_add<float>, std::array<char *, (unsigned long)2>>(int, T2, T3)"
PyTorch:BasicsTransformerLM.layers.24.ln2,PushPop,30,30,12,12,17760,1480.0,1472.0,1248,1696,112.6,"void at::native::vectorized_elementwise_kernel<(int)4, at::native::rsqrt_kernel_cuda(at::TensorIteratorBase &)::[lambda() (instance 2)]::operator ()() const::[lambda() (instance 2)]::operator ()() const::[lambda(float) (instance 1)], std::array<char *, (unsigned long)2>>(int, T2, T3)"
PyTorch:BasicsTransformerLM.layers.25,PushPop,30,30,12,60,8848832,147480.5,93983.5,93439,368127,107766.0,cutlass3x_sm100_simt_sgemm_f32_f32_f32_f32_f32_64x32x16_1x1x1_3_tnn_align1_bias_f32_relu
PyTorch:BasicsTransformerLM.layers.25,PushPop,30,30,12,24,7516744,313197.7,312495.0,311839,322591,2555.6,cutlass3x_sm100_simt_sgemm_f32_f32_f32_f32_f32_64x128x16_1x1x1_3_tnn_align1_bias_f32_relu
PyTorch:BasicsTransformerLM.layers.25,PushPop,30,30,12,144,553758,3845.5,3488.0,3104,4896,620.5,"void at::native::elementwise_kernel<(int)128, (int)2, void at::native::gpu_kernel_impl_nocast<at::native::BinaryFunctor<float, float, float, at::native::binary_internal::MulFunctor<float>>>(at::TensorIteratorBase &, const T1 &)::[lambda(int) (instance 1)]>(int, T3)"
PyTorch:BasicsTransformerLM.layers.25,PushPop,30,30,12,12,323168,26930.7,26784.0,26656,28608,530.5,cutlass3x_sm100_simt_sgemm_f32_f32_f32_f32_f32_128x64x16_1x1x1_3_tnn_align1_bias_f32_relu
PyTorch:BasicsTransformerLM.layers.25,PushPop,30,30,12,12,253471,21122.6,21072.0,20960,21728,212.9,cutlass3x_sm100_simt_sgemm_f32_f32_f32_f32_f32_64x32x16_1x1x1_3_nnn_align1_bias_f32_relu
PyTorch:BasicsTransformerLM.layers.25,PushPop,30,30,12,24,217536,9064.0,9056.0,8864,9280,126.7,"void at::native::<unnamed>::CatArrayBatchedCopy<at::native::<unnamed>::OpaqueType<(unsigned int)4>, unsigned int, (int)4, (int)64, (int)64>(T1 *, at::native::<unnamed>::CatArrInputTensorMetadata<T1, T2, T4, T5>, at::native::<unnamed>::TensorSizeStride<T2, (unsigned int)4>, int, T2)"
PyTorch:BasicsTransformerLM.layers.25,PushPop,30,30,12,12,183840,15320.0,15280.0,15168,15808,178.0,"void at::native::elementwise_kernel<(int)128, (int)2, void at::native::gpu_kernel_impl_nocast<at::native::BinaryFunctor<float, float, float, at::native::binary_internal::DivFunctor<float>>>(at::TensorIteratorBase &, const T1 &)::[lambda(int) (instance 1)]>(int, T3)"
PyTorch:BasicsTransformerLM.layers.25,PushPop,30,30,12,72,181856,2525.8,2144.0,1952,3584,612.9,"void at::native::vectorized_elementwise_kernel<(int)4, at::native::CUDAFunctor_add<float>, std::array<char *, (unsigned long)3>>(int, T2, T3)"
PyTorch:BasicsTransformerLM.layers.25,PushPop,30,30,12,12,158687,13223.9,13104.0,13024,14400,377.2,"void at::native::reduce_kernel<(int)512, (int)1, at::native::ReduceOp<float, at::native::MaxOps<float>, unsigned int, float, (int)4, (int)4>>(T3)"
PyTorch:BasicsTransformerLM.layers.25,PushPop,30,30,12,12,158111,13175.9,13184.0,12992,13344,111.8,"void at::native::elementwise_kernel<(int)128, (int)2, void at::native::gpu_kernel_impl_nocast<at::native::<unnamed>::where_kernel_impl(at::TensorIterator &)::[lambda() (instance 1)]::operator ()() const::[lambda() (instance 11)]::operator ()() const::[lambda(bool, float, float) (instance 1)]>(at::TensorIteratorBase &, const T1 &)::[lambda(int) (instance 1)]>(int, T3)"
PyTorch:BasicsTransformerLM.layers.25,PushPop,30,30,12,24,154976,6457.3,6560.0,5536,7392,692.8,"void at::native::vectorized_elementwise_kernel<(int)4, at::native::BinaryFunctor<float, float, float, at::native::binary_internal::MulFunctor<float>>, std::array<char *, (unsigned long)3>>(int, T2, T3)"
PyTorch:BasicsTransformerLM.layers.25,PushPop,30,30,12,12,152448,12704.0,12688.0,12640,12800,52.8,"void at::native::elementwise_kernel<(int)128, (int)2, void at::native::gpu_kernel_impl_nocast<at::native::CUDAFunctor_add<float>>(at::TensorIteratorBase &, const T1 &)::[lambda(int) (instance 1)]>(int, T3)"
PyTorch:BasicsTransformerLM.layers.25,PushPop,30,30,12,24,145760,6073.3,6080.0,6016,6176,52.5,"void at::native::reduce_kernel<(int)512, (int)1, at::native::ReduceOp<float, at::native::MeanOps<float, float, float, float>, unsigned int, float, (int)4, (int)4>>(T3)"
PyTorch:BasicsTransformerLM.layers.25,PushPop,30,30,12,24,135519,5646.6,5792.0,4608,6816,987.1,"void at::native::elementwise_kernel<(int)128, (int)2, void at::native::gpu_kernel_impl_nocast<at::native::direct_copy_kernel_cuda(at::TensorIteratorBase &)::[lambda() (instance 3)]::operator ()() const::[lambda() (instance 7)]::operator ()() const::[lambda(float) (instance 1)]>(at::TensorIteratorBase &, const T1 &)::[lambda(int) (instance 1)]>(int, T3)"
PyTorch:BasicsTransformerLM.layers.25,PushPop,30,30,12,12,84384,7032.0,7040.0,6912,7168,72.4,"void at::native::reduce_kernel<(int)512, (int)1, at::native::ReduceOp<float, at::native::func_wrapper_t<float, at::native::sum_functor<float, float, float>::operator ()(at::TensorIterator &)::[lambda(float, float) (instance 1)]>, unsigned int, float, (int)4, (int)4>>(T3)"
PyTorch:BasicsTransformerLM.layers.25,PushPop,30,30,12,12,70656,5888.0,5792.0,5696,6464,251.2,"void at::native::vectorized_elementwise_kernel<(int)4, at::native::sigmoid_kernel_cuda(at::TensorIteratorBase &)::[lambda() (instance 2)]::operator ()() const::[lambda() (instance 2)]::operator ()() const::[lambda(float) (instance 1)], std::array<char *, (unsigned long)2>>(int, T2, T3)"
PyTorch:BasicsTransformerLM.layers.25,PushPop,30,30,12,12,63648,5304.0,5232.0,5056,5728,212.3,"void at::native::vectorized_elementwise_kernel<(int)4, at::native::exp_kernel_cuda(at::TensorIteratorBase &)::[lambda() (instance 2)]::operator ()() const::[lambda() (instance 2)]::operator ()() const::[lambda(float) (instance 1)], std::array<char *, (unsigned long)2>>(int, T2, T3)"
PyTorch:BasicsTransformerLM.layers.25,PushPop,30,30,12,12,61632,5136.0,5088.0,4960,5568,189.3,"void at::native::vectorized_elementwise_kernel<(int)4, at::native::BUnaryFunctor<float, float, float, at::native::binary_internal::MulFunctor<float>>, std::array<char *, (unsigned long)2>>(int, T2, T3)"
PyTorch:BasicsTransformerLM.layers.25,PushPop,30,30,12,24,59327,2472.0,2464.0,2336,2847,115.1,"void at::native::vectorized_elementwise_kernel<(int)4, void at::native::<unnamed>::pow_tensor_scalar_kernel_impl<float, float>(at::TensorIteratorBase &, T2)::[lambda(float) (instance 1)], std::array<char *, (unsigned long)2>>(int, T2, T3)"
PyTorch:BasicsTransformerLM.layers.25,PushPop,30,30,12,24,35424,1476.0,1536.0,1152,1792,162.2,"void at::native::vectorized_elementwise_kernel<(int)4, at::native::CUDAFunctorOnSelf_add<float>, std::array<char *, (unsigned long)2>>(int, T2, T3)"
PyTorch:BasicsTransformerLM.layers.25,PushPop,30,30,12,24,34814,1450.6,1472.0,1280,1568,76.4,"void at::native::vectorized_elementwise_kernel<(int)4, at::native::rsqrt_kernel_cuda(at::TensorIteratorBase &)::[lambda() (instance 2)]::operator ()() const::[lambda() (instance 2)]::operator ()() const::[lambda(float) (instance 1)], std::array<char *, (unsigned long)2>>(int, T2, T3)"
PyTorch:BasicsTransformerLM.layers.25,PushPop,30,30,12,12,31168,2597.3,2576.0,2496,2784,87.2,"void at::native::elementwise_kernel<(int)128, (int)4, void at::native::gpu_kernel_impl_nocast<at::native::<unnamed>::CompareFunctor<long>>(at::TensorIteratorBase &, const T1 &)::[lambda(int) (instance 1)]>(int, T3)"
PyTorch:BasicsTransformerLM.layers.25,PushPop,30,30,12,12,13472,1122.7,1104.0,960,1504,152.2,"void at::native::vectorized_elementwise_kernel<(int)4, at::native::FillFunctor<float>, std::array<char *, (unsigned long)1>>(int, T2, T3)"
PyTorch:BasicsTransformerLM.layers.25,PushPop,30,30,12,12,13120,1093.3,1024.0,960,1440,138.4,"void <unnamed>::elementwise_kernel_with_index<int, at::native::arange_cuda_out(const c10::Scalar &, const c10::Scalar &, const c10::Scalar &, at::Tensor &)::[lambda() (instance 1)]::operator ()() const::[lambda() (instance 4)]::operator ()() const::[lambda(long) (instance 1)]>(T1, T2, function_traits<T2>::result_type *)"
PyTorch:BasicsTransformerLM.layers.25.attn,PushPop,30,30,12,48,4514477,94051.6,93807.5,93439,97792,715.3,cutlass3x_sm100_simt_sgemm_f32_f32_f32_f32_f32_64x32x16_1x1x1_3_tnn_align1_bias_f32_relu
PyTorch:BasicsTransformerLM.layers.25.attn,PushPop,30,30,12,96,328030,3417.0,3456.0,3104,3936,144.0,"void at::native::elementwise_kernel<(int)128, (int)2, void at::native::gpu_kernel_impl_nocast<at::native::BinaryFunctor<float, float, float, at::native::binary_internal::MulFunctor<float>>>(at::TensorIteratorBase &, const T1 &)::[lambda(int) (instance 1)]>(int, T3)"
PyTorch:BasicsTransformerLM.layers.25.attn,PushPop,30,30,12,12,323168,26930.7,26784.0,26656,28608,530.5,cutlass3x_sm100_simt_sgemm_f32_f32_f32_f32_f32_128x64x16_1x1x1_3_tnn_align1_bias_f32_relu
PyTorch:BasicsTransformerLM.layers.25.attn,PushPop,30,30,12,12,253471,21122.6,21072.0,20960,21728,212.9,cutlass3x_sm100_simt_sgemm_f32_f32_f32_f32_f32_64x32x16_1x1x1_3_nnn_align1_bias_f32_relu
PyTorch:BasicsTransformerLM.layers.25.attn,PushPop,30,30,12,24,217536,9064.0,9056.0,8864,9280,126.7,"void at::native::<unnamed>::CatArrayBatchedCopy<at::native::<unnamed>::OpaqueType<(unsigned int)4>, unsigned int, (int)4, (int)64, (int)64>(T1 *, at::native::<unnamed>::CatArrInputTensorMetadata<T1, T2, T4, T5>, at::native::<unnamed>::TensorSizeStride<T2, (unsigned int)4>, int, T2)"
PyTorch:BasicsTransformerLM.layers.25.attn,PushPop,30,30,12,12,183840,15320.0,15280.0,15168,15808,178.0,"void at::native::elementwise_kernel<(int)128, (int)2, void at::native::gpu_kernel_impl_nocast<at::native::BinaryFunctor<float, float, float, at::native::binary_internal::DivFunctor<float>>>(at::TensorIteratorBase &, const T1 &)::[lambda(int) (instance 1)]>(int, T3)"
PyTorch:BasicsTransformerLM.layers.25.attn,PushPop,30,30,12,12,158687,13223.9,13104.0,13024,14400,377.2,"void at::native::reduce_kernel<(int)512, (int)1, at::native::ReduceOp<float, at::native::MaxOps<float>, unsigned int, float, (int)4, (int)4>>(T3)"
PyTorch:BasicsTransformerLM.layers.25.attn,PushPop,30,30,12,12,158111,13175.9,13184.0,12992,13344,111.8,"void at::native::elementwise_kernel<(int)128, (int)2, void at::native::gpu_kernel_impl_nocast<at::native::<unnamed>::where_kernel_impl(at::TensorIterator &)::[lambda() (instance 1)]::operator ()() const::[lambda() (instance 11)]::operator ()() const::[lambda(bool, float, float) (instance 1)]>(at::TensorIteratorBase &, const T1 &)::[lambda(int) (instance 1)]>(int, T3)"
PyTorch:BasicsTransformerLM.layers.25.attn,PushPop,30,30,12,12,152448,12704.0,12688.0,12640,12800,52.8,"void at::native::elementwise_kernel<(int)128, (int)2, void at::native::gpu_kernel_impl_nocast<at::native::CUDAFunctor_add<float>>(at::TensorIteratorBase &, const T1 &)::[lambda(int) (instance 1)]>(int, T3)"
PyTorch:BasicsTransformerLM.layers.25.attn,PushPop,30,30,12,24,135519,5646.6,5792.0,4608,6816,987.1,"void at::native::elementwise_kernel<(int)128, (int)2, void at::native::gpu_kernel_impl_nocast<at::native::direct_copy_kernel_cuda(at::TensorIteratorBase &)::[lambda() (instance 3)]::operator ()() const::[lambda() (instance 7)]::operator ()() const::[lambda(float) (instance 1)]>(at::TensorIteratorBase &, const T1 &)::[lambda(int) (instance 1)]>(int, T3)"
PyTorch:BasicsTransformerLM.layers.25.attn,PushPop,30,30,12,48,100800,2100.0,2080.0,1952,2272,72.2,"void at::native::vectorized_elementwise_kernel<(int)4, at::native::CUDAFunctor_add<float>, std::array<char *, (unsigned long)3>>(int, T2, T3)"
PyTorch:BasicsTransformerLM.layers.25.attn,PushPop,30,30,12,12,84384,7032.0,7040.0,6912,7168,72.4,"void at::native::reduce_kernel<(int)512, (int)1, at::native::ReduceOp<float, at::native::func_wrapper_t<float, at::native::sum_functor<float, float, float>::operator ()(at::TensorIterator &)::[lambda(float, float) (instance 1)]>, unsigned int, float, (int)4, (int)4>>(T3)"
PyTorch:BasicsTransformerLM.layers.25.attn,PushPop,30,30,12,12,63648,5304.0,5232.0,5056,5728,212.3,"void at::native::vectorized_elementwise_kernel<(int)4, at::native::exp_kernel_cuda(at::TensorIteratorBase &)::[lambda() (instance 2)]::operator ()() const::[lambda() (instance 2)]::operator ()() const::[lambda(float) (instance 1)], std::array<char *, (unsigned long)2>>(int, T2, T3)"
PyTorch:BasicsTransformerLM.layers.25.attn,PushPop,30,30,12,12,61632,5136.0,5088.0,4960,5568,189.3,"void at::native::vectorized_elementwise_kernel<(int)4, at::native::BUnaryFunctor<float, float, float, at::native::binary_internal::MulFunctor<float>>, std::array<char *, (unsigned long)2>>(int, T2, T3)"
PyTorch:BasicsTransformerLM.layers.25.attn,PushPop,30,30,12,12,31168,2597.3,2576.0,2496,2784,87.2,"void at::native::elementwise_kernel<(int)128, (int)4, void at::native::gpu_kernel_impl_nocast<at::native::<unnamed>::CompareFunctor<long>>(at::TensorIteratorBase &, const T1 &)::[lambda(int) (instance 1)]>(int, T3)"
PyTorch:BasicsTransformerLM.layers.25.attn,PushPop,30,30,12,12,13472,1122.7,1104.0,960,1504,152.2,"void at::native::vectorized_elementwise_kernel<(int)4, at::native::FillFunctor<float>, std::array<char *, (unsigned long)1>>(int, T2, T3)"
PyTorch:BasicsTransformerLM.layers.25.attn,PushPop,30,30,12,12,13120,1093.3,1024.0,960,1440,138.4,"void <unnamed>::elementwise_kernel_with_index<int, at::native::arange_cuda_out(const c10::Scalar &, const c10::Scalar &, const c10::Scalar &, at::Tensor &)::[lambda() (instance 1)]::operator ()() const::[lambda() (instance 4)]::operator ()() const::[lambda(long) (instance 1)]>(T1, T2, function_traits<T2>::result_type *)"
PyTorch:BasicsTransformerLM.layers.25.attn.k_proj,PushPop,30,30,12,12,1125789,93815.8,93712.0,93504,95135,429.3,cutlass3x_sm100_simt_sgemm_f32_f32_f32_f32_f32_64x32x16_1x1x1_3_tnn_align1_bias_f32_relu
PyTorch:BasicsTransformerLM.layers.25.attn.output_proj,PushPop,30,30,12,12,1135514,94626.2,94383.0,93984,97792,1006.4,cutlass3x_sm100_simt_sgemm_f32_f32_f32_f32_f32_64x32x16_1x1x1_3_tnn_align1_bias_f32_relu
PyTorch:BasicsTransformerLM.layers.25.attn.q_proj,PushPop,30,30,12,12,1126428,93869.0,93696.0,93439,95008,462.4,cutlass3x_sm100_simt_sgemm_f32_f32_f32_f32_f32_64x32x16_1x1x1_3_tnn_align1_bias_f32_relu
PyTorch:BasicsTransformerLM.layers.25.attn.v_proj,PushPop,30,30,12,12,1126746,93895.5,93695.5,93504,95424,539.9,cutlass3x_sm100_simt_sgemm_f32_f32_f32_f32_f32_64x32x16_1x1x1_3_tnn_align1_bias_f32_relu
PyTorch:BasicsTransformerLM.layers.25.ffn,PushPop,30,30,12,24,7516744,313197.7,312495.0,311839,322591,2555.6,cutlass3x_sm100_simt_sgemm_f32_f32_f32_f32_f32_64x128x16_1x1x1_3_tnn_align1_bias_f32_relu
PyTorch:BasicsTransformerLM.layers.25.ffn,PushPop,30,30,12,12,4334355,361196.3,360479.0,359775,368127,2277.8,cutlass3x_sm100_simt_sgemm_f32_f32_f32_f32_f32_64x32x16_1x1x1_3_tnn_align1_bias_f32_relu
PyTorch:BasicsTransformerLM.layers.25.ffn,PushPop,30,30,12,24,154976,6457.3,6560.0,5536,7392,692.8,"void at::native::vectorized_elementwise_kernel<(int)4, at::native::BinaryFunctor<float, float, float, at::native::binary_internal::MulFunctor<float>>, std::array<char *, (unsigned long)3>>(int, T2, T3)"
PyTorch:BasicsTransformerLM.layers.25.ffn,PushPop,30,30,12,12,70656,5888.0,5792.0,5696,6464,251.2,"void at::native::vectorized_elementwise_kernel<(int)4, at::native::sigmoid_kernel_cuda(at::TensorIteratorBase &)::[lambda() (instance 2)]::operator ()() const::[lambda() (instance 2)]::operator ()() const::[lambda(float) (instance 1)], std::array<char *, (unsigned long)2>>(int, T2, T3)"
PyTorch:BasicsTransformerLM.layers.25.ffn.w1,PushPop,30,30,12,12,3760980,313415.0,312559.0,312127,322591,2907.1,cutlass3x_sm100_simt_sgemm_f32_f32_f32_f32_f32_64x128x16_1x1x1_3_tnn_align1_bias_f32_relu
PyTorch:BasicsTransformerLM.layers.25.ffn.w2,PushPop,30,30,12,12,4334355,361196.3,360479.0,359775,368127,2277.8,cutlass3x_sm100_simt_sgemm_f32_f32_f32_f32_f32_64x32x16_1x1x1_3_tnn_align1_bias_f32_relu
PyTorch:BasicsTransformerLM.layers.25.ffn.w3,PushPop,30,30,12,12,3755764,312980.3,312447.0,311839,320095,2258.7,cutlass3x_sm100_simt_sgemm_f32_f32_f32_f32_f32_64x128x16_1x1x1_3_tnn_align1_bias_f32_relu
PyTorch:BasicsTransformerLM.layers.25.ln1,PushPop,30,30,12,24,112576,4690.7,4672.0,4608,4832,53.3,"void at::native::elementwise_kernel<(int)128, (int)2, void at::native::gpu_kernel_impl_nocast<at::native::BinaryFunctor<float, float, float, at::native::binary_internal::MulFunctor<float>>>(at::TensorIteratorBase &, const T1 &)::[lambda(int) (instance 1)]>(int, T3)"
PyTorch:BasicsTransformerLM.layers.25.ln1,PushPop,30,30,12,12,72960,6080.0,6064.0,6016,6176,68.2,"void at::native::reduce_kernel<(int)512, (int)1, at::native::ReduceOp<float, at::native::MeanOps<float, float, float, float>, unsigned int, float, (int)4, (int)4>>(T3)"
PyTorch:BasicsTransformerLM.layers.25.ln1,PushPop,30,30,12,12,30079,2506.6,2464.0,2336,2847,133.0,"void at::native::vectorized_elementwise_kernel<(int)4, void at::native::<unnamed>::pow_tensor_scalar_kernel_impl<float, float>(at::TensorIteratorBase &, T2)::[lambda(float) (instance 1)], std::array<char *, (unsigned long)2>>(int, T2, T3)"
PyTorch:BasicsTransformerLM.layers.25.ln1,PushPop,30,30,12,12,17472,1456.0,1440.0,1184,1792,183.8,"void at::native::vectorized_elementwise_kernel<(int)4, at::native::CUDAFunctorOnSelf_add<float>, std::array<char *, (unsigned long)2>>(int, T2, T3)"
PyTorch:BasicsTransformerLM.layers.25.ln1,PushPop,30,30,12,12,17375,1447.9,1472.0,1280,1568,88.5,"void at::native::vectorized_elementwise_kernel<(int)4, at::native::rsqrt_kernel_cuda(at::TensorIteratorBase &)::[lambda() (instance 2)]::operator ()() const::[lambda() (instance 2)]::operator ()() const::[lambda(float) (instance 1)], std::array<char *, (unsigned long)2>>(int, T2, T3)"
PyTorch:BasicsTransformerLM.layers.25.ln2,PushPop,30,30,12,24,113152,4714.7,4736.0,4576,4896,71.0,"void at::native::elementwise_kernel<(int)128, (int)2, void at::native::gpu_kernel_impl_nocast<at::native::BinaryFunctor<float, float, float, at::native::binary_internal::MulFunctor<float>>>(at::TensorIteratorBase &, const T1 &)::[lambda(int) (instance 1)]>(int, T3)"
PyTorch:BasicsTransformerLM.layers.25.ln2,PushPop,30,30,12,12,72800,6066.7,6080.0,6016,6112,31.9,"void at::native::reduce_kernel<(int)512, (int)1, at::native::ReduceOp<float, at::native::MeanOps<float, float, float, float>, unsigned int, float, (int)4, (int)4>>(T3)"
PyTorch:BasicsTransformerLM.layers.25.ln2,PushPop,30,30,12,12,29248,2437.3,2432.0,2336,2624,86.1,"void at::native::vectorized_elementwise_kernel<(int)4, void at::native::<unnamed>::pow_tensor_scalar_kernel_impl<float, float>(at::TensorIteratorBase &, T2)::[lambda(float) (instance 1)], std::array<char *, (unsigned long)2>>(int, T2, T3)"
PyTorch:BasicsTransformerLM.layers.25.ln2,PushPop,30,30,12,12,17952,1496.0,1552.0,1152,1664,142.5,"void at::native::vectorized_elementwise_kernel<(int)4, at::native::CUDAFunctorOnSelf_add<float>, std::array<char *, (unsigned long)2>>(int, T2, T3)"
PyTorch:BasicsTransformerLM.layers.25.ln2,PushPop,30,30,12,12,17439,1453.3,1456.0,1280,1568,66.1,"void at::native::vectorized_elementwise_kernel<(int)4, at::native::rsqrt_kernel_cuda(at::TensorIteratorBase &)::[lambda() (instance 2)]::operator ()() const::[lambda() (instance 2)]::operator ()() const::[lambda(float) (instance 1)], std::array<char *, (unsigned long)2>>(int, T2, T3)"
PyTorch:BasicsTransformerLM.layers.26,PushPop,30,30,12,60,8843134,147385.6,93951.5,93407,368255,107666.2,cutlass3x_sm100_simt_sgemm_f32_f32_f32_f32_f32_64x32x16_1x1x1_3_tnn_align1_bias_f32_relu
PyTorch:BasicsTransformerLM.layers.26,PushPop,30,30,12,24,7518728,313280.3,312367.0,312063,321951,2573.3,cutlass3x_sm100_simt_sgemm_f32_f32_f32_f32_f32_64x128x16_1x1x1_3_tnn_align1_bias_f32_relu
PyTorch:BasicsTransformerLM.layers.26,PushPop,30,30,12,144,548767,3810.9,3488.0,3104,4960,635.1,"void at::native::elementwise_kernel<(int)128, (int)2, void at::native::gpu_kernel_impl_nocast<at::native::BinaryFunctor<float, float, float, at::native::binary_internal::MulFunctor<float>>>(at::TensorIteratorBase &, const T1 &)::[lambda(int) (instance 1)]>(int, T3)"
PyTorch:BasicsTransformerLM.layers.26,PushPop,30,30,12,12,322750,26895.8,26848.0,26752,27359,161.0,cutlass3x_sm100_simt_sgemm_f32_f32_f32_f32_f32_128x64x16_1x1x1_3_tnn_align1_bias_f32_relu
PyTorch:BasicsTransformerLM.layers.26,PushPop,30,30,12,12,254560,21213.3,21168.0,21088,21760,178.7,cutlass3x_sm100_simt_sgemm_f32_f32_f32_f32_f32_64x32x16_1x1x1_3_nnn_align1_bias_f32_relu
PyTorch:BasicsTransformerLM.layers.26,PushPop,30,30,12,24,218079,9086.6,9056.0,8896,9408,123.6,"void at::native::<unnamed>::CatArrayBatchedCopy<at::native::<unnamed>::OpaqueType<(unsigned int)4>, unsigned int, (int)4, (int)64, (int)64>(T1 *, at::native::<unnamed>::CatArrInputTensorMetadata<T1, T2, T4, T5>, at::native::<unnamed>::TensorSizeStride<T2, (unsigned int)4>, int, T2)"
PyTorch:BasicsTransformerLM.layers.26,PushPop,30,30,12,12,183359,15279.9,15232.0,15136,15551,123.0,"void at::native::elementwise_kernel<(int)128, (int)2, void at::native::gpu_kernel_impl_nocast<at::native::BinaryFunctor<float, float, float, at::native::binary_internal::DivFunctor<float>>>(at::TensorIteratorBase &, const T1 &)::[lambda(int) (instance 1)]>(int, T3)"
PyTorch:BasicsTransformerLM.layers.26,PushPop,30,30,12,72,183168,2544.0,2176.0,1984,3776,594.5,"void at::native::vectorized_elementwise_kernel<(int)4, at::native::CUDAFunctor_add<float>, std::array<char *, (unsigned long)3>>(int, T2, T3)"
PyTorch:BasicsTransformerLM.layers.26,PushPop,30,30,12,12,158144,13178.7,13152.0,13120,13312,70.7,"void at::native::elementwise_kernel<(int)128, (int)2, void at::native::gpu_kernel_impl_nocast<at::native::<unnamed>::where_kernel_impl(at::TensorIterator &)::[lambda() (instance 1)]::operator ()() const::[lambda() (instance 11)]::operator ()() const::[lambda(bool, float, float) (instance 1)]>(at::TensorIteratorBase &, const T1 &)::[lambda(int) (instance 1)]>(int, T3)"
PyTorch:BasicsTransformerLM.layers.26,PushPop,30,30,12,12,158079,13173.3,13152.0,13056,13312,78.7,"void at::native::reduce_kernel<(int)512, (int)1, at::native::ReduceOp<float, at::native::MaxOps<float>, unsigned int, float, (int)4, (int)4>>(T3)"
PyTorch:BasicsTransformerLM.layers.26,PushPop,30,30,12,24,154558,6439.9,6608.0,5504,7648,758.9,"void at::native::vectorized_elementwise_kernel<(int)4, at::native::BinaryFunctor<float, float, float, at::native::binary_internal::MulFunctor<float>>, std::array<char *, (unsigned long)3>>(int, T2, T3)"
PyTorch:BasicsTransformerLM.layers.26,PushPop,30,30,12,12,152448,12704.0,12704.0,12640,12768,38.6,"void at::native::elementwise_kernel<(int)128, (int)2, void at::native::gpu_kernel_impl_nocast<at::native::CUDAFunctor_add<float>>(at::TensorIteratorBase &, const T1 &)::[lambda(int) (instance 1)]>(int, T3)"
PyTorch:BasicsTransformerLM.layers.26,PushPop,30,30,12,24,145312,6054.7,6048.0,5952,6176,51.7,"void at::native::reduce_kernel<(int)512, (int)1, at::native::ReduceOp<float, at::native::MeanOps<float, float, float, float>, unsigned int, float, (int)4, (int)4>>(T3)"
PyTorch:BasicsTransformerLM.layers.26,PushPop,30,30,12,24,134624,5609.3,5536.0,4576,6816,1020.6,"void at::native::elementwise_kernel<(int)128, (int)2, void at::native::gpu_kernel_impl_nocast<at::native::direct_copy_kernel_cuda(at::TensorIteratorBase &)::[lambda() (instance 3)]::operator ()() const::[lambda() (instance 7)]::operator ()() const::[lambda(float) (instance 1)]>(at::TensorIteratorBase &, const T1 &)::[lambda(int) (instance 1)]>(int, T3)"
PyTorch:BasicsTransformerLM.layers.26,PushPop,30,30,12,12,84160,7013.3,7008.0,6912,7104,54.3,"void at::native::reduce_kernel<(int)512, (int)1, at::native::ReduceOp<float, at::native::func_wrapper_t<float, at::native::sum_functor<float, float, float>::operator ()(at::TensorIterator &)::[lambda(float, float) (instance 1)]>, unsigned int, float, (int)4, (int)4>>(T3)"
PyTorch:BasicsTransformerLM.layers.26,PushPop,30,30,12,12,70623,5885.3,5776.0,5696,6496,253.3,"void at::native::vectorized_elementwise_kernel<(int)4, at::native::sigmoid_kernel_cuda(at::TensorIteratorBase &)::[lambda() (instance 2)]::operator ()() const::[lambda() (instance 2)]::operator ()() const::[lambda(float) (instance 1)], std::array<char *, (unsigned long)2>>(int, T2, T3)"
PyTorch:BasicsTransformerLM.layers.26,PushPop,30,30,12,12,62592,5216.0,5152.0,5056,5632,183.6,"void at::native::vectorized_elementwise_kernel<(int)4, at::native::exp_kernel_cuda(at::TensorIteratorBase &)::[lambda() (instance 2)]::operator ()() const::[lambda() (instance 2)]::operator ()() const::[lambda(float) (instance 1)], std::array<char *, (unsigned long)2>>(int, T2, T3)"
PyTorch:BasicsTransformerLM.layers.26,PushPop,30,30,12,12,61087,5090.6,5008.0,4928,5504,187.8,"void at::native::vectorized_elementwise_kernel<(int)4, at::native::BUnaryFunctor<float, float, float, at::native::binary_internal::MulFunctor<float>>, std::array<char *, (unsigned long)2>>(int, T2, T3)"
PyTorch:BasicsTransformerLM.layers.26,PushPop,30,30,12,24,57631,2401.3,2368.0,2304,2624,87.3,"void at::native::vectorized_elementwise_kernel<(int)4, void at::native::<unnamed>::pow_tensor_scalar_kernel_impl<float, float>(at::TensorIteratorBase &, T2)::[lambda(float) (instance 1)], std::array<char *, (unsigned long)2>>(int, T2, T3)"
PyTorch:BasicsTransformerLM.layers.26,PushPop,30,30,12,24,35008,1458.7,1520.0,1184,1728,141.8,"void at::native::vectorized_elementwise_kernel<(int)4, at::native::CUDAFunctorOnSelf_add<float>, std::array<char *, (unsigned long)2>>(int, T2, T3)"
PyTorch:BasicsTransformerLM.layers.26,PushPop,30,30,12,24,34592,1441.3,1472.0,1248,1632,88.8,"void at::native::vectorized_elementwise_kernel<(int)4, at::native::rsqrt_kernel_cuda(at::TensorIteratorBase &)::[lambda() (instance 2)]::operator ()() const::[lambda() (instance 2)]::operator ()() const::[lambda(float) (instance 1)], std::array<char *, (unsigned long)2>>(int, T2, T3)"
PyTorch:BasicsTransformerLM.layers.26,PushPop,30,30,12,12,31200,2600.0,2656.0,2432,2688,98.5,"void at::native::elementwise_kernel<(int)128, (int)4, void at::native::gpu_kernel_impl_nocast<at::native::<unnamed>::CompareFunctor<long>>(at::TensorIteratorBase &, const T1 &)::[lambda(int) (instance 1)]>(int, T3)"
PyTorch:BasicsTransformerLM.layers.26,PushPop,30,30,12,12,12767,1063.9,1088.0,928,1215,87.3,"void at::native::vectorized_elementwise_kernel<(int)4, at::native::FillFunctor<float>, std::array<char *, (unsigned long)1>>(int, T2, T3)"
PyTorch:BasicsTransformerLM.layers.26,PushPop,30,30,12,12,12608,1050.7,992.0,960,1216,96.3,"void <unnamed>::elementwise_kernel_with_index<int, at::native::arange_cuda_out(const c10::Scalar &, const c10::Scalar &, const c10::Scalar &, at::Tensor &)::[lambda() (instance 1)]::operator ()() const::[lambda() (instance 4)]::operator ()() const::[lambda(long) (instance 1)]>(T1, T2, function_traits<T2>::result_type *)"
PyTorch:BasicsTransformerLM.layers.26.attn,PushPop,30,30,12,48,4512301,94006.3,93696.0,93407,97439,705.0,cutlass3x_sm100_simt_sgemm_f32_f32_f32_f32_f32_64x32x16_1x1x1_3_tnn_align1_bias_f32_relu
PyTorch:BasicsTransformerLM.layers.26.attn,PushPop,30,30,12,96,323999,3375.0,3424.0,3104,3840,163.5,"void at::native::elementwise_kernel<(int)128, (int)2, void at::native::gpu_kernel_impl_nocast<at::native::BinaryFunctor<float, float, float, at::native::binary_internal::MulFunctor<float>>>(at::TensorIteratorBase &, const T1 &)::[lambda(int) (instance 1)]>(int, T3)"
PyTorch:BasicsTransformerLM.layers.26.attn,PushPop,30,30,12,12,322750,26895.8,26848.0,26752,27359,161.0,cutlass3x_sm100_simt_sgemm_f32_f32_f32_f32_f32_128x64x16_1x1x1_3_tnn_align1_bias_f32_relu
PyTorch:BasicsTransformerLM.layers.26.attn,PushPop,30,30,12,12,254560,21213.3,21168.0,21088,21760,178.7,cutlass3x_sm100_simt_sgemm_f32_f32_f32_f32_f32_64x32x16_1x1x1_3_nnn_align1_bias_f32_relu
PyTorch:BasicsTransformerLM.layers.26.attn,PushPop,30,30,12,24,218079,9086.6,9056.0,8896,9408,123.6,"void at::native::<unnamed>::CatArrayBatchedCopy<at::native::<unnamed>::OpaqueType<(unsigned int)4>, unsigned int, (int)4, (int)64, (int)64>(T1 *, at::native::<unnamed>::CatArrInputTensorMetadata<T1, T2, T4, T5>, at::native::<unnamed>::TensorSizeStride<T2, (unsigned int)4>, int, T2)"
PyTorch:BasicsTransformerLM.layers.26.attn,PushPop,30,30,12,12,183359,15279.9,15232.0,15136,15551,123.0,"void at::native::elementwise_kernel<(int)128, (int)2, void at::native::gpu_kernel_impl_nocast<at::native::BinaryFunctor<float, float, float, at::native::binary_internal::DivFunctor<float>>>(at::TensorIteratorBase &, const T1 &)::[lambda(int) (instance 1)]>(int, T3)"
PyTorch:BasicsTransformerLM.layers.26.attn,PushPop,30,30,12,12,158144,13178.7,13152.0,13120,13312,70.7,"void at::native::elementwise_kernel<(int)128, (int)2, void at::native::gpu_kernel_impl_nocast<at::native::<unnamed>::where_kernel_impl(at::TensorIterator &)::[lambda() (instance 1)]::operator ()() const::[lambda() (instance 11)]::operator ()() const::[lambda(bool, float, float) (instance 1)]>(at::TensorIteratorBase &, const T1 &)::[lambda(int) (instance 1)]>(int, T3)"
PyTorch:BasicsTransformerLM.layers.26.attn,PushPop,30,30,12,12,158079,13173.3,13152.0,13056,13312,78.7,"void at::native::reduce_kernel<(int)512, (int)1, at::native::ReduceOp<float, at::native::MaxOps<float>, unsigned int, float, (int)4, (int)4>>(T3)"
PyTorch:BasicsTransformerLM.layers.26.attn,PushPop,30,30,12,12,152448,12704.0,12704.0,12640,12768,38.6,"void at::native::elementwise_kernel<(int)128, (int)2, void at::native::gpu_kernel_impl_nocast<at::native::CUDAFunctor_add<float>>(at::TensorIteratorBase &, const T1 &)::[lambda(int) (instance 1)]>(int, T3)"
PyTorch:BasicsTransformerLM.layers.26.attn,PushPop,30,30,12,24,134624,5609.3,5536.0,4576,6816,1020.6,"void at::native::elementwise_kernel<(int)128, (int)2, void at::native::gpu_kernel_impl_nocast<at::native::direct_copy_kernel_cuda(at::TensorIteratorBase &)::[lambda() (instance 3)]::operator ()() const::[lambda() (instance 7)]::operator ()() const::[lambda(float) (instance 1)]>(at::TensorIteratorBase &, const T1 &)::[lambda(int) (instance 1)]>(int, T3)"
PyTorch:BasicsTransformerLM.layers.26.attn,PushPop,30,30,12,48,102368,2132.7,2144.0,1984,2240,62.8,"void at::native::vectorized_elementwise_kernel<(int)4, at::native::CUDAFunctor_add<float>, std::array<char *, (unsigned long)3>>(int, T2, T3)"
PyTorch:BasicsTransformerLM.layers.26.attn,PushPop,30,30,12,12,84160,7013.3,7008.0,6912,7104,54.3,"void at::native::reduce_kernel<(int)512, (int)1, at::native::ReduceOp<float, at::native::func_wrapper_t<float, at::native::sum_functor<float, float, float>::operator ()(at::TensorIterator &)::[lambda(float, float) (instance 1)]>, unsigned int, float, (int)4, (int)4>>(T3)"
PyTorch:BasicsTransformerLM.layers.26.attn,PushPop,30,30,12,12,62592,5216.0,5152.0,5056,5632,183.6,"void at::native::vectorized_elementwise_kernel<(int)4, at::native::exp_kernel_cuda(at::TensorIteratorBase &)::[lambda() (instance 2)]::operator ()() const::[lambda() (instance 2)]::operator ()() const::[lambda(float) (instance 1)], std::array<char *, (unsigned long)2>>(int, T2, T3)"
PyTorch:BasicsTransformerLM.layers.26.attn,PushPop,30,30,12,12,61087,5090.6,5008.0,4928,5504,187.8,"void at::native::vectorized_elementwise_kernel<(int)4, at::native::BUnaryFunctor<float, float, float, at::native::binary_internal::MulFunctor<float>>, std::array<char *, (unsigned long)2>>(int, T2, T3)"
PyTorch:BasicsTransformerLM.layers.26.attn,PushPop,30,30,12,12,31200,2600.0,2656.0,2432,2688,98.5,"void at::native::elementwise_kernel<(int)128, (int)4, void at::native::gpu_kernel_impl_nocast<at::native::<unnamed>::CompareFunctor<long>>(at::TensorIteratorBase &, const T1 &)::[lambda(int) (instance 1)]>(int, T3)"
PyTorch:BasicsTransformerLM.layers.26.attn,PushPop,30,30,12,12,12767,1063.9,1088.0,928,1215,87.3,"void at::native::vectorized_elementwise_kernel<(int)4, at::native::FillFunctor<float>, std::array<char *, (unsigned long)1>>(int, T2, T3)"
PyTorch:BasicsTransformerLM.layers.26.attn,PushPop,30,30,12,12,12608,1050.7,992.0,960,1216,96.3,"void <unnamed>::elementwise_kernel_with_index<int, at::native::arange_cuda_out(const c10::Scalar &, const c10::Scalar &, const c10::Scalar &, at::Tensor &)::[lambda() (instance 1)]::operator ()() const::[lambda() (instance 4)]::operator ()() const::[lambda(long) (instance 1)]>(T1, T2, function_traits<T2>::result_type *)"
PyTorch:BasicsTransformerLM.layers.26.attn.k_proj,PushPop,30,30,12,12,1126045,93837.1,93631.5,93503,95328,516.4,cutlass3x_sm100_simt_sgemm_f32_f32_f32_f32_f32_64x32x16_1x1x1_3_tnn_align1_bias_f32_relu
PyTorch:BasicsTransformerLM.layers.26.attn.output_proj,PushPop,30,30,12,12,1135577,94631.4,94383.5,94112,97439,906.1,cutlass3x_sm100_simt_sgemm_f32_f32_f32_f32_f32_64x32x16_1x1x1_3_tnn_align1_bias_f32_relu
PyTorch:BasicsTransformerLM.layers.26.attn.q_proj,PushPop,30,30,12,12,1125691,93807.6,93616.0,93407,95648,601.5,cutlass3x_sm100_simt_sgemm_f32_f32_f32_f32_f32_64x32x16_1x1x1_3_tnn_align1_bias_f32_relu
PyTorch:BasicsTransformerLM.layers.26.attn.v_proj,PushPop,30,30,12,12,1124988,93749.0,93695.5,93440,94655,317.8,cutlass3x_sm100_simt_sgemm_f32_f32_f32_f32_f32_64x32x16_1x1x1_3_tnn_align1_bias_f32_relu
PyTorch:BasicsTransformerLM.layers.26.ffn,PushPop,30,30,12,24,7518728,313280.3,312367.0,312063,321951,2573.3,cutlass3x_sm100_simt_sgemm_f32_f32_f32_f32_f32_64x128x16_1x1x1_3_tnn_align1_bias_f32_relu
PyTorch:BasicsTransformerLM.layers.26.ffn,PushPop,30,30,12,12,4330833,360902.8,360318.5,359455,368255,2370.4,cutlass3x_sm100_simt_sgemm_f32_f32_f32_f32_f32_64x32x16_1x1x1_3_tnn_align1_bias_f32_relu
PyTorch:BasicsTransformerLM.layers.26.ffn,PushPop,30,30,12,24,154558,6439.9,6608.0,5504,7648,758.9,"void at::native::vectorized_elementwise_kernel<(int)4, at::native::BinaryFunctor<float, float, float, at::native::binary_internal::MulFunctor<float>>, std::array<char *, (unsigned long)3>>(int, T2, T3)"
PyTorch:BasicsTransformerLM.layers.26.ffn,PushPop,30,30,12,12,70623,5885.3,5776.0,5696,6496,253.3,"void at::native::vectorized_elementwise_kernel<(int)4, at::native::sigmoid_kernel_cuda(at::TensorIteratorBase &)::[lambda() (instance 2)]::operator ()() const::[lambda() (instance 2)]::operator ()() const::[lambda(float) (instance 1)], std::array<char *, (unsigned long)2>>(int, T2, T3)"
PyTorch:BasicsTransformerLM.layers.26.ffn.w1,PushPop,30,30,12,12,3760628,313385.7,312511.0,312223,321951,2724.2,cutlass3x_sm100_simt_sgemm_f32_f32_f32_f32_f32_64x128x16_1x1x1_3_tnn_align1_bias_f32_relu
PyTorch:BasicsTransformerLM.layers.26.ffn.w2,PushPop,30,30,12,12,4330833,360902.8,360318.5,359455,368255,2370.4,cutlass3x_sm100_simt_sgemm_f32_f32_f32_f32_f32_64x32x16_1x1x1_3_tnn_align1_bias_f32_relu
PyTorch:BasicsTransformerLM.layers.26.ffn.w3,PushPop,30,30,12,12,3758100,313175.0,312351.0,312063,321151,2529.9,cutlass3x_sm100_simt_sgemm_f32_f32_f32_f32_f32_64x128x16_1x1x1_3_tnn_align1_bias_f32_relu
PyTorch:BasicsTransformerLM.layers.26.ln1,PushPop,30,30,12,24,113408,4725.3,4704.0,4544,4960,96.1,"void at::native::elementwise_kernel<(int)128, (int)2, void at::native::gpu_kernel_impl_nocast<at::native::BinaryFunctor<float, float, float, at::native::binary_internal::MulFunctor<float>>>(at::TensorIteratorBase &, const T1 &)::[lambda(int) (instance 1)]>(int, T3)"
PyTorch:BasicsTransformerLM.layers.26.ln1,PushPop,30,30,12,12,72640,6053.3,6064.0,5952,6176,69.4,"void at::native::reduce_kernel<(int)512, (int)1, at::native::ReduceOp<float, at::native::MeanOps<float, float, float, float>, unsigned int, float, (int)4, (int)4>>(T3)"
PyTorch:BasicsTransformerLM.layers.26.ln1,PushPop,30,30,12,12,28799,2399.9,2336.0,2304,2624,118.2,"void at::native::vectorized_elementwise_kernel<(int)4, void at::native::<unnamed>::pow_tensor_scalar_kernel_impl<float, float>(at::TensorIteratorBase &, T2)::[lambda(float) (instance 1)], std::array<char *, (unsigned long)2>>(int, T2, T3)"
PyTorch:BasicsTransformerLM.layers.26.ln1,PushPop,30,30,12,12,17312,1442.7,1520.0,1184,1728,171.8,"void at::native::vectorized_elementwise_kernel<(int)4, at::native::CUDAFunctorOnSelf_add<float>, std::array<char *, (unsigned long)2>>(int, T2, T3)"
PyTorch:BasicsTransformerLM.layers.26.ln1,PushPop,30,30,12,12,17248,1437.3,1472.0,1248,1632,115.3,"void at::native::vectorized_elementwise_kernel<(int)4, at::native::rsqrt_kernel_cuda(at::TensorIteratorBase &)::[lambda() (instance 2)]::operator ()() const::[lambda() (instance 2)]::operator ()() const::[lambda(float) (instance 1)], std::array<char *, (unsigned long)2>>(int, T2, T3)"
PyTorch:BasicsTransformerLM.layers.26.ln2,PushPop,30,30,12,24,111360,4640.0,4608.0,4544,4832,70.6,"void at::native::elementwise_kernel<(int)128, (int)2, void at::native::gpu_kernel_impl_nocast<at::native::BinaryFunctor<float, float, float, at::native::binary_internal::MulFunctor<float>>>(at::TensorIteratorBase &, const T1 &)::[lambda(int) (instance 1)]>(int, T3)"
PyTorch:BasicsTransformerLM.layers.26.ln2,PushPop,30,30,12,12,72672,6056.0,6048.0,6016,6112,27.7,"void at::native::reduce_kernel<(int)512, (int)1, at::native::ReduceOp<float, at::native::MeanOps<float, float, float, float>, unsigned int, float, (int)4, (int)4>>(T3)"
PyTorch:BasicsTransformerLM.layers.26.ln2,PushPop,30,30,12,12,28832,2402.7,2400.0,2336,2464,44.1,"void at::native::vectorized_elementwise_kernel<(int)4, void at::native::<unnamed>::pow_tensor_scalar_kernel_impl<float, float>(at::TensorIteratorBase &, T2)::[lambda(float) (instance 1)], std::array<char *, (unsigned long)2>>(int, T2, T3)"
PyTorch:BasicsTransformerLM.layers.26.ln2,PushPop,30,30,12,12,17696,1474.7,1520.0,1184,1568,109.5,"void at::native::vectorized_elementwise_kernel<(int)4, at::native::CUDAFunctorOnSelf_add<float>, std::array<char *, (unsigned long)2>>(int, T2, T3)"
PyTorch:BasicsTransformerLM.layers.26.ln2,PushPop,30,30,12,12,17344,1445.3,1456.0,1280,1504,56.0,"void at::native::vectorized_elementwise_kernel<(int)4, at::native::rsqrt_kernel_cuda(at::TensorIteratorBase &)::[lambda() (instance 2)]::operator ()() const::[lambda() (instance 2)]::operator ()() const::[lambda(float) (instance 1)], std::array<char *, (unsigned long)2>>(int, T2, T3)"
PyTorch:BasicsTransformerLM.layers.27,PushPop,30,30,12,60,8849762,147496.0,93984.0,93471,367551,107754.7,cutlass3x_sm100_simt_sgemm_f32_f32_f32_f32_f32_64x32x16_1x1x1_3_tnn_align1_bias_f32_relu
PyTorch:BasicsTransformerLM.layers.27,PushPop,30,30,12,24,7516644,313193.5,312447.0,312095,322527,2548.3,cutlass3x_sm100_simt_sgemm_f32_f32_f32_f32_f32_64x128x16_1x1x1_3_tnn_align1_bias_f32_relu
PyTorch:BasicsTransformerLM.layers.27,PushPop,30,30,12,144,553854,3846.2,3488.0,3104,5088,634.1,"void at::native::elementwise_kernel<(int)128, (int)2, void at::native::gpu_kernel_impl_nocast<at::native::BinaryFunctor<float, float, float, at::native::binary_internal::MulFunctor<float>>>(at::TensorIteratorBase &, const T1 &)::[lambda(int) (instance 1)]>(int, T3)"
PyTorch:BasicsTransformerLM.layers.27,PushPop,30,30,12,12,323101,26925.1,26816.0,26719,27424,250.4,cutlass3x_sm100_simt_sgemm_f32_f32_f32_f32_f32_128x64x16_1x1x1_3_tnn_align1_bias_f32_relu
PyTorch:BasicsTransformerLM.layers.27,PushPop,30,30,12,12,253216,21101.3,21040.0,20992,21760,210.3,cutlass3x_sm100_simt_sgemm_f32_f32_f32_f32_f32_64x32x16_1x1x1_3_nnn_align1_bias_f32_relu
PyTorch:BasicsTransformerLM.layers.27,PushPop,30,30,12,24,217216,9050.7,9040.0,8800,9312,130.6,"void at::native::<unnamed>::CatArrayBatchedCopy<at::native::<unnamed>::OpaqueType<(unsigned int)4>, unsigned int, (int)4, (int)64, (int)64>(T1 *, at::native::<unnamed>::CatArrInputTensorMetadata<T1, T2, T4, T5>, at::native::<unnamed>::TensorSizeStride<T2, (unsigned int)4>, int, T2)"
PyTorch:BasicsTransformerLM.layers.27,PushPop,30,30,12,12,183903,15325.3,15263.5,15200,15808,180.3,"void at::native::elementwise_kernel<(int)128, (int)2, void at::native::gpu_kernel_impl_nocast<at::native::BinaryFunctor<float, float, float, at::native::binary_internal::DivFunctor<float>>>(at::TensorIteratorBase &, const T1 &)::[lambda(int) (instance 1)]>(int, T3)"
PyTorch:BasicsTransformerLM.layers.27,PushPop,30,30,12,72,183071,2542.7,2144.0,1888,3776,672.4,"void at::native::vectorized_elementwise_kernel<(int)4, at::native::CUDAFunctor_add<float>, std::array<char *, (unsigned long)3>>(int, T2, T3)"
PyTorch:BasicsTransformerLM.layers.27,PushPop,30,30,12,12,158656,13221.3,13120.0,13056,14432,383.2,"void at::native::reduce_kernel<(int)512, (int)1, at::native::ReduceOp<float, at::native::MaxOps<float>, unsigned int, float, (int)4, (int)4>>(T3)"
PyTorch:BasicsTransformerLM.layers.27,PushPop,30,30,12,12,158015,13167.9,13167.5,12992,13280,91.0,"void at::native::elementwise_kernel<(int)128, (int)2, void at::native::gpu_kernel_impl_nocast<at::native::<unnamed>::where_kernel_impl(at::TensorIterator &)::[lambda() (instance 1)]::operator ()() const::[lambda() (instance 11)]::operator ()() const::[lambda(bool, float, float) (instance 1)]>(at::TensorIteratorBase &, const T1 &)::[lambda(int) (instance 1)]>(int, T3)"
PyTorch:BasicsTransformerLM.layers.27,PushPop,30,30,12,24,155232,6468.0,6560.0,5504,7392,786.7,"void at::native::vectorized_elementwise_kernel<(int)4, at::native::BinaryFunctor<float, float, float, at::native::binary_internal::MulFunctor<float>>, std::array<char *, (unsigned long)3>>(int, T2, T3)"
PyTorch:BasicsTransformerLM.layers.27,PushPop,30,30,12,12,152576,12714.7,12720.0,12608,12832,63.0,"void at::native::elementwise_kernel<(int)128, (int)2, void at::native::gpu_kernel_impl_nocast<at::native::CUDAFunctor_add<float>>(at::TensorIteratorBase &, const T1 &)::[lambda(int) (instance 1)]>(int, T3)"
PyTorch:BasicsTransformerLM.layers.27,PushPop,30,30,12,24,145728,6072.0,6080.0,5984,6144,40.3,"void at::native::reduce_kernel<(int)512, (int)1, at::native::ReduceOp<float, at::native::MeanOps<float, float, float, float>, unsigned int, float, (int)4, (int)4>>(T3)"
PyTorch:BasicsTransformerLM.layers.27,PushPop,30,30,12,24,134335,5597.3,5536.0,4607,6624,955.4,"void at::native::elementwise_kernel<(int)128, (int)2, void at::native::gpu_kernel_impl_nocast<at::native::direct_copy_kernel_cuda(at::TensorIteratorBase &)::[lambda() (instance 3)]::operator ()() const::[lambda() (instance 7)]::operator ()() const::[lambda(float) (instance 1)]>(at::TensorIteratorBase &, const T1 &)::[lambda(int) (instance 1)]>(int, T3)"
PyTorch:BasicsTransformerLM.layers.27,PushPop,30,30,12,12,84288,7024.0,7024.0,6784,7136,90.0,"void at::native::reduce_kernel<(int)512, (int)1, at::native::ReduceOp<float, at::native::func_wrapper_t<float, at::native::sum_functor<float, float, float>::operator ()(at::TensorIterator &)::[lambda(float, float) (instance 1)]>, unsigned int, float, (int)4, (int)4>>(T3)"
PyTorch:BasicsTransformerLM.layers.27,PushPop,30,30,12,12,69728,5810.7,5808.0,5728,5920,67.5,"void at::native::vectorized_elementwise_kernel<(int)4, at::native::sigmoid_kernel_cuda(at::TensorIteratorBase &)::[lambda() (instance 2)]::operator ()() const::[lambda() (instance 2)]::operator ()() const::[lambda(float) (instance 1)], std::array<char *, (unsigned long)2>>(int, T2, T3)"
PyTorch:BasicsTransformerLM.layers.27,PushPop,30,30,12,12,62944,5245.3,5200.0,5056,5664,189.8,"void at::native::vectorized_elementwise_kernel<(int)4, at::native::exp_kernel_cuda(at::TensorIteratorBase &)::[lambda() (instance 2)]::operator ()() const::[lambda() (instance 2)]::operator ()() const::[lambda(float) (instance 1)], std::array<char *, (unsigned long)2>>(int, T2, T3)"
PyTorch:BasicsTransformerLM.layers.27,PushPop,30,30,12,12,61632,5136.0,5088.0,4928,5472,169.1,"void at::native::vectorized_elementwise_kernel<(int)4, at::native::BUnaryFunctor<float, float, float, at::native::binary_internal::MulFunctor<float>>, std::array<char *, (unsigned long)2>>(int, T2, T3)"
PyTorch:BasicsTransformerLM.layers.27,PushPop,30,30,12,24,59616,2484.0,2464.0,2336,2688,81.6,"void at::native::vectorized_elementwise_kernel<(int)4, void at::native::<unnamed>::pow_tensor_scalar_kernel_impl<float, float>(at::TensorIteratorBase &, T2)::[lambda(float) (instance 1)], std::array<char *, (unsigned long)2>>(int, T2, T3)"
PyTorch:BasicsTransformerLM.layers.27,PushPop,30,30,12,24,35904,1496.0,1488.0,1216,1792,163.8,"void at::native::vectorized_elementwise_kernel<(int)4, at::native::CUDAFunctorOnSelf_add<float>, std::array<char *, (unsigned long)2>>(int, T2, T3)"
PyTorch:BasicsTransformerLM.layers.27,PushPop,30,30,12,24,35680,1486.7,1472.0,1280,1728,98.5,"void at::native::vectorized_elementwise_kernel<(int)4, at::native::rsqrt_kernel_cuda(at::TensorIteratorBase &)::[lambda() (instance 2)]::operator ()() const::[lambda() (instance 2)]::operator ()() const::[lambda(float) (instance 1)], std::array<char *, (unsigned long)2>>(int, T2, T3)"
PyTorch:BasicsTransformerLM.layers.27,PushPop,30,30,12,12,31296,2608.0,2560.0,2496,3040,142.8,"void at::native::elementwise_kernel<(int)128, (int)4, void at::native::gpu_kernel_impl_nocast<at::native::<unnamed>::CompareFunctor<long>>(at::TensorIteratorBase &, const T1 &)::[lambda(int) (instance 1)]>(int, T3)"
PyTorch:BasicsTransformerLM.layers.27,PushPop,30,30,12,12,12800,1066.7,1088.0,928,1248,88.8,"void at::native::vectorized_elementwise_kernel<(int)4, at::native::FillFunctor<float>, std::array<char *, (unsigned long)1>>(int, T2, T3)"
PyTorch:BasicsTransformerLM.layers.27,PushPop,30,30,12,12,12544,1045.3,992.0,992,1184,84.5,"void <unnamed>::elementwise_kernel_with_index<int, at::native::arange_cuda_out(const c10::Scalar &, const c10::Scalar &, const c10::Scalar &, at::Tensor &)::[lambda() (instance 1)]::operator ()() const::[lambda() (instance 4)]::operator ()() const::[lambda(long) (instance 1)]>(T1, T2, function_traits<T2>::result_type *)"
PyTorch:BasicsTransformerLM.layers.27.attn,PushPop,30,30,12,48,4515473,94072.4,93856.0,93471,97728,734.3,cutlass3x_sm100_simt_sgemm_f32_f32_f32_f32_f32_64x32x16_1x1x1_3_tnn_align1_bias_f32_relu
PyTorch:BasicsTransformerLM.layers.27.attn,PushPop,30,30,12,96,327135,3407.7,3456.0,3104,3776,137.1,"void at::native::elementwise_kernel<(int)128, (int)2, void at::native::gpu_kernel_impl_nocast<at::native::BinaryFunctor<float, float, float, at::native::binary_internal::MulFunctor<float>>>(at::TensorIteratorBase &, const T1 &)::[lambda(int) (instance 1)]>(int, T3)"
PyTorch:BasicsTransformerLM.layers.27.attn,PushPop,30,30,12,12,323101,26925.1,26816.0,26719,27424,250.4,cutlass3x_sm100_simt_sgemm_f32_f32_f32_f32_f32_128x64x16_1x1x1_3_tnn_align1_bias_f32_relu
PyTorch:BasicsTransformerLM.layers.27.attn,PushPop,30,30,12,12,253216,21101.3,21040.0,20992,21760,210.3,cutlass3x_sm100_simt_sgemm_f32_f32_f32_f32_f32_64x32x16_1x1x1_3_nnn_align1_bias_f32_relu
PyTorch:BasicsTransformerLM.layers.27.attn,PushPop,30,30,12,24,217216,9050.7,9040.0,8800,9312,130.6,"void at::native::<unnamed>::CatArrayBatchedCopy<at::native::<unnamed>::OpaqueType<(unsigned int)4>, unsigned int, (int)4, (int)64, (int)64>(T1 *, at::native::<unnamed>::CatArrInputTensorMetadata<T1, T2, T4, T5>, at::native::<unnamed>::TensorSizeStride<T2, (unsigned int)4>, int, T2)"
PyTorch:BasicsTransformerLM.layers.27.attn,PushPop,30,30,12,12,183903,15325.3,15263.5,15200,15808,180.3,"void at::native::elementwise_kernel<(int)128, (int)2, void at::native::gpu_kernel_impl_nocast<at::native::BinaryFunctor<float, float, float, at::native::binary_internal::DivFunctor<float>>>(at::TensorIteratorBase &, const T1 &)::[lambda(int) (instance 1)]>(int, T3)"
PyTorch:BasicsTransformerLM.layers.27.attn,PushPop,30,30,12,12,158656,13221.3,13120.0,13056,14432,383.2,"void at::native::reduce_kernel<(int)512, (int)1, at::native::ReduceOp<float, at::native::MaxOps<float>, unsigned int, float, (int)4, (int)4>>(T3)"
PyTorch:BasicsTransformerLM.layers.27.attn,PushPop,30,30,12,12,158015,13167.9,13167.5,12992,13280,91.0,"void at::native::elementwise_kernel<(int)128, (int)2, void at::native::gpu_kernel_impl_nocast<at::native::<unnamed>::where_kernel_impl(at::TensorIterator &)::[lambda() (instance 1)]::operator ()() const::[lambda() (instance 11)]::operator ()() const::[lambda(bool, float, float) (instance 1)]>(at::TensorIteratorBase &, const T1 &)::[lambda(int) (instance 1)]>(int, T3)"
PyTorch:BasicsTransformerLM.layers.27.attn,PushPop,30,30,12,12,152576,12714.7,12720.0,12608,12832,63.0,"void at::native::elementwise_kernel<(int)128, (int)2, void at::native::gpu_kernel_impl_nocast<at::native::CUDAFunctor_add<float>>(at::TensorIteratorBase &, const T1 &)::[lambda(int) (instance 1)]>(int, T3)"
PyTorch:BasicsTransformerLM.layers.27.attn,PushPop,30,30,12,24,134335,5597.3,5536.0,4607,6624,955.4,"void at::native::elementwise_kernel<(int)128, (int)2, void at::native::gpu_kernel_impl_nocast<at::native::direct_copy_kernel_cuda(at::TensorIteratorBase &)::[lambda() (instance 3)]::operator ()() const::[lambda() (instance 7)]::operator ()() const::[lambda(float) (instance 1)]>(at::TensorIteratorBase &, const T1 &)::[lambda(int) (instance 1)]>(int, T3)"
PyTorch:BasicsTransformerLM.layers.27.attn,PushPop,30,30,12,48,99680,2076.7,2048.0,1888,2240,76.2,"void at::native::vectorized_elementwise_kernel<(int)4, at::native::CUDAFunctor_add<float>, std::array<char *, (unsigned long)3>>(int, T2, T3)"
PyTorch:BasicsTransformerLM.layers.27.attn,PushPop,30,30,12,12,84288,7024.0,7024.0,6784,7136,90.0,"void at::native::reduce_kernel<(int)512, (int)1, at::native::ReduceOp<float, at::native::func_wrapper_t<float, at::native::sum_functor<float, float, float>::operator ()(at::TensorIterator &)::[lambda(float, float) (instance 1)]>, unsigned int, float, (int)4, (int)4>>(T3)"
PyTorch:BasicsTransformerLM.layers.27.attn,PushPop,30,30,12,12,62944,5245.3,5200.0,5056,5664,189.8,"void at::native::vectorized_elementwise_kernel<(int)4, at::native::exp_kernel_cuda(at::TensorIteratorBase &)::[lambda() (instance 2)]::operator ()() const::[lambda() (instance 2)]::operator ()() const::[lambda(float) (instance 1)], std::array<char *, (unsigned long)2>>(int, T2, T3)"
PyTorch:BasicsTransformerLM.layers.27.attn,PushPop,30,30,12,12,61632,5136.0,5088.0,4928,5472,169.1,"void at::native::vectorized_elementwise_kernel<(int)4, at::native::BUnaryFunctor<float, float, float, at::native::binary_internal::MulFunctor<float>>, std::array<char *, (unsigned long)2>>(int, T2, T3)"
PyTorch:BasicsTransformerLM.layers.27.attn,PushPop,30,30,12,12,31296,2608.0,2560.0,2496,3040,142.8,"void at::native::elementwise_kernel<(int)128, (int)4, void at::native::gpu_kernel_impl_nocast<at::native::<unnamed>::CompareFunctor<long>>(at::TensorIteratorBase &, const T1 &)::[lambda(int) (instance 1)]>(int, T3)"
PyTorch:BasicsTransformerLM.layers.27.attn,PushPop,30,30,12,12,12800,1066.7,1088.0,928,1248,88.8,"void at::native::vectorized_elementwise_kernel<(int)4, at::native::FillFunctor<float>, std::array<char *, (unsigned long)1>>(int, T2, T3)"
PyTorch:BasicsTransformerLM.layers.27.attn,PushPop,30,30,12,12,12544,1045.3,992.0,992,1184,84.5,"void <unnamed>::elementwise_kernel_with_index<int, at::native::arange_cuda_out(const c10::Scalar &, const c10::Scalar &, const c10::Scalar &, at::Tensor &)::[lambda() (instance 1)]::operator ()() const::[lambda() (instance 4)]::operator ()() const::[lambda(long) (instance 1)]>(T1, T2, function_traits<T2>::result_type *)"
PyTorch:BasicsTransformerLM.layers.27.attn.k_proj,PushPop,30,30,12,12,1126204,93850.3,93679.5,93472,95360,517.4,cutlass3x_sm100_simt_sgemm_f32_f32_f32_f32_f32_64x32x16_1x1x1_3_tnn_align1_bias_f32_relu
PyTorch:BasicsTransformerLM.layers.27.attn.output_proj,PushPop,30,30,12,12,1135806,94650.5,94384.0,93984,97728,1005.9,cutlass3x_sm100_simt_sgemm_f32_f32_f32_f32_f32_64x32x16_1x1x1_3_tnn_align1_bias_f32_relu
PyTorch:BasicsTransformerLM.layers.27.attn.q_proj,PushPop,30,30,12,12,1126813,93901.1,93696.0,93535,95615,579.3,cutlass3x_sm100_simt_sgemm_f32_f32_f32_f32_f32_64x32x16_1x1x1_3_tnn_align1_bias_f32_relu
PyTorch:BasicsTransformerLM.layers.27.attn.v_proj,PushPop,30,30,12,12,1126650,93887.5,93808.0,93471,95199,448.4,cutlass3x_sm100_simt_sgemm_f32_f32_f32_f32_f32_64x32x16_1x1x1_3_tnn_align1_bias_f32_relu
PyTorch:BasicsTransformerLM.layers.27.ffn,PushPop,30,30,12,24,7516644,313193.5,312447.0,312095,322527,2548.3,cutlass3x_sm100_simt_sgemm_f32_f32_f32_f32_f32_64x128x16_1x1x1_3_tnn_align1_bias_f32_relu
PyTorch:BasicsTransformerLM.layers.27.ffn,PushPop,30,30,12,12,4334289,361190.8,360719.0,359999,367551,2067.1,cutlass3x_sm100_simt_sgemm_f32_f32_f32_f32_f32_64x32x16_1x1x1_3_tnn_align1_bias_f32_relu
PyTorch:BasicsTransformerLM.layers.27.ffn,PushPop,30,30,12,24,155232,6468.0,6560.0,5504,7392,786.7,"void at::native::vectorized_elementwise_kernel<(int)4, at::native::BinaryFunctor<float, float, float, at::native::binary_internal::MulFunctor<float>>, std::array<char *, (unsigned long)3>>(int, T2, T3)"
PyTorch:BasicsTransformerLM.layers.27.ffn,PushPop,30,30,12,12,69728,5810.7,5808.0,5728,5920,67.5,"void at::native::vectorized_elementwise_kernel<(int)4, at::native::sigmoid_kernel_cuda(at::TensorIteratorBase &)::[lambda() (instance 2)]::operator ()() const::[lambda() (instance 2)]::operator ()() const::[lambda(float) (instance 1)], std::array<char *, (unsigned long)2>>(int, T2, T3)"
PyTorch:BasicsTransformerLM.layers.27.ffn.w1,PushPop,30,30,12,12,3761011,313417.6,312511.0,312191,322527,2884.0,cutlass3x_sm100_simt_sgemm_f32_f32_f32_f32_f32_64x128x16_1x1x1_3_tnn_align1_bias_f32_relu
PyTorch:BasicsTransformerLM.layers.27.ffn.w2,PushPop,30,30,12,12,4334289,361190.8,360719.0,359999,367551,2067.1,cutlass3x_sm100_simt_sgemm_f32_f32_f32_f32_f32_64x32x16_1x1x1_3_tnn_align1_bias_f32_relu
PyTorch:BasicsTransformerLM.layers.27.ffn.w3,PushPop,30,30,12,12,3755633,312969.4,312303.0,312095,320158,2269.5,cutlass3x_sm100_simt_sgemm_f32_f32_f32_f32_f32_64x128x16_1x1x1_3_tnn_align1_bias_f32_relu
PyTorch:BasicsTransformerLM.layers.27.ln1,PushPop,30,30,12,24,113567,4732.0,4704.0,4640,5088,95.0,"void at::native::elementwise_kernel<(int)128, (int)2, void at::native::gpu_kernel_impl_nocast<at::native::BinaryFunctor<float, float, float, at::native::binary_internal::MulFunctor<float>>>(at::TensorIteratorBase &, const T1 &)::[lambda(int) (instance 1)]>(int, T3)"
PyTorch:BasicsTransformerLM.layers.27.ln1,PushPop,30,30,12,12,72864,6072.0,6080.0,6016,6144,36.4,"void at::native::reduce_kernel<(int)512, (int)1, at::native::ReduceOp<float, at::native::MeanOps<float, float, float, float>, unsigned int, float, (int)4, (int)4>>(T3)"
PyTorch:BasicsTransformerLM.layers.27.ln1,PushPop,30,30,12,12,29984,2498.7,2496.0,2336,2688,110.4,"void at::native::vectorized_elementwise_kernel<(int)4, void at::native::<unnamed>::pow_tensor_scalar_kernel_impl<float, float>(at::TensorIteratorBase &, T2)::[lambda(float) (instance 1)], std::array<char *, (unsigned long)2>>(int, T2, T3)"
PyTorch:BasicsTransformerLM.layers.27.ln1,PushPop,30,30,12,12,17856,1488.0,1472.0,1440,1728,79.0,"void at::native::vectorized_elementwise_kernel<(int)4, at::native::rsqrt_kernel_cuda(at::TensorIteratorBase &)::[lambda() (instance 2)]::operator ()() const::[lambda() (instance 2)]::operator ()() const::[lambda(float) (instance 1)], std::array<char *, (unsigned long)2>>(int, T2, T3)"
PyTorch:BasicsTransformerLM.layers.27.ln1,PushPop,30,30,12,12,17696,1474.7,1472.0,1344,1760,128.3,"void at::native::vectorized_elementwise_kernel<(int)4, at::native::CUDAFunctorOnSelf_add<float>, std::array<char *, (unsigned long)2>>(int, T2, T3)"
PyTorch:BasicsTransformerLM.layers.27.ln2,PushPop,30,30,12,24,113152,4714.7,4704.0,4608,4896,68.5,"void at::native::elementwise_kernel<(int)128, (int)2, void at::native::gpu_kernel_impl_nocast<at::native::BinaryFunctor<float, float, float, at::native::binary_internal::MulFunctor<float>>>(at::TensorIteratorBase &, const T1 &)::[lambda(int) (instance 1)]>(int, T3)"
PyTorch:BasicsTransformerLM.layers.27.ln2,PushPop,30,30,12,12,72864,6072.0,6080.0,5984,6144,45.5,"void at::native::reduce_kernel<(int)512, (int)1, at::native::ReduceOp<float, at::native::MeanOps<float, float, float, float>, unsigned int, float, (int)4, (int)4>>(T3)"
PyTorch:BasicsTransformerLM.layers.27.ln2,PushPop,30,30,12,12,29632,2469.3,2464.0,2432,2560,35.7,"void at::native::vectorized_elementwise_kernel<(int)4, void at::native::<unnamed>::pow_tensor_scalar_kernel_impl<float, float>(at::TensorIteratorBase &, T2)::[lambda(float) (instance 1)], std::array<char *, (unsigned long)2>>(int, T2, T3)"
PyTorch:BasicsTransformerLM.layers.27.ln2,PushPop,30,30,12,12,18208,1517.3,1520.0,1216,1792,196.5,"void at::native::vectorized_elementwise_kernel<(int)4, at::native::CUDAFunctorOnSelf_add<float>, std::array<char *, (unsigned long)2>>(int, T2, T3)"
PyTorch:BasicsTransformerLM.layers.27.ln2,PushPop,30,30,12,12,17824,1485.3,1472.0,1280,1728,118.5,"void at::native::vectorized_elementwise_kernel<(int)4, at::native::rsqrt_kernel_cuda(at::TensorIteratorBase &)::[lambda() (instance 2)]::operator ()() const::[lambda() (instance 2)]::operator ()() const::[lambda(float) (instance 1)], std::array<char *, (unsigned long)2>>(int, T2, T3)"
PyTorch:BasicsTransformerLM.layers.28,PushPop,30,30,12,60,8848864,147481.1,94079.5,93376,368095,107674.3,cutlass3x_sm100_simt_sgemm_f32_f32_f32_f32_f32_64x32x16_1x1x1_3_tnn_align1_bias_f32_relu
PyTorch:BasicsTransformerLM.layers.28,PushPop,30,30,12,24,7517799,313241.6,312463.0,311935,323071,2695.4,cutlass3x_sm100_simt_sgemm_f32_f32_f32_f32_f32_64x128x16_1x1x1_3_tnn_align1_bias_f32_relu
PyTorch:BasicsTransformerLM.layers.28,PushPop,30,30,12,144,550591,3823.5,3488.0,3072,4960,634.6,"void at::native::elementwise_kernel<(int)128, (int)2, void at::native::gpu_kernel_impl_nocast<at::native::BinaryFunctor<float, float, float, at::native::binary_internal::MulFunctor<float>>>(at::TensorIteratorBase &, const T1 &)::[lambda(int) (instance 1)]>(int, T3)"
PyTorch:BasicsTransformerLM.layers.28,PushPop,30,30,12,12,322591,26882.6,26832.0,26688,27520,217.7,cutlass3x_sm100_simt_sgemm_f32_f32_f32_f32_f32_128x64x16_1x1x1_3_tnn_align1_bias_f32_relu
PyTorch:BasicsTransformerLM.layers.28,PushPop,30,30,12,12,254877,21239.8,21184.0,21119,21824,188.3,cutlass3x_sm100_simt_sgemm_f32_f32_f32_f32_f32_64x32x16_1x1x1_3_nnn_align1_bias_f32_relu
PyTorch:BasicsTransformerLM.layers.28,PushPop,30,30,12,24,217632,9068.0,9072.0,8896,9248,109.2,"void at::native::<unnamed>::CatArrayBatchedCopy<at::native::<unnamed>::OpaqueType<(unsigned int)4>, unsigned int, (int)4, (int)64, (int)64>(T1 *, at::native::<unnamed>::CatArrInputTensorMetadata<T1, T2, T4, T5>, at::native::<unnamed>::TensorSizeStride<T2, (unsigned int)4>, int, T2)"
PyTorch:BasicsTransformerLM.layers.28,PushPop,30,30,12,72,185183,2572.0,2192.0,1952,3776,622.8,"void at::native::vectorized_elementwise_kernel<(int)4, at::native::CUDAFunctor_add<float>, std::array<char *, (unsigned long)3>>(int, T2, T3)"
PyTorch:BasicsTransformerLM.layers.28,PushPop,30,30,12,12,183039,15253.3,15216.0,15104,15552,135.4,"void at::native::elementwise_kernel<(int)128, (int)2, void at::native::gpu_kernel_impl_nocast<at::native::BinaryFunctor<float, float, float, at::native::binary_internal::DivFunctor<float>>>(at::TensorIteratorBase &, const T1 &)::[lambda(int) (instance 1)]>(int, T3)"
PyTorch:BasicsTransformerLM.layers.28,PushPop,30,30,12,12,158048,13170.7,13152.0,13088,13440,88.9,"void at::native::reduce_kernel<(int)512, (int)1, at::native::ReduceOp<float, at::native::MaxOps<float>, unsigned int, float, (int)4, (int)4>>(T3)"
PyTorch:BasicsTransformerLM.layers.28,PushPop,30,30,12,12,157760,13146.7,13120.0,12960,13344,101.0,"void at::native::elementwise_kernel<(int)128, (int)2, void at::native::gpu_kernel_impl_nocast<at::native::<unnamed>::where_kernel_impl(at::TensorIterator &)::[lambda() (instance 1)]::operator ()() const::[lambda() (instance 11)]::operator ()() const::[lambda(bool, float, float) (instance 1)]>(at::TensorIteratorBase &, const T1 &)::[lambda(int) (instance 1)]>(int, T3)"
PyTorch:BasicsTransformerLM.layers.28,PushPop,30,30,12,12,153120,12760.0,12720.0,12672,12960,92.7,"void at::native::elementwise_kernel<(int)128, (int)2, void at::native::gpu_kernel_impl_nocast<at::native::CUDAFunctor_add<float>>(at::TensorIteratorBase &, const T1 &)::[lambda(int) (instance 1)]>(int, T3)"
PyTorch:BasicsTransformerLM.layers.28,PushPop,30,30,12,24,153119,6380.0,6464.0,5472,7392,725.5,"void at::native::vectorized_elementwise_kernel<(int)4, at::native::BinaryFunctor<float, float, float, at::native::binary_internal::MulFunctor<float>>, std::array<char *, (unsigned long)3>>(int, T2, T3)"
PyTorch:BasicsTransformerLM.layers.28,PushPop,30,30,12,24,144447,6018.6,6016.0,5888,6144,74.2,"void at::native::reduce_kernel<(int)512, (int)1, at::native::ReduceOp<float, at::native::MeanOps<float, float, float, float>, unsigned int, float, (int)4, (int)4>>(T3)"
PyTorch:BasicsTransformerLM.layers.28,PushPop,30,30,12,24,133951,5581.3,5536.0,4576,6688,996.1,"void at::native::elementwise_kernel<(int)128, (int)2, void at::native::gpu_kernel_impl_nocast<at::native::direct_copy_kernel_cuda(at::TensorIteratorBase &)::[lambda() (instance 3)]::operator ()() const::[lambda() (instance 7)]::operator ()() const::[lambda(float) (instance 1)]>(at::TensorIteratorBase &, const T1 &)::[lambda(int) (instance 1)]>(int, T3)"
PyTorch:BasicsTransformerLM.layers.28,PushPop,30,30,12,12,84832,7069.3,7040.0,6976,7296,98.8,"void at::native::reduce_kernel<(int)512, (int)1, at::native::ReduceOp<float, at::native::func_wrapper_t<float, at::native::sum_functor<float, float, float>::operator ()(at::TensorIterator &)::[lambda(float, float) (instance 1)]>, unsigned int, float, (int)4, (int)4>>(T3)"
PyTorch:BasicsTransformerLM.layers.28,PushPop,30,30,12,12,71328,5944.0,5808.0,5760,6944,348.4,"void at::native::vectorized_elementwise_kernel<(int)4, at::native::sigmoid_kernel_cuda(at::TensorIteratorBase &)::[lambda() (instance 2)]::operator ()() const::[lambda() (instance 2)]::operator ()() const::[lambda(float) (instance 1)], std::array<char *, (unsigned long)2>>(int, T2, T3)"
PyTorch:BasicsTransformerLM.layers.28,PushPop,30,30,12,12,63424,5285.3,5232.0,5120,5696,177.8,"void at::native::vectorized_elementwise_kernel<(int)4, at::native::exp_kernel_cuda(at::TensorIteratorBase &)::[lambda() (instance 2)]::operator ()() const::[lambda() (instance 2)]::operator ()() const::[lambda(float) (instance 1)], std::array<char *, (unsigned long)2>>(int, T2, T3)"
PyTorch:BasicsTransformerLM.layers.28,PushPop,30,30,12,12,60832,5069.3,4992.0,4864,5696,228.5,"void at::native::vectorized_elementwise_kernel<(int)4, at::native::BUnaryFunctor<float, float, float, at::native::binary_internal::MulFunctor<float>>, std::array<char *, (unsigned long)2>>(int, T2, T3)"
PyTorch:BasicsTransformerLM.layers.28,PushPop,30,30,12,24,57888,2412.0,2416.0,2304,2656,88.9,"void at::native::vectorized_elementwise_kernel<(int)4, void at::native::<unnamed>::pow_tensor_scalar_kernel_impl<float, float>(at::TensorIteratorBase &, T2)::[lambda(float) (instance 1)], std::array<char *, (unsigned long)2>>(int, T2, T3)"
PyTorch:BasicsTransformerLM.layers.28,PushPop,30,30,12,24,35007,1458.6,1536.0,1152,1696,144.9,"void at::native::vectorized_elementwise_kernel<(int)4, at::native::CUDAFunctorOnSelf_add<float>, std::array<char *, (unsigned long)2>>(int, T2, T3)"
PyTorch:BasicsTransformerLM.layers.28,PushPop,30,30,12,24,34752,1448.0,1456.0,1280,1696,77.4,"void at::native::vectorized_elementwise_kernel<(int)4, at::native::rsqrt_kernel_cuda(at::TensorIteratorBase &)::[lambda() (instance 2)]::operator ()() const::[lambda() (instance 2)]::operator ()() const::[lambda(float) (instance 1)], std::array<char *, (unsigned long)2>>(int, T2, T3)"
PyTorch:BasicsTransformerLM.layers.28,PushPop,30,30,12,12,31424,2618.7,2672.0,2400,2784,129.3,"void at::native::elementwise_kernel<(int)128, (int)4, void at::native::gpu_kernel_impl_nocast<at::native::<unnamed>::CompareFunctor<long>>(at::TensorIteratorBase &, const T1 &)::[lambda(int) (instance 1)]>(int, T3)"
PyTorch:BasicsTransformerLM.layers.28,PushPop,30,30,12,12,12704,1058.7,1088.0,928,1408,136.1,"void at::native::vectorized_elementwise_kernel<(int)4, at::native::FillFunctor<float>, std::array<char *, (unsigned long)1>>(int, T2, T3)"
PyTorch:BasicsTransformerLM.layers.28,PushPop,30,30,12,12,12608,1050.7,992.0,960,1408,137.7,"void <unnamed>::elementwise_kernel_with_index<int, at::native::arange_cuda_out(const c10::Scalar &, const c10::Scalar &, const c10::Scalar &, at::Tensor &)::[lambda() (instance 1)]::operator ()() const::[lambda() (instance 4)]::operator ()() const::[lambda(long) (instance 1)]>(T1, T2, function_traits<T2>::result_type *)"
PyTorch:BasicsTransformerLM.layers.28.attn,PushPop,30,30,12,48,4516687,94097.6,93903.5,93376,98079,730.8,cutlass3x_sm100_simt_sgemm_f32_f32_f32_f32_f32_64x32x16_1x1x1_3_tnn_align1_bias_f32_relu
PyTorch:BasicsTransformerLM.layers.28.attn,PushPop,30,30,12,96,325535,3391.0,3424.0,3072,3904,185.0,"void at::native::elementwise_kernel<(int)128, (int)2, void at::native::gpu_kernel_impl_nocast<at::native::BinaryFunctor<float, float, float, at::native::binary_internal::MulFunctor<float>>>(at::TensorIteratorBase &, const T1 &)::[lambda(int) (instance 1)]>(int, T3)"
PyTorch:BasicsTransformerLM.layers.28.attn,PushPop,30,30,12,12,322591,26882.6,26832.0,26688,27520,217.7,cutlass3x_sm100_simt_sgemm_f32_f32_f32_f32_f32_128x64x16_1x1x1_3_tnn_align1_bias_f32_relu
PyTorch:BasicsTransformerLM.layers.28.attn,PushPop,30,30,12,12,254877,21239.8,21184.0,21119,21824,188.3,cutlass3x_sm100_simt_sgemm_f32_f32_f32_f32_f32_64x32x16_1x1x1_3_nnn_align1_bias_f32_relu
PyTorch:BasicsTransformerLM.layers.28.attn,PushPop,30,30,12,24,217632,9068.0,9072.0,8896,9248,109.2,"void at::native::<unnamed>::CatArrayBatchedCopy<at::native::<unnamed>::OpaqueType<(unsigned int)4>, unsigned int, (int)4, (int)64, (int)64>(T1 *, at::native::<unnamed>::CatArrInputTensorMetadata<T1, T2, T4, T5>, at::native::<unnamed>::TensorSizeStride<T2, (unsigned int)4>, int, T2)"
PyTorch:BasicsTransformerLM.layers.28.attn,PushPop,30,30,12,12,183039,15253.3,15216.0,15104,15552,135.4,"void at::native::elementwise_kernel<(int)128, (int)2, void at::native::gpu_kernel_impl_nocast<at::native::BinaryFunctor<float, float, float, at::native::binary_internal::DivFunctor<float>>>(at::TensorIteratorBase &, const T1 &)::[lambda(int) (instance 1)]>(int, T3)"
PyTorch:BasicsTransformerLM.layers.28.attn,PushPop,30,30,12,12,158048,13170.7,13152.0,13088,13440,88.9,"void at::native::reduce_kernel<(int)512, (int)1, at::native::ReduceOp<float, at::native::MaxOps<float>, unsigned int, float, (int)4, (int)4>>(T3)"
PyTorch:BasicsTransformerLM.layers.28.attn,PushPop,30,30,12,12,157760,13146.7,13120.0,12960,13344,101.0,"void at::native::elementwise_kernel<(int)128, (int)2, void at::native::gpu_kernel_impl_nocast<at::native::<unnamed>::where_kernel_impl(at::TensorIterator &)::[lambda() (instance 1)]::operator ()() const::[lambda() (instance 11)]::operator ()() const::[lambda(bool, float, float) (instance 1)]>(at::TensorIteratorBase &, const T1 &)::[lambda(int) (instance 1)]>(int, T3)"
PyTorch:BasicsTransformerLM.layers.28.attn,PushPop,30,30,12,12,153120,12760.0,12720.0,12672,12960,92.7,"void at::native::elementwise_kernel<(int)128, (int)2, void at::native::gpu_kernel_impl_nocast<at::native::CUDAFunctor_add<float>>(at::TensorIteratorBase &, const T1 &)::[lambda(int) (instance 1)]>(int, T3)"
PyTorch:BasicsTransformerLM.layers.28.attn,PushPop,30,30,12,24,133951,5581.3,5536.0,4576,6688,996.1,"void at::native::elementwise_kernel<(int)128, (int)2, void at::native::gpu_kernel_impl_nocast<at::native::direct_copy_kernel_cuda(at::TensorIteratorBase &)::[lambda() (instance 3)]::operator ()() const::[lambda() (instance 7)]::operator ()() const::[lambda(float) (instance 1)]>(at::TensorIteratorBase &, const T1 &)::[lambda(int) (instance 1)]>(int, T3)"
PyTorch:BasicsTransformerLM.layers.28.attn,PushPop,30,30,12,48,102880,2143.3,2144.0,1952,2400,85.4,"void at::native::vectorized_elementwise_kernel<(int)4, at::native::CUDAFunctor_add<float>, std::array<char *, (unsigned long)3>>(int, T2, T3)"
PyTorch:BasicsTransformerLM.layers.28.attn,PushPop,30,30,12,12,84832,7069.3,7040.0,6976,7296,98.8,"void at::native::reduce_kernel<(int)512, (int)1, at::native::ReduceOp<float, at::native::func_wrapper_t<float, at::native::sum_functor<float, float, float>::operator ()(at::TensorIterator &)::[lambda(float, float) (instance 1)]>, unsigned int, float, (int)4, (int)4>>(T3)"
PyTorch:BasicsTransformerLM.layers.28.attn,PushPop,30,30,12,12,63424,5285.3,5232.0,5120,5696,177.8,"void at::native::vectorized_elementwise_kernel<(int)4, at::native::exp_kernel_cuda(at::TensorIteratorBase &)::[lambda() (instance 2)]::operator ()() const::[lambda() (instance 2)]::operator ()() const::[lambda(float) (instance 1)], std::array<char *, (unsigned long)2>>(int, T2, T3)"
PyTorch:BasicsTransformerLM.layers.28.attn,PushPop,30,30,12,12,60832,5069.3,4992.0,4864,5696,228.5,"void at::native::vectorized_elementwise_kernel<(int)4, at::native::BUnaryFunctor<float, float, float, at::native::binary_internal::MulFunctor<float>>, std::array<char *, (unsigned long)2>>(int, T2, T3)"
PyTorch:BasicsTransformerLM.layers.28.attn,PushPop,30,30,12,12,31424,2618.7,2672.0,2400,2784,129.3,"void at::native::elementwise_kernel<(int)128, (int)4, void at::native::gpu_kernel_impl_nocast<at::native::<unnamed>::CompareFunctor<long>>(at::TensorIteratorBase &, const T1 &)::[lambda(int) (instance 1)]>(int, T3)"
PyTorch:BasicsTransformerLM.layers.28.attn,PushPop,30,30,12,12,12704,1058.7,1088.0,928,1408,136.1,"void at::native::vectorized_elementwise_kernel<(int)4, at::native::FillFunctor<float>, std::array<char *, (unsigned long)1>>(int, T2, T3)"
PyTorch:BasicsTransformerLM.layers.28.attn,PushPop,30,30,12,12,12608,1050.7,992.0,960,1408,137.7,"void <unnamed>::elementwise_kernel_with_index<int, at::native::arange_cuda_out(const c10::Scalar &, const c10::Scalar &, const c10::Scalar &, at::Tensor &)::[lambda() (instance 1)]::operator ()() const::[lambda() (instance 4)]::operator ()() const::[lambda(long) (instance 1)]>(T1, T2, function_traits<T2>::result_type *)"
PyTorch:BasicsTransformerLM.layers.28.attn.k_proj,PushPop,30,30,12,12,1127259,93938.3,93823.5,93632,95135,415.8,cutlass3x_sm100_simt_sgemm_f32_f32_f32_f32_f32_64x32x16_1x1x1_3_tnn_align1_bias_f32_relu
PyTorch:BasicsTransformerLM.layers.28.attn.output_proj,PushPop,30,30,12,12,1137115,94759.6,94496.0,94272,98079,1049.9,cutlass3x_sm100_simt_sgemm_f32_f32_f32_f32_f32_64x32x16_1x1x1_3_tnn_align1_bias_f32_relu
PyTorch:BasicsTransformerLM.layers.28.attn.q_proj,PushPop,30,30,12,12,1126079,93839.9,93712.0,93376,95168,472.4,cutlass3x_sm100_simt_sgemm_f32_f32_f32_f32_f32_64x32x16_1x1x1_3_tnn_align1_bias_f32_relu
PyTorch:BasicsTransformerLM.layers.28.attn.v_proj,PushPop,30,30,12,12,1126234,93852.8,93760.0,93471,94912,374.4,cutlass3x_sm100_simt_sgemm_f32_f32_f32_f32_f32_64x32x16_1x1x1_3_tnn_align1_bias_f32_relu
PyTorch:BasicsTransformerLM.layers.28.ffn,PushPop,30,30,12,24,7517799,313241.6,312463.0,311935,323071,2695.4,cutlass3x_sm100_simt_sgemm_f32_f32_f32_f32_f32_64x128x16_1x1x1_3_tnn_align1_bias_f32_relu
PyTorch:BasicsTransformerLM.layers.28.ffn,PushPop,30,30,12,12,4332177,361014.8,360527.0,359518,368095,2286.9,cutlass3x_sm100_simt_sgemm_f32_f32_f32_f32_f32_64x32x16_1x1x1_3_tnn_align1_bias_f32_relu
PyTorch:BasicsTransformerLM.layers.28.ffn,PushPop,30,30,12,24,153119,6380.0,6464.0,5472,7392,725.5,"void at::native::vectorized_elementwise_kernel<(int)4, at::native::BinaryFunctor<float, float, float, at::native::binary_internal::MulFunctor<float>>, std::array<char *, (unsigned long)3>>(int, T2, T3)"
PyTorch:BasicsTransformerLM.layers.28.ffn,PushPop,30,30,12,12,71328,5944.0,5808.0,5760,6944,348.4,"void at::native::vectorized_elementwise_kernel<(int)4, at::native::sigmoid_kernel_cuda(at::TensorIteratorBase &)::[lambda() (instance 2)]::operator ()() const::[lambda() (instance 2)]::operator ()() const::[lambda(float) (instance 1)], std::array<char *, (unsigned long)2>>(int, T2, T3)"
PyTorch:BasicsTransformerLM.layers.28.ffn.w1,PushPop,30,30,12,12,3762227,313518.9,312735.0,312127,323071,3019.6,cutlass3x_sm100_simt_sgemm_f32_f32_f32_f32_f32_64x128x16_1x1x1_3_tnn_align1_bias_f32_relu
PyTorch:BasicsTransformerLM.layers.28.ffn.w2,PushPop,30,30,12,12,4332177,361014.8,360527.0,359518,368095,2286.9,cutlass3x_sm100_simt_sgemm_f32_f32_f32_f32_f32_64x32x16_1x1x1_3_tnn_align1_bias_f32_relu
PyTorch:BasicsTransformerLM.layers.28.ffn.w3,PushPop,30,30,12,12,3755572,312964.3,312239.0,311935,320639,2429.9,cutlass3x_sm100_simt_sgemm_f32_f32_f32_f32_f32_64x128x16_1x1x1_3_tnn_align1_bias_f32_relu
PyTorch:BasicsTransformerLM.layers.28.ln1,PushPop,30,30,12,24,111392,4641.3,4608.0,4544,4960,96.9,"void at::native::elementwise_kernel<(int)128, (int)2, void at::native::gpu_kernel_impl_nocast<at::native::BinaryFunctor<float, float, float, at::native::binary_internal::MulFunctor<float>>>(at::TensorIteratorBase &, const T1 &)::[lambda(int) (instance 1)]>(int, T3)"
PyTorch:BasicsTransformerLM.layers.28.ln1,PushPop,30,30,12,12,71871,5989.3,5984.0,5888,6144,82.6,"void at::native::reduce_kernel<(int)512, (int)1, at::native::ReduceOp<float, at::native::MeanOps<float, float, float, float>, unsigned int, float, (int)4, (int)4>>(T3)"
PyTorch:BasicsTransformerLM.layers.28.ln1,PushPop,30,30,12,12,28960,2413.3,2352.0,2304,2656,123.2,"void at::native::vectorized_elementwise_kernel<(int)4, void at::native::<unnamed>::pow_tensor_scalar_kernel_impl<float, float>(at::TensorIteratorBase &, T2)::[lambda(float) (instance 1)], std::array<char *, (unsigned long)2>>(int, T2, T3)"
PyTorch:BasicsTransformerLM.layers.28.ln1,PushPop,30,30,12,12,17919,1493.3,1536.0,1184,1696,141.9,"void at::native::vectorized_elementwise_kernel<(int)4, at::native::CUDAFunctorOnSelf_add<float>, std::array<char *, (unsigned long)2>>(int, T2, T3)"
PyTorch:BasicsTransformerLM.layers.28.ln1,PushPop,30,30,12,12,17408,1450.7,1472.0,1312,1504,47.9,"void at::native::vectorized_elementwise_kernel<(int)4, at::native::rsqrt_kernel_cuda(at::TensorIteratorBase &)::[lambda() (instance 2)]::operator ()() const::[lambda() (instance 2)]::operator ()() const::[lambda(float) (instance 1)], std::array<char *, (unsigned long)2>>(int, T2, T3)"
PyTorch:BasicsTransformerLM.layers.28.ln2,PushPop,30,30,12,24,113664,4736.0,4736.0,4608,4896,71.9,"void at::native::elementwise_kernel<(int)128, (int)2, void at::native::gpu_kernel_impl_nocast<at::native::BinaryFunctor<float, float, float, at::native::binary_internal::MulFunctor<float>>>(at::TensorIteratorBase &, const T1 &)::[lambda(int) (instance 1)]>(int, T3)"
PyTorch:BasicsTransformerLM.layers.28.ln2,PushPop,30,30,12,12,72576,6048.0,6048.0,5952,6112,52.8,"void at::native::reduce_kernel<(int)512, (int)1, at::native::ReduceOp<float, at::native::MeanOps<float, float, float, float>, unsigned int, float, (int)4, (int)4>>(T3)"
PyTorch:BasicsTransformerLM.layers.28.ln2,PushPop,30,30,12,12,28928,2410.7,2432.0,2336,2464,37.0,"void at::native::vectorized_elementwise_kernel<(int)4, void at::native::<unnamed>::pow_tensor_scalar_kernel_impl<float, float>(at::TensorIteratorBase &, T2)::[lambda(float) (instance 1)], std::array<char *, (unsigned long)2>>(int, T2, T3)"
PyTorch:BasicsTransformerLM.layers.28.ln2,PushPop,30,30,12,12,17344,1445.3,1440.0,1280,1696,101.0,"void at::native::vectorized_elementwise_kernel<(int)4, at::native::rsqrt_kernel_cuda(at::TensorIteratorBase &)::[lambda() (instance 2)]::operator ()() const::[lambda() (instance 2)]::operator ()() const::[lambda(float) (instance 1)], std::array<char *, (unsigned long)2>>(int, T2, T3)"
PyTorch:BasicsTransformerLM.layers.28.ln2,PushPop,30,30,12,12,17088,1424.0,1456.0,1152,1568,145.4,"void at::native::vectorized_elementwise_kernel<(int)4, at::native::CUDAFunctorOnSelf_add<float>, std::array<char *, (unsigned long)2>>(int, T2, T3)"
PyTorch:BasicsTransformerLM.layers.29,PushPop,30,30,12,60,8847907,147465.1,94015.5,93440,366847,107792.4,cutlass3x_sm100_simt_sgemm_f32_f32_f32_f32_f32_64x32x16_1x1x1_3_tnn_align1_bias_f32_relu
PyTorch:BasicsTransformerLM.layers.29,PushPop,30,30,12,24,7514150,313089.6,312446.5,312031,321951,2424.5,cutlass3x_sm100_simt_sgemm_f32_f32_f32_f32_f32_64x128x16_1x1x1_3_tnn_align1_bias_f32_relu
PyTorch:BasicsTransformerLM.layers.29,PushPop,30,30,12,144,557788,3873.5,3488.0,3104,5120,641.0,"void at::native::elementwise_kernel<(int)128, (int)2, void at::native::gpu_kernel_impl_nocast<at::native::BinaryFunctor<float, float, float, at::native::binary_internal::MulFunctor<float>>>(at::TensorIteratorBase &, const T1 &)::[lambda(int) (instance 1)]>(int, T3)"
PyTorch:BasicsTransformerLM.layers.29,PushPop,30,30,12,12,322078,26839.8,26815.5,26688,27296,159.9,cutlass3x_sm100_simt_sgemm_f32_f32_f32_f32_f32_128x64x16_1x1x1_3_tnn_align1_bias_f32_relu
PyTorch:BasicsTransformerLM.layers.29,PushPop,30,30,12,12,253504,21125.3,21056.0,20992,21792,217.0,cutlass3x_sm100_simt_sgemm_f32_f32_f32_f32_f32_64x32x16_1x1x1_3_nnn_align1_bias_f32_relu
PyTorch:BasicsTransformerLM.layers.29,PushPop,30,30,12,24,217088,9045.3,9056.0,8800,9344,147.3,"void at::native::<unnamed>::CatArrayBatchedCopy<at::native::<unnamed>::OpaqueType<(unsigned int)4>, unsigned int, (int)4, (int)64, (int)64>(T1 *, at::native::<unnamed>::CatArrInputTensorMetadata<T1, T2, T4, T5>, at::native::<unnamed>::TensorSizeStride<T2, (unsigned int)4>, int, T2)"
PyTorch:BasicsTransformerLM.layers.29,PushPop,30,30,12,12,183391,15282.6,15264.0,15136,15552,97.9,"void at::native::elementwise_kernel<(int)128, (int)2, void at::native::gpu_kernel_impl_nocast<at::native::BinaryFunctor<float, float, float, at::native::binary_internal::DivFunctor<float>>>(at::TensorIteratorBase &, const T1 &)::[lambda(int) (instance 1)]>(int, T3)"
PyTorch:BasicsTransformerLM.layers.29,PushPop,30,30,12,72,182656,2536.9,2144.0,1888,3872,658.9,"void at::native::vectorized_elementwise_kernel<(int)4, at::native::CUDAFunctor_add<float>, std::array<char *, (unsigned long)3>>(int, T2, T3)"
PyTorch:BasicsTransformerLM.layers.29,PushPop,30,30,12,12,158848,13237.3,13104.0,13024,14528,417.1,"void at::native::reduce_kernel<(int)512, (int)1, at::native::ReduceOp<float, at::native::MaxOps<float>, unsigned int, float, (int)4, (int)4>>(T3)"
PyTorch:BasicsTransformerLM.layers.29,PushPop,30,30,12,12,157888,13157.3,13168.0,13024,13280,80.5,"void at::native::elementwise_kernel<(int)128, (int)2, void at::native::gpu_kernel_impl_nocast<at::native::<unnamed>::where_kernel_impl(at::TensorIterator &)::[lambda() (instance 1)]::operator ()() const::[lambda() (instance 11)]::operator ()() const::[lambda(bool, float, float) (instance 1)]>(at::TensorIteratorBase &, const T1 &)::[lambda(int) (instance 1)]>(int, T3)"
PyTorch:BasicsTransformerLM.layers.29,PushPop,30,30,12,24,154144,6422.7,6464.0,5472,7584,752.0,"void at::native::vectorized_elementwise_kernel<(int)4, at::native::BinaryFunctor<float, float, float, at::native::binary_internal::MulFunctor<float>>, std::array<char *, (unsigned long)3>>(int, T2, T3)"
PyTorch:BasicsTransformerLM.layers.29,PushPop,30,30,12,12,152992,12749.3,12720.0,12640,12896,91.0,"void at::native::elementwise_kernel<(int)128, (int)2, void at::native::gpu_kernel_impl_nocast<at::native::CUDAFunctor_add<float>>(at::TensorIteratorBase &, const T1 &)::[lambda(int) (instance 1)]>(int, T3)"
PyTorch:BasicsTransformerLM.layers.29,PushPop,30,30,12,24,145887,6078.6,6080.0,6015,6176,41.7,"void at::native::reduce_kernel<(int)512, (int)1, at::native::ReduceOp<float, at::native::MeanOps<float, float, float, float>, unsigned int, float, (int)4, (int)4>>(T3)"
PyTorch:BasicsTransformerLM.layers.29,PushPop,30,30,12,24,134911,5621.3,5552.0,4608,6752,988.5,"void at::native::elementwise_kernel<(int)128, (int)2, void at::native::gpu_kernel_impl_nocast<at::native::direct_copy_kernel_cuda(at::TensorIteratorBase &)::[lambda() (instance 3)]::operator ()() const::[lambda() (instance 7)]::operator ()() const::[lambda(float) (instance 1)]>(at::TensorIteratorBase &, const T1 &)::[lambda(int) (instance 1)]>(int, T3)"
PyTorch:BasicsTransformerLM.layers.29,PushPop,30,30,12,12,84384,7032.0,7040.0,6912,7136,61.2,"void at::native::reduce_kernel<(int)512, (int)1, at::native::ReduceOp<float, at::native::func_wrapper_t<float, at::native::sum_functor<float, float, float>::operator ()(at::TensorIterator &)::[lambda(float, float) (instance 1)]>, unsigned int, float, (int)4, (int)4>>(T3)"
PyTorch:BasicsTransformerLM.layers.29,PushPop,30,30,12,12,69312,5776.0,5776.0,5696,5888,63.3,"void at::native::vectorized_elementwise_kernel<(int)4, at::native::sigmoid_kernel_cuda(at::TensorIteratorBase &)::[lambda() (instance 2)]::operator ()() const::[lambda() (instance 2)]::operator ()() const::[lambda(float) (instance 1)], std::array<char *, (unsigned long)2>>(int, T2, T3)"
PyTorch:BasicsTransformerLM.layers.29,PushPop,30,30,12,12,62656,5221.3,5152.0,5056,5600,181.4,"void at::native::vectorized_elementwise_kernel<(int)4, at::native::exp_kernel_cuda(at::TensorIteratorBase &)::[lambda() (instance 2)]::operator ()() const::[lambda() (instance 2)]::operator ()() const::[lambda(float) (instance 1)], std::array<char *, (unsigned long)2>>(int, T2, T3)"
PyTorch:BasicsTransformerLM.layers.29,PushPop,30,30,12,12,61216,5101.3,5072.0,4896,5376,142.1,"void at::native::vectorized_elementwise_kernel<(int)4, at::native::BUnaryFunctor<float, float, float, at::native::binary_internal::MulFunctor<float>>, std::array<char *, (unsigned long)2>>(int, T2, T3)"
PyTorch:BasicsTransformerLM.layers.29,PushPop,30,30,12,24,58784,2449.3,2432.0,2336,2624,75.5,"void at::native::vectorized_elementwise_kernel<(int)4, void at::native::<unnamed>::pow_tensor_scalar_kernel_impl<float, float>(at::TensorIteratorBase &, T2)::[lambda(float) (instance 1)], std::array<char *, (unsigned long)2>>(int, T2, T3)"
PyTorch:BasicsTransformerLM.layers.29,PushPop,30,30,12,24,35776,1490.7,1520.0,1184,1792,168.5,"void at::native::vectorized_elementwise_kernel<(int)4, at::native::CUDAFunctorOnSelf_add<float>, std::array<char *, (unsigned long)2>>(int, T2, T3)"
PyTorch:BasicsTransformerLM.layers.29,PushPop,30,30,12,24,35328,1472.0,1472.0,1248,1696,101.6,"void at::native::vectorized_elementwise_kernel<(int)4, at::native::rsqrt_kernel_cuda(at::TensorIteratorBase &)::[lambda() (instance 2)]::operator ()() const::[lambda() (instance 2)]::operator ()() const::[lambda(float) (instance 1)], std::array<char *, (unsigned long)2>>(int, T2, T3)"
PyTorch:BasicsTransformerLM.layers.29,PushPop,30,30,12,12,30976,2581.3,2592.0,2496,2720,68.7,"void at::native::elementwise_kernel<(int)128, (int)4, void at::native::gpu_kernel_impl_nocast<at::native::<unnamed>::CompareFunctor<long>>(at::TensorIteratorBase &, const T1 &)::[lambda(int) (instance 1)]>(int, T3)"
PyTorch:BasicsTransformerLM.layers.29,PushPop,30,30,12,12,12480,1040.0,1072.0,928,1152,90.0,"void at::native::vectorized_elementwise_kernel<(int)4, at::native::FillFunctor<float>, std::array<char *, (unsigned long)1>>(int, T2, T3)"
PyTorch:BasicsTransformerLM.layers.29,PushPop,30,30,12,12,12416,1034.7,992.0,960,1184,85.6,"void <unnamed>::elementwise_kernel_with_index<int, at::native::arange_cuda_out(const c10::Scalar &, const c10::Scalar &, const c10::Scalar &, at::Tensor &)::[lambda() (instance 1)]::operator ()() const::[lambda() (instance 4)]::operator ()() const::[lambda(long) (instance 1)]>(T1, T2, function_traits<T2>::result_type *)"
PyTorch:BasicsTransformerLM.layers.29.attn,PushPop,30,30,12,48,4513074,94022.4,93759.5,93440,97183,707.3,cutlass3x_sm100_simt_sgemm_f32_f32_f32_f32_f32_64x32x16_1x1x1_3_tnn_align1_bias_f32_relu
PyTorch:BasicsTransformerLM.layers.29.attn,PushPop,30,30,12,96,329758,3435.0,3456.0,3104,4064,174.6,"void at::native::elementwise_kernel<(int)128, (int)2, void at::native::gpu_kernel_impl_nocast<at::native::BinaryFunctor<float, float, float, at::native::binary_internal::MulFunctor<float>>>(at::TensorIteratorBase &, const T1 &)::[lambda(int) (instance 1)]>(int, T3)"
PyTorch:BasicsTransformerLM.layers.29.attn,PushPop,30,30,12,12,322078,26839.8,26815.5,26688,27296,159.9,cutlass3x_sm100_simt_sgemm_f32_f32_f32_f32_f32_128x64x16_1x1x1_3_tnn_align1_bias_f32_relu
PyTorch:BasicsTransformerLM.layers.29.attn,PushPop,30,30,12,12,253504,21125.3,21056.0,20992,21792,217.0,cutlass3x_sm100_simt_sgemm_f32_f32_f32_f32_f32_64x32x16_1x1x1_3_nnn_align1_bias_f32_relu
PyTorch:BasicsTransformerLM.layers.29.attn,PushPop,30,30,12,24,217088,9045.3,9056.0,8800,9344,147.3,"void at::native::<unnamed>::CatArrayBatchedCopy<at::native::<unnamed>::OpaqueType<(unsigned int)4>, unsigned int, (int)4, (int)64, (int)64>(T1 *, at::native::<unnamed>::CatArrInputTensorMetadata<T1, T2, T4, T5>, at::native::<unnamed>::TensorSizeStride<T2, (unsigned int)4>, int, T2)"
PyTorch:BasicsTransformerLM.layers.29.attn,PushPop,30,30,12,12,183391,15282.6,15264.0,15136,15552,97.9,"void at::native::elementwise_kernel<(int)128, (int)2, void at::native::gpu_kernel_impl_nocast<at::native::BinaryFunctor<float, float, float, at::native::binary_internal::DivFunctor<float>>>(at::TensorIteratorBase &, const T1 &)::[lambda(int) (instance 1)]>(int, T3)"
PyTorch:BasicsTransformerLM.layers.29.attn,PushPop,30,30,12,12,158848,13237.3,13104.0,13024,14528,417.1,"void at::native::reduce_kernel<(int)512, (int)1, at::native::ReduceOp<float, at::native::MaxOps<float>, unsigned int, float, (int)4, (int)4>>(T3)"
PyTorch:BasicsTransformerLM.layers.29.attn,PushPop,30,30,12,12,157888,13157.3,13168.0,13024,13280,80.5,"void at::native::elementwise_kernel<(int)128, (int)2, void at::native::gpu_kernel_impl_nocast<at::native::<unnamed>::where_kernel_impl(at::TensorIterator &)::[lambda() (instance 1)]::operator ()() const::[lambda() (instance 11)]::operator ()() const::[lambda(bool, float, float) (instance 1)]>(at::TensorIteratorBase &, const T1 &)::[lambda(int) (instance 1)]>(int, T3)"
PyTorch:BasicsTransformerLM.layers.29.attn,PushPop,30,30,12,12,152992,12749.3,12720.0,12640,12896,91.0,"void at::native::elementwise_kernel<(int)128, (int)2, void at::native::gpu_kernel_impl_nocast<at::native::CUDAFunctor_add<float>>(at::TensorIteratorBase &, const T1 &)::[lambda(int) (instance 1)]>(int, T3)"
PyTorch:BasicsTransformerLM.layers.29.attn,PushPop,30,30,12,24,134911,5621.3,5552.0,4608,6752,988.5,"void at::native::elementwise_kernel<(int)128, (int)2, void at::native::gpu_kernel_impl_nocast<at::native::direct_copy_kernel_cuda(at::TensorIteratorBase &)::[lambda() (instance 3)]::operator ()() const::[lambda() (instance 7)]::operator ()() const::[lambda(float) (instance 1)]>(at::TensorIteratorBase &, const T1 &)::[lambda(int) (instance 1)]>(int, T3)"
PyTorch:BasicsTransformerLM.layers.29.attn,PushPop,30,30,12,48,100000,2083.3,2080.0,1888,2272,74.5,"void at::native::vectorized_elementwise_kernel<(int)4, at::native::CUDAFunctor_add<float>, std::array<char *, (unsigned long)3>>(int, T2, T3)"
PyTorch:BasicsTransformerLM.layers.29.attn,PushPop,30,30,12,12,84384,7032.0,7040.0,6912,7136,61.2,"void at::native::reduce_kernel<(int)512, (int)1, at::native::ReduceOp<float, at::native::func_wrapper_t<float, at::native::sum_functor<float, float, float>::operator ()(at::TensorIterator &)::[lambda(float, float) (instance 1)]>, unsigned int, float, (int)4, (int)4>>(T3)"
PyTorch:BasicsTransformerLM.layers.29.attn,PushPop,30,30,12,12,62656,5221.3,5152.0,5056,5600,181.4,"void at::native::vectorized_elementwise_kernel<(int)4, at::native::exp_kernel_cuda(at::TensorIteratorBase &)::[lambda() (instance 2)]::operator ()() const::[lambda() (instance 2)]::operator ()() const::[lambda(float) (instance 1)], std::array<char *, (unsigned long)2>>(int, T2, T3)"
PyTorch:BasicsTransformerLM.layers.29.attn,PushPop,30,30,12,12,61216,5101.3,5072.0,4896,5376,142.1,"void at::native::vectorized_elementwise_kernel<(int)4, at::native::BUnaryFunctor<float, float, float, at::native::binary_internal::MulFunctor<float>>, std::array<char *, (unsigned long)2>>(int, T2, T3)"
PyTorch:BasicsTransformerLM.layers.29.attn,PushPop,30,30,12,12,30976,2581.3,2592.0,2496,2720,68.7,"void at::native::elementwise_kernel<(int)128, (int)4, void at::native::gpu_kernel_impl_nocast<at::native::<unnamed>::CompareFunctor<long>>(at::TensorIteratorBase &, const T1 &)::[lambda(int) (instance 1)]>(int, T3)"
PyTorch:BasicsTransformerLM.layers.29.attn,PushPop,30,30,12,12,12480,1040.0,1072.0,928,1152,90.0,"void at::native::vectorized_elementwise_kernel<(int)4, at::native::FillFunctor<float>, std::array<char *, (unsigned long)1>>(int, T2, T3)"
PyTorch:BasicsTransformerLM.layers.29.attn,PushPop,30,30,12,12,12416,1034.7,992.0,960,1184,85.6,"void <unnamed>::elementwise_kernel_with_index<int, at::native::arange_cuda_out(const c10::Scalar &, const c10::Scalar &, const c10::Scalar &, at::Tensor &)::[lambda() (instance 1)]::operator ()() const::[lambda() (instance 4)]::operator ()() const::[lambda(long) (instance 1)]>(T1, T2, function_traits<T2>::result_type *)"
PyTorch:BasicsTransformerLM.layers.29.attn.k_proj,PushPop,30,30,12,12,1128191,94015.9,93775.5,93568,96320,763.0,cutlass3x_sm100_simt_sgemm_f32_f32_f32_f32_f32_64x32x16_1x1x1_3_tnn_align1_bias_f32_relu
PyTorch:BasicsTransformerLM.layers.29.attn.output_proj,PushPop,30,30,12,12,1134364,94530.3,94288.0,94047,97183,847.7,cutlass3x_sm100_simt_sgemm_f32_f32_f32_f32_f32_64x32x16_1x1x1_3_tnn_align1_bias_f32_relu
PyTorch:BasicsTransformerLM.layers.29.attn.q_proj,PushPop,30,30,12,12,1126109,93842.4,93711.5,93536,95487,535.9,cutlass3x_sm100_simt_sgemm_f32_f32_f32_f32_f32_64x32x16_1x1x1_3_tnn_align1_bias_f32_relu
PyTorch:BasicsTransformerLM.layers.29.attn.v_proj,PushPop,30,30,12,12,1124410,93700.8,93551.5,93440,94687,346.3,cutlass3x_sm100_simt_sgemm_f32_f32_f32_f32_f32_64x32x16_1x1x1_3_tnn_align1_bias_f32_relu
PyTorch:BasicsTransformerLM.layers.29.ffn,PushPop,30,30,12,24,7514150,313089.6,312446.5,312031,321951,2424.5,cutlass3x_sm100_simt_sgemm_f32_f32_f32_f32_f32_64x128x16_1x1x1_3_tnn_align1_bias_f32_relu
PyTorch:BasicsTransformerLM.layers.29.ffn,PushPop,30,30,12,12,4334833,361236.1,360862.5,359550,366847,1882.0,cutlass3x_sm100_simt_sgemm_f32_f32_f32_f32_f32_64x32x16_1x1x1_3_tnn_align1_bias_f32_relu
PyTorch:BasicsTransformerLM.layers.29.ffn,PushPop,30,30,12,24,154144,6422.7,6464.0,5472,7584,752.0,"void at::native::vectorized_elementwise_kernel<(int)4, at::native::BinaryFunctor<float, float, float, at::native::binary_internal::MulFunctor<float>>, std::array<char *, (unsigned long)3>>(int, T2, T3)"
PyTorch:BasicsTransformerLM.layers.29.ffn,PushPop,30,30,12,12,69312,5776.0,5776.0,5696,5888,63.3,"void at::native::vectorized_elementwise_kernel<(int)4, at::native::sigmoid_kernel_cuda(at::TensorIteratorBase &)::[lambda() (instance 2)]::operator ()() const::[lambda() (instance 2)]::operator ()() const::[lambda(float) (instance 1)], std::array<char *, (unsigned long)2>>(int, T2, T3)"
PyTorch:BasicsTransformerLM.layers.29.ffn.w1,PushPop,30,30,12,12,3759634,313302.8,312495.0,312255,321951,2729.2,cutlass3x_sm100_simt_sgemm_f32_f32_f32_f32_f32_64x128x16_1x1x1_3_tnn_align1_bias_f32_relu
PyTorch:BasicsTransformerLM.layers.29.ffn.w2,PushPop,30,30,12,12,4334833,361236.1,360862.5,359550,366847,1882.0,cutlass3x_sm100_simt_sgemm_f32_f32_f32_f32_f32_64x32x16_1x1x1_3_tnn_align1_bias_f32_relu
PyTorch:BasicsTransformerLM.layers.29.ffn.w3,PushPop,30,30,12,12,3754516,312876.3,312239.0,312031,319775,2177.9,cutlass3x_sm100_simt_sgemm_f32_f32_f32_f32_f32_64x128x16_1x1x1_3_tnn_align1_bias_f32_relu
PyTorch:BasicsTransformerLM.layers.29.ln1,PushPop,30,30,12,24,114015,4750.6,4736.0,4640,5120,117.1,"void at::native::elementwise_kernel<(int)128, (int)2, void at::native::gpu_kernel_impl_nocast<at::native::BinaryFunctor<float, float, float, at::native::binary_internal::MulFunctor<float>>>(at::TensorIteratorBase &, const T1 &)::[lambda(int) (instance 1)]>(int, T3)"
PyTorch:BasicsTransformerLM.layers.29.ln1,PushPop,30,30,12,12,72767,6063.9,6064.0,6015,6112,32.1,"void at::native::reduce_kernel<(int)512, (int)1, at::native::ReduceOp<float, at::native::MeanOps<float, float, float, float>, unsigned int, float, (int)4, (int)4>>(T3)"
PyTorch:BasicsTransformerLM.layers.29.ln1,PushPop,30,30,12,12,29696,2474.7,2480.0,2336,2624,91.9,"void at::native::vectorized_elementwise_kernel<(int)4, void at::native::<unnamed>::pow_tensor_scalar_kernel_impl<float, float>(at::TensorIteratorBase &, T2)::[lambda(float) (instance 1)], std::array<char *, (unsigned long)2>>(int, T2, T3)"
PyTorch:BasicsTransformerLM.layers.29.ln1,PushPop,30,30,12,12,18048,1504.0,1472.0,1440,1696,80.7,"void at::native::vectorized_elementwise_kernel<(int)4, at::native::rsqrt_kernel_cuda(at::TensorIteratorBase &)::[lambda() (instance 2)]::operator ()() const::[lambda() (instance 2)]::operator ()() const::[lambda(float) (instance 1)], std::array<char *, (unsigned long)2>>(int, T2, T3)"
PyTorch:BasicsTransformerLM.layers.29.ln1,PushPop,30,30,12,12,17952,1496.0,1536.0,1184,1792,175.3,"void at::native::vectorized_elementwise_kernel<(int)4, at::native::CUDAFunctorOnSelf_add<float>, std::array<char *, (unsigned long)2>>(int, T2, T3)"
PyTorch:BasicsTransformerLM.layers.29.ln2,PushPop,30,30,12,24,114015,4750.6,4736.0,4640,4928,81.2,"void at::native::elementwise_kernel<(int)128, (int)2, void at::native::gpu_kernel_impl_nocast<at::native::BinaryFunctor<float, float, float, at::native::binary_internal::MulFunctor<float>>>(at::TensorIteratorBase &, const T1 &)::[lambda(int) (instance 1)]>(int, T3)"
PyTorch:BasicsTransformerLM.layers.29.ln2,PushPop,30,30,12,12,73120,6093.3,6096.0,6016,6176,46.2,"void at::native::reduce_kernel<(int)512, (int)1, at::native::ReduceOp<float, at::native::MeanOps<float, float, float, float>, unsigned int, float, (int)4, (int)4>>(T3)"
PyTorch:BasicsTransformerLM.layers.29.ln2,PushPop,30,30,12,12,29088,2424.0,2432.0,2368,2528,45.5,"void at::native::vectorized_elementwise_kernel<(int)4, void at::native::<unnamed>::pow_tensor_scalar_kernel_impl<float, float>(at::TensorIteratorBase &, T2)::[lambda(float) (instance 1)], std::array<char *, (unsigned long)2>>(int, T2, T3)"
PyTorch:BasicsTransformerLM.layers.29.ln2,PushPop,30,30,12,12,17824,1485.3,1504.0,1280,1792,169.0,"void at::native::vectorized_elementwise_kernel<(int)4, at::native::CUDAFunctorOnSelf_add<float>, std::array<char *, (unsigned long)2>>(int, T2, T3)"
PyTorch:BasicsTransformerLM.layers.29.ln2,PushPop,30,30,12,12,17280,1440.0,1440.0,1248,1696,113.3,"void at::native::vectorized_elementwise_kernel<(int)4, at::native::rsqrt_kernel_cuda(at::TensorIteratorBase &)::[lambda() (instance 2)]::operator ()() const::[lambda() (instance 2)]::operator ()() const::[lambda(float) (instance 1)], std::array<char *, (unsigned long)2>>(int, T2, T3)"
PyTorch:BasicsTransformerLM.layers.3,PushPop,30,30,12,60,8826084,147101.4,93584.0,93087,375455,107705.8,cutlass3x_sm100_simt_sgemm_f32_f32_f32_f32_f32_64x32x16_1x1x1_3_tnn_align1_bias_f32_relu
PyTorch:BasicsTransformerLM.layers.3,PushPop,30,30,12,24,7501350,312556.3,311535.0,310975,325599,3521.8,cutlass3x_sm100_simt_sgemm_f32_f32_f32_f32_f32_64x128x16_1x1x1_3_tnn_align1_bias_f32_relu
PyTorch:BasicsTransformerLM.layers.3,PushPop,30,30,12,144,554590,3851.3,3488.0,3104,4928,637.5,"void at::native::elementwise_kernel<(int)128, (int)2, void at::native::gpu_kernel_impl_nocast<at::native::BinaryFunctor<float, float, float, at::native::binary_internal::MulFunctor<float>>>(at::TensorIteratorBase &, const T1 &)::[lambda(int) (instance 1)]>(int, T3)"
PyTorch:BasicsTransformerLM.layers.3,PushPop,30,30,12,12,322075,26839.6,26784.0,26624,27487,229.3,cutlass3x_sm100_simt_sgemm_f32_f32_f32_f32_f32_128x64x16_1x1x1_3_tnn_align1_bias_f32_relu
PyTorch:BasicsTransformerLM.layers.3,PushPop,30,30,12,12,252896,21074.7,20992.0,20928,21696,211.6,cutlass3x_sm100_simt_sgemm_f32_f32_f32_f32_f32_64x32x16_1x1x1_3_nnn_align1_bias_f32_relu
PyTorch:BasicsTransformerLM.layers.3,PushPop,30,30,12,24,217215,9050.6,9040.0,8800,9408,161.7,"void at::native::<unnamed>::CatArrayBatchedCopy<at::native::<unnamed>::OpaqueType<(unsigned int)4>, unsigned int, (int)4, (int)64, (int)64>(T1 *, at::native::<unnamed>::CatArrInputTensorMetadata<T1, T2, T4, T5>, at::native::<unnamed>::TensorSizeStride<T2, (unsigned int)4>, int, T2)"
PyTorch:BasicsTransformerLM.layers.3,PushPop,30,30,12,12,183775,15314.6,15296.0,15168,15647,142.5,"void at::native::elementwise_kernel<(int)128, (int)2, void at::native::gpu_kernel_impl_nocast<at::native::BinaryFunctor<float, float, float, at::native::binary_internal::DivFunctor<float>>>(at::TensorIteratorBase &, const T1 &)::[lambda(int) (instance 1)]>(int, T3)"
PyTorch:BasicsTransformerLM.layers.3,PushPop,30,30,12,72,183294,2545.8,2160.0,1920,3648,626.7,"void at::native::vectorized_elementwise_kernel<(int)4, at::native::CUDAFunctor_add<float>, std::array<char *, (unsigned long)3>>(int, T2, T3)"
PyTorch:BasicsTransformerLM.layers.3,PushPop,30,30,12,12,159296,13274.7,13152.0,13024,14816,488.7,"void at::native::reduce_kernel<(int)512, (int)1, at::native::ReduceOp<float, at::native::MaxOps<float>, unsigned int, float, (int)4, (int)4>>(T3)"
PyTorch:BasicsTransformerLM.layers.3,PushPop,30,30,12,12,157728,13144.0,13120.0,12992,13312,93.7,"void at::native::elementwise_kernel<(int)128, (int)2, void at::native::gpu_kernel_impl_nocast<at::native::<unnamed>::where_kernel_impl(at::TensorIterator &)::[lambda() (instance 1)]::operator ()() const::[lambda() (instance 11)]::operator ()() const::[lambda(bool, float, float) (instance 1)]>(at::TensorIteratorBase &, const T1 &)::[lambda(int) (instance 1)]>(int, T3)"
PyTorch:BasicsTransformerLM.layers.3,PushPop,30,30,12,24,153888,6412.0,6480.0,5504,7456,773.2,"void at::native::vectorized_elementwise_kernel<(int)4, at::native::BinaryFunctor<float, float, float, at::native::binary_internal::MulFunctor<float>>, std::array<char *, (unsigned long)3>>(int, T2, T3)"
PyTorch:BasicsTransformerLM.layers.3,PushPop,30,30,12,12,152383,12698.6,12704.0,12607,12768,40.8,"void at::native::elementwise_kernel<(int)128, (int)2, void at::native::gpu_kernel_impl_nocast<at::native::CUDAFunctor_add<float>>(at::TensorIteratorBase &, const T1 &)::[lambda(int) (instance 1)]>(int, T3)"
PyTorch:BasicsTransformerLM.layers.3,PushPop,30,30,12,24,146112,6088.0,6080.0,6016,6208,54.4,"void at::native::reduce_kernel<(int)512, (int)1, at::native::ReduceOp<float, at::native::MeanOps<float, float, float, float>, unsigned int, float, (int)4, (int)4>>(T3)"
PyTorch:BasicsTransformerLM.layers.3,PushPop,30,30,12,24,135840,5660.0,5616.0,4640,7136,989.8,"void at::native::elementwise_kernel<(int)128, (int)2, void at::native::gpu_kernel_impl_nocast<at::native::direct_copy_kernel_cuda(at::TensorIteratorBase &)::[lambda() (instance 3)]::operator ()() const::[lambda() (instance 7)]::operator ()() const::[lambda(float) (instance 1)]>(at::TensorIteratorBase &, const T1 &)::[lambda(int) (instance 1)]>(int, T3)"
PyTorch:BasicsTransformerLM.layers.3,PushPop,30,30,12,12,85055,7087.9,7071.5,6944,7360,121.7,"void at::native::reduce_kernel<(int)512, (int)1, at::native::ReduceOp<float, at::native::func_wrapper_t<float, at::native::sum_functor<float, float, float>::operator ()(at::TensorIterator &)::[lambda(float, float) (instance 1)]>, unsigned int, float, (int)4, (int)4>>(T3)"
PyTorch:BasicsTransformerLM.layers.3,PushPop,30,30,12,12,70495,5874.6,5839.5,5728,6432,184.3,"void at::native::vectorized_elementwise_kernel<(int)4, at::native::sigmoid_kernel_cuda(at::TensorIteratorBase &)::[lambda() (instance 2)]::operator ()() const::[lambda() (instance 2)]::operator ()() const::[lambda(float) (instance 1)], std::array<char *, (unsigned long)2>>(int, T2, T3)"
PyTorch:BasicsTransformerLM.layers.3,PushPop,30,30,12,12,62624,5218.7,5168.0,5056,5632,181.8,"void at::native::vectorized_elementwise_kernel<(int)4, at::native::exp_kernel_cuda(at::TensorIteratorBase &)::[lambda() (instance 2)]::operator ()() const::[lambda() (instance 2)]::operator ()() const::[lambda(float) (instance 1)], std::array<char *, (unsigned long)2>>(int, T2, T3)"
PyTorch:BasicsTransformerLM.layers.3,PushPop,30,30,12,12,61535,5127.9,5072.0,4927,5792,265.0,"void at::native::vectorized_elementwise_kernel<(int)4, at::native::BUnaryFunctor<float, float, float, at::native::binary_internal::MulFunctor<float>>, std::array<char *, (unsigned long)2>>(int, T2, T3)"
PyTorch:BasicsTransformerLM.layers.3,PushPop,30,30,12,24,59168,2465.3,2464.0,2368,2688,84.7,"void at::native::vectorized_elementwise_kernel<(int)4, void at::native::<unnamed>::pow_tensor_scalar_kernel_impl<float, float>(at::TensorIteratorBase &, T2)::[lambda(float) (instance 1)], std::array<char *, (unsigned long)2>>(int, T2, T3)"
PyTorch:BasicsTransformerLM.layers.3,PushPop,30,30,12,24,36767,1532.0,1536.0,1344,1792,138.2,"void at::native::vectorized_elementwise_kernel<(int)4, at::native::CUDAFunctorOnSelf_add<float>, std::array<char *, (unsigned long)2>>(int, T2, T3)"
PyTorch:BasicsTransformerLM.layers.3,PushPop,30,30,12,24,36576,1524.0,1472.0,1408,1728,102.9,"void at::native::vectorized_elementwise_kernel<(int)4, at::native::rsqrt_kernel_cuda(at::TensorIteratorBase &)::[lambda() (instance 2)]::operator ()() const::[lambda() (instance 2)]::operator ()() const::[lambda(float) (instance 1)], std::array<char *, (unsigned long)2>>(int, T2, T3)"
PyTorch:BasicsTransformerLM.layers.3,PushPop,30,30,12,12,30656,2554.7,2528.0,2496,2688,69.4,"void at::native::elementwise_kernel<(int)128, (int)4, void at::native::gpu_kernel_impl_nocast<at::native::<unnamed>::CompareFunctor<long>>(at::TensorIteratorBase &, const T1 &)::[lambda(int) (instance 1)]>(int, T3)"
PyTorch:BasicsTransformerLM.layers.3,PushPop,30,30,12,12,13824,1152.0,1088.0,928,2176,332.8,"void at::native::vectorized_elementwise_kernel<(int)4, at::native::FillFunctor<float>, std::array<char *, (unsigned long)1>>(int, T2, T3)"
PyTorch:BasicsTransformerLM.layers.3,PushPop,30,30,12,12,12672,1056.0,1008.0,960,1216,91.5,"void <unnamed>::elementwise_kernel_with_index<int, at::native::arange_cuda_out(const c10::Scalar &, const c10::Scalar &, const c10::Scalar &, at::Tensor &)::[lambda() (instance 1)]::operator ()() const::[lambda() (instance 4)]::operator ()() const::[lambda(long) (instance 1)]>(T1, T2, function_traits<T2>::result_type *)"
PyTorch:BasicsTransformerLM.layers.3.attn,PushPop,30,30,12,48,4498065,93709.7,93519.0,93087,97855,775.6,cutlass3x_sm100_simt_sgemm_f32_f32_f32_f32_f32_64x32x16_1x1x1_3_tnn_align1_bias_f32_relu
PyTorch:BasicsTransformerLM.layers.3.attn,PushPop,30,30,12,96,327391,3410.3,3456.0,3104,3712,140.2,"void at::native::elementwise_kernel<(int)128, (int)2, void at::native::gpu_kernel_impl_nocast<at::native::BinaryFunctor<float, float, float, at::native::binary_internal::MulFunctor<float>>>(at::TensorIteratorBase &, const T1 &)::[lambda(int) (instance 1)]>(int, T3)"
PyTorch:BasicsTransformerLM.layers.3.attn,PushPop,30,30,12,12,322075,26839.6,26784.0,26624,27487,229.3,cutlass3x_sm100_simt_sgemm_f32_f32_f32_f32_f32_128x64x16_1x1x1_3_tnn_align1_bias_f32_relu
PyTorch:BasicsTransformerLM.layers.3.attn,PushPop,30,30,12,12,252896,21074.7,20992.0,20928,21696,211.6,cutlass3x_sm100_simt_sgemm_f32_f32_f32_f32_f32_64x32x16_1x1x1_3_nnn_align1_bias_f32_relu
PyTorch:BasicsTransformerLM.layers.3.attn,PushPop,30,30,12,24,217215,9050.6,9040.0,8800,9408,161.7,"void at::native::<unnamed>::CatArrayBatchedCopy<at::native::<unnamed>::OpaqueType<(unsigned int)4>, unsigned int, (int)4, (int)64, (int)64>(T1 *, at::native::<unnamed>::CatArrInputTensorMetadata<T1, T2, T4, T5>, at::native::<unnamed>::TensorSizeStride<T2, (unsigned int)4>, int, T2)"
PyTorch:BasicsTransformerLM.layers.3.attn,PushPop,30,30,12,12,183775,15314.6,15296.0,15168,15647,142.5,"void at::native::elementwise_kernel<(int)128, (int)2, void at::native::gpu_kernel_impl_nocast<at::native::BinaryFunctor<float, float, float, at::native::binary_internal::DivFunctor<float>>>(at::TensorIteratorBase &, const T1 &)::[lambda(int) (instance 1)]>(int, T3)"
PyTorch:BasicsTransformerLM.layers.3.attn,PushPop,30,30,12,12,159296,13274.7,13152.0,13024,14816,488.7,"void at::native::reduce_kernel<(int)512, (int)1, at::native::ReduceOp<float, at::native::MaxOps<float>, unsigned int, float, (int)4, (int)4>>(T3)"
PyTorch:BasicsTransformerLM.layers.3.attn,PushPop,30,30,12,12,157728,13144.0,13120.0,12992,13312,93.7,"void at::native::elementwise_kernel<(int)128, (int)2, void at::native::gpu_kernel_impl_nocast<at::native::<unnamed>::where_kernel_impl(at::TensorIterator &)::[lambda() (instance 1)]::operator ()() const::[lambda() (instance 11)]::operator ()() const::[lambda(bool, float, float) (instance 1)]>(at::TensorIteratorBase &, const T1 &)::[lambda(int) (instance 1)]>(int, T3)"
PyTorch:BasicsTransformerLM.layers.3.attn,PushPop,30,30,12,12,152383,12698.6,12704.0,12607,12768,40.8,"void at::native::elementwise_kernel<(int)128, (int)2, void at::native::gpu_kernel_impl_nocast<at::native::CUDAFunctor_add<float>>(at::TensorIteratorBase &, const T1 &)::[lambda(int) (instance 1)]>(int, T3)"
PyTorch:BasicsTransformerLM.layers.3.attn,PushPop,30,30,12,24,135840,5660.0,5616.0,4640,7136,989.8,"void at::native::elementwise_kernel<(int)128, (int)2, void at::native::gpu_kernel_impl_nocast<at::native::direct_copy_kernel_cuda(at::TensorIteratorBase &)::[lambda() (instance 3)]::operator ()() const::[lambda() (instance 7)]::operator ()() const::[lambda(float) (instance 1)]>(at::TensorIteratorBase &, const T1 &)::[lambda(int) (instance 1)]>(int, T3)"
PyTorch:BasicsTransformerLM.layers.3.attn,PushPop,30,30,12,48,101343,2111.3,2080.0,1920,2400,100.5,"void at::native::vectorized_elementwise_kernel<(int)4, at::native::CUDAFunctor_add<float>, std::array<char *, (unsigned long)3>>(int, T2, T3)"
PyTorch:BasicsTransformerLM.layers.3.attn,PushPop,30,30,12,12,85055,7087.9,7071.5,6944,7360,121.7,"void at::native::reduce_kernel<(int)512, (int)1, at::native::ReduceOp<float, at::native::func_wrapper_t<float, at::native::sum_functor<float, float, float>::operator ()(at::TensorIterator &)::[lambda(float, float) (instance 1)]>, unsigned int, float, (int)4, (int)4>>(T3)"
PyTorch:BasicsTransformerLM.layers.3.attn,PushPop,30,30,12,12,62624,5218.7,5168.0,5056,5632,181.8,"void at::native::vectorized_elementwise_kernel<(int)4, at::native::exp_kernel_cuda(at::TensorIteratorBase &)::[lambda() (instance 2)]::operator ()() const::[lambda() (instance 2)]::operator ()() const::[lambda(float) (instance 1)], std::array<char *, (unsigned long)2>>(int, T2, T3)"
PyTorch:BasicsTransformerLM.layers.3.attn,PushPop,30,30,12,12,61535,5127.9,5072.0,4927,5792,265.0,"void at::native::vectorized_elementwise_kernel<(int)4, at::native::BUnaryFunctor<float, float, float, at::native::binary_internal::MulFunctor<float>>, std::array<char *, (unsigned long)2>>(int, T2, T3)"
PyTorch:BasicsTransformerLM.layers.3.attn,PushPop,30,30,12,12,30656,2554.7,2528.0,2496,2688,69.4,"void at::native::elementwise_kernel<(int)128, (int)4, void at::native::gpu_kernel_impl_nocast<at::native::<unnamed>::CompareFunctor<long>>(at::TensorIteratorBase &, const T1 &)::[lambda(int) (instance 1)]>(int, T3)"
PyTorch:BasicsTransformerLM.layers.3.attn,PushPop,30,30,12,12,13824,1152.0,1088.0,928,2176,332.8,"void at::native::vectorized_elementwise_kernel<(int)4, at::native::FillFunctor<float>, std::array<char *, (unsigned long)1>>(int, T2, T3)"
PyTorch:BasicsTransformerLM.layers.3.attn,PushPop,30,30,12,12,12672,1056.0,1008.0,960,1216,91.5,"void <unnamed>::elementwise_kernel_with_index<int, at::native::arange_cuda_out(const c10::Scalar &, const c10::Scalar &, const c10::Scalar &, at::Tensor &)::[lambda() (instance 1)]::operator ()() const::[lambda() (instance 4)]::operator ()() const::[lambda(long) (instance 1)]>(T1, T2, function_traits<T2>::result_type *)"
PyTorch:BasicsTransformerLM.layers.3.attn.k_proj,PushPop,30,30,12,12,1122427,93535.6,93439.5,93216,94847,440.2,cutlass3x_sm100_simt_sgemm_f32_f32_f32_f32_f32_64x32x16_1x1x1_3_tnn_align1_bias_f32_relu
PyTorch:BasicsTransformerLM.layers.3.attn.output_proj,PushPop,30,30,12,12,1130748,94229.0,93840.0,93536,97855,1186.0,cutlass3x_sm100_simt_sgemm_f32_f32_f32_f32_f32_64x32x16_1x1x1_3_tnn_align1_bias_f32_relu
PyTorch:BasicsTransformerLM.layers.3.attn.q_proj,PushPop,30,30,12,12,1123740,93645.0,93487.5,93184,95392,592.6,cutlass3x_sm100_simt_sgemm_f32_f32_f32_f32_f32_64x32x16_1x1x1_3_tnn_align1_bias_f32_relu
PyTorch:BasicsTransformerLM.layers.3.attn.v_proj,PushPop,30,30,12,12,1121150,93429.2,93264.0,93087,94528,448.2,cutlass3x_sm100_simt_sgemm_f32_f32_f32_f32_f32_64x32x16_1x1x1_3_tnn_align1_bias_f32_relu
PyTorch:BasicsTransformerLM.layers.3.ffn,PushPop,30,30,12,24,7501350,312556.3,311535.0,310975,325599,3521.8,cutlass3x_sm100_simt_sgemm_f32_f32_f32_f32_f32_64x128x16_1x1x1_3_tnn_align1_bias_f32_relu
PyTorch:BasicsTransformerLM.layers.3.ffn,PushPop,30,30,12,12,4328019,360668.3,359455.0,358527,375455,4683.6,cutlass3x_sm100_simt_sgemm_f32_f32_f32_f32_f32_64x32x16_1x1x1_3_tnn_align1_bias_f32_relu
PyTorch:BasicsTransformerLM.layers.3.ffn,PushPop,30,30,12,24,153888,6412.0,6480.0,5504,7456,773.2,"void at::native::vectorized_elementwise_kernel<(int)4, at::native::BinaryFunctor<float, float, float, at::native::binary_internal::MulFunctor<float>>, std::array<char *, (unsigned long)3>>(int, T2, T3)"
PyTorch:BasicsTransformerLM.layers.3.ffn,PushPop,30,30,12,12,70495,5874.6,5839.5,5728,6432,184.3,"void at::native::vectorized_elementwise_kernel<(int)4, at::native::sigmoid_kernel_cuda(at::TensorIteratorBase &)::[lambda() (instance 2)]::operator ()() const::[lambda() (instance 2)]::operator ()() const::[lambda(float) (instance 1)], std::array<char *, (unsigned long)2>>(int, T2, T3)"
PyTorch:BasicsTransformerLM.layers.3.ffn.w1,PushPop,30,30,12,12,3750354,312529.5,311551.0,311359,321983,2994.4,cutlass3x_sm100_simt_sgemm_f32_f32_f32_f32_f32_64x128x16_1x1x1_3_tnn_align1_bias_f32_relu
PyTorch:BasicsTransformerLM.layers.3.ffn.w2,PushPop,30,30,12,12,4328019,360668.3,359455.0,358527,375455,4683.6,cutlass3x_sm100_simt_sgemm_f32_f32_f32_f32_f32_64x32x16_1x1x1_3_tnn_align1_bias_f32_relu
PyTorch:BasicsTransformerLM.layers.3.ffn.w3,PushPop,30,30,12,12,3750996,312583.0,311359.0,310975,325599,4119.0,cutlass3x_sm100_simt_sgemm_f32_f32_f32_f32_f32_64x128x16_1x1x1_3_tnn_align1_bias_f32_relu
PyTorch:BasicsTransformerLM.layers.3.ln1,PushPop,30,30,12,24,113887,4745.3,4736.0,4640,4928,68.3,"void at::native::elementwise_kernel<(int)128, (int)2, void at::native::gpu_kernel_impl_nocast<at::native::BinaryFunctor<float, float, float, at::native::binary_internal::MulFunctor<float>>>(at::TensorIteratorBase &, const T1 &)::[lambda(int) (instance 1)]>(int, T3)"
PyTorch:BasicsTransformerLM.layers.3.ln1,PushPop,30,30,12,12,72896,6074.7,6048.0,6016,6208,62.3,"void at::native::reduce_kernel<(int)512, (int)1, at::native::ReduceOp<float, at::native::MeanOps<float, float, float, float>, unsigned int, float, (int)4, (int)4>>(T3)"
PyTorch:BasicsTransformerLM.layers.3.ln1,PushPop,30,30,12,12,29824,2485.3,2464.0,2368,2624,67.3,"void at::native::vectorized_elementwise_kernel<(int)4, void at::native::<unnamed>::pow_tensor_scalar_kernel_impl<float, float>(at::TensorIteratorBase &, T2)::[lambda(float) (instance 1)], std::array<char *, (unsigned long)2>>(int, T2, T3)"
PyTorch:BasicsTransformerLM.layers.3.ln1,PushPop,30,30,12,12,18048,1504.0,1472.0,1344,1792,167.1,"void at::native::vectorized_elementwise_kernel<(int)4, at::native::CUDAFunctorOnSelf_add<float>, std::array<char *, (unsigned long)2>>(int, T2, T3)"
PyTorch:BasicsTransformerLM.layers.3.ln1,PushPop,30,30,12,12,17920,1493.3,1472.0,1408,1696,86.7,"void at::native::vectorized_elementwise_kernel<(int)4, at::native::rsqrt_kernel_cuda(at::TensorIteratorBase &)::[lambda() (instance 2)]::operator ()() const::[lambda() (instance 2)]::operator ()() const::[lambda(float) (instance 1)], std::array<char *, (unsigned long)2>>(int, T2, T3)"
PyTorch:BasicsTransformerLM.layers.3.ln2,PushPop,30,30,12,24,113312,4721.3,4704.0,4608,4928,71.2,"void at::native::elementwise_kernel<(int)128, (int)2, void at::native::gpu_kernel_impl_nocast<at::native::BinaryFunctor<float, float, float, at::native::binary_internal::MulFunctor<float>>>(at::TensorIteratorBase &, const T1 &)::[lambda(int) (instance 1)]>(int, T3)"
PyTorch:BasicsTransformerLM.layers.3.ln2,PushPop,30,30,12,12,73216,6101.3,6112.0,6016,6176,43.9,"void at::native::reduce_kernel<(int)512, (int)1, at::native::ReduceOp<float, at::native::MeanOps<float, float, float, float>, unsigned int, float, (int)4, (int)4>>(T3)"
PyTorch:BasicsTransformerLM.layers.3.ln2,PushPop,30,30,12,12,29344,2445.3,2416.0,2368,2688,97.9,"void at::native::vectorized_elementwise_kernel<(int)4, void at::native::<unnamed>::pow_tensor_scalar_kernel_impl<float, float>(at::TensorIteratorBase &, T2)::[lambda(float) (instance 1)], std::array<char *, (unsigned long)2>>(int, T2, T3)"
PyTorch:BasicsTransformerLM.layers.3.ln2,PushPop,30,30,12,12,18719,1559.9,1536.0,1344,1728,101.4,"void at::native::vectorized_elementwise_kernel<(int)4, at::native::CUDAFunctorOnSelf_add<float>, std::array<char *, (unsigned long)2>>(int, T2, T3)"
PyTorch:BasicsTransformerLM.layers.3.ln2,PushPop,30,30,12,12,18656,1554.7,1536.0,1408,1728,112.1,"void at::native::vectorized_elementwise_kernel<(int)4, at::native::rsqrt_kernel_cuda(at::TensorIteratorBase &)::[lambda() (instance 2)]::operator ()() const::[lambda() (instance 2)]::operator ()() const::[lambda(float) (instance 1)], std::array<char *, (unsigned long)2>>(int, T2, T3)"
PyTorch:BasicsTransformerLM.layers.30,PushPop,30,30,12,60,8845827,147430.5,94048.0,93408,367966,107722.1,cutlass3x_sm100_simt_sgemm_f32_f32_f32_f32_f32_64x32x16_1x1x1_3_tnn_align1_bias_f32_relu
PyTorch:BasicsTransformerLM.layers.30,PushPop,30,30,12,24,7516645,313193.5,312398.5,312063,322047,2488.1,cutlass3x_sm100_simt_sgemm_f32_f32_f32_f32_f32_64x128x16_1x1x1_3_tnn_align1_bias_f32_relu
PyTorch:BasicsTransformerLM.layers.30,PushPop,30,30,12,144,548095,3806.2,3488.0,3104,4896,625.2,"void at::native::elementwise_kernel<(int)128, (int)2, void at::native::gpu_kernel_impl_nocast<at::native::BinaryFunctor<float, float, float, at::native::binary_internal::MulFunctor<float>>>(at::TensorIteratorBase &, const T1 &)::[lambda(int) (instance 1)]>(int, T3)"
PyTorch:BasicsTransformerLM.layers.30,PushPop,30,30,12,12,319711,26642.6,26816.0,24256,27424,774.3,cutlass3x_sm100_simt_sgemm_f32_f32_f32_f32_f32_128x64x16_1x1x1_3_tnn_align1_bias_f32_relu
PyTorch:BasicsTransformerLM.layers.30,PushPop,30,30,12,12,254526,21210.5,21136.0,21088,21887,218.9,cutlass3x_sm100_simt_sgemm_f32_f32_f32_f32_f32_64x32x16_1x1x1_3_nnn_align1_bias_f32_relu
PyTorch:BasicsTransformerLM.layers.30,PushPop,30,30,12,24,217597,9066.5,9056.0,8895,9280,114.0,"void at::native::<unnamed>::CatArrayBatchedCopy<at::native::<unnamed>::OpaqueType<(unsigned int)4>, unsigned int, (int)4, (int)64, (int)64>(T1 *, at::native::<unnamed>::CatArrInputTensorMetadata<T1, T2, T4, T5>, at::native::<unnamed>::TensorSizeStride<T2, (unsigned int)4>, int, T2)"
PyTorch:BasicsTransformerLM.layers.30,PushPop,30,30,12,72,184544,2563.1,2176.0,1952,3808,623.4,"void at::native::vectorized_elementwise_kernel<(int)4, at::native::CUDAFunctor_add<float>, std::array<char *, (unsigned long)3>>(int, T2, T3)"
PyTorch:BasicsTransformerLM.layers.30,PushPop,30,30,12,12,183103,15258.6,15200.0,15071,15712,168.2,"void at::native::elementwise_kernel<(int)128, (int)2, void at::native::gpu_kernel_impl_nocast<at::native::BinaryFunctor<float, float, float, at::native::binary_internal::DivFunctor<float>>>(at::TensorIteratorBase &, const T1 &)::[lambda(int) (instance 1)]>(int, T3)"
PyTorch:BasicsTransformerLM.layers.30,PushPop,30,30,12,12,159135,13261.3,13152.0,13088,14528,401.9,"void at::native::reduce_kernel<(int)512, (int)1, at::native::ReduceOp<float, at::native::MaxOps<float>, unsigned int, float, (int)4, (int)4>>(T3)"
PyTorch:BasicsTransformerLM.layers.30,PushPop,30,30,12,12,158240,13186.7,13184.0,13088,13280,60.2,"void at::native::elementwise_kernel<(int)128, (int)2, void at::native::gpu_kernel_impl_nocast<at::native::<unnamed>::where_kernel_impl(at::TensorIterator &)::[lambda() (instance 1)]::operator ()() const::[lambda() (instance 11)]::operator ()() const::[lambda(bool, float, float) (instance 1)]>(at::TensorIteratorBase &, const T1 &)::[lambda(int) (instance 1)]>(int, T3)"
PyTorch:BasicsTransformerLM.layers.30,PushPop,30,30,12,24,154816,6450.7,6464.0,5472,7616,791.1,"void at::native::vectorized_elementwise_kernel<(int)4, at::native::BinaryFunctor<float, float, float, at::native::binary_internal::MulFunctor<float>>, std::array<char *, (unsigned long)3>>(int, T2, T3)"
PyTorch:BasicsTransformerLM.layers.30,PushPop,30,30,12,12,152864,12738.7,12704.0,12640,12928,90.0,"void at::native::elementwise_kernel<(int)128, (int)2, void at::native::gpu_kernel_impl_nocast<at::native::CUDAFunctor_add<float>>(at::TensorIteratorBase &, const T1 &)::[lambda(int) (instance 1)]>(int, T3)"
PyTorch:BasicsTransformerLM.layers.30,PushPop,30,30,12,24,144960,6040.0,6048.0,5952,6144,54.4,"void at::native::reduce_kernel<(int)512, (int)1, at::native::ReduceOp<float, at::native::MeanOps<float, float, float, float>, unsigned int, float, (int)4, (int)4>>(T3)"
PyTorch:BasicsTransformerLM.layers.30,PushPop,30,30,12,24,135295,5637.3,5584.0,4576,7232,1058.8,"void at::native::elementwise_kernel<(int)128, (int)2, void at::native::gpu_kernel_impl_nocast<at::native::direct_copy_kernel_cuda(at::TensorIteratorBase &)::[lambda() (instance 3)]::operator ()() const::[lambda() (instance 7)]::operator ()() const::[lambda(float) (instance 1)]>(at::TensorIteratorBase &, const T1 &)::[lambda(int) (instance 1)]>(int, T3)"
PyTorch:BasicsTransformerLM.layers.30,PushPop,30,30,12,12,84447,7037.3,7024.0,6912,7328,119.2,"void at::native::reduce_kernel<(int)512, (int)1, at::native::ReduceOp<float, at::native::func_wrapper_t<float, at::native::sum_functor<float, float, float>::operator ()(at::TensorIterator &)::[lambda(float, float) (instance 1)]>, unsigned int, float, (int)4, (int)4>>(T3)"
PyTorch:BasicsTransformerLM.layers.30,PushPop,30,30,12,12,69888,5824.0,5760.0,5728,6240,141.8,"void at::native::vectorized_elementwise_kernel<(int)4, at::native::sigmoid_kernel_cuda(at::TensorIteratorBase &)::[lambda() (instance 2)]::operator ()() const::[lambda() (instance 2)]::operator ()() const::[lambda(float) (instance 1)], std::array<char *, (unsigned long)2>>(int, T2, T3)"
PyTorch:BasicsTransformerLM.layers.30,PushPop,30,30,12,12,63103,5258.6,5184.0,5088,5696,189.3,"void at::native::vectorized_elementwise_kernel<(int)4, at::native::exp_kernel_cuda(at::TensorIteratorBase &)::[lambda() (instance 2)]::operator ()() const::[lambda() (instance 2)]::operator ()() const::[lambda(float) (instance 1)], std::array<char *, (unsigned long)2>>(int, T2, T3)"
PyTorch:BasicsTransformerLM.layers.30,PushPop,30,30,12,12,61088,5090.7,4992.0,4896,6048,316.6,"void at::native::vectorized_elementwise_kernel<(int)4, at::native::BUnaryFunctor<float, float, float, at::native::binary_internal::MulFunctor<float>>, std::array<char *, (unsigned long)2>>(int, T2, T3)"
PyTorch:BasicsTransformerLM.layers.30,PushPop,30,30,12,24,57920,2413.3,2432.0,2304,2624,79.5,"void at::native::vectorized_elementwise_kernel<(int)4, void at::native::<unnamed>::pow_tensor_scalar_kernel_impl<float, float>(at::TensorIteratorBase &, T2)::[lambda(float) (instance 1)], std::array<char *, (unsigned long)2>>(int, T2, T3)"
PyTorch:BasicsTransformerLM.layers.30,PushPop,30,30,12,24,35168,1465.3,1472.0,1280,1664,108.4,"void at::native::vectorized_elementwise_kernel<(int)4, at::native::rsqrt_kernel_cuda(at::TensorIteratorBase &)::[lambda() (instance 2)]::operator ()() const::[lambda() (instance 2)]::operator ()() const::[lambda(float) (instance 1)], std::array<char *, (unsigned long)2>>(int, T2, T3)"
PyTorch:BasicsTransformerLM.layers.30,PushPop,30,30,12,24,34943,1456.0,1536.0,1184,1696,146.8,"void at::native::vectorized_elementwise_kernel<(int)4, at::native::CUDAFunctorOnSelf_add<float>, std::array<char *, (unsigned long)2>>(int, T2, T3)"
PyTorch:BasicsTransformerLM.layers.30,PushPop,30,30,12,12,30912,2576.0,2608.0,2432,2656,83.6,"void at::native::elementwise_kernel<(int)128, (int)4, void at::native::gpu_kernel_impl_nocast<at::native::<unnamed>::CompareFunctor<long>>(at::TensorIteratorBase &, const T1 &)::[lambda(int) (instance 1)]>(int, T3)"
PyTorch:BasicsTransformerLM.layers.30,PushPop,30,30,12,12,13600,1133.3,1104.0,928,2048,302.8,"void at::native::vectorized_elementwise_kernel<(int)4, at::native::FillFunctor<float>, std::array<char *, (unsigned long)1>>(int, T2, T3)"
PyTorch:BasicsTransformerLM.layers.30,PushPop,30,30,12,12,12864,1072.0,1008.0,960,1312,109.6,"void <unnamed>::elementwise_kernel_with_index<int, at::native::arange_cuda_out(const c10::Scalar &, const c10::Scalar &, const c10::Scalar &, at::Tensor &)::[lambda() (instance 1)]::operator ()() const::[lambda() (instance 4)]::operator ()() const::[lambda(long) (instance 1)]>(T1, T2, function_traits<T2>::result_type *)"
PyTorch:BasicsTransformerLM.layers.30.attn,PushPop,30,30,12,48,4513109,94023.1,93856.0,93408,97696,669.1,cutlass3x_sm100_simt_sgemm_f32_f32_f32_f32_f32_64x32x16_1x1x1_3_tnn_align1_bias_f32_relu
PyTorch:BasicsTransformerLM.layers.30.attn,PushPop,30,30,12,96,324256,3377.7,3424.0,3104,3872,168.5,"void at::native::elementwise_kernel<(int)128, (int)2, void at::native::gpu_kernel_impl_nocast<at::native::BinaryFunctor<float, float, float, at::native::binary_internal::MulFunctor<float>>>(at::TensorIteratorBase &, const T1 &)::[lambda(int) (instance 1)]>(int, T3)"
PyTorch:BasicsTransformerLM.layers.30.attn,PushPop,30,30,12,12,319711,26642.6,26816.0,24256,27424,774.3,cutlass3x_sm100_simt_sgemm_f32_f32_f32_f32_f32_128x64x16_1x1x1_3_tnn_align1_bias_f32_relu
PyTorch:BasicsTransformerLM.layers.30.attn,PushPop,30,30,12,12,254526,21210.5,21136.0,21088,21887,218.9,cutlass3x_sm100_simt_sgemm_f32_f32_f32_f32_f32_64x32x16_1x1x1_3_nnn_align1_bias_f32_relu
PyTorch:BasicsTransformerLM.layers.30.attn,PushPop,30,30,12,24,217597,9066.5,9056.0,8895,9280,114.0,"void at::native::<unnamed>::CatArrayBatchedCopy<at::native::<unnamed>::OpaqueType<(unsigned int)4>, unsigned int, (int)4, (int)64, (int)64>(T1 *, at::native::<unnamed>::CatArrInputTensorMetadata<T1, T2, T4, T5>, at::native::<unnamed>::TensorSizeStride<T2, (unsigned int)4>, int, T2)"
PyTorch:BasicsTransformerLM.layers.30.attn,PushPop,30,30,12,12,183103,15258.6,15200.0,15071,15712,168.2,"void at::native::elementwise_kernel<(int)128, (int)2, void at::native::gpu_kernel_impl_nocast<at::native::BinaryFunctor<float, float, float, at::native::binary_internal::DivFunctor<float>>>(at::TensorIteratorBase &, const T1 &)::[lambda(int) (instance 1)]>(int, T3)"
PyTorch:BasicsTransformerLM.layers.30.attn,PushPop,30,30,12,12,159135,13261.3,13152.0,13088,14528,401.9,"void at::native::reduce_kernel<(int)512, (int)1, at::native::ReduceOp<float, at::native::MaxOps<float>, unsigned int, float, (int)4, (int)4>>(T3)"
PyTorch:BasicsTransformerLM.layers.30.attn,PushPop,30,30,12,12,158240,13186.7,13184.0,13088,13280,60.2,"void at::native::elementwise_kernel<(int)128, (int)2, void at::native::gpu_kernel_impl_nocast<at::native::<unnamed>::where_kernel_impl(at::TensorIterator &)::[lambda() (instance 1)]::operator ()() const::[lambda() (instance 11)]::operator ()() const::[lambda(bool, float, float) (instance 1)]>(at::TensorIteratorBase &, const T1 &)::[lambda(int) (instance 1)]>(int, T3)"
PyTorch:BasicsTransformerLM.layers.30.attn,PushPop,30,30,12,12,152864,12738.7,12704.0,12640,12928,90.0,"void at::native::elementwise_kernel<(int)128, (int)2, void at::native::gpu_kernel_impl_nocast<at::native::CUDAFunctor_add<float>>(at::TensorIteratorBase &, const T1 &)::[lambda(int) (instance 1)]>(int, T3)"
PyTorch:BasicsTransformerLM.layers.30.attn,PushPop,30,30,12,24,135295,5637.3,5584.0,4576,7232,1058.8,"void at::native::elementwise_kernel<(int)128, (int)2, void at::native::gpu_kernel_impl_nocast<at::native::direct_copy_kernel_cuda(at::TensorIteratorBase &)::[lambda() (instance 3)]::operator ()() const::[lambda() (instance 7)]::operator ()() const::[lambda(float) (instance 1)]>(at::TensorIteratorBase &, const T1 &)::[lambda(int) (instance 1)]>(int, T3)"
PyTorch:BasicsTransformerLM.layers.30.attn,PushPop,30,30,12,48,102432,2134.0,2144.0,1952,2272,68.3,"void at::native::vectorized_elementwise_kernel<(int)4, at::native::CUDAFunctor_add<float>, std::array<char *, (unsigned long)3>>(int, T2, T3)"
PyTorch:BasicsTransformerLM.layers.30.attn,PushPop,30,30,12,12,84447,7037.3,7024.0,6912,7328,119.2,"void at::native::reduce_kernel<(int)512, (int)1, at::native::ReduceOp<float, at::native::func_wrapper_t<float, at::native::sum_functor<float, float, float>::operator ()(at::TensorIterator &)::[lambda(float, float) (instance 1)]>, unsigned int, float, (int)4, (int)4>>(T3)"
PyTorch:BasicsTransformerLM.layers.30.attn,PushPop,30,30,12,12,63103,5258.6,5184.0,5088,5696,189.3,"void at::native::vectorized_elementwise_kernel<(int)4, at::native::exp_kernel_cuda(at::TensorIteratorBase &)::[lambda() (instance 2)]::operator ()() const::[lambda() (instance 2)]::operator ()() const::[lambda(float) (instance 1)], std::array<char *, (unsigned long)2>>(int, T2, T3)"
PyTorch:BasicsTransformerLM.layers.30.attn,PushPop,30,30,12,12,61088,5090.7,4992.0,4896,6048,316.6,"void at::native::vectorized_elementwise_kernel<(int)4, at::native::BUnaryFunctor<float, float, float, at::native::binary_internal::MulFunctor<float>>, std::array<char *, (unsigned long)2>>(int, T2, T3)"
PyTorch:BasicsTransformerLM.layers.30.attn,PushPop,30,30,12,12,30912,2576.0,2608.0,2432,2656,83.6,"void at::native::elementwise_kernel<(int)128, (int)4, void at::native::gpu_kernel_impl_nocast<at::native::<unnamed>::CompareFunctor<long>>(at::TensorIteratorBase &, const T1 &)::[lambda(int) (instance 1)]>(int, T3)"
PyTorch:BasicsTransformerLM.layers.30.attn,PushPop,30,30,12,12,13600,1133.3,1104.0,928,2048,302.8,"void at::native::vectorized_elementwise_kernel<(int)4, at::native::FillFunctor<float>, std::array<char *, (unsigned long)1>>(int, T2, T3)"
PyTorch:BasicsTransformerLM.layers.30.attn,PushPop,30,30,12,12,12864,1072.0,1008.0,960,1312,109.6,"void <unnamed>::elementwise_kernel_with_index<int, at::native::arange_cuda_out(const c10::Scalar &, const c10::Scalar &, const c10::Scalar &, at::Tensor &)::[lambda() (instance 1)]::operator ()() const::[lambda() (instance 4)]::operator ()() const::[lambda(long) (instance 1)]>(T1, T2, function_traits<T2>::result_type *)"
PyTorch:BasicsTransformerLM.layers.30.attn.k_proj,PushPop,30,30,12,12,1126237,93853.1,93760.0,93408,94816,378.1,cutlass3x_sm100_simt_sgemm_f32_f32_f32_f32_f32_64x32x16_1x1x1_3_tnn_align1_bias_f32_relu
PyTorch:BasicsTransformerLM.layers.30.attn.output_proj,PushPop,30,30,12,12,1135135,94594.6,94287.5,94080,97696,997.8,cutlass3x_sm100_simt_sgemm_f32_f32_f32_f32_f32_64x32x16_1x1x1_3_tnn_align1_bias_f32_relu
PyTorch:BasicsTransformerLM.layers.30.attn.q_proj,PushPop,30,30,12,12,1125436,93786.3,93663.0,93440,95008,413.0,cutlass3x_sm100_simt_sgemm_f32_f32_f32_f32_f32_64x32x16_1x1x1_3_tnn_align1_bias_f32_relu
PyTorch:BasicsTransformerLM.layers.30.attn.v_proj,PushPop,30,30,12,12,1126301,93858.4,93824.0,93472,94815,354.0,cutlass3x_sm100_simt_sgemm_f32_f32_f32_f32_f32_64x32x16_1x1x1_3_tnn_align1_bias_f32_relu
PyTorch:BasicsTransformerLM.layers.30.ffn,PushPop,30,30,12,24,7516645,313193.5,312398.5,312063,322047,2488.1,cutlass3x_sm100_simt_sgemm_f32_f32_f32_f32_f32_64x128x16_1x1x1_3_tnn_align1_bias_f32_relu
PyTorch:BasicsTransformerLM.layers.30.ffn,PushPop,30,30,12,12,4332718,361059.8,360143.0,359967,367966,2251.8,cutlass3x_sm100_simt_sgemm_f32_f32_f32_f32_f32_64x32x16_1x1x1_3_tnn_align1_bias_f32_relu
PyTorch:BasicsTransformerLM.layers.30.ffn,PushPop,30,30,12,24,154816,6450.7,6464.0,5472,7616,791.1,"void at::native::vectorized_elementwise_kernel<(int)4, at::native::BinaryFunctor<float, float, float, at::native::binary_internal::MulFunctor<float>>, std::array<char *, (unsigned long)3>>(int, T2, T3)"
PyTorch:BasicsTransformerLM.layers.30.ffn,PushPop,30,30,12,12,69888,5824.0,5760.0,5728,6240,141.8,"void at::native::vectorized_elementwise_kernel<(int)4, at::native::sigmoid_kernel_cuda(at::TensorIteratorBase &)::[lambda() (instance 2)]::operator ()() const::[lambda() (instance 2)]::operator ()() const::[lambda(float) (instance 1)], std::array<char *, (unsigned long)2>>(int, T2, T3)"
PyTorch:BasicsTransformerLM.layers.30.ffn.w1,PushPop,30,30,12,12,3760594,313382.8,312591.0,312063,322047,2755.4,cutlass3x_sm100_simt_sgemm_f32_f32_f32_f32_f32_64x128x16_1x1x1_3_tnn_align1_bias_f32_relu
PyTorch:BasicsTransformerLM.layers.30.ffn.w2,PushPop,30,30,12,12,4332718,361059.8,360143.0,359967,367966,2251.8,cutlass3x_sm100_simt_sgemm_f32_f32_f32_f32_f32_64x32x16_1x1x1_3_tnn_align1_bias_f32_relu
PyTorch:BasicsTransformerLM.layers.30.ffn.w3,PushPop,30,30,12,12,3756051,313004.3,312351.0,312063,320255,2296.4,cutlass3x_sm100_simt_sgemm_f32_f32_f32_f32_f32_64x128x16_1x1x1_3_tnn_align1_bias_f32_relu
PyTorch:BasicsTransformerLM.layers.30.ln1,PushPop,30,30,12,24,111584,4649.3,4624.0,4512,4896,70.9,"void at::native::elementwise_kernel<(int)128, (int)2, void at::native::gpu_kernel_impl_nocast<at::native::BinaryFunctor<float, float, float, at::native::binary_internal::MulFunctor<float>>>(at::TensorIteratorBase &, const T1 &)::[lambda(int) (instance 1)]>(int, T3)"
PyTorch:BasicsTransformerLM.layers.30.ln1,PushPop,30,30,12,12,72128,6010.7,6000.0,5952,6144,48.9,"void at::native::reduce_kernel<(int)512, (int)1, at::native::ReduceOp<float, at::native::MeanOps<float, float, float, float>, unsigned int, float, (int)4, (int)4>>(T3)"
PyTorch:BasicsTransformerLM.layers.30.ln1,PushPop,30,30,12,12,28672,2389.3,2336.0,2304,2528,81.1,"void at::native::vectorized_elementwise_kernel<(int)4, void at::native::<unnamed>::pow_tensor_scalar_kernel_impl<float, float>(at::TensorIteratorBase &, T2)::[lambda(float) (instance 1)], std::array<char *, (unsigned long)2>>(int, T2, T3)"
PyTorch:BasicsTransformerLM.layers.30.ln1,PushPop,30,30,12,12,17696,1474.7,1472.0,1280,1632,114.5,"void at::native::vectorized_elementwise_kernel<(int)4, at::native::rsqrt_kernel_cuda(at::TensorIteratorBase &)::[lambda() (instance 2)]::operator ()() const::[lambda() (instance 2)]::operator ()() const::[lambda(float) (instance 1)], std::array<char *, (unsigned long)2>>(int, T2, T3)"
PyTorch:BasicsTransformerLM.layers.30.ln1,PushPop,30,30,12,12,17599,1466.6,1552.0,1184,1600,154.3,"void at::native::vectorized_elementwise_kernel<(int)4, at::native::CUDAFunctorOnSelf_add<float>, std::array<char *, (unsigned long)2>>(int, T2, T3)"
PyTorch:BasicsTransformerLM.layers.30.ln2,PushPop,30,30,12,24,112255,4677.3,4656.0,4576,4896,87.8,"void at::native::elementwise_kernel<(int)128, (int)2, void at::native::gpu_kernel_impl_nocast<at::native::BinaryFunctor<float, float, float, at::native::binary_internal::MulFunctor<float>>>(at::TensorIteratorBase &, const T1 &)::[lambda(int) (instance 1)]>(int, T3)"
PyTorch:BasicsTransformerLM.layers.30.ln2,PushPop,30,30,12,12,72832,6069.3,6064.0,5984,6144,43.9,"void at::native::reduce_kernel<(int)512, (int)1, at::native::ReduceOp<float, at::native::MeanOps<float, float, float, float>, unsigned int, float, (int)4, (int)4>>(T3)"
PyTorch:BasicsTransformerLM.layers.30.ln2,PushPop,30,30,12,12,29248,2437.3,2432.0,2336,2624,73.3,"void at::native::vectorized_elementwise_kernel<(int)4, void at::native::<unnamed>::pow_tensor_scalar_kernel_impl<float, float>(at::TensorIteratorBase &, T2)::[lambda(float) (instance 1)], std::array<char *, (unsigned long)2>>(int, T2, T3)"
PyTorch:BasicsTransformerLM.layers.30.ln2,PushPop,30,30,12,12,17472,1456.0,1440.0,1280,1664,106.1,"void at::native::vectorized_elementwise_kernel<(int)4, at::native::rsqrt_kernel_cuda(at::TensorIteratorBase &)::[lambda() (instance 2)]::operator ()() const::[lambda() (instance 2)]::operator ()() const::[lambda(float) (instance 1)], std::array<char *, (unsigned long)2>>(int, T2, T3)"
PyTorch:BasicsTransformerLM.layers.30.ln2,PushPop,30,30,12,12,17344,1445.3,1456.0,1184,1696,144.9,"void at::native::vectorized_elementwise_kernel<(int)4, at::native::CUDAFunctorOnSelf_add<float>, std::array<char *, (unsigned long)2>>(int, T2, T3)"
PyTorch:BasicsTransformerLM.layers.31,PushPop,30,30,12,60,8843810,147396.8,94000.0,93343,368703,107733.5,cutlass3x_sm100_simt_sgemm_f32_f32_f32_f32_f32_64x32x16_1x1x1_3_tnn_align1_bias_f32_relu
PyTorch:BasicsTransformerLM.layers.31,PushPop,30,30,12,24,7514951,313123.0,312415.0,311711,322239,2523.5,cutlass3x_sm100_simt_sgemm_f32_f32_f32_f32_f32_64x128x16_1x1x1_3_tnn_align1_bias_f32_relu
PyTorch:BasicsTransformerLM.layers.31,PushPop,30,30,12,144,554111,3848.0,3488.0,3104,4992,626.9,"void at::native::elementwise_kernel<(int)128, (int)2, void at::native::gpu_kernel_impl_nocast<at::native::BinaryFunctor<float, float, float, at::native::binary_internal::MulFunctor<float>>>(at::TensorIteratorBase &, const T1 &)::[lambda(int) (instance 1)]>(int, T3)"
PyTorch:BasicsTransformerLM.layers.31,PushPop,30,30,12,12,321888,26824.0,26768.0,26592,27296,185.2,cutlass3x_sm100_simt_sgemm_f32_f32_f32_f32_f32_128x64x16_1x1x1_3_tnn_align1_bias_f32_relu
PyTorch:BasicsTransformerLM.layers.31,PushPop,30,30,12,12,253343,21111.9,21056.0,20959,21728,203.9,cutlass3x_sm100_simt_sgemm_f32_f32_f32_f32_f32_64x32x16_1x1x1_3_nnn_align1_bias_f32_relu
PyTorch:BasicsTransformerLM.layers.31,PushPop,30,30,12,24,217024,9042.7,9040.0,8832,9312,156.5,"void at::native::<unnamed>::CatArrayBatchedCopy<at::native::<unnamed>::OpaqueType<(unsigned int)4>, unsigned int, (int)4, (int)64, (int)64>(T1 *, at::native::<unnamed>::CatArrInputTensorMetadata<T1, T2, T4, T5>, at::native::<unnamed>::TensorSizeStride<T2, (unsigned int)4>, int, T2)"
PyTorch:BasicsTransformerLM.layers.31,PushPop,30,30,12,12,183775,15314.6,15264.0,15168,15840,180.3,"void at::native::elementwise_kernel<(int)128, (int)2, void at::native::gpu_kernel_impl_nocast<at::native::BinaryFunctor<float, float, float, at::native::binary_internal::DivFunctor<float>>>(at::TensorIteratorBase &, const T1 &)::[lambda(int) (instance 1)]>(int, T3)"
PyTorch:BasicsTransformerLM.layers.31,PushPop,30,30,12,72,182208,2530.7,2144.0,1888,4032,662.4,"void at::native::vectorized_elementwise_kernel<(int)4, at::native::CUDAFunctor_add<float>, std::array<char *, (unsigned long)3>>(int, T2, T3)"
PyTorch:BasicsTransformerLM.layers.31,PushPop,30,30,12,12,158080,13173.3,13136.0,12928,13568,162.8,"void at::native::elementwise_kernel<(int)128, (int)2, void at::native::gpu_kernel_impl_nocast<at::native::<unnamed>::where_kernel_impl(at::TensorIterator &)::[lambda() (instance 1)]::operator ()() const::[lambda() (instance 11)]::operator ()() const::[lambda(bool, float, float) (instance 1)]>(at::TensorIteratorBase &, const T1 &)::[lambda(int) (instance 1)]>(int, T3)"
PyTorch:BasicsTransformerLM.layers.31,PushPop,30,30,12,12,157664,13138.7,13136.0,13056,13344,72.8,"void at::native::reduce_kernel<(int)512, (int)1, at::native::ReduceOp<float, at::native::MaxOps<float>, unsigned int, float, (int)4, (int)4>>(T3)"
PyTorch:BasicsTransformerLM.layers.31,PushPop,30,30,12,24,154175,6424.0,6464.0,5504,7360,762.9,"void at::native::vectorized_elementwise_kernel<(int)4, at::native::BinaryFunctor<float, float, float, at::native::binary_internal::MulFunctor<float>>, std::array<char *, (unsigned long)3>>(int, T2, T3)"
PyTorch:BasicsTransformerLM.layers.31,PushPop,30,30,12,12,152574,12714.5,12704.0,12639,12864,73.9,"void at::native::elementwise_kernel<(int)128, (int)2, void at::native::gpu_kernel_impl_nocast<at::native::CUDAFunctor_add<float>>(at::TensorIteratorBase &, const T1 &)::[lambda(int) (instance 1)]>(int, T3)"
PyTorch:BasicsTransformerLM.layers.31,PushPop,30,30,12,24,146176,6090.7,6080.0,5984,6208,54.8,"void at::native::reduce_kernel<(int)512, (int)1, at::native::ReduceOp<float, at::native::MeanOps<float, float, float, float>, unsigned int, float, (int)4, (int)4>>(T3)"
PyTorch:BasicsTransformerLM.layers.31,PushPop,30,30,12,24,135456,5644.0,5600.0,4608,6848,985.2,"void at::native::elementwise_kernel<(int)128, (int)2, void at::native::gpu_kernel_impl_nocast<at::native::direct_copy_kernel_cuda(at::TensorIteratorBase &)::[lambda() (instance 3)]::operator ()() const::[lambda() (instance 7)]::operator ()() const::[lambda(float) (instance 1)]>(at::TensorIteratorBase &, const T1 &)::[lambda(int) (instance 1)]>(int, T3)"
PyTorch:BasicsTransformerLM.layers.31,PushPop,30,30,12,12,84416,7034.7,7040.0,6944,7232,72.0,"void at::native::reduce_kernel<(int)512, (int)1, at::native::ReduceOp<float, at::native::func_wrapper_t<float, at::native::sum_functor<float, float, float>::operator ()(at::TensorIterator &)::[lambda(float, float) (instance 1)]>, unsigned int, float, (int)4, (int)4>>(T3)"
PyTorch:BasicsTransformerLM.layers.31,PushPop,30,30,12,12,70079,5839.9,5776.0,5696,6464,211.2,"void at::native::vectorized_elementwise_kernel<(int)4, at::native::sigmoid_kernel_cuda(at::TensorIteratorBase &)::[lambda() (instance 2)]::operator ()() const::[lambda() (instance 2)]::operator ()() const::[lambda(float) (instance 1)], std::array<char *, (unsigned long)2>>(int, T2, T3)"
PyTorch:BasicsTransformerLM.layers.31,PushPop,30,30,12,12,62878,5239.8,5183.5,4991,5664,203.0,"void at::native::vectorized_elementwise_kernel<(int)4, at::native::exp_kernel_cuda(at::TensorIteratorBase &)::[lambda() (instance 2)]::operator ()() const::[lambda() (instance 2)]::operator ()() const::[lambda(float) (instance 1)], std::array<char *, (unsigned long)2>>(int, T2, T3)"
PyTorch:BasicsTransformerLM.layers.31,PushPop,30,30,12,12,61344,5112.0,5072.0,4992,5472,140.6,"void at::native::vectorized_elementwise_kernel<(int)4, at::native::BUnaryFunctor<float, float, float, at::native::binary_internal::MulFunctor<float>>, std::array<char *, (unsigned long)2>>(int, T2, T3)"
PyTorch:BasicsTransformerLM.layers.31,PushPop,30,30,12,24,58400,2433.3,2432.0,2304,2624,79.2,"void at::native::vectorized_elementwise_kernel<(int)4, void at::native::<unnamed>::pow_tensor_scalar_kernel_impl<float, float>(at::TensorIteratorBase &, T2)::[lambda(float) (instance 1)], std::array<char *, (unsigned long)2>>(int, T2, T3)"
PyTorch:BasicsTransformerLM.layers.31,PushPop,30,30,12,24,35008,1458.7,1520.0,1184,1792,163.4,"void at::native::vectorized_elementwise_kernel<(int)4, at::native::CUDAFunctorOnSelf_add<float>, std::array<char *, (unsigned long)2>>(int, T2, T3)"
PyTorch:BasicsTransformerLM.layers.31,PushPop,30,30,12,24,34720,1446.7,1440.0,1280,1632,75.5,"void at::native::vectorized_elementwise_kernel<(int)4, at::native::rsqrt_kernel_cuda(at::TensorIteratorBase &)::[lambda() (instance 2)]::operator ()() const::[lambda() (instance 2)]::operator ()() const::[lambda(float) (instance 1)], std::array<char *, (unsigned long)2>>(int, T2, T3)"
PyTorch:BasicsTransformerLM.layers.31,PushPop,30,30,12,12,30751,2562.6,2544.0,2527,2720,55.4,"void at::native::elementwise_kernel<(int)128, (int)4, void at::native::gpu_kernel_impl_nocast<at::native::<unnamed>::CompareFunctor<long>>(at::TensorIteratorBase &, const T1 &)::[lambda(int) (instance 1)]>(int, T3)"
PyTorch:BasicsTransformerLM.layers.31,PushPop,30,30,12,12,12768,1064.0,992.0,960,1184,95.6,"void <unnamed>::elementwise_kernel_with_index<int, at::native::arange_cuda_out(const c10::Scalar &, const c10::Scalar &, const c10::Scalar &, at::Tensor &)::[lambda() (instance 1)]::operator ()() const::[lambda() (instance 4)]::operator ()() const::[lambda(long) (instance 1)]>(T1, T2, function_traits<T2>::result_type *)"
PyTorch:BasicsTransformerLM.layers.31,PushPop,30,30,12,12,12288,1024.0,960.0,896,1280,125.1,"void at::native::vectorized_elementwise_kernel<(int)4, at::native::FillFunctor<float>, std::array<char *, (unsigned long)1>>(int, T2, T3)"
PyTorch:BasicsTransformerLM.layers.31.attn,PushPop,30,30,12,48,4511249,93984.4,93744.0,93343,97632,704.5,cutlass3x_sm100_simt_sgemm_f32_f32_f32_f32_f32_64x32x16_1x1x1_3_tnn_align1_bias_f32_relu
PyTorch:BasicsTransformerLM.layers.31.attn,PushPop,30,30,12,96,327711,3413.7,3456.0,3104,3744,132.8,"void at::native::elementwise_kernel<(int)128, (int)2, void at::native::gpu_kernel_impl_nocast<at::native::BinaryFunctor<float, float, float, at::native::binary_internal::MulFunctor<float>>>(at::TensorIteratorBase &, const T1 &)::[lambda(int) (instance 1)]>(int, T3)"
PyTorch:BasicsTransformerLM.layers.31.attn,PushPop,30,30,12,12,321888,26824.0,26768.0,26592,27296,185.2,cutlass3x_sm100_simt_sgemm_f32_f32_f32_f32_f32_128x64x16_1x1x1_3_tnn_align1_bias_f32_relu
PyTorch:BasicsTransformerLM.layers.31.attn,PushPop,30,30,12,12,253343,21111.9,21056.0,20959,21728,203.9,cutlass3x_sm100_simt_sgemm_f32_f32_f32_f32_f32_64x32x16_1x1x1_3_nnn_align1_bias_f32_relu
PyTorch:BasicsTransformerLM.layers.31.attn,PushPop,30,30,12,24,217024,9042.7,9040.0,8832,9312,156.5,"void at::native::<unnamed>::CatArrayBatchedCopy<at::native::<unnamed>::OpaqueType<(unsigned int)4>, unsigned int, (int)4, (int)64, (int)64>(T1 *, at::native::<unnamed>::CatArrInputTensorMetadata<T1, T2, T4, T5>, at::native::<unnamed>::TensorSizeStride<T2, (unsigned int)4>, int, T2)"
PyTorch:BasicsTransformerLM.layers.31.attn,PushPop,30,30,12,12,183775,15314.6,15264.0,15168,15840,180.3,"void at::native::elementwise_kernel<(int)128, (int)2, void at::native::gpu_kernel_impl_nocast<at::native::BinaryFunctor<float, float, float, at::native::binary_internal::DivFunctor<float>>>(at::TensorIteratorBase &, const T1 &)::[lambda(int) (instance 1)]>(int, T3)"
PyTorch:BasicsTransformerLM.layers.31.attn,PushPop,30,30,12,12,158080,13173.3,13136.0,12928,13568,162.8,"void at::native::elementwise_kernel<(int)128, (int)2, void at::native::gpu_kernel_impl_nocast<at::native::<unnamed>::where_kernel_impl(at::TensorIterator &)::[lambda() (instance 1)]::operator ()() const::[lambda() (instance 11)]::operator ()() const::[lambda(bool, float, float) (instance 1)]>(at::TensorIteratorBase &, const T1 &)::[lambda(int) (instance 1)]>(int, T3)"
PyTorch:BasicsTransformerLM.layers.31.attn,PushPop,30,30,12,12,157664,13138.7,13136.0,13056,13344,72.8,"void at::native::reduce_kernel<(int)512, (int)1, at::native::ReduceOp<float, at::native::MaxOps<float>, unsigned int, float, (int)4, (int)4>>(T3)"
PyTorch:BasicsTransformerLM.layers.31.attn,PushPop,30,30,12,12,152574,12714.5,12704.0,12639,12864,73.9,"void at::native::elementwise_kernel<(int)128, (int)2, void at::native::gpu_kernel_impl_nocast<at::native::CUDAFunctor_add<float>>(at::TensorIteratorBase &, const T1 &)::[lambda(int) (instance 1)]>(int, T3)"
PyTorch:BasicsTransformerLM.layers.31.attn,PushPop,30,30,12,24,135456,5644.0,5600.0,4608,6848,985.2,"void at::native::elementwise_kernel<(int)128, (int)2, void at::native::gpu_kernel_impl_nocast<at::native::direct_copy_kernel_cuda(at::TensorIteratorBase &)::[lambda() (instance 3)]::operator ()() const::[lambda() (instance 7)]::operator ()() const::[lambda(float) (instance 1)]>(at::TensorIteratorBase &, const T1 &)::[lambda(int) (instance 1)]>(int, T3)"
PyTorch:BasicsTransformerLM.layers.31.attn,PushPop,30,30,12,48,99616,2075.3,2080.0,1888,2208,71.7,"void at::native::vectorized_elementwise_kernel<(int)4, at::native::CUDAFunctor_add<float>, std::array<char *, (unsigned long)3>>(int, T2, T3)"
PyTorch:BasicsTransformerLM.layers.31.attn,PushPop,30,30,12,12,84416,7034.7,7040.0,6944,7232,72.0,"void at::native::reduce_kernel<(int)512, (int)1, at::native::ReduceOp<float, at::native::func_wrapper_t<float, at::native::sum_functor<float, float, float>::operator ()(at::TensorIterator &)::[lambda(float, float) (instance 1)]>, unsigned int, float, (int)4, (int)4>>(T3)"
PyTorch:BasicsTransformerLM.layers.31.attn,PushPop,30,30,12,12,62878,5239.8,5183.5,4991,5664,203.0,"void at::native::vectorized_elementwise_kernel<(int)4, at::native::exp_kernel_cuda(at::TensorIteratorBase &)::[lambda() (instance 2)]::operator ()() const::[lambda() (instance 2)]::operator ()() const::[lambda(float) (instance 1)], std::array<char *, (unsigned long)2>>(int, T2, T3)"
PyTorch:BasicsTransformerLM.layers.31.attn,PushPop,30,30,12,12,61344,5112.0,5072.0,4992,5472,140.6,"void at::native::vectorized_elementwise_kernel<(int)4, at::native::BUnaryFunctor<float, float, float, at::native::binary_internal::MulFunctor<float>>, std::array<char *, (unsigned long)2>>(int, T2, T3)"
PyTorch:BasicsTransformerLM.layers.31.attn,PushPop,30,30,12,12,30751,2562.6,2544.0,2527,2720,55.4,"void at::native::elementwise_kernel<(int)128, (int)4, void at::native::gpu_kernel_impl_nocast<at::native::<unnamed>::CompareFunctor<long>>(at::TensorIteratorBase &, const T1 &)::[lambda(int) (instance 1)]>(int, T3)"
PyTorch:BasicsTransformerLM.layers.31.attn,PushPop,30,30,12,12,12768,1064.0,992.0,960,1184,95.6,"void <unnamed>::elementwise_kernel_with_index<int, at::native::arange_cuda_out(const c10::Scalar &, const c10::Scalar &, const c10::Scalar &, at::Tensor &)::[lambda() (instance 1)]::operator ()() const::[lambda() (instance 4)]::operator ()() const::[lambda(long) (instance 1)]>(T1, T2, function_traits<T2>::result_type *)"
PyTorch:BasicsTransformerLM.layers.31.attn,PushPop,30,30,12,12,12288,1024.0,960.0,896,1280,125.1,"void at::native::vectorized_elementwise_kernel<(int)4, at::native::FillFunctor<float>, std::array<char *, (unsigned long)1>>(int, T2, T3)"
PyTorch:BasicsTransformerLM.layers.31.attn.k_proj,PushPop,30,30,12,12,1125402,93783.5,93711.0,93471,94911,387.3,cutlass3x_sm100_simt_sgemm_f32_f32_f32_f32_f32_64x32x16_1x1x1_3_tnn_align1_bias_f32_relu
PyTorch:BasicsTransformerLM.layers.31.attn.output_proj,PushPop,30,30,12,12,1135261,94605.1,94272.0,94079,97632,989.4,cutlass3x_sm100_simt_sgemm_f32_f32_f32_f32_f32_64x32x16_1x1x1_3_tnn_align1_bias_f32_relu
PyTorch:BasicsTransformerLM.layers.31.attn.q_proj,PushPop,30,30,12,12,1125918,93826.5,93696.0,93375,95168,472.7,cutlass3x_sm100_simt_sgemm_f32_f32_f32_f32_f32_64x32x16_1x1x1_3_tnn_align1_bias_f32_relu
PyTorch:BasicsTransformerLM.layers.31.attn.v_proj,PushPop,30,30,12,12,1124668,93722.3,93615.5,93343,95040,449.5,cutlass3x_sm100_simt_sgemm_f32_f32_f32_f32_f32_64x32x16_1x1x1_3_tnn_align1_bias_f32_relu
PyTorch:BasicsTransformerLM.layers.31.ffn,PushPop,30,30,12,24,7514951,313123.0,312415.0,311711,322239,2523.5,cutlass3x_sm100_simt_sgemm_f32_f32_f32_f32_f32_64x128x16_1x1x1_3_tnn_align1_bias_f32_relu
PyTorch:BasicsTransformerLM.layers.31.ffn,PushPop,30,30,12,12,4332561,361046.8,360270.5,359615,368703,2451.2,cutlass3x_sm100_simt_sgemm_f32_f32_f32_f32_f32_64x32x16_1x1x1_3_tnn_align1_bias_f32_relu
PyTorch:BasicsTransformerLM.layers.31.ffn,PushPop,30,30,12,24,154175,6424.0,6464.0,5504,7360,762.9,"void at::native::vectorized_elementwise_kernel<(int)4, at::native::BinaryFunctor<float, float, float, at::native::binary_internal::MulFunctor<float>>, std::array<char *, (unsigned long)3>>(int, T2, T3)"
PyTorch:BasicsTransformerLM.layers.31.ffn,PushPop,30,30,12,12,70079,5839.9,5776.0,5696,6464,211.2,"void at::native::vectorized_elementwise_kernel<(int)4, at::native::sigmoid_kernel_cuda(at::TensorIteratorBase &)::[lambda() (instance 2)]::operator ()() const::[lambda() (instance 2)]::operator ()() const::[lambda(float) (instance 1)], std::array<char *, (unsigned long)2>>(int, T2, T3)"
PyTorch:BasicsTransformerLM.layers.31.ffn.w1,PushPop,30,30,12,12,3760468,313372.3,312543.0,312223,322239,2803.9,cutlass3x_sm100_simt_sgemm_f32_f32_f32_f32_f32_64x128x16_1x1x1_3_tnn_align1_bias_f32_relu
PyTorch:BasicsTransformerLM.layers.31.ffn.w2,PushPop,30,30,12,12,4332561,361046.8,360270.5,359615,368703,2451.2,cutlass3x_sm100_simt_sgemm_f32_f32_f32_f32_f32_64x32x16_1x1x1_3_tnn_align1_bias_f32_relu
PyTorch:BasicsTransformerLM.layers.31.ffn.w3,PushPop,30,30,12,12,3754483,312873.6,312319.0,311711,320159,2306.0,cutlass3x_sm100_simt_sgemm_f32_f32_f32_f32_f32_64x128x16_1x1x1_3_tnn_align1_bias_f32_relu
PyTorch:BasicsTransformerLM.layers.31.ln1,PushPop,30,30,12,24,113408,4725.3,4704.0,4640,4992,69.1,"void at::native::elementwise_kernel<(int)128, (int)2, void at::native::gpu_kernel_impl_nocast<at::native::BinaryFunctor<float, float, float, at::native::binary_internal::MulFunctor<float>>>(at::TensorIteratorBase &, const T1 &)::[lambda(int) (instance 1)]>(int, T3)"
PyTorch:BasicsTransformerLM.layers.31.ln1,PushPop,30,30,12,12,72992,6082.7,6080.0,5984,6176,61.7,"void at::native::reduce_kernel<(int)512, (int)1, at::native::ReduceOp<float, at::native::MeanOps<float, float, float, float>, unsigned int, float, (int)4, (int)4>>(T3)"
PyTorch:BasicsTransformerLM.layers.31.ln1,PushPop,30,30,12,12,29312,2442.7,2464.0,2304,2592,86.7,"void at::native::vectorized_elementwise_kernel<(int)4, void at::native::<unnamed>::pow_tensor_scalar_kernel_impl<float, float>(at::TensorIteratorBase &, T2)::[lambda(float) (instance 1)], std::array<char *, (unsigned long)2>>(int, T2, T3)"
PyTorch:BasicsTransformerLM.layers.31.ln1,PushPop,30,30,12,12,17696,1474.7,1440.0,1184,1792,184.3,"void at::native::vectorized_elementwise_kernel<(int)4, at::native::CUDAFunctorOnSelf_add<float>, std::array<char *, (unsigned long)2>>(int, T2, T3)"
PyTorch:BasicsTransformerLM.layers.31.ln1,PushPop,30,30,12,12,17408,1450.7,1456.0,1312,1536,51.7,"void at::native::vectorized_elementwise_kernel<(int)4, at::native::rsqrt_kernel_cuda(at::TensorIteratorBase &)::[lambda() (instance 2)]::operator ()() const::[lambda() (instance 2)]::operator ()() const::[lambda(float) (instance 1)], std::array<char *, (unsigned long)2>>(int, T2, T3)"
PyTorch:BasicsTransformerLM.layers.31.ln2,PushPop,30,30,12,24,112992,4708.0,4704.0,4608,4864,58.4,"void at::native::elementwise_kernel<(int)128, (int)2, void at::native::gpu_kernel_impl_nocast<at::native::BinaryFunctor<float, float, float, at::native::binary_internal::MulFunctor<float>>>(at::TensorIteratorBase &, const T1 &)::[lambda(int) (instance 1)]>(int, T3)"
PyTorch:BasicsTransformerLM.layers.31.ln2,PushPop,30,30,12,12,73184,6098.7,6080.0,6048,6208,48.2,"void at::native::reduce_kernel<(int)512, (int)1, at::native::ReduceOp<float, at::native::MeanOps<float, float, float, float>, unsigned int, float, (int)4, (int)4>>(T3)"
PyTorch:BasicsTransformerLM.layers.31.ln2,PushPop,30,30,12,12,29088,2424.0,2416.0,2368,2624,73.6,"void at::native::vectorized_elementwise_kernel<(int)4, void at::native::<unnamed>::pow_tensor_scalar_kernel_impl<float, float>(at::TensorIteratorBase &, T2)::[lambda(float) (instance 1)], std::array<char *, (unsigned long)2>>(int, T2, T3)"
PyTorch:BasicsTransformerLM.layers.31.ln2,PushPop,30,30,12,12,17312,1442.7,1536.0,1184,1568,146.0,"void at::native::vectorized_elementwise_kernel<(int)4, at::native::CUDAFunctorOnSelf_add<float>, std::array<char *, (unsigned long)2>>(int, T2, T3)"
PyTorch:BasicsTransformerLM.layers.31.ln2,PushPop,30,30,12,12,17312,1442.7,1440.0,1280,1632,96.0,"void at::native::vectorized_elementwise_kernel<(int)4, at::native::rsqrt_kernel_cuda(at::TensorIteratorBase &)::[lambda() (instance 2)]::operator ()() const::[lambda() (instance 2)]::operator ()() const::[lambda(float) (instance 1)], std::array<char *, (unsigned long)2>>(int, T2, T3)"
PyTorch:BasicsTransformerLM.layers.32,PushPop,30,30,12,60,8846306,147438.4,93904.0,93408,367807,107680.8,cutlass3x_sm100_simt_sgemm_f32_f32_f32_f32_f32_64x32x16_1x1x1_3_tnn_align1_bias_f32_relu
PyTorch:BasicsTransformerLM.layers.32,PushPop,30,30,12,24,7516262,313177.6,312447.0,311935,321983,2523.1,cutlass3x_sm100_simt_sgemm_f32_f32_f32_f32_f32_64x128x16_1x1x1_3_tnn_align1_bias_f32_relu
PyTorch:BasicsTransformerLM.layers.32,PushPop,30,30,12,144,550048,3819.8,3488.0,3072,5024,638.6,"void at::native::elementwise_kernel<(int)128, (int)2, void at::native::gpu_kernel_impl_nocast<at::native::BinaryFunctor<float, float, float, at::native::binary_internal::MulFunctor<float>>>(at::TensorIteratorBase &, const T1 &)::[lambda(int) (instance 1)]>(int, T3)"
PyTorch:BasicsTransformerLM.layers.32,PushPop,30,30,12,12,322623,26885.3,26848.0,26751,27424,182.5,cutlass3x_sm100_simt_sgemm_f32_f32_f32_f32_f32_128x64x16_1x1x1_3_tnn_align1_bias_f32_relu
PyTorch:BasicsTransformerLM.layers.32,PushPop,30,30,12,12,254752,21229.3,21184.0,21056,21856,203.5,cutlass3x_sm100_simt_sgemm_f32_f32_f32_f32_f32_64x32x16_1x1x1_3_nnn_align1_bias_f32_relu
PyTorch:BasicsTransformerLM.layers.32,PushPop,30,30,12,24,218175,9090.6,9024.0,8896,9471,156.4,"void at::native::<unnamed>::CatArrayBatchedCopy<at::native::<unnamed>::OpaqueType<(unsigned int)4>, unsigned int, (int)4, (int)64, (int)64>(T1 *, at::native::<unnamed>::CatArrInputTensorMetadata<T1, T2, T4, T5>, at::native::<unnamed>::TensorSizeStride<T2, (unsigned int)4>, int, T2)"
PyTorch:BasicsTransformerLM.layers.32,PushPop,30,30,12,72,184605,2564.0,2208.0,1983,3712,611.6,"void at::native::vectorized_elementwise_kernel<(int)4, at::native::CUDAFunctor_add<float>, std::array<char *, (unsigned long)3>>(int, T2, T3)"
PyTorch:BasicsTransformerLM.layers.32,PushPop,30,30,12,12,183232,15269.3,15200.0,15104,15616,144.9,"void at::native::elementwise_kernel<(int)128, (int)2, void at::native::gpu_kernel_impl_nocast<at::native::BinaryFunctor<float, float, float, at::native::binary_internal::DivFunctor<float>>>(at::TensorIteratorBase &, const T1 &)::[lambda(int) (instance 1)]>(int, T3)"
PyTorch:BasicsTransformerLM.layers.32,PushPop,30,30,12,12,159295,13274.6,13184.0,13087,14368,347.6,"void at::native::reduce_kernel<(int)512, (int)1, at::native::ReduceOp<float, at::native::MaxOps<float>, unsigned int, float, (int)4, (int)4>>(T3)"
PyTorch:BasicsTransformerLM.layers.32,PushPop,30,30,12,12,157632,13136.0,13152.0,12928,13312,96.0,"void at::native::elementwise_kernel<(int)128, (int)2, void at::native::gpu_kernel_impl_nocast<at::native::<unnamed>::where_kernel_impl(at::TensorIterator &)::[lambda() (instance 1)]::operator ()() const::[lambda() (instance 11)]::operator ()() const::[lambda(bool, float, float) (instance 1)]>(at::TensorIteratorBase &, const T1 &)::[lambda(int) (instance 1)]>(int, T3)"
PyTorch:BasicsTransformerLM.layers.32,PushPop,30,30,12,24,154528,6438.7,6608.0,5536,7296,735.1,"void at::native::vectorized_elementwise_kernel<(int)4, at::native::BinaryFunctor<float, float, float, at::native::binary_internal::MulFunctor<float>>, std::array<char *, (unsigned long)3>>(int, T2, T3)"
PyTorch:BasicsTransformerLM.layers.32,PushPop,30,30,12,12,153023,12751.9,12736.0,12640,12928,85.8,"void at::native::elementwise_kernel<(int)128, (int)2, void at::native::gpu_kernel_impl_nocast<at::native::CUDAFunctor_add<float>>(at::TensorIteratorBase &, const T1 &)::[lambda(int) (instance 1)]>(int, T3)"
PyTorch:BasicsTransformerLM.layers.32,PushPop,30,30,12,24,145344,6056.0,6048.0,5952,6208,66.9,"void at::native::reduce_kernel<(int)512, (int)1, at::native::ReduceOp<float, at::native::MeanOps<float, float, float, float>, unsigned int, float, (int)4, (int)4>>(T3)"
PyTorch:BasicsTransformerLM.layers.32,PushPop,30,30,12,24,133887,5578.6,5488.0,4576,6720,994.8,"void at::native::elementwise_kernel<(int)128, (int)2, void at::native::gpu_kernel_impl_nocast<at::native::direct_copy_kernel_cuda(at::TensorIteratorBase &)::[lambda() (instance 3)]::operator ()() const::[lambda() (instance 7)]::operator ()() const::[lambda(float) (instance 1)]>(at::TensorIteratorBase &, const T1 &)::[lambda(int) (instance 1)]>(int, T3)"
PyTorch:BasicsTransformerLM.layers.32,PushPop,30,30,12,12,84703,7058.6,7040.0,6944,7328,102.5,"void at::native::reduce_kernel<(int)512, (int)1, at::native::ReduceOp<float, at::native::func_wrapper_t<float, at::native::sum_functor<float, float, float>::operator ()(at::TensorIterator &)::[lambda(float, float) (instance 1)]>, unsigned int, float, (int)4, (int)4>>(T3)"
PyTorch:BasicsTransformerLM.layers.32,PushPop,30,30,12,12,69983,5831.9,5776.0,5728,6368,177.5,"void at::native::vectorized_elementwise_kernel<(int)4, at::native::sigmoid_kernel_cuda(at::TensorIteratorBase &)::[lambda() (instance 2)]::operator ()() const::[lambda() (instance 2)]::operator ()() const::[lambda(float) (instance 1)], std::array<char *, (unsigned long)2>>(int, T2, T3)"
PyTorch:BasicsTransformerLM.layers.32,PushPop,30,30,12,12,62976,5248.0,5184.0,5088,5696,175.8,"void at::native::vectorized_elementwise_kernel<(int)4, at::native::exp_kernel_cuda(at::TensorIteratorBase &)::[lambda() (instance 2)]::operator ()() const::[lambda() (instance 2)]::operator ()() const::[lambda(float) (instance 1)], std::array<char *, (unsigned long)2>>(int, T2, T3)"
PyTorch:BasicsTransformerLM.layers.32,PushPop,30,30,12,12,61024,5085.3,5008.0,4896,5696,236.1,"void at::native::vectorized_elementwise_kernel<(int)4, at::native::BUnaryFunctor<float, float, float, at::native::binary_internal::MulFunctor<float>>, std::array<char *, (unsigned long)2>>(int, T2, T3)"
PyTorch:BasicsTransformerLM.layers.32,PushPop,30,30,12,24,58592,2441.3,2432.0,2304,2624,77.5,"void at::native::vectorized_elementwise_kernel<(int)4, void at::native::<unnamed>::pow_tensor_scalar_kernel_impl<float, float>(at::TensorIteratorBase &, T2)::[lambda(float) (instance 1)], std::array<char *, (unsigned long)2>>(int, T2, T3)"
PyTorch:BasicsTransformerLM.layers.32,PushPop,30,30,12,24,35263,1469.3,1472.0,1280,1728,120.4,"void at::native::vectorized_elementwise_kernel<(int)4, at::native::rsqrt_kernel_cuda(at::TensorIteratorBase &)::[lambda() (instance 2)]::operator ()() const::[lambda() (instance 2)]::operator ()() const::[lambda(float) (instance 1)], std::array<char *, (unsigned long)2>>(int, T2, T3)"
PyTorch:BasicsTransformerLM.layers.32,PushPop,30,30,12,24,34880,1453.3,1536.0,1152,1728,162.9,"void at::native::vectorized_elementwise_kernel<(int)4, at::native::CUDAFunctorOnSelf_add<float>, std::array<char *, (unsigned long)2>>(int, T2, T3)"
PyTorch:BasicsTransformerLM.layers.32,PushPop,30,30,12,12,31200,2600.0,2608.0,2400,2944,144.5,"void at::native::elementwise_kernel<(int)128, (int)4, void at::native::gpu_kernel_impl_nocast<at::native::<unnamed>::CompareFunctor<long>>(at::TensorIteratorBase &, const T1 &)::[lambda(int) (instance 1)]>(int, T3)"
PyTorch:BasicsTransformerLM.layers.32,PushPop,30,30,12,12,12736,1061.3,1024.0,960,1184,101.0,"void <unnamed>::elementwise_kernel_with_index<int, at::native::arange_cuda_out(const c10::Scalar &, const c10::Scalar &, const c10::Scalar &, at::Tensor &)::[lambda() (instance 1)]::operator ()() const::[lambda() (instance 4)]::operator ()() const::[lambda(long) (instance 1)]>(T1, T2, function_traits<T2>::result_type *)"
PyTorch:BasicsTransformerLM.layers.32,PushPop,30,30,12,12,12352,1029.3,1072.0,928,1120,86.1,"void at::native::vectorized_elementwise_kernel<(int)4, at::native::FillFunctor<float>, std::array<char *, (unsigned long)1>>(int, T2, T3)"
PyTorch:BasicsTransformerLM.layers.32.attn,PushPop,30,30,12,48,4514480,94051.7,93760.0,93408,97567,715.3,cutlass3x_sm100_simt_sgemm_f32_f32_f32_f32_f32_64x32x16_1x1x1_3_tnn_align1_bias_f32_relu
PyTorch:BasicsTransformerLM.layers.32.attn,PushPop,30,30,12,96,324768,3383.0,3424.0,3072,3840,175.6,"void at::native::elementwise_kernel<(int)128, (int)2, void at::native::gpu_kernel_impl_nocast<at::native::BinaryFunctor<float, float, float, at::native::binary_internal::MulFunctor<float>>>(at::TensorIteratorBase &, const T1 &)::[lambda(int) (instance 1)]>(int, T3)"
PyTorch:BasicsTransformerLM.layers.32.attn,PushPop,30,30,12,12,322623,26885.3,26848.0,26751,27424,182.5,cutlass3x_sm100_simt_sgemm_f32_f32_f32_f32_f32_128x64x16_1x1x1_3_tnn_align1_bias_f32_relu
PyTorch:BasicsTransformerLM.layers.32.attn,PushPop,30,30,12,12,254752,21229.3,21184.0,21056,21856,203.5,cutlass3x_sm100_simt_sgemm_f32_f32_f32_f32_f32_64x32x16_1x1x1_3_nnn_align1_bias_f32_relu
PyTorch:BasicsTransformerLM.layers.32.attn,PushPop,30,30,12,24,218175,9090.6,9024.0,8896,9471,156.4,"void at::native::<unnamed>::CatArrayBatchedCopy<at::native::<unnamed>::OpaqueType<(unsigned int)4>, unsigned int, (int)4, (int)64, (int)64>(T1 *, at::native::<unnamed>::CatArrInputTensorMetadata<T1, T2, T4, T5>, at::native::<unnamed>::TensorSizeStride<T2, (unsigned int)4>, int, T2)"
PyTorch:BasicsTransformerLM.layers.32.attn,PushPop,30,30,12,12,183232,15269.3,15200.0,15104,15616,144.9,"void at::native::elementwise_kernel<(int)128, (int)2, void at::native::gpu_kernel_impl_nocast<at::native::BinaryFunctor<float, float, float, at::native::binary_internal::DivFunctor<float>>>(at::TensorIteratorBase &, const T1 &)::[lambda(int) (instance 1)]>(int, T3)"
PyTorch:BasicsTransformerLM.layers.32.attn,PushPop,30,30,12,12,159295,13274.6,13184.0,13087,14368,347.6,"void at::native::reduce_kernel<(int)512, (int)1, at::native::ReduceOp<float, at::native::MaxOps<float>, unsigned int, float, (int)4, (int)4>>(T3)"
PyTorch:BasicsTransformerLM.layers.32.attn,PushPop,30,30,12,12,157632,13136.0,13152.0,12928,13312,96.0,"void at::native::elementwise_kernel<(int)128, (int)2, void at::native::gpu_kernel_impl_nocast<at::native::<unnamed>::where_kernel_impl(at::TensorIterator &)::[lambda() (instance 1)]::operator ()() const::[lambda() (instance 11)]::operator ()() const::[lambda(bool, float, float) (instance 1)]>(at::TensorIteratorBase &, const T1 &)::[lambda(int) (instance 1)]>(int, T3)"
PyTorch:BasicsTransformerLM.layers.32.attn,PushPop,30,30,12,12,153023,12751.9,12736.0,12640,12928,85.8,"void at::native::elementwise_kernel<(int)128, (int)2, void at::native::gpu_kernel_impl_nocast<at::native::CUDAFunctor_add<float>>(at::TensorIteratorBase &, const T1 &)::[lambda(int) (instance 1)]>(int, T3)"
PyTorch:BasicsTransformerLM.layers.32.attn,PushPop,30,30,12,24,133887,5578.6,5488.0,4576,6720,994.8,"void at::native::elementwise_kernel<(int)128, (int)2, void at::native::gpu_kernel_impl_nocast<at::native::direct_copy_kernel_cuda(at::TensorIteratorBase &)::[lambda() (instance 3)]::operator ()() const::[lambda() (instance 7)]::operator ()() const::[lambda(float) (instance 1)]>(at::TensorIteratorBase &, const T1 &)::[lambda(int) (instance 1)]>(int, T3)"
PyTorch:BasicsTransformerLM.layers.32.attn,PushPop,30,30,12,48,102815,2142.0,2144.0,1983,2272,70.7,"void at::native::vectorized_elementwise_kernel<(int)4, at::native::CUDAFunctor_add<float>, std::array<char *, (unsigned long)3>>(int, T2, T3)"
PyTorch:BasicsTransformerLM.layers.32.attn,PushPop,30,30,12,12,84703,7058.6,7040.0,6944,7328,102.5,"void at::native::reduce_kernel<(int)512, (int)1, at::native::ReduceOp<float, at::native::func_wrapper_t<float, at::native::sum_functor<float, float, float>::operator ()(at::TensorIterator &)::[lambda(float, float) (instance 1)]>, unsigned int, float, (int)4, (int)4>>(T3)"
PyTorch:BasicsTransformerLM.layers.32.attn,PushPop,30,30,12,12,62976,5248.0,5184.0,5088,5696,175.8,"void at::native::vectorized_elementwise_kernel<(int)4, at::native::exp_kernel_cuda(at::TensorIteratorBase &)::[lambda() (instance 2)]::operator ()() const::[lambda() (instance 2)]::operator ()() const::[lambda(float) (instance 1)], std::array<char *, (unsigned long)2>>(int, T2, T3)"
PyTorch:BasicsTransformerLM.layers.32.attn,PushPop,30,30,12,12,61024,5085.3,5008.0,4896,5696,236.1,"void at::native::vectorized_elementwise_kernel<(int)4, at::native::BUnaryFunctor<float, float, float, at::native::binary_internal::MulFunctor<float>>, std::array<char *, (unsigned long)2>>(int, T2, T3)"
PyTorch:BasicsTransformerLM.layers.32.attn,PushPop,30,30,12,12,31200,2600.0,2608.0,2400,2944,144.5,"void at::native::elementwise_kernel<(int)128, (int)4, void at::native::gpu_kernel_impl_nocast<at::native::<unnamed>::CompareFunctor<long>>(at::TensorIteratorBase &, const T1 &)::[lambda(int) (instance 1)]>(int, T3)"
PyTorch:BasicsTransformerLM.layers.32.attn,PushPop,30,30,12,12,12736,1061.3,1024.0,960,1184,101.0,"void <unnamed>::elementwise_kernel_with_index<int, at::native::arange_cuda_out(const c10::Scalar &, const c10::Scalar &, const c10::Scalar &, at::Tensor &)::[lambda() (instance 1)]::operator ()() const::[lambda() (instance 4)]::operator ()() const::[lambda(long) (instance 1)]>(T1, T2, function_traits<T2>::result_type *)"
PyTorch:BasicsTransformerLM.layers.32.attn,PushPop,30,30,12,12,12352,1029.3,1072.0,928,1120,86.1,"void at::native::vectorized_elementwise_kernel<(int)4, at::native::FillFunctor<float>, std::array<char *, (unsigned long)1>>(int, T2, T3)"
PyTorch:BasicsTransformerLM.layers.32.attn.k_proj,PushPop,30,30,12,12,1126525,93877.1,93696.0,93472,95328,520.0,cutlass3x_sm100_simt_sgemm_f32_f32_f32_f32_f32_64x32x16_1x1x1_3_tnn_align1_bias_f32_relu
PyTorch:BasicsTransformerLM.layers.32.attn.output_proj,PushPop,30,30,12,12,1136444,94703.7,94432.0,94111,97567,922.7,cutlass3x_sm100_simt_sgemm_f32_f32_f32_f32_f32_64x32x16_1x1x1_3_tnn_align1_bias_f32_relu
PyTorch:BasicsTransformerLM.layers.32.attn.q_proj,PushPop,30,30,12,12,1126204,93850.3,93664.0,93504,95648,582.3,cutlass3x_sm100_simt_sgemm_f32_f32_f32_f32_f32_64x32x16_1x1x1_3_tnn_align1_bias_f32_relu
PyTorch:BasicsTransformerLM.layers.32.attn.v_proj,PushPop,30,30,12,12,1125307,93775.6,93743.5,93408,94719,317.6,cutlass3x_sm100_simt_sgemm_f32_f32_f32_f32_f32_64x32x16_1x1x1_3_tnn_align1_bias_f32_relu
PyTorch:BasicsTransformerLM.layers.32.ffn,PushPop,30,30,12,24,7516262,313177.6,312447.0,311935,321983,2523.1,cutlass3x_sm100_simt_sgemm_f32_f32_f32_f32_f32_64x128x16_1x1x1_3_tnn_align1_bias_f32_relu
PyTorch:BasicsTransformerLM.layers.32.ffn,PushPop,30,30,12,12,4331826,360985.5,360351.0,359550,367807,2229.6,cutlass3x_sm100_simt_sgemm_f32_f32_f32_f32_f32_64x32x16_1x1x1_3_tnn_align1_bias_f32_relu
PyTorch:BasicsTransformerLM.layers.32.ffn,PushPop,30,30,12,24,154528,6438.7,6608.0,5536,7296,735.1,"void at::native::vectorized_elementwise_kernel<(int)4, at::native::BinaryFunctor<float, float, float, at::native::binary_internal::MulFunctor<float>>, std::array<char *, (unsigned long)3>>(int, T2, T3)"
PyTorch:BasicsTransformerLM.layers.32.ffn,PushPop,30,30,12,12,69983,5831.9,5776.0,5728,6368,177.5,"void at::native::vectorized_elementwise_kernel<(int)4, at::native::sigmoid_kernel_cuda(at::TensorIteratorBase &)::[lambda() (instance 2)]::operator ()() const::[lambda() (instance 2)]::operator ()() const::[lambda(float) (instance 1)], std::array<char *, (unsigned long)2>>(int, T2, T3)"
PyTorch:BasicsTransformerLM.layers.32.ffn.w1,PushPop,30,30,12,12,3760468,313372.3,312671.0,311999,321983,2731.5,cutlass3x_sm100_simt_sgemm_f32_f32_f32_f32_f32_64x128x16_1x1x1_3_tnn_align1_bias_f32_relu
PyTorch:BasicsTransformerLM.layers.32.ffn.w2,PushPop,30,30,12,12,4331826,360985.5,360351.0,359550,367807,2229.6,cutlass3x_sm100_simt_sgemm_f32_f32_f32_f32_f32_64x32x16_1x1x1_3_tnn_align1_bias_f32_relu
PyTorch:BasicsTransformerLM.layers.32.ffn.w3,PushPop,30,30,12,12,3755794,312982.8,312271.0,311935,320574,2401.5,cutlass3x_sm100_simt_sgemm_f32_f32_f32_f32_f32_64x128x16_1x1x1_3_tnn_align1_bias_f32_relu
PyTorch:BasicsTransformerLM.layers.32.ln1,PushPop,30,30,12,24,113024,4709.3,4704.0,4576,5024,103.7,"void at::native::elementwise_kernel<(int)128, (int)2, void at::native::gpu_kernel_impl_nocast<at::native::BinaryFunctor<float, float, float, at::native::binary_internal::MulFunctor<float>>>(at::TensorIteratorBase &, const T1 &)::[lambda(int) (instance 1)]>(int, T3)"
PyTorch:BasicsTransformerLM.layers.32.ln1,PushPop,30,30,12,12,72768,6064.0,6032.0,5952,6208,89.0,"void at::native::reduce_kernel<(int)512, (int)1, at::native::ReduceOp<float, at::native::MeanOps<float, float, float, float>, unsigned int, float, (int)4, (int)4>>(T3)"
PyTorch:BasicsTransformerLM.layers.32.ln1,PushPop,30,30,12,12,29280,2440.0,2448.0,2304,2624,104.0,"void at::native::vectorized_elementwise_kernel<(int)4, void at::native::<unnamed>::pow_tensor_scalar_kernel_impl<float, float>(at::TensorIteratorBase &, T2)::[lambda(float) (instance 1)], std::array<char *, (unsigned long)2>>(int, T2, T3)"
PyTorch:BasicsTransformerLM.layers.32.ln1,PushPop,30,30,12,12,17536,1461.3,1488.0,1280,1600,116.8,"void at::native::vectorized_elementwise_kernel<(int)4, at::native::rsqrt_kernel_cuda(at::TensorIteratorBase &)::[lambda() (instance 2)]::operator ()() const::[lambda() (instance 2)]::operator ()() const::[lambda(float) (instance 1)], std::array<char *, (unsigned long)2>>(int, T2, T3)"
PyTorch:BasicsTransformerLM.layers.32.ln1,PushPop,30,30,12,12,17440,1453.3,1520.0,1184,1728,167.4,"void at::native::vectorized_elementwise_kernel<(int)4, at::native::CUDAFunctorOnSelf_add<float>, std::array<char *, (unsigned long)2>>(int, T2, T3)"
PyTorch:BasicsTransformerLM.layers.32.ln2,PushPop,30,30,12,24,112256,4677.3,4672.0,4544,4896,89.4,"void at::native::elementwise_kernel<(int)128, (int)2, void at::native::gpu_kernel_impl_nocast<at::native::BinaryFunctor<float, float, float, at::native::binary_internal::MulFunctor<float>>>(at::TensorIteratorBase &, const T1 &)::[lambda(int) (instance 1)]>(int, T3)"
PyTorch:BasicsTransformerLM.layers.32.ln2,PushPop,30,30,12,12,72576,6048.0,6048.0,5952,6080,36.1,"void at::native::reduce_kernel<(int)512, (int)1, at::native::ReduceOp<float, at::native::MeanOps<float, float, float, float>, unsigned int, float, (int)4, (int)4>>(T3)"
PyTorch:BasicsTransformerLM.layers.32.ln2,PushPop,30,30,12,12,29312,2442.7,2432.0,2400,2528,41.7,"void at::native::vectorized_elementwise_kernel<(int)4, void at::native::<unnamed>::pow_tensor_scalar_kernel_impl<float, float>(at::TensorIteratorBase &, T2)::[lambda(float) (instance 1)], std::array<char *, (unsigned long)2>>(int, T2, T3)"
PyTorch:BasicsTransformerLM.layers.32.ln2,PushPop,30,30,12,12,17727,1477.3,1456.0,1280,1728,128.6,"void at::native::vectorized_elementwise_kernel<(int)4, at::native::rsqrt_kernel_cuda(at::TensorIteratorBase &)::[lambda() (instance 2)]::operator ()() const::[lambda() (instance 2)]::operator ()() const::[lambda(float) (instance 1)], std::array<char *, (unsigned long)2>>(int, T2, T3)"
PyTorch:BasicsTransformerLM.layers.32.ln2,PushPop,30,30,12,12,17440,1453.3,1536.0,1152,1632,165.7,"void at::native::vectorized_elementwise_kernel<(int)4, at::native::CUDAFunctorOnSelf_add<float>, std::array<char *, (unsigned long)2>>(int, T2, T3)"
PyTorch:BasicsTransformerLM.layers.33,PushPop,30,30,12,60,8847877,147464.6,93871.5,93375,368511,107778.6,cutlass3x_sm100_simt_sgemm_f32_f32_f32_f32_f32_64x32x16_1x1x1_3_tnn_align1_bias_f32_relu
PyTorch:BasicsTransformerLM.layers.33,PushPop,30,30,12,24,7517446,313226.9,312351.0,311871,323775,2886.6,cutlass3x_sm100_simt_sgemm_f32_f32_f32_f32_f32_64x128x16_1x1x1_3_tnn_align1_bias_f32_relu
PyTorch:BasicsTransformerLM.layers.33,PushPop,30,30,12,144,553823,3846.0,3488.0,3104,4992,632.2,"void at::native::elementwise_kernel<(int)128, (int)2, void at::native::gpu_kernel_impl_nocast<at::native::BinaryFunctor<float, float, float, at::native::binary_internal::MulFunctor<float>>>(at::TensorIteratorBase &, const T1 &)::[lambda(int) (instance 1)]>(int, T3)"
PyTorch:BasicsTransformerLM.layers.33,PushPop,30,30,12,12,319648,26637.3,26752.0,24864,27136,573.0,cutlass3x_sm100_simt_sgemm_f32_f32_f32_f32_f32_128x64x16_1x1x1_3_tnn_align1_bias_f32_relu
PyTorch:BasicsTransformerLM.layers.33,PushPop,30,30,12,12,253600,21133.3,21056.0,20992,21792,214.6,cutlass3x_sm100_simt_sgemm_f32_f32_f32_f32_f32_64x32x16_1x1x1_3_nnn_align1_bias_f32_relu
PyTorch:BasicsTransformerLM.layers.33,PushPop,30,30,12,24,217758,9073.3,9088.0,8832,9344,135.5,"void at::native::<unnamed>::CatArrayBatchedCopy<at::native::<unnamed>::OpaqueType<(unsigned int)4>, unsigned int, (int)4, (int)64, (int)64>(T1 *, at::native::<unnamed>::CatArrInputTensorMetadata<T1, T2, T4, T5>, at::native::<unnamed>::TensorSizeStride<T2, (unsigned int)4>, int, T2)"
PyTorch:BasicsTransformerLM.layers.33,PushPop,30,30,12,12,183935,15327.9,15232.0,15168,15968,230.0,"void at::native::elementwise_kernel<(int)128, (int)2, void at::native::gpu_kernel_impl_nocast<at::native::BinaryFunctor<float, float, float, at::native::binary_internal::DivFunctor<float>>>(at::TensorIteratorBase &, const T1 &)::[lambda(int) (instance 1)]>(int, T3)"
PyTorch:BasicsTransformerLM.layers.33,PushPop,30,30,12,72,183360,2546.7,2144.0,1920,3872,679.9,"void at::native::vectorized_elementwise_kernel<(int)4, at::native::CUDAFunctor_add<float>, std::array<char *, (unsigned long)3>>(int, T2, T3)"
PyTorch:BasicsTransformerLM.layers.33,PushPop,30,30,12,12,157984,13165.3,13168.0,13024,13312,82.4,"void at::native::elementwise_kernel<(int)128, (int)2, void at::native::gpu_kernel_impl_nocast<at::native::<unnamed>::where_kernel_impl(at::TensorIterator &)::[lambda() (instance 1)]::operator ()() const::[lambda() (instance 11)]::operator ()() const::[lambda(bool, float, float) (instance 1)]>(at::TensorIteratorBase &, const T1 &)::[lambda(int) (instance 1)]>(int, T3)"
PyTorch:BasicsTransformerLM.layers.33,PushPop,30,30,12,12,157887,13157.3,13152.0,13056,13280,70.5,"void at::native::reduce_kernel<(int)512, (int)1, at::native::ReduceOp<float, at::native::MaxOps<float>, unsigned int, float, (int)4, (int)4>>(T3)"
PyTorch:BasicsTransformerLM.layers.33,PushPop,30,30,12,24,154527,6438.6,6527.5,5504,7424,761.2,"void at::native::vectorized_elementwise_kernel<(int)4, at::native::BinaryFunctor<float, float, float, at::native::binary_internal::MulFunctor<float>>, std::array<char *, (unsigned long)3>>(int, T2, T3)"
PyTorch:BasicsTransformerLM.layers.33,PushPop,30,30,12,12,152223,12685.3,12704.0,12608,12768,46.3,"void at::native::elementwise_kernel<(int)128, (int)2, void at::native::gpu_kernel_impl_nocast<at::native::CUDAFunctor_add<float>>(at::TensorIteratorBase &, const T1 &)::[lambda(int) (instance 1)]>(int, T3)"
PyTorch:BasicsTransformerLM.layers.33,PushPop,30,30,12,24,145918,6079.9,6080.0,5984,6208,55.8,"void at::native::reduce_kernel<(int)512, (int)1, at::native::ReduceOp<float, at::native::MeanOps<float, float, float, float>, unsigned int, float, (int)4, (int)4>>(T3)"
PyTorch:BasicsTransformerLM.layers.33,PushPop,30,30,12,24,135104,5629.3,5600.0,4608,6944,993.2,"void at::native::elementwise_kernel<(int)128, (int)2, void at::native::gpu_kernel_impl_nocast<at::native::direct_copy_kernel_cuda(at::TensorIteratorBase &)::[lambda() (instance 3)]::operator ()() const::[lambda() (instance 7)]::operator ()() const::[lambda(float) (instance 1)]>(at::TensorIteratorBase &, const T1 &)::[lambda(int) (instance 1)]>(int, T3)"
PyTorch:BasicsTransformerLM.layers.33,PushPop,30,30,12,12,84416,7034.7,7024.0,6976,7168,63.8,"void at::native::reduce_kernel<(int)512, (int)1, at::native::ReduceOp<float, at::native::func_wrapper_t<float, at::native::sum_functor<float, float, float>::operator ()(at::TensorIterator &)::[lambda(float, float) (instance 1)]>, unsigned int, float, (int)4, (int)4>>(T3)"
PyTorch:BasicsTransformerLM.layers.33,PushPop,30,30,12,12,71999,5999.9,5824.0,5728,7328,452.0,"void at::native::vectorized_elementwise_kernel<(int)4, at::native::sigmoid_kernel_cuda(at::TensorIteratorBase &)::[lambda() (instance 2)]::operator ()() const::[lambda() (instance 2)]::operator ()() const::[lambda(float) (instance 1)], std::array<char *, (unsigned long)2>>(int, T2, T3)"
PyTorch:BasicsTransformerLM.layers.33,PushPop,30,30,12,12,62464,5205.3,5152.0,5024,5600,182.7,"void at::native::vectorized_elementwise_kernel<(int)4, at::native::exp_kernel_cuda(at::TensorIteratorBase &)::[lambda() (instance 2)]::operator ()() const::[lambda() (instance 2)]::operator ()() const::[lambda(float) (instance 1)], std::array<char *, (unsigned long)2>>(int, T2, T3)"
PyTorch:BasicsTransformerLM.layers.33,PushPop,30,30,12,12,61567,5130.6,5056.0,4896,5664,243.1,"void at::native::vectorized_elementwise_kernel<(int)4, at::native::BUnaryFunctor<float, float, float, at::native::binary_internal::MulFunctor<float>>, std::array<char *, (unsigned long)2>>(int, T2, T3)"
PyTorch:BasicsTransformerLM.layers.33,PushPop,30,30,12,24,58720,2446.7,2448.0,2336,2656,83.3,"void at::native::vectorized_elementwise_kernel<(int)4, void at::native::<unnamed>::pow_tensor_scalar_kernel_impl<float, float>(at::TensorIteratorBase &, T2)::[lambda(float) (instance 1)], std::array<char *, (unsigned long)2>>(int, T2, T3)"
PyTorch:BasicsTransformerLM.layers.33,PushPop,30,30,12,24,35296,1470.7,1536.0,1184,1824,169.5,"void at::native::vectorized_elementwise_kernel<(int)4, at::native::CUDAFunctorOnSelf_add<float>, std::array<char *, (unsigned long)2>>(int, T2, T3)"
PyTorch:BasicsTransformerLM.layers.33,PushPop,30,30,12,24,34784,1449.3,1440.0,1280,1696,91.2,"void at::native::vectorized_elementwise_kernel<(int)4, at::native::rsqrt_kernel_cuda(at::TensorIteratorBase &)::[lambda() (instance 2)]::operator ()() const::[lambda() (instance 2)]::operator ()() const::[lambda(float) (instance 1)], std::array<char *, (unsigned long)2>>(int, T2, T3)"
PyTorch:BasicsTransformerLM.layers.33,PushPop,30,30,12,12,31232,2602.7,2592.0,2528,2720,63.0,"void at::native::elementwise_kernel<(int)128, (int)4, void at::native::gpu_kernel_impl_nocast<at::native::<unnamed>::CompareFunctor<long>>(at::TensorIteratorBase &, const T1 &)::[lambda(int) (instance 1)]>(int, T3)"
PyTorch:BasicsTransformerLM.layers.33,PushPop,30,30,12,12,12992,1082.7,992.0,992,1440,168.7,"void <unnamed>::elementwise_kernel_with_index<int, at::native::arange_cuda_out(const c10::Scalar &, const c10::Scalar &, const c10::Scalar &, at::Tensor &)::[lambda() (instance 1)]::operator ()() const::[lambda() (instance 4)]::operator ()() const::[lambda(long) (instance 1)]>(T1, T2, function_traits<T2>::result_type *)"
PyTorch:BasicsTransformerLM.layers.33,PushPop,30,30,12,12,11967,997.3,960.0,896,1119,83.8,"void at::native::vectorized_elementwise_kernel<(int)4, at::native::FillFunctor<float>, std::array<char *, (unsigned long)1>>(int, T2, T3)"
PyTorch:BasicsTransformerLM.layers.33.attn,PushPop,30,30,12,48,4513427,94029.7,93760.0,93375,98432,795.8,cutlass3x_sm100_simt_sgemm_f32_f32_f32_f32_f32_64x32x16_1x1x1_3_tnn_align1_bias_f32_relu
PyTorch:BasicsTransformerLM.layers.33.attn,PushPop,30,30,12,96,327327,3409.7,3456.0,3104,3904,146.2,"void at::native::elementwise_kernel<(int)128, (int)2, void at::native::gpu_kernel_impl_nocast<at::native::BinaryFunctor<float, float, float, at::native::binary_internal::MulFunctor<float>>>(at::TensorIteratorBase &, const T1 &)::[lambda(int) (instance 1)]>(int, T3)"
PyTorch:BasicsTransformerLM.layers.33.attn,PushPop,30,30,12,12,319648,26637.3,26752.0,24864,27136,573.0,cutlass3x_sm100_simt_sgemm_f32_f32_f32_f32_f32_128x64x16_1x1x1_3_tnn_align1_bias_f32_relu
PyTorch:BasicsTransformerLM.layers.33.attn,PushPop,30,30,12,12,253600,21133.3,21056.0,20992,21792,214.6,cutlass3x_sm100_simt_sgemm_f32_f32_f32_f32_f32_64x32x16_1x1x1_3_nnn_align1_bias_f32_relu
PyTorch:BasicsTransformerLM.layers.33.attn,PushPop,30,30,12,24,217758,9073.3,9088.0,8832,9344,135.5,"void at::native::<unnamed>::CatArrayBatchedCopy<at::native::<unnamed>::OpaqueType<(unsigned int)4>, unsigned int, (int)4, (int)64, (int)64>(T1 *, at::native::<unnamed>::CatArrInputTensorMetadata<T1, T2, T4, T5>, at::native::<unnamed>::TensorSizeStride<T2, (unsigned int)4>, int, T2)"
PyTorch:BasicsTransformerLM.layers.33.attn,PushPop,30,30,12,12,183935,15327.9,15232.0,15168,15968,230.0,"void at::native::elementwise_kernel<(int)128, (int)2, void at::native::gpu_kernel_impl_nocast<at::native::BinaryFunctor<float, float, float, at::native::binary_internal::DivFunctor<float>>>(at::TensorIteratorBase &, const T1 &)::[lambda(int) (instance 1)]>(int, T3)"
PyTorch:BasicsTransformerLM.layers.33.attn,PushPop,30,30,12,12,157984,13165.3,13168.0,13024,13312,82.4,"void at::native::elementwise_kernel<(int)128, (int)2, void at::native::gpu_kernel_impl_nocast<at::native::<unnamed>::where_kernel_impl(at::TensorIterator &)::[lambda() (instance 1)]::operator ()() const::[lambda() (instance 11)]::operator ()() const::[lambda(bool, float, float) (instance 1)]>(at::TensorIteratorBase &, const T1 &)::[lambda(int) (instance 1)]>(int, T3)"
PyTorch:BasicsTransformerLM.layers.33.attn,PushPop,30,30,12,12,157887,13157.3,13152.0,13056,13280,70.5,"void at::native::reduce_kernel<(int)512, (int)1, at::native::ReduceOp<float, at::native::MaxOps<float>, unsigned int, float, (int)4, (int)4>>(T3)"
PyTorch:BasicsTransformerLM.layers.33.attn,PushPop,30,30,12,12,152223,12685.3,12704.0,12608,12768,46.3,"void at::native::elementwise_kernel<(int)128, (int)2, void at::native::gpu_kernel_impl_nocast<at::native::CUDAFunctor_add<float>>(at::TensorIteratorBase &, const T1 &)::[lambda(int) (instance 1)]>(int, T3)"
PyTorch:BasicsTransformerLM.layers.33.attn,PushPop,30,30,12,24,135104,5629.3,5600.0,4608,6944,993.2,"void at::native::elementwise_kernel<(int)128, (int)2, void at::native::gpu_kernel_impl_nocast<at::native::direct_copy_kernel_cuda(at::TensorIteratorBase &)::[lambda() (instance 3)]::operator ()() const::[lambda() (instance 7)]::operator ()() const::[lambda(float) (instance 1)]>(at::TensorIteratorBase &, const T1 &)::[lambda(int) (instance 1)]>(int, T3)"
PyTorch:BasicsTransformerLM.layers.33.attn,PushPop,30,30,12,48,99712,2077.3,2048.0,1920,2304,88.0,"void at::native::vectorized_elementwise_kernel<(int)4, at::native::CUDAFunctor_add<float>, std::array<char *, (unsigned long)3>>(int, T2, T3)"
PyTorch:BasicsTransformerLM.layers.33.attn,PushPop,30,30,12,12,84416,7034.7,7024.0,6976,7168,63.8,"void at::native::reduce_kernel<(int)512, (int)1, at::native::ReduceOp<float, at::native::func_wrapper_t<float, at::native::sum_functor<float, float, float>::operator ()(at::TensorIterator &)::[lambda(float, float) (instance 1)]>, unsigned int, float, (int)4, (int)4>>(T3)"
PyTorch:BasicsTransformerLM.layers.33.attn,PushPop,30,30,12,12,62464,5205.3,5152.0,5024,5600,182.7,"void at::native::vectorized_elementwise_kernel<(int)4, at::native::exp_kernel_cuda(at::TensorIteratorBase &)::[lambda() (instance 2)]::operator ()() const::[lambda() (instance 2)]::operator ()() const::[lambda(float) (instance 1)], std::array<char *, (unsigned long)2>>(int, T2, T3)"
PyTorch:BasicsTransformerLM.layers.33.attn,PushPop,30,30,12,12,61567,5130.6,5056.0,4896,5664,243.1,"void at::native::vectorized_elementwise_kernel<(int)4, at::native::BUnaryFunctor<float, float, float, at::native::binary_internal::MulFunctor<float>>, std::array<char *, (unsigned long)2>>(int, T2, T3)"
PyTorch:BasicsTransformerLM.layers.33.attn,PushPop,30,30,12,12,31232,2602.7,2592.0,2528,2720,63.0,"void at::native::elementwise_kernel<(int)128, (int)4, void at::native::gpu_kernel_impl_nocast<at::native::<unnamed>::CompareFunctor<long>>(at::TensorIteratorBase &, const T1 &)::[lambda(int) (instance 1)]>(int, T3)"
PyTorch:BasicsTransformerLM.layers.33.attn,PushPop,30,30,12,12,12992,1082.7,992.0,992,1440,168.7,"void <unnamed>::elementwise_kernel_with_index<int, at::native::arange_cuda_out(const c10::Scalar &, const c10::Scalar &, const c10::Scalar &, at::Tensor &)::[lambda() (instance 1)]::operator ()() const::[lambda() (instance 4)]::operator ()() const::[lambda(long) (instance 1)]>(T1, T2, function_traits<T2>::result_type *)"
PyTorch:BasicsTransformerLM.layers.33.attn,PushPop,30,30,12,12,11967,997.3,960.0,896,1119,83.8,"void at::native::vectorized_elementwise_kernel<(int)4, at::native::FillFunctor<float>, std::array<char *, (unsigned long)1>>(int, T2, T3)"
PyTorch:BasicsTransformerLM.layers.33.attn.k_proj,PushPop,30,30,12,12,1126075,93839.6,93759.0,93599,95008,371.7,cutlass3x_sm100_simt_sgemm_f32_f32_f32_f32_f32_64x32x16_1x1x1_3_tnn_align1_bias_f32_relu
PyTorch:BasicsTransformerLM.layers.33.attn.output_proj,PushPop,30,30,12,12,1136734,94727.8,94400.0,94080,98432,1185.6,cutlass3x_sm100_simt_sgemm_f32_f32_f32_f32_f32_64x32x16_1x1x1_3_tnn_align1_bias_f32_relu
PyTorch:BasicsTransformerLM.layers.33.attn.q_proj,PushPop,30,30,12,12,1126236,93853.0,93712.0,93440,95264,488.9,cutlass3x_sm100_simt_sgemm_f32_f32_f32_f32_f32_64x32x16_1x1x1_3_tnn_align1_bias_f32_relu
PyTorch:BasicsTransformerLM.layers.33.attn.v_proj,PushPop,30,30,12,12,1124382,93698.5,93568.0,93375,95008,445.5,cutlass3x_sm100_simt_sgemm_f32_f32_f32_f32_f32_64x32x16_1x1x1_3_tnn_align1_bias_f32_relu
PyTorch:BasicsTransformerLM.layers.33.ffn,PushPop,30,30,12,24,7517446,313226.9,312351.0,311871,323775,2886.6,cutlass3x_sm100_simt_sgemm_f32_f32_f32_f32_f32_64x128x16_1x1x1_3_tnn_align1_bias_f32_relu
PyTorch:BasicsTransformerLM.layers.33.ffn,PushPop,30,30,12,12,4334450,361204.2,360590.0,360031,368511,2320.0,cutlass3x_sm100_simt_sgemm_f32_f32_f32_f32_f32_64x32x16_1x1x1_3_tnn_align1_bias_f32_relu
PyTorch:BasicsTransformerLM.layers.33.ffn,PushPop,30,30,12,24,154527,6438.6,6527.5,5504,7424,761.2,"void at::native::vectorized_elementwise_kernel<(int)4, at::native::BinaryFunctor<float, float, float, at::native::binary_internal::MulFunctor<float>>, std::array<char *, (unsigned long)3>>(int, T2, T3)"
PyTorch:BasicsTransformerLM.layers.33.ffn,PushPop,30,30,12,12,71999,5999.9,5824.0,5728,7328,452.0,"void at::native::vectorized_elementwise_kernel<(int)4, at::native::sigmoid_kernel_cuda(at::TensorIteratorBase &)::[lambda() (instance 2)]::operator ()() const::[lambda() (instance 2)]::operator ()() const::[lambda(float) (instance 1)], std::array<char *, (unsigned long)2>>(int, T2, T3)"
PyTorch:BasicsTransformerLM.layers.33.ffn.w1,PushPop,30,30,12,12,3762035,313502.9,312431.0,312223,323775,3252.4,cutlass3x_sm100_simt_sgemm_f32_f32_f32_f32_f32_64x128x16_1x1x1_3_tnn_align1_bias_f32_relu
PyTorch:BasicsTransformerLM.layers.33.ffn.w2,PushPop,30,30,12,12,4334450,361204.2,360590.0,360031,368511,2320.0,cutlass3x_sm100_simt_sgemm_f32_f32_f32_f32_f32_64x32x16_1x1x1_3_tnn_align1_bias_f32_relu
PyTorch:BasicsTransformerLM.layers.33.ffn.w3,PushPop,30,30,12,12,3755411,312950.9,312158.5,311871,321087,2584.2,cutlass3x_sm100_simt_sgemm_f32_f32_f32_f32_f32_64x128x16_1x1x1_3_tnn_align1_bias_f32_relu
PyTorch:BasicsTransformerLM.layers.33.ln1,PushPop,30,30,12,24,113440,4726.7,4704.0,4608,4992,78.7,"void at::native::elementwise_kernel<(int)128, (int)2, void at::native::gpu_kernel_impl_nocast<at::native::BinaryFunctor<float, float, float, at::native::binary_internal::MulFunctor<float>>>(at::TensorIteratorBase &, const T1 &)::[lambda(int) (instance 1)]>(int, T3)"
PyTorch:BasicsTransformerLM.layers.33.ln1,PushPop,30,30,12,12,73024,6085.3,6080.0,5984,6208,60.8,"void at::native::reduce_kernel<(int)512, (int)1, at::native::ReduceOp<float, at::native::MeanOps<float, float, float, float>, unsigned int, float, (int)4, (int)4>>(T3)"
PyTorch:BasicsTransformerLM.layers.33.ln1,PushPop,30,30,12,12,29088,2424.0,2448.0,2336,2496,65.6,"void at::native::vectorized_elementwise_kernel<(int)4, void at::native::<unnamed>::pow_tensor_scalar_kernel_impl<float, float>(at::TensorIteratorBase &, T2)::[lambda(float) (instance 1)], std::array<char *, (unsigned long)2>>(int, T2, T3)"
PyTorch:BasicsTransformerLM.layers.33.ln1,PushPop,30,30,12,12,18176,1514.7,1552.0,1280,1824,185.3,"void at::native::vectorized_elementwise_kernel<(int)4, at::native::CUDAFunctorOnSelf_add<float>, std::array<char *, (unsigned long)2>>(int, T2, T3)"
PyTorch:BasicsTransformerLM.layers.33.ln1,PushPop,30,30,12,12,17536,1461.3,1456.0,1280,1696,112.8,"void at::native::vectorized_elementwise_kernel<(int)4, at::native::rsqrt_kernel_cuda(at::TensorIteratorBase &)::[lambda() (instance 2)]::operator ()() const::[lambda() (instance 2)]::operator ()() const::[lambda(float) (instance 1)], std::array<char *, (unsigned long)2>>(int, T2, T3)"
PyTorch:BasicsTransformerLM.layers.33.ln2,PushPop,30,30,12,24,113056,4710.7,4704.0,4608,4960,77.8,"void at::native::elementwise_kernel<(int)128, (int)2, void at::native::gpu_kernel_impl_nocast<at::native::BinaryFunctor<float, float, float, at::native::binary_internal::MulFunctor<float>>>(at::TensorIteratorBase &, const T1 &)::[lambda(int) (instance 1)]>(int, T3)"
PyTorch:BasicsTransformerLM.layers.33.ln2,PushPop,30,30,12,12,72894,6074.5,6080.0,5984,6144,52.4,"void at::native::reduce_kernel<(int)512, (int)1, at::native::ReduceOp<float, at::native::MeanOps<float, float, float, float>, unsigned int, float, (int)4, (int)4>>(T3)"
PyTorch:BasicsTransformerLM.layers.33.ln2,PushPop,30,30,12,12,29632,2469.3,2448.0,2368,2656,95.4,"void at::native::vectorized_elementwise_kernel<(int)4, void at::native::<unnamed>::pow_tensor_scalar_kernel_impl<float, float>(at::TensorIteratorBase &, T2)::[lambda(float) (instance 1)], std::array<char *, (unsigned long)2>>(int, T2, T3)"
PyTorch:BasicsTransformerLM.layers.33.ln2,PushPop,30,30,12,12,17248,1437.3,1440.0,1312,1536,66.1,"void at::native::vectorized_elementwise_kernel<(int)4, at::native::rsqrt_kernel_cuda(at::TensorIteratorBase &)::[lambda() (instance 2)]::operator ()() const::[lambda() (instance 2)]::operator ()() const::[lambda(float) (instance 1)], std::array<char *, (unsigned long)2>>(int, T2, T3)"
PyTorch:BasicsTransformerLM.layers.33.ln2,PushPop,30,30,12,12,17120,1426.7,1440.0,1184,1600,146.6,"void at::native::vectorized_elementwise_kernel<(int)4, at::native::CUDAFunctorOnSelf_add<float>, std::array<char *, (unsigned long)2>>(int, T2, T3)"
PyTorch:BasicsTransformerLM.layers.34,PushPop,30,30,12,60,8849602,147493.4,94048.0,93344,370559,107750.9,cutlass3x_sm100_simt_sgemm_f32_f32_f32_f32_f32_64x32x16_1x1x1_3_tnn_align1_bias_f32_relu
PyTorch:BasicsTransformerLM.layers.34,PushPop,30,30,12,24,7520326,313346.9,312367.0,311903,323999,3177.0,cutlass3x_sm100_simt_sgemm_f32_f32_f32_f32_f32_64x128x16_1x1x1_3_tnn_align1_bias_f32_relu
PyTorch:BasicsTransformerLM.layers.34,PushPop,30,30,12,144,551391,3829.1,3488.0,3072,5120,646.2,"void at::native::elementwise_kernel<(int)128, (int)2, void at::native::gpu_kernel_impl_nocast<at::native::BinaryFunctor<float, float, float, at::native::binary_internal::MulFunctor<float>>>(at::TensorIteratorBase &, const T1 &)::[lambda(int) (instance 1)]>(int, T3)"
PyTorch:BasicsTransformerLM.layers.34,PushPop,30,30,12,12,320383,26698.6,26896.0,24256,27456,791.9,cutlass3x_sm100_simt_sgemm_f32_f32_f32_f32_f32_128x64x16_1x1x1_3_tnn_align1_bias_f32_relu
PyTorch:BasicsTransformerLM.layers.34,PushPop,30,30,12,12,254751,21229.3,21168.0,21056,21888,215.6,cutlass3x_sm100_simt_sgemm_f32_f32_f32_f32_f32_64x32x16_1x1x1_3_nnn_align1_bias_f32_relu
PyTorch:BasicsTransformerLM.layers.34,PushPop,30,30,12,24,217984,9082.7,9056.0,8896,9344,140.8,"void at::native::<unnamed>::CatArrayBatchedCopy<at::native::<unnamed>::OpaqueType<(unsigned int)4>, unsigned int, (int)4, (int)64, (int)64>(T1 *, at::native::<unnamed>::CatArrInputTensorMetadata<T1, T2, T4, T5>, at::native::<unnamed>::TensorSizeStride<T2, (unsigned int)4>, int, T2)"
PyTorch:BasicsTransformerLM.layers.34,PushPop,30,30,12,72,185695,2579.1,2192.0,1984,3744,624.8,"void at::native::vectorized_elementwise_kernel<(int)4, at::native::CUDAFunctor_add<float>, std::array<char *, (unsigned long)3>>(int, T2, T3)"
PyTorch:BasicsTransformerLM.layers.34,PushPop,30,30,12,12,182847,15237.3,15184.0,15104,15615,144.1,"void at::native::elementwise_kernel<(int)128, (int)2, void at::native::gpu_kernel_impl_nocast<at::native::BinaryFunctor<float, float, float, at::native::binary_internal::DivFunctor<float>>>(at::TensorIteratorBase &, const T1 &)::[lambda(int) (instance 1)]>(int, T3)"
PyTorch:BasicsTransformerLM.layers.34,PushPop,30,30,12,12,159071,13255.9,13120.0,13056,14624,434.8,"void at::native::reduce_kernel<(int)512, (int)1, at::native::ReduceOp<float, at::native::MaxOps<float>, unsigned int, float, (int)4, (int)4>>(T3)"
PyTorch:BasicsTransformerLM.layers.34,PushPop,30,30,12,12,157214,13101.2,13104.0,12960,13184,67.4,"void at::native::elementwise_kernel<(int)128, (int)2, void at::native::gpu_kernel_impl_nocast<at::native::<unnamed>::where_kernel_impl(at::TensorIterator &)::[lambda() (instance 1)]::operator ()() const::[lambda() (instance 11)]::operator ()() const::[lambda(bool, float, float) (instance 1)]>(at::TensorIteratorBase &, const T1 &)::[lambda(int) (instance 1)]>(int, T3)"
PyTorch:BasicsTransformerLM.layers.34,PushPop,30,30,12,24,155424,6476.0,6464.0,5536,7584,781.1,"void at::native::vectorized_elementwise_kernel<(int)4, at::native::BinaryFunctor<float, float, float, at::native::binary_internal::MulFunctor<float>>, std::array<char *, (unsigned long)3>>(int, T2, T3)"
PyTorch:BasicsTransformerLM.layers.34,PushPop,30,30,12,12,153119,12759.9,12768.0,12672,12864,59.6,"void at::native::elementwise_kernel<(int)128, (int)2, void at::native::gpu_kernel_impl_nocast<at::native::CUDAFunctor_add<float>>(at::TensorIteratorBase &, const T1 &)::[lambda(int) (instance 1)]>(int, T3)"
PyTorch:BasicsTransformerLM.layers.34,PushPop,30,30,12,24,145184,6049.3,6048.0,5952,6144,50.4,"void at::native::reduce_kernel<(int)512, (int)1, at::native::ReduceOp<float, at::native::MeanOps<float, float, float, float>, unsigned int, float, (int)4, (int)4>>(T3)"
PyTorch:BasicsTransformerLM.layers.34,PushPop,30,30,12,24,134527,5605.3,5552.0,4575,6816,1019.3,"void at::native::elementwise_kernel<(int)128, (int)2, void at::native::gpu_kernel_impl_nocast<at::native::direct_copy_kernel_cuda(at::TensorIteratorBase &)::[lambda() (instance 3)]::operator ()() const::[lambda() (instance 7)]::operator ()() const::[lambda(float) (instance 1)]>(at::TensorIteratorBase &, const T1 &)::[lambda(int) (instance 1)]>(int, T3)"
PyTorch:BasicsTransformerLM.layers.34,PushPop,30,30,12,12,84671,7055.9,7040.0,6976,7136,57.1,"void at::native::reduce_kernel<(int)512, (int)1, at::native::ReduceOp<float, at::native::func_wrapper_t<float, at::native::sum_functor<float, float, float>::operator ()(at::TensorIterator &)::[lambda(float, float) (instance 1)]>, unsigned int, float, (int)4, (int)4>>(T3)"
PyTorch:BasicsTransformerLM.layers.34,PushPop,30,30,12,12,70720,5893.3,5792.0,5696,6720,270.1,"void at::native::vectorized_elementwise_kernel<(int)4, at::native::sigmoid_kernel_cuda(at::TensorIteratorBase &)::[lambda() (instance 2)]::operator ()() const::[lambda() (instance 2)]::operator ()() const::[lambda(float) (instance 1)], std::array<char *, (unsigned long)2>>(int, T2, T3)"
PyTorch:BasicsTransformerLM.layers.34,PushPop,30,30,12,12,63232,5269.3,5216.0,5024,5696,201.6,"void at::native::vectorized_elementwise_kernel<(int)4, at::native::exp_kernel_cuda(at::TensorIteratorBase &)::[lambda() (instance 2)]::operator ()() const::[lambda() (instance 2)]::operator ()() const::[lambda(float) (instance 1)], std::array<char *, (unsigned long)2>>(int, T2, T3)"
PyTorch:BasicsTransformerLM.layers.34,PushPop,30,30,12,12,61120,5093.3,5024.0,4864,5664,239.8,"void at::native::vectorized_elementwise_kernel<(int)4, at::native::BUnaryFunctor<float, float, float, at::native::binary_internal::MulFunctor<float>>, std::array<char *, (unsigned long)2>>(int, T2, T3)"
PyTorch:BasicsTransformerLM.layers.34,PushPop,30,30,12,24,58976,2457.3,2448.0,2336,2592,76.1,"void at::native::vectorized_elementwise_kernel<(int)4, void at::native::<unnamed>::pow_tensor_scalar_kernel_impl<float, float>(at::TensorIteratorBase &, T2)::[lambda(float) (instance 1)], std::array<char *, (unsigned long)2>>(int, T2, T3)"
PyTorch:BasicsTransformerLM.layers.34,PushPop,30,30,12,24,34496,1437.3,1456.0,1248,1728,115.5,"void at::native::vectorized_elementwise_kernel<(int)4, at::native::rsqrt_kernel_cuda(at::TensorIteratorBase &)::[lambda() (instance 2)]::operator ()() const::[lambda() (instance 2)]::operator ()() const::[lambda(float) (instance 1)], std::array<char *, (unsigned long)2>>(int, T2, T3)"
PyTorch:BasicsTransformerLM.layers.34,PushPop,30,30,12,24,33632,1401.3,1376.0,1152,1600,160.4,"void at::native::vectorized_elementwise_kernel<(int)4, at::native::CUDAFunctorOnSelf_add<float>, std::array<char *, (unsigned long)2>>(int, T2, T3)"
PyTorch:BasicsTransformerLM.layers.34,PushPop,30,30,12,12,31520,2626.7,2640.0,2432,2912,125.4,"void at::native::elementwise_kernel<(int)128, (int)4, void at::native::gpu_kernel_impl_nocast<at::native::<unnamed>::CompareFunctor<long>>(at::TensorIteratorBase &, const T1 &)::[lambda(int) (instance 1)]>(int, T3)"
PyTorch:BasicsTransformerLM.layers.34,PushPop,30,30,12,12,12640,1053.3,1008.0,960,1184,85.7,"void <unnamed>::elementwise_kernel_with_index<int, at::native::arange_cuda_out(const c10::Scalar &, const c10::Scalar &, const c10::Scalar &, at::Tensor &)::[lambda() (instance 1)]::operator ()() const::[lambda() (instance 4)]::operator ()() const::[lambda(long) (instance 1)]>(T1, T2, function_traits<T2>::result_type *)"
PyTorch:BasicsTransformerLM.layers.34,PushPop,30,30,12,12,12608,1050.7,1088.0,928,1248,118.0,"void at::native::vectorized_elementwise_kernel<(int)4, at::native::FillFunctor<float>, std::array<char *, (unsigned long)1>>(int, T2, T3)"
PyTorch:BasicsTransformerLM.layers.34.attn,PushPop,30,30,12,48,4515538,94073.7,93839.5,93344,97856,763.8,cutlass3x_sm100_simt_sgemm_f32_f32_f32_f32_f32_64x32x16_1x1x1_3_tnn_align1_bias_f32_relu
PyTorch:BasicsTransformerLM.layers.34.attn,PushPop,30,30,12,96,325247,3388.0,3456.0,3072,3968,178.5,"void at::native::elementwise_kernel<(int)128, (int)2, void at::native::gpu_kernel_impl_nocast<at::native::BinaryFunctor<float, float, float, at::native::binary_internal::MulFunctor<float>>>(at::TensorIteratorBase &, const T1 &)::[lambda(int) (instance 1)]>(int, T3)"
PyTorch:BasicsTransformerLM.layers.34.attn,PushPop,30,30,12,12,320383,26698.6,26896.0,24256,27456,791.9,cutlass3x_sm100_simt_sgemm_f32_f32_f32_f32_f32_128x64x16_1x1x1_3_tnn_align1_bias_f32_relu
PyTorch:BasicsTransformerLM.layers.34.attn,PushPop,30,30,12,12,254751,21229.3,21168.0,21056,21888,215.6,cutlass3x_sm100_simt_sgemm_f32_f32_f32_f32_f32_64x32x16_1x1x1_3_nnn_align1_bias_f32_relu
PyTorch:BasicsTransformerLM.layers.34.attn,PushPop,30,30,12,24,217984,9082.7,9056.0,8896,9344,140.8,"void at::native::<unnamed>::CatArrayBatchedCopy<at::native::<unnamed>::OpaqueType<(unsigned int)4>, unsigned int, (int)4, (int)64, (int)64>(T1 *, at::native::<unnamed>::CatArrInputTensorMetadata<T1, T2, T4, T5>, at::native::<unnamed>::TensorSizeStride<T2, (unsigned int)4>, int, T2)"
PyTorch:BasicsTransformerLM.layers.34.attn,PushPop,30,30,12,12,182847,15237.3,15184.0,15104,15615,144.1,"void at::native::elementwise_kernel<(int)128, (int)2, void at::native::gpu_kernel_impl_nocast<at::native::BinaryFunctor<float, float, float, at::native::binary_internal::DivFunctor<float>>>(at::TensorIteratorBase &, const T1 &)::[lambda(int) (instance 1)]>(int, T3)"
PyTorch:BasicsTransformerLM.layers.34.attn,PushPop,30,30,12,12,159071,13255.9,13120.0,13056,14624,434.8,"void at::native::reduce_kernel<(int)512, (int)1, at::native::ReduceOp<float, at::native::MaxOps<float>, unsigned int, float, (int)4, (int)4>>(T3)"
PyTorch:BasicsTransformerLM.layers.34.attn,PushPop,30,30,12,12,157214,13101.2,13104.0,12960,13184,67.4,"void at::native::elementwise_kernel<(int)128, (int)2, void at::native::gpu_kernel_impl_nocast<at::native::<unnamed>::where_kernel_impl(at::TensorIterator &)::[lambda() (instance 1)]::operator ()() const::[lambda() (instance 11)]::operator ()() const::[lambda(bool, float, float) (instance 1)]>(at::TensorIteratorBase &, const T1 &)::[lambda(int) (instance 1)]>(int, T3)"
PyTorch:BasicsTransformerLM.layers.34.attn,PushPop,30,30,12,12,153119,12759.9,12768.0,12672,12864,59.6,"void at::native::elementwise_kernel<(int)128, (int)2, void at::native::gpu_kernel_impl_nocast<at::native::CUDAFunctor_add<float>>(at::TensorIteratorBase &, const T1 &)::[lambda(int) (instance 1)]>(int, T3)"
PyTorch:BasicsTransformerLM.layers.34.attn,PushPop,30,30,12,24,134527,5605.3,5552.0,4575,6816,1019.3,"void at::native::elementwise_kernel<(int)128, (int)2, void at::native::gpu_kernel_impl_nocast<at::native::direct_copy_kernel_cuda(at::TensorIteratorBase &)::[lambda() (instance 3)]::operator ()() const::[lambda() (instance 7)]::operator ()() const::[lambda(float) (instance 1)]>(at::TensorIteratorBase &, const T1 &)::[lambda(int) (instance 1)]>(int, T3)"
PyTorch:BasicsTransformerLM.layers.34.attn,PushPop,30,30,12,48,103103,2148.0,2144.0,1984,2432,86.7,"void at::native::vectorized_elementwise_kernel<(int)4, at::native::CUDAFunctor_add<float>, std::array<char *, (unsigned long)3>>(int, T2, T3)"
PyTorch:BasicsTransformerLM.layers.34.attn,PushPop,30,30,12,12,84671,7055.9,7040.0,6976,7136,57.1,"void at::native::reduce_kernel<(int)512, (int)1, at::native::ReduceOp<float, at::native::func_wrapper_t<float, at::native::sum_functor<float, float, float>::operator ()(at::TensorIterator &)::[lambda(float, float) (instance 1)]>, unsigned int, float, (int)4, (int)4>>(T3)"
PyTorch:BasicsTransformerLM.layers.34.attn,PushPop,30,30,12,12,63232,5269.3,5216.0,5024,5696,201.6,"void at::native::vectorized_elementwise_kernel<(int)4, at::native::exp_kernel_cuda(at::TensorIteratorBase &)::[lambda() (instance 2)]::operator ()() const::[lambda() (instance 2)]::operator ()() const::[lambda(float) (instance 1)], std::array<char *, (unsigned long)2>>(int, T2, T3)"
PyTorch:BasicsTransformerLM.layers.34.attn,PushPop,30,30,12,12,61120,5093.3,5024.0,4864,5664,239.8,"void at::native::vectorized_elementwise_kernel<(int)4, at::native::BUnaryFunctor<float, float, float, at::native::binary_internal::MulFunctor<float>>, std::array<char *, (unsigned long)2>>(int, T2, T3)"
PyTorch:BasicsTransformerLM.layers.34.attn,PushPop,30,30,12,12,31520,2626.7,2640.0,2432,2912,125.4,"void at::native::elementwise_kernel<(int)128, (int)4, void at::native::gpu_kernel_impl_nocast<at::native::<unnamed>::CompareFunctor<long>>(at::TensorIteratorBase &, const T1 &)::[lambda(int) (instance 1)]>(int, T3)"
PyTorch:BasicsTransformerLM.layers.34.attn,PushPop,30,30,12,12,12640,1053.3,1008.0,960,1184,85.7,"void <unnamed>::elementwise_kernel_with_index<int, at::native::arange_cuda_out(const c10::Scalar &, const c10::Scalar &, const c10::Scalar &, at::Tensor &)::[lambda() (instance 1)]::operator ()() const::[lambda() (instance 4)]::operator ()() const::[lambda(long) (instance 1)]>(T1, T2, function_traits<T2>::result_type *)"
PyTorch:BasicsTransformerLM.layers.34.attn,PushPop,30,30,12,12,12608,1050.7,1088.0,928,1248,118.0,"void at::native::vectorized_elementwise_kernel<(int)4, at::native::FillFunctor<float>, std::array<char *, (unsigned long)1>>(int, T2, T3)"
PyTorch:BasicsTransformerLM.layers.34.attn.k_proj,PushPop,30,30,12,12,1127353,93946.1,93807.0,93631,95455,501.8,cutlass3x_sm100_simt_sgemm_f32_f32_f32_f32_f32_64x32x16_1x1x1_3_tnn_align1_bias_f32_relu
PyTorch:BasicsTransformerLM.layers.34.attn.output_proj,PushPop,30,30,12,12,1135646,94637.2,94288.0,94080,97856,1035.7,cutlass3x_sm100_simt_sgemm_f32_f32_f32_f32_f32_64x32x16_1x1x1_3_tnn_align1_bias_f32_relu
PyTorch:BasicsTransformerLM.layers.34.attn.q_proj,PushPop,30,30,12,12,1125822,93818.5,93663.5,93408,95648,608.2,cutlass3x_sm100_simt_sgemm_f32_f32_f32_f32_f32_64x32x16_1x1x1_3_tnn_align1_bias_f32_relu
PyTorch:BasicsTransformerLM.layers.34.attn.v_proj,PushPop,30,30,12,12,1126717,93893.1,93711.5,93344,95456,572.5,cutlass3x_sm100_simt_sgemm_f32_f32_f32_f32_f32_64x32x16_1x1x1_3_tnn_align1_bias_f32_relu
PyTorch:BasicsTransformerLM.layers.34.ffn,PushPop,30,30,12,24,7520326,313346.9,312367.0,311903,323999,3177.0,cutlass3x_sm100_simt_sgemm_f32_f32_f32_f32_f32_64x128x16_1x1x1_3_tnn_align1_bias_f32_relu
PyTorch:BasicsTransformerLM.layers.34.ffn,PushPop,30,30,12,12,4334064,361172.0,360286.5,359583,370559,3003.1,cutlass3x_sm100_simt_sgemm_f32_f32_f32_f32_f32_64x32x16_1x1x1_3_tnn_align1_bias_f32_relu
PyTorch:BasicsTransformerLM.layers.34.ffn,PushPop,30,30,12,24,155424,6476.0,6464.0,5536,7584,781.1,"void at::native::vectorized_elementwise_kernel<(int)4, at::native::BinaryFunctor<float, float, float, at::native::binary_internal::MulFunctor<float>>, std::array<char *, (unsigned long)3>>(int, T2, T3)"
PyTorch:BasicsTransformerLM.layers.34.ffn,PushPop,30,30,12,12,70720,5893.3,5792.0,5696,6720,270.1,"void at::native::vectorized_elementwise_kernel<(int)4, at::native::sigmoid_kernel_cuda(at::TensorIteratorBase &)::[lambda() (instance 2)]::operator ()() const::[lambda() (instance 2)]::operator ()() const::[lambda(float) (instance 1)], std::array<char *, (unsigned long)2>>(int, T2, T3)"
PyTorch:BasicsTransformerLM.layers.34.ffn.w1,PushPop,30,30,12,12,3761939,313494.9,312591.0,312031,323167,3071.0,cutlass3x_sm100_simt_sgemm_f32_f32_f32_f32_f32_64x128x16_1x1x1_3_tnn_align1_bias_f32_relu
PyTorch:BasicsTransformerLM.layers.34.ffn.w2,PushPop,30,30,12,12,4334064,361172.0,360286.5,359583,370559,3003.1,cutlass3x_sm100_simt_sgemm_f32_f32_f32_f32_f32_64x32x16_1x1x1_3_tnn_align1_bias_f32_relu
PyTorch:BasicsTransformerLM.layers.34.ffn.w3,PushPop,30,30,12,12,3758387,313198.9,312238.5,311903,323999,3409.7,cutlass3x_sm100_simt_sgemm_f32_f32_f32_f32_f32_64x128x16_1x1x1_3_tnn_align1_bias_f32_relu
PyTorch:BasicsTransformerLM.layers.34.ln1,PushPop,30,30,12,24,113888,4745.3,4736.0,4512,5120,127.1,"void at::native::elementwise_kernel<(int)128, (int)2, void at::native::gpu_kernel_impl_nocast<at::native::BinaryFunctor<float, float, float, at::native::binary_internal::MulFunctor<float>>>(at::TensorIteratorBase &, const T1 &)::[lambda(int) (instance 1)]>(int, T3)"
PyTorch:BasicsTransformerLM.layers.34.ln1,PushPop,30,30,12,12,72480,6040.0,6016.0,5952,6144,61.2,"void at::native::reduce_kernel<(int)512, (int)1, at::native::ReduceOp<float, at::native::MeanOps<float, float, float, float>, unsigned int, float, (int)4, (int)4>>(T3)"
PyTorch:BasicsTransformerLM.layers.34.ln1,PushPop,30,30,12,12,29440,2453.3,2448.0,2336,2592,78.8,"void at::native::vectorized_elementwise_kernel<(int)4, void at::native::<unnamed>::pow_tensor_scalar_kernel_impl<float, float>(at::TensorIteratorBase &, T2)::[lambda(float) (instance 1)], std::array<char *, (unsigned long)2>>(int, T2, T3)"
PyTorch:BasicsTransformerLM.layers.34.ln1,PushPop,30,30,12,12,17216,1434.7,1456.0,1248,1728,144.9,"void at::native::vectorized_elementwise_kernel<(int)4, at::native::rsqrt_kernel_cuda(at::TensorIteratorBase &)::[lambda() (instance 2)]::operator ()() const::[lambda() (instance 2)]::operator ()() const::[lambda(float) (instance 1)], std::array<char *, (unsigned long)2>>(int, T2, T3)"
PyTorch:BasicsTransformerLM.layers.34.ln1,PushPop,30,30,12,12,16736,1394.7,1440.0,1152,1568,177.6,"void at::native::vectorized_elementwise_kernel<(int)4, at::native::CUDAFunctorOnSelf_add<float>, std::array<char *, (unsigned long)2>>(int, T2, T3)"
PyTorch:BasicsTransformerLM.layers.34.ln2,PushPop,30,30,12,24,112256,4677.3,4640.0,4576,4896,97.5,"void at::native::elementwise_kernel<(int)128, (int)2, void at::native::gpu_kernel_impl_nocast<at::native::BinaryFunctor<float, float, float, at::native::binary_internal::MulFunctor<float>>>(at::TensorIteratorBase &, const T1 &)::[lambda(int) (instance 1)]>(int, T3)"
PyTorch:BasicsTransformerLM.layers.34.ln2,PushPop,30,30,12,12,72704,6058.7,6048.0,5984,6112,37.0,"void at::native::reduce_kernel<(int)512, (int)1, at::native::ReduceOp<float, at::native::MeanOps<float, float, float, float>, unsigned int, float, (int)4, (int)4>>(T3)"
PyTorch:BasicsTransformerLM.layers.34.ln2,PushPop,30,30,12,12,29536,2461.3,2448.0,2336,2592,76.5,"void at::native::vectorized_elementwise_kernel<(int)4, void at::native::<unnamed>::pow_tensor_scalar_kernel_impl<float, float>(at::TensorIteratorBase &, T2)::[lambda(float) (instance 1)], std::array<char *, (unsigned long)2>>(int, T2, T3)"
PyTorch:BasicsTransformerLM.layers.34.ln2,PushPop,30,30,12,12,17280,1440.0,1456.0,1280,1568,83.0,"void at::native::vectorized_elementwise_kernel<(int)4, at::native::rsqrt_kernel_cuda(at::TensorIteratorBase &)::[lambda() (instance 2)]::operator ()() const::[lambda() (instance 2)]::operator ()() const::[lambda(float) (instance 1)], std::array<char *, (unsigned long)2>>(int, T2, T3)"
PyTorch:BasicsTransformerLM.layers.34.ln2,PushPop,30,30,12,12,16896,1408.0,1360.0,1184,1600,148.8,"void at::native::vectorized_elementwise_kernel<(int)4, at::native::CUDAFunctorOnSelf_add<float>, std::array<char *, (unsigned long)2>>(int, T2, T3)"
PyTorch:BasicsTransformerLM.layers.35,PushPop,30,30,12,60,8852449,147540.8,94096.0,93503,370271,107776.2,cutlass3x_sm100_simt_sgemm_f32_f32_f32_f32_f32_64x32x16_1x1x1_3_tnn_align1_bias_f32_relu
PyTorch:BasicsTransformerLM.layers.35,PushPop,30,30,12,24,7520133,313338.9,312430.5,311839,323742,3058.4,cutlass3x_sm100_simt_sgemm_f32_f32_f32_f32_f32_64x128x16_1x1x1_3_tnn_align1_bias_f32_relu
PyTorch:BasicsTransformerLM.layers.35,PushPop,30,30,12,144,554367,3849.8,3504.0,3104,4960,629.7,"void at::native::elementwise_kernel<(int)128, (int)2, void at::native::gpu_kernel_impl_nocast<at::native::BinaryFunctor<float, float, float, at::native::binary_internal::MulFunctor<float>>>(at::TensorIteratorBase &, const T1 &)::[lambda(int) (instance 1)]>(int, T3)"
PyTorch:BasicsTransformerLM.layers.35,PushPop,30,30,12,12,322272,26856.0,26832.0,26560,27456,208.8,cutlass3x_sm100_simt_sgemm_f32_f32_f32_f32_f32_128x64x16_1x1x1_3_tnn_align1_bias_f32_relu
PyTorch:BasicsTransformerLM.layers.35,PushPop,30,30,12,12,253822,21151.8,21088.0,20992,21888,240.7,cutlass3x_sm100_simt_sgemm_f32_f32_f32_f32_f32_64x32x16_1x1x1_3_nnn_align1_bias_f32_relu
PyTorch:BasicsTransformerLM.layers.35,PushPop,30,30,12,24,216800,9033.3,8992.0,8864,9280,125.0,"void at::native::<unnamed>::CatArrayBatchedCopy<at::native::<unnamed>::OpaqueType<(unsigned int)4>, unsigned int, (int)4, (int)64, (int)64>(T1 *, at::native::<unnamed>::CatArrInputTensorMetadata<T1, T2, T4, T5>, at::native::<unnamed>::TensorSizeStride<T2, (unsigned int)4>, int, T2)"
PyTorch:BasicsTransformerLM.layers.35,PushPop,30,30,12,12,184000,15333.3,15264.0,15200,15808,180.9,"void at::native::elementwise_kernel<(int)128, (int)2, void at::native::gpu_kernel_impl_nocast<at::native::BinaryFunctor<float, float, float, at::native::binary_internal::DivFunctor<float>>>(at::TensorIteratorBase &, const T1 &)::[lambda(int) (instance 1)]>(int, T3)"
PyTorch:BasicsTransformerLM.layers.35,PushPop,30,30,12,72,182816,2539.1,2128.0,1920,3776,684.7,"void at::native::vectorized_elementwise_kernel<(int)4, at::native::CUDAFunctor_add<float>, std::array<char *, (unsigned long)3>>(int, T2, T3)"
PyTorch:BasicsTransformerLM.layers.35,PushPop,30,30,12,12,158687,13223.9,13120.0,13056,14368,362.9,"void at::native::reduce_kernel<(int)512, (int)1, at::native::ReduceOp<float, at::native::MaxOps<float>, unsigned int, float, (int)4, (int)4>>(T3)"
PyTorch:BasicsTransformerLM.layers.35,PushPop,30,30,12,12,158399,13199.9,13168.0,13056,13440,108.8,"void at::native::elementwise_kernel<(int)128, (int)2, void at::native::gpu_kernel_impl_nocast<at::native::<unnamed>::where_kernel_impl(at::TensorIterator &)::[lambda() (instance 1)]::operator ()() const::[lambda() (instance 11)]::operator ()() const::[lambda(bool, float, float) (instance 1)]>(at::TensorIteratorBase &, const T1 &)::[lambda(int) (instance 1)]>(int, T3)"
PyTorch:BasicsTransformerLM.layers.35,PushPop,30,30,12,24,153439,6393.3,6480.0,5504,7232,743.1,"void at::native::vectorized_elementwise_kernel<(int)4, at::native::BinaryFunctor<float, float, float, at::native::binary_internal::MulFunctor<float>>, std::array<char *, (unsigned long)3>>(int, T2, T3)"
PyTorch:BasicsTransformerLM.layers.35,PushPop,30,30,12,12,152703,12725.3,12719.5,12640,12896,75.1,"void at::native::elementwise_kernel<(int)128, (int)2, void at::native::gpu_kernel_impl_nocast<at::native::CUDAFunctor_add<float>>(at::TensorIteratorBase &, const T1 &)::[lambda(int) (instance 1)]>(int, T3)"
PyTorch:BasicsTransformerLM.layers.35,PushPop,30,30,12,24,145920,6080.0,6080.0,6048,6144,34.0,"void at::native::reduce_kernel<(int)512, (int)1, at::native::ReduceOp<float, at::native::MeanOps<float, float, float, float>, unsigned int, float, (int)4, (int)4>>(T3)"
PyTorch:BasicsTransformerLM.layers.35,PushPop,30,30,12,24,135968,5665.3,5600.0,4576,7168,1033.8,"void at::native::elementwise_kernel<(int)128, (int)2, void at::native::gpu_kernel_impl_nocast<at::native::direct_copy_kernel_cuda(at::TensorIteratorBase &)::[lambda() (instance 3)]::operator ()() const::[lambda() (instance 7)]::operator ()() const::[lambda(float) (instance 1)]>(at::TensorIteratorBase &, const T1 &)::[lambda(int) (instance 1)]>(int, T3)"
PyTorch:BasicsTransformerLM.layers.35,PushPop,30,30,12,12,84640,7053.3,7040.0,6976,7136,46.2,"void at::native::reduce_kernel<(int)512, (int)1, at::native::ReduceOp<float, at::native::func_wrapper_t<float, at::native::sum_functor<float, float, float>::operator ()(at::TensorIterator &)::[lambda(float, float) (instance 1)]>, unsigned int, float, (int)4, (int)4>>(T3)"
PyTorch:BasicsTransformerLM.layers.35,PushPop,30,30,12,12,69696,5808.0,5776.0,5696,6016,82.4,"void at::native::vectorized_elementwise_kernel<(int)4, at::native::sigmoid_kernel_cuda(at::TensorIteratorBase &)::[lambda() (instance 2)]::operator ()() const::[lambda() (instance 2)]::operator ()() const::[lambda(float) (instance 1)], std::array<char *, (unsigned long)2>>(int, T2, T3)"
PyTorch:BasicsTransformerLM.layers.35,PushPop,30,30,12,12,62912,5242.7,5216.0,5088,5696,179.9,"void at::native::vectorized_elementwise_kernel<(int)4, at::native::exp_kernel_cuda(at::TensorIteratorBase &)::[lambda() (instance 2)]::operator ()() const::[lambda() (instance 2)]::operator ()() const::[lambda(float) (instance 1)], std::array<char *, (unsigned long)2>>(int, T2, T3)"
PyTorch:BasicsTransformerLM.layers.35,PushPop,30,30,12,12,61696,5141.3,5056.0,4992,5856,246.5,"void at::native::vectorized_elementwise_kernel<(int)4, at::native::BUnaryFunctor<float, float, float, at::native::binary_internal::MulFunctor<float>>, std::array<char *, (unsigned long)2>>(int, T2, T3)"
PyTorch:BasicsTransformerLM.layers.35,PushPop,30,30,12,24,59456,2477.3,2464.0,2336,2720,85.9,"void at::native::vectorized_elementwise_kernel<(int)4, void at::native::<unnamed>::pow_tensor_scalar_kernel_impl<float, float>(at::TensorIteratorBase &, T2)::[lambda(float) (instance 1)], std::array<char *, (unsigned long)2>>(int, T2, T3)"
PyTorch:BasicsTransformerLM.layers.35,PushPop,30,30,12,24,35264,1469.3,1472.0,1280,1632,76.6,"void at::native::vectorized_elementwise_kernel<(int)4, at::native::rsqrt_kernel_cuda(at::TensorIteratorBase &)::[lambda() (instance 2)]::operator ()() const::[lambda() (instance 2)]::operator ()() const::[lambda(float) (instance 1)], std::array<char *, (unsigned long)2>>(int, T2, T3)"
PyTorch:BasicsTransformerLM.layers.35,PushPop,30,30,12,24,35199,1466.6,1536.0,1152,1664,141.4,"void at::native::vectorized_elementwise_kernel<(int)4, at::native::CUDAFunctorOnSelf_add<float>, std::array<char *, (unsigned long)2>>(int, T2, T3)"
PyTorch:BasicsTransformerLM.layers.35,PushPop,30,30,12,12,30784,2565.3,2560.0,2528,2624,35.7,"void at::native::elementwise_kernel<(int)128, (int)4, void at::native::gpu_kernel_impl_nocast<at::native::<unnamed>::CompareFunctor<long>>(at::TensorIteratorBase &, const T1 &)::[lambda(int) (instance 1)]>(int, T3)"
PyTorch:BasicsTransformerLM.layers.35,PushPop,30,30,12,12,13120,1093.3,1008.0,896,1984,293.2,"void at::native::vectorized_elementwise_kernel<(int)4, at::native::FillFunctor<float>, std::array<char *, (unsigned long)1>>(int, T2, T3)"
PyTorch:BasicsTransformerLM.layers.35,PushPop,30,30,12,12,12895,1074.6,1008.0,960,1439,138.5,"void <unnamed>::elementwise_kernel_with_index<int, at::native::arange_cuda_out(const c10::Scalar &, const c10::Scalar &, const c10::Scalar &, at::Tensor &)::[lambda() (instance 1)]::operator ()() const::[lambda() (instance 4)]::operator ()() const::[lambda(long) (instance 1)]>(T1, T2, function_traits<T2>::result_type *)"
PyTorch:BasicsTransformerLM.layers.35.attn,PushPop,30,30,12,48,4517198,94108.3,93871.5,93503,98367,779.9,cutlass3x_sm100_simt_sgemm_f32_f32_f32_f32_f32_64x32x16_1x1x1_3_tnn_align1_bias_f32_relu
PyTorch:BasicsTransformerLM.layers.35.attn,PushPop,30,30,12,96,328031,3417.0,3456.0,3104,3968,161.7,"void at::native::elementwise_kernel<(int)128, (int)2, void at::native::gpu_kernel_impl_nocast<at::native::BinaryFunctor<float, float, float, at::native::binary_internal::MulFunctor<float>>>(at::TensorIteratorBase &, const T1 &)::[lambda(int) (instance 1)]>(int, T3)"
PyTorch:BasicsTransformerLM.layers.35.attn,PushPop,30,30,12,12,322272,26856.0,26832.0,26560,27456,208.8,cutlass3x_sm100_simt_sgemm_f32_f32_f32_f32_f32_128x64x16_1x1x1_3_tnn_align1_bias_f32_relu
PyTorch:BasicsTransformerLM.layers.35.attn,PushPop,30,30,12,12,253822,21151.8,21088.0,20992,21888,240.7,cutlass3x_sm100_simt_sgemm_f32_f32_f32_f32_f32_64x32x16_1x1x1_3_nnn_align1_bias_f32_relu
PyTorch:BasicsTransformerLM.layers.35.attn,PushPop,30,30,12,24,216800,9033.3,8992.0,8864,9280,125.0,"void at::native::<unnamed>::CatArrayBatchedCopy<at::native::<unnamed>::OpaqueType<(unsigned int)4>, unsigned int, (int)4, (int)64, (int)64>(T1 *, at::native::<unnamed>::CatArrInputTensorMetadata<T1, T2, T4, T5>, at::native::<unnamed>::TensorSizeStride<T2, (unsigned int)4>, int, T2)"
PyTorch:BasicsTransformerLM.layers.35.attn,PushPop,30,30,12,12,184000,15333.3,15264.0,15200,15808,180.9,"void at::native::elementwise_kernel<(int)128, (int)2, void at::native::gpu_kernel_impl_nocast<at::native::BinaryFunctor<float, float, float, at::native::binary_internal::DivFunctor<float>>>(at::TensorIteratorBase &, const T1 &)::[lambda(int) (instance 1)]>(int, T3)"
PyTorch:BasicsTransformerLM.layers.35.attn,PushPop,30,30,12,12,158687,13223.9,13120.0,13056,14368,362.9,"void at::native::reduce_kernel<(int)512, (int)1, at::native::ReduceOp<float, at::native::MaxOps<float>, unsigned int, float, (int)4, (int)4>>(T3)"
PyTorch:BasicsTransformerLM.layers.35.attn,PushPop,30,30,12,12,158399,13199.9,13168.0,13056,13440,108.8,"void at::native::elementwise_kernel<(int)128, (int)2, void at::native::gpu_kernel_impl_nocast<at::native::<unnamed>::where_kernel_impl(at::TensorIterator &)::[lambda() (instance 1)]::operator ()() const::[lambda() (instance 11)]::operator ()() const::[lambda(bool, float, float) (instance 1)]>(at::TensorIteratorBase &, const T1 &)::[lambda(int) (instance 1)]>(int, T3)"
PyTorch:BasicsTransformerLM.layers.35.attn,PushPop,30,30,12,12,152703,12725.3,12719.5,12640,12896,75.1,"void at::native::elementwise_kernel<(int)128, (int)2, void at::native::gpu_kernel_impl_nocast<at::native::CUDAFunctor_add<float>>(at::TensorIteratorBase &, const T1 &)::[lambda(int) (instance 1)]>(int, T3)"
PyTorch:BasicsTransformerLM.layers.35.attn,PushPop,30,30,12,24,135968,5665.3,5600.0,4576,7168,1033.8,"void at::native::elementwise_kernel<(int)128, (int)2, void at::native::gpu_kernel_impl_nocast<at::native::direct_copy_kernel_cuda(at::TensorIteratorBase &)::[lambda() (instance 3)]::operator ()() const::[lambda() (instance 7)]::operator ()() const::[lambda(float) (instance 1)]>(at::TensorIteratorBase &, const T1 &)::[lambda(int) (instance 1)]>(int, T3)"
PyTorch:BasicsTransformerLM.layers.35.attn,PushPop,30,30,12,48,99104,2064.7,2048.0,1920,2272,78.9,"void at::native::vectorized_elementwise_kernel<(int)4, at::native::CUDAFunctor_add<float>, std::array<char *, (unsigned long)3>>(int, T2, T3)"
PyTorch:BasicsTransformerLM.layers.35.attn,PushPop,30,30,12,12,84640,7053.3,7040.0,6976,7136,46.2,"void at::native::reduce_kernel<(int)512, (int)1, at::native::ReduceOp<float, at::native::func_wrapper_t<float, at::native::sum_functor<float, float, float>::operator ()(at::TensorIterator &)::[lambda(float, float) (instance 1)]>, unsigned int, float, (int)4, (int)4>>(T3)"
PyTorch:BasicsTransformerLM.layers.35.attn,PushPop,30,30,12,12,62912,5242.7,5216.0,5088,5696,179.9,"void at::native::vectorized_elementwise_kernel<(int)4, at::native::exp_kernel_cuda(at::TensorIteratorBase &)::[lambda() (instance 2)]::operator ()() const::[lambda() (instance 2)]::operator ()() const::[lambda(float) (instance 1)], std::array<char *, (unsigned long)2>>(int, T2, T3)"
PyTorch:BasicsTransformerLM.layers.35.attn,PushPop,30,30,12,12,61696,5141.3,5056.0,4992,5856,246.5,"void at::native::vectorized_elementwise_kernel<(int)4, at::native::BUnaryFunctor<float, float, float, at::native::binary_internal::MulFunctor<float>>, std::array<char *, (unsigned long)2>>(int, T2, T3)"
PyTorch:BasicsTransformerLM.layers.35.attn,PushPop,30,30,12,12,30784,2565.3,2560.0,2528,2624,35.7,"void at::native::elementwise_kernel<(int)128, (int)4, void at::native::gpu_kernel_impl_nocast<at::native::<unnamed>::CompareFunctor<long>>(at::TensorIteratorBase &, const T1 &)::[lambda(int) (instance 1)]>(int, T3)"
PyTorch:BasicsTransformerLM.layers.35.attn,PushPop,30,30,12,12,13120,1093.3,1008.0,896,1984,293.2,"void at::native::vectorized_elementwise_kernel<(int)4, at::native::FillFunctor<float>, std::array<char *, (unsigned long)1>>(int, T2, T3)"
PyTorch:BasicsTransformerLM.layers.35.attn,PushPop,30,30,12,12,12895,1074.6,1008.0,960,1439,138.5,"void <unnamed>::elementwise_kernel_with_index<int, at::native::arange_cuda_out(const c10::Scalar &, const c10::Scalar &, const c10::Scalar &, at::Tensor &)::[lambda() (instance 1)]::operator ()() const::[lambda() (instance 4)]::operator ()() const::[lambda(long) (instance 1)]>(T1, T2, function_traits<T2>::result_type *)"
PyTorch:BasicsTransformerLM.layers.35.attn.k_proj,PushPop,30,30,12,12,1126781,93898.4,93775.5,93503,95392,498.6,cutlass3x_sm100_simt_sgemm_f32_f32_f32_f32_f32_64x32x16_1x1x1_3_tnn_align1_bias_f32_relu
PyTorch:BasicsTransformerLM.layers.35.attn.output_proj,PushPop,30,30,12,12,1136315,94692.9,94336.0,94048,98367,1171.3,cutlass3x_sm100_simt_sgemm_f32_f32_f32_f32_f32_64x32x16_1x1x1_3_tnn_align1_bias_f32_relu
PyTorch:BasicsTransformerLM.layers.35.attn.q_proj,PushPop,30,30,12,12,1127835,93986.3,93808.0,93536,95551,565.7,cutlass3x_sm100_simt_sgemm_f32_f32_f32_f32_f32_64x32x16_1x1x1_3_tnn_align1_bias_f32_relu
PyTorch:BasicsTransformerLM.layers.35.attn.v_proj,PushPop,30,30,12,12,1126267,93855.6,93776.0,93536,95039,388.9,cutlass3x_sm100_simt_sgemm_f32_f32_f32_f32_f32_64x32x16_1x1x1_3_tnn_align1_bias_f32_relu
PyTorch:BasicsTransformerLM.layers.35.ffn,PushPop,30,30,12,24,7520133,313338.9,312430.5,311839,323742,3058.4,cutlass3x_sm100_simt_sgemm_f32_f32_f32_f32_f32_64x128x16_1x1x1_3_tnn_align1_bias_f32_relu
PyTorch:BasicsTransformerLM.layers.35.ffn,PushPop,30,30,12,12,4335251,361270.9,360367.0,360031,370271,2856.8,cutlass3x_sm100_simt_sgemm_f32_f32_f32_f32_f32_64x32x16_1x1x1_3_tnn_align1_bias_f32_relu
PyTorch:BasicsTransformerLM.layers.35.ffn,PushPop,30,30,12,24,153439,6393.3,6480.0,5504,7232,743.1,"void at::native::vectorized_elementwise_kernel<(int)4, at::native::BinaryFunctor<float, float, float, at::native::binary_internal::MulFunctor<float>>, std::array<char *, (unsigned long)3>>(int, T2, T3)"
PyTorch:BasicsTransformerLM.layers.35.ffn,PushPop,30,30,12,12,69696,5808.0,5776.0,5696,6016,82.4,"void at::native::vectorized_elementwise_kernel<(int)4, at::native::sigmoid_kernel_cuda(at::TensorIteratorBase &)::[lambda() (instance 2)]::operator ()() const::[lambda() (instance 2)]::operator ()() const::[lambda(float) (instance 1)], std::array<char *, (unsigned long)2>>(int, T2, T3)"
PyTorch:BasicsTransformerLM.layers.35.ffn.w1,PushPop,30,30,12,12,3762323,313526.9,312703.0,311871,323742,3238.8,cutlass3x_sm100_simt_sgemm_f32_f32_f32_f32_f32_64x128x16_1x1x1_3_tnn_align1_bias_f32_relu
PyTorch:BasicsTransformerLM.layers.35.ffn.w2,PushPop,30,30,12,12,4335251,361270.9,360367.0,360031,370271,2856.8,cutlass3x_sm100_simt_sgemm_f32_f32_f32_f32_f32_64x32x16_1x1x1_3_tnn_align1_bias_f32_relu
PyTorch:BasicsTransformerLM.layers.35.ffn.w3,PushPop,30,30,12,12,3757810,313150.8,312303.0,311839,322654,2998.4,cutlass3x_sm100_simt_sgemm_f32_f32_f32_f32_f32_64x128x16_1x1x1_3_tnn_align1_bias_f32_relu
PyTorch:BasicsTransformerLM.layers.35.ln1,PushPop,30,30,12,24,113632,4734.7,4720.0,4640,4960,73.4,"void at::native::elementwise_kernel<(int)128, (int)2, void at::native::gpu_kernel_impl_nocast<at::native::BinaryFunctor<float, float, float, at::native::binary_internal::MulFunctor<float>>>(at::TensorIteratorBase &, const T1 &)::[lambda(int) (instance 1)]>(int, T3)"
PyTorch:BasicsTransformerLM.layers.35.ln1,PushPop,30,30,12,12,73024,6085.3,6080.0,6048,6144,38.2,"void at::native::reduce_kernel<(int)512, (int)1, at::native::ReduceOp<float, at::native::MeanOps<float, float, float, float>, unsigned int, float, (int)4, (int)4>>(T3)"
PyTorch:BasicsTransformerLM.layers.35.ln1,PushPop,30,30,12,12,29984,2498.7,2464.0,2432,2688,76.5,"void at::native::vectorized_elementwise_kernel<(int)4, void at::native::<unnamed>::pow_tensor_scalar_kernel_impl<float, float>(at::TensorIteratorBase &, T2)::[lambda(float) (instance 1)], std::array<char *, (unsigned long)2>>(int, T2, T3)"
PyTorch:BasicsTransformerLM.layers.35.ln1,PushPop,30,30,12,12,17599,1466.6,1551.5,1152,1664,149.9,"void at::native::vectorized_elementwise_kernel<(int)4, at::native::CUDAFunctorOnSelf_add<float>, std::array<char *, (unsigned long)2>>(int, T2, T3)"
PyTorch:BasicsTransformerLM.layers.35.ln1,PushPop,30,30,12,12,17568,1464.0,1440.0,1280,1632,83.1,"void at::native::vectorized_elementwise_kernel<(int)4, at::native::rsqrt_kernel_cuda(at::TensorIteratorBase &)::[lambda() (instance 2)]::operator ()() const::[lambda() (instance 2)]::operator ()() const::[lambda(float) (instance 1)], std::array<char *, (unsigned long)2>>(int, T2, T3)"
PyTorch:BasicsTransformerLM.layers.35.ln2,PushPop,30,30,12,24,112704,4696.0,4672.0,4576,4928,75.6,"void at::native::elementwise_kernel<(int)128, (int)2, void at::native::gpu_kernel_impl_nocast<at::native::BinaryFunctor<float, float, float, at::native::binary_internal::MulFunctor<float>>>(at::TensorIteratorBase &, const T1 &)::[lambda(int) (instance 1)]>(int, T3)"
PyTorch:BasicsTransformerLM.layers.35.ln2,PushPop,30,30,12,12,72896,6074.7,6080.0,6048,6144,30.0,"void at::native::reduce_kernel<(int)512, (int)1, at::native::ReduceOp<float, at::native::MeanOps<float, float, float, float>, unsigned int, float, (int)4, (int)4>>(T3)"
PyTorch:BasicsTransformerLM.layers.35.ln2,PushPop,30,30,12,12,29472,2456.0,2432.0,2336,2720,92.7,"void at::native::vectorized_elementwise_kernel<(int)4, void at::native::<unnamed>::pow_tensor_scalar_kernel_impl<float, float>(at::TensorIteratorBase &, T2)::[lambda(float) (instance 1)], std::array<char *, (unsigned long)2>>(int, T2, T3)"
PyTorch:BasicsTransformerLM.layers.35.ln2,PushPop,30,30,12,12,17696,1474.7,1472.0,1280,1600,72.8,"void at::native::vectorized_elementwise_kernel<(int)4, at::native::rsqrt_kernel_cuda(at::TensorIteratorBase &)::[lambda() (instance 2)]::operator ()() const::[lambda() (instance 2)]::operator ()() const::[lambda(float) (instance 1)], std::array<char *, (unsigned long)2>>(int, T2, T3)"
PyTorch:BasicsTransformerLM.layers.35.ln2,PushPop,30,30,12,12,17600,1466.7,1520.0,1152,1664,139.0,"void at::native::vectorized_elementwise_kernel<(int)4, at::native::CUDAFunctorOnSelf_add<float>, std::array<char *, (unsigned long)2>>(int, T2, T3)"
PyTorch:BasicsTransformerLM.layers.4,PushPop,30,30,12,60,8846821,147447.0,93775.5,93216,375391,107709.1,cutlass3x_sm100_simt_sgemm_f32_f32_f32_f32_f32_64x32x16_1x1x1_3_tnn_align1_bias_f32_relu
PyTorch:BasicsTransformerLM.layers.4,PushPop,30,30,12,24,7509347,312889.5,311950.5,311263,325086,3518.7,cutlass3x_sm100_simt_sgemm_f32_f32_f32_f32_f32_64x128x16_1x1x1_3_tnn_align1_bias_f32_relu
PyTorch:BasicsTransformerLM.layers.4,PushPop,30,30,12,144,548638,3810.0,3488.0,3104,4832,623.8,"void at::native::elementwise_kernel<(int)128, (int)2, void at::native::gpu_kernel_impl_nocast<at::native::BinaryFunctor<float, float, float, at::native::binary_internal::MulFunctor<float>>>(at::TensorIteratorBase &, const T1 &)::[lambda(int) (instance 1)]>(int, T3)"
PyTorch:BasicsTransformerLM.layers.4,PushPop,30,30,12,12,323228,26935.7,26864.0,26752,27744,265.4,cutlass3x_sm100_simt_sgemm_f32_f32_f32_f32_f32_128x64x16_1x1x1_3_tnn_align1_bias_f32_relu
PyTorch:BasicsTransformerLM.layers.4,PushPop,30,30,12,12,254560,21213.3,21136.0,21024,21888,228.1,cutlass3x_sm100_simt_sgemm_f32_f32_f32_f32_f32_64x32x16_1x1x1_3_nnn_align1_bias_f32_relu
PyTorch:BasicsTransformerLM.layers.4,PushPop,30,30,12,24,218335,9097.3,9056.0,8864,9408,142.3,"void at::native::<unnamed>::CatArrayBatchedCopy<at::native::<unnamed>::OpaqueType<(unsigned int)4>, unsigned int, (int)4, (int)64, (int)64>(T1 *, at::native::<unnamed>::CatArrInputTensorMetadata<T1, T2, T4, T5>, at::native::<unnamed>::TensorSizeStride<T2, (unsigned int)4>, int, T2)"
PyTorch:BasicsTransformerLM.layers.4,PushPop,30,30,12,72,183679,2551.1,2176.0,1984,3776,594.7,"void at::native::vectorized_elementwise_kernel<(int)4, at::native::CUDAFunctor_add<float>, std::array<char *, (unsigned long)3>>(int, T2, T3)"
PyTorch:BasicsTransformerLM.layers.4,PushPop,30,30,12,12,183263,15271.9,15248.0,15167,15712,153.9,"void at::native::elementwise_kernel<(int)128, (int)2, void at::native::gpu_kernel_impl_nocast<at::native::BinaryFunctor<float, float, float, at::native::binary_internal::DivFunctor<float>>>(at::TensorIteratorBase &, const T1 &)::[lambda(int) (instance 1)]>(int, T3)"
PyTorch:BasicsTransformerLM.layers.4,PushPop,30,30,12,12,158335,13194.6,13168.0,13120,13408,78.8,"void at::native::reduce_kernel<(int)512, (int)1, at::native::ReduceOp<float, at::native::MaxOps<float>, unsigned int, float, (int)4, (int)4>>(T3)"
PyTorch:BasicsTransformerLM.layers.4,PushPop,30,30,12,12,157887,13157.3,13184.0,13024,13216,59.1,"void at::native::elementwise_kernel<(int)128, (int)2, void at::native::gpu_kernel_impl_nocast<at::native::<unnamed>::where_kernel_impl(at::TensorIterator &)::[lambda() (instance 1)]::operator ()() const::[lambda() (instance 11)]::operator ()() const::[lambda(bool, float, float) (instance 1)]>(at::TensorIteratorBase &, const T1 &)::[lambda(int) (instance 1)]>(int, T3)"
PyTorch:BasicsTransformerLM.layers.4,PushPop,30,30,12,24,155296,6470.7,6736.0,5472,7584,789.4,"void at::native::vectorized_elementwise_kernel<(int)4, at::native::BinaryFunctor<float, float, float, at::native::binary_internal::MulFunctor<float>>, std::array<char *, (unsigned long)3>>(int, T2, T3)"
PyTorch:BasicsTransformerLM.layers.4,PushPop,30,30,12,12,152800,12733.3,12704.0,12640,12864,80.1,"void at::native::elementwise_kernel<(int)128, (int)2, void at::native::gpu_kernel_impl_nocast<at::native::CUDAFunctor_add<float>>(at::TensorIteratorBase &, const T1 &)::[lambda(int) (instance 1)]>(int, T3)"
PyTorch:BasicsTransformerLM.layers.4,PushPop,30,30,12,24,144512,6021.3,6048.0,5856,6144,60.9,"void at::native::reduce_kernel<(int)512, (int)1, at::native::ReduceOp<float, at::native::MeanOps<float, float, float, float>, unsigned int, float, (int)4, (int)4>>(T3)"
PyTorch:BasicsTransformerLM.layers.4,PushPop,30,30,12,24,134400,5600.0,5520.0,4576,6720,1012.7,"void at::native::elementwise_kernel<(int)128, (int)2, void at::native::gpu_kernel_impl_nocast<at::native::direct_copy_kernel_cuda(at::TensorIteratorBase &)::[lambda() (instance 3)]::operator ()() const::[lambda() (instance 7)]::operator ()() const::[lambda(float) (instance 1)]>(at::TensorIteratorBase &, const T1 &)::[lambda(int) (instance 1)]>(int, T3)"
PyTorch:BasicsTransformerLM.layers.4,PushPop,30,30,12,12,84224,7018.7,6976.0,6944,7232,81.1,"void at::native::reduce_kernel<(int)512, (int)1, at::native::ReduceOp<float, at::native::func_wrapper_t<float, at::native::sum_functor<float, float, float>::operator ()(at::TensorIterator &)::[lambda(float, float) (instance 1)]>, unsigned int, float, (int)4, (int)4>>(T3)"
PyTorch:BasicsTransformerLM.layers.4,PushPop,30,30,12,12,70912,5909.3,5808.0,5696,6464,258.7,"void at::native::vectorized_elementwise_kernel<(int)4, at::native::sigmoid_kernel_cuda(at::TensorIteratorBase &)::[lambda() (instance 2)]::operator ()() const::[lambda() (instance 2)]::operator ()() const::[lambda(float) (instance 1)], std::array<char *, (unsigned long)2>>(int, T2, T3)"
PyTorch:BasicsTransformerLM.layers.4,PushPop,30,30,12,12,62112,5176.0,5120.0,5024,5504,158.6,"void at::native::vectorized_elementwise_kernel<(int)4, at::native::exp_kernel_cuda(at::TensorIteratorBase &)::[lambda() (instance 2)]::operator ()() const::[lambda() (instance 2)]::operator ()() const::[lambda(float) (instance 1)], std::array<char *, (unsigned long)2>>(int, T2, T3)"
PyTorch:BasicsTransformerLM.layers.4,PushPop,30,30,12,12,60736,5061.3,5024.0,4896,5344,137.0,"void at::native::vectorized_elementwise_kernel<(int)4, at::native::BUnaryFunctor<float, float, float, at::native::binary_internal::MulFunctor<float>>, std::array<char *, (unsigned long)2>>(int, T2, T3)"
PyTorch:BasicsTransformerLM.layers.4,PushPop,30,30,12,24,57760,2406.7,2432.0,2304,2496,58.2,"void at::native::vectorized_elementwise_kernel<(int)4, void at::native::<unnamed>::pow_tensor_scalar_kernel_impl<float, float>(at::TensorIteratorBase &, T2)::[lambda(float) (instance 1)], std::array<char *, (unsigned long)2>>(int, T2, T3)"
PyTorch:BasicsTransformerLM.layers.4,PushPop,30,30,12,24,36352,1514.7,1536.0,1344,1760,115.4,"void at::native::vectorized_elementwise_kernel<(int)4, at::native::CUDAFunctorOnSelf_add<float>, std::array<char *, (unsigned long)2>>(int, T2, T3)"
PyTorch:BasicsTransformerLM.layers.4,PushPop,30,30,12,24,35424,1476.0,1472.0,1440,1568,39.3,"void at::native::vectorized_elementwise_kernel<(int)4, at::native::rsqrt_kernel_cuda(at::TensorIteratorBase &)::[lambda() (instance 2)]::operator ()() const::[lambda() (instance 2)]::operator ()() const::[lambda(float) (instance 1)], std::array<char *, (unsigned long)2>>(int, T2, T3)"
PyTorch:BasicsTransformerLM.layers.4,PushPop,30,30,12,12,31264,2605.3,2624.0,2432,2816,114.5,"void at::native::elementwise_kernel<(int)128, (int)4, void at::native::gpu_kernel_impl_nocast<at::native::<unnamed>::CompareFunctor<long>>(at::TensorIteratorBase &, const T1 &)::[lambda(int) (instance 1)]>(int, T3)"
PyTorch:BasicsTransformerLM.layers.4,PushPop,30,30,12,12,12736,1061.3,1008.0,960,1216,101.0,"void <unnamed>::elementwise_kernel_with_index<int, at::native::arange_cuda_out(const c10::Scalar &, const c10::Scalar &, const c10::Scalar &, at::Tensor &)::[lambda() (instance 1)]::operator ()() const::[lambda() (instance 4)]::operator ()() const::[lambda(long) (instance 1)]>(T1, T2, function_traits<T2>::result_type *)"
PyTorch:BasicsTransformerLM.layers.4,PushPop,30,30,12,12,12448,1037.3,1088.0,928,1120,81.3,"void at::native::vectorized_elementwise_kernel<(int)4, at::native::FillFunctor<float>, std::array<char *, (unsigned long)1>>(int, T2, T3)"
PyTorch:BasicsTransformerLM.layers.4.attn,PushPop,30,30,12,48,4514611,94054.4,93632.0,93216,98240,1130.0,cutlass3x_sm100_simt_sgemm_f32_f32_f32_f32_f32_64x32x16_1x1x1_3_tnn_align1_bias_f32_relu
PyTorch:BasicsTransformerLM.layers.4.attn,PushPop,30,30,12,96,324703,3382.3,3456.0,3104,3808,170.1,"void at::native::elementwise_kernel<(int)128, (int)2, void at::native::gpu_kernel_impl_nocast<at::native::BinaryFunctor<float, float, float, at::native::binary_internal::MulFunctor<float>>>(at::TensorIteratorBase &, const T1 &)::[lambda(int) (instance 1)]>(int, T3)"
PyTorch:BasicsTransformerLM.layers.4.attn,PushPop,30,30,12,12,323228,26935.7,26864.0,26752,27744,265.4,cutlass3x_sm100_simt_sgemm_f32_f32_f32_f32_f32_128x64x16_1x1x1_3_tnn_align1_bias_f32_relu
PyTorch:BasicsTransformerLM.layers.4.attn,PushPop,30,30,12,12,254560,21213.3,21136.0,21024,21888,228.1,cutlass3x_sm100_simt_sgemm_f32_f32_f32_f32_f32_64x32x16_1x1x1_3_nnn_align1_bias_f32_relu
PyTorch:BasicsTransformerLM.layers.4.attn,PushPop,30,30,12,24,218335,9097.3,9056.0,8864,9408,142.3,"void at::native::<unnamed>::CatArrayBatchedCopy<at::native::<unnamed>::OpaqueType<(unsigned int)4>, unsigned int, (int)4, (int)64, (int)64>(T1 *, at::native::<unnamed>::CatArrInputTensorMetadata<T1, T2, T4, T5>, at::native::<unnamed>::TensorSizeStride<T2, (unsigned int)4>, int, T2)"
PyTorch:BasicsTransformerLM.layers.4.attn,PushPop,30,30,12,12,183263,15271.9,15248.0,15167,15712,153.9,"void at::native::elementwise_kernel<(int)128, (int)2, void at::native::gpu_kernel_impl_nocast<at::native::BinaryFunctor<float, float, float, at::native::binary_internal::DivFunctor<float>>>(at::TensorIteratorBase &, const T1 &)::[lambda(int) (instance 1)]>(int, T3)"
PyTorch:BasicsTransformerLM.layers.4.attn,PushPop,30,30,12,12,158335,13194.6,13168.0,13120,13408,78.8,"void at::native::reduce_kernel<(int)512, (int)1, at::native::ReduceOp<float, at::native::MaxOps<float>, unsigned int, float, (int)4, (int)4>>(T3)"
PyTorch:BasicsTransformerLM.layers.4.attn,PushPop,30,30,12,12,157887,13157.3,13184.0,13024,13216,59.1,"void at::native::elementwise_kernel<(int)128, (int)2, void at::native::gpu_kernel_impl_nocast<at::native::<unnamed>::where_kernel_impl(at::TensorIterator &)::[lambda() (instance 1)]::operator ()() const::[lambda() (instance 11)]::operator ()() const::[lambda(bool, float, float) (instance 1)]>(at::TensorIteratorBase &, const T1 &)::[lambda(int) (instance 1)]>(int, T3)"
PyTorch:BasicsTransformerLM.layers.4.attn,PushPop,30,30,12,12,152800,12733.3,12704.0,12640,12864,80.1,"void at::native::elementwise_kernel<(int)128, (int)2, void at::native::gpu_kernel_impl_nocast<at::native::CUDAFunctor_add<float>>(at::TensorIteratorBase &, const T1 &)::[lambda(int) (instance 1)]>(int, T3)"
PyTorch:BasicsTransformerLM.layers.4.attn,PushPop,30,30,12,24,134400,5600.0,5520.0,4576,6720,1012.7,"void at::native::elementwise_kernel<(int)128, (int)2, void at::native::gpu_kernel_impl_nocast<at::native::direct_copy_kernel_cuda(at::TensorIteratorBase &)::[lambda() (instance 3)]::operator ()() const::[lambda() (instance 7)]::operator ()() const::[lambda(float) (instance 1)]>(at::TensorIteratorBase &, const T1 &)::[lambda(int) (instance 1)]>(int, T3)"
PyTorch:BasicsTransformerLM.layers.4.attn,PushPop,30,30,12,48,102656,2138.7,2144.0,1984,2272,65.5,"void at::native::vectorized_elementwise_kernel<(int)4, at::native::CUDAFunctor_add<float>, std::array<char *, (unsigned long)3>>(int, T2, T3)"
PyTorch:BasicsTransformerLM.layers.4.attn,PushPop,30,30,12,12,84224,7018.7,6976.0,6944,7232,81.1,"void at::native::reduce_kernel<(int)512, (int)1, at::native::ReduceOp<float, at::native::func_wrapper_t<float, at::native::sum_functor<float, float, float>::operator ()(at::TensorIterator &)::[lambda(float, float) (instance 1)]>, unsigned int, float, (int)4, (int)4>>(T3)"
PyTorch:BasicsTransformerLM.layers.4.attn,PushPop,30,30,12,12,62112,5176.0,5120.0,5024,5504,158.6,"void at::native::vectorized_elementwise_kernel<(int)4, at::native::exp_kernel_cuda(at::TensorIteratorBase &)::[lambda() (instance 2)]::operator ()() const::[lambda() (instance 2)]::operator ()() const::[lambda(float) (instance 1)], std::array<char *, (unsigned long)2>>(int, T2, T3)"
PyTorch:BasicsTransformerLM.layers.4.attn,PushPop,30,30,12,12,60736,5061.3,5024.0,4896,5344,137.0,"void at::native::vectorized_elementwise_kernel<(int)4, at::native::BUnaryFunctor<float, float, float, at::native::binary_internal::MulFunctor<float>>, std::array<char *, (unsigned long)2>>(int, T2, T3)"
PyTorch:BasicsTransformerLM.layers.4.attn,PushPop,30,30,12,12,31264,2605.3,2624.0,2432,2816,114.5,"void at::native::elementwise_kernel<(int)128, (int)4, void at::native::gpu_kernel_impl_nocast<at::native::<unnamed>::CompareFunctor<long>>(at::TensorIteratorBase &, const T1 &)::[lambda(int) (instance 1)]>(int, T3)"
PyTorch:BasicsTransformerLM.layers.4.attn,PushPop,30,30,12,12,12736,1061.3,1008.0,960,1216,101.0,"void <unnamed>::elementwise_kernel_with_index<int, at::native::arange_cuda_out(const c10::Scalar &, const c10::Scalar &, const c10::Scalar &, at::Tensor &)::[lambda() (instance 1)]::operator ()() const::[lambda() (instance 4)]::operator ()() const::[lambda(long) (instance 1)]>(T1, T2, function_traits<T2>::result_type *)"
PyTorch:BasicsTransformerLM.layers.4.attn,PushPop,30,30,12,12,12448,1037.3,1088.0,928,1120,81.3,"void at::native::vectorized_elementwise_kernel<(int)4, at::native::FillFunctor<float>, std::array<char *, (unsigned long)1>>(int, T2, T3)"
PyTorch:BasicsTransformerLM.layers.4.attn.k_proj,PushPop,30,30,12,12,1126489,93874.1,93583.0,93311,97183,1056.2,cutlass3x_sm100_simt_sgemm_f32_f32_f32_f32_f32_64x32x16_1x1x1_3_tnn_align1_bias_f32_relu
PyTorch:BasicsTransformerLM.layers.4.attn.output_proj,PushPop,30,30,12,12,1137310,94775.8,94496.0,94272,98240,1097.1,cutlass3x_sm100_simt_sgemm_f32_f32_f32_f32_f32_64x32x16_1x1x1_3_tnn_align1_bias_f32_relu
PyTorch:BasicsTransformerLM.layers.4.attn.q_proj,PushPop,30,30,12,12,1125374,93781.2,93455.5,93216,97472,1178.6,cutlass3x_sm100_simt_sgemm_f32_f32_f32_f32_f32_64x32x16_1x1x1_3_tnn_align1_bias_f32_relu
PyTorch:BasicsTransformerLM.layers.4.attn.v_proj,PushPop,30,30,12,12,1125438,93786.5,93552.0,93280,96896,992.3,cutlass3x_sm100_simt_sgemm_f32_f32_f32_f32_f32_64x32x16_1x1x1_3_tnn_align1_bias_f32_relu
PyTorch:BasicsTransformerLM.layers.4.ffn,PushPop,30,30,12,24,7509347,312889.5,311950.5,311263,325086,3518.7,cutlass3x_sm100_simt_sgemm_f32_f32_f32_f32_f32_64x128x16_1x1x1_3_tnn_align1_bias_f32_relu
PyTorch:BasicsTransformerLM.layers.4.ffn,PushPop,30,30,12,12,4332210,361017.5,359630.5,358783,375391,4552.7,cutlass3x_sm100_simt_sgemm_f32_f32_f32_f32_f32_64x32x16_1x1x1_3_tnn_align1_bias_f32_relu
PyTorch:BasicsTransformerLM.layers.4.ffn,PushPop,30,30,12,24,155296,6470.7,6736.0,5472,7584,789.4,"void at::native::vectorized_elementwise_kernel<(int)4, at::native::BinaryFunctor<float, float, float, at::native::binary_internal::MulFunctor<float>>, std::array<char *, (unsigned long)3>>(int, T2, T3)"
PyTorch:BasicsTransformerLM.layers.4.ffn,PushPop,30,30,12,12,70912,5909.3,5808.0,5696,6464,258.7,"void at::native::vectorized_elementwise_kernel<(int)4, at::native::sigmoid_kernel_cuda(at::TensorIteratorBase &)::[lambda() (instance 2)]::operator ()() const::[lambda() (instance 2)]::operator ()() const::[lambda(float) (instance 1)], std::array<char *, (unsigned long)2>>(int, T2, T3)"
PyTorch:BasicsTransformerLM.layers.4.ffn.w1,PushPop,30,30,12,12,3756145,313012.1,312015.0,311519,323327,3267.9,cutlass3x_sm100_simt_sgemm_f32_f32_f32_f32_f32_64x128x16_1x1x1_3_tnn_align1_bias_f32_relu
PyTorch:BasicsTransformerLM.layers.4.ffn.w2,PushPop,30,30,12,12,4332210,361017.5,359630.5,358783,375391,4552.7,cutlass3x_sm100_simt_sgemm_f32_f32_f32_f32_f32_64x32x16_1x1x1_3_tnn_align1_bias_f32_relu
PyTorch:BasicsTransformerLM.layers.4.ffn.w3,PushPop,30,30,12,12,3753202,312766.8,311630.5,311263,325086,3895.7,cutlass3x_sm100_simt_sgemm_f32_f32_f32_f32_f32_64x128x16_1x1x1_3_tnn_align1_bias_f32_relu
PyTorch:BasicsTransformerLM.layers.4.ln1,PushPop,30,30,12,24,112415,4684.0,4703.5,4576,4832,68.6,"void at::native::elementwise_kernel<(int)128, (int)2, void at::native::gpu_kernel_impl_nocast<at::native::BinaryFunctor<float, float, float, at::native::binary_internal::MulFunctor<float>>>(at::TensorIteratorBase &, const T1 &)::[lambda(int) (instance 1)]>(int, T3)"
PyTorch:BasicsTransformerLM.layers.4.ln1,PushPop,30,30,12,12,71776,5981.3,5984.0,5856,6048,55.4,"void at::native::reduce_kernel<(int)512, (int)1, at::native::ReduceOp<float, at::native::MeanOps<float, float, float, float>, unsigned int, float, (int)4, (int)4>>(T3)"
PyTorch:BasicsTransformerLM.layers.4.ln1,PushPop,30,30,12,12,28864,2405.3,2400.0,2336,2496,69.4,"void at::native::vectorized_elementwise_kernel<(int)4, void at::native::<unnamed>::pow_tensor_scalar_kernel_impl<float, float>(at::TensorIteratorBase &, T2)::[lambda(float) (instance 1)], std::array<char *, (unsigned long)2>>(int, T2, T3)"
PyTorch:BasicsTransformerLM.layers.4.ln1,PushPop,30,30,12,12,17856,1488.0,1504.0,1344,1760,139.5,"void at::native::vectorized_elementwise_kernel<(int)4, at::native::CUDAFunctorOnSelf_add<float>, std::array<char *, (unsigned long)2>>(int, T2, T3)"
PyTorch:BasicsTransformerLM.layers.4.ln1,PushPop,30,30,12,12,17664,1472.0,1472.0,1440,1568,36.1,"void at::native::vectorized_elementwise_kernel<(int)4, at::native::rsqrt_kernel_cuda(at::TensorIteratorBase &)::[lambda() (instance 2)]::operator ()() const::[lambda() (instance 2)]::operator ()() const::[lambda(float) (instance 1)], std::array<char *, (unsigned long)2>>(int, T2, T3)"
PyTorch:BasicsTransformerLM.layers.4.ln2,PushPop,30,30,12,24,111520,4646.7,4608.0,4576,4768,66.0,"void at::native::elementwise_kernel<(int)128, (int)2, void at::native::gpu_kernel_impl_nocast<at::native::BinaryFunctor<float, float, float, at::native::binary_internal::MulFunctor<float>>>(at::TensorIteratorBase &, const T1 &)::[lambda(int) (instance 1)]>(int, T3)"
PyTorch:BasicsTransformerLM.layers.4.ln2,PushPop,30,30,12,12,72736,6061.3,6048.0,6016,6144,34.7,"void at::native::reduce_kernel<(int)512, (int)1, at::native::ReduceOp<float, at::native::MeanOps<float, float, float, float>, unsigned int, float, (int)4, (int)4>>(T3)"
PyTorch:BasicsTransformerLM.layers.4.ln2,PushPop,30,30,12,12,28896,2408.0,2432.0,2304,2464,47.5,"void at::native::vectorized_elementwise_kernel<(int)4, void at::native::<unnamed>::pow_tensor_scalar_kernel_impl<float, float>(at::TensorIteratorBase &, T2)::[lambda(float) (instance 1)], std::array<char *, (unsigned long)2>>(int, T2, T3)"
PyTorch:BasicsTransformerLM.layers.4.ln2,PushPop,30,30,12,12,18496,1541.3,1536.0,1344,1728,82.8,"void at::native::vectorized_elementwise_kernel<(int)4, at::native::CUDAFunctorOnSelf_add<float>, std::array<char *, (unsigned long)2>>(int, T2, T3)"
PyTorch:BasicsTransformerLM.layers.4.ln2,PushPop,30,30,12,12,17760,1480.0,1472.0,1440,1568,43.4,"void at::native::vectorized_elementwise_kernel<(int)4, at::native::rsqrt_kernel_cuda(at::TensorIteratorBase &)::[lambda() (instance 2)]::operator ()() const::[lambda() (instance 2)]::operator ()() const::[lambda(float) (instance 1)], std::array<char *, (unsigned long)2>>(int, T2, T3)"
PyTorch:BasicsTransformerLM.layers.5,PushPop,30,30,12,60,8846629,147443.8,93856.0,93088,375263,107795.4,cutlass3x_sm100_simt_sgemm_f32_f32_f32_f32_f32_64x32x16_1x1x1_3_tnn_align1_bias_f32_relu
PyTorch:BasicsTransformerLM.layers.5,PushPop,30,30,12,24,7516998,313208.3,312239.0,311743,323295,3083.2,cutlass3x_sm100_simt_sgemm_f32_f32_f32_f32_f32_64x128x16_1x1x1_3_tnn_align1_bias_f32_relu
PyTorch:BasicsTransformerLM.layers.5,PushPop,30,30,12,144,553020,3840.4,3488.0,3072,4896,634.3,"void at::native::elementwise_kernel<(int)128, (int)2, void at::native::gpu_kernel_impl_nocast<at::native::BinaryFunctor<float, float, float, at::native::binary_internal::MulFunctor<float>>>(at::TensorIteratorBase &, const T1 &)::[lambda(int) (instance 1)]>(int, T3)"
PyTorch:BasicsTransformerLM.layers.5,PushPop,30,30,12,12,322302,26858.5,26752.0,26688,27776,306.2,cutlass3x_sm100_simt_sgemm_f32_f32_f32_f32_f32_128x64x16_1x1x1_3_tnn_align1_bias_f32_relu
PyTorch:BasicsTransformerLM.layers.5,PushPop,30,30,12,12,253439,21119.9,21056.0,20992,21856,236.0,cutlass3x_sm100_simt_sgemm_f32_f32_f32_f32_f32_64x32x16_1x1x1_3_nnn_align1_bias_f32_relu
PyTorch:BasicsTransformerLM.layers.5,PushPop,30,30,12,24,217088,9045.3,9024.0,8800,9280,115.8,"void at::native::<unnamed>::CatArrayBatchedCopy<at::native::<unnamed>::OpaqueType<(unsigned int)4>, unsigned int, (int)4, (int)64, (int)64>(T1 *, at::native::<unnamed>::CatArrInputTensorMetadata<T1, T2, T4, T5>, at::native::<unnamed>::TensorSizeStride<T2, (unsigned int)4>, int, T2)"
PyTorch:BasicsTransformerLM.layers.5,PushPop,30,30,12,12,183296,15274.7,15248.0,15136,15712,147.8,"void at::native::elementwise_kernel<(int)128, (int)2, void at::native::gpu_kernel_impl_nocast<at::native::BinaryFunctor<float, float, float, at::native::binary_internal::DivFunctor<float>>>(at::TensorIteratorBase &, const T1 &)::[lambda(int) (instance 1)]>(int, T3)"
PyTorch:BasicsTransformerLM.layers.5,PushPop,30,30,12,72,181696,2523.6,2160.0,1952,3488,608.8,"void at::native::vectorized_elementwise_kernel<(int)4, at::native::CUDAFunctor_add<float>, std::array<char *, (unsigned long)3>>(int, T2, T3)"
PyTorch:BasicsTransformerLM.layers.5,PushPop,30,30,12,12,159104,13258.7,13120.0,13024,14496,397.4,"void at::native::reduce_kernel<(int)512, (int)1, at::native::ReduceOp<float, at::native::MaxOps<float>, unsigned int, float, (int)4, (int)4>>(T3)"
PyTorch:BasicsTransformerLM.layers.5,PushPop,30,30,12,12,157984,13165.3,13152.0,13120,13248,46.2,"void at::native::elementwise_kernel<(int)128, (int)2, void at::native::gpu_kernel_impl_nocast<at::native::<unnamed>::where_kernel_impl(at::TensorIterator &)::[lambda() (instance 1)]::operator ()() const::[lambda() (instance 11)]::operator ()() const::[lambda(bool, float, float) (instance 1)]>(at::TensorIteratorBase &, const T1 &)::[lambda(int) (instance 1)]>(int, T3)"
PyTorch:BasicsTransformerLM.layers.5,PushPop,30,30,12,24,153376,6390.7,6496.0,5504,7328,760.9,"void at::native::vectorized_elementwise_kernel<(int)4, at::native::BinaryFunctor<float, float, float, at::native::binary_internal::MulFunctor<float>>, std::array<char *, (unsigned long)3>>(int, T2, T3)"
PyTorch:BasicsTransformerLM.layers.5,PushPop,30,30,12,12,152672,12722.7,12688.0,12576,12928,101.6,"void at::native::elementwise_kernel<(int)128, (int)2, void at::native::gpu_kernel_impl_nocast<at::native::CUDAFunctor_add<float>>(at::TensorIteratorBase &, const T1 &)::[lambda(int) (instance 1)]>(int, T3)"
PyTorch:BasicsTransformerLM.layers.5,PushPop,30,30,12,24,145663,6069.3,6080.0,6016,6144,38.5,"void at::native::reduce_kernel<(int)512, (int)1, at::native::ReduceOp<float, at::native::MeanOps<float, float, float, float>, unsigned int, float, (int)4, (int)4>>(T3)"
PyTorch:BasicsTransformerLM.layers.5,PushPop,30,30,12,24,133886,5578.6,5520.0,4608,6720,942.9,"void at::native::elementwise_kernel<(int)128, (int)2, void at::native::gpu_kernel_impl_nocast<at::native::direct_copy_kernel_cuda(at::TensorIteratorBase &)::[lambda() (instance 3)]::operator ()() const::[lambda() (instance 7)]::operator ()() const::[lambda(float) (instance 1)]>(at::TensorIteratorBase &, const T1 &)::[lambda(int) (instance 1)]>(int, T3)"
PyTorch:BasicsTransformerLM.layers.5,PushPop,30,30,12,12,84928,7077.3,7072.0,7008,7168,44.9,"void at::native::reduce_kernel<(int)512, (int)1, at::native::ReduceOp<float, at::native::func_wrapper_t<float, at::native::sum_functor<float, float, float>::operator ()(at::TensorIterator &)::[lambda(float, float) (instance 1)]>, unsigned int, float, (int)4, (int)4>>(T3)"
PyTorch:BasicsTransformerLM.layers.5,PushPop,30,30,12,12,70880,5906.7,5808.0,5760,6592,240.0,"void at::native::vectorized_elementwise_kernel<(int)4, at::native::sigmoid_kernel_cuda(at::TensorIteratorBase &)::[lambda() (instance 2)]::operator ()() const::[lambda() (instance 2)]::operator ()() const::[lambda(float) (instance 1)], std::array<char *, (unsigned long)2>>(int, T2, T3)"
PyTorch:BasicsTransformerLM.layers.5,PushPop,30,30,12,12,62752,5229.3,5200.0,5088,5504,136.1,"void at::native::vectorized_elementwise_kernel<(int)4, at::native::exp_kernel_cuda(at::TensorIteratorBase &)::[lambda() (instance 2)]::operator ()() const::[lambda() (instance 2)]::operator ()() const::[lambda(float) (instance 1)], std::array<char *, (unsigned long)2>>(int, T2, T3)"
PyTorch:BasicsTransformerLM.layers.5,PushPop,30,30,12,12,61344,5112.0,5024.0,4960,5728,227.6,"void at::native::vectorized_elementwise_kernel<(int)4, at::native::BUnaryFunctor<float, float, float, at::native::binary_internal::MulFunctor<float>>, std::array<char *, (unsigned long)2>>(int, T2, T3)"
PyTorch:BasicsTransformerLM.layers.5,PushPop,30,30,12,24,58464,2436.0,2464.0,2336,2688,79.7,"void at::native::vectorized_elementwise_kernel<(int)4, void at::native::<unnamed>::pow_tensor_scalar_kernel_impl<float, float>(at::TensorIteratorBase &, T2)::[lambda(float) (instance 1)], std::array<char *, (unsigned long)2>>(int, T2, T3)"
PyTorch:BasicsTransformerLM.layers.5,PushPop,30,30,12,24,36032,1501.3,1536.0,1344,1664,98.9,"void at::native::vectorized_elementwise_kernel<(int)4, at::native::CUDAFunctorOnSelf_add<float>, std::array<char *, (unsigned long)2>>(int, T2, T3)"
PyTorch:BasicsTransformerLM.layers.5,PushPop,30,30,12,24,35360,1473.3,1472.0,1408,1568,47.6,"void at::native::vectorized_elementwise_kernel<(int)4, at::native::rsqrt_kernel_cuda(at::TensorIteratorBase &)::[lambda() (instance 2)]::operator ()() const::[lambda() (instance 2)]::operator ()() const::[lambda(float) (instance 1)], std::array<char *, (unsigned long)2>>(int, T2, T3)"
PyTorch:BasicsTransformerLM.layers.5,PushPop,30,30,12,12,32256,2688.0,2608.0,2528,3296,214.0,"void at::native::elementwise_kernel<(int)128, (int)4, void at::native::gpu_kernel_impl_nocast<at::native::<unnamed>::CompareFunctor<long>>(at::TensorIteratorBase &, const T1 &)::[lambda(int) (instance 1)]>(int, T3)"
PyTorch:BasicsTransformerLM.layers.5,PushPop,30,30,12,12,13023,1085.3,1008.0,992,1440,143.4,"void <unnamed>::elementwise_kernel_with_index<int, at::native::arange_cuda_out(const c10::Scalar &, const c10::Scalar &, const c10::Scalar &, at::Tensor &)::[lambda() (instance 1)]::operator ()() const::[lambda() (instance 4)]::operator ()() const::[lambda(long) (instance 1)]>(T1, T2, function_traits<T2>::result_type *)"
PyTorch:BasicsTransformerLM.layers.5,PushPop,30,30,12,12,12480,1040.0,1088.0,928,1152,96.0,"void at::native::vectorized_elementwise_kernel<(int)4, at::native::FillFunctor<float>, std::array<char *, (unsigned long)1>>(int, T2, T3)"
PyTorch:BasicsTransformerLM.layers.5.attn,PushPop,30,30,12,48,4512370,94007.7,93728.0,93088,98143,1060.2,cutlass3x_sm100_simt_sgemm_f32_f32_f32_f32_f32_64x32x16_1x1x1_3_tnn_align1_bias_f32_relu
PyTorch:BasicsTransformerLM.layers.5.attn,PushPop,30,30,12,96,326527,3401.3,3456.0,3072,3744,136.4,"void at::native::elementwise_kernel<(int)128, (int)2, void at::native::gpu_kernel_impl_nocast<at::native::BinaryFunctor<float, float, float, at::native::binary_internal::MulFunctor<float>>>(at::TensorIteratorBase &, const T1 &)::[lambda(int) (instance 1)]>(int, T3)"
PyTorch:BasicsTransformerLM.layers.5.attn,PushPop,30,30,12,12,322302,26858.5,26752.0,26688,27776,306.2,cutlass3x_sm100_simt_sgemm_f32_f32_f32_f32_f32_128x64x16_1x1x1_3_tnn_align1_bias_f32_relu
PyTorch:BasicsTransformerLM.layers.5.attn,PushPop,30,30,12,12,253439,21119.9,21056.0,20992,21856,236.0,cutlass3x_sm100_simt_sgemm_f32_f32_f32_f32_f32_64x32x16_1x1x1_3_nnn_align1_bias_f32_relu
PyTorch:BasicsTransformerLM.layers.5.attn,PushPop,30,30,12,24,217088,9045.3,9024.0,8800,9280,115.8,"void at::native::<unnamed>::CatArrayBatchedCopy<at::native::<unnamed>::OpaqueType<(unsigned int)4>, unsigned int, (int)4, (int)64, (int)64>(T1 *, at::native::<unnamed>::CatArrInputTensorMetadata<T1, T2, T4, T5>, at::native::<unnamed>::TensorSizeStride<T2, (unsigned int)4>, int, T2)"
PyTorch:BasicsTransformerLM.layers.5.attn,PushPop,30,30,12,12,183296,15274.7,15248.0,15136,15712,147.8,"void at::native::elementwise_kernel<(int)128, (int)2, void at::native::gpu_kernel_impl_nocast<at::native::BinaryFunctor<float, float, float, at::native::binary_internal::DivFunctor<float>>>(at::TensorIteratorBase &, const T1 &)::[lambda(int) (instance 1)]>(int, T3)"
PyTorch:BasicsTransformerLM.layers.5.attn,PushPop,30,30,12,12,159104,13258.7,13120.0,13024,14496,397.4,"void at::native::reduce_kernel<(int)512, (int)1, at::native::ReduceOp<float, at::native::MaxOps<float>, unsigned int, float, (int)4, (int)4>>(T3)"
PyTorch:BasicsTransformerLM.layers.5.attn,PushPop,30,30,12,12,157984,13165.3,13152.0,13120,13248,46.2,"void at::native::elementwise_kernel<(int)128, (int)2, void at::native::gpu_kernel_impl_nocast<at::native::<unnamed>::where_kernel_impl(at::TensorIterator &)::[lambda() (instance 1)]::operator ()() const::[lambda() (instance 11)]::operator ()() const::[lambda(bool, float, float) (instance 1)]>(at::TensorIteratorBase &, const T1 &)::[lambda(int) (instance 1)]>(int, T3)"
PyTorch:BasicsTransformerLM.layers.5.attn,PushPop,30,30,12,12,152672,12722.7,12688.0,12576,12928,101.6,"void at::native::elementwise_kernel<(int)128, (int)2, void at::native::gpu_kernel_impl_nocast<at::native::CUDAFunctor_add<float>>(at::TensorIteratorBase &, const T1 &)::[lambda(int) (instance 1)]>(int, T3)"
PyTorch:BasicsTransformerLM.layers.5.attn,PushPop,30,30,12,24,133886,5578.6,5520.0,4608,6720,942.9,"void at::native::elementwise_kernel<(int)128, (int)2, void at::native::gpu_kernel_impl_nocast<at::native::direct_copy_kernel_cuda(at::TensorIteratorBase &)::[lambda() (instance 3)]::operator ()() const::[lambda() (instance 7)]::operator ()() const::[lambda(float) (instance 1)]>(at::TensorIteratorBase &, const T1 &)::[lambda(int) (instance 1)]>(int, T3)"
PyTorch:BasicsTransformerLM.layers.5.attn,PushPop,30,30,12,48,100864,2101.3,2080.0,1952,2336,89.9,"void at::native::vectorized_elementwise_kernel<(int)4, at::native::CUDAFunctor_add<float>, std::array<char *, (unsigned long)3>>(int, T2, T3)"
PyTorch:BasicsTransformerLM.layers.5.attn,PushPop,30,30,12,12,84928,7077.3,7072.0,7008,7168,44.9,"void at::native::reduce_kernel<(int)512, (int)1, at::native::ReduceOp<float, at::native::func_wrapper_t<float, at::native::sum_functor<float, float, float>::operator ()(at::TensorIterator &)::[lambda(float, float) (instance 1)]>, unsigned int, float, (int)4, (int)4>>(T3)"
PyTorch:BasicsTransformerLM.layers.5.attn,PushPop,30,30,12,12,62752,5229.3,5200.0,5088,5504,136.1,"void at::native::vectorized_elementwise_kernel<(int)4, at::native::exp_kernel_cuda(at::TensorIteratorBase &)::[lambda() (instance 2)]::operator ()() const::[lambda() (instance 2)]::operator ()() const::[lambda(float) (instance 1)], std::array<char *, (unsigned long)2>>(int, T2, T3)"
PyTorch:BasicsTransformerLM.layers.5.attn,PushPop,30,30,12,12,61344,5112.0,5024.0,4960,5728,227.6,"void at::native::vectorized_elementwise_kernel<(int)4, at::native::BUnaryFunctor<float, float, float, at::native::binary_internal::MulFunctor<float>>, std::array<char *, (unsigned long)2>>(int, T2, T3)"
PyTorch:BasicsTransformerLM.layers.5.attn,PushPop,30,30,12,12,32256,2688.0,2608.0,2528,3296,214.0,"void at::native::elementwise_kernel<(int)128, (int)4, void at::native::gpu_kernel_impl_nocast<at::native::<unnamed>::CompareFunctor<long>>(at::TensorIteratorBase &, const T1 &)::[lambda(int) (instance 1)]>(int, T3)"
PyTorch:BasicsTransformerLM.layers.5.attn,PushPop,30,30,12,12,13023,1085.3,1008.0,992,1440,143.4,"void <unnamed>::elementwise_kernel_with_index<int, at::native::arange_cuda_out(const c10::Scalar &, const c10::Scalar &, const c10::Scalar &, at::Tensor &)::[lambda() (instance 1)]::operator ()() const::[lambda() (instance 4)]::operator ()() const::[lambda(long) (instance 1)]>(T1, T2, function_traits<T2>::result_type *)"
PyTorch:BasicsTransformerLM.layers.5.attn,PushPop,30,30,12,12,12480,1040.0,1088.0,928,1152,96.0,"void at::native::vectorized_elementwise_kernel<(int)4, at::native::FillFunctor<float>, std::array<char *, (unsigned long)1>>(int, T2, T3)"
PyTorch:BasicsTransformerLM.layers.5.attn.k_proj,PushPop,30,30,12,12,1128861,94071.8,93728.0,93472,98143,1288.0,cutlass3x_sm100_simt_sgemm_f32_f32_f32_f32_f32_64x32x16_1x1x1_3_tnn_align1_bias_f32_relu
PyTorch:BasicsTransformerLM.layers.5.attn.output_proj,PushPop,30,30,12,12,1133501,94458.4,94095.5,93919,97824,1080.7,cutlass3x_sm100_simt_sgemm_f32_f32_f32_f32_f32_64x32x16_1x1x1_3_tnn_align1_bias_f32_relu
PyTorch:BasicsTransformerLM.layers.5.attn.q_proj,PushPop,30,30,12,12,1126140,93845.0,93600.0,93248,96575,883.4,cutlass3x_sm100_simt_sgemm_f32_f32_f32_f32_f32_64x32x16_1x1x1_3_tnn_align1_bias_f32_relu
PyTorch:BasicsTransformerLM.layers.5.attn.v_proj,PushPop,30,30,12,12,1123868,93655.7,93391.5,93088,96448,897.5,cutlass3x_sm100_simt_sgemm_f32_f32_f32_f32_f32_64x32x16_1x1x1_3_tnn_align1_bias_f32_relu
PyTorch:BasicsTransformerLM.layers.5.ffn,PushPop,30,30,12,24,7516998,313208.3,312239.0,311743,323295,3083.2,cutlass3x_sm100_simt_sgemm_f32_f32_f32_f32_f32_64x128x16_1x1x1_3_tnn_align1_bias_f32_relu
PyTorch:BasicsTransformerLM.layers.5.ffn,PushPop,30,30,12,12,4334259,361188.3,359918.5,359231,375263,4454.6,cutlass3x_sm100_simt_sgemm_f32_f32_f32_f32_f32_64x32x16_1x1x1_3_tnn_align1_bias_f32_relu
PyTorch:BasicsTransformerLM.layers.5.ffn,PushPop,30,30,12,24,153376,6390.7,6496.0,5504,7328,760.9,"void at::native::vectorized_elementwise_kernel<(int)4, at::native::BinaryFunctor<float, float, float, at::native::binary_internal::MulFunctor<float>>, std::array<char *, (unsigned long)3>>(int, T2, T3)"
PyTorch:BasicsTransformerLM.layers.5.ffn,PushPop,30,30,12,12,70880,5906.7,5808.0,5760,6592,240.0,"void at::native::vectorized_elementwise_kernel<(int)4, at::native::sigmoid_kernel_cuda(at::TensorIteratorBase &)::[lambda() (instance 2)]::operator ()() const::[lambda() (instance 2)]::operator ()() const::[lambda(float) (instance 1)], std::array<char *, (unsigned long)2>>(int, T2, T3)"
PyTorch:BasicsTransformerLM.layers.5.ffn.w1,PushPop,30,30,12,12,3760882,313406.8,312479.0,312222,323295,3132.3,cutlass3x_sm100_simt_sgemm_f32_f32_f32_f32_f32_64x128x16_1x1x1_3_tnn_align1_bias_f32_relu
PyTorch:BasicsTransformerLM.layers.5.ffn.w2,PushPop,30,30,12,12,4334259,361188.3,359918.5,359231,375263,4454.6,cutlass3x_sm100_simt_sgemm_f32_f32_f32_f32_f32_64x32x16_1x1x1_3_tnn_align1_bias_f32_relu
PyTorch:BasicsTransformerLM.layers.5.ffn.w3,PushPop,30,30,12,12,3756116,313009.7,312143.0,311743,323007,3158.9,cutlass3x_sm100_simt_sgemm_f32_f32_f32_f32_f32_64x128x16_1x1x1_3_tnn_align1_bias_f32_relu
PyTorch:BasicsTransformerLM.layers.5.ln1,PushPop,30,30,12,24,112895,4704.0,4704.0,4608,4896,60.4,"void at::native::elementwise_kernel<(int)128, (int)2, void at::native::gpu_kernel_impl_nocast<at::native::BinaryFunctor<float, float, float, at::native::binary_internal::MulFunctor<float>>>(at::TensorIteratorBase &, const T1 &)::[lambda(int) (instance 1)]>(int, T3)"
PyTorch:BasicsTransformerLM.layers.5.ln1,PushPop,30,30,12,12,72639,6053.3,6048.0,6016,6112,35.7,"void at::native::reduce_kernel<(int)512, (int)1, at::native::ReduceOp<float, at::native::MeanOps<float, float, float, float>, unsigned int, float, (int)4, (int)4>>(T3)"
PyTorch:BasicsTransformerLM.layers.5.ln1,PushPop,30,30,12,12,29856,2488.0,2480.0,2368,2688,72.4,"void at::native::vectorized_elementwise_kernel<(int)4, void at::native::<unnamed>::pow_tensor_scalar_kernel_impl<float, float>(at::TensorIteratorBase &, T2)::[lambda(float) (instance 1)], std::array<char *, (unsigned long)2>>(int, T2, T3)"
PyTorch:BasicsTransformerLM.layers.5.ln1,PushPop,30,30,12,12,17920,1493.3,1536.0,1344,1664,101.5,"void at::native::vectorized_elementwise_kernel<(int)4, at::native::CUDAFunctorOnSelf_add<float>, std::array<char *, (unsigned long)2>>(int, T2, T3)"
PyTorch:BasicsTransformerLM.layers.5.ln1,PushPop,30,30,12,12,17632,1469.3,1440.0,1408,1536,51.9,"void at::native::vectorized_elementwise_kernel<(int)4, at::native::rsqrt_kernel_cuda(at::TensorIteratorBase &)::[lambda() (instance 2)]::operator ()() const::[lambda() (instance 2)]::operator ()() const::[lambda(float) (instance 1)], std::array<char *, (unsigned long)2>>(int, T2, T3)"
PyTorch:BasicsTransformerLM.layers.5.ln2,PushPop,30,30,12,24,113598,4733.3,4736.0,4608,4896,80.5,"void at::native::elementwise_kernel<(int)128, (int)2, void at::native::gpu_kernel_impl_nocast<at::native::BinaryFunctor<float, float, float, at::native::binary_internal::MulFunctor<float>>>(at::TensorIteratorBase &, const T1 &)::[lambda(int) (instance 1)]>(int, T3)"
PyTorch:BasicsTransformerLM.layers.5.ln2,PushPop,30,30,12,12,73024,6085.3,6080.0,6016,6144,35.7,"void at::native::reduce_kernel<(int)512, (int)1, at::native::ReduceOp<float, at::native::MeanOps<float, float, float, float>, unsigned int, float, (int)4, (int)4>>(T3)"
PyTorch:BasicsTransformerLM.layers.5.ln2,PushPop,30,30,12,12,28608,2384.0,2368.0,2336,2464,46.3,"void at::native::vectorized_elementwise_kernel<(int)4, void at::native::<unnamed>::pow_tensor_scalar_kernel_impl<float, float>(at::TensorIteratorBase &, T2)::[lambda(float) (instance 1)], std::array<char *, (unsigned long)2>>(int, T2, T3)"
PyTorch:BasicsTransformerLM.layers.5.ln2,PushPop,30,30,12,12,18112,1509.3,1536.0,1344,1664,100.1,"void at::native::vectorized_elementwise_kernel<(int)4, at::native::CUDAFunctorOnSelf_add<float>, std::array<char *, (unsigned long)2>>(int, T2, T3)"
PyTorch:BasicsTransformerLM.layers.5.ln2,PushPop,30,30,12,12,17728,1477.3,1472.0,1408,1568,44.9,"void at::native::vectorized_elementwise_kernel<(int)4, at::native::rsqrt_kernel_cuda(at::TensorIteratorBase &)::[lambda() (instance 2)]::operator ()() const::[lambda() (instance 2)]::operator ()() const::[lambda(float) (instance 1)], std::array<char *, (unsigned long)2>>(int, T2, T3)"
PyTorch:BasicsTransformerLM.layers.6,PushPop,30,30,12,60,8850306,147505.1,94111.0,93280,369246,107581.5,cutlass3x_sm100_simt_sgemm_f32_f32_f32_f32_f32_64x32x16_1x1x1_3_tnn_align1_bias_f32_relu
PyTorch:BasicsTransformerLM.layers.6,PushPop,30,30,12,24,7518150,313256.3,312223.0,311647,324255,3262.6,cutlass3x_sm100_simt_sgemm_f32_f32_f32_f32_f32_64x128x16_1x1x1_3_tnn_align1_bias_f32_relu
PyTorch:BasicsTransformerLM.layers.6,PushPop,30,30,12,144,549214,3814.0,3488.0,3072,4992,634.1,"void at::native::elementwise_kernel<(int)128, (int)2, void at::native::gpu_kernel_impl_nocast<at::native::BinaryFunctor<float, float, float, at::native::binary_internal::MulFunctor<float>>>(at::TensorIteratorBase &, const T1 &)::[lambda(int) (instance 1)]>(int, T3)"
PyTorch:BasicsTransformerLM.layers.6,PushPop,30,30,12,12,324063,27005.3,26944.0,26688,28000,327.0,cutlass3x_sm100_simt_sgemm_f32_f32_f32_f32_f32_128x64x16_1x1x1_3_tnn_align1_bias_f32_relu
PyTorch:BasicsTransformerLM.layers.6,PushPop,30,30,12,12,254911,21242.6,21184.0,21087,21984,238.3,cutlass3x_sm100_simt_sgemm_f32_f32_f32_f32_f32_64x32x16_1x1x1_3_nnn_align1_bias_f32_relu
PyTorch:BasicsTransformerLM.layers.6,PushPop,30,30,12,24,218655,9110.6,9071.5,8864,9472,181.4,"void at::native::<unnamed>::CatArrayBatchedCopy<at::native::<unnamed>::OpaqueType<(unsigned int)4>, unsigned int, (int)4, (int)64, (int)64>(T1 *, at::native::<unnamed>::CatArrInputTensorMetadata<T1, T2, T4, T5>, at::native::<unnamed>::TensorSizeStride<T2, (unsigned int)4>, int, T2)"
PyTorch:BasicsTransformerLM.layers.6,PushPop,30,30,12,12,183999,15333.3,15280.0,15200,15871,198.8,"void at::native::elementwise_kernel<(int)128, (int)2, void at::native::gpu_kernel_impl_nocast<at::native::BinaryFunctor<float, float, float, at::native::binary_internal::DivFunctor<float>>>(at::TensorIteratorBase &, const T1 &)::[lambda(int) (instance 1)]>(int, T3)"
PyTorch:BasicsTransformerLM.layers.6,PushPop,30,30,12,72,183519,2548.9,2176.0,1984,3776,590.6,"void at::native::vectorized_elementwise_kernel<(int)4, at::native::CUDAFunctor_add<float>, std::array<char *, (unsigned long)3>>(int, T2, T3)"
PyTorch:BasicsTransformerLM.layers.6,PushPop,30,30,12,12,157952,13162.7,13152.0,13088,13408,85.6,"void at::native::reduce_kernel<(int)512, (int)1, at::native::ReduceOp<float, at::native::MaxOps<float>, unsigned int, float, (int)4, (int)4>>(T3)"
PyTorch:BasicsTransformerLM.layers.6,PushPop,30,30,12,12,157728,13144.0,13104.0,12992,13344,105.8,"void at::native::elementwise_kernel<(int)128, (int)2, void at::native::gpu_kernel_impl_nocast<at::native::<unnamed>::where_kernel_impl(at::TensorIterator &)::[lambda() (instance 1)]::operator ()() const::[lambda() (instance 11)]::operator ()() const::[lambda(bool, float, float) (instance 1)]>(at::TensorIteratorBase &, const T1 &)::[lambda(int) (instance 1)]>(int, T3)"
PyTorch:BasicsTransformerLM.layers.6,PushPop,30,30,12,24,155040,6460.0,6912.0,5504,7392,766.3,"void at::native::vectorized_elementwise_kernel<(int)4, at::native::BinaryFunctor<float, float, float, at::native::binary_internal::MulFunctor<float>>, std::array<char *, (unsigned long)3>>(int, T2, T3)"
PyTorch:BasicsTransformerLM.layers.6,PushPop,30,30,12,12,153087,12757.3,12767.5,12640,12864,77.6,"void at::native::elementwise_kernel<(int)128, (int)2, void at::native::gpu_kernel_impl_nocast<at::native::CUDAFunctor_add<float>>(at::TensorIteratorBase &, const T1 &)::[lambda(int) (instance 1)]>(int, T3)"
PyTorch:BasicsTransformerLM.layers.6,PushPop,30,30,12,24,144927,6038.6,6048.0,5888,6176,63.6,"void at::native::reduce_kernel<(int)512, (int)1, at::native::ReduceOp<float, at::native::MeanOps<float, float, float, float>, unsigned int, float, (int)4, (int)4>>(T3)"
PyTorch:BasicsTransformerLM.layers.6,PushPop,30,30,12,24,134592,5608.0,5504.0,4576,6976,1017.5,"void at::native::elementwise_kernel<(int)128, (int)2, void at::native::gpu_kernel_impl_nocast<at::native::direct_copy_kernel_cuda(at::TensorIteratorBase &)::[lambda() (instance 3)]::operator ()() const::[lambda() (instance 7)]::operator ()() const::[lambda(float) (instance 1)]>(at::TensorIteratorBase &, const T1 &)::[lambda(int) (instance 1)]>(int, T3)"
PyTorch:BasicsTransformerLM.layers.6,PushPop,30,30,12,12,84832,7069.3,7056.0,6944,7328,107.8,"void at::native::reduce_kernel<(int)512, (int)1, at::native::ReduceOp<float, at::native::func_wrapper_t<float, at::native::sum_functor<float, float, float>::operator ()(at::TensorIterator &)::[lambda(float, float) (instance 1)]>, unsigned int, float, (int)4, (int)4>>(T3)"
PyTorch:BasicsTransformerLM.layers.6,PushPop,30,30,12,12,71360,5946.7,5888.0,5728,6496,237.1,"void at::native::vectorized_elementwise_kernel<(int)4, at::native::sigmoid_kernel_cuda(at::TensorIteratorBase &)::[lambda() (instance 2)]::operator ()() const::[lambda() (instance 2)]::operator ()() const::[lambda(float) (instance 1)], std::array<char *, (unsigned long)2>>(int, T2, T3)"
PyTorch:BasicsTransformerLM.layers.6,PushPop,30,30,12,12,62976,5248.0,5232.0,5088,5536,141.8,"void at::native::vectorized_elementwise_kernel<(int)4, at::native::exp_kernel_cuda(at::TensorIteratorBase &)::[lambda() (instance 2)]::operator ()() const::[lambda() (instance 2)]::operator ()() const::[lambda(float) (instance 1)], std::array<char *, (unsigned long)2>>(int, T2, T3)"
PyTorch:BasicsTransformerLM.layers.6,PushPop,30,30,12,12,60896,5074.7,5024.0,4928,5472,163.4,"void at::native::vectorized_elementwise_kernel<(int)4, at::native::BUnaryFunctor<float, float, float, at::native::binary_internal::MulFunctor<float>>, std::array<char *, (unsigned long)2>>(int, T2, T3)"
PyTorch:BasicsTransformerLM.layers.6,PushPop,30,30,12,24,57696,2404.0,2384.0,2304,2560,73.9,"void at::native::vectorized_elementwise_kernel<(int)4, void at::native::<unnamed>::pow_tensor_scalar_kernel_impl<float, float>(at::TensorIteratorBase &, T2)::[lambda(float) (instance 1)], std::array<char *, (unsigned long)2>>(int, T2, T3)"
PyTorch:BasicsTransformerLM.layers.6,PushPop,30,30,12,24,35935,1497.3,1536.0,1312,1600,93.9,"void at::native::vectorized_elementwise_kernel<(int)4, at::native::CUDAFunctorOnSelf_add<float>, std::array<char *, (unsigned long)2>>(int, T2, T3)"
PyTorch:BasicsTransformerLM.layers.6,PushPop,30,30,12,24,35360,1473.3,1472.0,1344,1664,61.5,"void at::native::vectorized_elementwise_kernel<(int)4, at::native::rsqrt_kernel_cuda(at::TensorIteratorBase &)::[lambda() (instance 2)]::operator ()() const::[lambda() (instance 2)]::operator ()() const::[lambda(float) (instance 1)], std::array<char *, (unsigned long)2>>(int, T2, T3)"
PyTorch:BasicsTransformerLM.layers.6,PushPop,30,30,12,12,31584,2632.0,2656.0,2464,2816,93.7,"void at::native::elementwise_kernel<(int)128, (int)4, void at::native::gpu_kernel_impl_nocast<at::native::<unnamed>::CompareFunctor<long>>(at::TensorIteratorBase &, const T1 &)::[lambda(int) (instance 1)]>(int, T3)"
PyTorch:BasicsTransformerLM.layers.6,PushPop,30,30,12,12,13088,1090.7,1088.0,928,1280,116.1,"void at::native::vectorized_elementwise_kernel<(int)4, at::native::FillFunctor<float>, std::array<char *, (unsigned long)1>>(int, T2, T3)"
PyTorch:BasicsTransformerLM.layers.6,PushPop,30,30,12,12,12255,1021.3,992.0,959,1152,81.3,"void <unnamed>::elementwise_kernel_with_index<int, at::native::arange_cuda_out(const c10::Scalar &, const c10::Scalar &, const c10::Scalar &, at::Tensor &)::[lambda() (instance 1)]::operator ()() const::[lambda() (instance 4)]::operator ()() const::[lambda(long) (instance 1)]>(T1, T2, function_traits<T2>::result_type *)"
PyTorch:BasicsTransformerLM.layers.6.attn,PushPop,30,30,12,48,4520144,94169.7,93840.0,93280,99264,1042.8,cutlass3x_sm100_simt_sgemm_f32_f32_f32_f32_f32_64x32x16_1x1x1_3_tnn_align1_bias_f32_relu
PyTorch:BasicsTransformerLM.layers.6.attn,PushPop,30,30,12,96,324479,3380.0,3424.0,3072,3808,167.7,"void at::native::elementwise_kernel<(int)128, (int)2, void at::native::gpu_kernel_impl_nocast<at::native::BinaryFunctor<float, float, float, at::native::binary_internal::MulFunctor<float>>>(at::TensorIteratorBase &, const T1 &)::[lambda(int) (instance 1)]>(int, T3)"
PyTorch:BasicsTransformerLM.layers.6.attn,PushPop,30,30,12,12,324063,27005.3,26944.0,26688,28000,327.0,cutlass3x_sm100_simt_sgemm_f32_f32_f32_f32_f32_128x64x16_1x1x1_3_tnn_align1_bias_f32_relu
PyTorch:BasicsTransformerLM.layers.6.attn,PushPop,30,30,12,12,254911,21242.6,21184.0,21087,21984,238.3,cutlass3x_sm100_simt_sgemm_f32_f32_f32_f32_f32_64x32x16_1x1x1_3_nnn_align1_bias_f32_relu
PyTorch:BasicsTransformerLM.layers.6.attn,PushPop,30,30,12,24,218655,9110.6,9071.5,8864,9472,181.4,"void at::native::<unnamed>::CatArrayBatchedCopy<at::native::<unnamed>::OpaqueType<(unsigned int)4>, unsigned int, (int)4, (int)64, (int)64>(T1 *, at::native::<unnamed>::CatArrInputTensorMetadata<T1, T2, T4, T5>, at::native::<unnamed>::TensorSizeStride<T2, (unsigned int)4>, int, T2)"
PyTorch:BasicsTransformerLM.layers.6.attn,PushPop,30,30,12,12,183999,15333.3,15280.0,15200,15871,198.8,"void at::native::elementwise_kernel<(int)128, (int)2, void at::native::gpu_kernel_impl_nocast<at::native::BinaryFunctor<float, float, float, at::native::binary_internal::DivFunctor<float>>>(at::TensorIteratorBase &, const T1 &)::[lambda(int) (instance 1)]>(int, T3)"
PyTorch:BasicsTransformerLM.layers.6.attn,PushPop,30,30,12,12,157952,13162.7,13152.0,13088,13408,85.6,"void at::native::reduce_kernel<(int)512, (int)1, at::native::ReduceOp<float, at::native::MaxOps<float>, unsigned int, float, (int)4, (int)4>>(T3)"
PyTorch:BasicsTransformerLM.layers.6.attn,PushPop,30,30,12,12,157728,13144.0,13104.0,12992,13344,105.8,"void at::native::elementwise_kernel<(int)128, (int)2, void at::native::gpu_kernel_impl_nocast<at::native::<unnamed>::where_kernel_impl(at::TensorIterator &)::[lambda() (instance 1)]::operator ()() const::[lambda() (instance 11)]::operator ()() const::[lambda(bool, float, float) (instance 1)]>(at::TensorIteratorBase &, const T1 &)::[lambda(int) (instance 1)]>(int, T3)"
PyTorch:BasicsTransformerLM.layers.6.attn,PushPop,30,30,12,12,153087,12757.3,12767.5,12640,12864,77.6,"void at::native::elementwise_kernel<(int)128, (int)2, void at::native::gpu_kernel_impl_nocast<at::native::CUDAFunctor_add<float>>(at::TensorIteratorBase &, const T1 &)::[lambda(int) (instance 1)]>(int, T3)"
PyTorch:BasicsTransformerLM.layers.6.attn,PushPop,30,30,12,24,134592,5608.0,5504.0,4576,6976,1017.5,"void at::native::elementwise_kernel<(int)128, (int)2, void at::native::gpu_kernel_impl_nocast<at::native::direct_copy_kernel_cuda(at::TensorIteratorBase &)::[lambda() (instance 3)]::operator ()() const::[lambda() (instance 7)]::operator ()() const::[lambda(float) (instance 1)]>(at::TensorIteratorBase &, const T1 &)::[lambda(int) (instance 1)]>(int, T3)"
PyTorch:BasicsTransformerLM.layers.6.attn,PushPop,30,30,12,48,102751,2140.6,2144.0,1984,2432,75.0,"void at::native::vectorized_elementwise_kernel<(int)4, at::native::CUDAFunctor_add<float>, std::array<char *, (unsigned long)3>>(int, T2, T3)"
PyTorch:BasicsTransformerLM.layers.6.attn,PushPop,30,30,12,12,84832,7069.3,7056.0,6944,7328,107.8,"void at::native::reduce_kernel<(int)512, (int)1, at::native::ReduceOp<float, at::native::func_wrapper_t<float, at::native::sum_functor<float, float, float>::operator ()(at::TensorIterator &)::[lambda(float, float) (instance 1)]>, unsigned int, float, (int)4, (int)4>>(T3)"
PyTorch:BasicsTransformerLM.layers.6.attn,PushPop,30,30,12,12,62976,5248.0,5232.0,5088,5536,141.8,"void at::native::vectorized_elementwise_kernel<(int)4, at::native::exp_kernel_cuda(at::TensorIteratorBase &)::[lambda() (instance 2)]::operator ()() const::[lambda() (instance 2)]::operator ()() const::[lambda(float) (instance 1)], std::array<char *, (unsigned long)2>>(int, T2, T3)"
PyTorch:BasicsTransformerLM.layers.6.attn,PushPop,30,30,12,12,60896,5074.7,5024.0,4928,5472,163.4,"void at::native::vectorized_elementwise_kernel<(int)4, at::native::BUnaryFunctor<float, float, float, at::native::binary_internal::MulFunctor<float>>, std::array<char *, (unsigned long)2>>(int, T2, T3)"
PyTorch:BasicsTransformerLM.layers.6.attn,PushPop,30,30,12,12,31584,2632.0,2656.0,2464,2816,93.7,"void at::native::elementwise_kernel<(int)128, (int)4, void at::native::gpu_kernel_impl_nocast<at::native::<unnamed>::CompareFunctor<long>>(at::TensorIteratorBase &, const T1 &)::[lambda(int) (instance 1)]>(int, T3)"
PyTorch:BasicsTransformerLM.layers.6.attn,PushPop,30,30,12,12,13088,1090.7,1088.0,928,1280,116.1,"void at::native::vectorized_elementwise_kernel<(int)4, at::native::FillFunctor<float>, std::array<char *, (unsigned long)1>>(int, T2, T3)"
PyTorch:BasicsTransformerLM.layers.6.attn,PushPop,30,30,12,12,12255,1021.3,992.0,959,1152,81.3,"void <unnamed>::elementwise_kernel_with_index<int, at::native::arange_cuda_out(const c10::Scalar &, const c10::Scalar &, const c10::Scalar &, at::Tensor &)::[lambda() (instance 1)]::operator ()() const::[lambda() (instance 4)]::operator ()() const::[lambda(long) (instance 1)]>(T1, T2, function_traits<T2>::result_type *)"
PyTorch:BasicsTransformerLM.layers.6.attn.k_proj,PushPop,30,30,12,12,1127038,93919.8,93696.0,93440,96383,785.5,cutlass3x_sm100_simt_sgemm_f32_f32_f32_f32_f32_64x32x16_1x1x1_3_tnn_align1_bias_f32_relu
PyTorch:BasicsTransformerLM.layers.6.attn.output_proj,PushPop,30,30,12,12,1138395,94866.3,94527.5,94080,99264,1406.6,cutlass3x_sm100_simt_sgemm_f32_f32_f32_f32_f32_64x32x16_1x1x1_3_tnn_align1_bias_f32_relu
PyTorch:BasicsTransformerLM.layers.6.attn.q_proj,PushPop,30,30,12,12,1126297,93858.1,93455.5,93280,96736,960.0,cutlass3x_sm100_simt_sgemm_f32_f32_f32_f32_f32_64x32x16_1x1x1_3_tnn_align1_bias_f32_relu
PyTorch:BasicsTransformerLM.layers.6.attn.v_proj,PushPop,30,30,12,12,1128414,94034.5,93856.0,93536,95904,636.8,cutlass3x_sm100_simt_sgemm_f32_f32_f32_f32_f32_64x32x16_1x1x1_3_tnn_align1_bias_f32_relu
PyTorch:BasicsTransformerLM.layers.6.ffn,PushPop,30,30,12,24,7518150,313256.3,312223.0,311647,324255,3262.6,cutlass3x_sm100_simt_sgemm_f32_f32_f32_f32_f32_64x128x16_1x1x1_3_tnn_align1_bias_f32_relu
PyTorch:BasicsTransformerLM.layers.6.ffn,PushPop,30,30,12,12,4330162,360846.8,359935.0,359423,369246,2720.7,cutlass3x_sm100_simt_sgemm_f32_f32_f32_f32_f32_64x32x16_1x1x1_3_tnn_align1_bias_f32_relu
PyTorch:BasicsTransformerLM.layers.6.ffn,PushPop,30,30,12,24,155040,6460.0,6912.0,5504,7392,766.3,"void at::native::vectorized_elementwise_kernel<(int)4, at::native::BinaryFunctor<float, float, float, at::native::binary_internal::MulFunctor<float>>, std::array<char *, (unsigned long)3>>(int, T2, T3)"
PyTorch:BasicsTransformerLM.layers.6.ffn,PushPop,30,30,12,12,71360,5946.7,5888.0,5728,6496,237.1,"void at::native::vectorized_elementwise_kernel<(int)4, at::native::sigmoid_kernel_cuda(at::TensorIteratorBase &)::[lambda() (instance 2)]::operator ()() const::[lambda() (instance 2)]::operator ()() const::[lambda(float) (instance 1)], std::array<char *, (unsigned long)2>>(int, T2, T3)"
PyTorch:BasicsTransformerLM.layers.6.ffn.w1,PushPop,30,30,12,12,3760466,313372.2,312383.0,311934,324255,3448.0,cutlass3x_sm100_simt_sgemm_f32_f32_f32_f32_f32_64x128x16_1x1x1_3_tnn_align1_bias_f32_relu
PyTorch:BasicsTransformerLM.layers.6.ffn.w2,PushPop,30,30,12,12,4330162,360846.8,359935.0,359423,369246,2720.7,cutlass3x_sm100_simt_sgemm_f32_f32_f32_f32_f32_64x32x16_1x1x1_3_tnn_align1_bias_f32_relu
PyTorch:BasicsTransformerLM.layers.6.ffn.w3,PushPop,30,30,12,12,3757684,313140.3,312159.0,311647,323263,3215.4,cutlass3x_sm100_simt_sgemm_f32_f32_f32_f32_f32_64x128x16_1x1x1_3_tnn_align1_bias_f32_relu
PyTorch:BasicsTransformerLM.layers.6.ln1,PushPop,30,30,12,24,113152,4714.7,4688.0,4544,4992,130.0,"void at::native::elementwise_kernel<(int)128, (int)2, void at::native::gpu_kernel_impl_nocast<at::native::BinaryFunctor<float, float, float, at::native::binary_internal::MulFunctor<float>>>(at::TensorIteratorBase &, const T1 &)::[lambda(int) (instance 1)]>(int, T3)"
PyTorch:BasicsTransformerLM.layers.6.ln1,PushPop,30,30,12,12,72288,6024.0,6016.0,5888,6176,74.9,"void at::native::reduce_kernel<(int)512, (int)1, at::native::ReduceOp<float, at::native::MeanOps<float, float, float, float>, unsigned int, float, (int)4, (int)4>>(T3)"
PyTorch:BasicsTransformerLM.layers.6.ln1,PushPop,30,30,12,12,29152,2429.3,2448.0,2304,2560,91.0,"void at::native::vectorized_elementwise_kernel<(int)4, void at::native::<unnamed>::pow_tensor_scalar_kernel_impl<float, float>(at::TensorIteratorBase &, T2)::[lambda(float) (instance 1)], std::array<char *, (unsigned long)2>>(int, T2, T3)"
PyTorch:BasicsTransformerLM.layers.6.ln1,PushPop,30,30,12,12,18207,1517.3,1536.0,1312,1600,91.0,"void at::native::vectorized_elementwise_kernel<(int)4, at::native::CUDAFunctorOnSelf_add<float>, std::array<char *, (unsigned long)2>>(int, T2, T3)"
PyTorch:BasicsTransformerLM.layers.6.ln1,PushPop,30,30,12,12,17984,1498.7,1472.0,1440,1664,70.7,"void at::native::vectorized_elementwise_kernel<(int)4, at::native::rsqrt_kernel_cuda(at::TensorIteratorBase &)::[lambda() (instance 2)]::operator ()() const::[lambda() (instance 2)]::operator ()() const::[lambda(float) (instance 1)], std::array<char *, (unsigned long)2>>(int, T2, T3)"
PyTorch:BasicsTransformerLM.layers.6.ln2,PushPop,30,30,12,24,111583,4649.3,4608.0,4544,4864,79.2,"void at::native::elementwise_kernel<(int)128, (int)2, void at::native::gpu_kernel_impl_nocast<at::native::BinaryFunctor<float, float, float, at::native::binary_internal::MulFunctor<float>>>(at::TensorIteratorBase &, const T1 &)::[lambda(int) (instance 1)]>(int, T3)"
PyTorch:BasicsTransformerLM.layers.6.ln2,PushPop,30,30,12,12,72639,6053.3,6063.5,5920,6112,48.8,"void at::native::reduce_kernel<(int)512, (int)1, at::native::ReduceOp<float, at::native::MeanOps<float, float, float, float>, unsigned int, float, (int)4, (int)4>>(T3)"
PyTorch:BasicsTransformerLM.layers.6.ln2,PushPop,30,30,12,12,28544,2378.7,2368.0,2336,2464,41.7,"void at::native::vectorized_elementwise_kernel<(int)4, void at::native::<unnamed>::pow_tensor_scalar_kernel_impl<float, float>(at::TensorIteratorBase &, T2)::[lambda(float) (instance 1)], std::array<char *, (unsigned long)2>>(int, T2, T3)"
PyTorch:BasicsTransformerLM.layers.6.ln2,PushPop,30,30,12,12,17728,1477.3,1536.0,1312,1568,96.3,"void at::native::vectorized_elementwise_kernel<(int)4, at::native::CUDAFunctorOnSelf_add<float>, std::array<char *, (unsigned long)2>>(int, T2, T3)"
PyTorch:BasicsTransformerLM.layers.6.ln2,PushPop,30,30,12,12,17376,1448.0,1440.0,1344,1504,38.9,"void at::native::vectorized_elementwise_kernel<(int)4, at::native::rsqrt_kernel_cuda(at::TensorIteratorBase &)::[lambda() (instance 2)]::operator ()() const::[lambda() (instance 2)]::operator ()() const::[lambda(float) (instance 1)], std::array<char *, (unsigned long)2>>(int, T2, T3)"
PyTorch:BasicsTransformerLM.layers.7,PushPop,30,30,12,60,8839330,147322.2,93952.0,93344,366495,107625.2,cutlass3x_sm100_simt_sgemm_f32_f32_f32_f32_f32_64x32x16_1x1x1_3_tnn_align1_bias_f32_relu
PyTorch:BasicsTransformerLM.layers.7,PushPop,30,30,12,24,7513895,313079.0,312351.0,311839,321855,2360.3,cutlass3x_sm100_simt_sgemm_f32_f32_f32_f32_f32_64x128x16_1x1x1_3_tnn_align1_bias_f32_relu
PyTorch:BasicsTransformerLM.layers.7,PushPop,30,30,12,144,552189,3834.6,3488.0,3072,4864,623.3,"void at::native::elementwise_kernel<(int)128, (int)2, void at::native::gpu_kernel_impl_nocast<at::native::BinaryFunctor<float, float, float, at::native::binary_internal::MulFunctor<float>>>(at::TensorIteratorBase &, const T1 &)::[lambda(int) (instance 1)]>(int, T3)"
PyTorch:BasicsTransformerLM.layers.7,PushPop,30,30,12,12,322814,26901.2,26848.0,26752,27264,137.4,cutlass3x_sm100_simt_sgemm_f32_f32_f32_f32_f32_128x64x16_1x1x1_3_tnn_align1_bias_f32_relu
PyTorch:BasicsTransformerLM.layers.7,PushPop,30,30,12,12,253344,21112.0,21056.0,20992,21760,207.4,cutlass3x_sm100_simt_sgemm_f32_f32_f32_f32_f32_64x32x16_1x1x1_3_nnn_align1_bias_f32_relu
PyTorch:BasicsTransformerLM.layers.7,PushPop,30,30,12,24,217022,9042.6,9056.0,8768,9376,147.8,"void at::native::<unnamed>::CatArrayBatchedCopy<at::native::<unnamed>::OpaqueType<(unsigned int)4>, unsigned int, (int)4, (int)64, (int)64>(T1 *, at::native::<unnamed>::CatArrInputTensorMetadata<T1, T2, T4, T5>, at::native::<unnamed>::TensorSizeStride<T2, (unsigned int)4>, int, T2)"
PyTorch:BasicsTransformerLM.layers.7,PushPop,30,30,12,72,185087,2570.7,2176.0,1952,4096,654.2,"void at::native::vectorized_elementwise_kernel<(int)4, at::native::CUDAFunctor_add<float>, std::array<char *, (unsigned long)3>>(int, T2, T3)"
PyTorch:BasicsTransformerLM.layers.7,PushPop,30,30,12,12,183328,15277.3,15232.0,15168,15840,181.3,"void at::native::elementwise_kernel<(int)128, (int)2, void at::native::gpu_kernel_impl_nocast<at::native::BinaryFunctor<float, float, float, at::native::binary_internal::DivFunctor<float>>>(at::TensorIteratorBase &, const T1 &)::[lambda(int) (instance 1)]>(int, T3)"
PyTorch:BasicsTransformerLM.layers.7,PushPop,30,30,12,12,158848,13237.3,13152.0,13056,14432,379.4,"void at::native::reduce_kernel<(int)512, (int)1, at::native::ReduceOp<float, at::native::MaxOps<float>, unsigned int, float, (int)4, (int)4>>(T3)"
PyTorch:BasicsTransformerLM.layers.7,PushPop,30,30,12,12,157920,13160.0,13152.0,13056,13248,51.3,"void at::native::elementwise_kernel<(int)128, (int)2, void at::native::gpu_kernel_impl_nocast<at::native::<unnamed>::where_kernel_impl(at::TensorIterator &)::[lambda() (instance 1)]::operator ()() const::[lambda() (instance 11)]::operator ()() const::[lambda(bool, float, float) (instance 1)]>(at::TensorIteratorBase &, const T1 &)::[lambda(int) (instance 1)]>(int, T3)"
PyTorch:BasicsTransformerLM.layers.7,PushPop,30,30,12,24,154686,6445.3,6559.5,5536,7296,728.5,"void at::native::vectorized_elementwise_kernel<(int)4, at::native::BinaryFunctor<float, float, float, at::native::binary_internal::MulFunctor<float>>, std::array<char *, (unsigned long)3>>(int, T2, T3)"
PyTorch:BasicsTransformerLM.layers.7,PushPop,30,30,12,12,152320,12693.3,12672.0,12640,12832,47.9,"void at::native::elementwise_kernel<(int)128, (int)2, void at::native::gpu_kernel_impl_nocast<at::native::CUDAFunctor_add<float>>(at::TensorIteratorBase &, const T1 &)::[lambda(int) (instance 1)]>(int, T3)"
PyTorch:BasicsTransformerLM.layers.7,PushPop,30,30,12,24,145824,6076.0,6080.0,5984,6176,42.5,"void at::native::reduce_kernel<(int)512, (int)1, at::native::ReduceOp<float, at::native::MeanOps<float, float, float, float>, unsigned int, float, (int)4, (int)4>>(T3)"
PyTorch:BasicsTransformerLM.layers.7,PushPop,30,30,12,24,134240,5593.3,5552.0,4608,6688,965.6,"void at::native::elementwise_kernel<(int)128, (int)2, void at::native::gpu_kernel_impl_nocast<at::native::direct_copy_kernel_cuda(at::TensorIteratorBase &)::[lambda() (instance 3)]::operator ()() const::[lambda() (instance 7)]::operator ()() const::[lambda(float) (instance 1)]>(at::TensorIteratorBase &, const T1 &)::[lambda(int) (instance 1)]>(int, T3)"
PyTorch:BasicsTransformerLM.layers.7,PushPop,30,30,12,12,84479,7039.9,7008.0,6912,7296,110.0,"void at::native::reduce_kernel<(int)512, (int)1, at::native::ReduceOp<float, at::native::func_wrapper_t<float, at::native::sum_functor<float, float, float>::operator ()(at::TensorIterator &)::[lambda(float, float) (instance 1)]>, unsigned int, float, (int)4, (int)4>>(T3)"
PyTorch:BasicsTransformerLM.layers.7,PushPop,30,30,12,12,70336,5861.3,5808.0,5696,6432,195.8,"void at::native::vectorized_elementwise_kernel<(int)4, at::native::sigmoid_kernel_cuda(at::TensorIteratorBase &)::[lambda() (instance 2)]::operator ()() const::[lambda() (instance 2)]::operator ()() const::[lambda(float) (instance 1)], std::array<char *, (unsigned long)2>>(int, T2, T3)"
PyTorch:BasicsTransformerLM.layers.7,PushPop,30,30,12,12,62688,5224.0,5168.0,5088,5472,141.9,"void at::native::vectorized_elementwise_kernel<(int)4, at::native::exp_kernel_cuda(at::TensorIteratorBase &)::[lambda() (instance 2)]::operator ()() const::[lambda() (instance 2)]::operator ()() const::[lambda(float) (instance 1)], std::array<char *, (unsigned long)2>>(int, T2, T3)"
PyTorch:BasicsTransformerLM.layers.7,PushPop,30,30,12,12,61024,5085.3,5024.0,4928,5472,175.5,"void at::native::vectorized_elementwise_kernel<(int)4, at::native::BUnaryFunctor<float, float, float, at::native::binary_internal::MulFunctor<float>>, std::array<char *, (unsigned long)2>>(int, T2, T3)"
PyTorch:BasicsTransformerLM.layers.7,PushPop,30,30,12,24,58687,2445.3,2464.0,2336,2624,63.2,"void at::native::vectorized_elementwise_kernel<(int)4, void at::native::<unnamed>::pow_tensor_scalar_kernel_impl<float, float>(at::TensorIteratorBase &, T2)::[lambda(float) (instance 1)], std::array<char *, (unsigned long)2>>(int, T2, T3)"
PyTorch:BasicsTransformerLM.layers.7,PushPop,30,30,12,24,35168,1465.3,1504.0,1184,1664,132.8,"void at::native::vectorized_elementwise_kernel<(int)4, at::native::CUDAFunctorOnSelf_add<float>, std::array<char *, (unsigned long)2>>(int, T2, T3)"
PyTorch:BasicsTransformerLM.layers.7,PushPop,30,30,12,24,35007,1458.6,1440.0,1280,1696,72.4,"void at::native::vectorized_elementwise_kernel<(int)4, at::native::rsqrt_kernel_cuda(at::TensorIteratorBase &)::[lambda() (instance 2)]::operator ()() const::[lambda() (instance 2)]::operator ()() const::[lambda(float) (instance 1)], std::array<char *, (unsigned long)2>>(int, T2, T3)"
PyTorch:BasicsTransformerLM.layers.7,PushPop,30,30,12,12,31360,2613.3,2592.0,2528,2784,72.6,"void at::native::elementwise_kernel<(int)128, (int)4, void at::native::gpu_kernel_impl_nocast<at::native::<unnamed>::CompareFunctor<long>>(at::TensorIteratorBase &, const T1 &)::[lambda(int) (instance 1)]>(int, T3)"
PyTorch:BasicsTransformerLM.layers.7,PushPop,30,30,12,12,13120,1093.3,1024.0,960,1440,148.7,"void <unnamed>::elementwise_kernel_with_index<int, at::native::arange_cuda_out(const c10::Scalar &, const c10::Scalar &, const c10::Scalar &, at::Tensor &)::[lambda() (instance 1)]::operator ()() const::[lambda() (instance 4)]::operator ()() const::[lambda(long) (instance 1)]>(T1, T2, function_traits<T2>::result_type *)"
PyTorch:BasicsTransformerLM.layers.7,PushPop,30,30,12,12,12608,1050.7,1040.0,928,1344,129.3,"void at::native::vectorized_elementwise_kernel<(int)4, at::native::FillFunctor<float>, std::array<char *, (unsigned long)1>>(int, T2, T3)"
PyTorch:BasicsTransformerLM.layers.7.attn,PushPop,30,30,12,48,4510192,93962.3,93727.5,93344,97376,720.9,cutlass3x_sm100_simt_sgemm_f32_f32_f32_f32_f32_64x32x16_1x1x1_3_tnn_align1_bias_f32_relu
PyTorch:BasicsTransformerLM.layers.7.attn,PushPop,30,30,12,96,326719,3403.3,3456.0,3072,3744,137.8,"void at::native::elementwise_kernel<(int)128, (int)2, void at::native::gpu_kernel_impl_nocast<at::native::BinaryFunctor<float, float, float, at::native::binary_internal::MulFunctor<float>>>(at::TensorIteratorBase &, const T1 &)::[lambda(int) (instance 1)]>(int, T3)"
PyTorch:BasicsTransformerLM.layers.7.attn,PushPop,30,30,12,12,322814,26901.2,26848.0,26752,27264,137.4,cutlass3x_sm100_simt_sgemm_f32_f32_f32_f32_f32_128x64x16_1x1x1_3_tnn_align1_bias_f32_relu
PyTorch:BasicsTransformerLM.layers.7.attn,PushPop,30,30,12,12,253344,21112.0,21056.0,20992,21760,207.4,cutlass3x_sm100_simt_sgemm_f32_f32_f32_f32_f32_64x32x16_1x1x1_3_nnn_align1_bias_f32_relu
PyTorch:BasicsTransformerLM.layers.7.attn,PushPop,30,30,12,24,217022,9042.6,9056.0,8768,9376,147.8,"void at::native::<unnamed>::CatArrayBatchedCopy<at::native::<unnamed>::OpaqueType<(unsigned int)4>, unsigned int, (int)4, (int)64, (int)64>(T1 *, at::native::<unnamed>::CatArrInputTensorMetadata<T1, T2, T4, T5>, at::native::<unnamed>::TensorSizeStride<T2, (unsigned int)4>, int, T2)"
PyTorch:BasicsTransformerLM.layers.7.attn,PushPop,30,30,12,12,183328,15277.3,15232.0,15168,15840,181.3,"void at::native::elementwise_kernel<(int)128, (int)2, void at::native::gpu_kernel_impl_nocast<at::native::BinaryFunctor<float, float, float, at::native::binary_internal::DivFunctor<float>>>(at::TensorIteratorBase &, const T1 &)::[lambda(int) (instance 1)]>(int, T3)"
PyTorch:BasicsTransformerLM.layers.7.attn,PushPop,30,30,12,12,158848,13237.3,13152.0,13056,14432,379.4,"void at::native::reduce_kernel<(int)512, (int)1, at::native::ReduceOp<float, at::native::MaxOps<float>, unsigned int, float, (int)4, (int)4>>(T3)"
PyTorch:BasicsTransformerLM.layers.7.attn,PushPop,30,30,12,12,157920,13160.0,13152.0,13056,13248,51.3,"void at::native::elementwise_kernel<(int)128, (int)2, void at::native::gpu_kernel_impl_nocast<at::native::<unnamed>::where_kernel_impl(at::TensorIterator &)::[lambda() (instance 1)]::operator ()() const::[lambda() (instance 11)]::operator ()() const::[lambda(bool, float, float) (instance 1)]>(at::TensorIteratorBase &, const T1 &)::[lambda(int) (instance 1)]>(int, T3)"
PyTorch:BasicsTransformerLM.layers.7.attn,PushPop,30,30,12,12,152320,12693.3,12672.0,12640,12832,47.9,"void at::native::elementwise_kernel<(int)128, (int)2, void at::native::gpu_kernel_impl_nocast<at::native::CUDAFunctor_add<float>>(at::TensorIteratorBase &, const T1 &)::[lambda(int) (instance 1)]>(int, T3)"
PyTorch:BasicsTransformerLM.layers.7.attn,PushPop,30,30,12,24,134240,5593.3,5552.0,4608,6688,965.6,"void at::native::elementwise_kernel<(int)128, (int)2, void at::native::gpu_kernel_impl_nocast<at::native::direct_copy_kernel_cuda(at::TensorIteratorBase &)::[lambda() (instance 3)]::operator ()() const::[lambda() (instance 7)]::operator ()() const::[lambda(float) (instance 1)]>(at::TensorIteratorBase &, const T1 &)::[lambda(int) (instance 1)]>(int, T3)"
PyTorch:BasicsTransformerLM.layers.7.attn,PushPop,30,30,12,48,101951,2124.0,2080.0,1952,2528,110.7,"void at::native::vectorized_elementwise_kernel<(int)4, at::native::CUDAFunctor_add<float>, std::array<char *, (unsigned long)3>>(int, T2, T3)"
PyTorch:BasicsTransformerLM.layers.7.attn,PushPop,30,30,12,12,84479,7039.9,7008.0,6912,7296,110.0,"void at::native::reduce_kernel<(int)512, (int)1, at::native::ReduceOp<float, at::native::func_wrapper_t<float, at::native::sum_functor<float, float, float>::operator ()(at::TensorIterator &)::[lambda(float, float) (instance 1)]>, unsigned int, float, (int)4, (int)4>>(T3)"
PyTorch:BasicsTransformerLM.layers.7.attn,PushPop,30,30,12,12,62688,5224.0,5168.0,5088,5472,141.9,"void at::native::vectorized_elementwise_kernel<(int)4, at::native::exp_kernel_cuda(at::TensorIteratorBase &)::[lambda() (instance 2)]::operator ()() const::[lambda() (instance 2)]::operator ()() const::[lambda(float) (instance 1)], std::array<char *, (unsigned long)2>>(int, T2, T3)"
PyTorch:BasicsTransformerLM.layers.7.attn,PushPop,30,30,12,12,61024,5085.3,5024.0,4928,5472,175.5,"void at::native::vectorized_elementwise_kernel<(int)4, at::native::BUnaryFunctor<float, float, float, at::native::binary_internal::MulFunctor<float>>, std::array<char *, (unsigned long)2>>(int, T2, T3)"
PyTorch:BasicsTransformerLM.layers.7.attn,PushPop,30,30,12,12,31360,2613.3,2592.0,2528,2784,72.6,"void at::native::elementwise_kernel<(int)128, (int)4, void at::native::gpu_kernel_impl_nocast<at::native::<unnamed>::CompareFunctor<long>>(at::TensorIteratorBase &, const T1 &)::[lambda(int) (instance 1)]>(int, T3)"
PyTorch:BasicsTransformerLM.layers.7.attn,PushPop,30,30,12,12,13120,1093.3,1024.0,960,1440,148.7,"void <unnamed>::elementwise_kernel_with_index<int, at::native::arange_cuda_out(const c10::Scalar &, const c10::Scalar &, const c10::Scalar &, at::Tensor &)::[lambda() (instance 1)]::operator ()() const::[lambda() (instance 4)]::operator ()() const::[lambda(long) (instance 1)]>(T1, T2, function_traits<T2>::result_type *)"
PyTorch:BasicsTransformerLM.layers.7.attn,PushPop,30,30,12,12,12608,1050.7,1040.0,928,1344,129.3,"void at::native::vectorized_elementwise_kernel<(int)4, at::native::FillFunctor<float>, std::array<char *, (unsigned long)1>>(int, T2, T3)"
PyTorch:BasicsTransformerLM.layers.7.attn.k_proj,PushPop,30,30,12,12,1124252,93687.7,93504.0,93344,95071,478.6,cutlass3x_sm100_simt_sgemm_f32_f32_f32_f32_f32_64x32x16_1x1x1_3_tnn_align1_bias_f32_relu
PyTorch:BasicsTransformerLM.layers.7.attn.output_proj,PushPop,30,30,12,12,1134587,94548.9,94272.0,93952,97376,919.4,cutlass3x_sm100_simt_sgemm_f32_f32_f32_f32_f32_64x32x16_1x1x1_3_tnn_align1_bias_f32_relu
PyTorch:BasicsTransformerLM.layers.7.attn.q_proj,PushPop,30,30,12,12,1125531,93794.3,93599.0,93376,95552,601.0,cutlass3x_sm100_simt_sgemm_f32_f32_f32_f32_f32_64x32x16_1x1x1_3_tnn_align1_bias_f32_relu
PyTorch:BasicsTransformerLM.layers.7.attn.v_proj,PushPop,30,30,12,12,1125822,93818.5,93568.0,93408,95264,523.1,cutlass3x_sm100_simt_sgemm_f32_f32_f32_f32_f32_64x32x16_1x1x1_3_tnn_align1_bias_f32_relu
PyTorch:BasicsTransformerLM.layers.7.ffn,PushPop,30,30,12,24,7513895,313079.0,312351.0,311839,321855,2360.3,cutlass3x_sm100_simt_sgemm_f32_f32_f32_f32_f32_64x128x16_1x1x1_3_tnn_align1_bias_f32_relu
PyTorch:BasicsTransformerLM.layers.7.ffn,PushPop,30,30,12,12,4329138,360761.5,360286.5,359550,366495,1873.5,cutlass3x_sm100_simt_sgemm_f32_f32_f32_f32_f32_64x32x16_1x1x1_3_tnn_align1_bias_f32_relu
PyTorch:BasicsTransformerLM.layers.7.ffn,PushPop,30,30,12,24,154686,6445.3,6559.5,5536,7296,728.5,"void at::native::vectorized_elementwise_kernel<(int)4, at::native::BinaryFunctor<float, float, float, at::native::binary_internal::MulFunctor<float>>, std::array<char *, (unsigned long)3>>(int, T2, T3)"
PyTorch:BasicsTransformerLM.layers.7.ffn,PushPop,30,30,12,12,70336,5861.3,5808.0,5696,6432,195.8,"void at::native::vectorized_elementwise_kernel<(int)4, at::native::sigmoid_kernel_cuda(at::TensorIteratorBase &)::[lambda() (instance 2)]::operator ()() const::[lambda() (instance 2)]::operator ()() const::[lambda(float) (instance 1)], std::array<char *, (unsigned long)2>>(int, T2, T3)"
PyTorch:BasicsTransformerLM.layers.7.ffn.w1,PushPop,30,30,12,12,3759220,313268.3,312399.0,312095,321855,2728.9,cutlass3x_sm100_simt_sgemm_f32_f32_f32_f32_f32_64x128x16_1x1x1_3_tnn_align1_bias_f32_relu
PyTorch:BasicsTransformerLM.layers.7.ffn.w2,PushPop,30,30,12,12,4329138,360761.5,360286.5,359550,366495,1873.5,cutlass3x_sm100_simt_sgemm_f32_f32_f32_f32_f32_64x32x16_1x1x1_3_tnn_align1_bias_f32_relu
PyTorch:BasicsTransformerLM.layers.7.ffn.w3,PushPop,30,30,12,12,3754675,312889.6,312319.0,311839,319199,2030.6,cutlass3x_sm100_simt_sgemm_f32_f32_f32_f32_f32_64x128x16_1x1x1_3_tnn_align1_bias_f32_relu
PyTorch:BasicsTransformerLM.layers.7.ln1,PushPop,30,30,12,24,113087,4712.0,4735.5,4608,4864,69.5,"void at::native::elementwise_kernel<(int)128, (int)2, void at::native::gpu_kernel_impl_nocast<at::native::BinaryFunctor<float, float, float, at::native::binary_internal::MulFunctor<float>>>(at::TensorIteratorBase &, const T1 &)::[lambda(int) (instance 1)]>(int, T3)"
PyTorch:BasicsTransformerLM.layers.7.ln1,PushPop,30,30,12,12,72832,6069.3,6064.0,6048,6112,24.9,"void at::native::reduce_kernel<(int)512, (int)1, at::native::ReduceOp<float, at::native::MeanOps<float, float, float, float>, unsigned int, float, (int)4, (int)4>>(T3)"
PyTorch:BasicsTransformerLM.layers.7.ln1,PushPop,30,30,12,12,29471,2455.9,2464.0,2368,2496,45.4,"void at::native::vectorized_elementwise_kernel<(int)4, void at::native::<unnamed>::pow_tensor_scalar_kernel_impl<float, float>(at::TensorIteratorBase &, T2)::[lambda(float) (instance 1)], std::array<char *, (unsigned long)2>>(int, T2, T3)"
PyTorch:BasicsTransformerLM.layers.7.ln1,PushPop,30,30,12,12,17696,1474.7,1440.0,1408,1696,80.1,"void at::native::vectorized_elementwise_kernel<(int)4, at::native::rsqrt_kernel_cuda(at::TensorIteratorBase &)::[lambda() (instance 2)]::operator ()() const::[lambda() (instance 2)]::operator ()() const::[lambda(float) (instance 1)], std::array<char *, (unsigned long)2>>(int, T2, T3)"
PyTorch:BasicsTransformerLM.layers.7.ln1,PushPop,30,30,12,12,17632,1469.3,1504.0,1312,1664,119.3,"void at::native::vectorized_elementwise_kernel<(int)4, at::native::CUDAFunctorOnSelf_add<float>, std::array<char *, (unsigned long)2>>(int, T2, T3)"
PyTorch:BasicsTransformerLM.layers.7.ln2,PushPop,30,30,12,24,112383,4682.6,4672.0,4576,4768,46.9,"void at::native::elementwise_kernel<(int)128, (int)2, void at::native::gpu_kernel_impl_nocast<at::native::BinaryFunctor<float, float, float, at::native::binary_internal::MulFunctor<float>>>(at::TensorIteratorBase &, const T1 &)::[lambda(int) (instance 1)]>(int, T3)"
PyTorch:BasicsTransformerLM.layers.7.ln2,PushPop,30,30,12,12,72992,6082.7,6080.0,5984,6176,55.4,"void at::native::reduce_kernel<(int)512, (int)1, at::native::ReduceOp<float, at::native::MeanOps<float, float, float, float>, unsigned int, float, (int)4, (int)4>>(T3)"
PyTorch:BasicsTransformerLM.layers.7.ln2,PushPop,30,30,12,12,29216,2434.7,2432.0,2336,2624,77.7,"void at::native::vectorized_elementwise_kernel<(int)4, void at::native::<unnamed>::pow_tensor_scalar_kernel_impl<float, float>(at::TensorIteratorBase &, T2)::[lambda(float) (instance 1)], std::array<char *, (unsigned long)2>>(int, T2, T3)"
PyTorch:BasicsTransformerLM.layers.7.ln2,PushPop,30,30,12,12,17536,1461.3,1520.0,1184,1632,150.3,"void at::native::vectorized_elementwise_kernel<(int)4, at::native::CUDAFunctorOnSelf_add<float>, std::array<char *, (unsigned long)2>>(int, T2, T3)"
PyTorch:BasicsTransformerLM.layers.7.ln2,PushPop,30,30,12,12,17311,1442.6,1440.0,1280,1536,63.2,"void at::native::vectorized_elementwise_kernel<(int)4, at::native::rsqrt_kernel_cuda(at::TensorIteratorBase &)::[lambda() (instance 2)]::operator ()() const::[lambda() (instance 2)]::operator ()() const::[lambda(float) (instance 1)], std::array<char *, (unsigned long)2>>(int, T2, T3)"
PyTorch:BasicsTransformerLM.layers.8,PushPop,30,30,12,60,8840418,147340.3,94032.0,93152,367455,107615.6,cutlass3x_sm100_simt_sgemm_f32_f32_f32_f32_f32_64x32x16_1x1x1_3_tnn_align1_bias_f32_relu
PyTorch:BasicsTransformerLM.layers.8,PushPop,30,30,12,24,7515205,313133.5,312415.0,311903,321502,2437.2,cutlass3x_sm100_simt_sgemm_f32_f32_f32_f32_f32_64x128x16_1x1x1_3_tnn_align1_bias_f32_relu
PyTorch:BasicsTransformerLM.layers.8,PushPop,30,30,12,144,548351,3808.0,3488.0,3072,4928,624.1,"void at::native::elementwise_kernel<(int)128, (int)2, void at::native::gpu_kernel_impl_nocast<at::native::BinaryFunctor<float, float, float, at::native::binary_internal::MulFunctor<float>>>(at::TensorIteratorBase &, const T1 &)::[lambda(int) (instance 1)]>(int, T3)"
PyTorch:BasicsTransformerLM.layers.8,PushPop,30,30,12,12,322431,26869.3,26880.0,26624,27200,140.8,cutlass3x_sm100_simt_sgemm_f32_f32_f32_f32_f32_128x64x16_1x1x1_3_tnn_align1_bias_f32_relu
PyTorch:BasicsTransformerLM.layers.8,PushPop,30,30,12,12,254815,21234.6,21199.5,21088,21760,178.2,cutlass3x_sm100_simt_sgemm_f32_f32_f32_f32_f32_64x32x16_1x1x1_3_nnn_align1_bias_f32_relu
PyTorch:BasicsTransformerLM.layers.8,PushPop,30,30,12,24,218367,9098.6,9088.0,8864,9407,142.3,"void at::native::<unnamed>::CatArrayBatchedCopy<at::native::<unnamed>::OpaqueType<(unsigned int)4>, unsigned int, (int)4, (int)64, (int)64>(T1 *, at::native::<unnamed>::CatArrInputTensorMetadata<T1, T2, T4, T5>, at::native::<unnamed>::TensorSizeStride<T2, (unsigned int)4>, int, T2)"
PyTorch:BasicsTransformerLM.layers.8,PushPop,30,30,12,72,183775,2552.4,2176.0,1984,4000,597.5,"void at::native::vectorized_elementwise_kernel<(int)4, at::native::CUDAFunctor_add<float>, std::array<char *, (unsigned long)3>>(int, T2, T3)"
PyTorch:BasicsTransformerLM.layers.8,PushPop,30,30,12,12,183071,15255.9,15232.0,15136,15488,95.6,"void at::native::elementwise_kernel<(int)128, (int)2, void at::native::gpu_kernel_impl_nocast<at::native::BinaryFunctor<float, float, float, at::native::binary_internal::DivFunctor<float>>>(at::TensorIteratorBase &, const T1 &)::[lambda(int) (instance 1)]>(int, T3)"
PyTorch:BasicsTransformerLM.layers.8,PushPop,30,30,12,12,158176,13181.3,13168.0,13056,13440,111.2,"void at::native::elementwise_kernel<(int)128, (int)2, void at::native::gpu_kernel_impl_nocast<at::native::<unnamed>::where_kernel_impl(at::TensorIterator &)::[lambda() (instance 1)]::operator ()() const::[lambda() (instance 11)]::operator ()() const::[lambda(bool, float, float) (instance 1)]>(at::TensorIteratorBase &, const T1 &)::[lambda(int) (instance 1)]>(int, T3)"
PyTorch:BasicsTransformerLM.layers.8,PushPop,30,30,12,12,157792,13149.3,13152.0,13056,13248,53.6,"void at::native::reduce_kernel<(int)512, (int)1, at::native::ReduceOp<float, at::native::MaxOps<float>, unsigned int, float, (int)4, (int)4>>(T3)"
PyTorch:BasicsTransformerLM.layers.8,PushPop,30,30,12,12,152736,12728.0,12720.0,12640,12832,59.7,"void at::native::elementwise_kernel<(int)128, (int)2, void at::native::gpu_kernel_impl_nocast<at::native::CUDAFunctor_add<float>>(at::TensorIteratorBase &, const T1 &)::[lambda(int) (instance 1)]>(int, T3)"
PyTorch:BasicsTransformerLM.layers.8,PushPop,30,30,12,24,152288,6345.3,6560.0,5536,7136,669.5,"void at::native::vectorized_elementwise_kernel<(int)4, at::native::BinaryFunctor<float, float, float, at::native::binary_internal::MulFunctor<float>>, std::array<char *, (unsigned long)3>>(int, T2, T3)"
PyTorch:BasicsTransformerLM.layers.8,PushPop,30,30,12,24,145503,6062.6,6048.0,5952,6272,64.0,"void at::native::reduce_kernel<(int)512, (int)1, at::native::ReduceOp<float, at::native::MeanOps<float, float, float, float>, unsigned int, float, (int)4, (int)4>>(T3)"
PyTorch:BasicsTransformerLM.layers.8,PushPop,30,30,12,24,134783,5616.0,5536.0,4576,6975,1030.5,"void at::native::elementwise_kernel<(int)128, (int)2, void at::native::gpu_kernel_impl_nocast<at::native::direct_copy_kernel_cuda(at::TensorIteratorBase &)::[lambda() (instance 3)]::operator ()() const::[lambda() (instance 7)]::operator ()() const::[lambda(float) (instance 1)]>(at::TensorIteratorBase &, const T1 &)::[lambda(int) (instance 1)]>(int, T3)"
PyTorch:BasicsTransformerLM.layers.8,PushPop,30,30,12,12,84544,7045.3,7024.0,6976,7232,68.0,"void at::native::reduce_kernel<(int)512, (int)1, at::native::ReduceOp<float, at::native::func_wrapper_t<float, at::native::sum_functor<float, float, float>::operator ()(at::TensorIterator &)::[lambda(float, float) (instance 1)]>, unsigned int, float, (int)4, (int)4>>(T3)"
PyTorch:BasicsTransformerLM.layers.8,PushPop,30,30,12,12,70432,5869.3,5760.0,5696,6432,248.4,"void at::native::vectorized_elementwise_kernel<(int)4, at::native::sigmoid_kernel_cuda(at::TensorIteratorBase &)::[lambda() (instance 2)]::operator ()() const::[lambda() (instance 2)]::operator ()() const::[lambda(float) (instance 1)], std::array<char *, (unsigned long)2>>(int, T2, T3)"
PyTorch:BasicsTransformerLM.layers.8,PushPop,30,30,12,12,63776,5314.7,5200.0,5088,6400,366.0,"void at::native::vectorized_elementwise_kernel<(int)4, at::native::exp_kernel_cuda(at::TensorIteratorBase &)::[lambda() (instance 2)]::operator ()() const::[lambda() (instance 2)]::operator ()() const::[lambda(float) (instance 1)], std::array<char *, (unsigned long)2>>(int, T2, T3)"
PyTorch:BasicsTransformerLM.layers.8,PushPop,30,30,12,12,60704,5058.7,5024.0,4896,5344,149.8,"void at::native::vectorized_elementwise_kernel<(int)4, at::native::BUnaryFunctor<float, float, float, at::native::binary_internal::MulFunctor<float>>, std::array<char *, (unsigned long)2>>(int, T2, T3)"
PyTorch:BasicsTransformerLM.layers.8,PushPop,30,30,12,24,57984,2416.0,2400.0,2304,2624,99.0,"void at::native::vectorized_elementwise_kernel<(int)4, void at::native::<unnamed>::pow_tensor_scalar_kernel_impl<float, float>(at::TensorIteratorBase &, T2)::[lambda(float) (instance 1)], std::array<char *, (unsigned long)2>>(int, T2, T3)"
PyTorch:BasicsTransformerLM.layers.8,PushPop,30,30,12,24,34720,1446.7,1472.0,1280,1600,67.4,"void at::native::vectorized_elementwise_kernel<(int)4, at::native::rsqrt_kernel_cuda(at::TensorIteratorBase &)::[lambda() (instance 2)]::operator ()() const::[lambda() (instance 2)]::operator ()() const::[lambda(float) (instance 1)], std::array<char *, (unsigned long)2>>(int, T2, T3)"
PyTorch:BasicsTransformerLM.layers.8,PushPop,30,30,12,24,34592,1441.3,1488.0,1152,1760,142.3,"void at::native::vectorized_elementwise_kernel<(int)4, at::native::CUDAFunctorOnSelf_add<float>, std::array<char *, (unsigned long)2>>(int, T2, T3)"
PyTorch:BasicsTransformerLM.layers.8,PushPop,30,30,12,12,31424,2618.7,2624.0,2464,2688,59.2,"void at::native::elementwise_kernel<(int)128, (int)4, void at::native::gpu_kernel_impl_nocast<at::native::<unnamed>::CompareFunctor<long>>(at::TensorIteratorBase &, const T1 &)::[lambda(int) (instance 1)]>(int, T3)"
PyTorch:BasicsTransformerLM.layers.8,PushPop,30,30,12,12,12736,1061.3,992.0,960,1440,141.0,"void <unnamed>::elementwise_kernel_with_index<int, at::native::arange_cuda_out(const c10::Scalar &, const c10::Scalar &, const c10::Scalar &, at::Tensor &)::[lambda() (instance 1)]::operator ()() const::[lambda() (instance 4)]::operator ()() const::[lambda(long) (instance 1)]>(T1, T2, function_traits<T2>::result_type *)"
PyTorch:BasicsTransformerLM.layers.8,PushPop,30,30,12,12,12640,1053.3,1088.0,896,1280,106.1,"void at::native::vectorized_elementwise_kernel<(int)4, at::native::FillFunctor<float>, std::array<char *, (unsigned long)1>>(int, T2, T3)"
PyTorch:BasicsTransformerLM.layers.8.attn,PushPop,30,30,12,48,4511311,93985.6,93791.5,93152,97695,716.9,cutlass3x_sm100_simt_sgemm_f32_f32_f32_f32_f32_64x32x16_1x1x1_3_tnn_align1_bias_f32_relu
PyTorch:BasicsTransformerLM.layers.8.attn,PushPop,30,30,12,96,324511,3380.3,3424.0,3072,3744,168.5,"void at::native::elementwise_kernel<(int)128, (int)2, void at::native::gpu_kernel_impl_nocast<at::native::BinaryFunctor<float, float, float, at::native::binary_internal::MulFunctor<float>>>(at::TensorIteratorBase &, const T1 &)::[lambda(int) (instance 1)]>(int, T3)"
PyTorch:BasicsTransformerLM.layers.8.attn,PushPop,30,30,12,12,322431,26869.3,26880.0,26624,27200,140.8,cutlass3x_sm100_simt_sgemm_f32_f32_f32_f32_f32_128x64x16_1x1x1_3_tnn_align1_bias_f32_relu
PyTorch:BasicsTransformerLM.layers.8.attn,PushPop,30,30,12,12,254815,21234.6,21199.5,21088,21760,178.2,cutlass3x_sm100_simt_sgemm_f32_f32_f32_f32_f32_64x32x16_1x1x1_3_nnn_align1_bias_f32_relu
PyTorch:BasicsTransformerLM.layers.8.attn,PushPop,30,30,12,24,218367,9098.6,9088.0,8864,9407,142.3,"void at::native::<unnamed>::CatArrayBatchedCopy<at::native::<unnamed>::OpaqueType<(unsigned int)4>, unsigned int, (int)4, (int)64, (int)64>(T1 *, at::native::<unnamed>::CatArrInputTensorMetadata<T1, T2, T4, T5>, at::native::<unnamed>::TensorSizeStride<T2, (unsigned int)4>, int, T2)"
PyTorch:BasicsTransformerLM.layers.8.attn,PushPop,30,30,12,12,183071,15255.9,15232.0,15136,15488,95.6,"void at::native::elementwise_kernel<(int)128, (int)2, void at::native::gpu_kernel_impl_nocast<at::native::BinaryFunctor<float, float, float, at::native::binary_internal::DivFunctor<float>>>(at::TensorIteratorBase &, const T1 &)::[lambda(int) (instance 1)]>(int, T3)"
PyTorch:BasicsTransformerLM.layers.8.attn,PushPop,30,30,12,12,158176,13181.3,13168.0,13056,13440,111.2,"void at::native::elementwise_kernel<(int)128, (int)2, void at::native::gpu_kernel_impl_nocast<at::native::<unnamed>::where_kernel_impl(at::TensorIterator &)::[lambda() (instance 1)]::operator ()() const::[lambda() (instance 11)]::operator ()() const::[lambda(bool, float, float) (instance 1)]>(at::TensorIteratorBase &, const T1 &)::[lambda(int) (instance 1)]>(int, T3)"
PyTorch:BasicsTransformerLM.layers.8.attn,PushPop,30,30,12,12,157792,13149.3,13152.0,13056,13248,53.6,"void at::native::reduce_kernel<(int)512, (int)1, at::native::ReduceOp<float, at::native::MaxOps<float>, unsigned int, float, (int)4, (int)4>>(T3)"
PyTorch:BasicsTransformerLM.layers.8.attn,PushPop,30,30,12,12,152736,12728.0,12720.0,12640,12832,59.7,"void at::native::elementwise_kernel<(int)128, (int)2, void at::native::gpu_kernel_impl_nocast<at::native::CUDAFunctor_add<float>>(at::TensorIteratorBase &, const T1 &)::[lambda(int) (instance 1)]>(int, T3)"
PyTorch:BasicsTransformerLM.layers.8.attn,PushPop,30,30,12,24,134783,5616.0,5536.0,4576,6975,1030.5,"void at::native::elementwise_kernel<(int)128, (int)2, void at::native::gpu_kernel_impl_nocast<at::native::direct_copy_kernel_cuda(at::TensorIteratorBase &)::[lambda() (instance 3)]::operator ()() const::[lambda() (instance 7)]::operator ()() const::[lambda(float) (instance 1)]>(at::TensorIteratorBase &, const T1 &)::[lambda(int) (instance 1)]>(int, T3)"
PyTorch:BasicsTransformerLM.layers.8.attn,PushPop,30,30,12,48,102752,2140.7,2144.0,1984,2208,55.7,"void at::native::vectorized_elementwise_kernel<(int)4, at::native::CUDAFunctor_add<float>, std::array<char *, (unsigned long)3>>(int, T2, T3)"
PyTorch:BasicsTransformerLM.layers.8.attn,PushPop,30,30,12,12,84544,7045.3,7024.0,6976,7232,68.0,"void at::native::reduce_kernel<(int)512, (int)1, at::native::ReduceOp<float, at::native::func_wrapper_t<float, at::native::sum_functor<float, float, float>::operator ()(at::TensorIterator &)::[lambda(float, float) (instance 1)]>, unsigned int, float, (int)4, (int)4>>(T3)"
PyTorch:BasicsTransformerLM.layers.8.attn,PushPop,30,30,12,12,63776,5314.7,5200.0,5088,6400,366.0,"void at::native::vectorized_elementwise_kernel<(int)4, at::native::exp_kernel_cuda(at::TensorIteratorBase &)::[lambda() (instance 2)]::operator ()() const::[lambda() (instance 2)]::operator ()() const::[lambda(float) (instance 1)], std::array<char *, (unsigned long)2>>(int, T2, T3)"
PyTorch:BasicsTransformerLM.layers.8.attn,PushPop,30,30,12,12,60704,5058.7,5024.0,4896,5344,149.8,"void at::native::vectorized_elementwise_kernel<(int)4, at::native::BUnaryFunctor<float, float, float, at::native::binary_internal::MulFunctor<float>>, std::array<char *, (unsigned long)2>>(int, T2, T3)"
PyTorch:BasicsTransformerLM.layers.8.attn,PushPop,30,30,12,12,31424,2618.7,2624.0,2464,2688,59.2,"void at::native::elementwise_kernel<(int)128, (int)4, void at::native::gpu_kernel_impl_nocast<at::native::<unnamed>::CompareFunctor<long>>(at::TensorIteratorBase &, const T1 &)::[lambda(int) (instance 1)]>(int, T3)"
PyTorch:BasicsTransformerLM.layers.8.attn,PushPop,30,30,12,12,12736,1061.3,992.0,960,1440,141.0,"void <unnamed>::elementwise_kernel_with_index<int, at::native::arange_cuda_out(const c10::Scalar &, const c10::Scalar &, const c10::Scalar &, at::Tensor &)::[lambda() (instance 1)]::operator ()() const::[lambda() (instance 4)]::operator ()() const::[lambda(long) (instance 1)]>(T1, T2, function_traits<T2>::result_type *)"
PyTorch:BasicsTransformerLM.layers.8.attn,PushPop,30,30,12,12,12640,1053.3,1088.0,896,1280,106.1,"void at::native::vectorized_elementwise_kernel<(int)4, at::native::FillFunctor<float>, std::array<char *, (unsigned long)1>>(int, T2, T3)"
PyTorch:BasicsTransformerLM.layers.8.attn.k_proj,PushPop,30,30,12,12,1127038,93919.8,93775.5,93440,95104,453.8,cutlass3x_sm100_simt_sgemm_f32_f32_f32_f32_f32_64x32x16_1x1x1_3_tnn_align1_bias_f32_relu
PyTorch:BasicsTransformerLM.layers.8.attn.output_proj,PushPop,30,30,12,12,1136220,94685.0,94431.0,94080,97695,967.7,cutlass3x_sm100_simt_sgemm_f32_f32_f32_f32_f32_64x32x16_1x1x1_3_tnn_align1_bias_f32_relu
PyTorch:BasicsTransformerLM.layers.8.attn.q_proj,PushPop,30,30,12,12,1124186,93682.2,93551.0,93280,94688,369.7,cutlass3x_sm100_simt_sgemm_f32_f32_f32_f32_f32_64x32x16_1x1x1_3_tnn_align1_bias_f32_relu
PyTorch:BasicsTransformerLM.layers.8.attn.v_proj,PushPop,30,30,12,12,1123867,93655.6,93551.5,93152,94655,399.1,cutlass3x_sm100_simt_sgemm_f32_f32_f32_f32_f32_64x32x16_1x1x1_3_tnn_align1_bias_f32_relu
PyTorch:BasicsTransformerLM.layers.8.ffn,PushPop,30,30,12,24,7515205,313133.5,312415.0,311903,321502,2437.2,cutlass3x_sm100_simt_sgemm_f32_f32_f32_f32_f32_64x128x16_1x1x1_3_tnn_align1_bias_f32_relu
PyTorch:BasicsTransformerLM.layers.8.ffn,PushPop,30,30,12,12,4329107,360758.9,360143.0,359775,367455,2125.9,cutlass3x_sm100_simt_sgemm_f32_f32_f32_f32_f32_64x32x16_1x1x1_3_tnn_align1_bias_f32_relu
PyTorch:BasicsTransformerLM.layers.8.ffn,PushPop,30,30,12,24,152288,6345.3,6560.0,5536,7136,669.5,"void at::native::vectorized_elementwise_kernel<(int)4, at::native::BinaryFunctor<float, float, float, at::native::binary_internal::MulFunctor<float>>, std::array<char *, (unsigned long)3>>(int, T2, T3)"
PyTorch:BasicsTransformerLM.layers.8.ffn,PushPop,30,30,12,12,70432,5869.3,5760.0,5696,6432,248.4,"void at::native::vectorized_elementwise_kernel<(int)4, at::native::sigmoid_kernel_cuda(at::TensorIteratorBase &)::[lambda() (instance 2)]::operator ()() const::[lambda() (instance 2)]::operator ()() const::[lambda(float) (instance 1)], std::array<char *, (unsigned long)2>>(int, T2, T3)"
PyTorch:BasicsTransformerLM.layers.8.ffn.w1,PushPop,30,30,12,12,3758611,313217.6,312495.0,311999,321502,2632.7,cutlass3x_sm100_simt_sgemm_f32_f32_f32_f32_f32_64x128x16_1x1x1_3_tnn_align1_bias_f32_relu
PyTorch:BasicsTransformerLM.layers.8.ffn.w2,PushPop,30,30,12,12,4329107,360758.9,360143.0,359775,367455,2125.9,cutlass3x_sm100_simt_sgemm_f32_f32_f32_f32_f32_64x32x16_1x1x1_3_tnn_align1_bias_f32_relu
PyTorch:BasicsTransformerLM.layers.8.ffn.w3,PushPop,30,30,12,12,3756594,313049.5,312367.0,311903,320350,2339.6,cutlass3x_sm100_simt_sgemm_f32_f32_f32_f32_f32_64x128x16_1x1x1_3_tnn_align1_bias_f32_relu
PyTorch:BasicsTransformerLM.layers.8.ln1,PushPop,30,30,12,24,111776,4657.3,4608.0,4544,4832,78.9,"void at::native::elementwise_kernel<(int)128, (int)2, void at::native::gpu_kernel_impl_nocast<at::native::BinaryFunctor<float, float, float, at::native::binary_internal::MulFunctor<float>>>(at::TensorIteratorBase &, const T1 &)::[lambda(int) (instance 1)]>(int, T3)"
PyTorch:BasicsTransformerLM.layers.8.ln1,PushPop,30,30,12,12,72512,6042.7,6032.0,5952,6176,59.2,"void at::native::reduce_kernel<(int)512, (int)1, at::native::ReduceOp<float, at::native::MeanOps<float, float, float, float>, unsigned int, float, (int)4, (int)4>>(T3)"
PyTorch:BasicsTransformerLM.layers.8.ln1,PushPop,30,30,12,12,29376,2448.0,2448.0,2304,2624,118.6,"void at::native::vectorized_elementwise_kernel<(int)4, void at::native::<unnamed>::pow_tensor_scalar_kernel_impl<float, float>(at::TensorIteratorBase &, T2)::[lambda(float) (instance 1)], std::array<char *, (unsigned long)2>>(int, T2, T3)"
PyTorch:BasicsTransformerLM.layers.8.ln1,PushPop,30,30,12,12,17760,1480.0,1520.0,1152,1760,149.5,"void at::native::vectorized_elementwise_kernel<(int)4, at::native::CUDAFunctorOnSelf_add<float>, std::array<char *, (unsigned long)2>>(int, T2, T3)"
PyTorch:BasicsTransformerLM.layers.8.ln1,PushPop,30,30,12,12,17472,1456.0,1472.0,1280,1600,72.8,"void at::native::vectorized_elementwise_kernel<(int)4, at::native::rsqrt_kernel_cuda(at::TensorIteratorBase &)::[lambda() (instance 2)]::operator ()() const::[lambda() (instance 2)]::operator ()() const::[lambda(float) (instance 1)], std::array<char *, (unsigned long)2>>(int, T2, T3)"
PyTorch:BasicsTransformerLM.layers.8.ln2,PushPop,30,30,12,24,112064,4669.3,4640.0,4576,4928,89.5,"void at::native::elementwise_kernel<(int)128, (int)2, void at::native::gpu_kernel_impl_nocast<at::native::BinaryFunctor<float, float, float, at::native::binary_internal::MulFunctor<float>>>(at::TensorIteratorBase &, const T1 &)::[lambda(int) (instance 1)]>(int, T3)"
PyTorch:BasicsTransformerLM.layers.8.ln2,PushPop,30,30,12,12,72991,6082.6,6048.0,6047,6272,64.7,"void at::native::reduce_kernel<(int)512, (int)1, at::native::ReduceOp<float, at::native::MeanOps<float, float, float, float>, unsigned int, float, (int)4, (int)4>>(T3)"
PyTorch:BasicsTransformerLM.layers.8.ln2,PushPop,30,30,12,12,28608,2384.0,2368.0,2304,2528,64.7,"void at::native::vectorized_elementwise_kernel<(int)4, void at::native::<unnamed>::pow_tensor_scalar_kernel_impl<float, float>(at::TensorIteratorBase &, T2)::[lambda(float) (instance 1)], std::array<char *, (unsigned long)2>>(int, T2, T3)"
PyTorch:BasicsTransformerLM.layers.8.ln2,PushPop,30,30,12,12,17248,1437.3,1456.0,1280,1504,63.2,"void at::native::vectorized_elementwise_kernel<(int)4, at::native::rsqrt_kernel_cuda(at::TensorIteratorBase &)::[lambda() (instance 2)]::operator ()() const::[lambda() (instance 2)]::operator ()() const::[lambda(float) (instance 1)], std::array<char *, (unsigned long)2>>(int, T2, T3)"
PyTorch:BasicsTransformerLM.layers.8.ln2,PushPop,30,30,12,12,16832,1402.7,1360.0,1184,1568,129.3,"void at::native::vectorized_elementwise_kernel<(int)4, at::native::CUDAFunctorOnSelf_add<float>, std::array<char *, (unsigned long)2>>(int, T2, T3)"
PyTorch:BasicsTransformerLM.layers.9,PushPop,30,30,12,60,8847778,147463.0,93951.5,93215,367071,107810.1,cutlass3x_sm100_simt_sgemm_f32_f32_f32_f32_f32_64x32x16_1x1x1_3_tnn_align1_bias_f32_relu
PyTorch:BasicsTransformerLM.layers.9,PushPop,30,30,12,24,7526184,313591.0,312463.0,311583,322015,2756.1,cutlass3x_sm100_simt_sgemm_f32_f32_f32_f32_f32_64x128x16_1x1x1_3_tnn_align1_bias_f32_relu
PyTorch:BasicsTransformerLM.layers.9,PushPop,30,30,12,144,552060,3833.8,3488.0,3104,4896,627.4,"void at::native::elementwise_kernel<(int)128, (int)2, void at::native::gpu_kernel_impl_nocast<at::native::BinaryFunctor<float, float, float, at::native::binary_internal::MulFunctor<float>>>(at::TensorIteratorBase &, const T1 &)::[lambda(int) (instance 1)]>(int, T3)"
PyTorch:BasicsTransformerLM.layers.9,PushPop,30,30,12,12,322752,26896.0,26848.0,26752,27264,143.4,cutlass3x_sm100_simt_sgemm_f32_f32_f32_f32_f32_128x64x16_1x1x1_3_tnn_align1_bias_f32_relu
PyTorch:BasicsTransformerLM.layers.9,PushPop,30,30,12,12,254047,21170.6,21087.5,20992,21792,236.9,cutlass3x_sm100_simt_sgemm_f32_f32_f32_f32_f32_64x32x16_1x1x1_3_nnn_align1_bias_f32_relu
PyTorch:BasicsTransformerLM.layers.9,PushPop,30,30,12,24,217536,9064.0,9072.0,8896,9344,123.5,"void at::native::<unnamed>::CatArrayBatchedCopy<at::native::<unnamed>::OpaqueType<(unsigned int)4>, unsigned int, (int)4, (int)64, (int)64>(T1 *, at::native::<unnamed>::CatArrInputTensorMetadata<T1, T2, T4, T5>, at::native::<unnamed>::TensorSizeStride<T2, (unsigned int)4>, int, T2)"
PyTorch:BasicsTransformerLM.layers.9,PushPop,30,30,12,12,184000,15333.3,15296.0,15168,15712,153.1,"void at::native::elementwise_kernel<(int)128, (int)2, void at::native::gpu_kernel_impl_nocast<at::native::BinaryFunctor<float, float, float, at::native::binary_internal::DivFunctor<float>>>(at::TensorIteratorBase &, const T1 &)::[lambda(int) (instance 1)]>(int, T3)"
PyTorch:BasicsTransformerLM.layers.9,PushPop,30,30,12,72,181856,2525.8,2144.0,1952,3616,625.3,"void at::native::vectorized_elementwise_kernel<(int)4, at::native::CUDAFunctor_add<float>, std::array<char *, (unsigned long)3>>(int, T2, T3)"
PyTorch:BasicsTransformerLM.layers.9,PushPop,30,30,12,12,159071,13255.9,13135.5,13024,14592,425.2,"void at::native::reduce_kernel<(int)512, (int)1, at::native::ReduceOp<float, at::native::MaxOps<float>, unsigned int, float, (int)4, (int)4>>(T3)"
PyTorch:BasicsTransformerLM.layers.9,PushPop,30,30,12,12,157471,13122.6,13136.0,12928,13248,99.7,"void at::native::elementwise_kernel<(int)128, (int)2, void at::native::gpu_kernel_impl_nocast<at::native::<unnamed>::where_kernel_impl(at::TensorIterator &)::[lambda() (instance 1)]::operator ()() const::[lambda() (instance 11)]::operator ()() const::[lambda(bool, float, float) (instance 1)]>(at::TensorIteratorBase &, const T1 &)::[lambda(int) (instance 1)]>(int, T3)"
PyTorch:BasicsTransformerLM.layers.9,PushPop,30,30,12,24,154624,6442.7,6592.0,5536,7488,717.0,"void at::native::vectorized_elementwise_kernel<(int)4, at::native::BinaryFunctor<float, float, float, at::native::binary_internal::MulFunctor<float>>, std::array<char *, (unsigned long)3>>(int, T2, T3)"
PyTorch:BasicsTransformerLM.layers.9,PushPop,30,30,12,12,152544,12712.0,12704.0,12640,12960,86.4,"void at::native::elementwise_kernel<(int)128, (int)2, void at::native::gpu_kernel_impl_nocast<at::native::CUDAFunctor_add<float>>(at::TensorIteratorBase &, const T1 &)::[lambda(int) (instance 1)]>(int, T3)"
PyTorch:BasicsTransformerLM.layers.9,PushPop,30,30,12,24,146112,6088.0,6080.0,6016,6176,45.5,"void at::native::reduce_kernel<(int)512, (int)1, at::native::ReduceOp<float, at::native::MeanOps<float, float, float, float>, unsigned int, float, (int)4, (int)4>>(T3)"
PyTorch:BasicsTransformerLM.layers.9,PushPop,30,30,12,24,135071,5628.0,5600.0,4608,6752,974.1,"void at::native::elementwise_kernel<(int)128, (int)2, void at::native::gpu_kernel_impl_nocast<at::native::direct_copy_kernel_cuda(at::TensorIteratorBase &)::[lambda() (instance 3)]::operator ()() const::[lambda() (instance 7)]::operator ()() const::[lambda(float) (instance 1)]>(at::TensorIteratorBase &, const T1 &)::[lambda(int) (instance 1)]>(int, T3)"
PyTorch:BasicsTransformerLM.layers.9,PushPop,30,30,12,12,84864,7072.0,7072.0,6912,7200,74.7,"void at::native::reduce_kernel<(int)512, (int)1, at::native::ReduceOp<float, at::native::func_wrapper_t<float, at::native::sum_functor<float, float, float>::operator ()(at::TensorIterator &)::[lambda(float, float) (instance 1)]>, unsigned int, float, (int)4, (int)4>>(T3)"
PyTorch:BasicsTransformerLM.layers.9,PushPop,30,30,12,12,70463,5871.9,5791.5,5696,6496,243.1,"void at::native::vectorized_elementwise_kernel<(int)4, at::native::sigmoid_kernel_cuda(at::TensorIteratorBase &)::[lambda() (instance 2)]::operator ()() const::[lambda() (instance 2)]::operator ()() const::[lambda(float) (instance 1)], std::array<char *, (unsigned long)2>>(int, T2, T3)"
PyTorch:BasicsTransformerLM.layers.9,PushPop,30,30,12,12,62880,5240.0,5200.0,5024,5568,164.4,"void at::native::vectorized_elementwise_kernel<(int)4, at::native::exp_kernel_cuda(at::TensorIteratorBase &)::[lambda() (instance 2)]::operator ()() const::[lambda() (instance 2)]::operator ()() const::[lambda(float) (instance 1)], std::array<char *, (unsigned long)2>>(int, T2, T3)"
PyTorch:BasicsTransformerLM.layers.9,PushPop,30,30,12,12,61536,5128.0,5056.0,4960,5600,183.1,"void at::native::vectorized_elementwise_kernel<(int)4, at::native::BUnaryFunctor<float, float, float, at::native::binary_internal::MulFunctor<float>>, std::array<char *, (unsigned long)2>>(int, T2, T3)"
PyTorch:BasicsTransformerLM.layers.9,PushPop,30,30,12,24,58879,2453.3,2432.0,2336,2624,75.3,"void at::native::vectorized_elementwise_kernel<(int)4, void at::native::<unnamed>::pow_tensor_scalar_kernel_impl<float, float>(at::TensorIteratorBase &, T2)::[lambda(float) (instance 1)], std::array<char *, (unsigned long)2>>(int, T2, T3)"
PyTorch:BasicsTransformerLM.layers.9,PushPop,30,30,12,24,36224,1509.3,1536.0,1184,1792,149.7,"void at::native::vectorized_elementwise_kernel<(int)4, at::native::CUDAFunctorOnSelf_add<float>, std::array<char *, (unsigned long)2>>(int, T2, T3)"
PyTorch:BasicsTransformerLM.layers.9,PushPop,30,30,12,24,35296,1470.7,1440.0,1280,1728,91.7,"void at::native::vectorized_elementwise_kernel<(int)4, at::native::rsqrt_kernel_cuda(at::TensorIteratorBase &)::[lambda() (instance 2)]::operator ()() const::[lambda() (instance 2)]::operator ()() const::[lambda(float) (instance 1)], std::array<char *, (unsigned long)2>>(int, T2, T3)"
PyTorch:BasicsTransformerLM.layers.9,PushPop,30,30,12,12,31072,2589.3,2576.0,2528,2752,70.2,"void at::native::elementwise_kernel<(int)128, (int)4, void at::native::gpu_kernel_impl_nocast<at::native::<unnamed>::CompareFunctor<long>>(at::TensorIteratorBase &, const T1 &)::[lambda(int) (instance 1)]>(int, T3)"
PyTorch:BasicsTransformerLM.layers.9,PushPop,30,30,12,12,12992,1082.7,1008.0,960,1248,114.8,"void <unnamed>::elementwise_kernel_with_index<int, at::native::arange_cuda_out(const c10::Scalar &, const c10::Scalar &, const c10::Scalar &, at::Tensor &)::[lambda() (instance 1)]::operator ()() const::[lambda() (instance 4)]::operator ()() const::[lambda(long) (instance 1)]>(T1, T2, function_traits<T2>::result_type *)"
PyTorch:BasicsTransformerLM.layers.9,PushPop,30,30,12,12,12736,1061.3,1104.0,896,1184,102.9,"void at::native::vectorized_elementwise_kernel<(int)4, at::native::FillFunctor<float>, std::array<char *, (unsigned long)1>>(int, T2, T3)"
PyTorch:BasicsTransformerLM.layers.9.attn,PushPop,30,30,12,48,4512592,94012.3,93808.0,93215,97472,759.0,cutlass3x_sm100_simt_sgemm_f32_f32_f32_f32_f32_64x32x16_1x1x1_3_tnn_align1_bias_f32_relu
PyTorch:BasicsTransformerLM.layers.9.attn,PushPop,30,30,12,96,326303,3399.0,3456.0,3104,3584,132.6,"void at::native::elementwise_kernel<(int)128, (int)2, void at::native::gpu_kernel_impl_nocast<at::native::BinaryFunctor<float, float, float, at::native::binary_internal::MulFunctor<float>>>(at::TensorIteratorBase &, const T1 &)::[lambda(int) (instance 1)]>(int, T3)"
PyTorch:BasicsTransformerLM.layers.9.attn,PushPop,30,30,12,12,322752,26896.0,26848.0,26752,27264,143.4,cutlass3x_sm100_simt_sgemm_f32_f32_f32_f32_f32_128x64x16_1x1x1_3_tnn_align1_bias_f32_relu
PyTorch:BasicsTransformerLM.layers.9.attn,PushPop,30,30,12,12,254047,21170.6,21087.5,20992,21792,236.9,cutlass3x_sm100_simt_sgemm_f32_f32_f32_f32_f32_64x32x16_1x1x1_3_nnn_align1_bias_f32_relu
PyTorch:BasicsTransformerLM.layers.9.attn,PushPop,30,30,12,24,217536,9064.0,9072.0,8896,9344,123.5,"void at::native::<unnamed>::CatArrayBatchedCopy<at::native::<unnamed>::OpaqueType<(unsigned int)4>, unsigned int, (int)4, (int)64, (int)64>(T1 *, at::native::<unnamed>::CatArrInputTensorMetadata<T1, T2, T4, T5>, at::native::<unnamed>::TensorSizeStride<T2, (unsigned int)4>, int, T2)"
PyTorch:BasicsTransformerLM.layers.9.attn,PushPop,30,30,12,12,184000,15333.3,15296.0,15168,15712,153.1,"void at::native::elementwise_kernel<(int)128, (int)2, void at::native::gpu_kernel_impl_nocast<at::native::BinaryFunctor<float, float, float, at::native::binary_internal::DivFunctor<float>>>(at::TensorIteratorBase &, const T1 &)::[lambda(int) (instance 1)]>(int, T3)"
PyTorch:BasicsTransformerLM.layers.9.attn,PushPop,30,30,12,12,159071,13255.9,13135.5,13024,14592,425.2,"void at::native::reduce_kernel<(int)512, (int)1, at::native::ReduceOp<float, at::native::MaxOps<float>, unsigned int, float, (int)4, (int)4>>(T3)"
PyTorch:BasicsTransformerLM.layers.9.attn,PushPop,30,30,12,12,157471,13122.6,13136.0,12928,13248,99.7,"void at::native::elementwise_kernel<(int)128, (int)2, void at::native::gpu_kernel_impl_nocast<at::native::<unnamed>::where_kernel_impl(at::TensorIterator &)::[lambda() (instance 1)]::operator ()() const::[lambda() (instance 11)]::operator ()() const::[lambda(bool, float, float) (instance 1)]>(at::TensorIteratorBase &, const T1 &)::[lambda(int) (instance 1)]>(int, T3)"
PyTorch:BasicsTransformerLM.layers.9.attn,PushPop,30,30,12,12,152544,12712.0,12704.0,12640,12960,86.4,"void at::native::elementwise_kernel<(int)128, (int)2, void at::native::gpu_kernel_impl_nocast<at::native::CUDAFunctor_add<float>>(at::TensorIteratorBase &, const T1 &)::[lambda(int) (instance 1)]>(int, T3)"
PyTorch:BasicsTransformerLM.layers.9.attn,PushPop,30,30,12,24,135071,5628.0,5600.0,4608,6752,974.1,"void at::native::elementwise_kernel<(int)128, (int)2, void at::native::gpu_kernel_impl_nocast<at::native::direct_copy_kernel_cuda(at::TensorIteratorBase &)::[lambda() (instance 3)]::operator ()() const::[lambda() (instance 7)]::operator ()() const::[lambda(float) (instance 1)]>(at::TensorIteratorBase &, const T1 &)::[lambda(int) (instance 1)]>(int, T3)"
PyTorch:BasicsTransformerLM.layers.9.attn,PushPop,30,30,12,48,100352,2090.7,2080.0,1952,2336,71.5,"void at::native::vectorized_elementwise_kernel<(int)4, at::native::CUDAFunctor_add<float>, std::array<char *, (unsigned long)3>>(int, T2, T3)"
PyTorch:BasicsTransformerLM.layers.9.attn,PushPop,30,30,12,12,84864,7072.0,7072.0,6912,7200,74.7,"void at::native::reduce_kernel<(int)512, (int)1, at::native::ReduceOp<float, at::native::func_wrapper_t<float, at::native::sum_functor<float, float, float>::operator ()(at::TensorIterator &)::[lambda(float, float) (instance 1)]>, unsigned int, float, (int)4, (int)4>>(T3)"
PyTorch:BasicsTransformerLM.layers.9.attn,PushPop,30,30,12,12,62880,5240.0,5200.0,5024,5568,164.4,"void at::native::vectorized_elementwise_kernel<(int)4, at::native::exp_kernel_cuda(at::TensorIteratorBase &)::[lambda() (instance 2)]::operator ()() const::[lambda() (instance 2)]::operator ()() const::[lambda(float) (instance 1)], std::array<char *, (unsigned long)2>>(int, T2, T3)"
PyTorch:BasicsTransformerLM.layers.9.attn,PushPop,30,30,12,12,61536,5128.0,5056.0,4960,5600,183.1,"void at::native::vectorized_elementwise_kernel<(int)4, at::native::BUnaryFunctor<float, float, float, at::native::binary_internal::MulFunctor<float>>, std::array<char *, (unsigned long)2>>(int, T2, T3)"
PyTorch:BasicsTransformerLM.layers.9.attn,PushPop,30,30,12,12,31072,2589.3,2576.0,2528,2752,70.2,"void at::native::elementwise_kernel<(int)128, (int)4, void at::native::gpu_kernel_impl_nocast<at::native::<unnamed>::CompareFunctor<long>>(at::TensorIteratorBase &, const T1 &)::[lambda(int) (instance 1)]>(int, T3)"
PyTorch:BasicsTransformerLM.layers.9.attn,PushPop,30,30,12,12,12992,1082.7,1008.0,960,1248,114.8,"void <unnamed>::elementwise_kernel_with_index<int, at::native::arange_cuda_out(const c10::Scalar &, const c10::Scalar &, const c10::Scalar &, at::Tensor &)::[lambda() (instance 1)]::operator ()() const::[lambda() (instance 4)]::operator ()() const::[lambda(long) (instance 1)]>(T1, T2, function_traits<T2>::result_type *)"
PyTorch:BasicsTransformerLM.layers.9.attn,PushPop,30,30,12,12,12736,1061.3,1104.0,896,1184,102.9,"void at::native::vectorized_elementwise_kernel<(int)4, at::native::FillFunctor<float>, std::array<char *, (unsigned long)1>>(int, T2, T3)"
PyTorch:BasicsTransformerLM.layers.9.attn.k_proj,PushPop,30,30,12,12,1125150,93762.5,93728.0,93407,94656,307.5,cutlass3x_sm100_simt_sgemm_f32_f32_f32_f32_f32_64x32x16_1x1x1_3_tnn_align1_bias_f32_relu
PyTorch:BasicsTransformerLM.layers.9.attn.output_proj,PushPop,30,30,12,12,1136762,94730.2,94208.0,94111,97472,1080.0,cutlass3x_sm100_simt_sgemm_f32_f32_f32_f32_f32_64x32x16_1x1x1_3_tnn_align1_bias_f32_relu
PyTorch:BasicsTransformerLM.layers.9.attn.q_proj,PushPop,30,30,12,12,1126876,93906.3,93776.0,93312,95424,526.8,cutlass3x_sm100_simt_sgemm_f32_f32_f32_f32_f32_64x32x16_1x1x1_3_tnn_align1_bias_f32_relu
PyTorch:BasicsTransformerLM.layers.9.attn.v_proj,PushPop,30,30,12,12,1123804,93650.3,93551.5,93215,94592,370.9,cutlass3x_sm100_simt_sgemm_f32_f32_f32_f32_f32_64x32x16_1x1x1_3_tnn_align1_bias_f32_relu
PyTorch:BasicsTransformerLM.layers.9.ffn,PushPop,30,30,12,24,7526184,313591.0,312463.0,311583,322015,2756.1,cutlass3x_sm100_simt_sgemm_f32_f32_f32_f32_f32_64x128x16_1x1x1_3_tnn_align1_bias_f32_relu
PyTorch:BasicsTransformerLM.layers.9.ffn,PushPop,30,30,12,12,4335186,361265.5,360415.0,359422,367071,2301.3,cutlass3x_sm100_simt_sgemm_f32_f32_f32_f32_f32_64x32x16_1x1x1_3_tnn_align1_bias_f32_relu
PyTorch:BasicsTransformerLM.layers.9.ffn,PushPop,30,30,12,24,154624,6442.7,6592.0,5536,7488,717.0,"void at::native::vectorized_elementwise_kernel<(int)4, at::native::BinaryFunctor<float, float, float, at::native::binary_internal::MulFunctor<float>>, std::array<char *, (unsigned long)3>>(int, T2, T3)"
PyTorch:BasicsTransformerLM.layers.9.ffn,PushPop,30,30,12,12,70463,5871.9,5791.5,5696,6496,243.1,"void at::native::vectorized_elementwise_kernel<(int)4, at::native::sigmoid_kernel_cuda(at::TensorIteratorBase &)::[lambda() (instance 2)]::operator ()() const::[lambda() (instance 2)]::operator ()() const::[lambda(float) (instance 1)], std::array<char *, (unsigned long)2>>(int, T2, T3)"
PyTorch:BasicsTransformerLM.layers.9.ffn.w1,PushPop,30,30,12,12,3765844,313820.3,312575.0,311583,322015,3191.7,cutlass3x_sm100_simt_sgemm_f32_f32_f32_f32_f32_64x128x16_1x1x1_3_tnn_align1_bias_f32_relu
PyTorch:BasicsTransformerLM.layers.9.ffn.w2,PushPop,30,30,12,12,4335186,361265.5,360415.0,359422,367071,2301.3,cutlass3x_sm100_simt_sgemm_f32_f32_f32_f32_f32_64x32x16_1x1x1_3_tnn_align1_bias_f32_relu
PyTorch:BasicsTransformerLM.layers.9.ffn.w3,PushPop,30,30,12,12,3760340,313361.7,312303.0,312031,319647,2362.5,cutlass3x_sm100_simt_sgemm_f32_f32_f32_f32_f32_64x128x16_1x1x1_3_tnn_align1_bias_f32_relu
PyTorch:BasicsTransformerLM.layers.9.ln1,PushPop,30,30,12,24,112798,4699.9,4672.0,4608,4864,57.6,"void at::native::elementwise_kernel<(int)128, (int)2, void at::native::gpu_kernel_impl_nocast<at::native::BinaryFunctor<float, float, float, at::native::binary_internal::MulFunctor<float>>>(at::TensorIteratorBase &, const T1 &)::[lambda(int) (instance 1)]>(int, T3)"
PyTorch:BasicsTransformerLM.layers.9.ln1,PushPop,30,30,12,12,73024,6085.3,6080.0,6016,6144,38.2,"void at::native::reduce_kernel<(int)512, (int)1, at::native::ReduceOp<float, at::native::MeanOps<float, float, float, float>, unsigned int, float, (int)4, (int)4>>(T3)"
PyTorch:BasicsTransformerLM.layers.9.ln1,PushPop,30,30,12,12,29759,2479.9,2480.0,2368,2624,75.4,"void at::native::vectorized_elementwise_kernel<(int)4, void at::native::<unnamed>::pow_tensor_scalar_kernel_impl<float, float>(at::TensorIteratorBase &, T2)::[lambda(float) (instance 1)], std::array<char *, (unsigned long)2>>(int, T2, T3)"
PyTorch:BasicsTransformerLM.layers.9.ln1,PushPop,30,30,12,12,18048,1504.0,1536.0,1184,1792,148.2,"void at::native::vectorized_elementwise_kernel<(int)4, at::native::CUDAFunctorOnSelf_add<float>, std::array<char *, (unsigned long)2>>(int, T2, T3)"
PyTorch:BasicsTransformerLM.layers.9.ln1,PushPop,30,30,12,12,17472,1456.0,1440.0,1280,1600,75.4,"void at::native::vectorized_elementwise_kernel<(int)4, at::native::rsqrt_kernel_cuda(at::TensorIteratorBase &)::[lambda() (instance 2)]::operator ()() const::[lambda() (instance 2)]::operator ()() const::[lambda(float) (instance 1)], std::array<char *, (unsigned long)2>>(int, T2, T3)"
PyTorch:BasicsTransformerLM.layers.9.ln2,PushPop,30,30,12,24,112959,4706.6,4703.5,4608,4896,65.3,"void at::native::elementwise_kernel<(int)128, (int)2, void at::native::gpu_kernel_impl_nocast<at::native::BinaryFunctor<float, float, float, at::native::binary_internal::MulFunctor<float>>>(at::TensorIteratorBase &, const T1 &)::[lambda(int) (instance 1)]>(int, T3)"
PyTorch:BasicsTransformerLM.layers.9.ln2,PushPop,30,30,12,12,73088,6090.7,6080.0,6016,6176,53.4,"void at::native::reduce_kernel<(int)512, (int)1, at::native::ReduceOp<float, at::native::MeanOps<float, float, float, float>, unsigned int, float, (int)4, (int)4>>(T3)"
PyTorch:BasicsTransformerLM.layers.9.ln2,PushPop,30,30,12,12,29120,2426.7,2400.0,2336,2560,68.0,"void at::native::vectorized_elementwise_kernel<(int)4, void at::native::<unnamed>::pow_tensor_scalar_kernel_impl<float, float>(at::TensorIteratorBase &, T2)::[lambda(float) (instance 1)], std::array<char *, (unsigned long)2>>(int, T2, T3)"
PyTorch:BasicsTransformerLM.layers.9.ln2,PushPop,30,30,12,12,18176,1514.7,1536.0,1184,1728,157.6,"void at::native::vectorized_elementwise_kernel<(int)4, at::native::CUDAFunctorOnSelf_add<float>, std::array<char *, (unsigned long)2>>(int, T2, T3)"
PyTorch:BasicsTransformerLM.layers.9.ln2,PushPop,30,30,12,12,17824,1485.3,1472.0,1280,1728,107.0,"void at::native::vectorized_elementwise_kernel<(int)4, at::native::rsqrt_kernel_cuda(at::TensorIteratorBase &)::[lambda() (instance 2)]::operator ()() const::[lambda() (instance 2)]::operator ()() const::[lambda(float) (instance 1)], std::array<char *, (unsigned long)2>>(int, T2, T3)"
PyTorch:BasicsTransformerLM.lm_head,PushPop,30,30,12,12,6250763,520896.9,519566.0,518942,535230,4522.8,cutlass3x_sm100_simt_sgemm_f32_f32_f32_f32_f32_128x64x16_1x1x1_3_tnn_align1_bias_f32_relu
PyTorch:BasicsTransformerLM.ln_final,PushPop,30,30,12,24,112702,4695.9,4688.0,4544,4864,94.0,"void at::native::elementwise_kernel<(int)128, (int)2, void at::native::gpu_kernel_impl_nocast<at::native::BinaryFunctor<float, float, float, at::native::binary_internal::MulFunctor<float>>>(at::TensorIteratorBase &, const T1 &)::[lambda(int) (instance 1)]>(int, T3)"
PyTorch:BasicsTransformerLM.ln_final,PushPop,30,30,12,12,72288,6024.0,6016.0,5952,6144,51.3,"void at::native::reduce_kernel<(int)512, (int)1, at::native::ReduceOp<float, at::native::MeanOps<float, float, float, float>, unsigned int, float, (int)4, (int)4>>(T3)"
PyTorch:BasicsTransformerLM.ln_final,PushPop,30,30,12,12,28896,2408.0,2416.0,2272,2592,100.4,"void at::native::vectorized_elementwise_kernel<(int)4, void at::native::<unnamed>::pow_tensor_scalar_kernel_impl<float, float>(at::TensorIteratorBase &, T2)::[lambda(float) (instance 1)], std::array<char *, (unsigned long)2>>(int, T2, T3)"
PyTorch:BasicsTransformerLM.ln_final,PushPop,30,30,12,12,17120,1426.7,1472.0,1248,1632,123.9,"void at::native::vectorized_elementwise_kernel<(int)4, at::native::rsqrt_kernel_cuda(at::TensorIteratorBase &)::[lambda() (instance 2)]::operator ()() const::[lambda() (instance 2)]::operator ()() const::[lambda(float) (instance 1)], std::array<char *, (unsigned long)2>>(int, T2, T3)"
PyTorch:BasicsTransformerLM.ln_final,PushPop,30,30,12,12,16928,1410.7,1440.0,1184,1696,187.8,"void at::native::vectorized_elementwise_kernel<(int)4, at::native::CUDAFunctorOnSelf_add<float>, std::array<char *, (unsigned long)2>>(int, T2, T3)"
PyTorch:BasicsTransformerLM.token_embeddings,PushPop,30,30,12,12,53856,4488.0,4384.0,4256,5088,264.3,"void at::native::vectorized_gather_kernel<(int)16, long>(char *, char *, T2 *, int, long, long, long, long, bool)"
PyTorch:torch.autograd.backward,PushPop,30,30,12,12,13568,1130.7,1120.0,960,1344,117.6,"void at::native::vectorized_elementwise_kernel<(int)4, at::native::FillFunctor<float>, std::array<char *, (unsigned long)1>>(int, T2, T3)"
