NVTX Range,Style,PID,TID,NVTX Inst,Kern Inst,Total Time (ns),Avg (ns),Med (ns),Min (ns),Max (ns),StdDev (ns),Kernel Name
,,343,343,0,2,3616,1808.0,1808.0,1696,1920,158.4,"void at::native::<unnamed>::distribution_elementwise_grid_stride_kernel<unsigned int, (int)4, void at::native::templates::cuda::random_from_to_kernel<at::CUDAGeneratorImpl *>(at::TensorIteratorBase &, unsigned long, long, T1)::[lambda() (instance 1)]::operator ()() const::[lambda() (instance 4)]::operator ()() const::[lambda(curandStatePhilox4_32_10 *) (instance 2)], void at::native::<unnamed>::distribution_nullary_kernel<long, unsigned int, uint4, at::CUDAGeneratorImpl *, void at::native::templates::cuda::random_from_to_kernel<at::CUDAGeneratorImpl *>(at::TensorIteratorBase &, unsigned long, long, T1)::[lambda() (instance 1)]::operator ()() const::[lambda() (instance 4)]::operator ()() const::[lambda(curandStatePhilox4_32_10 *) (instance 2)], void at::native::templates::cuda::random_from_to_kernel<at::CUDAGeneratorImpl *>(at::TensorIteratorBase &, unsigned long, long, T1)::[lambda() (instance 1)]::operator ()() const::[lambda() (instance 4)]::operator ()() const::[lambda(unsigned int) (instance 1)]>(at::TensorIteratorBase &, T4, const T5 &, T6)::[lambda(int, unsigned int) (instance 1)]>(long, at::PhiloxCudaState, T3, T4)"
,,343,363,0,3024,3213481933,1062659.4,516769.0,506369,1847330,636711.9,cutlass3x_sm100_simt_sgemm_f32_f32_f32_f32_f32_64x64x16_1x1x1_3_ntn_align1_bias_f32_relu
,,343,363,0,2604,2393091465,919005.9,495584.5,492833,3374629,606252.6,cutlass3x_sm100_simt_sgemm_f32_f32_f32_f32_f32_128x64x16_1x1x1_3_nnn_align1_bias_f32_relu
,,343,363,0,1296,1283180117,990108.1,1021345.0,923201,1028545,45767.0,"void at::native::elementwise_kernel<(int)128, (int)2, void at::native::gpu_kernel_impl_nocast<at::native::BinaryFunctor<float, float, float, at::native::binary_internal::DivFunctor<float>>>(at::TensorIteratorBase &, const T1 &)::[lambda(int) (instance 1)]>(int, T3)"
,,343,363,0,432,746258009,1727449.1,1727268.0,1725925,1729345,765.9,cutlass3x_sm100_simt_sgemm_f32_f32_f32_f32_f32_128x128x16_1x1x1_3_nnn_align1_bias_f32_relu
,,343,363,0,6096,668088114,109594.5,18624.0,1248,580769,190911.2,"void at::native::vectorized_elementwise_kernel<(int)4, at::native::BinaryFunctor<float, float, float, at::native::binary_internal::MulFunctor<float>>, std::array<char *, (unsigned long)3>>(int, T2, T3)"
,,343,363,0,432,524685122,1214548.9,1214498.0,1212258,1217089,921.6,cutlass3x_sm100_simt_sgemm_f32_f32_f32_f32_f32_128x128x16_1x1x1_3_tnn_align1_bias_f32_relu
,,343,363,0,432,384237244,889438.1,889378.0,888482,891361,479.0,"void at::native::elementwise_kernel<(int)128, (int)2, void at::native::gpu_kernel_impl_nocast<at::native::<unnamed>::where_kernel_impl(at::TensorIterator &)::[lambda() (instance 1)]::operator ()() const::[lambda() (instance 11)]::operator ()() const::[lambda(bool, float, float) (instance 1)]>(at::TensorIteratorBase &, const T1 &)::[lambda(int) (instance 1)]>(int, T3)"
,,343,363,0,444,384115023,865123.9,794274.0,792930,3413348,425028.6,cutlass3x_sm100_simt_sgemm_f32_f32_f32_f32_f32_128x64x16_1x1x1_3_ntn_align1_bias_f32_relu
,,343,363,0,432,378762109,876764.1,876738.5,874818,878881,748.1,"void at::native::elementwise_kernel<(int)128, (int)2, void at::native::gpu_kernel_impl_nocast<at::native::CUDAFunctor_add<float>>(at::TensorIteratorBase &, const T1 &)::[lambda(int) (instance 1)]>(int, T3)"
,,343,363,0,432,350050999,810303.2,810337.0,808961,811680,539.1,cutlass3x_sm100_simt_sgemm_f32_f32_f32_f32_f32_64x128x16_1x1x1_3_nnn_align1_bias_f32_relu
,,343,363,0,5652,346751912,61350.3,15424.0,7104,584258,150486.3,"void at::native::vectorized_elementwise_kernel<(int)4, at::native::CUDAFunctor_add<float>, std::array<char *, (unsigned long)3>>(int, T2, T3)"
,,343,363,0,432,337404611,781029.2,780802.0,780322,783362,613.2,cutlass3x_sm100_simt_sgemm_f32_f32_f32_f32_f32_64x128x16_1x1x1_3_ntn_align1_bias_f32_relu
,,343,363,0,900,336272538,373636.2,385121.0,95072,388928,56632.6,"void at::native::vectorized_elementwise_kernel<(int)4, at::native::neg_kernel_cuda(at::TensorIteratorBase &)::[lambda() (instance 2)]::operator ()() const::[lambda() (instance 7)]::operator ()() const::[lambda(float) (instance 1)], std::array<char *, (unsigned long)2>>(int, T2, T3)"
,,343,363,0,1764,209782300,118924.2,78240.0,12576,229728,106493.4,"void at::native::reduce_kernel<(int)512, (int)1, at::native::ReduceOp<float, at::native::func_wrapper_t<float, at::native::sum_functor<float, float, float>::operator ()(at::TensorIterator &)::[lambda(float, float) (instance 1)]>, unsigned int, float, (int)4, (int)4>>(T3)"
,,343,363,0,432,166155463,384619.1,384608.5,382049,387105,871.3,"void at::native::vectorized_elementwise_kernel<(int)4, at::native::BUnaryFunctor<float, float, float, at::native::binary_internal::MulFunctor<float>>, std::array<char *, (unsigned long)2>>(int, T2, T3)"
,,343,363,0,5628,134042148,23817.0,29920.0,9056,55296,10003.7,"void at::native::elementwise_kernel<(int)128, (int)2, void at::native::gpu_kernel_impl_nocast<at::native::direct_copy_kernel_cuda(at::TensorIteratorBase &)::[lambda() (instance 3)]::operator ()() const::[lambda() (instance 7)]::operator ()() const::[lambda(float) (instance 1)]>(at::TensorIteratorBase &, const T1 &)::[lambda(int) (instance 1)]>(int, T3)"
,,343,363,0,5220,115424284,22111.9,23520.0,12192,208993,10524.9,"void at::native::elementwise_kernel<(int)128, (int)2, void at::native::gpu_kernel_impl_nocast<at::native::BinaryFunctor<float, float, float, at::native::binary_internal::MulFunctor<float>>>(at::TensorIteratorBase &, const T1 &)::[lambda(int) (instance 1)]>(int, T3)"
,,343,363,0,900,77833623,86481.8,43392.0,832,180833,86871.0,"void at::native::vectorized_elementwise_kernel<(int)4, at::native::FillFunctor<float>, std::array<char *, (unsigned long)1>>(int, T2, T3)"
,,343,363,0,432,31780789,73566.6,73536.0,72576,75040,424.2,"void at::native::vectorized_elementwise_kernel<(int)4, at::native::sigmoid_backward_kernel_cuda(at::TensorIteratorBase &)::[lambda() (instance 2)]::operator ()() const::[lambda() (instance 2)]::operator ()() const::[lambda(float, float) (instance 1)], std::array<char *, (unsigned long)3>>(int, T2, T3)"
,,343,363,0,432,26445725,61217.0,61216.0,59936,62880,490.6,"void at::native::<unnamed>::CatArrayBatchedCopy<at::native::<unnamed>::OpaqueType<(unsigned int)4>, unsigned int, (int)4, (int)64, (int)64>(T1 *, at::native::<unnamed>::CatArrInputTensorMetadata<T1, T2, T4, T5>, at::native::<unnamed>::TensorSizeStride<T2, (unsigned int)4>, int, T2)"
,,343,363,0,888,19930057,22443.8,22720.0,1696,23104,2423.6,"void at::native::elementwise_kernel<(int)128, (int)2, void at::native::gpu_kernel_impl_nocast<at::native::BUnaryFunctor<float, float, float, at::native::binary_internal::MulFunctor<float>>>(at::TensorIteratorBase &, const T1 &)::[lambda(int) (instance 1)]>(int, T3)"
,,343,363,0,876,17892764,20425.5,20480.0,19168,21408,395.3,"void at::native::reduce_kernel<(int)128, (int)4, at::native::ReduceOp<float, at::native::func_wrapper_t<float, at::native::sum_functor<float, float, float>::operator ()(at::TensorIterator &)::[lambda(float, float) (instance 1)]>, unsigned int, float, (int)4, (int)4>>(T3)"
,,343,363,0,864,13599929,15740.7,15808.0,15168,16416,316.5,"void at::native::elementwise_kernel<(int)128, (int)2, void at::native::gpu_kernel_impl_nocast<at::native::neg_kernel_cuda(at::TensorIteratorBase &)::[lambda() (instance 2)]::operator ()() const::[lambda() (instance 7)]::operator ()() const::[lambda(float) (instance 1)]>(at::TensorIteratorBase &, const T1 &)::[lambda(int) (instance 1)]>(int, T3)"
,,343,363,0,1752,9388114,5358.5,5392.0,1504,9664,3629.2,"void at::native::vectorized_elementwise_kernel<(int)4, at::native::AUnaryFunctor<float, float, float, at::native::binary_internal::MulFunctor<float>>, std::array<char *, (unsigned long)2>>(int, T2, T3)"
,,343,363,0,444,5562250,12527.6,12544.0,10304,13888,399.8,"void at::native::_scatter_gather_elementwise_kernel<(int)128, (int)8, void at::native::_cuda_scatter_gather_internal_kernel<(bool)1, at::native::OpaqueType<(int)4>, long>::operator ()<at::native::TensorAssign>(at::TensorIterator &, long, long, long, const T1 &)::[lambda(int) (instance 1)]>(int, T3)"
,,343,363,0,432,5158186,11940.2,12064.0,10048,12896,590.4,"void at::native::<unnamed>::CatArrayBatchedCopy_vectorized<at::native::<unnamed>::OpaqueType<(unsigned int)4>, unsigned int, (int)1, (int)128, (int)1, (int)16, (int)4>(char *, at::native::<unnamed>::CatArrInputTensorMetadata<T1, T2, T4, T5>, at::native::<unnamed>::TensorSizeStride<T2, (unsigned int)4>, int, T2)"
,,343,363,0,876,1686242,1924.9,1888.0,1760,2400,106.2,"void at::native::vectorized_elementwise_kernel<(int)4, void at::native::<unnamed>::pow_tensor_scalar_kernel_impl<float, float>(at::TensorIteratorBase &, T2)::[lambda(float) (instance 2)], std::array<char *, (unsigned long)2>>(int, T2, T3)"
,,343,363,0,12,233474,19456.2,19456.0,18689,20096,412.6,"void <unnamed>::indexing_backward_kernel<float, (int)4>(const long *, const long *, const T1 *, T1 *, long, long, long, long, bool)"
,,343,363,0,12,130944,10912.0,10896.0,10624,11264,167.1,"void at::native::_scatter_gather_elementwise_kernel<(int)128, (int)8, void at::native::_cuda_scatter_gather_internal_kernel<(bool)1, float, long>::operator ()<at::native::ReduceAdd>(at::TensorIterator &, long, long, long, const T1 &)::[lambda(int) (instance 1)]>(int, T3)"
,,343,363,0,12,35584,2965.3,2976.0,2848,3104,77.6,"void at::native::vectorized_elementwise_kernel<(int)2, at::native::BUnaryFunctor<long, long, long, at::native::remainder_kernel_cuda(at::TensorIteratorBase &)::[lambda() (instance 1)]::operator ()() const::[lambda() (instance 4)]::operator ()() const::[lambda(long, long) (instance 1)]>, std::array<char *, (unsigned long)2>>(int, T2, T3)"
,,343,363,0,12,29376,2448.0,2432.0,2368,2560,53.7,"void at::native::vectorized_elementwise_kernel<(int)2, at::native::BUnaryFunctor<long, long, long, at::native::binary_internal::div_trunc_kernel_cuda(at::TensorIteratorBase &)::[lambda() (instance 1)]::operator ()() const::[lambda() (instance 4)]::operator ()() const::[lambda(long, long) (instance 1)]>, std::array<char *, (unsigned long)2>>(int, T2, T3)"
,,343,363,0,12,26112,2176.0,2144.0,2048,2400,104.8,"void at::native::vectorized_elementwise_kernel<(int)4, at::native::BinaryFunctor<float, float, float, at::native::binary_internal::DivFunctor<float>>, std::array<char *, (unsigned long)3>>(int, T2, T3)"
,,343,363,0,12,17824,1485.3,1472.0,1408,1696,76.5,"void at::native::vectorized_elementwise_kernel<(int)2, at::native::AUnaryFunctor<long, long, long, at::native::binary_internal::MulFunctor<long>>, std::array<char *, (unsigned long)2>>(int, T2, T3)"
,,343,363,0,12,14496,1208.0,1216.0,1184,1216,14.5,"void <unnamed>::elementwise_kernel_with_index<int, at::native::arange_cuda_out(const c10::Scalar &, const c10::Scalar &, const c10::Scalar &, at::Tensor &)::[lambda() (instance 1)]::operator ()() const::[lambda() (instance 4)]::operator ()() const::[lambda(long) (instance 1)]>(T1, T2, function_traits<T2>::result_type *)"
:backward,PushPop,343,343,12,12,11904,992.0,960.0,928,1184,77.2,"void at::native::vectorized_elementwise_kernel<(int)4, at::native::FillFunctor<float>, std::array<char *, (unsigned long)1>>(int, T2, T3)"
:forward,PushPop,343,343,12,1308,2086360288,1595076.7,1753442.0,1214083,3503459,313403.2,cutlass3x_sm100_simt_sgemm_f32_f32_f32_f32_f32_128x128x16_1x1x1_3_tnn_align1_bias_f32_relu
:forward,PushPop,343,343,12,1728,892520582,516505.0,514785.0,513537,540705,3467.7,cutlass3x_sm100_simt_sgemm_f32_f32_f32_f32_f32_64x128x16_1x1x1_3_tnn_align1_bias_f32_relu
:forward,PushPop,343,343,12,432,780122269,1805838.6,1805636.0,1802629,1824706,1659.7,cutlass3x_sm100_simt_sgemm_f32_f32_f32_f32_f32_128x64x16_1x1x1_3_tnn_align1_bias_f32_relu
:forward,PushPop,343,343,12,432,440948300,1020713.7,1020515.0,1018914,1031265,1097.2,"void at::native::elementwise_kernel<(int)128, (int)2, void at::native::gpu_kernel_impl_nocast<at::native::BinaryFunctor<float, float, float, at::native::binary_internal::DivFunctor<float>>>(at::TensorIteratorBase &, const T1 &)::[lambda(int) (instance 1)]>(int, T3)"
:forward,PushPop,343,343,12,432,383543679,887832.6,887682.0,886658,902208,1267.5,"void at::native::elementwise_kernel<(int)128, (int)2, void at::native::gpu_kernel_impl_nocast<at::native::<unnamed>::where_kernel_impl(at::TensorIterator &)::[lambda() (instance 1)]::operator ()() const::[lambda() (instance 11)]::operator ()() const::[lambda(bool, float, float) (instance 1)]>(at::TensorIteratorBase &, const T1 &)::[lambda(int) (instance 1)]>(int, T3)"
:forward,PushPop,343,343,12,432,381100375,882176.8,882114.0,879905,893633,1109.0,"void at::native::elementwise_kernel<(int)128, (int)2, void at::native::gpu_kernel_impl_nocast<at::native::CUDAFunctor_add<float>>(at::TensorIteratorBase &, const T1 &)::[lambda(int) (instance 1)]>(int, T3)"
:forward,PushPop,343,343,12,432,352059515,814952.6,814642.0,813090,832609,1389.7,cutlass3x_sm100_simt_sgemm_f32_f32_f32_f32_f32_64x128x16_1x1x1_3_nnn_align1_bias_f32_relu
:forward,PushPop,343,343,12,432,167458051,387634.4,387616.0,385120,390849,893.7,"void at::native::vectorized_elementwise_kernel<(int)4, at::native::BUnaryFunctor<float, float, float, at::native::binary_internal::MulFunctor<float>>, std::array<char *, (unsigned long)2>>(int, T2, T3)"
:forward,PushPop,343,343,12,432,166313048,384983.9,384897.0,382625,387520,881.8,"void at::native::vectorized_elementwise_kernel<(int)4, at::native::exp_kernel_cuda(at::TensorIteratorBase &)::[lambda() (instance 2)]::operator ()() const::[lambda() (instance 2)]::operator ()() const::[lambda(float) (instance 1)], std::array<char *, (unsigned long)2>>(int, T2, T3)"
:forward,PushPop,343,343,12,432,136490860,315951.1,315905.0,315105,320160,476.3,"void at::native::reduce_kernel<(int)512, (int)1, at::native::ReduceOp<float, at::native::MaxOps<float>, unsigned int, float, (int)4, (int)4>>(T3)"
:forward,PushPop,343,343,12,5208,99785856,19160.1,18560.0,14848,26592,3633.0,"void at::native::elementwise_kernel<(int)128, (int)2, void at::native::gpu_kernel_impl_nocast<at::native::BinaryFunctor<float, float, float, at::native::binary_internal::MulFunctor<float>>>(at::TensorIteratorBase &, const T1 &)::[lambda(int) (instance 1)]>(int, T3)"
:forward,PushPop,343,343,12,432,98585328,228206.8,228129.0,226848,230752,521.3,"void at::native::reduce_kernel<(int)512, (int)1, at::native::ReduceOp<float, at::native::func_wrapper_t<float, at::native::sum_functor<float, float, float>::operator ()(at::TensorIterator &)::[lambda(float, float) (instance 1)]>, unsigned int, float, (int)4, (int)4>>(T3)"
:forward,PushPop,343,343,12,864,63707897,73736.0,73856.0,71808,76064,983.8,"void at::native::vectorized_elementwise_kernel<(int)4, at::native::BinaryFunctor<float, float, float, at::native::binary_internal::MulFunctor<float>>, std::array<char *, (unsigned long)3>>(int, T2, T3)"
:forward,PushPop,343,343,12,864,46943994,54333.3,54304.0,53472,56064,324.5,"void at::native::<unnamed>::CatArrayBatchedCopy<at::native::<unnamed>::OpaqueType<(unsigned int)4>, unsigned int, (int)4, (int)64, (int)64>(T1 *, at::native::<unnamed>::CatArrInputTensorMetadata<T1, T2, T4, T5>, at::native::<unnamed>::TensorSizeStride<T2, (unsigned int)4>, int, T2)"
:forward,PushPop,343,343,12,864,26818739,31040.2,31536.0,29184,34624,1496.2,"void at::native::elementwise_kernel<(int)128, (int)2, void at::native::gpu_kernel_impl_nocast<at::native::direct_copy_kernel_cuda(at::TensorIteratorBase &)::[lambda() (instance 3)]::operator ()() const::[lambda() (instance 7)]::operator ()() const::[lambda(float) (instance 1)]>(at::TensorIteratorBase &, const T1 &)::[lambda(int) (instance 1)]>(int, T3)"
:forward,PushPop,343,343,12,2592,25681386,9907.9,6912.0,6496,17632,4337.0,"void at::native::vectorized_elementwise_kernel<(int)4, at::native::CUDAFunctor_add<float>, std::array<char *, (unsigned long)3>>(int, T2, T3)"
:forward,PushPop,343,343,12,432,21178568,49024.5,48992.0,47808,50784,440.8,"void at::native::vectorized_elementwise_kernel<(int)4, at::native::sigmoid_kernel_cuda(at::TensorIteratorBase &)::[lambda() (instance 2)]::operator ()() const::[lambda() (instance 2)]::operator ()() const::[lambda(float) (instance 1)], std::array<char *, (unsigned long)2>>(int, T2, T3)"
:forward,PushPop,343,343,12,876,8279667,9451.7,9472.0,8736,9984,178.9,"void at::native::vectorized_elementwise_kernel<(int)4, void at::native::<unnamed>::pow_tensor_scalar_kernel_impl<float, float>(at::TensorIteratorBase &, T2)::[lambda(float) (instance 1)], std::array<char *, (unsigned long)2>>(int, T2, T3)"
:forward,PushPop,343,343,12,876,6741965,7696.3,7648.0,6912,8992,393.0,"void at::native::reduce_kernel<(int)512, (int)1, at::native::ReduceOp<float, at::native::MeanOps<float, float, float, float>, unsigned int, float, (int)4, (int)4>>(T3)"
:forward,PushPop,343,343,12,432,3739590,8656.5,8640.0,8544,9152,76.7,"void at::native::elementwise_kernel<(int)128, (int)4, void at::native::gpu_kernel_impl_nocast<at::native::<unnamed>::CompareFunctor<long>>(at::TensorIteratorBase &, const T1 &)::[lambda(int) (instance 1)]>(int, T3)"
:forward,PushPop,343,343,12,876,1399171,1597.2,1568.0,1408,1856,70.6,"void at::native::vectorized_elementwise_kernel<(int)4, at::native::CUDAFunctorOnSelf_add<float>, std::array<char *, (unsigned long)2>>(int, T2, T3)"
:forward,PushPop,343,343,12,876,1316576,1502.9,1472.0,1408,1760,67.2,"void at::native::vectorized_elementwise_kernel<(int)4, at::native::rsqrt_kernel_cuda(at::TensorIteratorBase &)::[lambda() (instance 2)]::operator ()() const::[lambda() (instance 2)]::operator ()() const::[lambda(float) (instance 1)], std::array<char *, (unsigned long)2>>(int, T2, T3)"
:forward,PushPop,343,343,12,432,513440,1188.5,1152.0,1088,2080,83.6,"void <unnamed>::elementwise_kernel_with_index<int, at::native::arange_cuda_out(const c10::Scalar &, const c10::Scalar &, const c10::Scalar &, at::Tensor &)::[lambda() (instance 1)]::operator ()() const::[lambda() (instance 4)]::operator ()() const::[lambda(long) (instance 1)]>(T1, T2, function_traits<T2>::result_type *)"
:forward,PushPop,343,343,12,432,461410,1068.1,1024.0,928,2080,147.3,"void at::native::vectorized_elementwise_kernel<(int)4, at::native::FillFunctor<float>, std::array<char *, (unsigned long)1>>(int, T2, T3)"
:forward,PushPop,343,343,12,12,216065,18005.4,18144.0,15936,18497,667.7,"void at::native::vectorized_gather_kernel<(int)16, long>(char *, char *, T2 *, int, long, long, long, long, bool)"
:loss,PushPop,343,343,12,24,5007976,208665.7,208656.5,208097,209152,362.2,"void at::native::elementwise_kernel<(int)128, (int)2, void at::native::gpu_kernel_impl_nocast<at::native::CUDAFunctor_add<float>>(at::TensorIteratorBase &, const T1 &)::[lambda(int) (instance 1)]>(int, T3)"
:loss,PushPop,343,343,12,12,1406148,117179.0,117216.0,116865,117472,184.7,"void at::native::reduce_kernel<(int)512, (int)1, at::native::ReduceOp<float, at::native::MaxOps<float>, unsigned int, float, (int)4, (int)4>>(T3)"
:loss,PushPop,343,343,12,12,1131362,94280.2,94208.0,93440,95840,591.9,"void at::native::vectorized_elementwise_kernel<(int)4, at::native::exp_kernel_cuda(at::TensorIteratorBase &)::[lambda() (instance 2)]::operator ()() const::[lambda() (instance 2)]::operator ()() const::[lambda(float) (instance 1)], std::array<char *, (unsigned long)2>>(int, T2, T3)"
:loss,PushPop,343,343,12,12,1130976,94248.0,94224.0,93728,94976,437.7,"void at::native::vectorized_elementwise_kernel<(int)4, at::native::neg_kernel_cuda(at::TensorIteratorBase &)::[lambda() (instance 2)]::operator ()() const::[lambda() (instance 7)]::operator ()() const::[lambda(float) (instance 1)], std::array<char *, (unsigned long)2>>(int, T2, T3)"
:loss,PushPop,343,343,12,12,943971,78664.3,78704.5,78112,79328,386.4,"void at::native::reduce_kernel<(int)512, (int)1, at::native::ReduceOp<float, at::native::func_wrapper_t<float, at::native::sum_functor<float, float, float>::operator ()(at::TensorIterator &)::[lambda(float, float) (instance 1)]>, unsigned int, float, (int)4, (int)4>>(T3)"
:loss,PushPop,343,343,12,12,149537,12461.4,12384.0,12064,13089,282.0,"void at::native::_scatter_gather_elementwise_kernel<(int)128, (int)8, void at::native::_cuda_scatter_gather_internal_kernel<(bool)0, at::native::OpaqueType<(int)4>, long>::operator ()<at::native::TensorAssign>(at::TensorIterator &, long, long, long, const T1 &)::[lambda(int) (instance 1)]>(int, T3)"
:loss,PushPop,343,343,12,12,37697,3141.4,3040.0,2944,3552,210.8,"void at::native::reduce_kernel<(int)512, (int)1, at::native::ReduceOp<float, at::native::MeanOps<float, float, float, float>, unsigned int, float, (int)4, (int)4>>(T3)"
:loss,PushPop,343,343,12,12,23840,1986.7,1968.0,1952,2208,71.5,"void at::native::vectorized_elementwise_kernel<(int)4, at::native::log_kernel_cuda(at::TensorIteratorBase &)::[lambda() (instance 2)]::operator ()() const::[lambda() (instance 2)]::operator ()() const::[lambda(float) (instance 1)], std::array<char *, (unsigned long)2>>(int, T2, T3)"
:optim_step,PushPop,343,343,12,23544,101974042,4331.2,3168.0,960,17216,2868.4,"void at::native::vectorized_elementwise_kernel<(int)4, at::native::AUnaryFunctor<float, float, float, at::native::binary_internal::MulFunctor<float>>, std::array<char *, (unsigned long)2>>(int, T2, T3)"
:optim_step,PushPop,343,343,12,15696,65654622,4182.9,2592.0,928,21536,3074.5,"void at::native::vectorized_elementwise_kernel<(int)4, at::native::CUDAFunctor_add<float>, std::array<char *, (unsigned long)3>>(int, T2, T3)"
:optim_step,PushPop,343,343,12,7848,21126217,2691.9,1920.0,736,8256,1552.9,"void at::native::vectorized_elementwise_kernel<(int)4, at::native::FillFunctor<float>, std::array<char *, (unsigned long)1>>(int, T2, T3)"
:optim_step,PushPop,343,343,12,3924,19081157,4862.7,2848.0,1888,23264,3399.2,"void at::native::vectorized_elementwise_kernel<(int)4, at::native::BinaryFunctor<float, float, float, at::native::binary_internal::DivFunctor<float>>, std::array<char *, (unsigned long)3>>(int, T2, T3)"
:optim_step,PushPop,343,343,12,3924,17153314,4371.4,2336.0,928,17088,3471.5,"void at::native::vectorized_elementwise_kernel<(int)4, void at::native::<unnamed>::pow_tensor_scalar_kernel_impl<float, float>(at::TensorIteratorBase &, T2)::[lambda(float) (instance 1)], std::array<char *, (unsigned long)2>>(int, T2, T3)"
:optim_step,PushPop,343,343,12,3924,15727942,4008.1,2592.0,1216,17536,2662.6,"void at::native::vectorized_elementwise_kernel<(int)4, at::native::sqrt_kernel_cuda(at::TensorIteratorBase &)::[lambda() (instance 2)]::operator ()() const::[lambda() (instance 2)]::operator ()() const::[lambda(float) (instance 1)], std::array<char *, (unsigned long)2>>(int, T2, T3)"
:optim_step,PushPop,343,343,12,3924,13026396,3319.7,2304.0,1024,12160,2010.5,"void at::native::vectorized_elementwise_kernel<(int)4, at::native::CUDAFunctorOnSelf_add<float>, std::array<char *, (unsigned long)2>>(int, T2, T3)"
:timing,PushPop,343,343,1,218,347656464,1594754.4,1753237.0,1214083,3500874,314128.1,cutlass3x_sm100_simt_sgemm_f32_f32_f32_f32_f32_128x128x16_1x1x1_3_tnn_align1_bias_f32_relu
:timing,PushPop,343,343,1,288,148724961,516406.1,514786.0,513889,539361,3348.2,cutlass3x_sm100_simt_sgemm_f32_f32_f32_f32_f32_64x128x16_1x1x1_3_tnn_align1_bias_f32_relu
:timing,PushPop,343,343,1,72,130001484,1805576.2,1805461.0,1802629,1808293,1173.6,cutlass3x_sm100_simt_sgemm_f32_f32_f32_f32_f32_128x64x16_1x1x1_3_tnn_align1_bias_f32_relu
:timing,PushPop,343,343,1,72,73468400,1020394.4,1020403.0,1019426,1021283,464.8,"void at::native::elementwise_kernel<(int)128, (int)2, void at::native::gpu_kernel_impl_nocast<at::native::BinaryFunctor<float, float, float, at::native::binary_internal::DivFunctor<float>>>(at::TensorIteratorBase &, const T1 &)::[lambda(int) (instance 1)]>(int, T3)"
:timing,PushPop,343,343,1,76,64334674,846508.9,881922.5,208288,884291,151384.2,"void at::native::elementwise_kernel<(int)128, (int)2, void at::native::gpu_kernel_impl_nocast<at::native::CUDAFunctor_add<float>>(at::TensorIteratorBase &, const T1 &)::[lambda(int) (instance 1)]>(int, T3)"
:timing,PushPop,343,343,1,72,63907988,887610.9,887586.5,886658,888547,363.8,"void at::native::elementwise_kernel<(int)128, (int)2, void at::native::gpu_kernel_impl_nocast<at::native::<unnamed>::where_kernel_impl(at::TensorIterator &)::[lambda() (instance 1)]::operator ()() const::[lambda() (instance 11)]::operator ()() const::[lambda(bool, float, float) (instance 1)]>(at::TensorIteratorBase &, const T1 &)::[lambda(int) (instance 1)]>(int, T3)"
:timing,PushPop,343,343,1,72,58641571,814466.3,814418.5,813090,815490,424.4,cutlass3x_sm100_simt_sgemm_f32_f32_f32_f32_f32_64x128x16_1x1x1_3_nnn_align1_bias_f32_relu
:timing,PushPop,343,343,1,74,27911116,377177.2,385009.0,94240,387233,47351.3,"void at::native::vectorized_elementwise_kernel<(int)4, at::native::exp_kernel_cuda(at::TensorIteratorBase &)::[lambda() (instance 2)]::operator ()() const::[lambda() (instance 2)]::operator ()() const::[lambda(float) (instance 1)], std::array<char *, (unsigned long)2>>(int, T2, T3)"
:timing,PushPop,343,343,1,72,27903600,387550.0,387425.0,385985,389601,927.0,"void at::native::vectorized_elementwise_kernel<(int)4, at::native::BUnaryFunctor<float, float, float, at::native::binary_internal::MulFunctor<float>>, std::array<char *, (unsigned long)2>>(int, T2, T3)"
:timing,PushPop,343,343,1,74,22979073,310528.0,315856.5,117056,317153,32464.5,"void at::native::reduce_kernel<(int)512, (int)1, at::native::ReduceOp<float, at::native::MaxOps<float>, unsigned int, float, (int)4, (int)4>>(T3)"
:timing,PushPop,343,343,1,3924,17060531,4347.7,3168.0,1120,16512,2854.1,"void at::native::vectorized_elementwise_kernel<(int)4, at::native::AUnaryFunctor<float, float, float, at::native::binary_internal::MulFunctor<float>>, std::array<char *, (unsigned long)2>>(int, T2, T3)"
:timing,PushPop,343,343,1,868,16610642,19136.7,18592.0,14848,24896,3605.2,"void at::native::elementwise_kernel<(int)128, (int)2, void at::native::gpu_kernel_impl_nocast<at::native::BinaryFunctor<float, float, float, at::native::binary_internal::MulFunctor<float>>>(at::TensorIteratorBase &, const T1 &)::[lambda(int) (instance 1)]>(int, T3)"
:timing,PushPop,343,343,1,74,16580788,224064.7,228017.0,78241,229473,24432.1,"void at::native::reduce_kernel<(int)512, (int)1, at::native::ReduceOp<float, at::native::func_wrapper_t<float, at::native::sum_functor<float, float, float>::operator ()(at::TensorIterator &)::[lambda(float, float) (instance 1)]>, unsigned int, float, (int)4, (int)4>>(T3)"
:timing,PushPop,343,343,1,3048,15200971,4987.2,2624.0,960,20256,3846.0,"void at::native::vectorized_elementwise_kernel<(int)4, at::native::CUDAFunctor_add<float>, std::array<char *, (unsigned long)3>>(int, T2, T3)"
:timing,PushPop,343,343,1,144,10620030,73750.2,73904.5,71904,75584,1017.1,"void at::native::vectorized_elementwise_kernel<(int)4, at::native::BinaryFunctor<float, float, float, at::native::binary_internal::MulFunctor<float>>, std::array<char *, (unsigned long)3>>(int, T2, T3)"
:timing,PushPop,343,343,1,144,7817206,54286.2,54240.0,53696,55072,275.9,"void at::native::<unnamed>::CatArrayBatchedCopy<at::native::<unnamed>::OpaqueType<(unsigned int)4>, unsigned int, (int)4, (int)64, (int)64>(T1 *, at::native::<unnamed>::CatArrInputTensorMetadata<T1, T2, T4, T5>, at::native::<unnamed>::TensorSizeStride<T2, (unsigned int)4>, int, T2)"
:timing,PushPop,343,343,1,144,4466409,31016.7,31184.0,29216,32928,1505.0,"void at::native::elementwise_kernel<(int)128, (int)2, void at::native::gpu_kernel_impl_nocast<at::native::direct_copy_kernel_cuda(at::TensorIteratorBase &)::[lambda() (instance 3)]::operator ()() const::[lambda() (instance 7)]::operator ()() const::[lambda(float) (instance 1)]>(at::TensorIteratorBase &, const T1 &)::[lambda(int) (instance 1)]>(int, T3)"
:timing,PushPop,343,343,1,800,4235213,5294.0,2368.0,928,17088,3705.9,"void at::native::vectorized_elementwise_kernel<(int)4, void at::native::<unnamed>::pow_tensor_scalar_kernel_impl<float, float>(at::TensorIteratorBase &, T2)::[lambda(float) (instance 1)], std::array<char *, (unsigned long)2>>(int, T2, T3)"
:timing,PushPop,343,343,1,1382,3600073,2605.0,1920.0,768,8160,1539.6,"void at::native::vectorized_elementwise_kernel<(int)4, at::native::FillFunctor<float>, std::array<char *, (unsigned long)1>>(int, T2, T3)"
:timing,PushPop,343,343,1,72,3523850,48942.4,48880.0,47808,50208,442.7,"void at::native::vectorized_elementwise_kernel<(int)4, at::native::sigmoid_kernel_cuda(at::TensorIteratorBase &)::[lambda() (instance 2)]::operator ()() const::[lambda() (instance 2)]::operator ()() const::[lambda(float) (instance 1)], std::array<char *, (unsigned long)2>>(int, T2, T3)"
:timing,PushPop,343,343,1,654,3185994,4871.6,2848.0,1888,22464,3417.9,"void at::native::vectorized_elementwise_kernel<(int)4, at::native::BinaryFunctor<float, float, float, at::native::binary_internal::DivFunctor<float>>, std::array<char *, (unsigned long)3>>(int, T2, T3)"
:timing,PushPop,343,343,1,654,2624745,4013.4,2592.0,1376,17120,2659.4,"void at::native::vectorized_elementwise_kernel<(int)4, at::native::sqrt_kernel_cuda(at::TensorIteratorBase &)::[lambda() (instance 2)]::operator ()() const::[lambda() (instance 2)]::operator ()() const::[lambda(float) (instance 1)], std::array<char *, (unsigned long)2>>(int, T2, T3)"
:timing,PushPop,343,343,1,800,2398757,2998.4,2304.0,1152,12032,1930.9,"void at::native::vectorized_elementwise_kernel<(int)4, at::native::CUDAFunctorOnSelf_add<float>, std::array<char *, (unsigned long)2>>(int, T2, T3)"
:timing,PushPop,343,343,1,148,1129508,7631.8,7616.0,3040,8864,675.3,"void at::native::reduce_kernel<(int)512, (int)1, at::native::ReduceOp<float, at::native::MeanOps<float, float, float, float>, unsigned int, float, (int)4, (int)4>>(T3)"
:timing,PushPop,343,343,1,72,624993,8680.5,8672.0,8576,8864,60.8,"void at::native::elementwise_kernel<(int)128, (int)4, void at::native::gpu_kernel_impl_nocast<at::native::<unnamed>::CompareFunctor<long>>(at::TensorIteratorBase &, const T1 &)::[lambda(int) (instance 1)]>(int, T3)"
:timing,PushPop,343,343,1,146,218496,1496.5,1472.0,1408,1728,66.2,"void at::native::vectorized_elementwise_kernel<(int)4, at::native::rsqrt_kernel_cuda(at::TensorIteratorBase &)::[lambda() (instance 2)]::operator ()() const::[lambda() (instance 2)]::operator ()() const::[lambda(float) (instance 1)], std::array<char *, (unsigned long)2>>(int, T2, T3)"
:timing,PushPop,343,343,1,2,189824,94912.0,94912.0,94848,94976,90.5,"void at::native::vectorized_elementwise_kernel<(int)4, at::native::neg_kernel_cuda(at::TensorIteratorBase &)::[lambda() (instance 2)]::operator ()() const::[lambda() (instance 7)]::operator ()() const::[lambda(float) (instance 1)], std::array<char *, (unsigned long)2>>(int, T2, T3)"
:timing,PushPop,343,343,1,72,85536,1188.0,1152.0,1120,1376,64.7,"void <unnamed>::elementwise_kernel_with_index<int, at::native::arange_cuda_out(const c10::Scalar &, const c10::Scalar &, const c10::Scalar &, at::Tensor &)::[lambda() (instance 1)]::operator ()() const::[lambda() (instance 4)]::operator ()() const::[lambda(long) (instance 1)]>(T1, T2, function_traits<T2>::result_type *)"
:timing,PushPop,343,343,1,2,36032,18016.0,18016.0,17984,18048,45.3,"void at::native::vectorized_gather_kernel<(int)16, long>(char *, char *, T2 *, int, long, long, long, long, bool)"
:timing,PushPop,343,343,1,2,25408,12704.0,12704.0,12608,12800,135.8,"void at::native::_scatter_gather_elementwise_kernel<(int)128, (int)8, void at::native::_cuda_scatter_gather_internal_kernel<(bool)0, at::native::OpaqueType<(int)4>, long>::operator ()<at::native::TensorAssign>(at::TensorIterator &, long, long, long, const T1 &)::[lambda(int) (instance 1)]>(int, T3)"
:timing,PushPop,343,343,1,2,3936,1968.0,1968.0,1952,1984,22.6,"void at::native::vectorized_elementwise_kernel<(int)4, at::native::log_kernel_cuda(at::TensorIteratorBase &)::[lambda() (instance 2)]::operator ()() const::[lambda() (instance 2)]::operator ()() const::[lambda(float) (instance 1)], std::array<char *, (unsigned long)2>>(int, T2, T3)"
:warmup,PushPop,343,343,1,1090,1738703824,1595141.1,1753477.0,1214178,3503459,313402.5,cutlass3x_sm100_simt_sgemm_f32_f32_f32_f32_f32_128x128x16_1x1x1_3_tnn_align1_bias_f32_relu
:warmup,PushPop,343,343,1,1440,743795621,516524.7,514785.0,513537,540705,3491.9,cutlass3x_sm100_simt_sgemm_f32_f32_f32_f32_f32_64x128x16_1x1x1_3_tnn_align1_bias_f32_relu
:warmup,PushPop,343,343,1,360,650120785,1805891.1,1805730.5,1802980,1824706,1737.2,cutlass3x_sm100_simt_sgemm_f32_f32_f32_f32_f32_128x64x16_1x1x1_3_tnn_align1_bias_f32_relu
:warmup,PushPop,343,343,1,360,367479900,1020777.5,1020578.0,1018914,1031265,1173.9,"void at::native::elementwise_kernel<(int)128, (int)2, void at::native::gpu_kernel_impl_nocast<at::native::BinaryFunctor<float, float, float, at::native::binary_internal::DivFunctor<float>>>(at::TensorIteratorBase &, const T1 &)::[lambda(int) (instance 1)]>(int, T3)"
:warmup,PushPop,343,343,1,380,321773677,846772.8,882097.5,208097,893633,150597.4,"void at::native::elementwise_kernel<(int)128, (int)2, void at::native::gpu_kernel_impl_nocast<at::native::CUDAFunctor_add<float>>(at::TensorIteratorBase &, const T1 &)::[lambda(int) (instance 1)]>(int, T3)"
:warmup,PushPop,343,343,1,360,319635691,887876.9,887714.0,886688,902208,1375.0,"void at::native::elementwise_kernel<(int)128, (int)2, void at::native::gpu_kernel_impl_nocast<at::native::<unnamed>::where_kernel_impl(at::TensorIterator &)::[lambda() (instance 1)]::operator ()() const::[lambda() (instance 11)]::operator ()() const::[lambda(bool, float, float) (instance 1)]>(at::TensorIteratorBase &, const T1 &)::[lambda(int) (instance 1)]>(int, T3)"
:warmup,PushPop,343,343,1,360,293417944,815049.8,814673.5,813410,832609,1492.0,cutlass3x_sm100_simt_sgemm_f32_f32_f32_f32_f32_64x128x16_1x1x1_3_nnn_align1_bias_f32_relu
:warmup,PushPop,343,343,1,360,139554451,387651.3,387616.0,385120,390849,887.2,"void at::native::vectorized_elementwise_kernel<(int)4, at::native::BUnaryFunctor<float, float, float, at::native::binary_internal::MulFunctor<float>>, std::array<char *, (unsigned long)2>>(int, T2, T3)"
:warmup,PushPop,343,343,1,370,139533294,377117.0,384865.0,93440,387520,47236.9,"void at::native::vectorized_elementwise_kernel<(int)4, at::native::exp_kernel_cuda(at::TensorIteratorBase &)::[lambda() (instance 2)]::operator ()() const::[lambda() (instance 2)]::operator ()() const::[lambda(float) (instance 1)], std::array<char *, (unsigned long)2>>(int, T2, T3)"
:warmup,PushPop,343,343,1,370,114917935,310589.0,315905.0,116865,320160,32278.8,"void at::native::reduce_kernel<(int)512, (int)1, at::native::ReduceOp<float, at::native::MaxOps<float>, unsigned int, float, (int)4, (int)4>>(T3)"
:warmup,PushPop,343,343,1,19620,84913511,4327.9,3168.0,960,17216,2871.3,"void at::native::vectorized_elementwise_kernel<(int)4, at::native::AUnaryFunctor<float, float, float, at::native::binary_internal::MulFunctor<float>>, std::array<char *, (unsigned long)2>>(int, T2, T3)"
:warmup,PushPop,343,343,1,4340,83175214,19164.8,18544.5,14848,26592,3638.9,"void at::native::elementwise_kernel<(int)128, (int)2, void at::native::gpu_kernel_impl_nocast<at::native::BinaryFunctor<float, float, float, at::native::binary_internal::MulFunctor<float>>>(at::TensorIteratorBase &, const T1 &)::[lambda(int) (instance 1)]>(int, T3)"
:warmup,PushPop,343,343,1,370,82948511,224185.2,228129.0,78112,230752,24286.3,"void at::native::reduce_kernel<(int)512, (int)1, at::native::ReduceOp<float, at::native::func_wrapper_t<float, at::native::sum_functor<float, float, float>::operator ()(at::TensorIterator &)::[lambda(float, float) (instance 1)]>, unsigned int, float, (int)4, (int)4>>(T3)"
:warmup,PushPop,343,343,1,15240,76135037,4995.7,2624.0,928,21536,3841.9,"void at::native::vectorized_elementwise_kernel<(int)4, at::native::CUDAFunctor_add<float>, std::array<char *, (unsigned long)3>>(int, T2, T3)"
:warmup,PushPop,343,343,1,720,53087867,73733.1,73840.0,71808,76064,977.7,"void at::native::vectorized_elementwise_kernel<(int)4, at::native::BinaryFunctor<float, float, float, at::native::binary_internal::MulFunctor<float>>, std::array<char *, (unsigned long)3>>(int, T2, T3)"
:warmup,PushPop,343,343,1,720,39126788,54342.8,54304.0,53472,56064,332.8,"void at::native::<unnamed>::CatArrayBatchedCopy<at::native::<unnamed>::OpaqueType<(unsigned int)4>, unsigned int, (int)4, (int)64, (int)64>(T1 *, at::native::<unnamed>::CatArrInputTensorMetadata<T1, T2, T4, T5>, at::native::<unnamed>::TensorSizeStride<T2, (unsigned int)4>, int, T2)"
:warmup,PushPop,343,343,1,720,22352330,31044.9,31536.0,29184,34624,1495.5,"void at::native::elementwise_kernel<(int)128, (int)2, void at::native::gpu_kernel_impl_nocast<at::native::direct_copy_kernel_cuda(at::TensorIteratorBase &)::[lambda() (instance 3)]::operator ()() const::[lambda() (instance 7)]::operator ()() const::[lambda(float) (instance 1)]>(at::TensorIteratorBase &, const T1 &)::[lambda(int) (instance 1)]>(int, T3)"
:warmup,PushPop,343,343,1,4000,21197768,5299.4,2368.0,928,17088,3702.3,"void at::native::vectorized_elementwise_kernel<(int)4, void at::native::<unnamed>::pow_tensor_scalar_kernel_impl<float, float>(at::TensorIteratorBase &, T2)::[lambda(float) (instance 1)], std::array<char *, (unsigned long)2>>(int, T2, T3)"
:warmup,PushPop,343,343,1,6910,17999458,2604.8,1920.0,736,8256,1557.9,"void at::native::vectorized_elementwise_kernel<(int)4, at::native::FillFunctor<float>, std::array<char *, (unsigned long)1>>(int, T2, T3)"
:warmup,PushPop,343,343,1,360,17654718,49040.9,48992.5,48000,50784,439.2,"void at::native::vectorized_elementwise_kernel<(int)4, at::native::sigmoid_kernel_cuda(at::TensorIteratorBase &)::[lambda() (instance 2)]::operator ()() const::[lambda() (instance 2)]::operator ()() const::[lambda(float) (instance 1)], std::array<char *, (unsigned long)2>>(int, T2, T3)"
:warmup,PushPop,343,343,1,3270,15895163,4860.9,2880.0,1888,23264,3396.0,"void at::native::vectorized_elementwise_kernel<(int)4, at::native::BinaryFunctor<float, float, float, at::native::binary_internal::DivFunctor<float>>, std::array<char *, (unsigned long)3>>(int, T2, T3)"
:warmup,PushPop,343,343,1,3270,13103197,4007.1,2592.0,1216,17536,2663.6,"void at::native::vectorized_elementwise_kernel<(int)4, at::native::sqrt_kernel_cuda(at::TensorIteratorBase &)::[lambda() (instance 2)]::operator ()() const::[lambda() (instance 2)]::operator ()() const::[lambda(float) (instance 1)], std::array<char *, (unsigned long)2>>(int, T2, T3)"
:warmup,PushPop,343,343,1,4000,12026810,3006.7,2304.0,1024,12160,1937.2,"void at::native::vectorized_elementwise_kernel<(int)4, at::native::CUDAFunctorOnSelf_add<float>, std::array<char *, (unsigned long)2>>(int, T2, T3)"
:warmup,PushPop,343,343,1,740,5650154,7635.3,7648.0,2944,8992,652.0,"void at::native::reduce_kernel<(int)512, (int)1, at::native::ReduceOp<float, at::native::MeanOps<float, float, float, float>, unsigned int, float, (int)4, (int)4>>(T3)"
:warmup,PushPop,343,343,1,360,3114597,8651.7,8640.0,8544,9152,78.7,"void at::native::elementwise_kernel<(int)128, (int)4, void at::native::gpu_kernel_impl_nocast<at::native::<unnamed>::CompareFunctor<long>>(at::TensorIteratorBase &, const T1 &)::[lambda(int) (instance 1)]>(int, T3)"
:warmup,PushPop,343,343,1,730,1098080,1504.2,1472.0,1408,1760,67.3,"void at::native::vectorized_elementwise_kernel<(int)4, at::native::rsqrt_kernel_cuda(at::TensorIteratorBase &)::[lambda() (instance 2)]::operator ()() const::[lambda() (instance 2)]::operator ()() const::[lambda(float) (instance 1)], std::array<char *, (unsigned long)2>>(int, T2, T3)"
:warmup,PushPop,343,343,1,10,941152,94115.2,94064.0,93728,94688,340.1,"void at::native::vectorized_elementwise_kernel<(int)4, at::native::neg_kernel_cuda(at::TensorIteratorBase &)::[lambda() (instance 2)]::operator ()() const::[lambda() (instance 7)]::operator ()() const::[lambda(float) (instance 1)], std::array<char *, (unsigned long)2>>(int, T2, T3)"
:warmup,PushPop,343,343,1,360,427904,1188.6,1152.0,1088,2080,86.9,"void <unnamed>::elementwise_kernel_with_index<int, at::native::arange_cuda_out(const c10::Scalar &, const c10::Scalar &, const c10::Scalar &, at::Tensor &)::[lambda() (instance 1)]::operator ()() const::[lambda() (instance 4)]::operator ()() const::[lambda(long) (instance 1)]>(T1, T2, function_traits<T2>::result_type *)"
:warmup,PushPop,343,343,1,10,180033,18003.3,18208.0,15936,18497,738.0,"void at::native::vectorized_gather_kernel<(int)16, long>(char *, char *, T2 *, int, long, long, long, long, bool)"
:warmup,PushPop,343,343,1,10,124129,12412.9,12384.0,12064,13089,281.9,"void at::native::_scatter_gather_elementwise_kernel<(int)128, (int)8, void at::native::_cuda_scatter_gather_internal_kernel<(bool)0, at::native::OpaqueType<(int)4>, long>::operator ()<at::native::TensorAssign>(at::TensorIterator &, long, long, long, const T1 &)::[lambda(int) (instance 1)]>(int, T3)"
:warmup,PushPop,343,343,1,10,19904,1990.4,1968.0,1952,2208,78.1,"void at::native::vectorized_elementwise_kernel<(int)4, at::native::log_kernel_cuda(at::TensorIteratorBase &)::[lambda() (instance 2)]::operator ()() const::[lambda() (instance 2)]::operator ()() const::[lambda(float) (instance 1)], std::array<char *, (unsigned long)2>>(int, T2, T3)"
CCCL:cub::DeviceRadixSort,PushPop,343,363,12,24,175520,7313.3,7360.0,6784,7968,346.7,"void at_cuda_detail::cub::detail::radix_sort::DeviceRadixSortOnesweepKernel<at_cuda_detail::cub::detail::radix::policy_hub<long, at::cuda::cub::detail::OpaqueType<(int)8>, unsigned long long>::Policy1000, (at_cuda_detail::cub::SortOrder)0, long, at::cuda::cub::detail::OpaqueType<(int)8>, unsigned long long, int, int, at_cuda_detail::cub::detail::identity_decomposer_t>(T7 *, T7 *, T5 *, const T5 *, T3 *, const T3 *, T4 *, const T4 *, T6, int, int, T8)"
CCCL:cub::DeviceRadixSort,PushPop,343,363,12,12,32000,2666.7,2688.0,2528,2752,53.4,"void at_cuda_detail::cub::detail::radix_sort::DeviceRadixSortHistogramKernel<at_cuda_detail::cub::detail::radix::policy_hub<long, at::cuda::cub::detail::OpaqueType<(int)8>, unsigned long long>::Policy1000, (at_cuda_detail::cub::SortOrder)0, long, unsigned long long, at_cuda_detail::cub::detail::identity_decomposer_t>(T4 *, const T3 *, T4, int, int, T5)"
CCCL:cub::DeviceRadixSort,PushPop,343,363,12,12,16768,1397.3,1296.0,1216,1760,204.8,"void at_cuda_detail::cub::detail::radix_sort::DeviceRadixSortExclusiveSumKernel<at_cuda_detail::cub::detail::radix::policy_hub<long, at::cuda::cub::detail::OpaqueType<(int)8>, unsigned long long>::Policy1000, unsigned long long>(T2 *)"
PyTorch:BasicsTransformerLM.layers.0,PushPop,343,343,12,36,56845800,1579050.0,1753476.5,1215170,1801825,258484.8,cutlass3x_sm100_simt_sgemm_f32_f32_f32_f32_f32_128x128x16_1x1x1_3_tnn_align1_bias_f32_relu
PyTorch:BasicsTransformerLM.layers.0,PushPop,343,343,12,48,25254737,526140.4,524960.5,518017,540705,8116.5,cutlass3x_sm100_simt_sgemm_f32_f32_f32_f32_f32_64x128x16_1x1x1_3_tnn_align1_bias_f32_relu
PyTorch:BasicsTransformerLM.layers.0,PushPop,343,343,12,12,21689704,1807475.3,1806067.0,1804356,1824706,5534.7,cutlass3x_sm100_simt_sgemm_f32_f32_f32_f32_f32_128x64x16_1x1x1_3_tnn_align1_bias_f32_relu
PyTorch:BasicsTransformerLM.layers.0,PushPop,343,343,12,12,12247895,1020657.9,1019682.0,1018914,1031265,3373.4,"void at::native::elementwise_kernel<(int)128, (int)2, void at::native::gpu_kernel_impl_nocast<at::native::BinaryFunctor<float, float, float, at::native::binary_internal::DivFunctor<float>>>(at::TensorIteratorBase &, const T1 &)::[lambda(int) (instance 1)]>(int, T3)"
PyTorch:BasicsTransformerLM.layers.0,PushPop,343,343,12,12,10654679,887889.9,887585.0,886754,892801,1610.6,"void at::native::elementwise_kernel<(int)128, (int)2, void at::native::gpu_kernel_impl_nocast<at::native::<unnamed>::where_kernel_impl(at::TensorIterator &)::[lambda() (instance 1)]::operator ()() const::[lambda() (instance 11)]::operator ()() const::[lambda(bool, float, float) (instance 1)]>(at::TensorIteratorBase &, const T1 &)::[lambda(int) (instance 1)]>(int, T3)"
PyTorch:BasicsTransformerLM.layers.0,PushPop,343,343,12,12,10591316,882609.7,882065.5,880290,893633,3581.0,"void at::native::elementwise_kernel<(int)128, (int)2, void at::native::gpu_kernel_impl_nocast<at::native::CUDAFunctor_add<float>>(at::TensorIteratorBase &, const T1 &)::[lambda(int) (instance 1)]>(int, T3)"
PyTorch:BasicsTransformerLM.layers.0,PushPop,343,343,12,12,9787794,815649.5,814385.5,813090,832609,5383.8,cutlass3x_sm100_simt_sgemm_f32_f32_f32_f32_f32_64x128x16_1x1x1_3_nnn_align1_bias_f32_relu
PyTorch:BasicsTransformerLM.layers.0,PushPop,343,343,12,12,4649897,387491.4,387600.5,386017,388512,702.0,"void at::native::vectorized_elementwise_kernel<(int)4, at::native::BUnaryFunctor<float, float, float, at::native::binary_internal::MulFunctor<float>>, std::array<char *, (unsigned long)2>>(int, T2, T3)"
PyTorch:BasicsTransformerLM.layers.0,PushPop,343,343,12,12,4616617,384718.1,384736.5,383457,386145,810.0,"void at::native::vectorized_elementwise_kernel<(int)4, at::native::exp_kernel_cuda(at::TensorIteratorBase &)::[lambda() (instance 2)]::operator ()() const::[lambda() (instance 2)]::operator ()() const::[lambda(float) (instance 1)], std::array<char *, (unsigned long)2>>(int, T2, T3)"
PyTorch:BasicsTransformerLM.layers.0,PushPop,343,343,12,12,3794309,316192.4,315952.0,315264,319393,1036.1,"void at::native::reduce_kernel<(int)512, (int)1, at::native::ReduceOp<float, at::native::MaxOps<float>, unsigned int, float, (int)4, (int)4>>(T3)"
PyTorch:BasicsTransformerLM.layers.0,PushPop,343,343,12,144,2763301,19189.6,18512.0,14880,24832,3656.6,"void at::native::elementwise_kernel<(int)128, (int)2, void at::native::gpu_kernel_impl_nocast<at::native::BinaryFunctor<float, float, float, at::native::binary_internal::MulFunctor<float>>>(at::TensorIteratorBase &, const T1 &)::[lambda(int) (instance 1)]>(int, T3)"
PyTorch:BasicsTransformerLM.layers.0,PushPop,343,343,12,12,2735686,227973.8,227904.0,227489,228736,370.9,"void at::native::reduce_kernel<(int)512, (int)1, at::native::ReduceOp<float, at::native::func_wrapper_t<float, at::native::sum_functor<float, float, float>::operator ()(at::TensorIterator &)::[lambda(float, float) (instance 1)]>, unsigned int, float, (int)4, (int)4>>(T3)"
PyTorch:BasicsTransformerLM.layers.0,PushPop,343,343,12,24,1768898,73704.1,73456.0,72224,75520,1018.5,"void at::native::vectorized_elementwise_kernel<(int)4, at::native::BinaryFunctor<float, float, float, at::native::binary_internal::MulFunctor<float>>, std::array<char *, (unsigned long)3>>(int, T2, T3)"
PyTorch:BasicsTransformerLM.layers.0,PushPop,343,343,12,24,1306243,54426.8,54272.0,53952,55456,434.9,"void at::native::<unnamed>::CatArrayBatchedCopy<at::native::<unnamed>::OpaqueType<(unsigned int)4>, unsigned int, (int)4, (int)64, (int)64>(T1 *, at::native::<unnamed>::CatArrInputTensorMetadata<T1, T2, T4, T5>, at::native::<unnamed>::TensorSizeStride<T2, (unsigned int)4>, int, T2)"
PyTorch:BasicsTransformerLM.layers.0,PushPop,343,343,12,24,747777,31157.4,31472.0,29376,33088,1445.2,"void at::native::elementwise_kernel<(int)128, (int)2, void at::native::gpu_kernel_impl_nocast<at::native::direct_copy_kernel_cuda(at::TensorIteratorBase &)::[lambda() (instance 3)]::operator ()() const::[lambda() (instance 7)]::operator ()() const::[lambda(float) (instance 1)]>(at::TensorIteratorBase &, const T1 &)::[lambda(int) (instance 1)]>(int, T3)"
PyTorch:BasicsTransformerLM.layers.0,PushPop,343,343,12,72,712641,9897.8,6896.0,6688,16928,4373.3,"void at::native::vectorized_elementwise_kernel<(int)4, at::native::CUDAFunctor_add<float>, std::array<char *, (unsigned long)3>>(int, T2, T3)"
PyTorch:BasicsTransformerLM.layers.0,PushPop,343,343,12,12,590496,49208.0,49232.0,48384,50208,525.7,"void at::native::vectorized_elementwise_kernel<(int)4, at::native::sigmoid_kernel_cuda(at::TensorIteratorBase &)::[lambda() (instance 2)]::operator ()() const::[lambda() (instance 2)]::operator ()() const::[lambda(float) (instance 1)], std::array<char *, (unsigned long)2>>(int, T2, T3)"
PyTorch:BasicsTransformerLM.layers.0,PushPop,343,343,12,24,223104,9296.0,9280.0,8736,9856,320.3,"void at::native::vectorized_elementwise_kernel<(int)4, void at::native::<unnamed>::pow_tensor_scalar_kernel_impl<float, float>(at::TensorIteratorBase &, T2)::[lambda(float) (instance 1)], std::array<char *, (unsigned long)2>>(int, T2, T3)"
PyTorch:BasicsTransformerLM.layers.0,PushPop,343,343,12,24,184384,7682.7,7712.0,6912,8288,353.2,"void at::native::reduce_kernel<(int)512, (int)1, at::native::ReduceOp<float, at::native::MeanOps<float, float, float, float>, unsigned int, float, (int)4, (int)4>>(T3)"
PyTorch:BasicsTransformerLM.layers.0,PushPop,343,343,12,12,103872,8656.0,8656.0,8544,8768,75.4,"void at::native::elementwise_kernel<(int)128, (int)4, void at::native::gpu_kernel_impl_nocast<at::native::<unnamed>::CompareFunctor<long>>(at::TensorIteratorBase &, const T1 &)::[lambda(int) (instance 1)]>(int, T3)"
PyTorch:BasicsTransformerLM.layers.0,PushPop,343,343,12,24,37440,1560.0,1552.0,1408,1792,97.3,"void at::native::vectorized_elementwise_kernel<(int)4, at::native::CUDAFunctorOnSelf_add<float>, std::array<char *, (unsigned long)2>>(int, T2, T3)"
PyTorch:BasicsTransformerLM.layers.0,PushPop,343,343,12,24,35808,1492.0,1472.0,1408,1696,70.5,"void at::native::vectorized_elementwise_kernel<(int)4, at::native::rsqrt_kernel_cuda(at::TensorIteratorBase &)::[lambda() (instance 2)]::operator ()() const::[lambda() (instance 2)]::operator ()() const::[lambda(float) (instance 1)], std::array<char *, (unsigned long)2>>(int, T2, T3)"
PyTorch:BasicsTransformerLM.layers.0,PushPop,343,343,12,12,14528,1210.7,1168.0,1120,1344,89.3,"void <unnamed>::elementwise_kernel_with_index<int, at::native::arange_cuda_out(const c10::Scalar &, const c10::Scalar &, const c10::Scalar &, at::Tensor &)::[lambda() (instance 1)]::operator ()() const::[lambda() (instance 4)]::operator ()() const::[lambda(long) (instance 1)]>(T1, T2, function_traits<T2>::result_type *)"
PyTorch:BasicsTransformerLM.layers.0,PushPop,343,343,12,12,12672,1056.0,960.0,928,1248,126.5,"void at::native::vectorized_elementwise_kernel<(int)4, at::native::FillFunctor<float>, std::array<char *, (unsigned long)1>>(int, T2, T3)"
PyTorch:BasicsTransformerLM.layers.0.attn,PushPop,343,343,12,48,25254737,526140.4,524960.5,518017,540705,8116.5,cutlass3x_sm100_simt_sgemm_f32_f32_f32_f32_f32_64x128x16_1x1x1_3_tnn_align1_bias_f32_relu
PyTorch:BasicsTransformerLM.layers.0.attn,PushPop,343,343,12,12,14626233,1218852.8,1216322.5,1215170,1248033,9211.5,cutlass3x_sm100_simt_sgemm_f32_f32_f32_f32_f32_128x128x16_1x1x1_3_tnn_align1_bias_f32_relu
PyTorch:BasicsTransformerLM.layers.0.attn,PushPop,343,343,12,12,12247895,1020657.9,1019682.0,1018914,1031265,3373.4,"void at::native::elementwise_kernel<(int)128, (int)2, void at::native::gpu_kernel_impl_nocast<at::native::BinaryFunctor<float, float, float, at::native::binary_internal::DivFunctor<float>>>(at::TensorIteratorBase &, const T1 &)::[lambda(int) (instance 1)]>(int, T3)"
PyTorch:BasicsTransformerLM.layers.0.attn,PushPop,343,343,12,12,10654679,887889.9,887585.0,886754,892801,1610.6,"void at::native::elementwise_kernel<(int)128, (int)2, void at::native::gpu_kernel_impl_nocast<at::native::<unnamed>::where_kernel_impl(at::TensorIterator &)::[lambda() (instance 1)]::operator ()() const::[lambda() (instance 11)]::operator ()() const::[lambda(bool, float, float) (instance 1)]>(at::TensorIteratorBase &, const T1 &)::[lambda(int) (instance 1)]>(int, T3)"
PyTorch:BasicsTransformerLM.layers.0.attn,PushPop,343,343,12,12,10591316,882609.7,882065.5,880290,893633,3581.0,"void at::native::elementwise_kernel<(int)128, (int)2, void at::native::gpu_kernel_impl_nocast<at::native::CUDAFunctor_add<float>>(at::TensorIteratorBase &, const T1 &)::[lambda(int) (instance 1)]>(int, T3)"
PyTorch:BasicsTransformerLM.layers.0.attn,PushPop,343,343,12,12,9787794,815649.5,814385.5,813090,832609,5383.8,cutlass3x_sm100_simt_sgemm_f32_f32_f32_f32_f32_64x128x16_1x1x1_3_nnn_align1_bias_f32_relu
PyTorch:BasicsTransformerLM.layers.0.attn,PushPop,343,343,12,12,4649897,387491.4,387600.5,386017,388512,702.0,"void at::native::vectorized_elementwise_kernel<(int)4, at::native::BUnaryFunctor<float, float, float, at::native::binary_internal::MulFunctor<float>>, std::array<char *, (unsigned long)2>>(int, T2, T3)"
PyTorch:BasicsTransformerLM.layers.0.attn,PushPop,343,343,12,12,4616617,384718.1,384736.5,383457,386145,810.0,"void at::native::vectorized_elementwise_kernel<(int)4, at::native::exp_kernel_cuda(at::TensorIteratorBase &)::[lambda() (instance 2)]::operator ()() const::[lambda() (instance 2)]::operator ()() const::[lambda(float) (instance 1)], std::array<char *, (unsigned long)2>>(int, T2, T3)"
PyTorch:BasicsTransformerLM.layers.0.attn,PushPop,343,343,12,12,3794309,316192.4,315952.0,315264,319393,1036.1,"void at::native::reduce_kernel<(int)512, (int)1, at::native::ReduceOp<float, at::native::MaxOps<float>, unsigned int, float, (int)4, (int)4>>(T3)"
PyTorch:BasicsTransformerLM.layers.0.attn,PushPop,343,343,12,12,2735686,227973.8,227904.0,227489,228736,370.9,"void at::native::reduce_kernel<(int)512, (int)1, at::native::ReduceOp<float, at::native::func_wrapper_t<float, at::native::sum_functor<float, float, float>::operator ()(at::TensorIterator &)::[lambda(float, float) (instance 1)]>, unsigned int, float, (int)4, (int)4>>(T3)"
PyTorch:BasicsTransformerLM.layers.0.attn,PushPop,343,343,12,96,1614179,16814.4,16560.0,14880,19936,1727.0,"void at::native::elementwise_kernel<(int)128, (int)2, void at::native::gpu_kernel_impl_nocast<at::native::BinaryFunctor<float, float, float, at::native::binary_internal::MulFunctor<float>>>(at::TensorIteratorBase &, const T1 &)::[lambda(int) (instance 1)]>(int, T3)"
PyTorch:BasicsTransformerLM.layers.0.attn,PushPop,343,343,12,24,1306243,54426.8,54272.0,53952,55456,434.9,"void at::native::<unnamed>::CatArrayBatchedCopy<at::native::<unnamed>::OpaqueType<(unsigned int)4>, unsigned int, (int)4, (int)64, (int)64>(T1 *, at::native::<unnamed>::CatArrInputTensorMetadata<T1, T2, T4, T5>, at::native::<unnamed>::TensorSizeStride<T2, (unsigned int)4>, int, T2)"
PyTorch:BasicsTransformerLM.layers.0.attn,PushPop,343,343,12,24,747777,31157.4,31472.0,29376,33088,1445.2,"void at::native::elementwise_kernel<(int)128, (int)2, void at::native::gpu_kernel_impl_nocast<at::native::direct_copy_kernel_cuda(at::TensorIteratorBase &)::[lambda() (instance 3)]::operator ()() const::[lambda() (instance 7)]::operator ()() const::[lambda(float) (instance 1)]>(at::TensorIteratorBase &, const T1 &)::[lambda(int) (instance 1)]>(int, T3)"
PyTorch:BasicsTransformerLM.layers.0.attn,PushPop,343,343,12,48,327840,6830.0,6816.0,6688,7040,93.1,"void at::native::vectorized_elementwise_kernel<(int)4, at::native::CUDAFunctor_add<float>, std::array<char *, (unsigned long)3>>(int, T2, T3)"
PyTorch:BasicsTransformerLM.layers.0.attn,PushPop,343,343,12,12,103872,8656.0,8656.0,8544,8768,75.4,"void at::native::elementwise_kernel<(int)128, (int)4, void at::native::gpu_kernel_impl_nocast<at::native::<unnamed>::CompareFunctor<long>>(at::TensorIteratorBase &, const T1 &)::[lambda(int) (instance 1)]>(int, T3)"
PyTorch:BasicsTransformerLM.layers.0.attn,PushPop,343,343,12,12,14528,1210.7,1168.0,1120,1344,89.3,"void <unnamed>::elementwise_kernel_with_index<int, at::native::arange_cuda_out(const c10::Scalar &, const c10::Scalar &, const c10::Scalar &, at::Tensor &)::[lambda() (instance 1)]::operator ()() const::[lambda() (instance 4)]::operator ()() const::[lambda(long) (instance 1)]>(T1, T2, function_traits<T2>::result_type *)"
PyTorch:BasicsTransformerLM.layers.0.attn,PushPop,343,343,12,12,12672,1056.0,960.0,928,1248,126.5,"void at::native::vectorized_elementwise_kernel<(int)4, at::native::FillFunctor<float>, std::array<char *, (unsigned long)1>>(int, T2, T3)"
PyTorch:BasicsTransformerLM.layers.0.attn.k_proj,PushPop,343,343,12,12,6314091,526174.3,526096.5,525313,527840,628.5,cutlass3x_sm100_simt_sgemm_f32_f32_f32_f32_f32_64x128x16_1x1x1_3_tnn_align1_bias_f32_relu
PyTorch:BasicsTransformerLM.layers.0.attn.output_proj,PushPop,343,343,12,12,6242829,520235.8,519857.0,519010,524608,1456.4,cutlass3x_sm100_simt_sgemm_f32_f32_f32_f32_f32_64x128x16_1x1x1_3_tnn_align1_bias_f32_relu
PyTorch:BasicsTransformerLM.layers.0.attn.positional_encoder,PushPop,343,343,864,3456,57980687,16776.8,16960.0,14848,21152,1720.6,"void at::native::elementwise_kernel<(int)128, (int)2, void at::native::gpu_kernel_impl_nocast<at::native::BinaryFunctor<float, float, float, at::native::binary_internal::MulFunctor<float>>>(at::TensorIteratorBase &, const T1 &)::[lambda(int) (instance 1)]>(int, T3)"
PyTorch:BasicsTransformerLM.layers.0.attn.positional_encoder,PushPop,343,343,864,864,46943994,54333.3,54304.0,53472,56064,324.5,"void at::native::<unnamed>::CatArrayBatchedCopy<at::native::<unnamed>::OpaqueType<(unsigned int)4>, unsigned int, (int)4, (int)64, (int)64>(T1 *, at::native::<unnamed>::CatArrInputTensorMetadata<T1, T2, T4, T5>, at::native::<unnamed>::TensorSizeStride<T2, (unsigned int)4>, int, T2)"
PyTorch:BasicsTransformerLM.layers.0.attn.positional_encoder,PushPop,343,343,864,1728,11827956,6844.9,6816.0,6496,9120,125.8,"void at::native::vectorized_elementwise_kernel<(int)4, at::native::CUDAFunctor_add<float>, std::array<char *, (unsigned long)3>>(int, T2, T3)"
PyTorch:BasicsTransformerLM.layers.0.attn.q_proj,PushPop,343,343,12,12,6469772,539147.7,538929.0,538273,540705,770.6,cutlass3x_sm100_simt_sgemm_f32_f32_f32_f32_f32_64x128x16_1x1x1_3_tnn_align1_bias_f32_relu
PyTorch:BasicsTransformerLM.layers.0.attn.v_proj,PushPop,343,343,12,12,6228045,519003.8,519104.5,518017,519489,445.8,cutlass3x_sm100_simt_sgemm_f32_f32_f32_f32_f32_64x128x16_1x1x1_3_tnn_align1_bias_f32_relu
PyTorch:BasicsTransformerLM.layers.0.ffn,PushPop,343,343,12,24,42219567,1759148.6,1759698.5,1753060,1801825,9809.5,cutlass3x_sm100_simt_sgemm_f32_f32_f32_f32_f32_128x128x16_1x1x1_3_tnn_align1_bias_f32_relu
PyTorch:BasicsTransformerLM.layers.0.ffn,PushPop,343,343,12,12,21689704,1807475.3,1806067.0,1804356,1824706,5534.7,cutlass3x_sm100_simt_sgemm_f32_f32_f32_f32_f32_128x64x16_1x1x1_3_tnn_align1_bias_f32_relu
PyTorch:BasicsTransformerLM.layers.0.ffn,PushPop,343,343,12,24,1768898,73704.1,73456.0,72224,75520,1018.5,"void at::native::vectorized_elementwise_kernel<(int)4, at::native::BinaryFunctor<float, float, float, at::native::binary_internal::MulFunctor<float>>, std::array<char *, (unsigned long)3>>(int, T2, T3)"
PyTorch:BasicsTransformerLM.layers.0.ffn,PushPop,343,343,12,12,590496,49208.0,49232.0,48384,50208,525.7,"void at::native::vectorized_elementwise_kernel<(int)4, at::native::sigmoid_kernel_cuda(at::TensorIteratorBase &)::[lambda() (instance 2)]::operator ()() const::[lambda() (instance 2)]::operator ()() const::[lambda(float) (instance 1)], std::array<char *, (unsigned long)2>>(int, T2, T3)"
PyTorch:BasicsTransformerLM.layers.0.ffn.w1,PushPop,343,343,12,12,21129382,1760781.8,1760660.0,1759170,1761698,758.7,cutlass3x_sm100_simt_sgemm_f32_f32_f32_f32_f32_128x128x16_1x1x1_3_tnn_align1_bias_f32_relu
PyTorch:BasicsTransformerLM.layers.0.ffn.w2,PushPop,343,343,12,12,21689704,1807475.3,1806067.0,1804356,1824706,5534.7,cutlass3x_sm100_simt_sgemm_f32_f32_f32_f32_f32_128x64x16_1x1x1_3_tnn_align1_bias_f32_relu
PyTorch:BasicsTransformerLM.layers.0.ffn.w3,PushPop,343,343,12,12,21090185,1757515.4,1753476.5,1753060,1801825,13957.2,cutlass3x_sm100_simt_sgemm_f32_f32_f32_f32_f32_128x128x16_1x1x1_3_tnn_align1_bias_f32_relu
PyTorch:BasicsTransformerLM.layers.0.ln1,PushPop,343,343,12,24,575713,23988.0,23984.0,23553,24832,312.3,"void at::native::elementwise_kernel<(int)128, (int)2, void at::native::gpu_kernel_impl_nocast<at::native::BinaryFunctor<float, float, float, at::native::binary_internal::MulFunctor<float>>>(at::TensorIteratorBase &, const T1 &)::[lambda(int) (instance 1)]>(int, T3)"
PyTorch:BasicsTransformerLM.layers.0.ln1,PushPop,343,343,12,12,108352,9029.3,9040.0,8736,9312,170.9,"void at::native::vectorized_elementwise_kernel<(int)4, void at::native::<unnamed>::pow_tensor_scalar_kernel_impl<float, float>(at::TensorIteratorBase &, T2)::[lambda(float) (instance 1)], std::array<char *, (unsigned long)2>>(int, T2, T3)"
PyTorch:BasicsTransformerLM.layers.0.ln1,PushPop,343,343,12,12,92672,7722.7,7776.0,6912,8288,417.3,"void at::native::reduce_kernel<(int)512, (int)1, at::native::ReduceOp<float, at::native::MeanOps<float, float, float, float>, unsigned int, float, (int)4, (int)4>>(T3)"
PyTorch:BasicsTransformerLM.layers.0.ln1,PushPop,343,343,12,12,17856,1488.0,1472.0,1408,1568,44.2,"void at::native::vectorized_elementwise_kernel<(int)4, at::native::CUDAFunctorOnSelf_add<float>, std::array<char *, (unsigned long)2>>(int, T2, T3)"
PyTorch:BasicsTransformerLM.layers.0.ln1,PushPop,343,343,12,12,17664,1472.0,1472.0,1440,1536,27.3,"void at::native::vectorized_elementwise_kernel<(int)4, at::native::rsqrt_kernel_cuda(at::TensorIteratorBase &)::[lambda() (instance 2)]::operator ()() const::[lambda() (instance 2)]::operator ()() const::[lambda(float) (instance 1)], std::array<char *, (unsigned long)2>>(int, T2, T3)"
PyTorch:BasicsTransformerLM.layers.0.ln2,PushPop,343,343,12,24,573409,23892.0,23888.0,23456,24320,252.9,"void at::native::elementwise_kernel<(int)128, (int)2, void at::native::gpu_kernel_impl_nocast<at::native::BinaryFunctor<float, float, float, at::native::binary_internal::MulFunctor<float>>>(at::TensorIteratorBase &, const T1 &)::[lambda(int) (instance 1)]>(int, T3)"
PyTorch:BasicsTransformerLM.layers.0.ln2,PushPop,343,343,12,12,114752,9562.7,9520.0,9248,9856,173.6,"void at::native::vectorized_elementwise_kernel<(int)4, void at::native::<unnamed>::pow_tensor_scalar_kernel_impl<float, float>(at::TensorIteratorBase &, T2)::[lambda(float) (instance 1)], std::array<char *, (unsigned long)2>>(int, T2, T3)"
PyTorch:BasicsTransformerLM.layers.0.ln2,PushPop,343,343,12,12,91712,7642.7,7552.0,7168,8192,288.4,"void at::native::reduce_kernel<(int)512, (int)1, at::native::ReduceOp<float, at::native::MeanOps<float, float, float, float>, unsigned int, float, (int)4, (int)4>>(T3)"
PyTorch:BasicsTransformerLM.layers.0.ln2,PushPop,343,343,12,12,19584,1632.0,1600.0,1536,1792,80.7,"void at::native::vectorized_elementwise_kernel<(int)4, at::native::CUDAFunctorOnSelf_add<float>, std::array<char *, (unsigned long)2>>(int, T2, T3)"
PyTorch:BasicsTransformerLM.layers.0.ln2,PushPop,343,343,12,12,18144,1512.0,1472.0,1408,1696,93.7,"void at::native::vectorized_elementwise_kernel<(int)4, at::native::rsqrt_kernel_cuda(at::TensorIteratorBase &)::[lambda() (instance 2)]::operator ()() const::[lambda() (instance 2)]::operator ()() const::[lambda(float) (instance 1)], std::array<char *, (unsigned long)2>>(int, T2, T3)"
PyTorch:BasicsTransformerLM.layers.1,PushPop,343,343,12,36,56798027,1577723.0,1753108.0,1215457,1764002,258939.2,cutlass3x_sm100_simt_sgemm_f32_f32_f32_f32_f32_128x128x16_1x1x1_3_tnn_align1_bias_f32_relu
PyTorch:BasicsTransformerLM.layers.1,PushPop,343,343,12,48,24774350,516132.3,514705.0,513665,523616,2933.9,cutlass3x_sm100_simt_sgemm_f32_f32_f32_f32_f32_64x128x16_1x1x1_3_tnn_align1_bias_f32_relu
PyTorch:BasicsTransformerLM.layers.1,PushPop,343,343,12,12,21673703,1806141.9,1806210.5,1803973,1807428,901.1,cutlass3x_sm100_simt_sgemm_f32_f32_f32_f32_f32_128x64x16_1x1x1_3_tnn_align1_bias_f32_relu
PyTorch:BasicsTransformerLM.layers.1,PushPop,343,343,12,12,12250710,1020892.5,1020674.5,1019938,1024673,1309.5,"void at::native::elementwise_kernel<(int)128, (int)2, void at::native::gpu_kernel_impl_nocast<at::native::BinaryFunctor<float, float, float, at::native::binary_internal::DivFunctor<float>>>(at::TensorIteratorBase &, const T1 &)::[lambda(int) (instance 1)]>(int, T3)"
PyTorch:BasicsTransformerLM.layers.1,PushPop,343,343,12,12,10648660,887388.3,887330.0,887075,887937,260.6,"void at::native::elementwise_kernel<(int)128, (int)2, void at::native::gpu_kernel_impl_nocast<at::native::<unnamed>::where_kernel_impl(at::TensorIterator &)::[lambda() (instance 1)]::operator ()() const::[lambda() (instance 11)]::operator ()() const::[lambda(bool, float, float) (instance 1)]>(at::TensorIteratorBase &, const T1 &)::[lambda(int) (instance 1)]>(int, T3)"
PyTorch:BasicsTransformerLM.layers.1,PushPop,343,343,12,12,10576597,881383.1,881361.0,880321,882593,654.3,"void at::native::elementwise_kernel<(int)128, (int)2, void at::native::gpu_kernel_impl_nocast<at::native::CUDAFunctor_add<float>>(at::TensorIteratorBase &, const T1 &)::[lambda(int) (instance 1)]>(int, T3)"
PyTorch:BasicsTransformerLM.layers.1,PushPop,343,343,12,12,9799383,816615.3,815585.5,815299,825345,2804.5,cutlass3x_sm100_simt_sgemm_f32_f32_f32_f32_f32_64x128x16_1x1x1_3_nnn_align1_bias_f32_relu
PyTorch:BasicsTransformerLM.layers.1,PushPop,343,343,12,12,4655112,387926.0,387968.0,385985,389441,1047.0,"void at::native::vectorized_elementwise_kernel<(int)4, at::native::BUnaryFunctor<float, float, float, at::native::binary_internal::MulFunctor<float>>, std::array<char *, (unsigned long)2>>(int, T2, T3)"
PyTorch:BasicsTransformerLM.layers.1,PushPop,343,343,12,12,4617801,384816.8,384769.0,383073,386017,870.7,"void at::native::vectorized_elementwise_kernel<(int)4, at::native::exp_kernel_cuda(at::TensorIteratorBase &)::[lambda() (instance 2)]::operator ()() const::[lambda() (instance 2)]::operator ()() const::[lambda(float) (instance 1)], std::array<char *, (unsigned long)2>>(int, T2, T3)"
PyTorch:BasicsTransformerLM.layers.1,PushPop,343,343,12,12,3790662,315888.5,315936.5,315328,316289,248.3,"void at::native::reduce_kernel<(int)512, (int)1, at::native::ReduceOp<float, at::native::MaxOps<float>, unsigned int, float, (int)4, (int)4>>(T3)"
PyTorch:BasicsTransformerLM.layers.1,PushPop,343,343,12,144,2757091,19146.5,18240.0,14880,24576,3653.8,"void at::native::elementwise_kernel<(int)128, (int)2, void at::native::gpu_kernel_impl_nocast<at::native::BinaryFunctor<float, float, float, at::native::binary_internal::MulFunctor<float>>>(at::TensorIteratorBase &, const T1 &)::[lambda(int) (instance 1)]>(int, T3)"
PyTorch:BasicsTransformerLM.layers.1,PushPop,343,343,12,12,2735491,227957.6,227936.0,226976,229408,679.2,"void at::native::reduce_kernel<(int)512, (int)1, at::native::ReduceOp<float, at::native::func_wrapper_t<float, at::native::sum_functor<float, float, float>::operator ()(at::TensorIterator &)::[lambda(float, float) (instance 1)]>, unsigned int, float, (int)4, (int)4>>(T3)"
PyTorch:BasicsTransformerLM.layers.1,PushPop,343,343,12,24,1772902,73870.9,74160.0,72032,75424,965.9,"void at::native::vectorized_elementwise_kernel<(int)4, at::native::BinaryFunctor<float, float, float, at::native::binary_internal::MulFunctor<float>>, std::array<char *, (unsigned long)3>>(int, T2, T3)"
PyTorch:BasicsTransformerLM.layers.1,PushPop,343,343,12,24,1304067,54336.1,54336.0,53761,56064,438.1,"void at::native::<unnamed>::CatArrayBatchedCopy<at::native::<unnamed>::OpaqueType<(unsigned int)4>, unsigned int, (int)4, (int)64, (int)64>(T1 *, at::native::<unnamed>::CatArrInputTensorMetadata<T1, T2, T4, T5>, at::native::<unnamed>::TensorSizeStride<T2, (unsigned int)4>, int, T2)"
PyTorch:BasicsTransformerLM.layers.1,PushPop,343,343,12,24,751296,31304.0,31616.0,29376,33696,1394.3,"void at::native::elementwise_kernel<(int)128, (int)2, void at::native::gpu_kernel_impl_nocast<at::native::direct_copy_kernel_cuda(at::TensorIteratorBase &)::[lambda() (instance 3)]::operator ()() const::[lambda() (instance 7)]::operator ()() const::[lambda(float) (instance 1)]>(at::TensorIteratorBase &, const T1 &)::[lambda(int) (instance 1)]>(int, T3)"
PyTorch:BasicsTransformerLM.layers.1,PushPop,343,343,12,72,710496,9868.0,6880.0,6656,16672,4345.8,"void at::native::vectorized_elementwise_kernel<(int)4, at::native::CUDAFunctor_add<float>, std::array<char *, (unsigned long)3>>(int, T2, T3)"
PyTorch:BasicsTransformerLM.layers.1,PushPop,343,343,12,12,585313,48776.1,48800.0,48224,49536,356.6,"void at::native::vectorized_elementwise_kernel<(int)4, at::native::sigmoid_kernel_cuda(at::TensorIteratorBase &)::[lambda() (instance 2)]::operator ()() const::[lambda() (instance 2)]::operator ()() const::[lambda(float) (instance 1)], std::array<char *, (unsigned long)2>>(int, T2, T3)"
PyTorch:BasicsTransformerLM.layers.1,PushPop,343,343,12,24,227744,9489.3,9456.0,9248,9856,178.8,"void at::native::vectorized_elementwise_kernel<(int)4, void at::native::<unnamed>::pow_tensor_scalar_kernel_impl<float, float>(at::TensorIteratorBase &, T2)::[lambda(float) (instance 1)], std::array<char *, (unsigned long)2>>(int, T2, T3)"
PyTorch:BasicsTransformerLM.layers.1,PushPop,343,343,12,24,184992,7708.0,7680.0,7040,8352,378.4,"void at::native::reduce_kernel<(int)512, (int)1, at::native::ReduceOp<float, at::native::MeanOps<float, float, float, float>, unsigned int, float, (int)4, (int)4>>(T3)"
PyTorch:BasicsTransformerLM.layers.1,PushPop,343,343,12,12,103937,8661.4,8640.0,8576,8833,76.6,"void at::native::elementwise_kernel<(int)128, (int)4, void at::native::gpu_kernel_impl_nocast<at::native::<unnamed>::CompareFunctor<long>>(at::TensorIteratorBase &, const T1 &)::[lambda(int) (instance 1)]>(int, T3)"
PyTorch:BasicsTransformerLM.layers.1,PushPop,343,343,12,24,38688,1612.0,1584.0,1536,1792,74.2,"void at::native::vectorized_elementwise_kernel<(int)4, at::native::CUDAFunctorOnSelf_add<float>, std::array<char *, (unsigned long)2>>(int, T2, T3)"
PyTorch:BasicsTransformerLM.layers.1,PushPop,343,343,12,24,36640,1526.7,1504.0,1472,1696,70.9,"void at::native::vectorized_elementwise_kernel<(int)4, at::native::rsqrt_kernel_cuda(at::TensorIteratorBase &)::[lambda() (instance 2)]::operator ()() const::[lambda() (instance 2)]::operator ()() const::[lambda(float) (instance 1)], std::array<char *, (unsigned long)2>>(int, T2, T3)"
PyTorch:BasicsTransformerLM.layers.1,PushPop,343,343,12,12,15104,1258.7,1168.0,1120,2080,266.8,"void <unnamed>::elementwise_kernel_with_index<int, at::native::arange_cuda_out(const c10::Scalar &, const c10::Scalar &, const c10::Scalar &, at::Tensor &)::[lambda() (instance 1)]::operator ()() const::[lambda() (instance 4)]::operator ()() const::[lambda(long) (instance 1)]>(T1, T2, function_traits<T2>::result_type *)"
PyTorch:BasicsTransformerLM.layers.1,PushPop,343,343,12,12,13120,1093.3,1056.0,928,1504,178.9,"void at::native::vectorized_elementwise_kernel<(int)4, at::native::FillFunctor<float>, std::array<char *, (unsigned long)1>>(int, T2, T3)"
PyTorch:BasicsTransformerLM.layers.1.attn,PushPop,343,343,12,48,24774350,516132.3,514705.0,513665,523616,2933.9,cutlass3x_sm100_simt_sgemm_f32_f32_f32_f32_f32_64x128x16_1x1x1_3_tnn_align1_bias_f32_relu
PyTorch:BasicsTransformerLM.layers.1.attn,PushPop,343,343,12,12,14600317,1216693.1,1216193.5,1215457,1222561,1883.4,cutlass3x_sm100_simt_sgemm_f32_f32_f32_f32_f32_128x128x16_1x1x1_3_tnn_align1_bias_f32_relu
PyTorch:BasicsTransformerLM.layers.1.attn,PushPop,343,343,12,12,12250710,1020892.5,1020674.5,1019938,1024673,1309.5,"void at::native::elementwise_kernel<(int)128, (int)2, void at::native::gpu_kernel_impl_nocast<at::native::BinaryFunctor<float, float, float, at::native::binary_internal::DivFunctor<float>>>(at::TensorIteratorBase &, const T1 &)::[lambda(int) (instance 1)]>(int, T3)"
PyTorch:BasicsTransformerLM.layers.1.attn,PushPop,343,343,12,12,10648660,887388.3,887330.0,887075,887937,260.6,"void at::native::elementwise_kernel<(int)128, (int)2, void at::native::gpu_kernel_impl_nocast<at::native::<unnamed>::where_kernel_impl(at::TensorIterator &)::[lambda() (instance 1)]::operator ()() const::[lambda() (instance 11)]::operator ()() const::[lambda(bool, float, float) (instance 1)]>(at::TensorIteratorBase &, const T1 &)::[lambda(int) (instance 1)]>(int, T3)"
PyTorch:BasicsTransformerLM.layers.1.attn,PushPop,343,343,12,12,10576597,881383.1,881361.0,880321,882593,654.3,"void at::native::elementwise_kernel<(int)128, (int)2, void at::native::gpu_kernel_impl_nocast<at::native::CUDAFunctor_add<float>>(at::TensorIteratorBase &, const T1 &)::[lambda(int) (instance 1)]>(int, T3)"
PyTorch:BasicsTransformerLM.layers.1.attn,PushPop,343,343,12,12,9799383,816615.3,815585.5,815299,825345,2804.5,cutlass3x_sm100_simt_sgemm_f32_f32_f32_f32_f32_64x128x16_1x1x1_3_nnn_align1_bias_f32_relu
PyTorch:BasicsTransformerLM.layers.1.attn,PushPop,343,343,12,12,4655112,387926.0,387968.0,385985,389441,1047.0,"void at::native::vectorized_elementwise_kernel<(int)4, at::native::BUnaryFunctor<float, float, float, at::native::binary_internal::MulFunctor<float>>, std::array<char *, (unsigned long)2>>(int, T2, T3)"
PyTorch:BasicsTransformerLM.layers.1.attn,PushPop,343,343,12,12,4617801,384816.8,384769.0,383073,386017,870.7,"void at::native::vectorized_elementwise_kernel<(int)4, at::native::exp_kernel_cuda(at::TensorIteratorBase &)::[lambda() (instance 2)]::operator ()() const::[lambda() (instance 2)]::operator ()() const::[lambda(float) (instance 1)], std::array<char *, (unsigned long)2>>(int, T2, T3)"
PyTorch:BasicsTransformerLM.layers.1.attn,PushPop,343,343,12,12,3790662,315888.5,315936.5,315328,316289,248.3,"void at::native::reduce_kernel<(int)512, (int)1, at::native::ReduceOp<float, at::native::MaxOps<float>, unsigned int, float, (int)4, (int)4>>(T3)"
PyTorch:BasicsTransformerLM.layers.1.attn,PushPop,343,343,12,12,2735491,227957.6,227936.0,226976,229408,679.2,"void at::native::reduce_kernel<(int)512, (int)1, at::native::ReduceOp<float, at::native::func_wrapper_t<float, at::native::sum_functor<float, float, float>::operator ()(at::TensorIterator &)::[lambda(float, float) (instance 1)]>, unsigned int, float, (int)4, (int)4>>(T3)"
PyTorch:BasicsTransformerLM.layers.1.attn,PushPop,343,343,12,96,1609729,16768.0,16496.0,14880,19712,1702.3,"void at::native::elementwise_kernel<(int)128, (int)2, void at::native::gpu_kernel_impl_nocast<at::native::BinaryFunctor<float, float, float, at::native::binary_internal::MulFunctor<float>>>(at::TensorIteratorBase &, const T1 &)::[lambda(int) (instance 1)]>(int, T3)"
PyTorch:BasicsTransformerLM.layers.1.attn,PushPop,343,343,12,24,1304067,54336.1,54336.0,53761,56064,438.1,"void at::native::<unnamed>::CatArrayBatchedCopy<at::native::<unnamed>::OpaqueType<(unsigned int)4>, unsigned int, (int)4, (int)64, (int)64>(T1 *, at::native::<unnamed>::CatArrInputTensorMetadata<T1, T2, T4, T5>, at::native::<unnamed>::TensorSizeStride<T2, (unsigned int)4>, int, T2)"
PyTorch:BasicsTransformerLM.layers.1.attn,PushPop,343,343,12,24,751296,31304.0,31616.0,29376,33696,1394.3,"void at::native::elementwise_kernel<(int)128, (int)2, void at::native::gpu_kernel_impl_nocast<at::native::direct_copy_kernel_cuda(at::TensorIteratorBase &)::[lambda() (instance 3)]::operator ()() const::[lambda() (instance 7)]::operator ()() const::[lambda(float) (instance 1)]>(at::TensorIteratorBase &, const T1 &)::[lambda(int) (instance 1)]>(int, T3)"
PyTorch:BasicsTransformerLM.layers.1.attn,PushPop,343,343,12,48,327328,6819.3,6784.0,6656,7200,127.7,"void at::native::vectorized_elementwise_kernel<(int)4, at::native::CUDAFunctor_add<float>, std::array<char *, (unsigned long)3>>(int, T2, T3)"
PyTorch:BasicsTransformerLM.layers.1.attn,PushPop,343,343,12,12,103937,8661.4,8640.0,8576,8833,76.6,"void at::native::elementwise_kernel<(int)128, (int)4, void at::native::gpu_kernel_impl_nocast<at::native::<unnamed>::CompareFunctor<long>>(at::TensorIteratorBase &, const T1 &)::[lambda(int) (instance 1)]>(int, T3)"
PyTorch:BasicsTransformerLM.layers.1.attn,PushPop,343,343,12,12,15104,1258.7,1168.0,1120,2080,266.8,"void <unnamed>::elementwise_kernel_with_index<int, at::native::arange_cuda_out(const c10::Scalar &, const c10::Scalar &, const c10::Scalar &, at::Tensor &)::[lambda() (instance 1)]::operator ()() const::[lambda() (instance 4)]::operator ()() const::[lambda(long) (instance 1)]>(T1, T2, function_traits<T2>::result_type *)"
PyTorch:BasicsTransformerLM.layers.1.attn,PushPop,343,343,12,12,13120,1093.3,1056.0,928,1504,178.9,"void at::native::vectorized_elementwise_kernel<(int)4, at::native::FillFunctor<float>, std::array<char *, (unsigned long)1>>(int, T2, T3)"
PyTorch:BasicsTransformerLM.layers.1.attn.k_proj,PushPop,343,343,12,12,6175306,514608.8,514561.0,514241,515264,277.6,cutlass3x_sm100_simt_sgemm_f32_f32_f32_f32_f32_64x128x16_1x1x1_3_tnn_align1_bias_f32_relu
PyTorch:BasicsTransformerLM.layers.1.attn.output_proj,PushPop,343,343,12,12,6252811,521067.6,520801.0,520001,523616,962.2,cutlass3x_sm100_simt_sgemm_f32_f32_f32_f32_f32_64x128x16_1x1x1_3_tnn_align1_bias_f32_relu
PyTorch:BasicsTransformerLM.layers.1.attn.q_proj,PushPop,343,343,12,12,6169740,514145.0,514145.0,513665,514848,286.8,cutlass3x_sm100_simt_sgemm_f32_f32_f32_f32_f32_64x128x16_1x1x1_3_tnn_align1_bias_f32_relu
PyTorch:BasicsTransformerLM.layers.1.attn.v_proj,PushPop,343,343,12,12,6176493,514707.8,514721.0,514274,515073,260.8,cutlass3x_sm100_simt_sgemm_f32_f32_f32_f32_f32_64x128x16_1x1x1_3_tnn_align1_bias_f32_relu
PyTorch:BasicsTransformerLM.layers.1.ffn,PushPop,343,343,12,24,42197710,1758237.9,1760067.0,1752549,1764002,4785.0,cutlass3x_sm100_simt_sgemm_f32_f32_f32_f32_f32_128x128x16_1x1x1_3_tnn_align1_bias_f32_relu
PyTorch:BasicsTransformerLM.layers.1.ffn,PushPop,343,343,12,12,21673703,1806141.9,1806210.5,1803973,1807428,901.1,cutlass3x_sm100_simt_sgemm_f32_f32_f32_f32_f32_128x64x16_1x1x1_3_tnn_align1_bias_f32_relu
PyTorch:BasicsTransformerLM.layers.1.ffn,PushPop,343,343,12,24,1772902,73870.9,74160.0,72032,75424,965.9,"void at::native::vectorized_elementwise_kernel<(int)4, at::native::BinaryFunctor<float, float, float, at::native::binary_internal::MulFunctor<float>>, std::array<char *, (unsigned long)3>>(int, T2, T3)"
PyTorch:BasicsTransformerLM.layers.1.ffn,PushPop,343,343,12,12,585313,48776.1,48800.0,48224,49536,356.6,"void at::native::vectorized_elementwise_kernel<(int)4, at::native::sigmoid_kernel_cuda(at::TensorIteratorBase &)::[lambda() (instance 2)]::operator ()() const::[lambda() (instance 2)]::operator ()() const::[lambda(float) (instance 1)], std::array<char *, (unsigned long)2>>(int, T2, T3)"
PyTorch:BasicsTransformerLM.layers.1.ffn.w1,PushPop,343,343,12,12,21152327,1762693.9,1762932.0,1760453,1764002,950.8,cutlass3x_sm100_simt_sgemm_f32_f32_f32_f32_f32_128x128x16_1x1x1_3_tnn_align1_bias_f32_relu
PyTorch:BasicsTransformerLM.layers.1.ffn.w2,PushPop,343,343,12,12,21673703,1806141.9,1806210.5,1803973,1807428,901.1,cutlass3x_sm100_simt_sgemm_f32_f32_f32_f32_f32_128x64x16_1x1x1_3_tnn_align1_bias_f32_relu
PyTorch:BasicsTransformerLM.layers.1.ffn.w3,PushPop,343,343,12,12,21045383,1753781.9,1753108.0,1752549,1759681,1910.0,cutlass3x_sm100_simt_sgemm_f32_f32_f32_f32_f32_128x128x16_1x1x1_3_tnn_align1_bias_f32_relu
PyTorch:BasicsTransformerLM.layers.1.ln1,PushPop,343,343,12,24,573601,23900.0,23920.0,23392,24448,273.7,"void at::native::elementwise_kernel<(int)128, (int)2, void at::native::gpu_kernel_impl_nocast<at::native::BinaryFunctor<float, float, float, at::native::binary_internal::MulFunctor<float>>>(at::TensorIteratorBase &, const T1 &)::[lambda(int) (instance 1)]>(int, T3)"
PyTorch:BasicsTransformerLM.layers.1.ln1,PushPop,343,343,12,12,113568,9464.0,9456.0,9248,9792,172.7,"void at::native::vectorized_elementwise_kernel<(int)4, void at::native::<unnamed>::pow_tensor_scalar_kernel_impl<float, float>(at::TensorIteratorBase &, T2)::[lambda(float) (instance 1)], std::array<char *, (unsigned long)2>>(int, T2, T3)"
PyTorch:BasicsTransformerLM.layers.1.ln1,PushPop,343,343,12,12,92512,7709.3,7760.0,7040,8352,445.4,"void at::native::reduce_kernel<(int)512, (int)1, at::native::ReduceOp<float, at::native::MeanOps<float, float, float, float>, unsigned int, float, (int)4, (int)4>>(T3)"
PyTorch:BasicsTransformerLM.layers.1.ln1,PushPop,343,343,12,12,19328,1610.7,1584.0,1536,1792,82.2,"void at::native::vectorized_elementwise_kernel<(int)4, at::native::CUDAFunctorOnSelf_add<float>, std::array<char *, (unsigned long)2>>(int, T2, T3)"
PyTorch:BasicsTransformerLM.layers.1.ln1,PushPop,343,343,12,12,18304,1525.3,1504.0,1472,1696,71.3,"void at::native::vectorized_elementwise_kernel<(int)4, at::native::rsqrt_kernel_cuda(at::TensorIteratorBase &)::[lambda() (instance 2)]::operator ()() const::[lambda() (instance 2)]::operator ()() const::[lambda(float) (instance 1)], std::array<char *, (unsigned long)2>>(int, T2, T3)"
PyTorch:BasicsTransformerLM.layers.1.ln2,PushPop,343,343,12,24,573761,23906.7,23920.0,23360,24576,350.5,"void at::native::elementwise_kernel<(int)128, (int)2, void at::native::gpu_kernel_impl_nocast<at::native::BinaryFunctor<float, float, float, at::native::binary_internal::MulFunctor<float>>>(at::TensorIteratorBase &, const T1 &)::[lambda(int) (instance 1)]>(int, T3)"
PyTorch:BasicsTransformerLM.layers.1.ln2,PushPop,343,343,12,12,114176,9514.7,9456.0,9280,9856,188.7,"void at::native::vectorized_elementwise_kernel<(int)4, void at::native::<unnamed>::pow_tensor_scalar_kernel_impl<float, float>(at::TensorIteratorBase &, T2)::[lambda(float) (instance 1)], std::array<char *, (unsigned long)2>>(int, T2, T3)"
PyTorch:BasicsTransformerLM.layers.1.ln2,PushPop,343,343,12,12,92480,7706.7,7680.0,7136,8224,317.9,"void at::native::reduce_kernel<(int)512, (int)1, at::native::ReduceOp<float, at::native::MeanOps<float, float, float, float>, unsigned int, float, (int)4, (int)4>>(T3)"
PyTorch:BasicsTransformerLM.layers.1.ln2,PushPop,343,343,12,12,19360,1613.3,1584.0,1568,1792,68.8,"void at::native::vectorized_elementwise_kernel<(int)4, at::native::CUDAFunctorOnSelf_add<float>, std::array<char *, (unsigned long)2>>(int, T2, T3)"
PyTorch:BasicsTransformerLM.layers.1.ln2,PushPop,343,343,12,12,18336,1528.0,1488.0,1472,1664,73.6,"void at::native::vectorized_elementwise_kernel<(int)4, at::native::rsqrt_kernel_cuda(at::TensorIteratorBase &)::[lambda() (instance 2)]::operator ()() const::[lambda() (instance 2)]::operator ()() const::[lambda(float) (instance 1)], std::array<char *, (unsigned long)2>>(int, T2, T3)"
PyTorch:BasicsTransformerLM.layers.10,PushPop,343,343,12,36,56784905,1577358.5,1753620.0,1214658,1764033,259044.2,cutlass3x_sm100_simt_sgemm_f32_f32_f32_f32_f32_128x128x16_1x1x1_3_tnn_align1_bias_f32_relu
PyTorch:BasicsTransformerLM.layers.10,PushPop,343,343,12,48,24781265,516276.4,514881.0,513888,521953,2773.9,cutlass3x_sm100_simt_sgemm_f32_f32_f32_f32_f32_64x128x16_1x1x1_3_tnn_align1_bias_f32_relu
PyTorch:BasicsTransformerLM.layers.10,PushPop,343,343,12,12,21677448,1806454.0,1806081.5,1805060,1808130,1203.2,cutlass3x_sm100_simt_sgemm_f32_f32_f32_f32_f32_128x64x16_1x1x1_3_tnn_align1_bias_f32_relu
PyTorch:BasicsTransformerLM.layers.10,PushPop,343,343,12,12,12245337,1020444.8,1020417.5,1019843,1021153,428.9,"void at::native::elementwise_kernel<(int)128, (int)2, void at::native::gpu_kernel_impl_nocast<at::native::BinaryFunctor<float, float, float, at::native::binary_internal::DivFunctor<float>>>(at::TensorIteratorBase &, const T1 &)::[lambda(int) (instance 1)]>(int, T3)"
PyTorch:BasicsTransformerLM.layers.10,PushPop,343,343,12,12,10650355,887529.6,887505.5,886945,888001,345.1,"void at::native::elementwise_kernel<(int)128, (int)2, void at::native::gpu_kernel_impl_nocast<at::native::<unnamed>::where_kernel_impl(at::TensorIterator &)::[lambda() (instance 1)]::operator ()() const::[lambda() (instance 11)]::operator ()() const::[lambda(bool, float, float) (instance 1)]>(at::TensorIteratorBase &, const T1 &)::[lambda(int) (instance 1)]>(int, T3)"
PyTorch:BasicsTransformerLM.layers.10,PushPop,343,343,12,12,10582197,881849.8,881793.5,880290,883107,854.7,"void at::native::elementwise_kernel<(int)128, (int)2, void at::native::gpu_kernel_impl_nocast<at::native::CUDAFunctor_add<float>>(at::TensorIteratorBase &, const T1 &)::[lambda(int) (instance 1)]>(int, T3)"
PyTorch:BasicsTransformerLM.layers.10,PushPop,343,343,12,12,9778066,814838.8,814642.0,814082,816160,649.1,cutlass3x_sm100_simt_sgemm_f32_f32_f32_f32_f32_64x128x16_1x1x1_3_nnn_align1_bias_f32_relu
PyTorch:BasicsTransformerLM.layers.10,PushPop,343,343,12,12,4651977,387664.8,387312.5,385793,390656,1372.0,"void at::native::vectorized_elementwise_kernel<(int)4, at::native::BUnaryFunctor<float, float, float, at::native::binary_internal::MulFunctor<float>>, std::array<char *, (unsigned long)2>>(int, T2, T3)"
PyTorch:BasicsTransformerLM.layers.10,PushPop,343,343,12,12,4619275,384939.6,385169.5,383617,385985,840.5,"void at::native::vectorized_elementwise_kernel<(int)4, at::native::exp_kernel_cuda(at::TensorIteratorBase &)::[lambda() (instance 2)]::operator ()() const::[lambda() (instance 2)]::operator ()() const::[lambda(float) (instance 1)], std::array<char *, (unsigned long)2>>(int, T2, T3)"
PyTorch:BasicsTransformerLM.layers.10,PushPop,343,343,12,12,3792038,316003.2,316001.0,315168,317120,465.3,"void at::native::reduce_kernel<(int)512, (int)1, at::native::ReduceOp<float, at::native::MaxOps<float>, unsigned int, float, (int)4, (int)4>>(T3)"
PyTorch:BasicsTransformerLM.layers.10,PushPop,343,343,12,144,2757032,19146.1,18192.5,14880,24896,3655.0,"void at::native::elementwise_kernel<(int)128, (int)2, void at::native::gpu_kernel_impl_nocast<at::native::BinaryFunctor<float, float, float, at::native::binary_internal::MulFunctor<float>>>(at::TensorIteratorBase &, const T1 &)::[lambda(int) (instance 1)]>(int, T3)"
PyTorch:BasicsTransformerLM.layers.10,PushPop,343,343,12,12,2740642,228386.8,228064.0,227552,229568,684.1,"void at::native::reduce_kernel<(int)512, (int)1, at::native::ReduceOp<float, at::native::func_wrapper_t<float, at::native::sum_functor<float, float, float>::operator ()(at::TensorIterator &)::[lambda(float, float) (instance 1)]>, unsigned int, float, (int)4, (int)4>>(T3)"
PyTorch:BasicsTransformerLM.layers.10,PushPop,343,343,12,24,1770083,73753.5,73776.5,72480,75136,877.8,"void at::native::vectorized_elementwise_kernel<(int)4, at::native::BinaryFunctor<float, float, float, at::native::binary_internal::MulFunctor<float>>, std::array<char *, (unsigned long)3>>(int, T2, T3)"
PyTorch:BasicsTransformerLM.layers.10,PushPop,343,343,12,24,1303489,54312.0,54288.0,53920,55168,333.8,"void at::native::<unnamed>::CatArrayBatchedCopy<at::native::<unnamed>::OpaqueType<(unsigned int)4>, unsigned int, (int)4, (int)64, (int)64>(T1 *, at::native::<unnamed>::CatArrInputTensorMetadata<T1, T2, T4, T5>, at::native::<unnamed>::TensorSizeStride<T2, (unsigned int)4>, int, T2)"
PyTorch:BasicsTransformerLM.layers.10,PushPop,343,343,12,24,744160,31006.7,31072.0,29248,32768,1530.0,"void at::native::elementwise_kernel<(int)128, (int)2, void at::native::gpu_kernel_impl_nocast<at::native::direct_copy_kernel_cuda(at::TensorIteratorBase &)::[lambda() (instance 3)]::operator ()() const::[lambda() (instance 7)]::operator ()() const::[lambda(float) (instance 1)]>(at::TensorIteratorBase &, const T1 &)::[lambda(int) (instance 1)]>(int, T3)"
PyTorch:BasicsTransformerLM.layers.10,PushPop,343,343,12,72,712161,9891.1,6848.0,6624,17120,4361.5,"void at::native::vectorized_elementwise_kernel<(int)4, at::native::CUDAFunctor_add<float>, std::array<char *, (unsigned long)3>>(int, T2, T3)"
PyTorch:BasicsTransformerLM.layers.10,PushPop,343,343,12,12,587905,48992.1,48896.5,48192,50176,479.5,"void at::native::vectorized_elementwise_kernel<(int)4, at::native::sigmoid_kernel_cuda(at::TensorIteratorBase &)::[lambda() (instance 2)]::operator ()() const::[lambda() (instance 2)]::operator ()() const::[lambda(float) (instance 1)], std::array<char *, (unsigned long)2>>(int, T2, T3)"
PyTorch:BasicsTransformerLM.layers.10,PushPop,343,343,12,24,226720,9446.7,9424.0,8960,9792,194.3,"void at::native::vectorized_elementwise_kernel<(int)4, void at::native::<unnamed>::pow_tensor_scalar_kernel_impl<float, float>(at::TensorIteratorBase &, T2)::[lambda(float) (instance 1)], std::array<char *, (unsigned long)2>>(int, T2, T3)"
PyTorch:BasicsTransformerLM.layers.10,PushPop,343,343,12,24,183296,7637.3,7600.0,7072,8256,336.2,"void at::native::reduce_kernel<(int)512, (int)1, at::native::ReduceOp<float, at::native::MeanOps<float, float, float, float>, unsigned int, float, (int)4, (int)4>>(T3)"
PyTorch:BasicsTransformerLM.layers.10,PushPop,343,343,12,12,103776,8648.0,8608.0,8576,8864,85.3,"void at::native::elementwise_kernel<(int)128, (int)4, void at::native::gpu_kernel_impl_nocast<at::native::<unnamed>::CompareFunctor<long>>(at::TensorIteratorBase &, const T1 &)::[lambda(int) (instance 1)]>(int, T3)"
PyTorch:BasicsTransformerLM.layers.10,PushPop,343,343,12,24,38240,1593.3,1568.0,1536,1824,71.2,"void at::native::vectorized_elementwise_kernel<(int)4, at::native::CUDAFunctorOnSelf_add<float>, std::array<char *, (unsigned long)2>>(int, T2, T3)"
PyTorch:BasicsTransformerLM.layers.10,PushPop,343,343,12,24,36064,1502.7,1472.0,1440,1728,81.4,"void at::native::vectorized_elementwise_kernel<(int)4, at::native::rsqrt_kernel_cuda(at::TensorIteratorBase &)::[lambda() (instance 2)]::operator ()() const::[lambda() (instance 2)]::operator ()() const::[lambda(float) (instance 1)], std::array<char *, (unsigned long)2>>(int, T2, T3)"
PyTorch:BasicsTransformerLM.layers.10,PushPop,343,343,12,12,14080,1173.3,1152.0,1120,1280,47.9,"void <unnamed>::elementwise_kernel_with_index<int, at::native::arange_cuda_out(const c10::Scalar &, const c10::Scalar &, const c10::Scalar &, at::Tensor &)::[lambda() (instance 1)]::operator ()() const::[lambda() (instance 4)]::operator ()() const::[lambda(long) (instance 1)]>(T1, T2, function_traits<T2>::result_type *)"
PyTorch:BasicsTransformerLM.layers.10,PushPop,343,343,12,12,13088,1090.7,1104.0,960,1408,129.8,"void at::native::vectorized_elementwise_kernel<(int)4, at::native::FillFunctor<float>, std::array<char *, (unsigned long)1>>(int, T2, T3)"
PyTorch:BasicsTransformerLM.layers.10.attn,PushPop,343,343,12,48,24781265,516276.4,514881.0,513888,521953,2773.9,cutlass3x_sm100_simt_sgemm_f32_f32_f32_f32_f32_64x128x16_1x1x1_3_tnn_align1_bias_f32_relu
PyTorch:BasicsTransformerLM.layers.10.attn,PushPop,343,343,12,12,14594076,1216173.0,1216115.5,1214658,1218242,1182.3,cutlass3x_sm100_simt_sgemm_f32_f32_f32_f32_f32_128x128x16_1x1x1_3_tnn_align1_bias_f32_relu
PyTorch:BasicsTransformerLM.layers.10.attn,PushPop,343,343,12,12,12245337,1020444.8,1020417.5,1019843,1021153,428.9,"void at::native::elementwise_kernel<(int)128, (int)2, void at::native::gpu_kernel_impl_nocast<at::native::BinaryFunctor<float, float, float, at::native::binary_internal::DivFunctor<float>>>(at::TensorIteratorBase &, const T1 &)::[lambda(int) (instance 1)]>(int, T3)"
PyTorch:BasicsTransformerLM.layers.10.attn,PushPop,343,343,12,12,10650355,887529.6,887505.5,886945,888001,345.1,"void at::native::elementwise_kernel<(int)128, (int)2, void at::native::gpu_kernel_impl_nocast<at::native::<unnamed>::where_kernel_impl(at::TensorIterator &)::[lambda() (instance 1)]::operator ()() const::[lambda() (instance 11)]::operator ()() const::[lambda(bool, float, float) (instance 1)]>(at::TensorIteratorBase &, const T1 &)::[lambda(int) (instance 1)]>(int, T3)"
PyTorch:BasicsTransformerLM.layers.10.attn,PushPop,343,343,12,12,10582197,881849.8,881793.5,880290,883107,854.7,"void at::native::elementwise_kernel<(int)128, (int)2, void at::native::gpu_kernel_impl_nocast<at::native::CUDAFunctor_add<float>>(at::TensorIteratorBase &, const T1 &)::[lambda(int) (instance 1)]>(int, T3)"
PyTorch:BasicsTransformerLM.layers.10.attn,PushPop,343,343,12,12,9778066,814838.8,814642.0,814082,816160,649.1,cutlass3x_sm100_simt_sgemm_f32_f32_f32_f32_f32_64x128x16_1x1x1_3_nnn_align1_bias_f32_relu
PyTorch:BasicsTransformerLM.layers.10.attn,PushPop,343,343,12,12,4651977,387664.8,387312.5,385793,390656,1372.0,"void at::native::vectorized_elementwise_kernel<(int)4, at::native::BUnaryFunctor<float, float, float, at::native::binary_internal::MulFunctor<float>>, std::array<char *, (unsigned long)2>>(int, T2, T3)"
PyTorch:BasicsTransformerLM.layers.10.attn,PushPop,343,343,12,12,4619275,384939.6,385169.5,383617,385985,840.5,"void at::native::vectorized_elementwise_kernel<(int)4, at::native::exp_kernel_cuda(at::TensorIteratorBase &)::[lambda() (instance 2)]::operator ()() const::[lambda() (instance 2)]::operator ()() const::[lambda(float) (instance 1)], std::array<char *, (unsigned long)2>>(int, T2, T3)"
PyTorch:BasicsTransformerLM.layers.10.attn,PushPop,343,343,12,12,3792038,316003.2,316001.0,315168,317120,465.3,"void at::native::reduce_kernel<(int)512, (int)1, at::native::ReduceOp<float, at::native::MaxOps<float>, unsigned int, float, (int)4, (int)4>>(T3)"
PyTorch:BasicsTransformerLM.layers.10.attn,PushPop,343,343,12,12,2740642,228386.8,228064.0,227552,229568,684.1,"void at::native::reduce_kernel<(int)512, (int)1, at::native::ReduceOp<float, at::native::func_wrapper_t<float, at::native::sum_functor<float, float, float>::operator ()(at::TensorIterator &)::[lambda(float, float) (instance 1)]>, unsigned int, float, (int)4, (int)4>>(T3)"
PyTorch:BasicsTransformerLM.layers.10.attn,PushPop,343,343,12,96,1610502,16776.1,16432.0,14880,19744,1742.5,"void at::native::elementwise_kernel<(int)128, (int)2, void at::native::gpu_kernel_impl_nocast<at::native::BinaryFunctor<float, float, float, at::native::binary_internal::MulFunctor<float>>>(at::TensorIteratorBase &, const T1 &)::[lambda(int) (instance 1)]>(int, T3)"
PyTorch:BasicsTransformerLM.layers.10.attn,PushPop,343,343,12,24,1303489,54312.0,54288.0,53920,55168,333.8,"void at::native::<unnamed>::CatArrayBatchedCopy<at::native::<unnamed>::OpaqueType<(unsigned int)4>, unsigned int, (int)4, (int)64, (int)64>(T1 *, at::native::<unnamed>::CatArrInputTensorMetadata<T1, T2, T4, T5>, at::native::<unnamed>::TensorSizeStride<T2, (unsigned int)4>, int, T2)"
PyTorch:BasicsTransformerLM.layers.10.attn,PushPop,343,343,12,24,744160,31006.7,31072.0,29248,32768,1530.0,"void at::native::elementwise_kernel<(int)128, (int)2, void at::native::gpu_kernel_impl_nocast<at::native::direct_copy_kernel_cuda(at::TensorIteratorBase &)::[lambda() (instance 3)]::operator ()() const::[lambda() (instance 7)]::operator ()() const::[lambda(float) (instance 1)]>(at::TensorIteratorBase &, const T1 &)::[lambda(int) (instance 1)]>(int, T3)"
PyTorch:BasicsTransformerLM.layers.10.attn,PushPop,343,343,12,48,327968,6832.7,6816.0,6624,7328,133.3,"void at::native::vectorized_elementwise_kernel<(int)4, at::native::CUDAFunctor_add<float>, std::array<char *, (unsigned long)3>>(int, T2, T3)"
PyTorch:BasicsTransformerLM.layers.10.attn,PushPop,343,343,12,12,103776,8648.0,8608.0,8576,8864,85.3,"void at::native::elementwise_kernel<(int)128, (int)4, void at::native::gpu_kernel_impl_nocast<at::native::<unnamed>::CompareFunctor<long>>(at::TensorIteratorBase &, const T1 &)::[lambda(int) (instance 1)]>(int, T3)"
PyTorch:BasicsTransformerLM.layers.10.attn,PushPop,343,343,12,12,14080,1173.3,1152.0,1120,1280,47.9,"void <unnamed>::elementwise_kernel_with_index<int, at::native::arange_cuda_out(const c10::Scalar &, const c10::Scalar &, const c10::Scalar &, at::Tensor &)::[lambda() (instance 1)]::operator ()() const::[lambda() (instance 4)]::operator ()() const::[lambda(long) (instance 1)]>(T1, T2, function_traits<T2>::result_type *)"
PyTorch:BasicsTransformerLM.layers.10.attn,PushPop,343,343,12,12,13088,1090.7,1104.0,960,1408,129.8,"void at::native::vectorized_elementwise_kernel<(int)4, at::native::FillFunctor<float>, std::array<char *, (unsigned long)1>>(int, T2, T3)"
PyTorch:BasicsTransformerLM.layers.10.attn.k_proj,PushPop,343,343,12,12,6180074,515006.2,514993.0,514721,515744,276.9,cutlass3x_sm100_simt_sgemm_f32_f32_f32_f32_f32_64x128x16_1x1x1_3_tnn_align1_bias_f32_relu
PyTorch:BasicsTransformerLM.layers.10.attn.output_proj,PushPop,343,343,12,12,6251343,520945.3,520769.5,520482,521953,420.0,cutlass3x_sm100_simt_sgemm_f32_f32_f32_f32_f32_64x128x16_1x1x1_3_tnn_align1_bias_f32_relu
PyTorch:BasicsTransformerLM.layers.10.attn.q_proj,PushPop,343,343,12,12,6172493,514374.4,514129.0,513888,516577,721.2,cutlass3x_sm100_simt_sgemm_f32_f32_f32_f32_f32_64x128x16_1x1x1_3_tnn_align1_bias_f32_relu
PyTorch:BasicsTransformerLM.layers.10.attn.v_proj,PushPop,343,343,12,12,6177355,514779.6,514705.0,514240,515937,416.9,cutlass3x_sm100_simt_sgemm_f32_f32_f32_f32_f32_64x128x16_1x1x1_3_tnn_align1_bias_f32_relu
PyTorch:BasicsTransformerLM.layers.10.ffn,PushPop,343,343,12,24,42190829,1757951.2,1758498.0,1752740,1764033,4338.1,cutlass3x_sm100_simt_sgemm_f32_f32_f32_f32_f32_128x128x16_1x1x1_3_tnn_align1_bias_f32_relu
PyTorch:BasicsTransformerLM.layers.10.ffn,PushPop,343,343,12,12,21677448,1806454.0,1806081.5,1805060,1808130,1203.2,cutlass3x_sm100_simt_sgemm_f32_f32_f32_f32_f32_128x64x16_1x1x1_3_tnn_align1_bias_f32_relu
PyTorch:BasicsTransformerLM.layers.10.ffn,PushPop,343,343,12,24,1770083,73753.5,73776.5,72480,75136,877.8,"void at::native::vectorized_elementwise_kernel<(int)4, at::native::BinaryFunctor<float, float, float, at::native::binary_internal::MulFunctor<float>>, std::array<char *, (unsigned long)3>>(int, T2, T3)"
PyTorch:BasicsTransformerLM.layers.10.ffn,PushPop,343,343,12,12,587905,48992.1,48896.5,48192,50176,479.5,"void at::native::vectorized_elementwise_kernel<(int)4, at::native::sigmoid_kernel_cuda(at::TensorIteratorBase &)::[lambda() (instance 2)]::operator ()() const::[lambda() (instance 2)]::operator ()() const::[lambda(float) (instance 1)], std::array<char *, (unsigned long)2>>(int, T2, T3)"
PyTorch:BasicsTransformerLM.layers.10.ffn.w1,PushPop,343,343,12,12,21144293,1762024.4,1762243.5,1759554,1764033,1261.4,cutlass3x_sm100_simt_sgemm_f32_f32_f32_f32_f32_128x128x16_1x1x1_3_tnn_align1_bias_f32_relu
PyTorch:BasicsTransformerLM.layers.10.ffn.w2,PushPop,343,343,12,12,21677448,1806454.0,1806081.5,1805060,1808130,1203.2,cutlass3x_sm100_simt_sgemm_f32_f32_f32_f32_f32_128x64x16_1x1x1_3_tnn_align1_bias_f32_relu
PyTorch:BasicsTransformerLM.layers.10.ffn.w3,PushPop,343,343,12,12,21046536,1753878.0,1753620.0,1752740,1757442,1248.9,cutlass3x_sm100_simt_sgemm_f32_f32_f32_f32_f32_128x128x16_1x1x1_3_tnn_align1_bias_f32_relu
PyTorch:BasicsTransformerLM.layers.10.ln1,PushPop,343,343,12,24,574593,23941.4,23888.0,23520,24896,317.1,"void at::native::elementwise_kernel<(int)128, (int)2, void at::native::gpu_kernel_impl_nocast<at::native::BinaryFunctor<float, float, float, at::native::binary_internal::MulFunctor<float>>>(at::TensorIteratorBase &, const T1 &)::[lambda(int) (instance 1)]>(int, T3)"
PyTorch:BasicsTransformerLM.layers.10.ln1,PushPop,343,343,12,12,113120,9426.7,9392.0,8960,9792,223.6,"void at::native::vectorized_elementwise_kernel<(int)4, void at::native::<unnamed>::pow_tensor_scalar_kernel_impl<float, float>(at::TensorIteratorBase &, T2)::[lambda(float) (instance 1)], std::array<char *, (unsigned long)2>>(int, T2, T3)"
PyTorch:BasicsTransformerLM.layers.10.ln1,PushPop,343,343,12,12,92480,7706.7,7664.0,7072,8256,381.0,"void at::native::reduce_kernel<(int)512, (int)1, at::native::ReduceOp<float, at::native::MeanOps<float, float, float, float>, unsigned int, float, (int)4, (int)4>>(T3)"
PyTorch:BasicsTransformerLM.layers.10.ln1,PushPop,343,343,12,12,19104,1592.0,1568.0,1536,1824,77.3,"void at::native::vectorized_elementwise_kernel<(int)4, at::native::CUDAFunctorOnSelf_add<float>, std::array<char *, (unsigned long)2>>(int, T2, T3)"
PyTorch:BasicsTransformerLM.layers.10.ln1,PushPop,343,343,12,12,17824,1485.3,1472.0,1440,1600,51.9,"void at::native::vectorized_elementwise_kernel<(int)4, at::native::rsqrt_kernel_cuda(at::TensorIteratorBase &)::[lambda() (instance 2)]::operator ()() const::[lambda() (instance 2)]::operator ()() const::[lambda(float) (instance 1)], std::array<char *, (unsigned long)2>>(int, T2, T3)"
PyTorch:BasicsTransformerLM.layers.10.ln2,PushPop,343,343,12,24,571937,23830.7,23824.0,23328,24417,274.0,"void at::native::elementwise_kernel<(int)128, (int)2, void at::native::gpu_kernel_impl_nocast<at::native::BinaryFunctor<float, float, float, at::native::binary_internal::MulFunctor<float>>>(at::TensorIteratorBase &, const T1 &)::[lambda(int) (instance 1)]>(int, T3)"
PyTorch:BasicsTransformerLM.layers.10.ln2,PushPop,343,343,12,12,113600,9466.7,9472.0,9248,9760,167.6,"void at::native::vectorized_elementwise_kernel<(int)4, void at::native::<unnamed>::pow_tensor_scalar_kernel_impl<float, float>(at::TensorIteratorBase &, T2)::[lambda(float) (instance 1)], std::array<char *, (unsigned long)2>>(int, T2, T3)"
PyTorch:BasicsTransformerLM.layers.10.ln2,PushPop,343,343,12,12,90816,7568.0,7520.0,7200,8160,284.1,"void at::native::reduce_kernel<(int)512, (int)1, at::native::ReduceOp<float, at::native::MeanOps<float, float, float, float>, unsigned int, float, (int)4, (int)4>>(T3)"
PyTorch:BasicsTransformerLM.layers.10.ln2,PushPop,343,343,12,12,19136,1594.7,1568.0,1536,1760,68.0,"void at::native::vectorized_elementwise_kernel<(int)4, at::native::CUDAFunctorOnSelf_add<float>, std::array<char *, (unsigned long)2>>(int, T2, T3)"
PyTorch:BasicsTransformerLM.layers.10.ln2,PushPop,343,343,12,12,18240,1520.0,1472.0,1440,1728,102.6,"void at::native::vectorized_elementwise_kernel<(int)4, at::native::rsqrt_kernel_cuda(at::TensorIteratorBase &)::[lambda() (instance 2)]::operator ()() const::[lambda() (instance 2)]::operator ()() const::[lambda(float) (instance 1)], std::array<char *, (unsigned long)2>>(int, T2, T3)"
PyTorch:BasicsTransformerLM.layers.11,PushPop,343,343,12,36,56788965,1577471.3,1753331.5,1214626,1766178,259065.1,cutlass3x_sm100_simt_sgemm_f32_f32_f32_f32_f32_128x128x16_1x1x1_3_tnn_align1_bias_f32_relu
PyTorch:BasicsTransformerLM.layers.11,PushPop,343,343,12,48,24776300,516172.9,514657.0,513889,521536,2810.9,cutlass3x_sm100_simt_sgemm_f32_f32_f32_f32_f32_64x128x16_1x1x1_3_tnn_align1_bias_f32_relu
PyTorch:BasicsTransformerLM.layers.11,PushPop,343,343,12,12,21669705,1805808.8,1805874.5,1804133,1807045,895.9,cutlass3x_sm100_simt_sgemm_f32_f32_f32_f32_f32_128x64x16_1x1x1_3_tnn_align1_bias_f32_relu
PyTorch:BasicsTransformerLM.layers.11,PushPop,343,343,12,12,12245400,1020450.0,1020322.5,1019587,1021825,564.8,"void at::native::elementwise_kernel<(int)128, (int)2, void at::native::gpu_kernel_impl_nocast<at::native::BinaryFunctor<float, float, float, at::native::binary_internal::DivFunctor<float>>>(at::TensorIteratorBase &, const T1 &)::[lambda(int) (instance 1)]>(int, T3)"
PyTorch:BasicsTransformerLM.layers.11,PushPop,343,343,12,12,10649941,887495.1,887601.5,886688,888033,347.2,"void at::native::elementwise_kernel<(int)128, (int)2, void at::native::gpu_kernel_impl_nocast<at::native::<unnamed>::where_kernel_impl(at::TensorIterator &)::[lambda() (instance 1)]::operator ()() const::[lambda() (instance 11)]::operator ()() const::[lambda(bool, float, float) (instance 1)]>(at::TensorIteratorBase &, const T1 &)::[lambda(int) (instance 1)]>(int, T3)"
PyTorch:BasicsTransformerLM.layers.11,PushPop,343,343,12,12,10583733,881977.8,881922.5,880770,883617,875.7,"void at::native::elementwise_kernel<(int)128, (int)2, void at::native::gpu_kernel_impl_nocast<at::native::CUDAFunctor_add<float>>(at::TensorIteratorBase &, const T1 &)::[lambda(int) (instance 1)]>(int, T3)"
PyTorch:BasicsTransformerLM.layers.11,PushPop,343,343,12,12,9776851,814737.6,814594.0,813858,816353,703.7,cutlass3x_sm100_simt_sgemm_f32_f32_f32_f32_f32_64x128x16_1x1x1_3_nnn_align1_bias_f32_relu
PyTorch:BasicsTransformerLM.layers.11,PushPop,343,343,12,12,4651307,387608.9,387441.0,385120,390177,1290.0,"void at::native::vectorized_elementwise_kernel<(int)4, at::native::BUnaryFunctor<float, float, float, at::native::binary_internal::MulFunctor<float>>, std::array<char *, (unsigned long)2>>(int, T2, T3)"
PyTorch:BasicsTransformerLM.layers.11,PushPop,343,343,12,12,4622216,385184.7,385185.0,383905,386400,809.5,"void at::native::vectorized_elementwise_kernel<(int)4, at::native::exp_kernel_cuda(at::TensorIteratorBase &)::[lambda() (instance 2)]::operator ()() const::[lambda() (instance 2)]::operator ()() const::[lambda(float) (instance 1)], std::array<char *, (unsigned long)2>>(int, T2, T3)"
PyTorch:BasicsTransformerLM.layers.11,PushPop,343,343,12,12,3792615,316051.3,316000.5,315553,316513,287.3,"void at::native::reduce_kernel<(int)512, (int)1, at::native::ReduceOp<float, at::native::MaxOps<float>, unsigned int, float, (int)4, (int)4>>(T3)"
PyTorch:BasicsTransformerLM.layers.11,PushPop,343,343,12,144,2753925,19124.5,18256.0,14880,24576,3639.8,"void at::native::elementwise_kernel<(int)128, (int)2, void at::native::gpu_kernel_impl_nocast<at::native::BinaryFunctor<float, float, float, at::native::binary_internal::MulFunctor<float>>>(at::TensorIteratorBase &, const T1 &)::[lambda(int) (instance 1)]>(int, T3)"
PyTorch:BasicsTransformerLM.layers.11,PushPop,343,343,12,12,2737348,228112.3,228016.5,227520,229408,556.3,"void at::native::reduce_kernel<(int)512, (int)1, at::native::ReduceOp<float, at::native::func_wrapper_t<float, at::native::sum_functor<float, float, float>::operator ()(at::TensorIterator &)::[lambda(float, float) (instance 1)]>, unsigned int, float, (int)4, (int)4>>(T3)"
PyTorch:BasicsTransformerLM.layers.11,PushPop,343,343,12,24,1765123,73546.8,73504.0,72192,75040,1004.9,"void at::native::vectorized_elementwise_kernel<(int)4, at::native::BinaryFunctor<float, float, float, at::native::binary_internal::MulFunctor<float>>, std::array<char *, (unsigned long)3>>(int, T2, T3)"
PyTorch:BasicsTransformerLM.layers.11,PushPop,343,343,12,24,1302561,54273.4,54176.0,53760,55456,348.5,"void at::native::<unnamed>::CatArrayBatchedCopy<at::native::<unnamed>::OpaqueType<(unsigned int)4>, unsigned int, (int)4, (int)64, (int)64>(T1 *, at::native::<unnamed>::CatArrInputTensorMetadata<T1, T2, T4, T5>, at::native::<unnamed>::TensorSizeStride<T2, (unsigned int)4>, int, T2)"
PyTorch:BasicsTransformerLM.layers.11,PushPop,343,343,12,24,744288,31012.0,31056.0,29248,32768,1519.2,"void at::native::elementwise_kernel<(int)128, (int)2, void at::native::gpu_kernel_impl_nocast<at::native::direct_copy_kernel_cuda(at::TensorIteratorBase &)::[lambda() (instance 3)]::operator ()() const::[lambda() (instance 7)]::operator ()() const::[lambda(float) (instance 1)]>(at::TensorIteratorBase &, const T1 &)::[lambda(int) (instance 1)]>(int, T3)"
PyTorch:BasicsTransformerLM.layers.11,PushPop,343,343,12,72,713603,9911.2,6880.0,6656,16800,4377.5,"void at::native::vectorized_elementwise_kernel<(int)4, at::native::CUDAFunctor_add<float>, std::array<char *, (unsigned long)3>>(int, T2, T3)"
PyTorch:BasicsTransformerLM.layers.11,PushPop,343,343,12,12,587362,48946.8,49040.0,47808,50208,615.2,"void at::native::vectorized_elementwise_kernel<(int)4, at::native::sigmoid_kernel_cuda(at::TensorIteratorBase &)::[lambda() (instance 2)]::operator ()() const::[lambda() (instance 2)]::operator ()() const::[lambda(float) (instance 1)], std::array<char *, (unsigned long)2>>(int, T2, T3)"
PyTorch:BasicsTransformerLM.layers.11,PushPop,343,343,12,24,227236,9468.2,9488.0,9120,9761,153.4,"void at::native::vectorized_elementwise_kernel<(int)4, void at::native::<unnamed>::pow_tensor_scalar_kernel_impl<float, float>(at::TensorIteratorBase &, T2)::[lambda(float) (instance 1)], std::array<char *, (unsigned long)2>>(int, T2, T3)"
PyTorch:BasicsTransformerLM.layers.11,PushPop,343,343,12,24,185184,7716.0,7824.0,7104,8384,428.4,"void at::native::reduce_kernel<(int)512, (int)1, at::native::ReduceOp<float, at::native::MeanOps<float, float, float, float>, unsigned int, float, (int)4, (int)4>>(T3)"
PyTorch:BasicsTransformerLM.layers.11,PushPop,343,343,12,12,103648,8637.3,8624.0,8576,8736,50.1,"void at::native::elementwise_kernel<(int)128, (int)4, void at::native::gpu_kernel_impl_nocast<at::native::<unnamed>::CompareFunctor<long>>(at::TensorIteratorBase &, const T1 &)::[lambda(int) (instance 1)]>(int, T3)"
PyTorch:BasicsTransformerLM.layers.11,PushPop,343,343,12,24,38176,1590.7,1568.0,1536,1824,73.4,"void at::native::vectorized_elementwise_kernel<(int)4, at::native::CUDAFunctorOnSelf_add<float>, std::array<char *, (unsigned long)2>>(int, T2, T3)"
PyTorch:BasicsTransformerLM.layers.11,PushPop,343,343,12,24,36224,1509.3,1472.0,1440,1696,73.5,"void at::native::vectorized_elementwise_kernel<(int)4, at::native::rsqrt_kernel_cuda(at::TensorIteratorBase &)::[lambda() (instance 2)]::operator ()() const::[lambda() (instance 2)]::operator ()() const::[lambda(float) (instance 1)], std::array<char *, (unsigned long)2>>(int, T2, T3)"
PyTorch:BasicsTransformerLM.layers.11,PushPop,343,343,12,12,14112,1176.0,1152.0,1120,1376,71.1,"void <unnamed>::elementwise_kernel_with_index<int, at::native::arange_cuda_out(const c10::Scalar &, const c10::Scalar &, const c10::Scalar &, at::Tensor &)::[lambda() (instance 1)]::operator ()() const::[lambda() (instance 4)]::operator ()() const::[lambda(long) (instance 1)]>(T1, T2, function_traits<T2>::result_type *)"
PyTorch:BasicsTransformerLM.layers.11,PushPop,343,343,12,12,12640,1053.3,1088.0,928,1152,86.8,"void at::native::vectorized_elementwise_kernel<(int)4, at::native::FillFunctor<float>, std::array<char *, (unsigned long)1>>(int, T2, T3)"
PyTorch:BasicsTransformerLM.layers.11.attn,PushPop,343,343,12,48,24776300,516172.9,514657.0,513889,521536,2810.9,cutlass3x_sm100_simt_sgemm_f32_f32_f32_f32_f32_64x128x16_1x1x1_3_tnn_align1_bias_f32_relu
PyTorch:BasicsTransformerLM.layers.11.attn,PushPop,343,343,12,12,14595160,1216263.3,1216129.5,1214626,1218753,1021.1,cutlass3x_sm100_simt_sgemm_f32_f32_f32_f32_f32_128x128x16_1x1x1_3_tnn_align1_bias_f32_relu
PyTorch:BasicsTransformerLM.layers.11.attn,PushPop,343,343,12,12,12245400,1020450.0,1020322.5,1019587,1021825,564.8,"void at::native::elementwise_kernel<(int)128, (int)2, void at::native::gpu_kernel_impl_nocast<at::native::BinaryFunctor<float, float, float, at::native::binary_internal::DivFunctor<float>>>(at::TensorIteratorBase &, const T1 &)::[lambda(int) (instance 1)]>(int, T3)"
PyTorch:BasicsTransformerLM.layers.11.attn,PushPop,343,343,12,12,10649941,887495.1,887601.5,886688,888033,347.2,"void at::native::elementwise_kernel<(int)128, (int)2, void at::native::gpu_kernel_impl_nocast<at::native::<unnamed>::where_kernel_impl(at::TensorIterator &)::[lambda() (instance 1)]::operator ()() const::[lambda() (instance 11)]::operator ()() const::[lambda(bool, float, float) (instance 1)]>(at::TensorIteratorBase &, const T1 &)::[lambda(int) (instance 1)]>(int, T3)"
PyTorch:BasicsTransformerLM.layers.11.attn,PushPop,343,343,12,12,10583733,881977.8,881922.5,880770,883617,875.7,"void at::native::elementwise_kernel<(int)128, (int)2, void at::native::gpu_kernel_impl_nocast<at::native::CUDAFunctor_add<float>>(at::TensorIteratorBase &, const T1 &)::[lambda(int) (instance 1)]>(int, T3)"
PyTorch:BasicsTransformerLM.layers.11.attn,PushPop,343,343,12,12,9776851,814737.6,814594.0,813858,816353,703.7,cutlass3x_sm100_simt_sgemm_f32_f32_f32_f32_f32_64x128x16_1x1x1_3_nnn_align1_bias_f32_relu
PyTorch:BasicsTransformerLM.layers.11.attn,PushPop,343,343,12,12,4651307,387608.9,387441.0,385120,390177,1290.0,"void at::native::vectorized_elementwise_kernel<(int)4, at::native::BUnaryFunctor<float, float, float, at::native::binary_internal::MulFunctor<float>>, std::array<char *, (unsigned long)2>>(int, T2, T3)"
PyTorch:BasicsTransformerLM.layers.11.attn,PushPop,343,343,12,12,4622216,385184.7,385185.0,383905,386400,809.5,"void at::native::vectorized_elementwise_kernel<(int)4, at::native::exp_kernel_cuda(at::TensorIteratorBase &)::[lambda() (instance 2)]::operator ()() const::[lambda() (instance 2)]::operator ()() const::[lambda(float) (instance 1)], std::array<char *, (unsigned long)2>>(int, T2, T3)"
PyTorch:BasicsTransformerLM.layers.11.attn,PushPop,343,343,12,12,3792615,316051.3,316000.5,315553,316513,287.3,"void at::native::reduce_kernel<(int)512, (int)1, at::native::ReduceOp<float, at::native::MaxOps<float>, unsigned int, float, (int)4, (int)4>>(T3)"
PyTorch:BasicsTransformerLM.layers.11.attn,PushPop,343,343,12,12,2737348,228112.3,228016.5,227520,229408,556.3,"void at::native::reduce_kernel<(int)512, (int)1, at::native::ReduceOp<float, at::native::func_wrapper_t<float, at::native::sum_functor<float, float, float>::operator ()(at::TensorIterator &)::[lambda(float, float) (instance 1)]>, unsigned int, float, (int)4, (int)4>>(T3)"
PyTorch:BasicsTransformerLM.layers.11.attn,PushPop,343,343,12,96,1609124,16761.7,16384.0,14880,19776,1726.8,"void at::native::elementwise_kernel<(int)128, (int)2, void at::native::gpu_kernel_impl_nocast<at::native::BinaryFunctor<float, float, float, at::native::binary_internal::MulFunctor<float>>>(at::TensorIteratorBase &, const T1 &)::[lambda(int) (instance 1)]>(int, T3)"
PyTorch:BasicsTransformerLM.layers.11.attn,PushPop,343,343,12,24,1302561,54273.4,54176.0,53760,55456,348.5,"void at::native::<unnamed>::CatArrayBatchedCopy<at::native::<unnamed>::OpaqueType<(unsigned int)4>, unsigned int, (int)4, (int)64, (int)64>(T1 *, at::native::<unnamed>::CatArrInputTensorMetadata<T1, T2, T4, T5>, at::native::<unnamed>::TensorSizeStride<T2, (unsigned int)4>, int, T2)"
PyTorch:BasicsTransformerLM.layers.11.attn,PushPop,343,343,12,24,744288,31012.0,31056.0,29248,32768,1519.2,"void at::native::elementwise_kernel<(int)128, (int)2, void at::native::gpu_kernel_impl_nocast<at::native::direct_copy_kernel_cuda(at::TensorIteratorBase &)::[lambda() (instance 3)]::operator ()() const::[lambda() (instance 7)]::operator ()() const::[lambda(float) (instance 1)]>(at::TensorIteratorBase &, const T1 &)::[lambda(int) (instance 1)]>(int, T3)"
PyTorch:BasicsTransformerLM.layers.11.attn,PushPop,343,343,12,48,328322,6840.0,6848.0,6656,7168,91.8,"void at::native::vectorized_elementwise_kernel<(int)4, at::native::CUDAFunctor_add<float>, std::array<char *, (unsigned long)3>>(int, T2, T3)"
PyTorch:BasicsTransformerLM.layers.11.attn,PushPop,343,343,12,12,103648,8637.3,8624.0,8576,8736,50.1,"void at::native::elementwise_kernel<(int)128, (int)4, void at::native::gpu_kernel_impl_nocast<at::native::<unnamed>::CompareFunctor<long>>(at::TensorIteratorBase &, const T1 &)::[lambda(int) (instance 1)]>(int, T3)"
PyTorch:BasicsTransformerLM.layers.11.attn,PushPop,343,343,12,12,14112,1176.0,1152.0,1120,1376,71.1,"void <unnamed>::elementwise_kernel_with_index<int, at::native::arange_cuda_out(const c10::Scalar &, const c10::Scalar &, const c10::Scalar &, at::Tensor &)::[lambda() (instance 1)]::operator ()() const::[lambda() (instance 4)]::operator ()() const::[lambda(long) (instance 1)]>(T1, T2, function_traits<T2>::result_type *)"
PyTorch:BasicsTransformerLM.layers.11.attn,PushPop,343,343,12,12,12640,1053.3,1088.0,928,1152,86.8,"void at::native::vectorized_elementwise_kernel<(int)4, at::native::FillFunctor<float>, std::array<char *, (unsigned long)1>>(int, T2, T3)"
PyTorch:BasicsTransformerLM.layers.11.attn.k_proj,PushPop,343,343,12,12,6177453,514787.8,514641.5,514146,516577,599.1,cutlass3x_sm100_simt_sgemm_f32_f32_f32_f32_f32_64x128x16_1x1x1_3_tnn_align1_bias_f32_relu
PyTorch:BasicsTransformerLM.layers.11.attn.output_proj,PushPop,343,343,12,12,6250955,520912.9,520849.0,520481,521536,340.4,cutlass3x_sm100_simt_sgemm_f32_f32_f32_f32_f32_64x128x16_1x1x1_3_tnn_align1_bias_f32_relu
PyTorch:BasicsTransformerLM.layers.11.attn.q_proj,PushPop,343,343,12,12,6172203,514350.3,514193.0,513889,516256,650.2,cutlass3x_sm100_simt_sgemm_f32_f32_f32_f32_f32_64x128x16_1x1x1_3_tnn_align1_bias_f32_relu
PyTorch:BasicsTransformerLM.layers.11.attn.v_proj,PushPop,343,343,12,12,6175689,514640.8,514576.5,514306,515104,272.4,cutlass3x_sm100_simt_sgemm_f32_f32_f32_f32_f32_64x128x16_1x1x1_3_tnn_align1_bias_f32_relu
PyTorch:BasicsTransformerLM.layers.11.ffn,PushPop,343,343,12,24,42193805,1758075.2,1758162.5,1752645,1766178,4772.4,cutlass3x_sm100_simt_sgemm_f32_f32_f32_f32_f32_128x128x16_1x1x1_3_tnn_align1_bias_f32_relu
PyTorch:BasicsTransformerLM.layers.11.ffn,PushPop,343,343,12,12,21669705,1805808.8,1805874.5,1804133,1807045,895.9,cutlass3x_sm100_simt_sgemm_f32_f32_f32_f32_f32_128x64x16_1x1x1_3_tnn_align1_bias_f32_relu
PyTorch:BasicsTransformerLM.layers.11.ffn,PushPop,343,343,12,24,1765123,73546.8,73504.0,72192,75040,1004.9,"void at::native::vectorized_elementwise_kernel<(int)4, at::native::BinaryFunctor<float, float, float, at::native::binary_internal::MulFunctor<float>>, std::array<char *, (unsigned long)3>>(int, T2, T3)"
PyTorch:BasicsTransformerLM.layers.11.ffn,PushPop,343,343,12,12,587362,48946.8,49040.0,47808,50208,615.2,"void at::native::vectorized_elementwise_kernel<(int)4, at::native::sigmoid_kernel_cuda(at::TensorIteratorBase &)::[lambda() (instance 2)]::operator ()() const::[lambda() (instance 2)]::operator ()() const::[lambda(float) (instance 1)], std::array<char *, (unsigned long)2>>(int, T2, T3)"
PyTorch:BasicsTransformerLM.layers.11.ffn.w1,PushPop,343,343,12,12,21151559,1762629.9,1762436.0,1761028,1766178,1372.0,cutlass3x_sm100_simt_sgemm_f32_f32_f32_f32_f32_128x128x16_1x1x1_3_tnn_align1_bias_f32_relu
PyTorch:BasicsTransformerLM.layers.11.ffn.w2,PushPop,343,343,12,12,21669705,1805808.8,1805874.5,1804133,1807045,895.9,cutlass3x_sm100_simt_sgemm_f32_f32_f32_f32_f32_128x64x16_1x1x1_3_tnn_align1_bias_f32_relu
PyTorch:BasicsTransformerLM.layers.11.ffn.w3,PushPop,343,343,12,12,21042246,1753520.5,1753331.5,1752645,1755297,691.2,cutlass3x_sm100_simt_sgemm_f32_f32_f32_f32_f32_128x128x16_1x1x1_3_tnn_align1_bias_f32_relu
PyTorch:BasicsTransformerLM.layers.11.ln1,PushPop,343,343,12,24,573889,23912.0,23824.0,23456,24576,313.5,"void at::native::elementwise_kernel<(int)128, (int)2, void at::native::gpu_kernel_impl_nocast<at::native::BinaryFunctor<float, float, float, at::native::binary_internal::MulFunctor<float>>>(at::TensorIteratorBase &, const T1 &)::[lambda(int) (instance 1)]>(int, T3)"
PyTorch:BasicsTransformerLM.layers.11.ln1,PushPop,343,343,12,12,113443,9453.6,9392.5,9280,9761,161.8,"void at::native::vectorized_elementwise_kernel<(int)4, void at::native::<unnamed>::pow_tensor_scalar_kernel_impl<float, float>(at::TensorIteratorBase &, T2)::[lambda(float) (instance 1)], std::array<char *, (unsigned long)2>>(int, T2, T3)"
PyTorch:BasicsTransformerLM.layers.11.ln1,PushPop,343,343,12,12,91712,7642.7,7712.0,7104,8160,428.2,"void at::native::reduce_kernel<(int)512, (int)1, at::native::ReduceOp<float, at::native::MeanOps<float, float, float, float>, unsigned int, float, (int)4, (int)4>>(T3)"
PyTorch:BasicsTransformerLM.layers.11.ln1,PushPop,343,343,12,12,19136,1594.7,1568.0,1536,1824,88.3,"void at::native::vectorized_elementwise_kernel<(int)4, at::native::CUDAFunctorOnSelf_add<float>, std::array<char *, (unsigned long)2>>(int, T2, T3)"
PyTorch:BasicsTransformerLM.layers.11.ln1,PushPop,343,343,12,12,18016,1501.3,1472.0,1440,1664,75.3,"void at::native::vectorized_elementwise_kernel<(int)4, at::native::rsqrt_kernel_cuda(at::TensorIteratorBase &)::[lambda() (instance 2)]::operator ()() const::[lambda() (instance 2)]::operator ()() const::[lambda(float) (instance 1)], std::array<char *, (unsigned long)2>>(int, T2, T3)"
PyTorch:BasicsTransformerLM.layers.11.ln2,PushPop,343,343,12,24,570912,23788.0,23808.0,23360,24192,206.3,"void at::native::elementwise_kernel<(int)128, (int)2, void at::native::gpu_kernel_impl_nocast<at::native::BinaryFunctor<float, float, float, at::native::binary_internal::MulFunctor<float>>>(at::TensorIteratorBase &, const T1 &)::[lambda(int) (instance 1)]>(int, T3)"
PyTorch:BasicsTransformerLM.layers.11.ln2,PushPop,343,343,12,12,113793,9482.8,9536.0,9120,9664,150.2,"void at::native::vectorized_elementwise_kernel<(int)4, void at::native::<unnamed>::pow_tensor_scalar_kernel_impl<float, float>(at::TensorIteratorBase &, T2)::[lambda(float) (instance 1)], std::array<char *, (unsigned long)2>>(int, T2, T3)"
PyTorch:BasicsTransformerLM.layers.11.ln2,PushPop,343,343,12,12,93472,7789.3,7920.0,7200,8384,434.4,"void at::native::reduce_kernel<(int)512, (int)1, at::native::ReduceOp<float, at::native::MeanOps<float, float, float, float>, unsigned int, float, (int)4, (int)4>>(T3)"
PyTorch:BasicsTransformerLM.layers.11.ln2,PushPop,343,343,12,12,19040,1586.7,1568.0,1536,1760,58.6,"void at::native::vectorized_elementwise_kernel<(int)4, at::native::CUDAFunctorOnSelf_add<float>, std::array<char *, (unsigned long)2>>(int, T2, T3)"
PyTorch:BasicsTransformerLM.layers.11.ln2,PushPop,343,343,12,12,18208,1517.3,1472.0,1472,1696,74.1,"void at::native::vectorized_elementwise_kernel<(int)4, at::native::rsqrt_kernel_cuda(at::TensorIteratorBase &)::[lambda() (instance 2)]::operator ()() const::[lambda() (instance 2)]::operator ()() const::[lambda(float) (instance 1)], std::array<char *, (unsigned long)2>>(int, T2, T3)"
PyTorch:BasicsTransformerLM.layers.12,PushPop,343,343,12,36,56793128,1577586.9,1753412.0,1214946,1764929,259060.2,cutlass3x_sm100_simt_sgemm_f32_f32_f32_f32_f32_128x128x16_1x1x1_3_tnn_align1_bias_f32_relu
PyTorch:BasicsTransformerLM.layers.12,PushPop,343,343,12,48,24777457,516197.0,514785.0,513857,521857,2801.3,cutlass3x_sm100_simt_sgemm_f32_f32_f32_f32_f32_64x128x16_1x1x1_3_tnn_align1_bias_f32_relu
PyTorch:BasicsTransformerLM.layers.12,PushPop,343,343,12,12,21669800,1805816.7,1805588.5,1804133,1808833,1406.4,cutlass3x_sm100_simt_sgemm_f32_f32_f32_f32_f32_128x64x16_1x1x1_3_tnn_align1_bias_f32_relu
PyTorch:BasicsTransformerLM.layers.12,PushPop,343,343,12,12,12247864,1020655.3,1020770.5,1019906,1021665,565.4,"void at::native::elementwise_kernel<(int)128, (int)2, void at::native::gpu_kernel_impl_nocast<at::native::BinaryFunctor<float, float, float, at::native::binary_internal::DivFunctor<float>>>(at::TensorIteratorBase &, const T1 &)::[lambda(int) (instance 1)]>(int, T3)"
PyTorch:BasicsTransformerLM.layers.12,PushPop,343,343,12,12,10652437,887703.1,887746.0,887170,888385,394.1,"void at::native::elementwise_kernel<(int)128, (int)2, void at::native::gpu_kernel_impl_nocast<at::native::<unnamed>::where_kernel_impl(at::TensorIterator &)::[lambda() (instance 1)]::operator ()() const::[lambda() (instance 11)]::operator ()() const::[lambda(bool, float, float) (instance 1)]>(at::TensorIteratorBase &, const T1 &)::[lambda(int) (instance 1)]>(int, T3)"
PyTorch:BasicsTransformerLM.layers.12,PushPop,343,343,12,12,10588853,882404.4,882145.5,881123,883842,944.6,"void at::native::elementwise_kernel<(int)128, (int)2, void at::native::gpu_kernel_impl_nocast<at::native::CUDAFunctor_add<float>>(at::TensorIteratorBase &, const T1 &)::[lambda(int) (instance 1)]>(int, T3)"
PyTorch:BasicsTransformerLM.layers.12,PushPop,343,343,12,12,9777684,814807.0,814450.0,813922,816225,738.6,cutlass3x_sm100_simt_sgemm_f32_f32_f32_f32_f32_64x128x16_1x1x1_3_nnn_align1_bias_f32_relu
PyTorch:BasicsTransformerLM.layers.12,PushPop,343,343,12,12,4652584,387715.3,387488.0,386688,389409,918.2,"void at::native::vectorized_elementwise_kernel<(int)4, at::native::BUnaryFunctor<float, float, float, at::native::binary_internal::MulFunctor<float>>, std::array<char *, (unsigned long)2>>(int, T2, T3)"
PyTorch:BasicsTransformerLM.layers.12,PushPop,343,343,12,12,4621896,385158.0,385073.0,384064,386625,755.4,"void at::native::vectorized_elementwise_kernel<(int)4, at::native::exp_kernel_cuda(at::TensorIteratorBase &)::[lambda() (instance 2)]::operator ()() const::[lambda() (instance 2)]::operator ()() const::[lambda(float) (instance 1)], std::array<char *, (unsigned long)2>>(int, T2, T3)"
PyTorch:BasicsTransformerLM.layers.12,PushPop,343,343,12,12,3788581,315715.1,315713.0,315137,316224,245.6,"void at::native::reduce_kernel<(int)512, (int)1, at::native::ReduceOp<float, at::native::MaxOps<float>, unsigned int, float, (int)4, (int)4>>(T3)"
PyTorch:BasicsTransformerLM.layers.12,PushPop,343,343,12,144,2756676,19143.6,18592.0,14880,24384,3625.4,"void at::native::elementwise_kernel<(int)128, (int)2, void at::native::gpu_kernel_impl_nocast<at::native::BinaryFunctor<float, float, float, at::native::binary_internal::MulFunctor<float>>>(at::TensorIteratorBase &, const T1 &)::[lambda(int) (instance 1)]>(int, T3)"
PyTorch:BasicsTransformerLM.layers.12,PushPop,343,343,12,12,2741091,228424.3,228432.0,227904,228897,296.4,"void at::native::reduce_kernel<(int)512, (int)1, at::native::ReduceOp<float, at::native::func_wrapper_t<float, at::native::sum_functor<float, float, float>::operator ()(at::TensorIterator &)::[lambda(float, float) (instance 1)]>, unsigned int, float, (int)4, (int)4>>(T3)"
PyTorch:BasicsTransformerLM.layers.12,PushPop,343,343,12,24,1771431,73809.6,73776.0,72256,75713,964.7,"void at::native::vectorized_elementwise_kernel<(int)4, at::native::BinaryFunctor<float, float, float, at::native::binary_internal::MulFunctor<float>>, std::array<char *, (unsigned long)3>>(int, T2, T3)"
PyTorch:BasicsTransformerLM.layers.12,PushPop,343,343,12,24,1306240,54426.7,54400.0,53856,55232,337.6,"void at::native::<unnamed>::CatArrayBatchedCopy<at::native::<unnamed>::OpaqueType<(unsigned int)4>, unsigned int, (int)4, (int)64, (int)64>(T1 *, at::native::<unnamed>::CatArrInputTensorMetadata<T1, T2, T4, T5>, at::native::<unnamed>::TensorSizeStride<T2, (unsigned int)4>, int, T2)"
PyTorch:BasicsTransformerLM.layers.12,PushPop,343,343,12,24,744065,31002.7,31072.0,29312,33024,1539.7,"void at::native::elementwise_kernel<(int)128, (int)2, void at::native::gpu_kernel_impl_nocast<at::native::direct_copy_kernel_cuda(at::TensorIteratorBase &)::[lambda() (instance 3)]::operator ()() const::[lambda() (instance 7)]::operator ()() const::[lambda(float) (instance 1)]>(at::TensorIteratorBase &, const T1 &)::[lambda(int) (instance 1)]>(int, T3)"
PyTorch:BasicsTransformerLM.layers.12,PushPop,343,343,12,72,713088,9904.0,6880.0,6624,17632,4381.9,"void at::native::vectorized_elementwise_kernel<(int)4, at::native::CUDAFunctor_add<float>, std::array<char *, (unsigned long)3>>(int, T2, T3)"
PyTorch:BasicsTransformerLM.layers.12,PushPop,343,343,12,12,586371,48864.3,48832.0,48320,49280,319.3,"void at::native::vectorized_elementwise_kernel<(int)4, at::native::sigmoid_kernel_cuda(at::TensorIteratorBase &)::[lambda() (instance 2)]::operator ()() const::[lambda() (instance 2)]::operator ()() const::[lambda(float) (instance 1)], std::array<char *, (unsigned long)2>>(int, T2, T3)"
PyTorch:BasicsTransformerLM.layers.12,PushPop,343,343,12,24,228193,9508.0,9520.0,9280,9824,134.2,"void at::native::vectorized_elementwise_kernel<(int)4, void at::native::<unnamed>::pow_tensor_scalar_kernel_impl<float, float>(at::TensorIteratorBase &, T2)::[lambda(float) (instance 1)], std::array<char *, (unsigned long)2>>(int, T2, T3)"
PyTorch:BasicsTransformerLM.layers.12,PushPop,343,343,12,24,184928,7705.3,7680.0,7136,8544,361.4,"void at::native::reduce_kernel<(int)512, (int)1, at::native::ReduceOp<float, at::native::MeanOps<float, float, float, float>, unsigned int, float, (int)4, (int)4>>(T3)"
PyTorch:BasicsTransformerLM.layers.12,PushPop,343,343,12,12,103840,8653.3,8640.0,8576,8768,57.0,"void at::native::elementwise_kernel<(int)128, (int)4, void at::native::gpu_kernel_impl_nocast<at::native::<unnamed>::CompareFunctor<long>>(at::TensorIteratorBase &, const T1 &)::[lambda(int) (instance 1)]>(int, T3)"
PyTorch:BasicsTransformerLM.layers.12,PushPop,343,343,12,24,38144,1589.3,1568.0,1536,1760,57.9,"void at::native::vectorized_elementwise_kernel<(int)4, at::native::CUDAFunctorOnSelf_add<float>, std::array<char *, (unsigned long)2>>(int, T2, T3)"
PyTorch:BasicsTransformerLM.layers.12,PushPop,343,343,12,24,36480,1520.0,1472.0,1440,1728,77.8,"void at::native::vectorized_elementwise_kernel<(int)4, at::native::rsqrt_kernel_cuda(at::TensorIteratorBase &)::[lambda() (instance 2)]::operator ()() const::[lambda() (instance 2)]::operator ()() const::[lambda(float) (instance 1)], std::array<char *, (unsigned long)2>>(int, T2, T3)"
PyTorch:BasicsTransformerLM.layers.12,PushPop,343,343,12,12,14016,1168.0,1152.0,1120,1280,42.1,"void <unnamed>::elementwise_kernel_with_index<int, at::native::arange_cuda_out(const c10::Scalar &, const c10::Scalar &, const c10::Scalar &, at::Tensor &)::[lambda() (instance 1)]::operator ()() const::[lambda() (instance 4)]::operator ()() const::[lambda(long) (instance 1)]>(T1, T2, function_traits<T2>::result_type *)"
PyTorch:BasicsTransformerLM.layers.12,PushPop,343,343,12,12,12768,1064.0,992.0,928,1408,138.6,"void at::native::vectorized_elementwise_kernel<(int)4, at::native::FillFunctor<float>, std::array<char *, (unsigned long)1>>(int, T2, T3)"
PyTorch:BasicsTransformerLM.layers.12.attn,PushPop,343,343,12,48,24777457,516197.0,514785.0,513857,521857,2801.3,cutlass3x_sm100_simt_sgemm_f32_f32_f32_f32_f32_64x128x16_1x1x1_3_tnn_align1_bias_f32_relu
PyTorch:BasicsTransformerLM.layers.12.attn,PushPop,343,343,12,12,14596637,1216386.4,1216163.5,1214946,1219809,1249.1,cutlass3x_sm100_simt_sgemm_f32_f32_f32_f32_f32_128x128x16_1x1x1_3_tnn_align1_bias_f32_relu
PyTorch:BasicsTransformerLM.layers.12.attn,PushPop,343,343,12,12,12247864,1020655.3,1020770.5,1019906,1021665,565.4,"void at::native::elementwise_kernel<(int)128, (int)2, void at::native::gpu_kernel_impl_nocast<at::native::BinaryFunctor<float, float, float, at::native::binary_internal::DivFunctor<float>>>(at::TensorIteratorBase &, const T1 &)::[lambda(int) (instance 1)]>(int, T3)"
PyTorch:BasicsTransformerLM.layers.12.attn,PushPop,343,343,12,12,10652437,887703.1,887746.0,887170,888385,394.1,"void at::native::elementwise_kernel<(int)128, (int)2, void at::native::gpu_kernel_impl_nocast<at::native::<unnamed>::where_kernel_impl(at::TensorIterator &)::[lambda() (instance 1)]::operator ()() const::[lambda() (instance 11)]::operator ()() const::[lambda(bool, float, float) (instance 1)]>(at::TensorIteratorBase &, const T1 &)::[lambda(int) (instance 1)]>(int, T3)"
PyTorch:BasicsTransformerLM.layers.12.attn,PushPop,343,343,12,12,10588853,882404.4,882145.5,881123,883842,944.6,"void at::native::elementwise_kernel<(int)128, (int)2, void at::native::gpu_kernel_impl_nocast<at::native::CUDAFunctor_add<float>>(at::TensorIteratorBase &, const T1 &)::[lambda(int) (instance 1)]>(int, T3)"
PyTorch:BasicsTransformerLM.layers.12.attn,PushPop,343,343,12,12,9777684,814807.0,814450.0,813922,816225,738.6,cutlass3x_sm100_simt_sgemm_f32_f32_f32_f32_f32_64x128x16_1x1x1_3_nnn_align1_bias_f32_relu
PyTorch:BasicsTransformerLM.layers.12.attn,PushPop,343,343,12,12,4652584,387715.3,387488.0,386688,389409,918.2,"void at::native::vectorized_elementwise_kernel<(int)4, at::native::BUnaryFunctor<float, float, float, at::native::binary_internal::MulFunctor<float>>, std::array<char *, (unsigned long)2>>(int, T2, T3)"
PyTorch:BasicsTransformerLM.layers.12.attn,PushPop,343,343,12,12,4621896,385158.0,385073.0,384064,386625,755.4,"void at::native::vectorized_elementwise_kernel<(int)4, at::native::exp_kernel_cuda(at::TensorIteratorBase &)::[lambda() (instance 2)]::operator ()() const::[lambda() (instance 2)]::operator ()() const::[lambda(float) (instance 1)], std::array<char *, (unsigned long)2>>(int, T2, T3)"
PyTorch:BasicsTransformerLM.layers.12.attn,PushPop,343,343,12,12,3788581,315715.1,315713.0,315137,316224,245.6,"void at::native::reduce_kernel<(int)512, (int)1, at::native::ReduceOp<float, at::native::MaxOps<float>, unsigned int, float, (int)4, (int)4>>(T3)"
PyTorch:BasicsTransformerLM.layers.12.attn,PushPop,343,343,12,12,2741091,228424.3,228432.0,227904,228897,296.4,"void at::native::reduce_kernel<(int)512, (int)1, at::native::ReduceOp<float, at::native::func_wrapper_t<float, at::native::sum_functor<float, float, float>::operator ()(at::TensorIterator &)::[lambda(float, float) (instance 1)]>, unsigned int, float, (int)4, (int)4>>(T3)"
PyTorch:BasicsTransformerLM.layers.12.attn,PushPop,343,343,12,96,1612290,16794.7,17008.0,14880,20064,1737.9,"void at::native::elementwise_kernel<(int)128, (int)2, void at::native::gpu_kernel_impl_nocast<at::native::BinaryFunctor<float, float, float, at::native::binary_internal::MulFunctor<float>>>(at::TensorIteratorBase &, const T1 &)::[lambda(int) (instance 1)]>(int, T3)"
PyTorch:BasicsTransformerLM.layers.12.attn,PushPop,343,343,12,24,1306240,54426.7,54400.0,53856,55232,337.6,"void at::native::<unnamed>::CatArrayBatchedCopy<at::native::<unnamed>::OpaqueType<(unsigned int)4>, unsigned int, (int)4, (int)64, (int)64>(T1 *, at::native::<unnamed>::CatArrInputTensorMetadata<T1, T2, T4, T5>, at::native::<unnamed>::TensorSizeStride<T2, (unsigned int)4>, int, T2)"
PyTorch:BasicsTransformerLM.layers.12.attn,PushPop,343,343,12,24,744065,31002.7,31072.0,29312,33024,1539.7,"void at::native::elementwise_kernel<(int)128, (int)2, void at::native::gpu_kernel_impl_nocast<at::native::direct_copy_kernel_cuda(at::TensorIteratorBase &)::[lambda() (instance 3)]::operator ()() const::[lambda() (instance 7)]::operator ()() const::[lambda(float) (instance 1)]>(at::TensorIteratorBase &, const T1 &)::[lambda(int) (instance 1)]>(int, T3)"
PyTorch:BasicsTransformerLM.layers.12.attn,PushPop,343,343,12,48,327936,6832.0,6816.0,6624,7392,123.5,"void at::native::vectorized_elementwise_kernel<(int)4, at::native::CUDAFunctor_add<float>, std::array<char *, (unsigned long)3>>(int, T2, T3)"
PyTorch:BasicsTransformerLM.layers.12.attn,PushPop,343,343,12,12,103840,8653.3,8640.0,8576,8768,57.0,"void at::native::elementwise_kernel<(int)128, (int)4, void at::native::gpu_kernel_impl_nocast<at::native::<unnamed>::CompareFunctor<long>>(at::TensorIteratorBase &, const T1 &)::[lambda(int) (instance 1)]>(int, T3)"
PyTorch:BasicsTransformerLM.layers.12.attn,PushPop,343,343,12,12,14016,1168.0,1152.0,1120,1280,42.1,"void <unnamed>::elementwise_kernel_with_index<int, at::native::arange_cuda_out(const c10::Scalar &, const c10::Scalar &, const c10::Scalar &, at::Tensor &)::[lambda() (instance 1)]::operator ()() const::[lambda() (instance 4)]::operator ()() const::[lambda(long) (instance 1)]>(T1, T2, function_traits<T2>::result_type *)"
PyTorch:BasicsTransformerLM.layers.12.attn,PushPop,343,343,12,12,12768,1064.0,992.0,928,1408,138.6,"void at::native::vectorized_elementwise_kernel<(int)4, at::native::FillFunctor<float>, std::array<char *, (unsigned long)1>>(int, T2, T3)"
PyTorch:BasicsTransformerLM.layers.12.attn.k_proj,PushPop,343,343,12,12,6177035,514752.9,514848.5,514273,515073,255.7,cutlass3x_sm100_simt_sgemm_f32_f32_f32_f32_f32_64x128x16_1x1x1_3_tnn_align1_bias_f32_relu
PyTorch:BasicsTransformerLM.layers.12.attn.output_proj,PushPop,343,343,12,12,6251533,520961.1,520865.0,520225,521857,472.1,cutlass3x_sm100_simt_sgemm_f32_f32_f32_f32_f32_64x128x16_1x1x1_3_tnn_align1_bias_f32_relu
PyTorch:BasicsTransformerLM.layers.12.attn.q_proj,PushPop,343,343,12,12,6171981,514331.8,514385.5,513857,514593,211.8,cutlass3x_sm100_simt_sgemm_f32_f32_f32_f32_f32_64x128x16_1x1x1_3_tnn_align1_bias_f32_relu
PyTorch:BasicsTransformerLM.layers.12.attn.v_proj,PushPop,343,343,12,12,6176908,514742.3,514689.0,514433,515104,240.4,cutlass3x_sm100_simt_sgemm_f32_f32_f32_f32_f32_64x128x16_1x1x1_3_tnn_align1_bias_f32_relu
PyTorch:BasicsTransformerLM.layers.12.ffn,PushPop,343,343,12,24,42196491,1758187.1,1758275.0,1752996,1764929,4782.4,cutlass3x_sm100_simt_sgemm_f32_f32_f32_f32_f32_128x128x16_1x1x1_3_tnn_align1_bias_f32_relu
PyTorch:BasicsTransformerLM.layers.12.ffn,PushPop,343,343,12,12,21669800,1805816.7,1805588.5,1804133,1808833,1406.4,cutlass3x_sm100_simt_sgemm_f32_f32_f32_f32_f32_128x64x16_1x1x1_3_tnn_align1_bias_f32_relu
PyTorch:BasicsTransformerLM.layers.12.ffn,PushPop,343,343,12,24,1771431,73809.6,73776.0,72256,75713,964.7,"void at::native::vectorized_elementwise_kernel<(int)4, at::native::BinaryFunctor<float, float, float, at::native::binary_internal::MulFunctor<float>>, std::array<char *, (unsigned long)3>>(int, T2, T3)"
PyTorch:BasicsTransformerLM.layers.12.ffn,PushPop,343,343,12,12,586371,48864.3,48832.0,48320,49280,319.3,"void at::native::vectorized_elementwise_kernel<(int)4, at::native::sigmoid_kernel_cuda(at::TensorIteratorBase &)::[lambda() (instance 2)]::operator ()() const::[lambda() (instance 2)]::operator ()() const::[lambda(float) (instance 1)], std::array<char *, (unsigned long)2>>(int, T2, T3)"
PyTorch:BasicsTransformerLM.layers.12.ffn.w1,PushPop,343,343,12,12,21153541,1762795.1,1762787.5,1761348,1764929,1075.0,cutlass3x_sm100_simt_sgemm_f32_f32_f32_f32_f32_128x128x16_1x1x1_3_tnn_align1_bias_f32_relu
PyTorch:BasicsTransformerLM.layers.12.ffn.w2,PushPop,343,343,12,12,21669800,1805816.7,1805588.5,1804133,1808833,1406.4,cutlass3x_sm100_simt_sgemm_f32_f32_f32_f32_f32_128x64x16_1x1x1_3_tnn_align1_bias_f32_relu
PyTorch:BasicsTransformerLM.layers.12.ffn.w3,PushPop,343,343,12,12,21042950,1753579.2,1753412.0,1752996,1755202,582.4,cutlass3x_sm100_simt_sgemm_f32_f32_f32_f32_f32_128x128x16_1x1x1_3_tnn_align1_bias_f32_relu
PyTorch:BasicsTransformerLM.layers.12.ln1,PushPop,343,343,12,24,572193,23841.4,23824.0,23328,24288,215.5,"void at::native::elementwise_kernel<(int)128, (int)2, void at::native::gpu_kernel_impl_nocast<at::native::BinaryFunctor<float, float, float, at::native::binary_internal::MulFunctor<float>>>(at::TensorIteratorBase &, const T1 &)::[lambda(int) (instance 1)]>(int, T3)"
PyTorch:BasicsTransformerLM.layers.12.ln1,PushPop,343,343,12,12,113633,9469.4,9440.5,9280,9824,171.2,"void at::native::vectorized_elementwise_kernel<(int)4, void at::native::<unnamed>::pow_tensor_scalar_kernel_impl<float, float>(at::TensorIteratorBase &, T2)::[lambda(float) (instance 1)], std::array<char *, (unsigned long)2>>(int, T2, T3)"
PyTorch:BasicsTransformerLM.layers.12.ln1,PushPop,343,343,12,12,93152,7762.7,7680.0,7136,8544,399.6,"void at::native::reduce_kernel<(int)512, (int)1, at::native::ReduceOp<float, at::native::MeanOps<float, float, float, float>, unsigned int, float, (int)4, (int)4>>(T3)"
PyTorch:BasicsTransformerLM.layers.12.ln1,PushPop,343,343,12,12,19264,1605.3,1568.0,1536,1760,75.8,"void at::native::vectorized_elementwise_kernel<(int)4, at::native::CUDAFunctorOnSelf_add<float>, std::array<char *, (unsigned long)2>>(int, T2, T3)"
PyTorch:BasicsTransformerLM.layers.12.ln1,PushPop,343,343,12,12,18784,1565.3,1584.0,1440,1728,88.9,"void at::native::vectorized_elementwise_kernel<(int)4, at::native::rsqrt_kernel_cuda(at::TensorIteratorBase &)::[lambda() (instance 2)]::operator ()() const::[lambda() (instance 2)]::operator ()() const::[lambda(float) (instance 1)], std::array<char *, (unsigned long)2>>(int, T2, T3)"
PyTorch:BasicsTransformerLM.layers.12.ln2,PushPop,343,343,12,24,572193,23841.4,23792.5,23168,24384,329.7,"void at::native::elementwise_kernel<(int)128, (int)2, void at::native::gpu_kernel_impl_nocast<at::native::BinaryFunctor<float, float, float, at::native::binary_internal::MulFunctor<float>>>(at::TensorIteratorBase &, const T1 &)::[lambda(int) (instance 1)]>(int, T3)"
PyTorch:BasicsTransformerLM.layers.12.ln2,PushPop,343,343,12,12,114560,9546.7,9552.0,9408,9632,71.3,"void at::native::vectorized_elementwise_kernel<(int)4, void at::native::<unnamed>::pow_tensor_scalar_kernel_impl<float, float>(at::TensorIteratorBase &, T2)::[lambda(float) (instance 1)], std::array<char *, (unsigned long)2>>(int, T2, T3)"
PyTorch:BasicsTransformerLM.layers.12.ln2,PushPop,343,343,12,12,91776,7648.0,7680.0,7232,8256,326.1,"void at::native::reduce_kernel<(int)512, (int)1, at::native::ReduceOp<float, at::native::MeanOps<float, float, float, float>, unsigned int, float, (int)4, (int)4>>(T3)"
PyTorch:BasicsTransformerLM.layers.12.ln2,PushPop,343,343,12,12,18880,1573.3,1568.0,1536,1632,26.7,"void at::native::vectorized_elementwise_kernel<(int)4, at::native::CUDAFunctorOnSelf_add<float>, std::array<char *, (unsigned long)2>>(int, T2, T3)"
PyTorch:BasicsTransformerLM.layers.12.ln2,PushPop,343,343,12,12,17696,1474.7,1472.0,1440,1504,16.5,"void at::native::vectorized_elementwise_kernel<(int)4, at::native::rsqrt_kernel_cuda(at::TensorIteratorBase &)::[lambda() (instance 2)]::operator ()() const::[lambda() (instance 2)]::operator ()() const::[lambda(float) (instance 1)], std::array<char *, (unsigned long)2>>(int, T2, T3)"
PyTorch:BasicsTransformerLM.layers.13,PushPop,343,343,12,36,56781516,1577264.3,1753492.5,1214083,1765442,258955.3,cutlass3x_sm100_simt_sgemm_f32_f32_f32_f32_f32_128x128x16_1x1x1_3_tnn_align1_bias_f32_relu
PyTorch:BasicsTransformerLM.layers.13,PushPop,343,343,12,48,24778097,516210.4,514833.0,513730,521856,2768.2,cutlass3x_sm100_simt_sgemm_f32_f32_f32_f32_f32_64x128x16_1x1x1_3_tnn_align1_bias_f32_relu
PyTorch:BasicsTransformerLM.layers.13,PushPop,343,343,12,12,21670889,1805907.4,1805603.0,1803716,1809698,1711.9,cutlass3x_sm100_simt_sgemm_f32_f32_f32_f32_f32_128x64x16_1x1x1_3_tnn_align1_bias_f32_relu
PyTorch:BasicsTransformerLM.layers.13,PushPop,343,343,12,12,12246362,1020530.2,1020530.5,1019875,1021569,526.1,"void at::native::elementwise_kernel<(int)128, (int)2, void at::native::gpu_kernel_impl_nocast<at::native::BinaryFunctor<float, float, float, at::native::binary_internal::DivFunctor<float>>>(at::TensorIteratorBase &, const T1 &)::[lambda(int) (instance 1)]>(int, T3)"
PyTorch:BasicsTransformerLM.layers.13,PushPop,343,343,12,12,10651476,887623.0,887634.0,886915,888321,428.8,"void at::native::elementwise_kernel<(int)128, (int)2, void at::native::gpu_kernel_impl_nocast<at::native::<unnamed>::where_kernel_impl(at::TensorIterator &)::[lambda() (instance 1)]::operator ()() const::[lambda() (instance 11)]::operator ()() const::[lambda(bool, float, float) (instance 1)]>(at::TensorIteratorBase &, const T1 &)::[lambda(int) (instance 1)]>(int, T3)"
PyTorch:BasicsTransformerLM.layers.13,PushPop,343,343,12,12,10589745,882478.8,882402.0,881570,883330,505.6,"void at::native::elementwise_kernel<(int)128, (int)2, void at::native::gpu_kernel_impl_nocast<at::native::CUDAFunctor_add<float>>(at::TensorIteratorBase &, const T1 &)::[lambda(int) (instance 1)]>(int, T3)"
PyTorch:BasicsTransformerLM.layers.13,PushPop,343,343,12,12,9779313,814942.8,814658.0,814242,816448,699.7,cutlass3x_sm100_simt_sgemm_f32_f32_f32_f32_f32_64x128x16_1x1x1_3_nnn_align1_bias_f32_relu
PyTorch:BasicsTransformerLM.layers.13,PushPop,343,343,12,12,4651724,387643.7,387601.0,386497,389442,734.6,"void at::native::vectorized_elementwise_kernel<(int)4, at::native::BUnaryFunctor<float, float, float, at::native::binary_internal::MulFunctor<float>>, std::array<char *, (unsigned long)2>>(int, T2, T3)"
PyTorch:BasicsTransformerLM.layers.13,PushPop,343,343,12,12,4616619,384718.3,384609.0,383585,385921,602.2,"void at::native::vectorized_elementwise_kernel<(int)4, at::native::exp_kernel_cuda(at::TensorIteratorBase &)::[lambda() (instance 2)]::operator ()() const::[lambda() (instance 2)]::operator ()() const::[lambda(float) (instance 1)], std::array<char *, (unsigned long)2>>(int, T2, T3)"
PyTorch:BasicsTransformerLM.layers.13,PushPop,343,343,12,12,3791878,315989.8,316112.5,315425,316289,303.1,"void at::native::reduce_kernel<(int)512, (int)1, at::native::ReduceOp<float, at::native::MaxOps<float>, unsigned int, float, (int)4, (int)4>>(T3)"
PyTorch:BasicsTransformerLM.layers.13,PushPop,343,343,12,144,2754019,19125.1,18224.0,14848,24416,3634.0,"void at::native::elementwise_kernel<(int)128, (int)2, void at::native::gpu_kernel_impl_nocast<at::native::BinaryFunctor<float, float, float, at::native::binary_internal::MulFunctor<float>>>(at::TensorIteratorBase &, const T1 &)::[lambda(int) (instance 1)]>(int, T3)"
PyTorch:BasicsTransformerLM.layers.13,PushPop,343,343,12,12,2739716,228309.7,228144.5,227488,229376,558.5,"void at::native::reduce_kernel<(int)512, (int)1, at::native::ReduceOp<float, at::native::func_wrapper_t<float, at::native::sum_functor<float, float, float>::operator ()(at::TensorIterator &)::[lambda(float, float) (instance 1)]>, unsigned int, float, (int)4, (int)4>>(T3)"
PyTorch:BasicsTransformerLM.layers.13,PushPop,343,343,12,24,1768834,73701.4,73952.0,72288,75360,1108.8,"void at::native::vectorized_elementwise_kernel<(int)4, at::native::BinaryFunctor<float, float, float, at::native::binary_internal::MulFunctor<float>>, std::array<char *, (unsigned long)3>>(int, T2, T3)"
PyTorch:BasicsTransformerLM.layers.13,PushPop,343,343,12,24,1305954,54414.8,54400.0,54016,54912,244.7,"void at::native::<unnamed>::CatArrayBatchedCopy<at::native::<unnamed>::OpaqueType<(unsigned int)4>, unsigned int, (int)4, (int)64, (int)64>(T1 *, at::native::<unnamed>::CatArrInputTensorMetadata<T1, T2, T4, T5>, at::native::<unnamed>::TensorSizeStride<T2, (unsigned int)4>, int, T2)"
PyTorch:BasicsTransformerLM.layers.13,PushPop,343,343,12,24,743746,30989.4,31152.0,29184,32768,1497.9,"void at::native::elementwise_kernel<(int)128, (int)2, void at::native::gpu_kernel_impl_nocast<at::native::direct_copy_kernel_cuda(at::TensorIteratorBase &)::[lambda() (instance 3)]::operator ()() const::[lambda() (instance 7)]::operator ()() const::[lambda(float) (instance 1)]>(at::TensorIteratorBase &, const T1 &)::[lambda(int) (instance 1)]>(int, T3)"
PyTorch:BasicsTransformerLM.layers.13,PushPop,343,343,12,72,711426,9880.9,6912.0,6624,16768,4349.0,"void at::native::vectorized_elementwise_kernel<(int)4, at::native::CUDAFunctor_add<float>, std::array<char *, (unsigned long)3>>(int, T2, T3)"
PyTorch:BasicsTransformerLM.layers.13,PushPop,343,343,12,12,590209,49184.1,49200.0,48672,49728,359.9,"void at::native::vectorized_elementwise_kernel<(int)4, at::native::sigmoid_kernel_cuda(at::TensorIteratorBase &)::[lambda() (instance 2)]::operator ()() const::[lambda() (instance 2)]::operator ()() const::[lambda(float) (instance 1)], std::array<char *, (unsigned long)2>>(int, T2, T3)"
PyTorch:BasicsTransformerLM.layers.13,PushPop,343,343,12,24,227616,9484.0,9488.0,9120,9824,169.3,"void at::native::vectorized_elementwise_kernel<(int)4, void at::native::<unnamed>::pow_tensor_scalar_kernel_impl<float, float>(at::TensorIteratorBase &, T2)::[lambda(float) (instance 1)], std::array<char *, (unsigned long)2>>(int, T2, T3)"
PyTorch:BasicsTransformerLM.layers.13,PushPop,343,343,12,24,184513,7688.0,7616.0,7072,8864,431.1,"void at::native::reduce_kernel<(int)512, (int)1, at::native::ReduceOp<float, at::native::MeanOps<float, float, float, float>, unsigned int, float, (int)4, (int)4>>(T3)"
PyTorch:BasicsTransformerLM.layers.13,PushPop,343,343,12,12,103968,8664.0,8656.0,8608,8736,41.2,"void at::native::elementwise_kernel<(int)128, (int)4, void at::native::gpu_kernel_impl_nocast<at::native::<unnamed>::CompareFunctor<long>>(at::TensorIteratorBase &, const T1 &)::[lambda(int) (instance 1)]>(int, T3)"
PyTorch:BasicsTransformerLM.layers.13,PushPop,343,343,12,24,37952,1581.3,1568.0,1536,1728,39.9,"void at::native::vectorized_elementwise_kernel<(int)4, at::native::CUDAFunctorOnSelf_add<float>, std::array<char *, (unsigned long)2>>(int, T2, T3)"
PyTorch:BasicsTransformerLM.layers.13,PushPop,343,343,12,24,35232,1468.0,1472.0,1440,1504,17.2,"void at::native::vectorized_elementwise_kernel<(int)4, at::native::rsqrt_kernel_cuda(at::TensorIteratorBase &)::[lambda() (instance 2)]::operator ()() const::[lambda() (instance 2)]::operator ()() const::[lambda(float) (instance 1)], std::array<char *, (unsigned long)2>>(int, T2, T3)"
PyTorch:BasicsTransformerLM.layers.13,PushPop,343,343,12,12,14048,1170.7,1152.0,1120,1312,50.1,"void <unnamed>::elementwise_kernel_with_index<int, at::native::arange_cuda_out(const c10::Scalar &, const c10::Scalar &, const c10::Scalar &, at::Tensor &)::[lambda() (instance 1)]::operator ()() const::[lambda() (instance 4)]::operator ()() const::[lambda(long) (instance 1)]>(T1, T2, function_traits<T2>::result_type *)"
PyTorch:BasicsTransformerLM.layers.13,PushPop,343,343,12,12,12320,1026.7,992.0,928,1152,81.3,"void at::native::vectorized_elementwise_kernel<(int)4, at::native::FillFunctor<float>, std::array<char *, (unsigned long)1>>(int, T2, T3)"
PyTorch:BasicsTransformerLM.layers.13.attn,PushPop,343,343,12,48,24778097,516210.4,514833.0,513730,521856,2768.2,cutlass3x_sm100_simt_sgemm_f32_f32_f32_f32_f32_64x128x16_1x1x1_3_tnn_align1_bias_f32_relu
PyTorch:BasicsTransformerLM.layers.13.attn,PushPop,343,343,12,12,14594459,1216204.9,1216354.0,1214083,1218049,1111.0,cutlass3x_sm100_simt_sgemm_f32_f32_f32_f32_f32_128x128x16_1x1x1_3_tnn_align1_bias_f32_relu
PyTorch:BasicsTransformerLM.layers.13.attn,PushPop,343,343,12,12,12246362,1020530.2,1020530.5,1019875,1021569,526.1,"void at::native::elementwise_kernel<(int)128, (int)2, void at::native::gpu_kernel_impl_nocast<at::native::BinaryFunctor<float, float, float, at::native::binary_internal::DivFunctor<float>>>(at::TensorIteratorBase &, const T1 &)::[lambda(int) (instance 1)]>(int, T3)"
PyTorch:BasicsTransformerLM.layers.13.attn,PushPop,343,343,12,12,10651476,887623.0,887634.0,886915,888321,428.8,"void at::native::elementwise_kernel<(int)128, (int)2, void at::native::gpu_kernel_impl_nocast<at::native::<unnamed>::where_kernel_impl(at::TensorIterator &)::[lambda() (instance 1)]::operator ()() const::[lambda() (instance 11)]::operator ()() const::[lambda(bool, float, float) (instance 1)]>(at::TensorIteratorBase &, const T1 &)::[lambda(int) (instance 1)]>(int, T3)"
PyTorch:BasicsTransformerLM.layers.13.attn,PushPop,343,343,12,12,10589745,882478.8,882402.0,881570,883330,505.6,"void at::native::elementwise_kernel<(int)128, (int)2, void at::native::gpu_kernel_impl_nocast<at::native::CUDAFunctor_add<float>>(at::TensorIteratorBase &, const T1 &)::[lambda(int) (instance 1)]>(int, T3)"
PyTorch:BasicsTransformerLM.layers.13.attn,PushPop,343,343,12,12,9779313,814942.8,814658.0,814242,816448,699.7,cutlass3x_sm100_simt_sgemm_f32_f32_f32_f32_f32_64x128x16_1x1x1_3_nnn_align1_bias_f32_relu
PyTorch:BasicsTransformerLM.layers.13.attn,PushPop,343,343,12,12,4651724,387643.7,387601.0,386497,389442,734.6,"void at::native::vectorized_elementwise_kernel<(int)4, at::native::BUnaryFunctor<float, float, float, at::native::binary_internal::MulFunctor<float>>, std::array<char *, (unsigned long)2>>(int, T2, T3)"
PyTorch:BasicsTransformerLM.layers.13.attn,PushPop,343,343,12,12,4616619,384718.3,384609.0,383585,385921,602.2,"void at::native::vectorized_elementwise_kernel<(int)4, at::native::exp_kernel_cuda(at::TensorIteratorBase &)::[lambda() (instance 2)]::operator ()() const::[lambda() (instance 2)]::operator ()() const::[lambda(float) (instance 1)], std::array<char *, (unsigned long)2>>(int, T2, T3)"
PyTorch:BasicsTransformerLM.layers.13.attn,PushPop,343,343,12,12,3791878,315989.8,316112.5,315425,316289,303.1,"void at::native::reduce_kernel<(int)512, (int)1, at::native::ReduceOp<float, at::native::MaxOps<float>, unsigned int, float, (int)4, (int)4>>(T3)"
PyTorch:BasicsTransformerLM.layers.13.attn,PushPop,343,343,12,12,2739716,228309.7,228144.5,227488,229376,558.5,"void at::native::reduce_kernel<(int)512, (int)1, at::native::ReduceOp<float, at::native::func_wrapper_t<float, at::native::sum_functor<float, float, float>::operator ()(at::TensorIterator &)::[lambda(float, float) (instance 1)]>, unsigned int, float, (int)4, (int)4>>(T3)"
PyTorch:BasicsTransformerLM.layers.13.attn,PushPop,343,343,12,96,1609473,16765.3,16432.0,14848,19808,1720.4,"void at::native::elementwise_kernel<(int)128, (int)2, void at::native::gpu_kernel_impl_nocast<at::native::BinaryFunctor<float, float, float, at::native::binary_internal::MulFunctor<float>>>(at::TensorIteratorBase &, const T1 &)::[lambda(int) (instance 1)]>(int, T3)"
PyTorch:BasicsTransformerLM.layers.13.attn,PushPop,343,343,12,24,1305954,54414.8,54400.0,54016,54912,244.7,"void at::native::<unnamed>::CatArrayBatchedCopy<at::native::<unnamed>::OpaqueType<(unsigned int)4>, unsigned int, (int)4, (int)64, (int)64>(T1 *, at::native::<unnamed>::CatArrInputTensorMetadata<T1, T2, T4, T5>, at::native::<unnamed>::TensorSizeStride<T2, (unsigned int)4>, int, T2)"
PyTorch:BasicsTransformerLM.layers.13.attn,PushPop,343,343,12,24,743746,30989.4,31152.0,29184,32768,1497.9,"void at::native::elementwise_kernel<(int)128, (int)2, void at::native::gpu_kernel_impl_nocast<at::native::direct_copy_kernel_cuda(at::TensorIteratorBase &)::[lambda() (instance 3)]::operator ()() const::[lambda() (instance 7)]::operator ()() const::[lambda(float) (instance 1)]>(at::TensorIteratorBase &, const T1 &)::[lambda(int) (instance 1)]>(int, T3)"
PyTorch:BasicsTransformerLM.layers.13.attn,PushPop,343,343,12,48,327842,6830.0,6784.5,6624,7104,124.5,"void at::native::vectorized_elementwise_kernel<(int)4, at::native::CUDAFunctor_add<float>, std::array<char *, (unsigned long)3>>(int, T2, T3)"
PyTorch:BasicsTransformerLM.layers.13.attn,PushPop,343,343,12,12,103968,8664.0,8656.0,8608,8736,41.2,"void at::native::elementwise_kernel<(int)128, (int)4, void at::native::gpu_kernel_impl_nocast<at::native::<unnamed>::CompareFunctor<long>>(at::TensorIteratorBase &, const T1 &)::[lambda(int) (instance 1)]>(int, T3)"
PyTorch:BasicsTransformerLM.layers.13.attn,PushPop,343,343,12,12,14048,1170.7,1152.0,1120,1312,50.1,"void <unnamed>::elementwise_kernel_with_index<int, at::native::arange_cuda_out(const c10::Scalar &, const c10::Scalar &, const c10::Scalar &, at::Tensor &)::[lambda() (instance 1)]::operator ()() const::[lambda() (instance 4)]::operator ()() const::[lambda(long) (instance 1)]>(T1, T2, function_traits<T2>::result_type *)"
PyTorch:BasicsTransformerLM.layers.13.attn,PushPop,343,343,12,12,12320,1026.7,992.0,928,1152,81.3,"void at::native::vectorized_elementwise_kernel<(int)4, at::native::FillFunctor<float>, std::array<char *, (unsigned long)1>>(int, T2, T3)"
PyTorch:BasicsTransformerLM.layers.13.attn.k_proj,PushPop,343,343,12,12,6176940,514745.0,514721.0,514240,515712,371.2,cutlass3x_sm100_simt_sgemm_f32_f32_f32_f32_f32_64x128x16_1x1x1_3_tnn_align1_bias_f32_relu
PyTorch:BasicsTransformerLM.layers.13.attn.output_proj,PushPop,343,343,12,12,6250637,520886.4,520770.0,520385,521856,505.8,cutlass3x_sm100_simt_sgemm_f32_f32_f32_f32_f32_64x128x16_1x1x1_3_tnn_align1_bias_f32_relu
PyTorch:BasicsTransformerLM.layers.13.attn.q_proj,PushPop,343,343,12,12,6172011,514334.3,514257.0,513730,516032,578.8,cutlass3x_sm100_simt_sgemm_f32_f32_f32_f32_f32_64x128x16_1x1x1_3_tnn_align1_bias_f32_relu
PyTorch:BasicsTransformerLM.layers.13.attn.v_proj,PushPop,343,343,12,12,6178509,514875.8,514849.0,514561,515233,187.8,cutlass3x_sm100_simt_sgemm_f32_f32_f32_f32_f32_64x128x16_1x1x1_3_tnn_align1_bias_f32_relu
PyTorch:BasicsTransformerLM.layers.13.ffn,PushPop,343,343,12,24,42187057,1757794.0,1757266.5,1752772,1765442,4475.7,cutlass3x_sm100_simt_sgemm_f32_f32_f32_f32_f32_128x128x16_1x1x1_3_tnn_align1_bias_f32_relu
PyTorch:BasicsTransformerLM.layers.13.ffn,PushPop,343,343,12,12,21670889,1805907.4,1805603.0,1803716,1809698,1711.9,cutlass3x_sm100_simt_sgemm_f32_f32_f32_f32_f32_128x64x16_1x1x1_3_tnn_align1_bias_f32_relu
PyTorch:BasicsTransformerLM.layers.13.ffn,PushPop,343,343,12,24,1768834,73701.4,73952.0,72288,75360,1108.8,"void at::native::vectorized_elementwise_kernel<(int)4, at::native::BinaryFunctor<float, float, float, at::native::binary_internal::MulFunctor<float>>, std::array<char *, (unsigned long)3>>(int, T2, T3)"
PyTorch:BasicsTransformerLM.layers.13.ffn,PushPop,343,343,12,12,590209,49184.1,49200.0,48672,49728,359.9,"void at::native::vectorized_elementwise_kernel<(int)4, at::native::sigmoid_kernel_cuda(at::TensorIteratorBase &)::[lambda() (instance 2)]::operator ()() const::[lambda() (instance 2)]::operator ()() const::[lambda(float) (instance 1)], std::array<char *, (unsigned long)2>>(int, T2, T3)"
PyTorch:BasicsTransformerLM.layers.13.ffn.w1,PushPop,343,343,12,12,21144617,1762051.4,1762211.0,1759940,1765442,1421.9,cutlass3x_sm100_simt_sgemm_f32_f32_f32_f32_f32_128x128x16_1x1x1_3_tnn_align1_bias_f32_relu
PyTorch:BasicsTransformerLM.layers.13.ffn.w2,PushPop,343,343,12,12,21670889,1805907.4,1805603.0,1803716,1809698,1711.9,cutlass3x_sm100_simt_sgemm_f32_f32_f32_f32_f32_128x64x16_1x1x1_3_tnn_align1_bias_f32_relu
PyTorch:BasicsTransformerLM.layers.13.ffn.w3,PushPop,343,343,12,12,21042440,1753536.7,1753492.5,1752772,1754593,563.4,cutlass3x_sm100_simt_sgemm_f32_f32_f32_f32_f32_128x128x16_1x1x1_3_tnn_align1_bias_f32_relu
PyTorch:BasicsTransformerLM.layers.13.ln1,PushPop,343,343,12,24,572994,23874.8,23840.0,23552,24416,240.5,"void at::native::elementwise_kernel<(int)128, (int)2, void at::native::gpu_kernel_impl_nocast<at::native::BinaryFunctor<float, float, float, at::native::binary_internal::MulFunctor<float>>>(at::TensorIteratorBase &, const T1 &)::[lambda(int) (instance 1)]>(int, T3)"
PyTorch:BasicsTransformerLM.layers.13.ln1,PushPop,343,343,12,12,113664,9472.0,9504.0,9248,9760,156.2,"void at::native::vectorized_elementwise_kernel<(int)4, void at::native::<unnamed>::pow_tensor_scalar_kernel_impl<float, float>(at::TensorIteratorBase &, T2)::[lambda(float) (instance 1)], std::array<char *, (unsigned long)2>>(int, T2, T3)"
PyTorch:BasicsTransformerLM.layers.13.ln1,PushPop,343,343,12,12,93312,7776.0,7904.0,7200,8864,483.2,"void at::native::reduce_kernel<(int)512, (int)1, at::native::ReduceOp<float, at::native::MeanOps<float, float, float, float>, unsigned int, float, (int)4, (int)4>>(T3)"
PyTorch:BasicsTransformerLM.layers.13.ln1,PushPop,343,343,12,12,19136,1594.7,1568.0,1536,1728,50.7,"void at::native::vectorized_elementwise_kernel<(int)4, at::native::CUDAFunctorOnSelf_add<float>, std::array<char *, (unsigned long)2>>(int, T2, T3)"
PyTorch:BasicsTransformerLM.layers.13.ln1,PushPop,343,343,12,12,17568,1464.0,1472.0,1440,1472,14.5,"void at::native::vectorized_elementwise_kernel<(int)4, at::native::rsqrt_kernel_cuda(at::TensorIteratorBase &)::[lambda() (instance 2)]::operator ()() const::[lambda() (instance 2)]::operator ()() const::[lambda(float) (instance 1)], std::array<char *, (unsigned long)2>>(int, T2, T3)"
PyTorch:BasicsTransformerLM.layers.13.ln2,PushPop,343,343,12,24,571552,23814.7,23824.0,23328,24384,300.9,"void at::native::elementwise_kernel<(int)128, (int)2, void at::native::gpu_kernel_impl_nocast<at::native::BinaryFunctor<float, float, float, at::native::binary_internal::MulFunctor<float>>>(at::TensorIteratorBase &, const T1 &)::[lambda(int) (instance 1)]>(int, T3)"
PyTorch:BasicsTransformerLM.layers.13.ln2,PushPop,343,343,12,12,113952,9496.0,9488.0,9120,9824,187.6,"void at::native::vectorized_elementwise_kernel<(int)4, void at::native::<unnamed>::pow_tensor_scalar_kernel_impl<float, float>(at::TensorIteratorBase &, T2)::[lambda(float) (instance 1)], std::array<char *, (unsigned long)2>>(int, T2, T3)"
PyTorch:BasicsTransformerLM.layers.13.ln2,PushPop,343,343,12,12,91201,7600.1,7520.0,7072,8416,371.8,"void at::native::reduce_kernel<(int)512, (int)1, at::native::ReduceOp<float, at::native::MeanOps<float, float, float, float>, unsigned int, float, (int)4, (int)4>>(T3)"
PyTorch:BasicsTransformerLM.layers.13.ln2,PushPop,343,343,12,12,18816,1568.0,1568.0,1536,1600,19.3,"void at::native::vectorized_elementwise_kernel<(int)4, at::native::CUDAFunctorOnSelf_add<float>, std::array<char *, (unsigned long)2>>(int, T2, T3)"
PyTorch:BasicsTransformerLM.layers.13.ln2,PushPop,343,343,12,12,17664,1472.0,1472.0,1440,1504,19.3,"void at::native::vectorized_elementwise_kernel<(int)4, at::native::rsqrt_kernel_cuda(at::TensorIteratorBase &)::[lambda() (instance 2)]::operator ()() const::[lambda() (instance 2)]::operator ()() const::[lambda(float) (instance 1)], std::array<char *, (unsigned long)2>>(int, T2, T3)"
PyTorch:BasicsTransformerLM.layers.14,PushPop,343,343,12,36,56787850,1577440.3,1753475.5,1214499,1763426,259082.7,cutlass3x_sm100_simt_sgemm_f32_f32_f32_f32_f32_128x128x16_1x1x1_3_tnn_align1_bias_f32_relu
PyTorch:BasicsTransformerLM.layers.14,PushPop,343,343,12,48,24782285,516297.6,514832.5,513985,522497,2831.2,cutlass3x_sm100_simt_sgemm_f32_f32_f32_f32_f32_64x128x16_1x1x1_3_tnn_align1_bias_f32_relu
PyTorch:BasicsTransformerLM.layers.14,PushPop,343,343,12,12,21671911,1805992.6,1805732.0,1803461,1812353,2162.9,cutlass3x_sm100_simt_sgemm_f32_f32_f32_f32_f32_128x64x16_1x1x1_3_tnn_align1_bias_f32_relu
PyTorch:BasicsTransformerLM.layers.14,PushPop,343,343,12,12,12248440,1020703.3,1020594.5,1019938,1022177,679.3,"void at::native::elementwise_kernel<(int)128, (int)2, void at::native::gpu_kernel_impl_nocast<at::native::BinaryFunctor<float, float, float, at::native::binary_internal::DivFunctor<float>>>(at::TensorIteratorBase &, const T1 &)::[lambda(int) (instance 1)]>(int, T3)"
PyTorch:BasicsTransformerLM.layers.14,PushPop,343,343,12,12,10652727,887727.3,887730.0,887427,888097,212.5,"void at::native::elementwise_kernel<(int)128, (int)2, void at::native::gpu_kernel_impl_nocast<at::native::<unnamed>::where_kernel_impl(at::TensorIterator &)::[lambda() (instance 1)]::operator ()() const::[lambda() (instance 11)]::operator ()() const::[lambda(bool, float, float) (instance 1)]>(at::TensorIteratorBase &, const T1 &)::[lambda(int) (instance 1)]>(int, T3)"
PyTorch:BasicsTransformerLM.layers.14,PushPop,343,343,12,12,10581490,881790.8,881649.5,879905,883106,891.5,"void at::native::elementwise_kernel<(int)128, (int)2, void at::native::gpu_kernel_impl_nocast<at::native::CUDAFunctor_add<float>>(at::TensorIteratorBase &, const T1 &)::[lambda(int) (instance 1)]>(int, T3)"
PyTorch:BasicsTransformerLM.layers.14,PushPop,343,343,12,12,9779475,814956.3,814658.0,814433,816449,685.0,cutlass3x_sm100_simt_sgemm_f32_f32_f32_f32_f32_64x128x16_1x1x1_3_nnn_align1_bias_f32_relu
PyTorch:BasicsTransformerLM.layers.14,PushPop,343,343,12,12,4653734,387811.2,387632.5,386017,390177,1057.5,"void at::native::vectorized_elementwise_kernel<(int)4, at::native::BUnaryFunctor<float, float, float, at::native::binary_internal::MulFunctor<float>>, std::array<char *, (unsigned long)2>>(int, T2, T3)"
PyTorch:BasicsTransformerLM.layers.14,PushPop,343,343,12,12,4619338,384944.8,385057.0,383393,386401,1011.5,"void at::native::vectorized_elementwise_kernel<(int)4, at::native::exp_kernel_cuda(at::TensorIteratorBase &)::[lambda() (instance 2)]::operator ()() const::[lambda() (instance 2)]::operator ()() const::[lambda(float) (instance 1)], std::array<char *, (unsigned long)2>>(int, T2, T3)"
PyTorch:BasicsTransformerLM.layers.14,PushPop,343,343,12,12,3791560,315963.3,316064.5,315233,316545,329.8,"void at::native::reduce_kernel<(int)512, (int)1, at::native::ReduceOp<float, at::native::MaxOps<float>, unsigned int, float, (int)4, (int)4>>(T3)"
PyTorch:BasicsTransformerLM.layers.14,PushPop,343,343,12,144,2756297,19141.0,18272.0,14880,24576,3633.0,"void at::native::elementwise_kernel<(int)128, (int)2, void at::native::gpu_kernel_impl_nocast<at::native::BinaryFunctor<float, float, float, at::native::binary_internal::MulFunctor<float>>>(at::TensorIteratorBase &, const T1 &)::[lambda(int) (instance 1)]>(int, T3)"
PyTorch:BasicsTransformerLM.layers.14,PushPop,343,343,12,12,2738755,228229.6,228032.0,227456,229376,601.1,"void at::native::reduce_kernel<(int)512, (int)1, at::native::ReduceOp<float, at::native::func_wrapper_t<float, at::native::sum_functor<float, float, float>::operator ()(at::TensorIterator &)::[lambda(float, float) (instance 1)]>, unsigned int, float, (int)4, (int)4>>(T3)"
PyTorch:BasicsTransformerLM.layers.14,PushPop,343,343,12,24,1773093,73878.9,74048.0,72064,75104,901.5,"void at::native::vectorized_elementwise_kernel<(int)4, at::native::BinaryFunctor<float, float, float, at::native::binary_internal::MulFunctor<float>>, std::array<char *, (unsigned long)3>>(int, T2, T3)"
PyTorch:BasicsTransformerLM.layers.14,PushPop,343,343,12,24,1302596,54274.8,54256.0,53760,54688,249.0,"void at::native::<unnamed>::CatArrayBatchedCopy<at::native::<unnamed>::OpaqueType<(unsigned int)4>, unsigned int, (int)4, (int)64, (int)64>(T1 *, at::native::<unnamed>::CatArrInputTensorMetadata<T1, T2, T4, T5>, at::native::<unnamed>::TensorSizeStride<T2, (unsigned int)4>, int, T2)"
PyTorch:BasicsTransformerLM.layers.14,PushPop,343,343,12,24,743520,30980.0,31056.0,29248,32672,1580.6,"void at::native::elementwise_kernel<(int)128, (int)2, void at::native::gpu_kernel_impl_nocast<at::native::direct_copy_kernel_cuda(at::TensorIteratorBase &)::[lambda() (instance 3)]::operator ()() const::[lambda() (instance 7)]::operator ()() const::[lambda(float) (instance 1)]>(at::TensorIteratorBase &, const T1 &)::[lambda(int) (instance 1)]>(int, T3)"
PyTorch:BasicsTransformerLM.layers.14,PushPop,343,343,12,72,714336,9921.3,6912.0,6656,17152,4409.3,"void at::native::vectorized_elementwise_kernel<(int)4, at::native::CUDAFunctor_add<float>, std::array<char *, (unsigned long)3>>(int, T2, T3)"
PyTorch:BasicsTransformerLM.layers.14,PushPop,343,343,12,12,589216,49101.3,49152.0,48192,49696,503.8,"void at::native::vectorized_elementwise_kernel<(int)4, at::native::sigmoid_kernel_cuda(at::TensorIteratorBase &)::[lambda() (instance 2)]::operator ()() const::[lambda() (instance 2)]::operator ()() const::[lambda(float) (instance 1)], std::array<char *, (unsigned long)2>>(int, T2, T3)"
PyTorch:BasicsTransformerLM.layers.14,PushPop,343,343,12,24,227168,9465.3,9472.0,9184,9792,163.7,"void at::native::vectorized_elementwise_kernel<(int)4, void at::native::<unnamed>::pow_tensor_scalar_kernel_impl<float, float>(at::TensorIteratorBase &, T2)::[lambda(float) (instance 1)], std::array<char *, (unsigned long)2>>(int, T2, T3)"
PyTorch:BasicsTransformerLM.layers.14,PushPop,343,343,12,24,187809,7825.4,7872.0,7072,8320,344.3,"void at::native::reduce_kernel<(int)512, (int)1, at::native::ReduceOp<float, at::native::MeanOps<float, float, float, float>, unsigned int, float, (int)4, (int)4>>(T3)"
PyTorch:BasicsTransformerLM.layers.14,PushPop,343,343,12,12,103776,8648.0,8624.0,8576,8800,68.4,"void at::native::elementwise_kernel<(int)128, (int)4, void at::native::gpu_kernel_impl_nocast<at::native::<unnamed>::CompareFunctor<long>>(at::TensorIteratorBase &, const T1 &)::[lambda(int) (instance 1)]>(int, T3)"
PyTorch:BasicsTransformerLM.layers.14,PushPop,343,343,12,24,39009,1625.4,1568.0,1536,1792,95.3,"void at::native::vectorized_elementwise_kernel<(int)4, at::native::CUDAFunctorOnSelf_add<float>, std::array<char *, (unsigned long)2>>(int, T2, T3)"
PyTorch:BasicsTransformerLM.layers.14,PushPop,343,343,12,24,36992,1541.3,1504.0,1440,1696,89.4,"void at::native::vectorized_elementwise_kernel<(int)4, at::native::rsqrt_kernel_cuda(at::TensorIteratorBase &)::[lambda() (instance 2)]::operator ()() const::[lambda() (instance 2)]::operator ()() const::[lambda(float) (instance 1)], std::array<char *, (unsigned long)2>>(int, T2, T3)"
PyTorch:BasicsTransformerLM.layers.14,PushPop,343,343,12,12,14432,1202.7,1168.0,1120,1408,90.0,"void <unnamed>::elementwise_kernel_with_index<int, at::native::arange_cuda_out(const c10::Scalar &, const c10::Scalar &, const c10::Scalar &, at::Tensor &)::[lambda() (instance 1)]::operator ()() const::[lambda() (instance 4)]::operator ()() const::[lambda(long) (instance 1)]>(T1, T2, function_traits<T2>::result_type *)"
PyTorch:BasicsTransformerLM.layers.14,PushPop,343,343,12,12,12992,1082.7,1056.0,928,1376,149.4,"void at::native::vectorized_elementwise_kernel<(int)4, at::native::FillFunctor<float>, std::array<char *, (unsigned long)1>>(int, T2, T3)"
PyTorch:BasicsTransformerLM.layers.14.attn,PushPop,343,343,12,48,24782285,516297.6,514832.5,513985,522497,2831.2,cutlass3x_sm100_simt_sgemm_f32_f32_f32_f32_f32_64x128x16_1x1x1_3_tnn_align1_bias_f32_relu
PyTorch:BasicsTransformerLM.layers.14.attn,PushPop,343,343,12,12,14594459,1216204.9,1216210.5,1214499,1217538,1031.3,cutlass3x_sm100_simt_sgemm_f32_f32_f32_f32_f32_128x128x16_1x1x1_3_tnn_align1_bias_f32_relu
PyTorch:BasicsTransformerLM.layers.14.attn,PushPop,343,343,12,12,12248440,1020703.3,1020594.5,1019938,1022177,679.3,"void at::native::elementwise_kernel<(int)128, (int)2, void at::native::gpu_kernel_impl_nocast<at::native::BinaryFunctor<float, float, float, at::native::binary_internal::DivFunctor<float>>>(at::TensorIteratorBase &, const T1 &)::[lambda(int) (instance 1)]>(int, T3)"
PyTorch:BasicsTransformerLM.layers.14.attn,PushPop,343,343,12,12,10652727,887727.3,887730.0,887427,888097,212.5,"void at::native::elementwise_kernel<(int)128, (int)2, void at::native::gpu_kernel_impl_nocast<at::native::<unnamed>::where_kernel_impl(at::TensorIterator &)::[lambda() (instance 1)]::operator ()() const::[lambda() (instance 11)]::operator ()() const::[lambda(bool, float, float) (instance 1)]>(at::TensorIteratorBase &, const T1 &)::[lambda(int) (instance 1)]>(int, T3)"
PyTorch:BasicsTransformerLM.layers.14.attn,PushPop,343,343,12,12,10581490,881790.8,881649.5,879905,883106,891.5,"void at::native::elementwise_kernel<(int)128, (int)2, void at::native::gpu_kernel_impl_nocast<at::native::CUDAFunctor_add<float>>(at::TensorIteratorBase &, const T1 &)::[lambda(int) (instance 1)]>(int, T3)"
PyTorch:BasicsTransformerLM.layers.14.attn,PushPop,343,343,12,12,9779475,814956.3,814658.0,814433,816449,685.0,cutlass3x_sm100_simt_sgemm_f32_f32_f32_f32_f32_64x128x16_1x1x1_3_nnn_align1_bias_f32_relu
PyTorch:BasicsTransformerLM.layers.14.attn,PushPop,343,343,12,12,4653734,387811.2,387632.5,386017,390177,1057.5,"void at::native::vectorized_elementwise_kernel<(int)4, at::native::BUnaryFunctor<float, float, float, at::native::binary_internal::MulFunctor<float>>, std::array<char *, (unsigned long)2>>(int, T2, T3)"
PyTorch:BasicsTransformerLM.layers.14.attn,PushPop,343,343,12,12,4619338,384944.8,385057.0,383393,386401,1011.5,"void at::native::vectorized_elementwise_kernel<(int)4, at::native::exp_kernel_cuda(at::TensorIteratorBase &)::[lambda() (instance 2)]::operator ()() const::[lambda() (instance 2)]::operator ()() const::[lambda(float) (instance 1)], std::array<char *, (unsigned long)2>>(int, T2, T3)"
PyTorch:BasicsTransformerLM.layers.14.attn,PushPop,343,343,12,12,3791560,315963.3,316064.5,315233,316545,329.8,"void at::native::reduce_kernel<(int)512, (int)1, at::native::ReduceOp<float, at::native::MaxOps<float>, unsigned int, float, (int)4, (int)4>>(T3)"
PyTorch:BasicsTransformerLM.layers.14.attn,PushPop,343,343,12,12,2738755,228229.6,228032.0,227456,229376,601.1,"void at::native::reduce_kernel<(int)512, (int)1, at::native::ReduceOp<float, at::native::func_wrapper_t<float, at::native::sum_functor<float, float, float>::operator ()(at::TensorIterator &)::[lambda(float, float) (instance 1)]>, unsigned int, float, (int)4, (int)4>>(T3)"
PyTorch:BasicsTransformerLM.layers.14.attn,PushPop,343,343,12,96,1611269,16784.1,16480.0,14880,19904,1730.5,"void at::native::elementwise_kernel<(int)128, (int)2, void at::native::gpu_kernel_impl_nocast<at::native::BinaryFunctor<float, float, float, at::native::binary_internal::MulFunctor<float>>>(at::TensorIteratorBase &, const T1 &)::[lambda(int) (instance 1)]>(int, T3)"
PyTorch:BasicsTransformerLM.layers.14.attn,PushPop,343,343,12,24,1302596,54274.8,54256.0,53760,54688,249.0,"void at::native::<unnamed>::CatArrayBatchedCopy<at::native::<unnamed>::OpaqueType<(unsigned int)4>, unsigned int, (int)4, (int)64, (int)64>(T1 *, at::native::<unnamed>::CatArrInputTensorMetadata<T1, T2, T4, T5>, at::native::<unnamed>::TensorSizeStride<T2, (unsigned int)4>, int, T2)"
PyTorch:BasicsTransformerLM.layers.14.attn,PushPop,343,343,12,24,743520,30980.0,31056.0,29248,32672,1580.6,"void at::native::elementwise_kernel<(int)128, (int)2, void at::native::gpu_kernel_impl_nocast<at::native::direct_copy_kernel_cuda(at::TensorIteratorBase &)::[lambda() (instance 3)]::operator ()() const::[lambda() (instance 7)]::operator ()() const::[lambda(float) (instance 1)]>(at::TensorIteratorBase &, const T1 &)::[lambda(int) (instance 1)]>(int, T3)"
PyTorch:BasicsTransformerLM.layers.14.attn,PushPop,343,343,12,48,327808,6829.3,6816.0,6656,7104,101.2,"void at::native::vectorized_elementwise_kernel<(int)4, at::native::CUDAFunctor_add<float>, std::array<char *, (unsigned long)3>>(int, T2, T3)"
PyTorch:BasicsTransformerLM.layers.14.attn,PushPop,343,343,12,12,103776,8648.0,8624.0,8576,8800,68.4,"void at::native::elementwise_kernel<(int)128, (int)4, void at::native::gpu_kernel_impl_nocast<at::native::<unnamed>::CompareFunctor<long>>(at::TensorIteratorBase &, const T1 &)::[lambda(int) (instance 1)]>(int, T3)"
PyTorch:BasicsTransformerLM.layers.14.attn,PushPop,343,343,12,12,14432,1202.7,1168.0,1120,1408,90.0,"void <unnamed>::elementwise_kernel_with_index<int, at::native::arange_cuda_out(const c10::Scalar &, const c10::Scalar &, const c10::Scalar &, at::Tensor &)::[lambda() (instance 1)]::operator ()() const::[lambda() (instance 4)]::operator ()() const::[lambda(long) (instance 1)]>(T1, T2, function_traits<T2>::result_type *)"
PyTorch:BasicsTransformerLM.layers.14.attn,PushPop,343,343,12,12,12992,1082.7,1056.0,928,1376,149.4,"void at::native::vectorized_elementwise_kernel<(int)4, at::native::FillFunctor<float>, std::array<char *, (unsigned long)1>>(int, T2, T3)"
PyTorch:BasicsTransformerLM.layers.14.attn.k_proj,PushPop,343,343,12,12,6177804,514817.0,514832.5,514241,515841,411.3,cutlass3x_sm100_simt_sgemm_f32_f32_f32_f32_f32_64x128x16_1x1x1_3_tnn_align1_bias_f32_relu
PyTorch:BasicsTransformerLM.layers.14.attn.output_proj,PushPop,343,343,12,12,6252556,521046.3,520897.5,519937,522497,715.0,cutlass3x_sm100_simt_sgemm_f32_f32_f32_f32_f32_64x128x16_1x1x1_3_tnn_align1_bias_f32_relu
PyTorch:BasicsTransformerLM.layers.14.attn.q_proj,PushPop,343,343,12,12,6174315,514526.3,514385.5,513985,517024,804.6,cutlass3x_sm100_simt_sgemm_f32_f32_f32_f32_f32_64x128x16_1x1x1_3_tnn_align1_bias_f32_relu
PyTorch:BasicsTransformerLM.layers.14.attn.v_proj,PushPop,343,343,12,12,6177610,514800.8,514800.5,514369,515202,248.2,cutlass3x_sm100_simt_sgemm_f32_f32_f32_f32_f32_64x128x16_1x1x1_3_tnn_align1_bias_f32_relu
PyTorch:BasicsTransformerLM.layers.14.ffn,PushPop,343,343,12,24,42193391,1758058.0,1757586.5,1752899,1763426,4596.7,cutlass3x_sm100_simt_sgemm_f32_f32_f32_f32_f32_128x128x16_1x1x1_3_tnn_align1_bias_f32_relu
PyTorch:BasicsTransformerLM.layers.14.ffn,PushPop,343,343,12,12,21671911,1805992.6,1805732.0,1803461,1812353,2162.9,cutlass3x_sm100_simt_sgemm_f32_f32_f32_f32_f32_128x64x16_1x1x1_3_tnn_align1_bias_f32_relu
PyTorch:BasicsTransformerLM.layers.14.ffn,PushPop,343,343,12,24,1773093,73878.9,74048.0,72064,75104,901.5,"void at::native::vectorized_elementwise_kernel<(int)4, at::native::BinaryFunctor<float, float, float, at::native::binary_internal::MulFunctor<float>>, std::array<char *, (unsigned long)3>>(int, T2, T3)"
PyTorch:BasicsTransformerLM.layers.14.ffn,PushPop,343,343,12,12,589216,49101.3,49152.0,48192,49696,503.8,"void at::native::vectorized_elementwise_kernel<(int)4, at::native::sigmoid_kernel_cuda(at::TensorIteratorBase &)::[lambda() (instance 2)]::operator ()() const::[lambda() (instance 2)]::operator ()() const::[lambda(float) (instance 1)], std::array<char *, (unsigned long)2>>(int, T2, T3)"
PyTorch:BasicsTransformerLM.layers.14.ffn.w1,PushPop,343,343,12,12,21150056,1762504.7,1762739.5,1760291,1763426,860.8,cutlass3x_sm100_simt_sgemm_f32_f32_f32_f32_f32_128x128x16_1x1x1_3_tnn_align1_bias_f32_relu
PyTorch:BasicsTransformerLM.layers.14.ffn.w2,PushPop,343,343,12,12,21671911,1805992.6,1805732.0,1803461,1812353,2162.9,cutlass3x_sm100_simt_sgemm_f32_f32_f32_f32_f32_128x64x16_1x1x1_3_tnn_align1_bias_f32_relu
PyTorch:BasicsTransformerLM.layers.14.ffn.w3,PushPop,343,343,12,12,21043335,1753611.3,1753475.5,1752899,1754882,546.1,cutlass3x_sm100_simt_sgemm_f32_f32_f32_f32_f32_128x128x16_1x1x1_3_tnn_align1_bias_f32_relu
PyTorch:BasicsTransformerLM.layers.14.ln1,PushPop,343,343,12,24,572130,23838.8,23824.0,23360,24480,256.5,"void at::native::elementwise_kernel<(int)128, (int)2, void at::native::gpu_kernel_impl_nocast<at::native::BinaryFunctor<float, float, float, at::native::binary_internal::MulFunctor<float>>>(at::TensorIteratorBase &, const T1 &)::[lambda(int) (instance 1)]>(int, T3)"
PyTorch:BasicsTransformerLM.layers.14.ln1,PushPop,343,343,12,12,113504,9458.7,9472.0,9248,9760,140.1,"void at::native::vectorized_elementwise_kernel<(int)4, void at::native::<unnamed>::pow_tensor_scalar_kernel_impl<float, float>(at::TensorIteratorBase &, T2)::[lambda(float) (instance 1)], std::array<char *, (unsigned long)2>>(int, T2, T3)"
PyTorch:BasicsTransformerLM.layers.14.ln1,PushPop,343,343,12,12,94720,7893.3,7872.0,7488,8320,231.3,"void at::native::reduce_kernel<(int)512, (int)1, at::native::ReduceOp<float, at::native::MeanOps<float, float, float, float>, unsigned int, float, (int)4, (int)4>>(T3)"
PyTorch:BasicsTransformerLM.layers.14.ln1,PushPop,343,343,12,12,19200,1600.0,1568.0,1536,1792,78.4,"void at::native::vectorized_elementwise_kernel<(int)4, at::native::CUDAFunctorOnSelf_add<float>, std::array<char *, (unsigned long)2>>(int, T2, T3)"
PyTorch:BasicsTransformerLM.layers.14.ln1,PushPop,343,343,12,12,17984,1498.7,1488.0,1440,1568,40.6,"void at::native::vectorized_elementwise_kernel<(int)4, at::native::rsqrt_kernel_cuda(at::TensorIteratorBase &)::[lambda() (instance 2)]::operator ()() const::[lambda() (instance 2)]::operator ()() const::[lambda(float) (instance 1)], std::array<char *, (unsigned long)2>>(int, T2, T3)"
PyTorch:BasicsTransformerLM.layers.14.ln2,PushPop,343,343,12,24,572898,23870.8,23856.0,23361,24576,263.1,"void at::native::elementwise_kernel<(int)128, (int)2, void at::native::gpu_kernel_impl_nocast<at::native::BinaryFunctor<float, float, float, at::native::binary_internal::MulFunctor<float>>>(at::TensorIteratorBase &, const T1 &)::[lambda(int) (instance 1)]>(int, T3)"
PyTorch:BasicsTransformerLM.layers.14.ln2,PushPop,343,343,12,12,113664,9472.0,9456.0,9184,9792,190.5,"void at::native::vectorized_elementwise_kernel<(int)4, void at::native::<unnamed>::pow_tensor_scalar_kernel_impl<float, float>(at::TensorIteratorBase &, T2)::[lambda(float) (instance 1)], std::array<char *, (unsigned long)2>>(int, T2, T3)"
PyTorch:BasicsTransformerLM.layers.14.ln2,PushPop,343,343,12,12,93089,7757.4,7888.0,7072,8320,429.3,"void at::native::reduce_kernel<(int)512, (int)1, at::native::ReduceOp<float, at::native::MeanOps<float, float, float, float>, unsigned int, float, (int)4, (int)4>>(T3)"
PyTorch:BasicsTransformerLM.layers.14.ln2,PushPop,343,343,12,12,19809,1650.8,1600.0,1536,1792,106.9,"void at::native::vectorized_elementwise_kernel<(int)4, at::native::CUDAFunctorOnSelf_add<float>, std::array<char *, (unsigned long)2>>(int, T2, T3)"
PyTorch:BasicsTransformerLM.layers.14.ln2,PushPop,343,343,12,12,19008,1584.0,1616.0,1440,1696,105.3,"void at::native::vectorized_elementwise_kernel<(int)4, at::native::rsqrt_kernel_cuda(at::TensorIteratorBase &)::[lambda() (instance 2)]::operator ()() const::[lambda() (instance 2)]::operator ()() const::[lambda(float) (instance 1)], std::array<char *, (unsigned long)2>>(int, T2, T3)"
PyTorch:BasicsTransformerLM.layers.15,PushPop,343,343,12,36,56780106,1577225.2,1753428.0,1215011,1764097,259073.0,cutlass3x_sm100_simt_sgemm_f32_f32_f32_f32_f32_128x128x16_1x1x1_3_tnn_align1_bias_f32_relu
PyTorch:BasicsTransformerLM.layers.15,PushPop,343,343,12,48,24778447,516217.6,514769.0,513857,522241,2768.0,cutlass3x_sm100_simt_sgemm_f32_f32_f32_f32_f32_64x128x16_1x1x1_3_tnn_align1_bias_f32_relu
PyTorch:BasicsTransformerLM.layers.15,PushPop,343,343,12,12,21668905,1805742.1,1805652.0,1803842,1809058,1510.9,cutlass3x_sm100_simt_sgemm_f32_f32_f32_f32_f32_128x64x16_1x1x1_3_tnn_align1_bias_f32_relu
PyTorch:BasicsTransformerLM.layers.15,PushPop,343,343,12,12,12246775,1020564.6,1020434.0,1019426,1022113,752.0,"void at::native::elementwise_kernel<(int)128, (int)2, void at::native::gpu_kernel_impl_nocast<at::native::BinaryFunctor<float, float, float, at::native::binary_internal::DivFunctor<float>>>(at::TensorIteratorBase &, const T1 &)::[lambda(int) (instance 1)]>(int, T3)"
PyTorch:BasicsTransformerLM.layers.15,PushPop,343,343,12,12,10653013,887751.1,887697.5,887330,888258,287.6,"void at::native::elementwise_kernel<(int)128, (int)2, void at::native::gpu_kernel_impl_nocast<at::native::<unnamed>::where_kernel_impl(at::TensorIterator &)::[lambda() (instance 1)]::operator ()() const::[lambda() (instance 11)]::operator ()() const::[lambda(bool, float, float) (instance 1)]>(at::TensorIteratorBase &, const T1 &)::[lambda(int) (instance 1)]>(int, T3)"
PyTorch:BasicsTransformerLM.layers.15,PushPop,343,343,12,12,10587637,882303.1,882049.0,881346,883459,650.6,"void at::native::elementwise_kernel<(int)128, (int)2, void at::native::gpu_kernel_impl_nocast<at::native::CUDAFunctor_add<float>>(at::TensorIteratorBase &, const T1 &)::[lambda(int) (instance 1)]>(int, T3)"
PyTorch:BasicsTransformerLM.layers.15,PushPop,343,343,12,12,9776241,814686.8,814434.0,813921,816384,796.6,cutlass3x_sm100_simt_sgemm_f32_f32_f32_f32_f32_64x128x16_1x1x1_3_nnn_align1_bias_f32_relu
PyTorch:BasicsTransformerLM.layers.15,PushPop,343,343,12,12,4652360,387696.7,387536.5,386657,389217,961.3,"void at::native::vectorized_elementwise_kernel<(int)4, at::native::BUnaryFunctor<float, float, float, at::native::binary_internal::MulFunctor<float>>, std::array<char *, (unsigned long)2>>(int, T2, T3)"
PyTorch:BasicsTransformerLM.layers.15,PushPop,343,343,12,12,4625798,385483.2,385440.5,384512,386337,548.2,"void at::native::vectorized_elementwise_kernel<(int)4, at::native::exp_kernel_cuda(at::TensorIteratorBase &)::[lambda() (instance 2)]::operator ()() const::[lambda() (instance 2)]::operator ()() const::[lambda(float) (instance 1)], std::array<char *, (unsigned long)2>>(int, T2, T3)"
PyTorch:BasicsTransformerLM.layers.15,PushPop,343,343,12,12,3793191,316099.3,316064.5,315585,316545,332.4,"void at::native::reduce_kernel<(int)512, (int)1, at::native::ReduceOp<float, at::native::MaxOps<float>, unsigned int, float, (int)4, (int)4>>(T3)"
PyTorch:BasicsTransformerLM.layers.15,PushPop,343,343,12,144,2756005,19138.9,18304.0,14880,24864,3640.2,"void at::native::elementwise_kernel<(int)128, (int)2, void at::native::gpu_kernel_impl_nocast<at::native::BinaryFunctor<float, float, float, at::native::binary_internal::MulFunctor<float>>>(at::TensorIteratorBase &, const T1 &)::[lambda(int) (instance 1)]>(int, T3)"
PyTorch:BasicsTransformerLM.layers.15,PushPop,343,343,12,12,2737671,228139.3,228160.0,227360,228929,468.8,"void at::native::reduce_kernel<(int)512, (int)1, at::native::ReduceOp<float, at::native::func_wrapper_t<float, at::native::sum_functor<float, float, float>::operator ()(at::TensorIterator &)::[lambda(float, float) (instance 1)]>, unsigned int, float, (int)4, (int)4>>(T3)"
PyTorch:BasicsTransformerLM.layers.15,PushPop,343,343,12,24,1770247,73760.3,74032.0,72512,75297,935.0,"void at::native::vectorized_elementwise_kernel<(int)4, at::native::BinaryFunctor<float, float, float, at::native::binary_internal::MulFunctor<float>>, std::array<char *, (unsigned long)3>>(int, T2, T3)"
PyTorch:BasicsTransformerLM.layers.15,PushPop,343,343,12,24,1303715,54321.5,54288.0,53728,54880,256.9,"void at::native::<unnamed>::CatArrayBatchedCopy<at::native::<unnamed>::OpaqueType<(unsigned int)4>, unsigned int, (int)4, (int)64, (int)64>(T1 *, at::native::<unnamed>::CatArrInputTensorMetadata<T1, T2, T4, T5>, at::native::<unnamed>::TensorSizeStride<T2, (unsigned int)4>, int, T2)"
PyTorch:BasicsTransformerLM.layers.15,PushPop,343,343,12,24,744931,31038.8,31088.5,29344,32768,1539.4,"void at::native::elementwise_kernel<(int)128, (int)2, void at::native::gpu_kernel_impl_nocast<at::native::direct_copy_kernel_cuda(at::TensorIteratorBase &)::[lambda() (instance 3)]::operator ()() const::[lambda() (instance 7)]::operator ()() const::[lambda(float) (instance 1)]>(at::TensorIteratorBase &, const T1 &)::[lambda(int) (instance 1)]>(int, T3)"
PyTorch:BasicsTransformerLM.layers.15,PushPop,343,343,12,72,715713,9940.5,6928.0,6624,16960,4405.6,"void at::native::vectorized_elementwise_kernel<(int)4, at::native::CUDAFunctor_add<float>, std::array<char *, (unsigned long)3>>(int, T2, T3)"
PyTorch:BasicsTransformerLM.layers.15,PushPop,343,343,12,12,590176,49181.3,48992.0,48288,50784,690.3,"void at::native::vectorized_elementwise_kernel<(int)4, at::native::sigmoid_kernel_cuda(at::TensorIteratorBase &)::[lambda() (instance 2)]::operator ()() const::[lambda() (instance 2)]::operator ()() const::[lambda(float) (instance 1)], std::array<char *, (unsigned long)2>>(int, T2, T3)"
PyTorch:BasicsTransformerLM.layers.15,PushPop,343,343,12,24,224896,9370.7,9344.0,9152,9792,169.0,"void at::native::vectorized_elementwise_kernel<(int)4, void at::native::<unnamed>::pow_tensor_scalar_kernel_impl<float, float>(at::TensorIteratorBase &, T2)::[lambda(float) (instance 1)], std::array<char *, (unsigned long)2>>(int, T2, T3)"
PyTorch:BasicsTransformerLM.layers.15,PushPop,343,343,12,24,184352,7681.3,7648.0,7168,8704,351.1,"void at::native::reduce_kernel<(int)512, (int)1, at::native::ReduceOp<float, at::native::MeanOps<float, float, float, float>, unsigned int, float, (int)4, (int)4>>(T3)"
PyTorch:BasicsTransformerLM.layers.15,PushPop,343,343,12,12,104000,8666.7,8640.0,8576,8832,81.7,"void at::native::elementwise_kernel<(int)128, (int)4, void at::native::gpu_kernel_impl_nocast<at::native::<unnamed>::CompareFunctor<long>>(at::TensorIteratorBase &, const T1 &)::[lambda(int) (instance 1)]>(int, T3)"
PyTorch:BasicsTransformerLM.layers.15,PushPop,343,343,12,24,37920,1580.0,1568.0,1536,1760,46.0,"void at::native::vectorized_elementwise_kernel<(int)4, at::native::CUDAFunctorOnSelf_add<float>, std::array<char *, (unsigned long)2>>(int, T2, T3)"
PyTorch:BasicsTransformerLM.layers.15,PushPop,343,343,12,24,36064,1502.7,1472.0,1440,1760,83.1,"void at::native::vectorized_elementwise_kernel<(int)4, at::native::rsqrt_kernel_cuda(at::TensorIteratorBase &)::[lambda() (instance 2)]::operator ()() const::[lambda() (instance 2)]::operator ()() const::[lambda(float) (instance 1)], std::array<char *, (unsigned long)2>>(int, T2, T3)"
PyTorch:BasicsTransformerLM.layers.15,PushPop,343,343,12,12,14496,1208.0,1152.0,1120,1376,86.4,"void <unnamed>::elementwise_kernel_with_index<int, at::native::arange_cuda_out(const c10::Scalar &, const c10::Scalar &, const c10::Scalar &, at::Tensor &)::[lambda() (instance 1)]::operator ()() const::[lambda() (instance 4)]::operator ()() const::[lambda(long) (instance 1)]>(T1, T2, function_traits<T2>::result_type *)"
PyTorch:BasicsTransformerLM.layers.15,PushPop,343,343,12,12,13024,1085.3,1136.0,928,1216,101.6,"void at::native::vectorized_elementwise_kernel<(int)4, at::native::FillFunctor<float>, std::array<char *, (unsigned long)1>>(int, T2, T3)"
PyTorch:BasicsTransformerLM.layers.15.attn,PushPop,343,343,12,48,24778447,516217.6,514769.0,513857,522241,2768.0,cutlass3x_sm100_simt_sgemm_f32_f32_f32_f32_f32_64x128x16_1x1x1_3_tnn_align1_bias_f32_relu
PyTorch:BasicsTransformerLM.layers.15.attn,PushPop,343,343,12,12,14591995,1215999.6,1215874.0,1215011,1217409,701.7,cutlass3x_sm100_simt_sgemm_f32_f32_f32_f32_f32_128x128x16_1x1x1_3_tnn_align1_bias_f32_relu
PyTorch:BasicsTransformerLM.layers.15.attn,PushPop,343,343,12,12,12246775,1020564.6,1020434.0,1019426,1022113,752.0,"void at::native::elementwise_kernel<(int)128, (int)2, void at::native::gpu_kernel_impl_nocast<at::native::BinaryFunctor<float, float, float, at::native::binary_internal::DivFunctor<float>>>(at::TensorIteratorBase &, const T1 &)::[lambda(int) (instance 1)]>(int, T3)"
PyTorch:BasicsTransformerLM.layers.15.attn,PushPop,343,343,12,12,10653013,887751.1,887697.5,887330,888258,287.6,"void at::native::elementwise_kernel<(int)128, (int)2, void at::native::gpu_kernel_impl_nocast<at::native::<unnamed>::where_kernel_impl(at::TensorIterator &)::[lambda() (instance 1)]::operator ()() const::[lambda() (instance 11)]::operator ()() const::[lambda(bool, float, float) (instance 1)]>(at::TensorIteratorBase &, const T1 &)::[lambda(int) (instance 1)]>(int, T3)"
PyTorch:BasicsTransformerLM.layers.15.attn,PushPop,343,343,12,12,10587637,882303.1,882049.0,881346,883459,650.6,"void at::native::elementwise_kernel<(int)128, (int)2, void at::native::gpu_kernel_impl_nocast<at::native::CUDAFunctor_add<float>>(at::TensorIteratorBase &, const T1 &)::[lambda(int) (instance 1)]>(int, T3)"
PyTorch:BasicsTransformerLM.layers.15.attn,PushPop,343,343,12,12,9776241,814686.8,814434.0,813921,816384,796.6,cutlass3x_sm100_simt_sgemm_f32_f32_f32_f32_f32_64x128x16_1x1x1_3_nnn_align1_bias_f32_relu
PyTorch:BasicsTransformerLM.layers.15.attn,PushPop,343,343,12,12,4652360,387696.7,387536.5,386657,389217,961.3,"void at::native::vectorized_elementwise_kernel<(int)4, at::native::BUnaryFunctor<float, float, float, at::native::binary_internal::MulFunctor<float>>, std::array<char *, (unsigned long)2>>(int, T2, T3)"
PyTorch:BasicsTransformerLM.layers.15.attn,PushPop,343,343,12,12,4625798,385483.2,385440.5,384512,386337,548.2,"void at::native::vectorized_elementwise_kernel<(int)4, at::native::exp_kernel_cuda(at::TensorIteratorBase &)::[lambda() (instance 2)]::operator ()() const::[lambda() (instance 2)]::operator ()() const::[lambda(float) (instance 1)], std::array<char *, (unsigned long)2>>(int, T2, T3)"
PyTorch:BasicsTransformerLM.layers.15.attn,PushPop,343,343,12,12,3793191,316099.3,316064.5,315585,316545,332.4,"void at::native::reduce_kernel<(int)512, (int)1, at::native::ReduceOp<float, at::native::MaxOps<float>, unsigned int, float, (int)4, (int)4>>(T3)"
PyTorch:BasicsTransformerLM.layers.15.attn,PushPop,343,343,12,12,2737671,228139.3,228160.0,227360,228929,468.8,"void at::native::reduce_kernel<(int)512, (int)1, at::native::ReduceOp<float, at::native::func_wrapper_t<float, at::native::sum_functor<float, float, float>::operator ()(at::TensorIterator &)::[lambda(float, float) (instance 1)]>, unsigned int, float, (int)4, (int)4>>(T3)"
PyTorch:BasicsTransformerLM.layers.15.attn,PushPop,343,343,12,96,1610690,16778.0,16496.0,14880,19776,1730.8,"void at::native::elementwise_kernel<(int)128, (int)2, void at::native::gpu_kernel_impl_nocast<at::native::BinaryFunctor<float, float, float, at::native::binary_internal::MulFunctor<float>>>(at::TensorIteratorBase &, const T1 &)::[lambda(int) (instance 1)]>(int, T3)"
PyTorch:BasicsTransformerLM.layers.15.attn,PushPop,343,343,12,24,1303715,54321.5,54288.0,53728,54880,256.9,"void at::native::<unnamed>::CatArrayBatchedCopy<at::native::<unnamed>::OpaqueType<(unsigned int)4>, unsigned int, (int)4, (int)64, (int)64>(T1 *, at::native::<unnamed>::CatArrInputTensorMetadata<T1, T2, T4, T5>, at::native::<unnamed>::TensorSizeStride<T2, (unsigned int)4>, int, T2)"
PyTorch:BasicsTransformerLM.layers.15.attn,PushPop,343,343,12,24,744931,31038.8,31088.5,29344,32768,1539.4,"void at::native::elementwise_kernel<(int)128, (int)2, void at::native::gpu_kernel_impl_nocast<at::native::direct_copy_kernel_cuda(at::TensorIteratorBase &)::[lambda() (instance 3)]::operator ()() const::[lambda() (instance 7)]::operator ()() const::[lambda(float) (instance 1)]>(at::TensorIteratorBase &, const T1 &)::[lambda(int) (instance 1)]>(int, T3)"
PyTorch:BasicsTransformerLM.layers.15.attn,PushPop,343,343,12,48,328832,6850.7,6848.0,6624,7040,105.2,"void at::native::vectorized_elementwise_kernel<(int)4, at::native::CUDAFunctor_add<float>, std::array<char *, (unsigned long)3>>(int, T2, T3)"
PyTorch:BasicsTransformerLM.layers.15.attn,PushPop,343,343,12,12,104000,8666.7,8640.0,8576,8832,81.7,"void at::native::elementwise_kernel<(int)128, (int)4, void at::native::gpu_kernel_impl_nocast<at::native::<unnamed>::CompareFunctor<long>>(at::TensorIteratorBase &, const T1 &)::[lambda(int) (instance 1)]>(int, T3)"
PyTorch:BasicsTransformerLM.layers.15.attn,PushPop,343,343,12,12,14496,1208.0,1152.0,1120,1376,86.4,"void <unnamed>::elementwise_kernel_with_index<int, at::native::arange_cuda_out(const c10::Scalar &, const c10::Scalar &, const c10::Scalar &, at::Tensor &)::[lambda() (instance 1)]::operator ()() const::[lambda() (instance 4)]::operator ()() const::[lambda(long) (instance 1)]>(T1, T2, function_traits<T2>::result_type *)"
PyTorch:BasicsTransformerLM.layers.15.attn,PushPop,343,343,12,12,13024,1085.3,1136.0,928,1216,101.6,"void at::native::vectorized_elementwise_kernel<(int)4, at::native::FillFunctor<float>, std::array<char *, (unsigned long)1>>(int, T2, T3)"
PyTorch:BasicsTransformerLM.layers.15.attn.k_proj,PushPop,343,343,12,12,6177161,514763.4,514625.0,514305,516224,520.9,cutlass3x_sm100_simt_sgemm_f32_f32_f32_f32_f32_64x128x16_1x1x1_3_tnn_align1_bias_f32_relu
PyTorch:BasicsTransformerLM.layers.15.attn.output_proj,PushPop,343,343,12,12,6250251,520854.3,520753.0,520097,522241,609.2,cutlass3x_sm100_simt_sgemm_f32_f32_f32_f32_f32_64x128x16_1x1x1_3_tnn_align1_bias_f32_relu
PyTorch:BasicsTransformerLM.layers.15.attn.q_proj,PushPop,343,343,12,12,6173933,514494.4,514256.5,513857,517121,858.9,cutlass3x_sm100_simt_sgemm_f32_f32_f32_f32_f32_64x128x16_1x1x1_3_tnn_align1_bias_f32_relu
PyTorch:BasicsTransformerLM.layers.15.attn.v_proj,PushPop,343,343,12,12,6177102,514758.5,514785.0,514465,515040,189.3,cutlass3x_sm100_simt_sgemm_f32_f32_f32_f32_f32_64x128x16_1x1x1_3_tnn_align1_bias_f32_relu
PyTorch:BasicsTransformerLM.layers.15.ffn,PushPop,343,343,12,24,42188111,1757838.0,1757826.5,1752772,1764097,4385.9,cutlass3x_sm100_simt_sgemm_f32_f32_f32_f32_f32_128x128x16_1x1x1_3_tnn_align1_bias_f32_relu
PyTorch:BasicsTransformerLM.layers.15.ffn,PushPop,343,343,12,12,21668905,1805742.1,1805652.0,1803842,1809058,1510.9,cutlass3x_sm100_simt_sgemm_f32_f32_f32_f32_f32_128x64x16_1x1x1_3_tnn_align1_bias_f32_relu
PyTorch:BasicsTransformerLM.layers.15.ffn,PushPop,343,343,12,24,1770247,73760.3,74032.0,72512,75297,935.0,"void at::native::vectorized_elementwise_kernel<(int)4, at::native::BinaryFunctor<float, float, float, at::native::binary_internal::MulFunctor<float>>, std::array<char *, (unsigned long)3>>(int, T2, T3)"
PyTorch:BasicsTransformerLM.layers.15.ffn,PushPop,343,343,12,12,590176,49181.3,48992.0,48288,50784,690.3,"void at::native::vectorized_elementwise_kernel<(int)4, at::native::sigmoid_kernel_cuda(at::TensorIteratorBase &)::[lambda() (instance 2)]::operator ()() const::[lambda() (instance 2)]::operator ()() const::[lambda(float) (instance 1)], std::array<char *, (unsigned long)2>>(int, T2, T3)"
PyTorch:BasicsTransformerLM.layers.15.ffn.w1,PushPop,343,343,12,12,21144073,1762006.1,1762323.0,1760067,1764097,1245.2,cutlass3x_sm100_simt_sgemm_f32_f32_f32_f32_f32_128x128x16_1x1x1_3_tnn_align1_bias_f32_relu
PyTorch:BasicsTransformerLM.layers.15.ffn.w2,PushPop,343,343,12,12,21668905,1805742.1,1805652.0,1803842,1809058,1510.9,cutlass3x_sm100_simt_sgemm_f32_f32_f32_f32_f32_128x64x16_1x1x1_3_tnn_align1_bias_f32_relu
PyTorch:BasicsTransformerLM.layers.15.ffn.w3,PushPop,343,343,12,12,21044038,1753669.8,1753428.0,1752772,1755586,874.9,cutlass3x_sm100_simt_sgemm_f32_f32_f32_f32_f32_128x128x16_1x1x1_3_tnn_align1_bias_f32_relu
PyTorch:BasicsTransformerLM.layers.15.ln1,PushPop,343,343,12,24,574723,23946.8,23888.0,23584,24864,314.9,"void at::native::elementwise_kernel<(int)128, (int)2, void at::native::gpu_kernel_impl_nocast<at::native::BinaryFunctor<float, float, float, at::native::binary_internal::MulFunctor<float>>>(at::TensorIteratorBase &, const T1 &)::[lambda(int) (instance 1)]>(int, T3)"
PyTorch:BasicsTransformerLM.layers.15.ln1,PushPop,343,343,12,12,112096,9341.3,9376.0,9152,9600,134.7,"void at::native::vectorized_elementwise_kernel<(int)4, void at::native::<unnamed>::pow_tensor_scalar_kernel_impl<float, float>(at::TensorIteratorBase &, T2)::[lambda(float) (instance 1)], std::array<char *, (unsigned long)2>>(int, T2, T3)"
PyTorch:BasicsTransformerLM.layers.15.ln1,PushPop,343,343,12,12,91232,7602.7,7632.0,7296,7904,206.7,"void at::native::reduce_kernel<(int)512, (int)1, at::native::ReduceOp<float, at::native::MeanOps<float, float, float, float>, unsigned int, float, (int)4, (int)4>>(T3)"
PyTorch:BasicsTransformerLM.layers.15.ln1,PushPop,343,343,12,12,18784,1565.3,1568.0,1536,1600,25.4,"void at::native::vectorized_elementwise_kernel<(int)4, at::native::CUDAFunctorOnSelf_add<float>, std::array<char *, (unsigned long)2>>(int, T2, T3)"
PyTorch:BasicsTransformerLM.layers.15.ln1,PushPop,343,343,12,12,18496,1541.3,1488.0,1472,1760,103.8,"void at::native::vectorized_elementwise_kernel<(int)4, at::native::rsqrt_kernel_cuda(at::TensorIteratorBase &)::[lambda() (instance 2)]::operator ()() const::[lambda() (instance 2)]::operator ()() const::[lambda(float) (instance 1)], std::array<char *, (unsigned long)2>>(int, T2, T3)"
PyTorch:BasicsTransformerLM.layers.15.ln2,PushPop,343,343,12,24,570592,23774.7,23760.0,23296,24448,321.5,"void at::native::elementwise_kernel<(int)128, (int)2, void at::native::gpu_kernel_impl_nocast<at::native::BinaryFunctor<float, float, float, at::native::binary_internal::MulFunctor<float>>>(at::TensorIteratorBase &, const T1 &)::[lambda(int) (instance 1)]>(int, T3)"
PyTorch:BasicsTransformerLM.layers.15.ln2,PushPop,343,343,12,12,112800,9400.0,9328.0,9152,9792,199.2,"void at::native::vectorized_elementwise_kernel<(int)4, void at::native::<unnamed>::pow_tensor_scalar_kernel_impl<float, float>(at::TensorIteratorBase &, T2)::[lambda(float) (instance 1)], std::array<char *, (unsigned long)2>>(int, T2, T3)"
PyTorch:BasicsTransformerLM.layers.15.ln2,PushPop,343,343,12,12,93120,7760.0,7664.0,7168,8704,448.9,"void at::native::reduce_kernel<(int)512, (int)1, at::native::ReduceOp<float, at::native::MeanOps<float, float, float, float>, unsigned int, float, (int)4, (int)4>>(T3)"
PyTorch:BasicsTransformerLM.layers.15.ln2,PushPop,343,343,12,12,19136,1594.7,1600.0,1536,1760,57.6,"void at::native::vectorized_elementwise_kernel<(int)4, at::native::CUDAFunctorOnSelf_add<float>, std::array<char *, (unsigned long)2>>(int, T2, T3)"
PyTorch:BasicsTransformerLM.layers.15.ln2,PushPop,343,343,12,12,17568,1464.0,1472.0,1440,1504,19.9,"void at::native::vectorized_elementwise_kernel<(int)4, at::native::rsqrt_kernel_cuda(at::TensorIteratorBase &)::[lambda() (instance 2)]::operator ()() const::[lambda() (instance 2)]::operator ()() const::[lambda(float) (instance 1)], std::array<char *, (unsigned long)2>>(int, T2, T3)"
PyTorch:BasicsTransformerLM.layers.16,PushPop,343,343,12,36,56790827,1577523.0,1753378.0,1214658,1763938,258767.2,cutlass3x_sm100_simt_sgemm_f32_f32_f32_f32_f32_128x128x16_1x1x1_3_tnn_align1_bias_f32_relu
PyTorch:BasicsTransformerLM.layers.16,PushPop,343,343,12,48,24782063,516293.0,514785.0,513697,522432,2811.2,cutlass3x_sm100_simt_sgemm_f32_f32_f32_f32_f32_64x128x16_1x1x1_3_tnn_align1_bias_f32_relu
PyTorch:BasicsTransformerLM.layers.16,PushPop,343,343,12,12,21669832,1805819.3,1805411.5,1803428,1810818,1853.8,cutlass3x_sm100_simt_sgemm_f32_f32_f32_f32_f32_128x64x16_1x1x1_3_tnn_align1_bias_f32_relu
PyTorch:BasicsTransformerLM.layers.16,PushPop,343,343,12,12,12249017,1020751.4,1020433.5,1019874,1022433,719.6,"void at::native::elementwise_kernel<(int)128, (int)2, void at::native::gpu_kernel_impl_nocast<at::native::BinaryFunctor<float, float, float, at::native::binary_internal::DivFunctor<float>>>(at::TensorIteratorBase &, const T1 &)::[lambda(int) (instance 1)]>(int, T3)"
PyTorch:BasicsTransformerLM.layers.16,PushPop,343,343,12,12,10654291,887857.6,887826.0,887459,888482,308.5,"void at::native::elementwise_kernel<(int)128, (int)2, void at::native::gpu_kernel_impl_nocast<at::native::<unnamed>::where_kernel_impl(at::TensorIterator &)::[lambda() (instance 1)]::operator ()() const::[lambda() (instance 11)]::operator ()() const::[lambda(bool, float, float) (instance 1)]>(at::TensorIteratorBase &, const T1 &)::[lambda(int) (instance 1)]>(int, T3)"
PyTorch:BasicsTransformerLM.layers.16,PushPop,343,343,12,12,10584017,882001.4,882081.0,881056,883329,602.9,"void at::native::elementwise_kernel<(int)128, (int)2, void at::native::gpu_kernel_impl_nocast<at::native::CUDAFunctor_add<float>>(at::TensorIteratorBase &, const T1 &)::[lambda(int) (instance 1)]>(int, T3)"
PyTorch:BasicsTransformerLM.layers.16,PushPop,343,343,12,12,9776689,814724.1,814530.0,813922,816449,673.0,cutlass3x_sm100_simt_sgemm_f32_f32_f32_f32_f32_64x128x16_1x1x1_3_nnn_align1_bias_f32_relu
PyTorch:BasicsTransformerLM.layers.16,PushPop,343,343,12,12,4646635,387219.6,387553.0,385697,388065,765.7,"void at::native::vectorized_elementwise_kernel<(int)4, at::native::BUnaryFunctor<float, float, float, at::native::binary_internal::MulFunctor<float>>, std::array<char *, (unsigned long)2>>(int, T2, T3)"
PyTorch:BasicsTransformerLM.layers.16,PushPop,343,343,12,12,4617737,384811.4,384737.0,383393,386305,806.8,"void at::native::vectorized_elementwise_kernel<(int)4, at::native::exp_kernel_cuda(at::TensorIteratorBase &)::[lambda() (instance 2)]::operator ()() const::[lambda() (instance 2)]::operator ()() const::[lambda(float) (instance 1)], std::array<char *, (unsigned long)2>>(int, T2, T3)"
PyTorch:BasicsTransformerLM.layers.16,PushPop,343,343,12,12,3789095,315757.9,315760.5,315232,316417,357.2,"void at::native::reduce_kernel<(int)512, (int)1, at::native::ReduceOp<float, at::native::MaxOps<float>, unsigned int, float, (int)4, (int)4>>(T3)"
PyTorch:BasicsTransformerLM.layers.16,PushPop,343,343,12,144,2759587,19163.8,18224.0,14912,24704,3672.3,"void at::native::elementwise_kernel<(int)128, (int)2, void at::native::gpu_kernel_impl_nocast<at::native::BinaryFunctor<float, float, float, at::native::binary_internal::MulFunctor<float>>>(at::TensorIteratorBase &, const T1 &)::[lambda(int) (instance 1)]>(int, T3)"
PyTorch:BasicsTransformerLM.layers.16,PushPop,343,343,12,12,2741318,228443.2,228545.0,227585,229025,491.3,"void at::native::reduce_kernel<(int)512, (int)1, at::native::ReduceOp<float, at::native::func_wrapper_t<float, at::native::sum_functor<float, float, float>::operator ()(at::TensorIterator &)::[lambda(float, float) (instance 1)]>, unsigned int, float, (int)4, (int)4>>(T3)"
PyTorch:BasicsTransformerLM.layers.16,PushPop,343,343,12,24,1771364,73806.8,73744.0,72512,75584,975.0,"void at::native::vectorized_elementwise_kernel<(int)4, at::native::BinaryFunctor<float, float, float, at::native::binary_internal::MulFunctor<float>>, std::array<char *, (unsigned long)3>>(int, T2, T3)"
PyTorch:BasicsTransformerLM.layers.16,PushPop,343,343,12,24,1301251,54218.8,54160.0,53472,55040,343.8,"void at::native::<unnamed>::CatArrayBatchedCopy<at::native::<unnamed>::OpaqueType<(unsigned int)4>, unsigned int, (int)4, (int)64, (int)64>(T1 *, at::native::<unnamed>::CatArrInputTensorMetadata<T1, T2, T4, T5>, at::native::<unnamed>::TensorSizeStride<T2, (unsigned int)4>, int, T2)"
PyTorch:BasicsTransformerLM.layers.16,PushPop,343,343,12,24,744066,31002.8,31072.0,29345,32704,1541.1,"void at::native::elementwise_kernel<(int)128, (int)2, void at::native::gpu_kernel_impl_nocast<at::native::direct_copy_kernel_cuda(at::TensorIteratorBase &)::[lambda() (instance 3)]::operator ()() const::[lambda() (instance 7)]::operator ()() const::[lambda(float) (instance 1)]>(at::TensorIteratorBase &, const T1 &)::[lambda(int) (instance 1)]>(int, T3)"
PyTorch:BasicsTransformerLM.layers.16,PushPop,343,343,12,72,712768,9899.6,6912.0,6688,16480,4345.2,"void at::native::vectorized_elementwise_kernel<(int)4, at::native::CUDAFunctor_add<float>, std::array<char *, (unsigned long)3>>(int, T2, T3)"
PyTorch:BasicsTransformerLM.layers.16,PushPop,343,343,12,12,589889,49157.4,49040.5,48416,50208,613.8,"void at::native::vectorized_elementwise_kernel<(int)4, at::native::sigmoid_kernel_cuda(at::TensorIteratorBase &)::[lambda() (instance 2)]::operator ()() const::[lambda() (instance 2)]::operator ()() const::[lambda(float) (instance 1)], std::array<char *, (unsigned long)2>>(int, T2, T3)"
PyTorch:BasicsTransformerLM.layers.16,PushPop,343,343,12,24,227521,9480.0,9472.0,9152,9728,139.4,"void at::native::vectorized_elementwise_kernel<(int)4, void at::native::<unnamed>::pow_tensor_scalar_kernel_impl<float, float>(at::TensorIteratorBase &, T2)::[lambda(float) (instance 1)], std::array<char *, (unsigned long)2>>(int, T2, T3)"
PyTorch:BasicsTransformerLM.layers.16,PushPop,343,343,12,24,183456,7644.0,7552.0,7136,8992,425.3,"void at::native::reduce_kernel<(int)512, (int)1, at::native::ReduceOp<float, at::native::MeanOps<float, float, float, float>, unsigned int, float, (int)4, (int)4>>(T3)"
PyTorch:BasicsTransformerLM.layers.16,PushPop,343,343,12,12,104225,8685.4,8640.0,8576,9024,134.7,"void at::native::elementwise_kernel<(int)128, (int)4, void at::native::gpu_kernel_impl_nocast<at::native::<unnamed>::CompareFunctor<long>>(at::TensorIteratorBase &, const T1 &)::[lambda(int) (instance 1)]>(int, T3)"
PyTorch:BasicsTransformerLM.layers.16,PushPop,343,343,12,24,38368,1598.7,1568.0,1536,1792,67.7,"void at::native::vectorized_elementwise_kernel<(int)4, at::native::CUDAFunctorOnSelf_add<float>, std::array<char *, (unsigned long)2>>(int, T2, T3)"
PyTorch:BasicsTransformerLM.layers.16,PushPop,343,343,12,24,36224,1509.3,1472.0,1440,1664,60.2,"void at::native::vectorized_elementwise_kernel<(int)4, at::native::rsqrt_kernel_cuda(at::TensorIteratorBase &)::[lambda() (instance 2)]::operator ()() const::[lambda() (instance 2)]::operator ()() const::[lambda(float) (instance 1)], std::array<char *, (unsigned long)2>>(int, T2, T3)"
PyTorch:BasicsTransformerLM.layers.16,PushPop,343,343,12,12,13824,1152.0,1152.0,1120,1216,27.3,"void <unnamed>::elementwise_kernel_with_index<int, at::native::arange_cuda_out(const c10::Scalar &, const c10::Scalar &, const c10::Scalar &, at::Tensor &)::[lambda() (instance 1)]::operator ()() const::[lambda() (instance 4)]::operator ()() const::[lambda(long) (instance 1)]>(T1, T2, function_traits<T2>::result_type *)"
PyTorch:BasicsTransformerLM.layers.16,PushPop,343,343,12,12,12352,1029.3,992.0,928,1152,89.3,"void at::native::vectorized_elementwise_kernel<(int)4, at::native::FillFunctor<float>, std::array<char *, (unsigned long)1>>(int, T2, T3)"
PyTorch:BasicsTransformerLM.layers.16.attn,PushPop,343,343,12,48,24782063,516293.0,514785.0,513697,522432,2811.2,cutlass3x_sm100_simt_sgemm_f32_f32_f32_f32_f32_64x128x16_1x1x1_3_tnn_align1_bias_f32_relu
PyTorch:BasicsTransformerLM.layers.16.attn,PushPop,343,343,12,12,14600732,1216727.7,1216930.5,1214658,1218689,1141.1,cutlass3x_sm100_simt_sgemm_f32_f32_f32_f32_f32_128x128x16_1x1x1_3_tnn_align1_bias_f32_relu
PyTorch:BasicsTransformerLM.layers.16.attn,PushPop,343,343,12,12,12249017,1020751.4,1020433.5,1019874,1022433,719.6,"void at::native::elementwise_kernel<(int)128, (int)2, void at::native::gpu_kernel_impl_nocast<at::native::BinaryFunctor<float, float, float, at::native::binary_internal::DivFunctor<float>>>(at::TensorIteratorBase &, const T1 &)::[lambda(int) (instance 1)]>(int, T3)"
PyTorch:BasicsTransformerLM.layers.16.attn,PushPop,343,343,12,12,10654291,887857.6,887826.0,887459,888482,308.5,"void at::native::elementwise_kernel<(int)128, (int)2, void at::native::gpu_kernel_impl_nocast<at::native::<unnamed>::where_kernel_impl(at::TensorIterator &)::[lambda() (instance 1)]::operator ()() const::[lambda() (instance 11)]::operator ()() const::[lambda(bool, float, float) (instance 1)]>(at::TensorIteratorBase &, const T1 &)::[lambda(int) (instance 1)]>(int, T3)"
PyTorch:BasicsTransformerLM.layers.16.attn,PushPop,343,343,12,12,10584017,882001.4,882081.0,881056,883329,602.9,"void at::native::elementwise_kernel<(int)128, (int)2, void at::native::gpu_kernel_impl_nocast<at::native::CUDAFunctor_add<float>>(at::TensorIteratorBase &, const T1 &)::[lambda(int) (instance 1)]>(int, T3)"
PyTorch:BasicsTransformerLM.layers.16.attn,PushPop,343,343,12,12,9776689,814724.1,814530.0,813922,816449,673.0,cutlass3x_sm100_simt_sgemm_f32_f32_f32_f32_f32_64x128x16_1x1x1_3_nnn_align1_bias_f32_relu
PyTorch:BasicsTransformerLM.layers.16.attn,PushPop,343,343,12,12,4646635,387219.6,387553.0,385697,388065,765.7,"void at::native::vectorized_elementwise_kernel<(int)4, at::native::BUnaryFunctor<float, float, float, at::native::binary_internal::MulFunctor<float>>, std::array<char *, (unsigned long)2>>(int, T2, T3)"
PyTorch:BasicsTransformerLM.layers.16.attn,PushPop,343,343,12,12,4617737,384811.4,384737.0,383393,386305,806.8,"void at::native::vectorized_elementwise_kernel<(int)4, at::native::exp_kernel_cuda(at::TensorIteratorBase &)::[lambda() (instance 2)]::operator ()() const::[lambda() (instance 2)]::operator ()() const::[lambda(float) (instance 1)], std::array<char *, (unsigned long)2>>(int, T2, T3)"
PyTorch:BasicsTransformerLM.layers.16.attn,PushPop,343,343,12,12,3789095,315757.9,315760.5,315232,316417,357.2,"void at::native::reduce_kernel<(int)512, (int)1, at::native::ReduceOp<float, at::native::MaxOps<float>, unsigned int, float, (int)4, (int)4>>(T3)"
PyTorch:BasicsTransformerLM.layers.16.attn,PushPop,343,343,12,12,2741318,228443.2,228545.0,227585,229025,491.3,"void at::native::reduce_kernel<(int)512, (int)1, at::native::ReduceOp<float, at::native::func_wrapper_t<float, at::native::sum_functor<float, float, float>::operator ()(at::TensorIterator &)::[lambda(float, float) (instance 1)]>, unsigned int, float, (int)4, (int)4>>(T3)"
PyTorch:BasicsTransformerLM.layers.16.attn,PushPop,343,343,12,96,1611201,16783.3,16432.0,14912,20096,1751.1,"void at::native::elementwise_kernel<(int)128, (int)2, void at::native::gpu_kernel_impl_nocast<at::native::BinaryFunctor<float, float, float, at::native::binary_internal::MulFunctor<float>>>(at::TensorIteratorBase &, const T1 &)::[lambda(int) (instance 1)]>(int, T3)"
PyTorch:BasicsTransformerLM.layers.16.attn,PushPop,343,343,12,24,1301251,54218.8,54160.0,53472,55040,343.8,"void at::native::<unnamed>::CatArrayBatchedCopy<at::native::<unnamed>::OpaqueType<(unsigned int)4>, unsigned int, (int)4, (int)64, (int)64>(T1 *, at::native::<unnamed>::CatArrInputTensorMetadata<T1, T2, T4, T5>, at::native::<unnamed>::TensorSizeStride<T2, (unsigned int)4>, int, T2)"
PyTorch:BasicsTransformerLM.layers.16.attn,PushPop,343,343,12,24,744066,31002.8,31072.0,29345,32704,1541.1,"void at::native::elementwise_kernel<(int)128, (int)2, void at::native::gpu_kernel_impl_nocast<at::native::direct_copy_kernel_cuda(at::TensorIteratorBase &)::[lambda() (instance 3)]::operator ()() const::[lambda() (instance 7)]::operator ()() const::[lambda(float) (instance 1)]>(at::TensorIteratorBase &, const T1 &)::[lambda(int) (instance 1)]>(int, T3)"
PyTorch:BasicsTransformerLM.layers.16.attn,PushPop,343,343,12,48,328832,6850.7,6816.0,6688,7104,105.2,"void at::native::vectorized_elementwise_kernel<(int)4, at::native::CUDAFunctor_add<float>, std::array<char *, (unsigned long)3>>(int, T2, T3)"
PyTorch:BasicsTransformerLM.layers.16.attn,PushPop,343,343,12,12,104225,8685.4,8640.0,8576,9024,134.7,"void at::native::elementwise_kernel<(int)128, (int)4, void at::native::gpu_kernel_impl_nocast<at::native::<unnamed>::CompareFunctor<long>>(at::TensorIteratorBase &, const T1 &)::[lambda(int) (instance 1)]>(int, T3)"
PyTorch:BasicsTransformerLM.layers.16.attn,PushPop,343,343,12,12,13824,1152.0,1152.0,1120,1216,27.3,"void <unnamed>::elementwise_kernel_with_index<int, at::native::arange_cuda_out(const c10::Scalar &, const c10::Scalar &, const c10::Scalar &, at::Tensor &)::[lambda() (instance 1)]::operator ()() const::[lambda() (instance 4)]::operator ()() const::[lambda(long) (instance 1)]>(T1, T2, function_traits<T2>::result_type *)"
PyTorch:BasicsTransformerLM.layers.16.attn,PushPop,343,343,12,12,12352,1029.3,992.0,928,1152,89.3,"void at::native::vectorized_elementwise_kernel<(int)4, at::native::FillFunctor<float>, std::array<char *, (unsigned long)1>>(int, T2, T3)"
PyTorch:BasicsTransformerLM.layers.16.attn.k_proj,PushPop,343,343,12,12,6177805,514817.1,514785.5,514434,515617,302.4,cutlass3x_sm100_simt_sgemm_f32_f32_f32_f32_f32_64x128x16_1x1x1_3_tnn_align1_bias_f32_relu
PyTorch:BasicsTransformerLM.layers.16.attn.output_proj,PushPop,343,343,12,12,6251786,520982.2,520865.0,520480,522432,576.4,cutlass3x_sm100_simt_sgemm_f32_f32_f32_f32_f32_64x128x16_1x1x1_3_tnn_align1_bias_f32_relu
PyTorch:BasicsTransformerLM.layers.16.attn.q_proj,PushPop,343,343,12,12,6174635,514552.9,514177.0,513697,516704,1028.9,cutlass3x_sm100_simt_sgemm_f32_f32_f32_f32_f32_64x128x16_1x1x1_3_tnn_align1_bias_f32_relu
PyTorch:BasicsTransformerLM.layers.16.attn.v_proj,PushPop,343,343,12,12,6177837,514819.8,514641.5,514305,515936,499.1,cutlass3x_sm100_simt_sgemm_f32_f32_f32_f32_f32_64x128x16_1x1x1_3_tnn_align1_bias_f32_relu
PyTorch:BasicsTransformerLM.layers.16.ffn,PushPop,343,343,12,24,42190095,1757920.6,1757970.0,1752451,1763938,4585.5,cutlass3x_sm100_simt_sgemm_f32_f32_f32_f32_f32_128x128x16_1x1x1_3_tnn_align1_bias_f32_relu
PyTorch:BasicsTransformerLM.layers.16.ffn,PushPop,343,343,12,12,21669832,1805819.3,1805411.5,1803428,1810818,1853.8,cutlass3x_sm100_simt_sgemm_f32_f32_f32_f32_f32_128x64x16_1x1x1_3_tnn_align1_bias_f32_relu
PyTorch:BasicsTransformerLM.layers.16.ffn,PushPop,343,343,12,24,1771364,73806.8,73744.0,72512,75584,975.0,"void at::native::vectorized_elementwise_kernel<(int)4, at::native::BinaryFunctor<float, float, float, at::native::binary_internal::MulFunctor<float>>, std::array<char *, (unsigned long)3>>(int, T2, T3)"
PyTorch:BasicsTransformerLM.layers.16.ffn,PushPop,343,343,12,12,589889,49157.4,49040.5,48416,50208,613.8,"void at::native::vectorized_elementwise_kernel<(int)4, at::native::sigmoid_kernel_cuda(at::TensorIteratorBase &)::[lambda() (instance 2)]::operator ()() const::[lambda() (instance 2)]::operator ()() const::[lambda(float) (instance 1)], std::array<char *, (unsigned long)2>>(int, T2, T3)"
PyTorch:BasicsTransformerLM.layers.16.ffn.w1,PushPop,343,343,12,12,21148328,1762360.7,1762356.5,1761186,1763938,725.1,cutlass3x_sm100_simt_sgemm_f32_f32_f32_f32_f32_128x128x16_1x1x1_3_tnn_align1_bias_f32_relu
PyTorch:BasicsTransformerLM.layers.16.ffn.w2,PushPop,343,343,12,12,21669832,1805819.3,1805411.5,1803428,1810818,1853.8,cutlass3x_sm100_simt_sgemm_f32_f32_f32_f32_f32_128x64x16_1x1x1_3_tnn_align1_bias_f32_relu
PyTorch:BasicsTransformerLM.layers.16.ffn.w3,PushPop,343,343,12,12,21041767,1753480.6,1753378.0,1752451,1754754,654.0,cutlass3x_sm100_simt_sgemm_f32_f32_f32_f32_f32_128x128x16_1x1x1_3_tnn_align1_bias_f32_relu
PyTorch:BasicsTransformerLM.layers.16.ln1,PushPop,343,343,12,24,573825,23909.4,23840.0,23584,24704,315.0,"void at::native::elementwise_kernel<(int)128, (int)2, void at::native::gpu_kernel_impl_nocast<at::native::BinaryFunctor<float, float, float, at::native::binary_internal::MulFunctor<float>>>(at::TensorIteratorBase &, const T1 &)::[lambda(int) (instance 1)]>(int, T3)"
PyTorch:BasicsTransformerLM.layers.16.ln1,PushPop,343,343,12,12,113824,9485.3,9472.0,9280,9728,116.9,"void at::native::vectorized_elementwise_kernel<(int)4, void at::native::<unnamed>::pow_tensor_scalar_kernel_impl<float, float>(at::TensorIteratorBase &, T2)::[lambda(float) (instance 1)], std::array<char *, (unsigned long)2>>(int, T2, T3)"
PyTorch:BasicsTransformerLM.layers.16.ln1,PushPop,343,343,12,12,93120,7760.0,7696.0,7136,8992,511.4,"void at::native::reduce_kernel<(int)512, (int)1, at::native::ReduceOp<float, at::native::MeanOps<float, float, float, float>, unsigned int, float, (int)4, (int)4>>(T3)"
PyTorch:BasicsTransformerLM.layers.16.ln1,PushPop,343,343,12,12,19072,1589.3,1568.0,1568,1696,39.4,"void at::native::vectorized_elementwise_kernel<(int)4, at::native::CUDAFunctorOnSelf_add<float>, std::array<char *, (unsigned long)2>>(int, T2, T3)"
PyTorch:BasicsTransformerLM.layers.16.ln1,PushPop,343,343,12,12,17952,1496.0,1472.0,1440,1600,47.5,"void at::native::vectorized_elementwise_kernel<(int)4, at::native::rsqrt_kernel_cuda(at::TensorIteratorBase &)::[lambda() (instance 2)]::operator ()() const::[lambda() (instance 2)]::operator ()() const::[lambda(float) (instance 1)], std::array<char *, (unsigned long)2>>(int, T2, T3)"
PyTorch:BasicsTransformerLM.layers.16.ln2,PushPop,343,343,12,24,574561,23940.0,23872.0,23392,24512,353.3,"void at::native::elementwise_kernel<(int)128, (int)2, void at::native::gpu_kernel_impl_nocast<at::native::BinaryFunctor<float, float, float, at::native::binary_internal::MulFunctor<float>>>(at::TensorIteratorBase &, const T1 &)::[lambda(int) (instance 1)]>(int, T3)"
PyTorch:BasicsTransformerLM.layers.16.ln2,PushPop,343,343,12,12,113697,9474.8,9504.0,9152,9664,163.9,"void at::native::vectorized_elementwise_kernel<(int)4, void at::native::<unnamed>::pow_tensor_scalar_kernel_impl<float, float>(at::TensorIteratorBase &, T2)::[lambda(float) (instance 1)], std::array<char *, (unsigned long)2>>(int, T2, T3)"
PyTorch:BasicsTransformerLM.layers.16.ln2,PushPop,343,343,12,12,90336,7528.0,7520.0,7168,8160,295.5,"void at::native::reduce_kernel<(int)512, (int)1, at::native::ReduceOp<float, at::native::MeanOps<float, float, float, float>, unsigned int, float, (int)4, (int)4>>(T3)"
PyTorch:BasicsTransformerLM.layers.16.ln2,PushPop,343,343,12,12,19296,1608.0,1568.0,1536,1792,88.6,"void at::native::vectorized_elementwise_kernel<(int)4, at::native::CUDAFunctorOnSelf_add<float>, std::array<char *, (unsigned long)2>>(int, T2, T3)"
PyTorch:BasicsTransformerLM.layers.16.ln2,PushPop,343,343,12,12,18272,1522.7,1488.0,1472,1664,70.2,"void at::native::vectorized_elementwise_kernel<(int)4, at::native::rsqrt_kernel_cuda(at::TensorIteratorBase &)::[lambda() (instance 2)]::operator ()() const::[lambda() (instance 2)]::operator ()() const::[lambda(float) (instance 1)], std::array<char *, (unsigned long)2>>(int, T2, T3)"
PyTorch:BasicsTransformerLM.layers.17,PushPop,343,343,12,36,56787781,1577438.4,1753410.5,1215234,1765186,259180.1,cutlass3x_sm100_simt_sgemm_f32_f32_f32_f32_f32_128x128x16_1x1x1_3_tnn_align1_bias_f32_relu
PyTorch:BasicsTransformerLM.layers.17,PushPop,343,343,12,48,24773802,516120.9,514657.0,513889,521792,2822.4,cutlass3x_sm100_simt_sgemm_f32_f32_f32_f32_f32_64x128x16_1x1x1_3_tnn_align1_bias_f32_relu
PyTorch:BasicsTransformerLM.layers.17,PushPop,343,343,12,12,21664773,1805397.8,1805394.5,1803971,1807428,904.9,cutlass3x_sm100_simt_sgemm_f32_f32_f32_f32_f32_128x64x16_1x1x1_3_tnn_align1_bias_f32_relu
PyTorch:BasicsTransformerLM.layers.17,PushPop,343,343,12,12,12243734,1020311.2,1020098.0,1019426,1021953,689.6,"void at::native::elementwise_kernel<(int)128, (int)2, void at::native::gpu_kernel_impl_nocast<at::native::BinaryFunctor<float, float, float, at::native::binary_internal::DivFunctor<float>>>(at::TensorIteratorBase &, const T1 &)::[lambda(int) (instance 1)]>(int, T3)"
PyTorch:BasicsTransformerLM.layers.17,PushPop,343,343,12,12,10651892,887657.7,887587.0,887297,888129,282.4,"void at::native::elementwise_kernel<(int)128, (int)2, void at::native::gpu_kernel_impl_nocast<at::native::<unnamed>::where_kernel_impl(at::TensorIterator &)::[lambda() (instance 1)]::operator ()() const::[lambda() (instance 11)]::operator ()() const::[lambda(bool, float, float) (instance 1)]>(at::TensorIteratorBase &, const T1 &)::[lambda(int) (instance 1)]>(int, T3)"
PyTorch:BasicsTransformerLM.layers.17,PushPop,343,343,12,12,10580788,881732.3,881650.0,880674,883201,758.1,"void at::native::elementwise_kernel<(int)128, (int)2, void at::native::gpu_kernel_impl_nocast<at::native::CUDAFunctor_add<float>>(at::TensorIteratorBase &, const T1 &)::[lambda(int) (instance 1)]>(int, T3)"
PyTorch:BasicsTransformerLM.layers.17,PushPop,343,343,12,12,9777202,814766.8,814450.0,813985,816737,818.2,cutlass3x_sm100_simt_sgemm_f32_f32_f32_f32_f32_64x128x16_1x1x1_3_nnn_align1_bias_f32_relu
PyTorch:BasicsTransformerLM.layers.17,PushPop,343,343,12,12,4654121,387843.4,387761.0,386529,389409,862.1,"void at::native::vectorized_elementwise_kernel<(int)4, at::native::BUnaryFunctor<float, float, float, at::native::binary_internal::MulFunctor<float>>, std::array<char *, (unsigned long)2>>(int, T2, T3)"
PyTorch:BasicsTransformerLM.layers.17,PushPop,343,343,12,12,4610986,384248.8,384177.0,382625,386113,933.6,"void at::native::vectorized_elementwise_kernel<(int)4, at::native::exp_kernel_cuda(at::TensorIteratorBase &)::[lambda() (instance 2)]::operator ()() const::[lambda() (instance 2)]::operator ()() const::[lambda(float) (instance 1)], std::array<char *, (unsigned long)2>>(int, T2, T3)"
PyTorch:BasicsTransformerLM.layers.17,PushPop,343,343,12,12,3791943,315995.3,315969.0,315457,316577,312.8,"void at::native::reduce_kernel<(int)512, (int)1, at::native::ReduceOp<float, at::native::MaxOps<float>, unsigned int, float, (int)4, (int)4>>(T3)"
PyTorch:BasicsTransformerLM.layers.17,PushPop,343,343,12,144,2756166,19140.0,18320.0,14880,24513,3618.3,"void at::native::elementwise_kernel<(int)128, (int)2, void at::native::gpu_kernel_impl_nocast<at::native::BinaryFunctor<float, float, float, at::native::binary_internal::MulFunctor<float>>>(at::TensorIteratorBase &, const T1 &)::[lambda(int) (instance 1)]>(int, T3)"
PyTorch:BasicsTransformerLM.layers.17,PushPop,343,343,12,12,2737412,228117.7,228049.0,227424,229153,491.6,"void at::native::reduce_kernel<(int)512, (int)1, at::native::ReduceOp<float, at::native::func_wrapper_t<float, at::native::sum_functor<float, float, float>::operator ()(at::TensorIterator &)::[lambda(float, float) (instance 1)]>, unsigned int, float, (int)4, (int)4>>(T3)"
PyTorch:BasicsTransformerLM.layers.17,PushPop,343,343,12,24,1765670,73569.6,73696.0,72256,74784,933.6,"void at::native::vectorized_elementwise_kernel<(int)4, at::native::BinaryFunctor<float, float, float, at::native::binary_internal::MulFunctor<float>>, std::array<char *, (unsigned long)3>>(int, T2, T3)"
PyTorch:BasicsTransformerLM.layers.17,PushPop,343,343,12,24,1304903,54371.0,54320.5,53889,55008,319.8,"void at::native::<unnamed>::CatArrayBatchedCopy<at::native::<unnamed>::OpaqueType<(unsigned int)4>, unsigned int, (int)4, (int)64, (int)64>(T1 *, at::native::<unnamed>::CatArrInputTensorMetadata<T1, T2, T4, T5>, at::native::<unnamed>::TensorSizeStride<T2, (unsigned int)4>, int, T2)"
PyTorch:BasicsTransformerLM.layers.17,PushPop,343,343,12,24,744354,31014.8,31136.0,29248,32832,1535.2,"void at::native::elementwise_kernel<(int)128, (int)2, void at::native::gpu_kernel_impl_nocast<at::native::direct_copy_kernel_cuda(at::TensorIteratorBase &)::[lambda() (instance 3)]::operator ()() const::[lambda() (instance 7)]::operator ()() const::[lambda(float) (instance 1)]>(at::TensorIteratorBase &, const T1 &)::[lambda(int) (instance 1)]>(int, T3)"
PyTorch:BasicsTransformerLM.layers.17,PushPop,343,343,12,72,714785,9927.6,6880.0,6656,16800,4400.8,"void at::native::vectorized_elementwise_kernel<(int)4, at::native::CUDAFunctor_add<float>, std::array<char *, (unsigned long)3>>(int, T2, T3)"
PyTorch:BasicsTransformerLM.layers.17,PushPop,343,343,12,12,586436,48869.7,48896.0,48256,49537,358.1,"void at::native::vectorized_elementwise_kernel<(int)4, at::native::sigmoid_kernel_cuda(at::TensorIteratorBase &)::[lambda() (instance 2)]::operator ()() const::[lambda() (instance 2)]::operator ()() const::[lambda(float) (instance 1)], std::array<char *, (unsigned long)2>>(int, T2, T3)"
PyTorch:BasicsTransformerLM.layers.17,PushPop,343,343,12,24,226016,9417.3,9424.0,8992,9920,214.5,"void at::native::vectorized_elementwise_kernel<(int)4, void at::native::<unnamed>::pow_tensor_scalar_kernel_impl<float, float>(at::TensorIteratorBase &, T2)::[lambda(float) (instance 1)], std::array<char *, (unsigned long)2>>(int, T2, T3)"
PyTorch:BasicsTransformerLM.layers.17,PushPop,343,343,12,24,181536,7564.0,7488.0,7232,8576,355.6,"void at::native::reduce_kernel<(int)512, (int)1, at::native::ReduceOp<float, at::native::MeanOps<float, float, float, float>, unsigned int, float, (int)4, (int)4>>(T3)"
PyTorch:BasicsTransformerLM.layers.17,PushPop,343,343,12,12,103584,8632.0,8640.0,8576,8704,45.5,"void at::native::elementwise_kernel<(int)128, (int)4, void at::native::gpu_kernel_impl_nocast<at::native::<unnamed>::CompareFunctor<long>>(at::TensorIteratorBase &, const T1 &)::[lambda(int) (instance 1)]>(int, T3)"
PyTorch:BasicsTransformerLM.layers.17,PushPop,343,343,12,24,38080,1586.7,1568.0,1536,1824,62.5,"void at::native::vectorized_elementwise_kernel<(int)4, at::native::CUDAFunctorOnSelf_add<float>, std::array<char *, (unsigned long)2>>(int, T2, T3)"
PyTorch:BasicsTransformerLM.layers.17,PushPop,343,343,12,24,35776,1490.7,1472.0,1440,1696,58.1,"void at::native::vectorized_elementwise_kernel<(int)4, at::native::rsqrt_kernel_cuda(at::TensorIteratorBase &)::[lambda() (instance 2)]::operator ()() const::[lambda() (instance 2)]::operator ()() const::[lambda(float) (instance 1)], std::array<char *, (unsigned long)2>>(int, T2, T3)"
PyTorch:BasicsTransformerLM.layers.17,PushPop,343,343,12,12,14176,1181.3,1152.0,1152,1376,67.5,"void <unnamed>::elementwise_kernel_with_index<int, at::native::arange_cuda_out(const c10::Scalar &, const c10::Scalar &, const c10::Scalar &, at::Tensor &)::[lambda() (instance 1)]::operator ()() const::[lambda() (instance 4)]::operator ()() const::[lambda(long) (instance 1)]>(T1, T2, function_traits<T2>::result_type *)"
PyTorch:BasicsTransformerLM.layers.17,PushPop,343,343,12,12,12704,1058.7,1056.0,928,1216,101.6,"void at::native::vectorized_elementwise_kernel<(int)4, at::native::FillFunctor<float>, std::array<char *, (unsigned long)1>>(int, T2, T3)"
PyTorch:BasicsTransformerLM.layers.17.attn,PushPop,343,343,12,48,24773802,516120.9,514657.0,513889,521792,2822.4,cutlass3x_sm100_simt_sgemm_f32_f32_f32_f32_f32_64x128x16_1x1x1_3_tnn_align1_bias_f32_relu
PyTorch:BasicsTransformerLM.layers.17.attn,PushPop,343,343,12,12,14592827,1216068.9,1215907.0,1215234,1217249,696.4,cutlass3x_sm100_simt_sgemm_f32_f32_f32_f32_f32_128x128x16_1x1x1_3_tnn_align1_bias_f32_relu
PyTorch:BasicsTransformerLM.layers.17.attn,PushPop,343,343,12,12,12243734,1020311.2,1020098.0,1019426,1021953,689.6,"void at::native::elementwise_kernel<(int)128, (int)2, void at::native::gpu_kernel_impl_nocast<at::native::BinaryFunctor<float, float, float, at::native::binary_internal::DivFunctor<float>>>(at::TensorIteratorBase &, const T1 &)::[lambda(int) (instance 1)]>(int, T3)"
PyTorch:BasicsTransformerLM.layers.17.attn,PushPop,343,343,12,12,10651892,887657.7,887587.0,887297,888129,282.4,"void at::native::elementwise_kernel<(int)128, (int)2, void at::native::gpu_kernel_impl_nocast<at::native::<unnamed>::where_kernel_impl(at::TensorIterator &)::[lambda() (instance 1)]::operator ()() const::[lambda() (instance 11)]::operator ()() const::[lambda(bool, float, float) (instance 1)]>(at::TensorIteratorBase &, const T1 &)::[lambda(int) (instance 1)]>(int, T3)"
PyTorch:BasicsTransformerLM.layers.17.attn,PushPop,343,343,12,12,10580788,881732.3,881650.0,880674,883201,758.1,"void at::native::elementwise_kernel<(int)128, (int)2, void at::native::gpu_kernel_impl_nocast<at::native::CUDAFunctor_add<float>>(at::TensorIteratorBase &, const T1 &)::[lambda(int) (instance 1)]>(int, T3)"
PyTorch:BasicsTransformerLM.layers.17.attn,PushPop,343,343,12,12,9777202,814766.8,814450.0,813985,816737,818.2,cutlass3x_sm100_simt_sgemm_f32_f32_f32_f32_f32_64x128x16_1x1x1_3_nnn_align1_bias_f32_relu
PyTorch:BasicsTransformerLM.layers.17.attn,PushPop,343,343,12,12,4654121,387843.4,387761.0,386529,389409,862.1,"void at::native::vectorized_elementwise_kernel<(int)4, at::native::BUnaryFunctor<float, float, float, at::native::binary_internal::MulFunctor<float>>, std::array<char *, (unsigned long)2>>(int, T2, T3)"
PyTorch:BasicsTransformerLM.layers.17.attn,PushPop,343,343,12,12,4610986,384248.8,384177.0,382625,386113,933.6,"void at::native::vectorized_elementwise_kernel<(int)4, at::native::exp_kernel_cuda(at::TensorIteratorBase &)::[lambda() (instance 2)]::operator ()() const::[lambda() (instance 2)]::operator ()() const::[lambda(float) (instance 1)], std::array<char *, (unsigned long)2>>(int, T2, T3)"
PyTorch:BasicsTransformerLM.layers.17.attn,PushPop,343,343,12,12,3791943,315995.3,315969.0,315457,316577,312.8,"void at::native::reduce_kernel<(int)512, (int)1, at::native::ReduceOp<float, at::native::MaxOps<float>, unsigned int, float, (int)4, (int)4>>(T3)"
PyTorch:BasicsTransformerLM.layers.17.attn,PushPop,343,343,12,12,2737412,228117.7,228049.0,227424,229153,491.6,"void at::native::reduce_kernel<(int)512, (int)1, at::native::ReduceOp<float, at::native::func_wrapper_t<float, at::native::sum_functor<float, float, float>::operator ()(at::TensorIterator &)::[lambda(float, float) (instance 1)]>, unsigned int, float, (int)4, (int)4>>(T3)"
PyTorch:BasicsTransformerLM.layers.17.attn,PushPop,343,343,12,96,1612032,16792.0,16480.0,14880,19776,1718.1,"void at::native::elementwise_kernel<(int)128, (int)2, void at::native::gpu_kernel_impl_nocast<at::native::BinaryFunctor<float, float, float, at::native::binary_internal::MulFunctor<float>>>(at::TensorIteratorBase &, const T1 &)::[lambda(int) (instance 1)]>(int, T3)"
PyTorch:BasicsTransformerLM.layers.17.attn,PushPop,343,343,12,24,1304903,54371.0,54320.5,53889,55008,319.8,"void at::native::<unnamed>::CatArrayBatchedCopy<at::native::<unnamed>::OpaqueType<(unsigned int)4>, unsigned int, (int)4, (int)64, (int)64>(T1 *, at::native::<unnamed>::CatArrInputTensorMetadata<T1, T2, T4, T5>, at::native::<unnamed>::TensorSizeStride<T2, (unsigned int)4>, int, T2)"
PyTorch:BasicsTransformerLM.layers.17.attn,PushPop,343,343,12,24,744354,31014.8,31136.0,29248,32832,1535.2,"void at::native::elementwise_kernel<(int)128, (int)2, void at::native::gpu_kernel_impl_nocast<at::native::direct_copy_kernel_cuda(at::TensorIteratorBase &)::[lambda() (instance 3)]::operator ()() const::[lambda() (instance 7)]::operator ()() const::[lambda(float) (instance 1)]>(at::TensorIteratorBase &, const T1 &)::[lambda(int) (instance 1)]>(int, T3)"
PyTorch:BasicsTransformerLM.layers.17.attn,PushPop,343,343,12,48,328321,6840.0,6816.0,6656,7200,107.6,"void at::native::vectorized_elementwise_kernel<(int)4, at::native::CUDAFunctor_add<float>, std::array<char *, (unsigned long)3>>(int, T2, T3)"
PyTorch:BasicsTransformerLM.layers.17.attn,PushPop,343,343,12,12,103584,8632.0,8640.0,8576,8704,45.5,"void at::native::elementwise_kernel<(int)128, (int)4, void at::native::gpu_kernel_impl_nocast<at::native::<unnamed>::CompareFunctor<long>>(at::TensorIteratorBase &, const T1 &)::[lambda(int) (instance 1)]>(int, T3)"
PyTorch:BasicsTransformerLM.layers.17.attn,PushPop,343,343,12,12,14176,1181.3,1152.0,1152,1376,67.5,"void <unnamed>::elementwise_kernel_with_index<int, at::native::arange_cuda_out(const c10::Scalar &, const c10::Scalar &, const c10::Scalar &, at::Tensor &)::[lambda() (instance 1)]::operator ()() const::[lambda() (instance 4)]::operator ()() const::[lambda(long) (instance 1)]>(T1, T2, function_traits<T2>::result_type *)"
PyTorch:BasicsTransformerLM.layers.17.attn,PushPop,343,343,12,12,12704,1058.7,1056.0,928,1216,101.6,"void at::native::vectorized_elementwise_kernel<(int)4, at::native::FillFunctor<float>, std::array<char *, (unsigned long)1>>(int, T2, T3)"
PyTorch:BasicsTransformerLM.layers.17.attn.k_proj,PushPop,343,343,12,12,6175849,514654.1,514608.5,514241,515296,304.9,cutlass3x_sm100_simt_sgemm_f32_f32_f32_f32_f32_64x128x16_1x1x1_3_tnn_align1_bias_f32_relu
PyTorch:BasicsTransformerLM.layers.17.attn.output_proj,PushPop,343,343,12,12,6251082,520923.5,520753.0,520513,521792,436.9,cutlass3x_sm100_simt_sgemm_f32_f32_f32_f32_f32_64x128x16_1x1x1_3_tnn_align1_bias_f32_relu
PyTorch:BasicsTransformerLM.layers.17.attn.q_proj,PushPop,343,343,12,12,6170923,514243.6,514257.0,513889,514561,182.2,cutlass3x_sm100_simt_sgemm_f32_f32_f32_f32_f32_64x128x16_1x1x1_3_tnn_align1_bias_f32_relu
PyTorch:BasicsTransformerLM.layers.17.attn.v_proj,PushPop,343,343,12,12,6175948,514662.3,514673.5,514336,514976,212.4,cutlass3x_sm100_simt_sgemm_f32_f32_f32_f32_f32_64x128x16_1x1x1_3_tnn_align1_bias_f32_relu
PyTorch:BasicsTransformerLM.layers.17.ffn,PushPop,343,343,12,24,42194954,1758123.1,1757298.5,1752964,1765186,4730.0,cutlass3x_sm100_simt_sgemm_f32_f32_f32_f32_f32_128x128x16_1x1x1_3_tnn_align1_bias_f32_relu
PyTorch:BasicsTransformerLM.layers.17.ffn,PushPop,343,343,12,12,21664773,1805397.8,1805394.5,1803971,1807428,904.9,cutlass3x_sm100_simt_sgemm_f32_f32_f32_f32_f32_128x64x16_1x1x1_3_tnn_align1_bias_f32_relu
PyTorch:BasicsTransformerLM.layers.17.ffn,PushPop,343,343,12,24,1765670,73569.6,73696.0,72256,74784,933.6,"void at::native::vectorized_elementwise_kernel<(int)4, at::native::BinaryFunctor<float, float, float, at::native::binary_internal::MulFunctor<float>>, std::array<char *, (unsigned long)3>>(int, T2, T3)"
PyTorch:BasicsTransformerLM.layers.17.ffn,PushPop,343,343,12,12,586436,48869.7,48896.0,48256,49537,358.1,"void at::native::vectorized_elementwise_kernel<(int)4, at::native::sigmoid_kernel_cuda(at::TensorIteratorBase &)::[lambda() (instance 2)]::operator ()() const::[lambda() (instance 2)]::operator ()() const::[lambda(float) (instance 1)], std::array<char *, (unsigned long)2>>(int, T2, T3)"
PyTorch:BasicsTransformerLM.layers.17.ffn.w1,PushPop,343,343,12,12,21151652,1762637.7,1762547.0,1759587,1765186,1397.0,cutlass3x_sm100_simt_sgemm_f32_f32_f32_f32_f32_128x128x16_1x1x1_3_tnn_align1_bias_f32_relu
PyTorch:BasicsTransformerLM.layers.17.ffn.w2,PushPop,343,343,12,12,21664773,1805397.8,1805394.5,1803971,1807428,904.9,cutlass3x_sm100_simt_sgemm_f32_f32_f32_f32_f32_128x64x16_1x1x1_3_tnn_align1_bias_f32_relu
PyTorch:BasicsTransformerLM.layers.17.ffn.w3,PushPop,343,343,12,12,21043302,1753608.5,1753410.5,1752964,1755010,599.8,cutlass3x_sm100_simt_sgemm_f32_f32_f32_f32_f32_128x128x16_1x1x1_3_tnn_align1_bias_f32_relu
PyTorch:BasicsTransformerLM.layers.17.ln1,PushPop,343,343,12,24,571043,23793.5,23776.0,23456,24448,248.8,"void at::native::elementwise_kernel<(int)128, (int)2, void at::native::gpu_kernel_impl_nocast<at::native::BinaryFunctor<float, float, float, at::native::binary_internal::MulFunctor<float>>>(at::TensorIteratorBase &, const T1 &)::[lambda(int) (instance 1)]>(int, T3)"
PyTorch:BasicsTransformerLM.layers.17.ln1,PushPop,343,343,12,12,111776,9314.7,9296.0,8992,9760,210.7,"void at::native::vectorized_elementwise_kernel<(int)4, void at::native::<unnamed>::pow_tensor_scalar_kernel_impl<float, float>(at::TensorIteratorBase &, T2)::[lambda(float) (instance 1)], std::array<char *, (unsigned long)2>>(int, T2, T3)"
PyTorch:BasicsTransformerLM.layers.17.ln1,PushPop,343,343,12,12,90592,7549.3,7504.0,7232,8576,373.0,"void at::native::reduce_kernel<(int)512, (int)1, at::native::ReduceOp<float, at::native::MeanOps<float, float, float, float>, unsigned int, float, (int)4, (int)4>>(T3)"
PyTorch:BasicsTransformerLM.layers.17.ln1,PushPop,343,343,12,12,19200,1600.0,1568.0,1536,1824,74.7,"void at::native::vectorized_elementwise_kernel<(int)4, at::native::CUDAFunctorOnSelf_add<float>, std::array<char *, (unsigned long)2>>(int, T2, T3)"
PyTorch:BasicsTransformerLM.layers.17.ln1,PushPop,343,343,12,12,17856,1488.0,1472.0,1440,1632,52.0,"void at::native::vectorized_elementwise_kernel<(int)4, at::native::rsqrt_kernel_cuda(at::TensorIteratorBase &)::[lambda() (instance 2)]::operator ()() const::[lambda() (instance 2)]::operator ()() const::[lambda(float) (instance 1)], std::array<char *, (unsigned long)2>>(int, T2, T3)"
PyTorch:BasicsTransformerLM.layers.17.ln2,PushPop,343,343,12,24,573091,23878.8,23872.5,23360,24513,320.3,"void at::native::elementwise_kernel<(int)128, (int)2, void at::native::gpu_kernel_impl_nocast<at::native::BinaryFunctor<float, float, float, at::native::binary_internal::MulFunctor<float>>>(at::TensorIteratorBase &, const T1 &)::[lambda(int) (instance 1)]>(int, T3)"
PyTorch:BasicsTransformerLM.layers.17.ln2,PushPop,343,343,12,12,114240,9520.0,9456.0,9312,9920,169.6,"void at::native::vectorized_elementwise_kernel<(int)4, void at::native::<unnamed>::pow_tensor_scalar_kernel_impl<float, float>(at::TensorIteratorBase &, T2)::[lambda(float) (instance 1)], std::array<char *, (unsigned long)2>>(int, T2, T3)"
PyTorch:BasicsTransformerLM.layers.17.ln2,PushPop,343,343,12,12,90944,7578.7,7472.0,7232,8352,353.1,"void at::native::reduce_kernel<(int)512, (int)1, at::native::ReduceOp<float, at::native::MeanOps<float, float, float, float>, unsigned int, float, (int)4, (int)4>>(T3)"
PyTorch:BasicsTransformerLM.layers.17.ln2,PushPop,343,343,12,12,18880,1573.3,1568.0,1536,1696,46.9,"void at::native::vectorized_elementwise_kernel<(int)4, at::native::CUDAFunctorOnSelf_add<float>, std::array<char *, (unsigned long)2>>(int, T2, T3)"
PyTorch:BasicsTransformerLM.layers.17.ln2,PushPop,343,343,12,12,17920,1493.3,1472.0,1440,1696,65.9,"void at::native::vectorized_elementwise_kernel<(int)4, at::native::rsqrt_kernel_cuda(at::TensorIteratorBase &)::[lambda() (instance 2)]::operator ()() const::[lambda() (instance 2)]::operator ()() const::[lambda(float) (instance 1)], std::array<char *, (unsigned long)2>>(int, T2, T3)"
PyTorch:BasicsTransformerLM.layers.18,PushPop,343,343,12,36,56792368,1577565.8,1753363.0,1215300,1764034,259095.8,cutlass3x_sm100_simt_sgemm_f32_f32_f32_f32_f32_128x128x16_1x1x1_3_tnn_align1_bias_f32_relu
PyTorch:BasicsTransformerLM.layers.18,PushPop,343,343,12,48,24784206,516337.6,514833.0,513825,522049,2823.8,cutlass3x_sm100_simt_sgemm_f32_f32_f32_f32_f32_64x128x16_1x1x1_3_tnn_align1_bias_f32_relu
PyTorch:BasicsTransformerLM.layers.18,PushPop,343,343,12,12,21663497,1805291.4,1804804.5,1803683,1808483,1576.0,cutlass3x_sm100_simt_sgemm_f32_f32_f32_f32_f32_128x64x16_1x1x1_3_tnn_align1_bias_f32_relu
PyTorch:BasicsTransformerLM.layers.18,PushPop,343,343,12,12,12247671,1020639.3,1020610.0,1019746,1021633,493.3,"void at::native::elementwise_kernel<(int)128, (int)2, void at::native::gpu_kernel_impl_nocast<at::native::BinaryFunctor<float, float, float, at::native::binary_internal::DivFunctor<float>>>(at::TensorIteratorBase &, const T1 &)::[lambda(int) (instance 1)]>(int, T3)"
PyTorch:BasicsTransformerLM.layers.18,PushPop,343,343,12,12,10649459,887454.9,887522.0,886658,887841,329.6,"void at::native::elementwise_kernel<(int)128, (int)2, void at::native::gpu_kernel_impl_nocast<at::native::<unnamed>::where_kernel_impl(at::TensorIterator &)::[lambda() (instance 1)]::operator ()() const::[lambda() (instance 11)]::operator ()() const::[lambda(bool, float, float) (instance 1)]>(at::TensorIteratorBase &, const T1 &)::[lambda(int) (instance 1)]>(int, T3)"
PyTorch:BasicsTransformerLM.layers.18,PushPop,343,343,12,12,10583508,881959.0,881874.0,880803,882976,619.2,"void at::native::elementwise_kernel<(int)128, (int)2, void at::native::gpu_kernel_impl_nocast<at::native::CUDAFunctor_add<float>>(at::TensorIteratorBase &, const T1 &)::[lambda(int) (instance 1)]>(int, T3)"
PyTorch:BasicsTransformerLM.layers.18,PushPop,343,343,12,12,9775858,814654.8,814370.0,813666,816800,884.9,cutlass3x_sm100_simt_sgemm_f32_f32_f32_f32_f32_64x128x16_1x1x1_3_nnn_align1_bias_f32_relu
PyTorch:BasicsTransformerLM.layers.18,PushPop,343,343,12,12,4648840,387403.3,387073.0,386049,390849,1240.3,"void at::native::vectorized_elementwise_kernel<(int)4, at::native::BUnaryFunctor<float, float, float, at::native::binary_internal::MulFunctor<float>>, std::array<char *, (unsigned long)2>>(int, T2, T3)"
PyTorch:BasicsTransformerLM.layers.18,PushPop,343,343,12,12,4617992,384832.7,384688.0,383488,386177,782.4,"void at::native::vectorized_elementwise_kernel<(int)4, at::native::exp_kernel_cuda(at::TensorIteratorBase &)::[lambda() (instance 2)]::operator ()() const::[lambda() (instance 2)]::operator ()() const::[lambda(float) (instance 1)], std::array<char *, (unsigned long)2>>(int, T2, T3)"
PyTorch:BasicsTransformerLM.layers.18,PushPop,343,343,12,12,3792585,316048.8,316096.5,315297,316801,424.7,"void at::native::reduce_kernel<(int)512, (int)1, at::native::ReduceOp<float, at::native::MaxOps<float>, unsigned int, float, (int)4, (int)4>>(T3)"
PyTorch:BasicsTransformerLM.layers.18,PushPop,343,343,12,144,2754854,19130.9,18256.0,14881,24640,3643.1,"void at::native::elementwise_kernel<(int)128, (int)2, void at::native::gpu_kernel_impl_nocast<at::native::BinaryFunctor<float, float, float, at::native::binary_internal::MulFunctor<float>>>(at::TensorIteratorBase &, const T1 &)::[lambda(int) (instance 1)]>(int, T3)"
PyTorch:BasicsTransformerLM.layers.18,PushPop,343,343,12,12,2739397,228283.1,228272.0,227616,229376,560.6,"void at::native::reduce_kernel<(int)512, (int)1, at::native::ReduceOp<float, at::native::func_wrapper_t<float, at::native::sum_functor<float, float, float>::operator ()(at::TensorIterator &)::[lambda(float, float) (instance 1)]>, unsigned int, float, (int)4, (int)4>>(T3)"
PyTorch:BasicsTransformerLM.layers.18,PushPop,343,343,12,24,1770048,73752.0,73968.0,72096,75136,1037.9,"void at::native::vectorized_elementwise_kernel<(int)4, at::native::BinaryFunctor<float, float, float, at::native::binary_internal::MulFunctor<float>>, std::array<char *, (unsigned long)3>>(int, T2, T3)"
PyTorch:BasicsTransformerLM.layers.18,PushPop,343,343,12,24,1305251,54385.5,54352.0,54048,54944,247.0,"void at::native::<unnamed>::CatArrayBatchedCopy<at::native::<unnamed>::OpaqueType<(unsigned int)4>, unsigned int, (int)4, (int)64, (int)64>(T1 *, at::native::<unnamed>::CatArrInputTensorMetadata<T1, T2, T4, T5>, at::native::<unnamed>::TensorSizeStride<T2, (unsigned int)4>, int, T2)"
PyTorch:BasicsTransformerLM.layers.18,PushPop,343,343,12,24,744256,31010.7,31136.0,29248,32736,1544.8,"void at::native::elementwise_kernel<(int)128, (int)2, void at::native::gpu_kernel_impl_nocast<at::native::direct_copy_kernel_cuda(at::TensorIteratorBase &)::[lambda() (instance 3)]::operator ()() const::[lambda() (instance 7)]::operator ()() const::[lambda(float) (instance 1)]>(at::TensorIteratorBase &, const T1 &)::[lambda(int) (instance 1)]>(int, T3)"
PyTorch:BasicsTransformerLM.layers.18,PushPop,343,343,12,72,714405,9922.3,6944.0,6624,16608,4364.5,"void at::native::vectorized_elementwise_kernel<(int)4, at::native::CUDAFunctor_add<float>, std::array<char *, (unsigned long)3>>(int, T2, T3)"
PyTorch:BasicsTransformerLM.layers.18,PushPop,343,343,12,12,588128,49010.7,48976.0,48576,49728,310.4,"void at::native::vectorized_elementwise_kernel<(int)4, at::native::sigmoid_kernel_cuda(at::TensorIteratorBase &)::[lambda() (instance 2)]::operator ()() const::[lambda() (instance 2)]::operator ()() const::[lambda(float) (instance 1)], std::array<char *, (unsigned long)2>>(int, T2, T3)"
PyTorch:BasicsTransformerLM.layers.18,PushPop,343,343,12,24,227041,9460.0,9472.5,9120,9856,197.4,"void at::native::vectorized_elementwise_kernel<(int)4, void at::native::<unnamed>::pow_tensor_scalar_kernel_impl<float, float>(at::TensorIteratorBase &, T2)::[lambda(float) (instance 1)], std::array<char *, (unsigned long)2>>(int, T2, T3)"
PyTorch:BasicsTransformerLM.layers.18,PushPop,343,343,12,24,184993,7708.0,7680.0,7040,8672,409.3,"void at::native::reduce_kernel<(int)512, (int)1, at::native::ReduceOp<float, at::native::MeanOps<float, float, float, float>, unsigned int, float, (int)4, (int)4>>(T3)"
PyTorch:BasicsTransformerLM.layers.18,PushPop,343,343,12,12,104032,8669.3,8656.0,8576,8768,67.5,"void at::native::elementwise_kernel<(int)128, (int)4, void at::native::gpu_kernel_impl_nocast<at::native::<unnamed>::CompareFunctor<long>>(at::TensorIteratorBase &, const T1 &)::[lambda(int) (instance 1)]>(int, T3)"
PyTorch:BasicsTransformerLM.layers.18,PushPop,343,343,12,24,37792,1574.7,1568.0,1504,1728,45.2,"void at::native::vectorized_elementwise_kernel<(int)4, at::native::CUDAFunctorOnSelf_add<float>, std::array<char *, (unsigned long)2>>(int, T2, T3)"
PyTorch:BasicsTransformerLM.layers.18,PushPop,343,343,12,24,35648,1485.3,1472.0,1440,1664,48.0,"void at::native::vectorized_elementwise_kernel<(int)4, at::native::rsqrt_kernel_cuda(at::TensorIteratorBase &)::[lambda() (instance 2)]::operator ()() const::[lambda() (instance 2)]::operator ()() const::[lambda(float) (instance 1)], std::array<char *, (unsigned long)2>>(int, T2, T3)"
PyTorch:BasicsTransformerLM.layers.18,PushPop,343,343,12,12,14048,1170.7,1152.0,1120,1376,68.8,"void <unnamed>::elementwise_kernel_with_index<int, at::native::arange_cuda_out(const c10::Scalar &, const c10::Scalar &, const c10::Scalar &, at::Tensor &)::[lambda() (instance 1)]::operator ()() const::[lambda() (instance 4)]::operator ()() const::[lambda(long) (instance 1)]>(T1, T2, function_traits<T2>::result_type *)"
PyTorch:BasicsTransformerLM.layers.18,PushPop,343,343,12,12,12576,1048.0,1056.0,928,1216,93.7,"void at::native::vectorized_elementwise_kernel<(int)4, at::native::FillFunctor<float>, std::array<char *, (unsigned long)1>>(int, T2, T3)"
PyTorch:BasicsTransformerLM.layers.18.attn,PushPop,343,343,12,48,24784206,516337.6,514833.0,513825,522049,2823.8,cutlass3x_sm100_simt_sgemm_f32_f32_f32_f32_f32_64x128x16_1x1x1_3_tnn_align1_bias_f32_relu
PyTorch:BasicsTransformerLM.layers.18.attn,PushPop,343,343,12,12,14595773,1216314.4,1216419.0,1215300,1217507,624.8,cutlass3x_sm100_simt_sgemm_f32_f32_f32_f32_f32_128x128x16_1x1x1_3_tnn_align1_bias_f32_relu
PyTorch:BasicsTransformerLM.layers.18.attn,PushPop,343,343,12,12,12247671,1020639.3,1020610.0,1019746,1021633,493.3,"void at::native::elementwise_kernel<(int)128, (int)2, void at::native::gpu_kernel_impl_nocast<at::native::BinaryFunctor<float, float, float, at::native::binary_internal::DivFunctor<float>>>(at::TensorIteratorBase &, const T1 &)::[lambda(int) (instance 1)]>(int, T3)"
PyTorch:BasicsTransformerLM.layers.18.attn,PushPop,343,343,12,12,10649459,887454.9,887522.0,886658,887841,329.6,"void at::native::elementwise_kernel<(int)128, (int)2, void at::native::gpu_kernel_impl_nocast<at::native::<unnamed>::where_kernel_impl(at::TensorIterator &)::[lambda() (instance 1)]::operator ()() const::[lambda() (instance 11)]::operator ()() const::[lambda(bool, float, float) (instance 1)]>(at::TensorIteratorBase &, const T1 &)::[lambda(int) (instance 1)]>(int, T3)"
PyTorch:BasicsTransformerLM.layers.18.attn,PushPop,343,343,12,12,10583508,881959.0,881874.0,880803,882976,619.2,"void at::native::elementwise_kernel<(int)128, (int)2, void at::native::gpu_kernel_impl_nocast<at::native::CUDAFunctor_add<float>>(at::TensorIteratorBase &, const T1 &)::[lambda(int) (instance 1)]>(int, T3)"
PyTorch:BasicsTransformerLM.layers.18.attn,PushPop,343,343,12,12,9775858,814654.8,814370.0,813666,816800,884.9,cutlass3x_sm100_simt_sgemm_f32_f32_f32_f32_f32_64x128x16_1x1x1_3_nnn_align1_bias_f32_relu
PyTorch:BasicsTransformerLM.layers.18.attn,PushPop,343,343,12,12,4648840,387403.3,387073.0,386049,390849,1240.3,"void at::native::vectorized_elementwise_kernel<(int)4, at::native::BUnaryFunctor<float, float, float, at::native::binary_internal::MulFunctor<float>>, std::array<char *, (unsigned long)2>>(int, T2, T3)"
PyTorch:BasicsTransformerLM.layers.18.attn,PushPop,343,343,12,12,4617992,384832.7,384688.0,383488,386177,782.4,"void at::native::vectorized_elementwise_kernel<(int)4, at::native::exp_kernel_cuda(at::TensorIteratorBase &)::[lambda() (instance 2)]::operator ()() const::[lambda() (instance 2)]::operator ()() const::[lambda(float) (instance 1)], std::array<char *, (unsigned long)2>>(int, T2, T3)"
PyTorch:BasicsTransformerLM.layers.18.attn,PushPop,343,343,12,12,3792585,316048.8,316096.5,315297,316801,424.7,"void at::native::reduce_kernel<(int)512, (int)1, at::native::ReduceOp<float, at::native::MaxOps<float>, unsigned int, float, (int)4, (int)4>>(T3)"
PyTorch:BasicsTransformerLM.layers.18.attn,PushPop,343,343,12,12,2739397,228283.1,228272.0,227616,229376,560.6,"void at::native::reduce_kernel<(int)512, (int)1, at::native::ReduceOp<float, at::native::func_wrapper_t<float, at::native::sum_functor<float, float, float>::operator ()(at::TensorIterator &)::[lambda(float, float) (instance 1)]>, unsigned int, float, (int)4, (int)4>>(T3)"
PyTorch:BasicsTransformerLM.layers.18.attn,PushPop,343,343,12,96,1609571,16766.4,16464.0,14881,19712,1726.4,"void at::native::elementwise_kernel<(int)128, (int)2, void at::native::gpu_kernel_impl_nocast<at::native::BinaryFunctor<float, float, float, at::native::binary_internal::MulFunctor<float>>>(at::TensorIteratorBase &, const T1 &)::[lambda(int) (instance 1)]>(int, T3)"
PyTorch:BasicsTransformerLM.layers.18.attn,PushPop,343,343,12,24,1305251,54385.5,54352.0,54048,54944,247.0,"void at::native::<unnamed>::CatArrayBatchedCopy<at::native::<unnamed>::OpaqueType<(unsigned int)4>, unsigned int, (int)4, (int)64, (int)64>(T1 *, at::native::<unnamed>::CatArrInputTensorMetadata<T1, T2, T4, T5>, at::native::<unnamed>::TensorSizeStride<T2, (unsigned int)4>, int, T2)"
PyTorch:BasicsTransformerLM.layers.18.attn,PushPop,343,343,12,24,744256,31010.7,31136.0,29248,32736,1544.8,"void at::native::elementwise_kernel<(int)128, (int)2, void at::native::gpu_kernel_impl_nocast<at::native::direct_copy_kernel_cuda(at::TensorIteratorBase &)::[lambda() (instance 3)]::operator ()() const::[lambda() (instance 7)]::operator ()() const::[lambda(float) (instance 1)]>(at::TensorIteratorBase &, const T1 &)::[lambda(int) (instance 1)]>(int, T3)"
PyTorch:BasicsTransformerLM.layers.18.attn,PushPop,343,343,12,48,329281,6860.0,6816.0,6624,7136,126.4,"void at::native::vectorized_elementwise_kernel<(int)4, at::native::CUDAFunctor_add<float>, std::array<char *, (unsigned long)3>>(int, T2, T3)"
PyTorch:BasicsTransformerLM.layers.18.attn,PushPop,343,343,12,12,104032,8669.3,8656.0,8576,8768,67.5,"void at::native::elementwise_kernel<(int)128, (int)4, void at::native::gpu_kernel_impl_nocast<at::native::<unnamed>::CompareFunctor<long>>(at::TensorIteratorBase &, const T1 &)::[lambda(int) (instance 1)]>(int, T3)"
PyTorch:BasicsTransformerLM.layers.18.attn,PushPop,343,343,12,12,14048,1170.7,1152.0,1120,1376,68.8,"void <unnamed>::elementwise_kernel_with_index<int, at::native::arange_cuda_out(const c10::Scalar &, const c10::Scalar &, const c10::Scalar &, at::Tensor &)::[lambda() (instance 1)]::operator ()() const::[lambda() (instance 4)]::operator ()() const::[lambda(long) (instance 1)]>(T1, T2, function_traits<T2>::result_type *)"
PyTorch:BasicsTransformerLM.layers.18.attn,PushPop,343,343,12,12,12576,1048.0,1056.0,928,1216,93.7,"void at::native::vectorized_elementwise_kernel<(int)4, at::native::FillFunctor<float>, std::array<char *, (unsigned long)1>>(int, T2, T3)"
PyTorch:BasicsTransformerLM.layers.18.attn.k_proj,PushPop,343,343,12,12,6180106,515008.8,514881.0,514561,516033,433.8,cutlass3x_sm100_simt_sgemm_f32_f32_f32_f32_f32_64x128x16_1x1x1_3_tnn_align1_bias_f32_relu
PyTorch:BasicsTransformerLM.layers.18.attn.output_proj,PushPop,343,343,12,12,6253069,521089.1,520929.5,520514,522049,508.3,cutlass3x_sm100_simt_sgemm_f32_f32_f32_f32_f32_64x128x16_1x1x1_3_tnn_align1_bias_f32_relu
PyTorch:BasicsTransformerLM.layers.18.attn.q_proj,PushPop,343,343,12,12,6173932,514494.3,514337.0,513825,516673,746.9,cutlass3x_sm100_simt_sgemm_f32_f32_f32_f32_f32_64x128x16_1x1x1_3_tnn_align1_bias_f32_relu
PyTorch:BasicsTransformerLM.layers.18.attn.v_proj,PushPop,343,343,12,12,6177099,514758.3,514689.0,514434,515265,289.2,cutlass3x_sm100_simt_sgemm_f32_f32_f32_f32_f32_64x128x16_1x1x1_3_tnn_align1_bias_f32_relu
PyTorch:BasicsTransformerLM.layers.18.ffn,PushPop,343,343,12,24,42196595,1758191.5,1758194.5,1752740,1764034,4762.9,cutlass3x_sm100_simt_sgemm_f32_f32_f32_f32_f32_128x128x16_1x1x1_3_tnn_align1_bias_f32_relu
PyTorch:BasicsTransformerLM.layers.18.ffn,PushPop,343,343,12,12,21663497,1805291.4,1804804.5,1803683,1808483,1576.0,cutlass3x_sm100_simt_sgemm_f32_f32_f32_f32_f32_128x64x16_1x1x1_3_tnn_align1_bias_f32_relu
PyTorch:BasicsTransformerLM.layers.18.ffn,PushPop,343,343,12,24,1770048,73752.0,73968.0,72096,75136,1037.9,"void at::native::vectorized_elementwise_kernel<(int)4, at::native::BinaryFunctor<float, float, float, at::native::binary_internal::MulFunctor<float>>, std::array<char *, (unsigned long)3>>(int, T2, T3)"
PyTorch:BasicsTransformerLM.layers.18.ffn,PushPop,343,343,12,12,588128,49010.7,48976.0,48576,49728,310.4,"void at::native::vectorized_elementwise_kernel<(int)4, at::native::sigmoid_kernel_cuda(at::TensorIteratorBase &)::[lambda() (instance 2)]::operator ()() const::[lambda() (instance 2)]::operator ()() const::[lambda(float) (instance 1)], std::array<char *, (unsigned long)2>>(int, T2, T3)"
PyTorch:BasicsTransformerLM.layers.18.ffn.w1,PushPop,343,343,12,12,21153450,1762787.5,1763059.5,1761188,1764034,873.8,cutlass3x_sm100_simt_sgemm_f32_f32_f32_f32_f32_128x128x16_1x1x1_3_tnn_align1_bias_f32_relu
PyTorch:BasicsTransformerLM.layers.18.ffn.w2,PushPop,343,343,12,12,21663497,1805291.4,1804804.5,1803683,1808483,1576.0,cutlass3x_sm100_simt_sgemm_f32_f32_f32_f32_f32_128x64x16_1x1x1_3_tnn_align1_bias_f32_relu
PyTorch:BasicsTransformerLM.layers.18.ffn.w3,PushPop,343,343,12,12,21043145,1753595.4,1753363.0,1752740,1755201,762.7,cutlass3x_sm100_simt_sgemm_f32_f32_f32_f32_f32_128x128x16_1x1x1_3_tnn_align1_bias_f32_relu
PyTorch:BasicsTransformerLM.layers.18.ln1,PushPop,343,343,12,24,572962,23873.4,23808.0,23552,24640,298.1,"void at::native::elementwise_kernel<(int)128, (int)2, void at::native::gpu_kernel_impl_nocast<at::native::BinaryFunctor<float, float, float, at::native::binary_internal::MulFunctor<float>>>(at::TensorIteratorBase &, const T1 &)::[lambda(int) (instance 1)]>(int, T3)"
PyTorch:BasicsTransformerLM.layers.18.ln1,PushPop,343,343,12,12,112769,9397.4,9408.0,9120,9856,214.2,"void at::native::vectorized_elementwise_kernel<(int)4, void at::native::<unnamed>::pow_tensor_scalar_kernel_impl<float, float>(at::TensorIteratorBase &, T2)::[lambda(float) (instance 1)], std::array<char *, (unsigned long)2>>(int, T2, T3)"
PyTorch:BasicsTransformerLM.layers.18.ln1,PushPop,343,343,12,12,93152,7762.7,7792.0,7040,8672,432.0,"void at::native::reduce_kernel<(int)512, (int)1, at::native::ReduceOp<float, at::native::MeanOps<float, float, float, float>, unsigned int, float, (int)4, (int)4>>(T3)"
PyTorch:BasicsTransformerLM.layers.18.ln1,PushPop,343,343,12,12,18848,1570.7,1568.0,1504,1696,44.1,"void at::native::vectorized_elementwise_kernel<(int)4, at::native::CUDAFunctorOnSelf_add<float>, std::array<char *, (unsigned long)2>>(int, T2, T3)"
PyTorch:BasicsTransformerLM.layers.18.ln1,PushPop,343,343,12,12,17792,1482.7,1472.0,1440,1568,37.0,"void at::native::vectorized_elementwise_kernel<(int)4, at::native::rsqrt_kernel_cuda(at::TensorIteratorBase &)::[lambda() (instance 2)]::operator ()() const::[lambda() (instance 2)]::operator ()() const::[lambda(float) (instance 1)], std::array<char *, (unsigned long)2>>(int, T2, T3)"
PyTorch:BasicsTransformerLM.layers.18.ln2,PushPop,343,343,12,24,572321,23846.7,23840.5,23328,24512,329.9,"void at::native::elementwise_kernel<(int)128, (int)2, void at::native::gpu_kernel_impl_nocast<at::native::BinaryFunctor<float, float, float, at::native::binary_internal::MulFunctor<float>>>(at::TensorIteratorBase &, const T1 &)::[lambda(int) (instance 1)]>(int, T3)"
PyTorch:BasicsTransformerLM.layers.18.ln2,PushPop,343,343,12,12,114272,9522.7,9520.0,9248,9856,164.6,"void at::native::vectorized_elementwise_kernel<(int)4, void at::native::<unnamed>::pow_tensor_scalar_kernel_impl<float, float>(at::TensorIteratorBase &, T2)::[lambda(float) (instance 1)], std::array<char *, (unsigned long)2>>(int, T2, T3)"
PyTorch:BasicsTransformerLM.layers.18.ln2,PushPop,343,343,12,12,91841,7653.4,7536.5,7168,8320,396.4,"void at::native::reduce_kernel<(int)512, (int)1, at::native::ReduceOp<float, at::native::MeanOps<float, float, float, float>, unsigned int, float, (int)4, (int)4>>(T3)"
PyTorch:BasicsTransformerLM.layers.18.ln2,PushPop,343,343,12,12,18944,1578.7,1568.0,1536,1728,47.9,"void at::native::vectorized_elementwise_kernel<(int)4, at::native::CUDAFunctorOnSelf_add<float>, std::array<char *, (unsigned long)2>>(int, T2, T3)"
PyTorch:BasicsTransformerLM.layers.18.ln2,PushPop,343,343,12,12,17856,1488.0,1472.0,1440,1664,58.7,"void at::native::vectorized_elementwise_kernel<(int)4, at::native::rsqrt_kernel_cuda(at::TensorIteratorBase &)::[lambda() (instance 2)]::operator ()() const::[lambda() (instance 2)]::operator ()() const::[lambda(float) (instance 1)], std::array<char *, (unsigned long)2>>(int, T2, T3)"
PyTorch:BasicsTransformerLM.layers.19,PushPop,343,343,12,36,56788975,1577471.5,1753587.5,1215010,1767106,259201.0,cutlass3x_sm100_simt_sgemm_f32_f32_f32_f32_f32_128x128x16_1x1x1_3_tnn_align1_bias_f32_relu
PyTorch:BasicsTransformerLM.layers.19,PushPop,343,343,12,48,24776493,516176.9,514753.0,513889,522785,2862.8,cutlass3x_sm100_simt_sgemm_f32_f32_f32_f32_f32_64x128x16_1x1x1_3_tnn_align1_bias_f32_relu
PyTorch:BasicsTransformerLM.layers.19,PushPop,343,343,12,12,21666378,1805531.5,1805620.0,1803811,1807237,1110.8,cutlass3x_sm100_simt_sgemm_f32_f32_f32_f32_f32_128x64x16_1x1x1_3_tnn_align1_bias_f32_relu
PyTorch:BasicsTransformerLM.layers.19,PushPop,343,343,12,12,12251672,1020972.7,1020849.5,1020194,1022369,599.8,"void at::native::elementwise_kernel<(int)128, (int)2, void at::native::gpu_kernel_impl_nocast<at::native::BinaryFunctor<float, float, float, at::native::binary_internal::DivFunctor<float>>>(at::TensorIteratorBase &, const T1 &)::[lambda(int) (instance 1)]>(int, T3)"
PyTorch:BasicsTransformerLM.layers.19,PushPop,343,343,12,12,10652948,887745.7,887873.5,886915,888353,450.5,"void at::native::elementwise_kernel<(int)128, (int)2, void at::native::gpu_kernel_impl_nocast<at::native::<unnamed>::where_kernel_impl(at::TensorIterator &)::[lambda() (instance 1)]::operator ()() const::[lambda() (instance 11)]::operator ()() const::[lambda(bool, float, float) (instance 1)]>(at::TensorIteratorBase &, const T1 &)::[lambda(int) (instance 1)]>(int, T3)"
PyTorch:BasicsTransformerLM.layers.19,PushPop,343,343,12,12,10590995,882582.9,882945.5,880674,883426,801.0,"void at::native::elementwise_kernel<(int)128, (int)2, void at::native::gpu_kernel_impl_nocast<at::native::CUDAFunctor_add<float>>(at::TensorIteratorBase &, const T1 &)::[lambda(int) (instance 1)]>(int, T3)"
PyTorch:BasicsTransformerLM.layers.19,PushPop,343,343,12,12,9778355,814862.9,814737.5,813761,816609,733.0,cutlass3x_sm100_simt_sgemm_f32_f32_f32_f32_f32_64x128x16_1x1x1_3_nnn_align1_bias_f32_relu
PyTorch:BasicsTransformerLM.layers.19,PushPop,343,343,12,12,4653226,387768.8,387856.5,386624,389345,854.4,"void at::native::vectorized_elementwise_kernel<(int)4, at::native::BUnaryFunctor<float, float, float, at::native::binary_internal::MulFunctor<float>>, std::array<char *, (unsigned long)2>>(int, T2, T3)"
PyTorch:BasicsTransformerLM.layers.19,PushPop,343,343,12,12,4624969,385414.1,385361.0,384449,387041,804.0,"void at::native::vectorized_elementwise_kernel<(int)4, at::native::exp_kernel_cuda(at::TensorIteratorBase &)::[lambda() (instance 2)]::operator ()() const::[lambda() (instance 2)]::operator ()() const::[lambda(float) (instance 1)], std::array<char *, (unsigned long)2>>(int, T2, T3)"
PyTorch:BasicsTransformerLM.layers.19,PushPop,343,343,12,12,3791975,315997.9,315968.5,315361,316512,327.3,"void at::native::reduce_kernel<(int)512, (int)1, at::native::ReduceOp<float, at::native::MaxOps<float>, unsigned int, float, (int)4, (int)4>>(T3)"
PyTorch:BasicsTransformerLM.layers.19,PushPop,343,343,12,144,2754757,19130.3,18256.0,14944,24736,3641.3,"void at::native::elementwise_kernel<(int)128, (int)2, void at::native::gpu_kernel_impl_nocast<at::native::BinaryFunctor<float, float, float, at::native::binary_internal::MulFunctor<float>>>(at::TensorIteratorBase &, const T1 &)::[lambda(int) (instance 1)]>(int, T3)"
PyTorch:BasicsTransformerLM.layers.19,PushPop,343,343,12,12,2736326,228027.2,227984.5,226848,228705,496.1,"void at::native::reduce_kernel<(int)512, (int)1, at::native::ReduceOp<float, at::native::func_wrapper_t<float, at::native::sum_functor<float, float, float>::operator ()(at::TensorIterator &)::[lambda(float, float) (instance 1)]>, unsigned int, float, (int)4, (int)4>>(T3)"
PyTorch:BasicsTransformerLM.layers.19,PushPop,343,343,12,24,1767904,73662.7,73808.0,72224,75200,1052.2,"void at::native::vectorized_elementwise_kernel<(int)4, at::native::BinaryFunctor<float, float, float, at::native::binary_internal::MulFunctor<float>>, std::array<char *, (unsigned long)3>>(int, T2, T3)"
PyTorch:BasicsTransformerLM.layers.19,PushPop,343,343,12,24,1303841,54326.7,54352.0,53792,54784,274.8,"void at::native::<unnamed>::CatArrayBatchedCopy<at::native::<unnamed>::OpaqueType<(unsigned int)4>, unsigned int, (int)4, (int)64, (int)64>(T1 *, at::native::<unnamed>::CatArrInputTensorMetadata<T1, T2, T4, T5>, at::native::<unnamed>::TensorSizeStride<T2, (unsigned int)4>, int, T2)"
PyTorch:BasicsTransformerLM.layers.19,PushPop,343,343,12,24,744770,31032.1,31072.0,29344,32800,1561.9,"void at::native::elementwise_kernel<(int)128, (int)2, void at::native::gpu_kernel_impl_nocast<at::native::direct_copy_kernel_cuda(at::TensorIteratorBase &)::[lambda() (instance 3)]::operator ()() const::[lambda() (instance 7)]::operator ()() const::[lambda(float) (instance 1)]>(at::TensorIteratorBase &, const T1 &)::[lambda(int) (instance 1)]>(int, T3)"
PyTorch:BasicsTransformerLM.layers.19,PushPop,343,343,12,72,714432,9922.7,6880.0,6624,16736,4392.6,"void at::native::vectorized_elementwise_kernel<(int)4, at::native::CUDAFunctor_add<float>, std::array<char *, (unsigned long)3>>(int, T2, T3)"
PyTorch:BasicsTransformerLM.layers.19,PushPop,343,343,12,12,588353,49029.4,49008.5,48160,50144,512.3,"void at::native::vectorized_elementwise_kernel<(int)4, at::native::sigmoid_kernel_cuda(at::TensorIteratorBase &)::[lambda() (instance 2)]::operator ()() const::[lambda() (instance 2)]::operator ()() const::[lambda(float) (instance 1)], std::array<char *, (unsigned long)2>>(int, T2, T3)"
PyTorch:BasicsTransformerLM.layers.19,PushPop,343,343,12,24,227616,9484.0,9488.0,9152,9856,157.8,"void at::native::vectorized_elementwise_kernel<(int)4, void at::native::<unnamed>::pow_tensor_scalar_kernel_impl<float, float>(at::TensorIteratorBase &, T2)::[lambda(float) (instance 1)], std::array<char *, (unsigned long)2>>(int, T2, T3)"
PyTorch:BasicsTransformerLM.layers.19,PushPop,343,343,12,24,184704,7696.0,7648.0,7104,8224,354.3,"void at::native::reduce_kernel<(int)512, (int)1, at::native::ReduceOp<float, at::native::MeanOps<float, float, float, float>, unsigned int, float, (int)4, (int)4>>(T3)"
PyTorch:BasicsTransformerLM.layers.19,PushPop,343,343,12,12,104096,8674.7,8672.0,8608,8768,50.1,"void at::native::elementwise_kernel<(int)128, (int)4, void at::native::gpu_kernel_impl_nocast<at::native::<unnamed>::CompareFunctor<long>>(at::TensorIteratorBase &, const T1 &)::[lambda(int) (instance 1)]>(int, T3)"
PyTorch:BasicsTransformerLM.layers.19,PushPop,343,343,12,24,38528,1605.3,1568.0,1536,1792,72.3,"void at::native::vectorized_elementwise_kernel<(int)4, at::native::CUDAFunctorOnSelf_add<float>, std::array<char *, (unsigned long)2>>(int, T2, T3)"
PyTorch:BasicsTransformerLM.layers.19,PushPop,343,343,12,24,35712,1488.0,1472.0,1440,1696,58.2,"void at::native::vectorized_elementwise_kernel<(int)4, at::native::rsqrt_kernel_cuda(at::TensorIteratorBase &)::[lambda() (instance 2)]::operator ()() const::[lambda() (instance 2)]::operator ()() const::[lambda(float) (instance 1)], std::array<char *, (unsigned long)2>>(int, T2, T3)"
PyTorch:BasicsTransformerLM.layers.19,PushPop,343,343,12,12,14080,1173.3,1152.0,1120,1408,75.1,"void <unnamed>::elementwise_kernel_with_index<int, at::native::arange_cuda_out(const c10::Scalar &, const c10::Scalar &, const c10::Scalar &, at::Tensor &)::[lambda() (instance 1)]::operator ()() const::[lambda() (instance 4)]::operator ()() const::[lambda(long) (instance 1)]>(T1, T2, function_traits<T2>::result_type *)"
PyTorch:BasicsTransformerLM.layers.19,PushPop,343,343,12,12,12480,1040.0,976.0,928,1344,125.4,"void at::native::vectorized_elementwise_kernel<(int)4, at::native::FillFunctor<float>, std::array<char *, (unsigned long)1>>(int, T2, T3)"
PyTorch:BasicsTransformerLM.layers.19.attn,PushPop,343,343,12,48,24776493,516176.9,514753.0,513889,522785,2862.8,cutlass3x_sm100_simt_sgemm_f32_f32_f32_f32_f32_64x128x16_1x1x1_3_tnn_align1_bias_f32_relu
PyTorch:BasicsTransformerLM.layers.19.attn,PushPop,343,343,12,12,14592860,1216071.7,1216034.0,1215010,1216995,605.7,cutlass3x_sm100_simt_sgemm_f32_f32_f32_f32_f32_128x128x16_1x1x1_3_tnn_align1_bias_f32_relu
PyTorch:BasicsTransformerLM.layers.19.attn,PushPop,343,343,12,12,12251672,1020972.7,1020849.5,1020194,1022369,599.8,"void at::native::elementwise_kernel<(int)128, (int)2, void at::native::gpu_kernel_impl_nocast<at::native::BinaryFunctor<float, float, float, at::native::binary_internal::DivFunctor<float>>>(at::TensorIteratorBase &, const T1 &)::[lambda(int) (instance 1)]>(int, T3)"
PyTorch:BasicsTransformerLM.layers.19.attn,PushPop,343,343,12,12,10652948,887745.7,887873.5,886915,888353,450.5,"void at::native::elementwise_kernel<(int)128, (int)2, void at::native::gpu_kernel_impl_nocast<at::native::<unnamed>::where_kernel_impl(at::TensorIterator &)::[lambda() (instance 1)]::operator ()() const::[lambda() (instance 11)]::operator ()() const::[lambda(bool, float, float) (instance 1)]>(at::TensorIteratorBase &, const T1 &)::[lambda(int) (instance 1)]>(int, T3)"
PyTorch:BasicsTransformerLM.layers.19.attn,PushPop,343,343,12,12,10590995,882582.9,882945.5,880674,883426,801.0,"void at::native::elementwise_kernel<(int)128, (int)2, void at::native::gpu_kernel_impl_nocast<at::native::CUDAFunctor_add<float>>(at::TensorIteratorBase &, const T1 &)::[lambda(int) (instance 1)]>(int, T3)"
PyTorch:BasicsTransformerLM.layers.19.attn,PushPop,343,343,12,12,9778355,814862.9,814737.5,813761,816609,733.0,cutlass3x_sm100_simt_sgemm_f32_f32_f32_f32_f32_64x128x16_1x1x1_3_nnn_align1_bias_f32_relu
PyTorch:BasicsTransformerLM.layers.19.attn,PushPop,343,343,12,12,4653226,387768.8,387856.5,386624,389345,854.4,"void at::native::vectorized_elementwise_kernel<(int)4, at::native::BUnaryFunctor<float, float, float, at::native::binary_internal::MulFunctor<float>>, std::array<char *, (unsigned long)2>>(int, T2, T3)"
PyTorch:BasicsTransformerLM.layers.19.attn,PushPop,343,343,12,12,4624969,385414.1,385361.0,384449,387041,804.0,"void at::native::vectorized_elementwise_kernel<(int)4, at::native::exp_kernel_cuda(at::TensorIteratorBase &)::[lambda() (instance 2)]::operator ()() const::[lambda() (instance 2)]::operator ()() const::[lambda(float) (instance 1)], std::array<char *, (unsigned long)2>>(int, T2, T3)"
PyTorch:BasicsTransformerLM.layers.19.attn,PushPop,343,343,12,12,3791975,315997.9,315968.5,315361,316512,327.3,"void at::native::reduce_kernel<(int)512, (int)1, at::native::ReduceOp<float, at::native::MaxOps<float>, unsigned int, float, (int)4, (int)4>>(T3)"
PyTorch:BasicsTransformerLM.layers.19.attn,PushPop,343,343,12,12,2736326,228027.2,227984.5,226848,228705,496.1,"void at::native::reduce_kernel<(int)512, (int)1, at::native::ReduceOp<float, at::native::func_wrapper_t<float, at::native::sum_functor<float, float, float>::operator ()(at::TensorIterator &)::[lambda(float, float) (instance 1)]>, unsigned int, float, (int)4, (int)4>>(T3)"
PyTorch:BasicsTransformerLM.layers.19.attn,PushPop,343,343,12,96,1609444,16765.0,16464.0,14944,19713,1720.9,"void at::native::elementwise_kernel<(int)128, (int)2, void at::native::gpu_kernel_impl_nocast<at::native::BinaryFunctor<float, float, float, at::native::binary_internal::MulFunctor<float>>>(at::TensorIteratorBase &, const T1 &)::[lambda(int) (instance 1)]>(int, T3)"
PyTorch:BasicsTransformerLM.layers.19.attn,PushPop,343,343,12,24,1303841,54326.7,54352.0,53792,54784,274.8,"void at::native::<unnamed>::CatArrayBatchedCopy<at::native::<unnamed>::OpaqueType<(unsigned int)4>, unsigned int, (int)4, (int)64, (int)64>(T1 *, at::native::<unnamed>::CatArrInputTensorMetadata<T1, T2, T4, T5>, at::native::<unnamed>::TensorSizeStride<T2, (unsigned int)4>, int, T2)"
PyTorch:BasicsTransformerLM.layers.19.attn,PushPop,343,343,12,24,744770,31032.1,31072.0,29344,32800,1561.9,"void at::native::elementwise_kernel<(int)128, (int)2, void at::native::gpu_kernel_impl_nocast<at::native::direct_copy_kernel_cuda(at::TensorIteratorBase &)::[lambda() (instance 3)]::operator ()() const::[lambda() (instance 7)]::operator ()() const::[lambda(float) (instance 1)]>(at::TensorIteratorBase &, const T1 &)::[lambda(int) (instance 1)]>(int, T3)"
PyTorch:BasicsTransformerLM.layers.19.attn,PushPop,343,343,12,48,328416,6842.0,6816.0,6624,7296,134.7,"void at::native::vectorized_elementwise_kernel<(int)4, at::native::CUDAFunctor_add<float>, std::array<char *, (unsigned long)3>>(int, T2, T3)"
PyTorch:BasicsTransformerLM.layers.19.attn,PushPop,343,343,12,12,104096,8674.7,8672.0,8608,8768,50.1,"void at::native::elementwise_kernel<(int)128, (int)4, void at::native::gpu_kernel_impl_nocast<at::native::<unnamed>::CompareFunctor<long>>(at::TensorIteratorBase &, const T1 &)::[lambda(int) (instance 1)]>(int, T3)"
PyTorch:BasicsTransformerLM.layers.19.attn,PushPop,343,343,12,12,14080,1173.3,1152.0,1120,1408,75.1,"void <unnamed>::elementwise_kernel_with_index<int, at::native::arange_cuda_out(const c10::Scalar &, const c10::Scalar &, const c10::Scalar &, at::Tensor &)::[lambda() (instance 1)]::operator ()() const::[lambda() (instance 4)]::operator ()() const::[lambda(long) (instance 1)]>(T1, T2, function_traits<T2>::result_type *)"
PyTorch:BasicsTransformerLM.layers.19.attn,PushPop,343,343,12,12,12480,1040.0,976.0,928,1344,125.4,"void at::native::vectorized_elementwise_kernel<(int)4, at::native::FillFunctor<float>, std::array<char *, (unsigned long)1>>(int, T2, T3)"
PyTorch:BasicsTransformerLM.layers.19.attn.k_proj,PushPop,343,343,12,12,6176398,514699.8,514768.5,514050,515074,276.4,cutlass3x_sm100_simt_sgemm_f32_f32_f32_f32_f32_64x128x16_1x1x1_3_tnn_align1_bias_f32_relu
PyTorch:BasicsTransformerLM.layers.19.attn.output_proj,PushPop,343,343,12,12,6252170,521014.2,520849.0,520224,522785,710.2,cutlass3x_sm100_simt_sgemm_f32_f32_f32_f32_f32_64x128x16_1x1x1_3_tnn_align1_bias_f32_relu
PyTorch:BasicsTransformerLM.layers.19.attn.q_proj,PushPop,343,343,12,12,6170570,514214.2,514241.0,513889,514433,186.0,cutlass3x_sm100_simt_sgemm_f32_f32_f32_f32_f32_64x128x16_1x1x1_3_tnn_align1_bias_f32_relu
PyTorch:BasicsTransformerLM.layers.19.attn.v_proj,PushPop,343,343,12,12,6177355,514779.6,514657.0,514241,515712,403.7,cutlass3x_sm100_simt_sgemm_f32_f32_f32_f32_f32_64x128x16_1x1x1_3_tnn_align1_bias_f32_relu
PyTorch:BasicsTransformerLM.layers.19.ffn,PushPop,343,343,12,24,42196115,1758171.5,1758274.0,1753157,1767106,4657.2,cutlass3x_sm100_simt_sgemm_f32_f32_f32_f32_f32_128x128x16_1x1x1_3_tnn_align1_bias_f32_relu
PyTorch:BasicsTransformerLM.layers.19.ffn,PushPop,343,343,12,12,21666378,1805531.5,1805620.0,1803811,1807237,1110.8,cutlass3x_sm100_simt_sgemm_f32_f32_f32_f32_f32_128x64x16_1x1x1_3_tnn_align1_bias_f32_relu
PyTorch:BasicsTransformerLM.layers.19.ffn,PushPop,343,343,12,24,1767904,73662.7,73808.0,72224,75200,1052.2,"void at::native::vectorized_elementwise_kernel<(int)4, at::native::BinaryFunctor<float, float, float, at::native::binary_internal::MulFunctor<float>>, std::array<char *, (unsigned long)3>>(int, T2, T3)"
PyTorch:BasicsTransformerLM.layers.19.ffn,PushPop,343,343,12,12,588353,49029.4,49008.5,48160,50144,512.3,"void at::native::vectorized_elementwise_kernel<(int)4, at::native::sigmoid_kernel_cuda(at::TensorIteratorBase &)::[lambda() (instance 2)]::operator ()() const::[lambda() (instance 2)]::operator ()() const::[lambda(float) (instance 1)], std::array<char *, (unsigned long)2>>(int, T2, T3)"
PyTorch:BasicsTransformerLM.layers.19.ffn.w1,PushPop,343,343,12,12,21150985,1762582.1,1762227.5,1761410,1767106,1594.4,cutlass3x_sm100_simt_sgemm_f32_f32_f32_f32_f32_128x128x16_1x1x1_3_tnn_align1_bias_f32_relu
PyTorch:BasicsTransformerLM.layers.19.ffn.w2,PushPop,343,343,12,12,21666378,1805531.5,1805620.0,1803811,1807237,1110.8,cutlass3x_sm100_simt_sgemm_f32_f32_f32_f32_f32_128x64x16_1x1x1_3_tnn_align1_bias_f32_relu
PyTorch:BasicsTransformerLM.layers.19.ffn.w3,PushPop,343,343,12,12,21045130,1753760.8,1753587.5,1753157,1755138,602.9,cutlass3x_sm100_simt_sgemm_f32_f32_f32_f32_f32_128x128x16_1x1x1_3_tnn_align1_bias_f32_relu
PyTorch:BasicsTransformerLM.layers.19.ln1,PushPop,343,343,12,24,573024,23876.0,23840.0,23552,24736,264.3,"void at::native::elementwise_kernel<(int)128, (int)2, void at::native::gpu_kernel_impl_nocast<at::native::BinaryFunctor<float, float, float, at::native::binary_internal::MulFunctor<float>>>(at::TensorIteratorBase &, const T1 &)::[lambda(int) (instance 1)]>(int, T3)"
PyTorch:BasicsTransformerLM.layers.19.ln1,PushPop,343,343,12,12,112928,9410.7,9408.0,9152,9568,113.7,"void at::native::vectorized_elementwise_kernel<(int)4, void at::native::<unnamed>::pow_tensor_scalar_kernel_impl<float, float>(at::TensorIteratorBase &, T2)::[lambda(float) (instance 1)], std::array<char *, (unsigned long)2>>(int, T2, T3)"
PyTorch:BasicsTransformerLM.layers.19.ln1,PushPop,343,343,12,12,92896,7741.3,7632.0,7328,8224,331.6,"void at::native::reduce_kernel<(int)512, (int)1, at::native::ReduceOp<float, at::native::MeanOps<float, float, float, float>, unsigned int, float, (int)4, (int)4>>(T3)"
PyTorch:BasicsTransformerLM.layers.19.ln1,PushPop,343,343,12,12,19360,1613.3,1568.0,1568,1792,78.9,"void at::native::vectorized_elementwise_kernel<(int)4, at::native::CUDAFunctorOnSelf_add<float>, std::array<char *, (unsigned long)2>>(int, T2, T3)"
PyTorch:BasicsTransformerLM.layers.19.ln1,PushPop,343,343,12,12,17728,1477.3,1472.0,1440,1504,18.5,"void at::native::vectorized_elementwise_kernel<(int)4, at::native::rsqrt_kernel_cuda(at::TensorIteratorBase &)::[lambda() (instance 2)]::operator ()() const::[lambda() (instance 2)]::operator ()() const::[lambda(float) (instance 1)], std::array<char *, (unsigned long)2>>(int, T2, T3)"
PyTorch:BasicsTransformerLM.layers.19.ln2,PushPop,343,343,12,24,572289,23845.4,23792.0,23392,24480,289.3,"void at::native::elementwise_kernel<(int)128, (int)2, void at::native::gpu_kernel_impl_nocast<at::native::BinaryFunctor<float, float, float, at::native::binary_internal::MulFunctor<float>>>(at::TensorIteratorBase &, const T1 &)::[lambda(int) (instance 1)]>(int, T3)"
PyTorch:BasicsTransformerLM.layers.19.ln2,PushPop,343,343,12,12,114688,9557.3,9552.0,9312,9856,165.6,"void at::native::vectorized_elementwise_kernel<(int)4, void at::native::<unnamed>::pow_tensor_scalar_kernel_impl<float, float>(at::TensorIteratorBase &, T2)::[lambda(float) (instance 1)], std::array<char *, (unsigned long)2>>(int, T2, T3)"
PyTorch:BasicsTransformerLM.layers.19.ln2,PushPop,343,343,12,12,91808,7650.7,7648.0,7104,8224,384.8,"void at::native::reduce_kernel<(int)512, (int)1, at::native::ReduceOp<float, at::native::MeanOps<float, float, float, float>, unsigned int, float, (int)4, (int)4>>(T3)"
PyTorch:BasicsTransformerLM.layers.19.ln2,PushPop,343,343,12,12,19168,1597.3,1568.0,1536,1792,67.5,"void at::native::vectorized_elementwise_kernel<(int)4, at::native::CUDAFunctorOnSelf_add<float>, std::array<char *, (unsigned long)2>>(int, T2, T3)"
PyTorch:BasicsTransformerLM.layers.19.ln2,PushPop,343,343,12,12,17984,1498.7,1472.0,1440,1696,80.5,"void at::native::vectorized_elementwise_kernel<(int)4, at::native::rsqrt_kernel_cuda(at::TensorIteratorBase &)::[lambda() (instance 2)]::operator ()() const::[lambda() (instance 2)]::operator ()() const::[lambda(float) (instance 1)], std::array<char *, (unsigned long)2>>(int, T2, T3)"
PyTorch:BasicsTransformerLM.layers.2,PushPop,343,343,12,36,56799274,1577757.6,1753443.5,1215043,1766625,258949.2,cutlass3x_sm100_simt_sgemm_f32_f32_f32_f32_f32_128x128x16_1x1x1_3_tnn_align1_bias_f32_relu
PyTorch:BasicsTransformerLM.layers.2,PushPop,343,343,12,48,24789327,516444.3,514897.0,514050,524864,2955.5,cutlass3x_sm100_simt_sgemm_f32_f32_f32_f32_f32_64x128x16_1x1x1_3_tnn_align1_bias_f32_relu
PyTorch:BasicsTransformerLM.layers.2,PushPop,343,343,12,12,21671144,1805928.7,1805924.0,1804740,1807813,952.6,cutlass3x_sm100_simt_sgemm_f32_f32_f32_f32_f32_128x64x16_1x1x1_3_tnn_align1_bias_f32_relu
PyTorch:BasicsTransformerLM.layers.2,PushPop,343,343,12,12,12247543,1020628.6,1020545.5,1020195,1021729,415.1,"void at::native::elementwise_kernel<(int)128, (int)2, void at::native::gpu_kernel_impl_nocast<at::native::BinaryFunctor<float, float, float, at::native::binary_internal::DivFunctor<float>>>(at::TensorIteratorBase &, const T1 &)::[lambda(int) (instance 1)]>(int, T3)"
PyTorch:BasicsTransformerLM.layers.2,PushPop,343,343,12,12,10663219,888601.6,887697.5,887074,900001,3602.8,"void at::native::elementwise_kernel<(int)128, (int)2, void at::native::gpu_kernel_impl_nocast<at::native::<unnamed>::where_kernel_impl(at::TensorIterator &)::[lambda() (instance 1)]::operator ()() const::[lambda() (instance 11)]::operator ()() const::[lambda(bool, float, float) (instance 1)]>(at::TensorIteratorBase &, const T1 &)::[lambda(int) (instance 1)]>(int, T3)"
PyTorch:BasicsTransformerLM.layers.2,PushPop,343,343,12,12,10595924,882993.7,882673.0,879970,888641,2073.8,"void at::native::elementwise_kernel<(int)128, (int)2, void at::native::gpu_kernel_impl_nocast<at::native::CUDAFunctor_add<float>>(at::TensorIteratorBase &, const T1 &)::[lambda(int) (instance 1)]>(int, T3)"
PyTorch:BasicsTransformerLM.layers.2,PushPop,343,343,12,12,9792692,816057.7,815537.5,814658,819585,1439.4,cutlass3x_sm100_simt_sgemm_f32_f32_f32_f32_f32_64x128x16_1x1x1_3_nnn_align1_bias_f32_relu
PyTorch:BasicsTransformerLM.layers.2,PushPop,343,343,12,12,4652777,387731.4,387985.0,386433,388994,843.7,"void at::native::vectorized_elementwise_kernel<(int)4, at::native::BUnaryFunctor<float, float, float, at::native::binary_internal::MulFunctor<float>>, std::array<char *, (unsigned long)2>>(int, T2, T3)"
PyTorch:BasicsTransformerLM.layers.2,PushPop,343,343,12,12,4619302,384941.8,384512.5,383361,387136,1170.8,"void at::native::vectorized_elementwise_kernel<(int)4, at::native::exp_kernel_cuda(at::TensorIteratorBase &)::[lambda() (instance 2)]::operator ()() const::[lambda() (instance 2)]::operator ()() const::[lambda(float) (instance 1)], std::array<char *, (unsigned long)2>>(int, T2, T3)"
PyTorch:BasicsTransformerLM.layers.2,PushPop,343,343,12,12,3796199,316349.9,315984.5,315744,320160,1228.4,"void at::native::reduce_kernel<(int)512, (int)1, at::native::ReduceOp<float, at::native::MaxOps<float>, unsigned int, float, (int)4, (int)4>>(T3)"
PyTorch:BasicsTransformerLM.layers.2,PushPop,343,343,12,144,2762116,19181.4,18288.0,14880,24736,3623.4,"void at::native::elementwise_kernel<(int)128, (int)2, void at::native::gpu_kernel_impl_nocast<at::native::BinaryFunctor<float, float, float, at::native::binary_internal::MulFunctor<float>>>(at::TensorIteratorBase &, const T1 &)::[lambda(int) (instance 1)]>(int, T3)"
PyTorch:BasicsTransformerLM.layers.2,PushPop,343,343,12,12,2733253,227771.1,227840.0,227297,228224,281.5,"void at::native::reduce_kernel<(int)512, (int)1, at::native::ReduceOp<float, at::native::func_wrapper_t<float, at::native::sum_functor<float, float, float>::operator ()(at::TensorIterator &)::[lambda(float, float) (instance 1)]>, unsigned int, float, (int)4, (int)4>>(T3)"
PyTorch:BasicsTransformerLM.layers.2,PushPop,343,343,12,24,1771362,73806.8,73824.0,72192,75232,881.5,"void at::native::vectorized_elementwise_kernel<(int)4, at::native::BinaryFunctor<float, float, float, at::native::binary_internal::MulFunctor<float>>, std::array<char *, (unsigned long)3>>(int, T2, T3)"
PyTorch:BasicsTransformerLM.layers.2,PushPop,343,343,12,24,1305507,54396.1,54336.0,53824,55136,375.3,"void at::native::<unnamed>::CatArrayBatchedCopy<at::native::<unnamed>::OpaqueType<(unsigned int)4>, unsigned int, (int)4, (int)64, (int)64>(T1 *, at::native::<unnamed>::CatArrInputTensorMetadata<T1, T2, T4, T5>, at::native::<unnamed>::TensorSizeStride<T2, (unsigned int)4>, int, T2)"
PyTorch:BasicsTransformerLM.layers.2,PushPop,343,343,12,24,745857,31077.4,31040.0,29376,33344,1522.6,"void at::native::elementwise_kernel<(int)128, (int)2, void at::native::gpu_kernel_impl_nocast<at::native::direct_copy_kernel_cuda(at::TensorIteratorBase &)::[lambda() (instance 3)]::operator ()() const::[lambda() (instance 7)]::operator ()() const::[lambda(float) (instance 1)]>(at::TensorIteratorBase &, const T1 &)::[lambda(int) (instance 1)]>(int, T3)"
PyTorch:BasicsTransformerLM.layers.2,PushPop,343,343,12,72,713985,9916.5,6912.0,6624,16864,4339.9,"void at::native::vectorized_elementwise_kernel<(int)4, at::native::CUDAFunctor_add<float>, std::array<char *, (unsigned long)3>>(int, T2, T3)"
PyTorch:BasicsTransformerLM.layers.2,PushPop,343,343,12,12,590465,49205.4,49120.0,48640,50016,414.5,"void at::native::vectorized_elementwise_kernel<(int)4, at::native::sigmoid_kernel_cuda(at::TensorIteratorBase &)::[lambda() (instance 2)]::operator ()() const::[lambda() (instance 2)]::operator ()() const::[lambda(float) (instance 1)], std::array<char *, (unsigned long)2>>(int, T2, T3)"
PyTorch:BasicsTransformerLM.layers.2,PushPop,343,343,12,24,226913,9454.7,9472.0,9152,9792,161.0,"void at::native::vectorized_elementwise_kernel<(int)4, void at::native::<unnamed>::pow_tensor_scalar_kernel_impl<float, float>(at::TensorIteratorBase &, T2)::[lambda(float) (instance 1)], std::array<char *, (unsigned long)2>>(int, T2, T3)"
PyTorch:BasicsTransformerLM.layers.2,PushPop,343,343,12,24,186497,7770.7,7648.0,7104,8704,436.3,"void at::native::reduce_kernel<(int)512, (int)1, at::native::ReduceOp<float, at::native::MeanOps<float, float, float, float>, unsigned int, float, (int)4, (int)4>>(T3)"
PyTorch:BasicsTransformerLM.layers.2,PushPop,343,343,12,12,103840,8653.3,8640.0,8544,8736,55.4,"void at::native::elementwise_kernel<(int)128, (int)4, void at::native::gpu_kernel_impl_nocast<at::native::<unnamed>::CompareFunctor<long>>(at::TensorIteratorBase &, const T1 &)::[lambda(int) (instance 1)]>(int, T3)"
PyTorch:BasicsTransformerLM.layers.2,PushPop,343,343,12,24,38720,1613.3,1568.0,1504,1824,85.4,"void at::native::vectorized_elementwise_kernel<(int)4, at::native::CUDAFunctorOnSelf_add<float>, std::array<char *, (unsigned long)2>>(int, T2, T3)"
PyTorch:BasicsTransformerLM.layers.2,PushPop,343,343,12,24,36416,1517.3,1472.0,1440,1696,77.8,"void at::native::vectorized_elementwise_kernel<(int)4, at::native::rsqrt_kernel_cuda(at::TensorIteratorBase &)::[lambda() (instance 2)]::operator ()() const::[lambda() (instance 2)]::operator ()() const::[lambda(float) (instance 1)], std::array<char *, (unsigned long)2>>(int, T2, T3)"
PyTorch:BasicsTransformerLM.layers.2,PushPop,343,343,12,12,14336,1194.7,1152.0,1120,1408,84.5,"void <unnamed>::elementwise_kernel_with_index<int, at::native::arange_cuda_out(const c10::Scalar &, const c10::Scalar &, const c10::Scalar &, at::Tensor &)::[lambda() (instance 1)]::operator ()() const::[lambda() (instance 4)]::operator ()() const::[lambda(long) (instance 1)]>(T1, T2, function_traits<T2>::result_type *)"
PyTorch:BasicsTransformerLM.layers.2,PushPop,343,343,12,12,13824,1152.0,1088.0,960,2080,307.2,"void at::native::vectorized_elementwise_kernel<(int)4, at::native::FillFunctor<float>, std::array<char *, (unsigned long)1>>(int, T2, T3)"
PyTorch:BasicsTransformerLM.layers.2.attn,PushPop,343,343,12,48,24789327,516444.3,514897.0,514050,524864,2955.5,cutlass3x_sm100_simt_sgemm_f32_f32_f32_f32_f32_64x128x16_1x1x1_3_tnn_align1_bias_f32_relu
PyTorch:BasicsTransformerLM.layers.2.attn,PushPop,343,343,12,12,14600538,1216711.5,1216786.0,1215043,1217953,874.2,cutlass3x_sm100_simt_sgemm_f32_f32_f32_f32_f32_128x128x16_1x1x1_3_tnn_align1_bias_f32_relu
PyTorch:BasicsTransformerLM.layers.2.attn,PushPop,343,343,12,12,12247543,1020628.6,1020545.5,1020195,1021729,415.1,"void at::native::elementwise_kernel<(int)128, (int)2, void at::native::gpu_kernel_impl_nocast<at::native::BinaryFunctor<float, float, float, at::native::binary_internal::DivFunctor<float>>>(at::TensorIteratorBase &, const T1 &)::[lambda(int) (instance 1)]>(int, T3)"
PyTorch:BasicsTransformerLM.layers.2.attn,PushPop,343,343,12,12,10663219,888601.6,887697.5,887074,900001,3602.8,"void at::native::elementwise_kernel<(int)128, (int)2, void at::native::gpu_kernel_impl_nocast<at::native::<unnamed>::where_kernel_impl(at::TensorIterator &)::[lambda() (instance 1)]::operator ()() const::[lambda() (instance 11)]::operator ()() const::[lambda(bool, float, float) (instance 1)]>(at::TensorIteratorBase &, const T1 &)::[lambda(int) (instance 1)]>(int, T3)"
PyTorch:BasicsTransformerLM.layers.2.attn,PushPop,343,343,12,12,10595924,882993.7,882673.0,879970,888641,2073.8,"void at::native::elementwise_kernel<(int)128, (int)2, void at::native::gpu_kernel_impl_nocast<at::native::CUDAFunctor_add<float>>(at::TensorIteratorBase &, const T1 &)::[lambda(int) (instance 1)]>(int, T3)"
PyTorch:BasicsTransformerLM.layers.2.attn,PushPop,343,343,12,12,9792692,816057.7,815537.5,814658,819585,1439.4,cutlass3x_sm100_simt_sgemm_f32_f32_f32_f32_f32_64x128x16_1x1x1_3_nnn_align1_bias_f32_relu
PyTorch:BasicsTransformerLM.layers.2.attn,PushPop,343,343,12,12,4652777,387731.4,387985.0,386433,388994,843.7,"void at::native::vectorized_elementwise_kernel<(int)4, at::native::BUnaryFunctor<float, float, float, at::native::binary_internal::MulFunctor<float>>, std::array<char *, (unsigned long)2>>(int, T2, T3)"
PyTorch:BasicsTransformerLM.layers.2.attn,PushPop,343,343,12,12,4619302,384941.8,384512.5,383361,387136,1170.8,"void at::native::vectorized_elementwise_kernel<(int)4, at::native::exp_kernel_cuda(at::TensorIteratorBase &)::[lambda() (instance 2)]::operator ()() const::[lambda() (instance 2)]::operator ()() const::[lambda(float) (instance 1)], std::array<char *, (unsigned long)2>>(int, T2, T3)"
PyTorch:BasicsTransformerLM.layers.2.attn,PushPop,343,343,12,12,3796199,316349.9,315984.5,315744,320160,1228.4,"void at::native::reduce_kernel<(int)512, (int)1, at::native::ReduceOp<float, at::native::MaxOps<float>, unsigned int, float, (int)4, (int)4>>(T3)"
PyTorch:BasicsTransformerLM.layers.2.attn,PushPop,343,343,12,12,2733253,227771.1,227840.0,227297,228224,281.5,"void at::native::reduce_kernel<(int)512, (int)1, at::native::ReduceOp<float, at::native::func_wrapper_t<float, at::native::sum_functor<float, float, float>::operator ()(at::TensorIterator &)::[lambda(float, float) (instance 1)]>, unsigned int, float, (int)4, (int)4>>(T3)"
PyTorch:BasicsTransformerLM.layers.2.attn,PushPop,343,343,12,96,1615524,16828.4,16784.0,14880,20128,1712.9,"void at::native::elementwise_kernel<(int)128, (int)2, void at::native::gpu_kernel_impl_nocast<at::native::BinaryFunctor<float, float, float, at::native::binary_internal::MulFunctor<float>>>(at::TensorIteratorBase &, const T1 &)::[lambda(int) (instance 1)]>(int, T3)"
PyTorch:BasicsTransformerLM.layers.2.attn,PushPop,343,343,12,24,1305507,54396.1,54336.0,53824,55136,375.3,"void at::native::<unnamed>::CatArrayBatchedCopy<at::native::<unnamed>::OpaqueType<(unsigned int)4>, unsigned int, (int)4, (int)64, (int)64>(T1 *, at::native::<unnamed>::CatArrInputTensorMetadata<T1, T2, T4, T5>, at::native::<unnamed>::TensorSizeStride<T2, (unsigned int)4>, int, T2)"
PyTorch:BasicsTransformerLM.layers.2.attn,PushPop,343,343,12,24,745857,31077.4,31040.0,29376,33344,1522.6,"void at::native::elementwise_kernel<(int)128, (int)2, void at::native::gpu_kernel_impl_nocast<at::native::direct_copy_kernel_cuda(at::TensorIteratorBase &)::[lambda() (instance 3)]::operator ()() const::[lambda() (instance 7)]::operator ()() const::[lambda(float) (instance 1)]>(at::TensorIteratorBase &, const T1 &)::[lambda(int) (instance 1)]>(int, T3)"
PyTorch:BasicsTransformerLM.layers.2.attn,PushPop,343,343,12,48,330145,6878.0,6816.0,6624,9120,348.1,"void at::native::vectorized_elementwise_kernel<(int)4, at::native::CUDAFunctor_add<float>, std::array<char *, (unsigned long)3>>(int, T2, T3)"
PyTorch:BasicsTransformerLM.layers.2.attn,PushPop,343,343,12,12,103840,8653.3,8640.0,8544,8736,55.4,"void at::native::elementwise_kernel<(int)128, (int)4, void at::native::gpu_kernel_impl_nocast<at::native::<unnamed>::CompareFunctor<long>>(at::TensorIteratorBase &, const T1 &)::[lambda(int) (instance 1)]>(int, T3)"
PyTorch:BasicsTransformerLM.layers.2.attn,PushPop,343,343,12,12,14336,1194.7,1152.0,1120,1408,84.5,"void <unnamed>::elementwise_kernel_with_index<int, at::native::arange_cuda_out(const c10::Scalar &, const c10::Scalar &, const c10::Scalar &, at::Tensor &)::[lambda() (instance 1)]::operator ()() const::[lambda() (instance 4)]::operator ()() const::[lambda(long) (instance 1)]>(T1, T2, function_traits<T2>::result_type *)"
PyTorch:BasicsTransformerLM.layers.2.attn,PushPop,343,343,12,12,13824,1152.0,1088.0,960,2080,307.2,"void at::native::vectorized_elementwise_kernel<(int)4, at::native::FillFunctor<float>, std::array<char *, (unsigned long)1>>(int, T2, T3)"
PyTorch:BasicsTransformerLM.layers.2.attn.k_proj,PushPop,343,343,12,12,6178189,514849.1,514753.0,514433,516449,537.1,cutlass3x_sm100_simt_sgemm_f32_f32_f32_f32_f32_64x128x16_1x1x1_3_tnn_align1_bias_f32_relu
PyTorch:BasicsTransformerLM.layers.2.attn.output_proj,PushPop,343,343,12,12,6255725,521310.4,520897.0,520546,524864,1172.2,cutlass3x_sm100_simt_sgemm_f32_f32_f32_f32_f32_64x128x16_1x1x1_3_tnn_align1_bias_f32_relu
PyTorch:BasicsTransformerLM.layers.2.attn.q_proj,PushPop,343,343,12,12,6174283,514523.6,514209.0,514050,516864,786.3,cutlass3x_sm100_simt_sgemm_f32_f32_f32_f32_f32_64x128x16_1x1x1_3_tnn_align1_bias_f32_relu
PyTorch:BasicsTransformerLM.layers.2.attn.v_proj,PushPop,343,343,12,12,6181130,515094.2,514928.5,514497,516928,647.7,cutlass3x_sm100_simt_sgemm_f32_f32_f32_f32_f32_64x128x16_1x1x1_3_tnn_align1_bias_f32_relu
PyTorch:BasicsTransformerLM.layers.2.ffn,PushPop,343,343,12,24,42198736,1758280.7,1759474.0,1752708,1766625,4793.6,cutlass3x_sm100_simt_sgemm_f32_f32_f32_f32_f32_128x128x16_1x1x1_3_tnn_align1_bias_f32_relu
PyTorch:BasicsTransformerLM.layers.2.ffn,PushPop,343,343,12,12,21671144,1805928.7,1805924.0,1804740,1807813,952.6,cutlass3x_sm100_simt_sgemm_f32_f32_f32_f32_f32_128x64x16_1x1x1_3_tnn_align1_bias_f32_relu
PyTorch:BasicsTransformerLM.layers.2.ffn,PushPop,343,343,12,24,1771362,73806.8,73824.0,72192,75232,881.5,"void at::native::vectorized_elementwise_kernel<(int)4, at::native::BinaryFunctor<float, float, float, at::native::binary_internal::MulFunctor<float>>, std::array<char *, (unsigned long)3>>(int, T2, T3)"
PyTorch:BasicsTransformerLM.layers.2.ffn,PushPop,343,343,12,12,590465,49205.4,49120.0,48640,50016,414.5,"void at::native::vectorized_elementwise_kernel<(int)4, at::native::sigmoid_kernel_cuda(at::TensorIteratorBase &)::[lambda() (instance 2)]::operator ()() const::[lambda() (instance 2)]::operator ()() const::[lambda(float) (instance 1)], std::array<char *, (unsigned long)2>>(int, T2, T3)"
PyTorch:BasicsTransformerLM.layers.2.ffn.w1,PushPop,343,343,12,12,21153671,1762805.9,1762500.0,1761378,1766625,1307.9,cutlass3x_sm100_simt_sgemm_f32_f32_f32_f32_f32_128x128x16_1x1x1_3_tnn_align1_bias_f32_relu
PyTorch:BasicsTransformerLM.layers.2.ffn.w2,PushPop,343,343,12,12,21671144,1805928.7,1805924.0,1804740,1807813,952.6,cutlass3x_sm100_simt_sgemm_f32_f32_f32_f32_f32_128x64x16_1x1x1_3_tnn_align1_bias_f32_relu
PyTorch:BasicsTransformerLM.layers.2.ffn.w3,PushPop,343,343,12,12,21045065,1753755.4,1753443.5,1752708,1757570,1287.0,cutlass3x_sm100_simt_sgemm_f32_f32_f32_f32_f32_128x128x16_1x1x1_3_tnn_align1_bias_f32_relu
PyTorch:BasicsTransformerLM.layers.2.ln1,PushPop,343,343,12,24,572992,23874.7,23808.0,23392,24736,291.9,"void at::native::elementwise_kernel<(int)128, (int)2, void at::native::gpu_kernel_impl_nocast<at::native::BinaryFunctor<float, float, float, at::native::binary_internal::MulFunctor<float>>>(at::TensorIteratorBase &, const T1 &)::[lambda(int) (instance 1)]>(int, T3)"
PyTorch:BasicsTransformerLM.layers.2.ln1,PushPop,343,343,12,12,112928,9410.7,9456.0,9152,9536,114.5,"void at::native::vectorized_elementwise_kernel<(int)4, void at::native::<unnamed>::pow_tensor_scalar_kernel_impl<float, float>(at::TensorIteratorBase &, T2)::[lambda(float) (instance 1)], std::array<char *, (unsigned long)2>>(int, T2, T3)"
PyTorch:BasicsTransformerLM.layers.2.ln1,PushPop,343,343,12,12,92833,7736.1,7648.0,7104,8448,463.2,"void at::native::reduce_kernel<(int)512, (int)1, at::native::ReduceOp<float, at::native::MeanOps<float, float, float, float>, unsigned int, float, (int)4, (int)4>>(T3)"
PyTorch:BasicsTransformerLM.layers.2.ln1,PushPop,343,343,12,12,19296,1608.0,1568.0,1504,1824,103.1,"void at::native::vectorized_elementwise_kernel<(int)4, at::native::CUDAFunctorOnSelf_add<float>, std::array<char *, (unsigned long)2>>(int, T2, T3)"
PyTorch:BasicsTransformerLM.layers.2.ln1,PushPop,343,343,12,12,18048,1504.0,1488.0,1440,1696,65.4,"void at::native::vectorized_elementwise_kernel<(int)4, at::native::rsqrt_kernel_cuda(at::TensorIteratorBase &)::[lambda() (instance 2)]::operator ()() const::[lambda() (instance 2)]::operator ()() const::[lambda(float) (instance 1)], std::array<char *, (unsigned long)2>>(int, T2, T3)"
PyTorch:BasicsTransformerLM.layers.2.ln2,PushPop,343,343,12,24,573600,23900.0,23904.0,23488,24640,310.4,"void at::native::elementwise_kernel<(int)128, (int)2, void at::native::gpu_kernel_impl_nocast<at::native::BinaryFunctor<float, float, float, at::native::binary_internal::MulFunctor<float>>>(at::TensorIteratorBase &, const T1 &)::[lambda(int) (instance 1)]>(int, T3)"
PyTorch:BasicsTransformerLM.layers.2.ln2,PushPop,343,343,12,12,113985,9498.8,9472.0,9216,9792,192.0,"void at::native::vectorized_elementwise_kernel<(int)4, void at::native::<unnamed>::pow_tensor_scalar_kernel_impl<float, float>(at::TensorIteratorBase &, T2)::[lambda(float) (instance 1)], std::array<char *, (unsigned long)2>>(int, T2, T3)"
PyTorch:BasicsTransformerLM.layers.2.ln2,PushPop,343,343,12,12,93664,7805.3,7760.0,7136,8704,425.3,"void at::native::reduce_kernel<(int)512, (int)1, at::native::ReduceOp<float, at::native::MeanOps<float, float, float, float>, unsigned int, float, (int)4, (int)4>>(T3)"
PyTorch:BasicsTransformerLM.layers.2.ln2,PushPop,343,343,12,12,19424,1618.7,1584.0,1568,1760,67.5,"void at::native::vectorized_elementwise_kernel<(int)4, at::native::CUDAFunctorOnSelf_add<float>, std::array<char *, (unsigned long)2>>(int, T2, T3)"
PyTorch:BasicsTransformerLM.layers.2.ln2,PushPop,343,343,12,12,18368,1530.7,1472.0,1440,1696,89.3,"void at::native::vectorized_elementwise_kernel<(int)4, at::native::rsqrt_kernel_cuda(at::TensorIteratorBase &)::[lambda() (instance 2)]::operator ()() const::[lambda() (instance 2)]::operator ()() const::[lambda(float) (instance 1)], std::array<char *, (unsigned long)2>>(int, T2, T3)"
PyTorch:BasicsTransformerLM.layers.20,PushPop,343,343,12,36,56776874,1577135.4,1753442.0,1214851,1765122,258980.2,cutlass3x_sm100_simt_sgemm_f32_f32_f32_f32_f32_128x128x16_1x1x1_3_tnn_align1_bias_f32_relu
PyTorch:BasicsTransformerLM.layers.20,PushPop,343,343,12,48,24777198,516191.6,514753.0,513665,521696,2787.1,cutlass3x_sm100_simt_sgemm_f32_f32_f32_f32_f32_64x128x16_1x1x1_3_tnn_align1_bias_f32_relu
PyTorch:BasicsTransformerLM.layers.20,PushPop,343,343,12,12,21669002,1805750.2,1805684.0,1804581,1807874,1063.6,cutlass3x_sm100_simt_sgemm_f32_f32_f32_f32_f32_128x64x16_1x1x1_3_tnn_align1_bias_f32_relu
PyTorch:BasicsTransformerLM.layers.20,PushPop,343,343,12,12,12246295,1020524.6,1020402.5,1019490,1021568,688.3,"void at::native::elementwise_kernel<(int)128, (int)2, void at::native::gpu_kernel_impl_nocast<at::native::BinaryFunctor<float, float, float, at::native::binary_internal::DivFunctor<float>>>(at::TensorIteratorBase &, const T1 &)::[lambda(int) (instance 1)]>(int, T3)"
PyTorch:BasicsTransformerLM.layers.20,PushPop,343,343,12,12,10654035,887836.3,887873.5,887138,888513,361.3,"void at::native::elementwise_kernel<(int)128, (int)2, void at::native::gpu_kernel_impl_nocast<at::native::<unnamed>::where_kernel_impl(at::TensorIterator &)::[lambda() (instance 1)]::operator ()() const::[lambda() (instance 11)]::operator ()() const::[lambda(bool, float, float) (instance 1)]>(at::TensorIteratorBase &, const T1 &)::[lambda(int) (instance 1)]>(int, T3)"
PyTorch:BasicsTransformerLM.layers.20,PushPop,343,343,12,12,10586389,882199.1,881874.0,881059,884193,1014.7,"void at::native::elementwise_kernel<(int)128, (int)2, void at::native::gpu_kernel_impl_nocast<at::native::CUDAFunctor_add<float>>(at::TensorIteratorBase &, const T1 &)::[lambda(int) (instance 1)]>(int, T3)"
PyTorch:BasicsTransformerLM.layers.20,PushPop,343,343,12,12,9779795,814982.9,814721.5,813922,816865,836.0,cutlass3x_sm100_simt_sgemm_f32_f32_f32_f32_f32_64x128x16_1x1x1_3_nnn_align1_bias_f32_relu
PyTorch:BasicsTransformerLM.layers.20,PushPop,343,343,12,12,4647880,387323.3,387168.5,386049,388801,837.6,"void at::native::vectorized_elementwise_kernel<(int)4, at::native::BUnaryFunctor<float, float, float, at::native::binary_internal::MulFunctor<float>>, std::array<char *, (unsigned long)2>>(int, T2, T3)"
PyTorch:BasicsTransformerLM.layers.20,PushPop,343,343,12,12,4618762,384896.8,384689.0,384001,385921,605.6,"void at::native::vectorized_elementwise_kernel<(int)4, at::native::exp_kernel_cuda(at::TensorIteratorBase &)::[lambda() (instance 2)]::operator ()() const::[lambda() (instance 2)]::operator ()() const::[lambda(float) (instance 1)], std::array<char *, (unsigned long)2>>(int, T2, T3)"
PyTorch:BasicsTransformerLM.layers.20,PushPop,343,343,12,12,3791719,315976.6,315968.0,315392,316577,405.2,"void at::native::reduce_kernel<(int)512, (int)1, at::native::ReduceOp<float, at::native::MaxOps<float>, unsigned int, float, (int)4, (int)4>>(T3)"
PyTorch:BasicsTransformerLM.layers.20,PushPop,343,343,12,144,2750757,19102.5,18352.0,14912,24288,3608.5,"void at::native::elementwise_kernel<(int)128, (int)2, void at::native::gpu_kernel_impl_nocast<at::native::BinaryFunctor<float, float, float, at::native::binary_internal::MulFunctor<float>>>(at::TensorIteratorBase &, const T1 &)::[lambda(int) (instance 1)]>(int, T3)"
PyTorch:BasicsTransformerLM.layers.20,PushPop,343,343,12,12,2736068,228005.7,227840.5,227329,228736,424.0,"void at::native::reduce_kernel<(int)512, (int)1, at::native::ReduceOp<float, at::native::func_wrapper_t<float, at::native::sum_functor<float, float, float>::operator ()(at::TensorIterator &)::[lambda(float, float) (instance 1)]>, unsigned int, float, (int)4, (int)4>>(T3)"
PyTorch:BasicsTransformerLM.layers.20,PushPop,343,343,12,24,1772517,73854.9,74096.0,72448,75584,1023.4,"void at::native::vectorized_elementwise_kernel<(int)4, at::native::BinaryFunctor<float, float, float, at::native::binary_internal::MulFunctor<float>>, std::array<char *, (unsigned long)3>>(int, T2, T3)"
PyTorch:BasicsTransformerLM.layers.20,PushPop,343,343,12,24,1305508,54396.2,54320.0,53792,55520,395.6,"void at::native::<unnamed>::CatArrayBatchedCopy<at::native::<unnamed>::OpaqueType<(unsigned int)4>, unsigned int, (int)4, (int)64, (int)64>(T1 *, at::native::<unnamed>::CatArrInputTensorMetadata<T1, T2, T4, T5>, at::native::<unnamed>::TensorSizeStride<T2, (unsigned int)4>, int, T2)"
PyTorch:BasicsTransformerLM.layers.20,PushPop,343,343,12,24,744290,31012.1,31056.0,29248,32896,1506.6,"void at::native::elementwise_kernel<(int)128, (int)2, void at::native::gpu_kernel_impl_nocast<at::native::direct_copy_kernel_cuda(at::TensorIteratorBase &)::[lambda() (instance 3)]::operator ()() const::[lambda() (instance 7)]::operator ()() const::[lambda(float) (instance 1)]>(at::TensorIteratorBase &, const T1 &)::[lambda(int) (instance 1)]>(int, T3)"
PyTorch:BasicsTransformerLM.layers.20,PushPop,343,343,12,72,714496,9923.6,6912.0,6592,16416,4395.5,"void at::native::vectorized_elementwise_kernel<(int)4, at::native::CUDAFunctor_add<float>, std::array<char *, (unsigned long)3>>(int, T2, T3)"
PyTorch:BasicsTransformerLM.layers.20,PushPop,343,343,12,12,586979,48914.9,48896.0,48160,49664,380.4,"void at::native::vectorized_elementwise_kernel<(int)4, at::native::sigmoid_kernel_cuda(at::TensorIteratorBase &)::[lambda() (instance 2)]::operator ()() const::[lambda() (instance 2)]::operator ()() const::[lambda(float) (instance 1)], std::array<char *, (unsigned long)2>>(int, T2, T3)"
PyTorch:BasicsTransformerLM.layers.20,PushPop,343,343,12,24,225890,9412.1,9440.5,8992,9920,222.0,"void at::native::vectorized_elementwise_kernel<(int)4, void at::native::<unnamed>::pow_tensor_scalar_kernel_impl<float, float>(at::TensorIteratorBase &, T2)::[lambda(float) (instance 1)], std::array<char *, (unsigned long)2>>(int, T2, T3)"
PyTorch:BasicsTransformerLM.layers.20,PushPop,343,343,12,24,185760,7740.0,7696.0,7200,8640,381.8,"void at::native::reduce_kernel<(int)512, (int)1, at::native::ReduceOp<float, at::native::MeanOps<float, float, float, float>, unsigned int, float, (int)4, (int)4>>(T3)"
PyTorch:BasicsTransformerLM.layers.20,PushPop,343,343,12,12,104673,8722.8,8672.5,8576,8992,127.6,"void at::native::elementwise_kernel<(int)128, (int)4, void at::native::gpu_kernel_impl_nocast<at::native::<unnamed>::CompareFunctor<long>>(at::TensorIteratorBase &, const T1 &)::[lambda(int) (instance 1)]>(int, T3)"
PyTorch:BasicsTransformerLM.layers.20,PushPop,343,343,12,24,38432,1601.3,1568.0,1536,1792,80.9,"void at::native::vectorized_elementwise_kernel<(int)4, at::native::CUDAFunctorOnSelf_add<float>, std::array<char *, (unsigned long)2>>(int, T2, T3)"
PyTorch:BasicsTransformerLM.layers.20,PushPop,343,343,12,24,36128,1505.3,1472.0,1440,1728,74.0,"void at::native::vectorized_elementwise_kernel<(int)4, at::native::rsqrt_kernel_cuda(at::TensorIteratorBase &)::[lambda() (instance 2)]::operator ()() const::[lambda() (instance 2)]::operator ()() const::[lambda(float) (instance 1)], std::array<char *, (unsigned long)2>>(int, T2, T3)"
PyTorch:BasicsTransformerLM.layers.20,PushPop,343,343,12,12,14208,1184.0,1168.0,1120,1312,62.5,"void <unnamed>::elementwise_kernel_with_index<int, at::native::arange_cuda_out(const c10::Scalar &, const c10::Scalar &, const c10::Scalar &, at::Tensor &)::[lambda() (instance 1)]::operator ()() const::[lambda() (instance 4)]::operator ()() const::[lambda(long) (instance 1)]>(T1, T2, function_traits<T2>::result_type *)"
PyTorch:BasicsTransformerLM.layers.20,PushPop,343,343,12,12,12576,1048.0,976.0,960,1312,115.1,"void at::native::vectorized_elementwise_kernel<(int)4, at::native::FillFunctor<float>, std::array<char *, (unsigned long)1>>(int, T2, T3)"
PyTorch:BasicsTransformerLM.layers.20.attn,PushPop,343,343,12,48,24777198,516191.6,514753.0,513665,521696,2787.1,cutlass3x_sm100_simt_sgemm_f32_f32_f32_f32_f32_64x128x16_1x1x1_3_tnn_align1_bias_f32_relu
PyTorch:BasicsTransformerLM.layers.20.attn,PushPop,343,343,12,12,14592477,1216039.8,1215970.0,1214851,1217825,787.5,cutlass3x_sm100_simt_sgemm_f32_f32_f32_f32_f32_128x128x16_1x1x1_3_tnn_align1_bias_f32_relu
PyTorch:BasicsTransformerLM.layers.20.attn,PushPop,343,343,12,12,12246295,1020524.6,1020402.5,1019490,1021568,688.3,"void at::native::elementwise_kernel<(int)128, (int)2, void at::native::gpu_kernel_impl_nocast<at::native::BinaryFunctor<float, float, float, at::native::binary_internal::DivFunctor<float>>>(at::TensorIteratorBase &, const T1 &)::[lambda(int) (instance 1)]>(int, T3)"
PyTorch:BasicsTransformerLM.layers.20.attn,PushPop,343,343,12,12,10654035,887836.3,887873.5,887138,888513,361.3,"void at::native::elementwise_kernel<(int)128, (int)2, void at::native::gpu_kernel_impl_nocast<at::native::<unnamed>::where_kernel_impl(at::TensorIterator &)::[lambda() (instance 1)]::operator ()() const::[lambda() (instance 11)]::operator ()() const::[lambda(bool, float, float) (instance 1)]>(at::TensorIteratorBase &, const T1 &)::[lambda(int) (instance 1)]>(int, T3)"
PyTorch:BasicsTransformerLM.layers.20.attn,PushPop,343,343,12,12,10586389,882199.1,881874.0,881059,884193,1014.7,"void at::native::elementwise_kernel<(int)128, (int)2, void at::native::gpu_kernel_impl_nocast<at::native::CUDAFunctor_add<float>>(at::TensorIteratorBase &, const T1 &)::[lambda(int) (instance 1)]>(int, T3)"
PyTorch:BasicsTransformerLM.layers.20.attn,PushPop,343,343,12,12,9779795,814982.9,814721.5,813922,816865,836.0,cutlass3x_sm100_simt_sgemm_f32_f32_f32_f32_f32_64x128x16_1x1x1_3_nnn_align1_bias_f32_relu
PyTorch:BasicsTransformerLM.layers.20.attn,PushPop,343,343,12,12,4647880,387323.3,387168.5,386049,388801,837.6,"void at::native::vectorized_elementwise_kernel<(int)4, at::native::BUnaryFunctor<float, float, float, at::native::binary_internal::MulFunctor<float>>, std::array<char *, (unsigned long)2>>(int, T2, T3)"
PyTorch:BasicsTransformerLM.layers.20.attn,PushPop,343,343,12,12,4618762,384896.8,384689.0,384001,385921,605.6,"void at::native::vectorized_elementwise_kernel<(int)4, at::native::exp_kernel_cuda(at::TensorIteratorBase &)::[lambda() (instance 2)]::operator ()() const::[lambda() (instance 2)]::operator ()() const::[lambda(float) (instance 1)], std::array<char *, (unsigned long)2>>(int, T2, T3)"
PyTorch:BasicsTransformerLM.layers.20.attn,PushPop,343,343,12,12,3791719,315976.6,315968.0,315392,316577,405.2,"void at::native::reduce_kernel<(int)512, (int)1, at::native::ReduceOp<float, at::native::MaxOps<float>, unsigned int, float, (int)4, (int)4>>(T3)"
PyTorch:BasicsTransformerLM.layers.20.attn,PushPop,343,343,12,12,2736068,228005.7,227840.5,227329,228736,424.0,"void at::native::reduce_kernel<(int)512, (int)1, at::native::ReduceOp<float, at::native::func_wrapper_t<float, at::native::sum_functor<float, float, float>::operator ()(at::TensorIterator &)::[lambda(float, float) (instance 1)]>, unsigned int, float, (int)4, (int)4>>(T3)"
PyTorch:BasicsTransformerLM.layers.20.attn,PushPop,343,343,12,96,1609539,16766.0,16448.0,14912,19680,1739.5,"void at::native::elementwise_kernel<(int)128, (int)2, void at::native::gpu_kernel_impl_nocast<at::native::BinaryFunctor<float, float, float, at::native::binary_internal::MulFunctor<float>>>(at::TensorIteratorBase &, const T1 &)::[lambda(int) (instance 1)]>(int, T3)"
PyTorch:BasicsTransformerLM.layers.20.attn,PushPop,343,343,12,24,1305508,54396.2,54320.0,53792,55520,395.6,"void at::native::<unnamed>::CatArrayBatchedCopy<at::native::<unnamed>::OpaqueType<(unsigned int)4>, unsigned int, (int)4, (int)64, (int)64>(T1 *, at::native::<unnamed>::CatArrInputTensorMetadata<T1, T2, T4, T5>, at::native::<unnamed>::TensorSizeStride<T2, (unsigned int)4>, int, T2)"
PyTorch:BasicsTransformerLM.layers.20.attn,PushPop,343,343,12,24,744290,31012.1,31056.0,29248,32896,1506.6,"void at::native::elementwise_kernel<(int)128, (int)2, void at::native::gpu_kernel_impl_nocast<at::native::direct_copy_kernel_cuda(at::TensorIteratorBase &)::[lambda() (instance 3)]::operator ()() const::[lambda() (instance 7)]::operator ()() const::[lambda(float) (instance 1)]>(at::TensorIteratorBase &, const T1 &)::[lambda(int) (instance 1)]>(int, T3)"
PyTorch:BasicsTransformerLM.layers.20.attn,PushPop,343,343,12,48,328256,6838.7,6848.0,6592,7072,99.0,"void at::native::vectorized_elementwise_kernel<(int)4, at::native::CUDAFunctor_add<float>, std::array<char *, (unsigned long)3>>(int, T2, T3)"
PyTorch:BasicsTransformerLM.layers.20.attn,PushPop,343,343,12,12,104673,8722.8,8672.5,8576,8992,127.6,"void at::native::elementwise_kernel<(int)128, (int)4, void at::native::gpu_kernel_impl_nocast<at::native::<unnamed>::CompareFunctor<long>>(at::TensorIteratorBase &, const T1 &)::[lambda(int) (instance 1)]>(int, T3)"
PyTorch:BasicsTransformerLM.layers.20.attn,PushPop,343,343,12,12,14208,1184.0,1168.0,1120,1312,62.5,"void <unnamed>::elementwise_kernel_with_index<int, at::native::arange_cuda_out(const c10::Scalar &, const c10::Scalar &, const c10::Scalar &, at::Tensor &)::[lambda() (instance 1)]::operator ()() const::[lambda() (instance 4)]::operator ()() const::[lambda(long) (instance 1)]>(T1, T2, function_traits<T2>::result_type *)"
PyTorch:BasicsTransformerLM.layers.20.attn,PushPop,343,343,12,12,12576,1048.0,976.0,960,1312,115.1,"void at::native::vectorized_elementwise_kernel<(int)4, at::native::FillFunctor<float>, std::array<char *, (unsigned long)1>>(int, T2, T3)"
PyTorch:BasicsTransformerLM.layers.20.attn.k_proj,PushPop,343,343,12,12,6178600,514883.3,514720.5,514433,515744,377.1,cutlass3x_sm100_simt_sgemm_f32_f32_f32_f32_f32_64x128x16_1x1x1_3_tnn_align1_bias_f32_relu
PyTorch:BasicsTransformerLM.layers.20.attn.output_proj,PushPop,343,343,12,12,6250954,520912.8,520848.5,520481,521696,353.1,cutlass3x_sm100_simt_sgemm_f32_f32_f32_f32_f32_64x128x16_1x1x1_3_tnn_align1_bias_f32_relu
PyTorch:BasicsTransformerLM.layers.20.attn.q_proj,PushPop,343,343,12,12,6169934,514161.2,514129.0,513665,514913,322.9,cutlass3x_sm100_simt_sgemm_f32_f32_f32_f32_f32_64x128x16_1x1x1_3_tnn_align1_bias_f32_relu
PyTorch:BasicsTransformerLM.layers.20.attn.v_proj,PushPop,343,343,12,12,6177710,514809.2,514737.5,514496,515297,229.5,cutlass3x_sm100_simt_sgemm_f32_f32_f32_f32_f32_64x128x16_1x1x1_3_tnn_align1_bias_f32_relu
PyTorch:BasicsTransformerLM.layers.20.ffn,PushPop,343,343,12,24,42184397,1757683.2,1757106.5,1752675,1765122,4417.7,cutlass3x_sm100_simt_sgemm_f32_f32_f32_f32_f32_128x128x16_1x1x1_3_tnn_align1_bias_f32_relu
PyTorch:BasicsTransformerLM.layers.20.ffn,PushPop,343,343,12,12,21669002,1805750.2,1805684.0,1804581,1807874,1063.6,cutlass3x_sm100_simt_sgemm_f32_f32_f32_f32_f32_128x64x16_1x1x1_3_tnn_align1_bias_f32_relu
PyTorch:BasicsTransformerLM.layers.20.ffn,PushPop,343,343,12,24,1772517,73854.9,74096.0,72448,75584,1023.4,"void at::native::vectorized_elementwise_kernel<(int)4, at::native::BinaryFunctor<float, float, float, at::native::binary_internal::MulFunctor<float>>, std::array<char *, (unsigned long)3>>(int, T2, T3)"
PyTorch:BasicsTransformerLM.layers.20.ffn,PushPop,343,343,12,12,586979,48914.9,48896.0,48160,49664,380.4,"void at::native::vectorized_elementwise_kernel<(int)4, at::native::sigmoid_kernel_cuda(at::TensorIteratorBase &)::[lambda() (instance 2)]::operator ()() const::[lambda() (instance 2)]::operator ()() const::[lambda(float) (instance 1)], std::array<char *, (unsigned long)2>>(int, T2, T3)"
PyTorch:BasicsTransformerLM.layers.20.ffn.w1,PushPop,343,343,12,12,21142278,1761856.5,1762051.0,1759107,1765122,1525.2,cutlass3x_sm100_simt_sgemm_f32_f32_f32_f32_f32_128x128x16_1x1x1_3_tnn_align1_bias_f32_relu
PyTorch:BasicsTransformerLM.layers.20.ffn.w2,PushPop,343,343,12,12,21669002,1805750.2,1805684.0,1804581,1807874,1063.6,cutlass3x_sm100_simt_sgemm_f32_f32_f32_f32_f32_128x64x16_1x1x1_3_tnn_align1_bias_f32_relu
PyTorch:BasicsTransformerLM.layers.20.ffn.w3,PushPop,343,343,12,12,21042119,1753509.9,1753442.0,1752675,1755106,693.0,cutlass3x_sm100_simt_sgemm_f32_f32_f32_f32_f32_128x128x16_1x1x1_3_tnn_align1_bias_f32_relu
PyTorch:BasicsTransformerLM.layers.20.ln1,PushPop,343,343,12,24,571488,23812.0,23808.0,23456,24288,209.2,"void at::native::elementwise_kernel<(int)128, (int)2, void at::native::gpu_kernel_impl_nocast<at::native::BinaryFunctor<float, float, float, at::native::binary_internal::MulFunctor<float>>>(at::TensorIteratorBase &, const T1 &)::[lambda(int) (instance 1)]>(int, T3)"
PyTorch:BasicsTransformerLM.layers.20.ln1,PushPop,343,343,12,12,112512,9376.0,9360.0,8992,9696,217.9,"void at::native::vectorized_elementwise_kernel<(int)4, void at::native::<unnamed>::pow_tensor_scalar_kernel_impl<float, float>(at::TensorIteratorBase &, T2)::[lambda(float) (instance 1)], std::array<char *, (unsigned long)2>>(int, T2, T3)"
PyTorch:BasicsTransformerLM.layers.20.ln1,PushPop,343,343,12,12,92032,7669.3,7632.0,7232,8192,281.7,"void at::native::reduce_kernel<(int)512, (int)1, at::native::ReduceOp<float, at::native::MeanOps<float, float, float, float>, unsigned int, float, (int)4, (int)4>>(T3)"
PyTorch:BasicsTransformerLM.layers.20.ln1,PushPop,343,343,12,12,19424,1618.7,1568.0,1536,1792,91.0,"void at::native::vectorized_elementwise_kernel<(int)4, at::native::CUDAFunctorOnSelf_add<float>, std::array<char *, (unsigned long)2>>(int, T2, T3)"
PyTorch:BasicsTransformerLM.layers.20.ln1,PushPop,343,343,12,12,18304,1525.3,1472.0,1440,1728,100.6,"void at::native::vectorized_elementwise_kernel<(int)4, at::native::rsqrt_kernel_cuda(at::TensorIteratorBase &)::[lambda() (instance 2)]::operator ()() const::[lambda() (instance 2)]::operator ()() const::[lambda(float) (instance 1)], std::array<char *, (unsigned long)2>>(int, T2, T3)"
PyTorch:BasicsTransformerLM.layers.20.ln2,PushPop,343,343,12,24,569730,23738.8,23760.0,23136,24160,243.6,"void at::native::elementwise_kernel<(int)128, (int)2, void at::native::gpu_kernel_impl_nocast<at::native::BinaryFunctor<float, float, float, at::native::binary_internal::MulFunctor<float>>>(at::TensorIteratorBase &, const T1 &)::[lambda(int) (instance 1)]>(int, T3)"
PyTorch:BasicsTransformerLM.layers.20.ln2,PushPop,343,343,12,12,113378,9448.2,9456.5,9120,9920,229.6,"void at::native::vectorized_elementwise_kernel<(int)4, void at::native::<unnamed>::pow_tensor_scalar_kernel_impl<float, float>(at::TensorIteratorBase &, T2)::[lambda(float) (instance 1)], std::array<char *, (unsigned long)2>>(int, T2, T3)"
PyTorch:BasicsTransformerLM.layers.20.ln2,PushPop,343,343,12,12,93728,7810.7,7728.0,7200,8640,463.2,"void at::native::reduce_kernel<(int)512, (int)1, at::native::ReduceOp<float, at::native::MeanOps<float, float, float, float>, unsigned int, float, (int)4, (int)4>>(T3)"
PyTorch:BasicsTransformerLM.layers.20.ln2,PushPop,343,343,12,12,19008,1584.0,1568.0,1536,1792,68.9,"void at::native::vectorized_elementwise_kernel<(int)4, at::native::CUDAFunctorOnSelf_add<float>, std::array<char *, (unsigned long)2>>(int, T2, T3)"
PyTorch:BasicsTransformerLM.layers.20.ln2,PushPop,343,343,12,12,17824,1485.3,1488.0,1440,1504,21.4,"void at::native::vectorized_elementwise_kernel<(int)4, at::native::rsqrt_kernel_cuda(at::TensorIteratorBase &)::[lambda() (instance 2)]::operator ()() const::[lambda() (instance 2)]::operator ()() const::[lambda(float) (instance 1)], std::array<char *, (unsigned long)2>>(int, T2, T3)"
PyTorch:BasicsTransformerLM.layers.21,PushPop,343,343,12,36,56784717,1577353.3,1753459.5,1215266,1763713,258888.5,cutlass3x_sm100_simt_sgemm_f32_f32_f32_f32_f32_128x128x16_1x1x1_3_tnn_align1_bias_f32_relu
PyTorch:BasicsTransformerLM.layers.21,PushPop,343,343,12,48,24783084,516314.3,514833.0,514209,521984,2805.2,cutlass3x_sm100_simt_sgemm_f32_f32_f32_f32_f32_64x128x16_1x1x1_3_tnn_align1_bias_f32_relu
PyTorch:BasicsTransformerLM.layers.21,PushPop,343,343,12,12,21667243,1805603.6,1805876.0,1803652,1807460,1208.2,cutlass3x_sm100_simt_sgemm_f32_f32_f32_f32_f32_128x64x16_1x1x1_3_tnn_align1_bias_f32_relu
PyTorch:BasicsTransformerLM.layers.21,PushPop,343,343,12,12,12245813,1020484.4,1020466.0,1019554,1021922,708.3,"void at::native::elementwise_kernel<(int)128, (int)2, void at::native::gpu_kernel_impl_nocast<at::native::BinaryFunctor<float, float, float, at::native::binary_internal::DivFunctor<float>>>(at::TensorIteratorBase &, const T1 &)::[lambda(int) (instance 1)]>(int, T3)"
PyTorch:BasicsTransformerLM.layers.21,PushPop,343,343,12,12,10655124,887927.0,887922.0,887330,888547,437.1,"void at::native::elementwise_kernel<(int)128, (int)2, void at::native::gpu_kernel_impl_nocast<at::native::<unnamed>::where_kernel_impl(at::TensorIterator &)::[lambda() (instance 1)]::operator ()() const::[lambda() (instance 11)]::operator ()() const::[lambda(bool, float, float) (instance 1)]>(at::TensorIteratorBase &, const T1 &)::[lambda(int) (instance 1)]>(int, T3)"
PyTorch:BasicsTransformerLM.layers.21,PushPop,343,343,12,12,10584306,882025.5,881953.5,881024,882882,631.0,"void at::native::elementwise_kernel<(int)128, (int)2, void at::native::gpu_kernel_impl_nocast<at::native::CUDAFunctor_add<float>>(at::TensorIteratorBase &, const T1 &)::[lambda(int) (instance 1)]>(int, T3)"
PyTorch:BasicsTransformerLM.layers.21,PushPop,343,343,12,12,9777460,814788.3,814546.0,814050,816353,718.4,cutlass3x_sm100_simt_sgemm_f32_f32_f32_f32_f32_64x128x16_1x1x1_3_nnn_align1_bias_f32_relu
PyTorch:BasicsTransformerLM.layers.21,PushPop,343,343,12,12,4649034,387419.5,387408.5,386720,388641,577.1,"void at::native::vectorized_elementwise_kernel<(int)4, at::native::BUnaryFunctor<float, float, float, at::native::binary_internal::MulFunctor<float>>, std::array<char *, (unsigned long)2>>(int, T2, T3)"
PyTorch:BasicsTransformerLM.layers.21,PushPop,343,343,12,12,4618793,384899.4,384848.5,383105,386241,958.2,"void at::native::vectorized_elementwise_kernel<(int)4, at::native::exp_kernel_cuda(at::TensorIteratorBase &)::[lambda() (instance 2)]::operator ()() const::[lambda() (instance 2)]::operator ()() const::[lambda(float) (instance 1)], std::array<char *, (unsigned long)2>>(int, T2, T3)"
PyTorch:BasicsTransformerLM.layers.21,PushPop,343,343,12,12,3790824,315902.0,315905.0,315393,316577,311.5,"void at::native::reduce_kernel<(int)512, (int)1, at::native::ReduceOp<float, at::native::MaxOps<float>, unsigned int, float, (int)4, (int)4>>(T3)"
PyTorch:BasicsTransformerLM.layers.21,PushPop,343,343,12,144,2754757,19130.3,18256.0,14880,24544,3630.9,"void at::native::elementwise_kernel<(int)128, (int)2, void at::native::gpu_kernel_impl_nocast<at::native::BinaryFunctor<float, float, float, at::native::binary_internal::MulFunctor<float>>>(at::TensorIteratorBase &, const T1 &)::[lambda(int) (instance 1)]>(int, T3)"
PyTorch:BasicsTransformerLM.layers.21,PushPop,343,343,12,12,2740071,228339.3,228400.0,227617,229377,532.7,"void at::native::reduce_kernel<(int)512, (int)1, at::native::ReduceOp<float, at::native::func_wrapper_t<float, at::native::sum_functor<float, float, float>::operator ()(at::TensorIterator &)::[lambda(float, float) (instance 1)]>, unsigned int, float, (int)4, (int)4>>(T3)"
PyTorch:BasicsTransformerLM.layers.21,PushPop,343,343,12,24,1769025,73709.4,73680.0,72224,75072,886.5,"void at::native::vectorized_elementwise_kernel<(int)4, at::native::BinaryFunctor<float, float, float, at::native::binary_internal::MulFunctor<float>>, std::array<char *, (unsigned long)3>>(int, T2, T3)"
PyTorch:BasicsTransformerLM.layers.21,PushPop,343,343,12,24,1303940,54330.8,54304.5,53792,55104,311.8,"void at::native::<unnamed>::CatArrayBatchedCopy<at::native::<unnamed>::OpaqueType<(unsigned int)4>, unsigned int, (int)4, (int)64, (int)64>(T1 *, at::native::<unnamed>::CatArrInputTensorMetadata<T1, T2, T4, T5>, at::native::<unnamed>::TensorSizeStride<T2, (unsigned int)4>, int, T2)"
PyTorch:BasicsTransformerLM.layers.21,PushPop,343,343,12,24,744643,31026.8,31056.0,29312,32768,1523.7,"void at::native::elementwise_kernel<(int)128, (int)2, void at::native::gpu_kernel_impl_nocast<at::native::direct_copy_kernel_cuda(at::TensorIteratorBase &)::[lambda() (instance 3)]::operator ()() const::[lambda() (instance 7)]::operator ()() const::[lambda(float) (instance 1)]>(at::TensorIteratorBase &, const T1 &)::[lambda(int) (instance 1)]>(int, T3)"
PyTorch:BasicsTransformerLM.layers.21,PushPop,343,343,12,72,711328,9879.6,6912.0,6656,16480,4326.2,"void at::native::vectorized_elementwise_kernel<(int)4, at::native::CUDAFunctor_add<float>, std::array<char *, (unsigned long)3>>(int, T2, T3)"
PyTorch:BasicsTransformerLM.layers.21,PushPop,343,343,12,12,587937,48994.8,49056.0,48384,49472,322.2,"void at::native::vectorized_elementwise_kernel<(int)4, at::native::sigmoid_kernel_cuda(at::TensorIteratorBase &)::[lambda() (instance 2)]::operator ()() const::[lambda() (instance 2)]::operator ()() const::[lambda(float) (instance 1)], std::array<char *, (unsigned long)2>>(int, T2, T3)"
PyTorch:BasicsTransformerLM.layers.21,PushPop,343,343,12,24,227138,9464.1,9488.0,9185,9696,118.2,"void at::native::vectorized_elementwise_kernel<(int)4, void at::native::<unnamed>::pow_tensor_scalar_kernel_impl<float, float>(at::TensorIteratorBase &, T2)::[lambda(float) (instance 1)], std::array<char *, (unsigned long)2>>(int, T2, T3)"
PyTorch:BasicsTransformerLM.layers.21,PushPop,343,343,12,24,186721,7780.0,7824.5,7136,8672,474.1,"void at::native::reduce_kernel<(int)512, (int)1, at::native::ReduceOp<float, at::native::MeanOps<float, float, float, float>, unsigned int, float, (int)4, (int)4>>(T3)"
PyTorch:BasicsTransformerLM.layers.21,PushPop,343,343,12,12,103936,8661.3,8640.0,8576,8800,78.8,"void at::native::elementwise_kernel<(int)128, (int)4, void at::native::gpu_kernel_impl_nocast<at::native::<unnamed>::CompareFunctor<long>>(at::TensorIteratorBase &, const T1 &)::[lambda(int) (instance 1)]>(int, T3)"
PyTorch:BasicsTransformerLM.layers.21,PushPop,343,343,12,24,38432,1601.3,1568.0,1536,1760,61.5,"void at::native::vectorized_elementwise_kernel<(int)4, at::native::CUDAFunctorOnSelf_add<float>, std::array<char *, (unsigned long)2>>(int, T2, T3)"
PyTorch:BasicsTransformerLM.layers.21,PushPop,343,343,12,24,35872,1494.7,1472.0,1408,1696,62.2,"void at::native::vectorized_elementwise_kernel<(int)4, at::native::rsqrt_kernel_cuda(at::TensorIteratorBase &)::[lambda() (instance 2)]::operator ()() const::[lambda() (instance 2)]::operator ()() const::[lambda(float) (instance 1)], std::array<char *, (unsigned long)2>>(int, T2, T3)"
PyTorch:BasicsTransformerLM.layers.21,PushPop,343,343,12,12,13888,1157.3,1152.0,1152,1184,12.5,"void <unnamed>::elementwise_kernel_with_index<int, at::native::arange_cuda_out(const c10::Scalar &, const c10::Scalar &, const c10::Scalar &, at::Tensor &)::[lambda() (instance 1)]::operator ()() const::[lambda() (instance 4)]::operator ()() const::[lambda(long) (instance 1)]>(T1, T2, function_traits<T2>::result_type *)"
PyTorch:BasicsTransformerLM.layers.21,PushPop,343,343,12,12,12320,1026.7,976.0,928,1152,96.0,"void at::native::vectorized_elementwise_kernel<(int)4, at::native::FillFunctor<float>, std::array<char *, (unsigned long)1>>(int, T2, T3)"
PyTorch:BasicsTransformerLM.layers.21.attn,PushPop,343,343,12,48,24783084,516314.3,514833.0,514209,521984,2805.2,cutlass3x_sm100_simt_sgemm_f32_f32_f32_f32_f32_64x128x16_1x1x1_3_tnn_align1_bias_f32_relu
PyTorch:BasicsTransformerLM.layers.21.attn,PushPop,343,343,12,12,14596635,1216386.3,1216243.5,1215266,1217986,633.7,cutlass3x_sm100_simt_sgemm_f32_f32_f32_f32_f32_128x128x16_1x1x1_3_tnn_align1_bias_f32_relu
PyTorch:BasicsTransformerLM.layers.21.attn,PushPop,343,343,12,12,12245813,1020484.4,1020466.0,1019554,1021922,708.3,"void at::native::elementwise_kernel<(int)128, (int)2, void at::native::gpu_kernel_impl_nocast<at::native::BinaryFunctor<float, float, float, at::native::binary_internal::DivFunctor<float>>>(at::TensorIteratorBase &, const T1 &)::[lambda(int) (instance 1)]>(int, T3)"
PyTorch:BasicsTransformerLM.layers.21.attn,PushPop,343,343,12,12,10655124,887927.0,887922.0,887330,888547,437.1,"void at::native::elementwise_kernel<(int)128, (int)2, void at::native::gpu_kernel_impl_nocast<at::native::<unnamed>::where_kernel_impl(at::TensorIterator &)::[lambda() (instance 1)]::operator ()() const::[lambda() (instance 11)]::operator ()() const::[lambda(bool, float, float) (instance 1)]>(at::TensorIteratorBase &, const T1 &)::[lambda(int) (instance 1)]>(int, T3)"
PyTorch:BasicsTransformerLM.layers.21.attn,PushPop,343,343,12,12,10584306,882025.5,881953.5,881024,882882,631.0,"void at::native::elementwise_kernel<(int)128, (int)2, void at::native::gpu_kernel_impl_nocast<at::native::CUDAFunctor_add<float>>(at::TensorIteratorBase &, const T1 &)::[lambda(int) (instance 1)]>(int, T3)"
PyTorch:BasicsTransformerLM.layers.21.attn,PushPop,343,343,12,12,9777460,814788.3,814546.0,814050,816353,718.4,cutlass3x_sm100_simt_sgemm_f32_f32_f32_f32_f32_64x128x16_1x1x1_3_nnn_align1_bias_f32_relu
PyTorch:BasicsTransformerLM.layers.21.attn,PushPop,343,343,12,12,4649034,387419.5,387408.5,386720,388641,577.1,"void at::native::vectorized_elementwise_kernel<(int)4, at::native::BUnaryFunctor<float, float, float, at::native::binary_internal::MulFunctor<float>>, std::array<char *, (unsigned long)2>>(int, T2, T3)"
PyTorch:BasicsTransformerLM.layers.21.attn,PushPop,343,343,12,12,4618793,384899.4,384848.5,383105,386241,958.2,"void at::native::vectorized_elementwise_kernel<(int)4, at::native::exp_kernel_cuda(at::TensorIteratorBase &)::[lambda() (instance 2)]::operator ()() const::[lambda() (instance 2)]::operator ()() const::[lambda(float) (instance 1)], std::array<char *, (unsigned long)2>>(int, T2, T3)"
PyTorch:BasicsTransformerLM.layers.21.attn,PushPop,343,343,12,12,3790824,315902.0,315905.0,315393,316577,311.5,"void at::native::reduce_kernel<(int)512, (int)1, at::native::ReduceOp<float, at::native::MaxOps<float>, unsigned int, float, (int)4, (int)4>>(T3)"
PyTorch:BasicsTransformerLM.layers.21.attn,PushPop,343,343,12,12,2740071,228339.3,228400.0,227617,229377,532.7,"void at::native::reduce_kernel<(int)512, (int)1, at::native::ReduceOp<float, at::native::func_wrapper_t<float, at::native::sum_functor<float, float, float>::operator ()(at::TensorIterator &)::[lambda(float, float) (instance 1)]>, unsigned int, float, (int)4, (int)4>>(T3)"
PyTorch:BasicsTransformerLM.layers.21.attn,PushPop,343,343,12,96,1610628,16777.4,16352.0,14880,19872,1739.2,"void at::native::elementwise_kernel<(int)128, (int)2, void at::native::gpu_kernel_impl_nocast<at::native::BinaryFunctor<float, float, float, at::native::binary_internal::MulFunctor<float>>>(at::TensorIteratorBase &, const T1 &)::[lambda(int) (instance 1)]>(int, T3)"
PyTorch:BasicsTransformerLM.layers.21.attn,PushPop,343,343,12,24,1303940,54330.8,54304.5,53792,55104,311.8,"void at::native::<unnamed>::CatArrayBatchedCopy<at::native::<unnamed>::OpaqueType<(unsigned int)4>, unsigned int, (int)4, (int)64, (int)64>(T1 *, at::native::<unnamed>::CatArrInputTensorMetadata<T1, T2, T4, T5>, at::native::<unnamed>::TensorSizeStride<T2, (unsigned int)4>, int, T2)"
PyTorch:BasicsTransformerLM.layers.21.attn,PushPop,343,343,12,24,744643,31026.8,31056.0,29312,32768,1523.7,"void at::native::elementwise_kernel<(int)128, (int)2, void at::native::gpu_kernel_impl_nocast<at::native::direct_copy_kernel_cuda(at::TensorIteratorBase &)::[lambda() (instance 3)]::operator ()() const::[lambda() (instance 7)]::operator ()() const::[lambda(float) (instance 1)]>(at::TensorIteratorBase &, const T1 &)::[lambda(int) (instance 1)]>(int, T3)"
PyTorch:BasicsTransformerLM.layers.21.attn,PushPop,343,343,12,48,328512,6844.0,6816.0,6656,7136,125.0,"void at::native::vectorized_elementwise_kernel<(int)4, at::native::CUDAFunctor_add<float>, std::array<char *, (unsigned long)3>>(int, T2, T3)"
PyTorch:BasicsTransformerLM.layers.21.attn,PushPop,343,343,12,12,103936,8661.3,8640.0,8576,8800,78.8,"void at::native::elementwise_kernel<(int)128, (int)4, void at::native::gpu_kernel_impl_nocast<at::native::<unnamed>::CompareFunctor<long>>(at::TensorIteratorBase &, const T1 &)::[lambda(int) (instance 1)]>(int, T3)"
PyTorch:BasicsTransformerLM.layers.21.attn,PushPop,343,343,12,12,13888,1157.3,1152.0,1152,1184,12.5,"void <unnamed>::elementwise_kernel_with_index<int, at::native::arange_cuda_out(const c10::Scalar &, const c10::Scalar &, const c10::Scalar &, at::Tensor &)::[lambda() (instance 1)]::operator ()() const::[lambda() (instance 4)]::operator ()() const::[lambda(long) (instance 1)]>(T1, T2, function_traits<T2>::result_type *)"
PyTorch:BasicsTransformerLM.layers.21.attn,PushPop,343,343,12,12,12320,1026.7,976.0,928,1152,96.0,"void at::native::vectorized_elementwise_kernel<(int)4, at::native::FillFunctor<float>, std::array<char *, (unsigned long)1>>(int, T2, T3)"
PyTorch:BasicsTransformerLM.layers.21.attn.k_proj,PushPop,343,343,12,12,6178189,514849.1,514801.5,514433,515264,246.1,cutlass3x_sm100_simt_sgemm_f32_f32_f32_f32_f32_64x128x16_1x1x1_3_tnn_align1_bias_f32_relu
PyTorch:BasicsTransformerLM.layers.21.attn.output_proj,PushPop,343,343,12,12,6253034,521086.2,520993.5,520481,521984,496.4,cutlass3x_sm100_simt_sgemm_f32_f32_f32_f32_f32_64x128x16_1x1x1_3_tnn_align1_bias_f32_relu
PyTorch:BasicsTransformerLM.layers.21.attn.q_proj,PushPop,343,343,12,12,6174218,514518.2,514465.0,514209,515137,270.3,cutlass3x_sm100_simt_sgemm_f32_f32_f32_f32_f32_64x128x16_1x1x1_3_tnn_align1_bias_f32_relu
PyTorch:BasicsTransformerLM.layers.21.attn.v_proj,PushPop,343,343,12,12,6177643,514803.6,514833.0,514368,515073,224.7,cutlass3x_sm100_simt_sgemm_f32_f32_f32_f32_f32_64x128x16_1x1x1_3_tnn_align1_bias_f32_relu
PyTorch:BasicsTransformerLM.layers.21.ffn,PushPop,343,343,12,24,42188082,1757836.8,1757826.5,1752868,1763713,4477.2,cutlass3x_sm100_simt_sgemm_f32_f32_f32_f32_f32_128x128x16_1x1x1_3_tnn_align1_bias_f32_relu
PyTorch:BasicsTransformerLM.layers.21.ffn,PushPop,343,343,12,12,21667243,1805603.6,1805876.0,1803652,1807460,1208.2,cutlass3x_sm100_simt_sgemm_f32_f32_f32_f32_f32_128x64x16_1x1x1_3_tnn_align1_bias_f32_relu
PyTorch:BasicsTransformerLM.layers.21.ffn,PushPop,343,343,12,24,1769025,73709.4,73680.0,72224,75072,886.5,"void at::native::vectorized_elementwise_kernel<(int)4, at::native::BinaryFunctor<float, float, float, at::native::binary_internal::MulFunctor<float>>, std::array<char *, (unsigned long)3>>(int, T2, T3)"
PyTorch:BasicsTransformerLM.layers.21.ffn,PushPop,343,343,12,12,587937,48994.8,49056.0,48384,49472,322.2,"void at::native::vectorized_elementwise_kernel<(int)4, at::native::sigmoid_kernel_cuda(at::TensorIteratorBase &)::[lambda() (instance 2)]::operator ()() const::[lambda() (instance 2)]::operator ()() const::[lambda(float) (instance 1)], std::array<char *, (unsigned long)2>>(int, T2, T3)"
PyTorch:BasicsTransformerLM.layers.21.ffn.w1,PushPop,343,343,12,12,21145674,1762139.5,1762467.5,1760772,1763713,1066.0,cutlass3x_sm100_simt_sgemm_f32_f32_f32_f32_f32_128x128x16_1x1x1_3_tnn_align1_bias_f32_relu
PyTorch:BasicsTransformerLM.layers.21.ffn.w2,PushPop,343,343,12,12,21667243,1805603.6,1805876.0,1803652,1807460,1208.2,cutlass3x_sm100_simt_sgemm_f32_f32_f32_f32_f32_128x64x16_1x1x1_3_tnn_align1_bias_f32_relu
PyTorch:BasicsTransformerLM.layers.21.ffn.w3,PushPop,343,343,12,12,21042408,1753534.0,1753459.5,1752868,1754881,618.7,cutlass3x_sm100_simt_sgemm_f32_f32_f32_f32_f32_128x128x16_1x1x1_3_tnn_align1_bias_f32_relu
PyTorch:BasicsTransformerLM.layers.21.ln1,PushPop,343,343,12,24,573504,23896.0,23856.0,23392,24544,259.2,"void at::native::elementwise_kernel<(int)128, (int)2, void at::native::gpu_kernel_impl_nocast<at::native::BinaryFunctor<float, float, float, at::native::binary_internal::MulFunctor<float>>>(at::TensorIteratorBase &, const T1 &)::[lambda(int) (instance 1)]>(int, T3)"
PyTorch:BasicsTransformerLM.layers.21.ln1,PushPop,343,343,12,12,113281,9440.1,9472.0,9185,9696,141.0,"void at::native::vectorized_elementwise_kernel<(int)4, void at::native::<unnamed>::pow_tensor_scalar_kernel_impl<float, float>(at::TensorIteratorBase &, T2)::[lambda(float) (instance 1)], std::array<char *, (unsigned long)2>>(int, T2, T3)"
PyTorch:BasicsTransformerLM.layers.21.ln1,PushPop,343,343,12,12,94433,7869.4,7872.0,7136,8672,534.3,"void at::native::reduce_kernel<(int)512, (int)1, at::native::ReduceOp<float, at::native::MeanOps<float, float, float, float>, unsigned int, float, (int)4, (int)4>>(T3)"
PyTorch:BasicsTransformerLM.layers.21.ln1,PushPop,343,343,12,12,19232,1602.7,1568.0,1536,1728,63.2,"void at::native::vectorized_elementwise_kernel<(int)4, at::native::CUDAFunctorOnSelf_add<float>, std::array<char *, (unsigned long)2>>(int, T2, T3)"
PyTorch:BasicsTransformerLM.layers.21.ln1,PushPop,343,343,12,12,17664,1472.0,1472.0,1408,1504,27.3,"void at::native::vectorized_elementwise_kernel<(int)4, at::native::rsqrt_kernel_cuda(at::TensorIteratorBase &)::[lambda() (instance 2)]::operator ()() const::[lambda() (instance 2)]::operator ()() const::[lambda(float) (instance 1)], std::array<char *, (unsigned long)2>>(int, T2, T3)"
PyTorch:BasicsTransformerLM.layers.21.ln2,PushPop,343,343,12,24,570625,23776.0,23680.5,23296,24288,273.0,"void at::native::elementwise_kernel<(int)128, (int)2, void at::native::gpu_kernel_impl_nocast<at::native::BinaryFunctor<float, float, float, at::native::binary_internal::MulFunctor<float>>>(at::TensorIteratorBase &, const T1 &)::[lambda(int) (instance 1)]>(int, T3)"
PyTorch:BasicsTransformerLM.layers.21.ln2,PushPop,343,343,12,12,113857,9488.1,9488.0,9345,9632,89.8,"void at::native::vectorized_elementwise_kernel<(int)4, void at::native::<unnamed>::pow_tensor_scalar_kernel_impl<float, float>(at::TensorIteratorBase &, T2)::[lambda(float) (instance 1)], std::array<char *, (unsigned long)2>>(int, T2, T3)"
PyTorch:BasicsTransformerLM.layers.21.ln2,PushPop,343,343,12,12,92288,7690.7,7712.0,7232,8640,408.7,"void at::native::reduce_kernel<(int)512, (int)1, at::native::ReduceOp<float, at::native::MeanOps<float, float, float, float>, unsigned int, float, (int)4, (int)4>>(T3)"
PyTorch:BasicsTransformerLM.layers.21.ln2,PushPop,343,343,12,12,19200,1600.0,1568.0,1568,1760,62.5,"void at::native::vectorized_elementwise_kernel<(int)4, at::native::CUDAFunctorOnSelf_add<float>, std::array<char *, (unsigned long)2>>(int, T2, T3)"
PyTorch:BasicsTransformerLM.layers.21.ln2,PushPop,343,343,12,12,18208,1517.3,1488.0,1440,1696,78.9,"void at::native::vectorized_elementwise_kernel<(int)4, at::native::rsqrt_kernel_cuda(at::TensorIteratorBase &)::[lambda() (instance 2)]::operator ()() const::[lambda() (instance 2)]::operator ()() const::[lambda(float) (instance 1)], std::array<char *, (unsigned long)2>>(int, T2, T3)"
PyTorch:BasicsTransformerLM.layers.22,PushPop,343,343,12,36,56784334,1577342.6,1753476.5,1215203,1763618,258974.2,cutlass3x_sm100_simt_sgemm_f32_f32_f32_f32_f32_128x128x16_1x1x1_3_tnn_align1_bias_f32_relu
PyTorch:BasicsTransformerLM.layers.22,PushPop,343,343,12,48,24777517,516198.3,514817.5,514081,522113,2700.7,cutlass3x_sm100_simt_sgemm_f32_f32_f32_f32_f32_64x128x16_1x1x1_3_tnn_align1_bias_f32_relu
PyTorch:BasicsTransformerLM.layers.22,PushPop,343,343,12,12,21661289,1805107.4,1804995.5,1803043,1806658,1051.4,cutlass3x_sm100_simt_sgemm_f32_f32_f32_f32_f32_128x64x16_1x1x1_3_tnn_align1_bias_f32_relu
PyTorch:BasicsTransformerLM.layers.22,PushPop,343,343,12,12,12247959,1020663.3,1020690.0,1019714,1021857,621.6,"void at::native::elementwise_kernel<(int)128, (int)2, void at::native::gpu_kernel_impl_nocast<at::native::BinaryFunctor<float, float, float, at::native::binary_internal::DivFunctor<float>>>(at::TensorIteratorBase &, const T1 &)::[lambda(int) (instance 1)]>(int, T3)"
PyTorch:BasicsTransformerLM.layers.22,PushPop,343,343,12,12,10654068,887839.0,887730.0,887425,888577,361.9,"void at::native::elementwise_kernel<(int)128, (int)2, void at::native::gpu_kernel_impl_nocast<at::native::<unnamed>::where_kernel_impl(at::TensorIterator &)::[lambda() (instance 1)]::operator ()() const::[lambda() (instance 11)]::operator ()() const::[lambda(bool, float, float) (instance 1)]>(at::TensorIteratorBase &, const T1 &)::[lambda(int) (instance 1)]>(int, T3)"
PyTorch:BasicsTransformerLM.layers.22,PushPop,343,343,12,12,10587155,882262.9,882146.0,880674,883554,907.1,"void at::native::elementwise_kernel<(int)128, (int)2, void at::native::gpu_kernel_impl_nocast<at::native::CUDAFunctor_add<float>>(at::TensorIteratorBase &, const T1 &)::[lambda(int) (instance 1)]>(int, T3)"
PyTorch:BasicsTransformerLM.layers.22,PushPop,343,343,12,12,9777715,814809.6,814562.0,814018,816961,842.6,cutlass3x_sm100_simt_sgemm_f32_f32_f32_f32_f32_64x128x16_1x1x1_3_nnn_align1_bias_f32_relu
PyTorch:BasicsTransformerLM.layers.22,PushPop,343,343,12,12,4651658,387638.2,387761.0,386209,388865,769.1,"void at::native::vectorized_elementwise_kernel<(int)4, at::native::BUnaryFunctor<float, float, float, at::native::binary_internal::MulFunctor<float>>, std::array<char *, (unsigned long)2>>(int, T2, T3)"
PyTorch:BasicsTransformerLM.layers.22,PushPop,343,343,12,12,4618217,384851.4,384913.0,383649,386080,713.8,"void at::native::vectorized_elementwise_kernel<(int)4, at::native::exp_kernel_cuda(at::TensorIteratorBase &)::[lambda() (instance 2)]::operator ()() const::[lambda() (instance 2)]::operator ()() const::[lambda(float) (instance 1)], std::array<char *, (unsigned long)2>>(int, T2, T3)"
PyTorch:BasicsTransformerLM.layers.22,PushPop,343,343,12,12,3791079,315923.3,315936.5,315392,316576,362.7,"void at::native::reduce_kernel<(int)512, (int)1, at::native::ReduceOp<float, at::native::MaxOps<float>, unsigned int, float, (int)4, (int)4>>(T3)"
PyTorch:BasicsTransformerLM.layers.22,PushPop,343,343,12,144,2753126,19118.9,18256.0,14880,24704,3649.3,"void at::native::elementwise_kernel<(int)128, (int)2, void at::native::gpu_kernel_impl_nocast<at::native::BinaryFunctor<float, float, float, at::native::binary_internal::MulFunctor<float>>>(at::TensorIteratorBase &, const T1 &)::[lambda(int) (instance 1)]>(int, T3)"
PyTorch:BasicsTransformerLM.layers.22,PushPop,343,343,12,12,2739846,228320.5,228241.0,228000,228800,287.5,"void at::native::reduce_kernel<(int)512, (int)1, at::native::ReduceOp<float, at::native::func_wrapper_t<float, at::native::sum_functor<float, float, float>::operator ()(at::TensorIterator &)::[lambda(float, float) (instance 1)]>, unsigned int, float, (int)4, (int)4>>(T3)"
PyTorch:BasicsTransformerLM.layers.22,PushPop,343,343,12,24,1767780,73657.5,73648.0,72032,75040,1033.3,"void at::native::vectorized_elementwise_kernel<(int)4, at::native::BinaryFunctor<float, float, float, at::native::binary_internal::MulFunctor<float>>, std::array<char *, (unsigned long)3>>(int, T2, T3)"
PyTorch:BasicsTransformerLM.layers.22,PushPop,343,343,12,24,1305697,54404.0,54400.5,53920,54976,291.4,"void at::native::<unnamed>::CatArrayBatchedCopy<at::native::<unnamed>::OpaqueType<(unsigned int)4>, unsigned int, (int)4, (int)64, (int)64>(T1 *, at::native::<unnamed>::CatArrInputTensorMetadata<T1, T2, T4, T5>, at::native::<unnamed>::TensorSizeStride<T2, (unsigned int)4>, int, T2)"
PyTorch:BasicsTransformerLM.layers.22,PushPop,343,343,12,24,743138,30964.1,31104.5,29216,32640,1555.6,"void at::native::elementwise_kernel<(int)128, (int)2, void at::native::gpu_kernel_impl_nocast<at::native::direct_copy_kernel_cuda(at::TensorIteratorBase &)::[lambda() (instance 3)]::operator ()() const::[lambda() (instance 7)]::operator ()() const::[lambda(float) (instance 1)]>(at::TensorIteratorBase &, const T1 &)::[lambda(int) (instance 1)]>(int, T3)"
PyTorch:BasicsTransformerLM.layers.22,PushPop,343,343,12,72,714561,9924.5,6912.0,6496,16448,4360.7,"void at::native::vectorized_elementwise_kernel<(int)4, at::native::CUDAFunctor_add<float>, std::array<char *, (unsigned long)3>>(int, T2, T3)"
PyTorch:BasicsTransformerLM.layers.22,PushPop,343,343,12,12,587168,48930.7,48896.0,48416,49440,319.0,"void at::native::vectorized_elementwise_kernel<(int)4, at::native::sigmoid_kernel_cuda(at::TensorIteratorBase &)::[lambda() (instance 2)]::operator ()() const::[lambda() (instance 2)]::operator ()() const::[lambda(float) (instance 1)], std::array<char *, (unsigned long)2>>(int, T2, T3)"
PyTorch:BasicsTransformerLM.layers.22,PushPop,343,343,12,24,228034,9501.4,9472.0,9184,9952,204.1,"void at::native::vectorized_elementwise_kernel<(int)4, void at::native::<unnamed>::pow_tensor_scalar_kernel_impl<float, float>(at::TensorIteratorBase &, T2)::[lambda(float) (instance 1)], std::array<char *, (unsigned long)2>>(int, T2, T3)"
PyTorch:BasicsTransformerLM.layers.22,PushPop,343,343,12,24,184513,7688.0,7616.0,7136,8736,432.9,"void at::native::reduce_kernel<(int)512, (int)1, at::native::ReduceOp<float, at::native::MeanOps<float, float, float, float>, unsigned int, float, (int)4, (int)4>>(T3)"
PyTorch:BasicsTransformerLM.layers.22,PushPop,343,343,12,12,104128,8677.3,8640.0,8576,9152,153.7,"void at::native::elementwise_kernel<(int)128, (int)4, void at::native::gpu_kernel_impl_nocast<at::native::<unnamed>::CompareFunctor<long>>(at::TensorIteratorBase &, const T1 &)::[lambda(int) (instance 1)]>(int, T3)"
PyTorch:BasicsTransformerLM.layers.22,PushPop,343,343,12,24,38144,1589.3,1568.0,1536,1760,57.9,"void at::native::vectorized_elementwise_kernel<(int)4, at::native::CUDAFunctorOnSelf_add<float>, std::array<char *, (unsigned long)2>>(int, T2, T3)"
PyTorch:BasicsTransformerLM.layers.22,PushPop,343,343,12,24,36384,1516.0,1472.0,1440,1696,82.2,"void at::native::vectorized_elementwise_kernel<(int)4, at::native::rsqrt_kernel_cuda(at::TensorIteratorBase &)::[lambda() (instance 2)]::operator ()() const::[lambda() (instance 2)]::operator ()() const::[lambda(float) (instance 1)], std::array<char *, (unsigned long)2>>(int, T2, T3)"
PyTorch:BasicsTransformerLM.layers.22,PushPop,343,343,12,12,14080,1173.3,1152.0,1120,1280,41.7,"void <unnamed>::elementwise_kernel_with_index<int, at::native::arange_cuda_out(const c10::Scalar &, const c10::Scalar &, const c10::Scalar &, at::Tensor &)::[lambda() (instance 1)]::operator ()() const::[lambda() (instance 4)]::operator ()() const::[lambda(long) (instance 1)]>(T1, T2, function_traits<T2>::result_type *)"
PyTorch:BasicsTransformerLM.layers.22,PushPop,343,343,12,12,12448,1037.3,976.0,928,1248,105.2,"void at::native::vectorized_elementwise_kernel<(int)4, at::native::FillFunctor<float>, std::array<char *, (unsigned long)1>>(int, T2, T3)"
PyTorch:BasicsTransformerLM.layers.22.attn,PushPop,343,343,12,48,24777517,516198.3,514817.5,514081,522113,2700.7,cutlass3x_sm100_simt_sgemm_f32_f32_f32_f32_f32_64x128x16_1x1x1_3_tnn_align1_bias_f32_relu
PyTorch:BasicsTransformerLM.layers.22.attn,PushPop,343,343,12,12,14595068,1216255.7,1216290.0,1215203,1216931,562.8,cutlass3x_sm100_simt_sgemm_f32_f32_f32_f32_f32_128x128x16_1x1x1_3_tnn_align1_bias_f32_relu
PyTorch:BasicsTransformerLM.layers.22.attn,PushPop,343,343,12,12,12247959,1020663.3,1020690.0,1019714,1021857,621.6,"void at::native::elementwise_kernel<(int)128, (int)2, void at::native::gpu_kernel_impl_nocast<at::native::BinaryFunctor<float, float, float, at::native::binary_internal::DivFunctor<float>>>(at::TensorIteratorBase &, const T1 &)::[lambda(int) (instance 1)]>(int, T3)"
PyTorch:BasicsTransformerLM.layers.22.attn,PushPop,343,343,12,12,10654068,887839.0,887730.0,887425,888577,361.9,"void at::native::elementwise_kernel<(int)128, (int)2, void at::native::gpu_kernel_impl_nocast<at::native::<unnamed>::where_kernel_impl(at::TensorIterator &)::[lambda() (instance 1)]::operator ()() const::[lambda() (instance 11)]::operator ()() const::[lambda(bool, float, float) (instance 1)]>(at::TensorIteratorBase &, const T1 &)::[lambda(int) (instance 1)]>(int, T3)"
PyTorch:BasicsTransformerLM.layers.22.attn,PushPop,343,343,12,12,10587155,882262.9,882146.0,880674,883554,907.1,"void at::native::elementwise_kernel<(int)128, (int)2, void at::native::gpu_kernel_impl_nocast<at::native::CUDAFunctor_add<float>>(at::TensorIteratorBase &, const T1 &)::[lambda(int) (instance 1)]>(int, T3)"
PyTorch:BasicsTransformerLM.layers.22.attn,PushPop,343,343,12,12,9777715,814809.6,814562.0,814018,816961,842.6,cutlass3x_sm100_simt_sgemm_f32_f32_f32_f32_f32_64x128x16_1x1x1_3_nnn_align1_bias_f32_relu
PyTorch:BasicsTransformerLM.layers.22.attn,PushPop,343,343,12,12,4651658,387638.2,387761.0,386209,388865,769.1,"void at::native::vectorized_elementwise_kernel<(int)4, at::native::BUnaryFunctor<float, float, float, at::native::binary_internal::MulFunctor<float>>, std::array<char *, (unsigned long)2>>(int, T2, T3)"
PyTorch:BasicsTransformerLM.layers.22.attn,PushPop,343,343,12,12,4618217,384851.4,384913.0,383649,386080,713.8,"void at::native::vectorized_elementwise_kernel<(int)4, at::native::exp_kernel_cuda(at::TensorIteratorBase &)::[lambda() (instance 2)]::operator ()() const::[lambda() (instance 2)]::operator ()() const::[lambda(float) (instance 1)], std::array<char *, (unsigned long)2>>(int, T2, T3)"
PyTorch:BasicsTransformerLM.layers.22.attn,PushPop,343,343,12,12,3791079,315923.3,315936.5,315392,316576,362.7,"void at::native::reduce_kernel<(int)512, (int)1, at::native::ReduceOp<float, at::native::MaxOps<float>, unsigned int, float, (int)4, (int)4>>(T3)"
PyTorch:BasicsTransformerLM.layers.22.attn,PushPop,343,343,12,12,2739846,228320.5,228241.0,228000,228800,287.5,"void at::native::reduce_kernel<(int)512, (int)1, at::native::ReduceOp<float, at::native::func_wrapper_t<float, at::native::sum_functor<float, float, float>::operator ()(at::TensorIterator &)::[lambda(float, float) (instance 1)]>, unsigned int, float, (int)4, (int)4>>(T3)"
PyTorch:BasicsTransformerLM.layers.22.attn,PushPop,343,343,12,96,1608260,16752.7,16400.0,14880,19712,1739.2,"void at::native::elementwise_kernel<(int)128, (int)2, void at::native::gpu_kernel_impl_nocast<at::native::BinaryFunctor<float, float, float, at::native::binary_internal::MulFunctor<float>>>(at::TensorIteratorBase &, const T1 &)::[lambda(int) (instance 1)]>(int, T3)"
PyTorch:BasicsTransformerLM.layers.22.attn,PushPop,343,343,12,24,1305697,54404.0,54400.5,53920,54976,291.4,"void at::native::<unnamed>::CatArrayBatchedCopy<at::native::<unnamed>::OpaqueType<(unsigned int)4>, unsigned int, (int)4, (int)64, (int)64>(T1 *, at::native::<unnamed>::CatArrInputTensorMetadata<T1, T2, T4, T5>, at::native::<unnamed>::TensorSizeStride<T2, (unsigned int)4>, int, T2)"
PyTorch:BasicsTransformerLM.layers.22.attn,PushPop,343,343,12,24,743138,30964.1,31104.5,29216,32640,1555.6,"void at::native::elementwise_kernel<(int)128, (int)2, void at::native::gpu_kernel_impl_nocast<at::native::direct_copy_kernel_cuda(at::TensorIteratorBase &)::[lambda() (instance 3)]::operator ()() const::[lambda() (instance 7)]::operator ()() const::[lambda(float) (instance 1)]>(at::TensorIteratorBase &, const T1 &)::[lambda(int) (instance 1)]>(int, T3)"
PyTorch:BasicsTransformerLM.layers.22.attn,PushPop,343,343,12,48,329505,6864.7,6864.0,6496,7168,129.7,"void at::native::vectorized_elementwise_kernel<(int)4, at::native::CUDAFunctor_add<float>, std::array<char *, (unsigned long)3>>(int, T2, T3)"
PyTorch:BasicsTransformerLM.layers.22.attn,PushPop,343,343,12,12,104128,8677.3,8640.0,8576,9152,153.7,"void at::native::elementwise_kernel<(int)128, (int)4, void at::native::gpu_kernel_impl_nocast<at::native::<unnamed>::CompareFunctor<long>>(at::TensorIteratorBase &, const T1 &)::[lambda(int) (instance 1)]>(int, T3)"
PyTorch:BasicsTransformerLM.layers.22.attn,PushPop,343,343,12,12,14080,1173.3,1152.0,1120,1280,41.7,"void <unnamed>::elementwise_kernel_with_index<int, at::native::arange_cuda_out(const c10::Scalar &, const c10::Scalar &, const c10::Scalar &, at::Tensor &)::[lambda() (instance 1)]::operator ()() const::[lambda() (instance 4)]::operator ()() const::[lambda(long) (instance 1)]>(T1, T2, function_traits<T2>::result_type *)"
PyTorch:BasicsTransformerLM.layers.22.attn,PushPop,343,343,12,12,12448,1037.3,976.0,928,1248,105.2,"void at::native::vectorized_elementwise_kernel<(int)4, at::native::FillFunctor<float>, std::array<char *, (unsigned long)1>>(int, T2, T3)"
PyTorch:BasicsTransformerLM.layers.22.attn.k_proj,PushPop,343,343,12,12,6177230,514769.2,514737.5,514273,515712,370.2,cutlass3x_sm100_simt_sgemm_f32_f32_f32_f32_f32_64x128x16_1x1x1_3_tnn_align1_bias_f32_relu
PyTorch:BasicsTransformerLM.layers.22.attn.output_proj,PushPop,343,343,12,12,6249322,520776.8,520625.0,520385,522113,458.4,cutlass3x_sm100_simt_sgemm_f32_f32_f32_f32_f32_64x128x16_1x1x1_3_tnn_align1_bias_f32_relu
PyTorch:BasicsTransformerLM.layers.22.attn.q_proj,PushPop,343,343,12,12,6172137,514344.8,514321.0,514081,514720,201.3,cutlass3x_sm100_simt_sgemm_f32_f32_f32_f32_f32_64x128x16_1x1x1_3_tnn_align1_bias_f32_relu
PyTorch:BasicsTransformerLM.layers.22.attn.v_proj,PushPop,343,343,12,12,6178828,514902.3,514976.5,514434,515424,316.1,cutlass3x_sm100_simt_sgemm_f32_f32_f32_f32_f32_64x128x16_1x1x1_3_tnn_align1_bias_f32_relu
PyTorch:BasicsTransformerLM.layers.22.ffn,PushPop,343,343,12,24,42189266,1757886.1,1757314.5,1753027,1763618,4451.8,cutlass3x_sm100_simt_sgemm_f32_f32_f32_f32_f32_128x128x16_1x1x1_3_tnn_align1_bias_f32_relu
PyTorch:BasicsTransformerLM.layers.22.ffn,PushPop,343,343,12,12,21661289,1805107.4,1804995.5,1803043,1806658,1051.4,cutlass3x_sm100_simt_sgemm_f32_f32_f32_f32_f32_128x64x16_1x1x1_3_tnn_align1_bias_f32_relu
PyTorch:BasicsTransformerLM.layers.22.ffn,PushPop,343,343,12,24,1767780,73657.5,73648.0,72032,75040,1033.3,"void at::native::vectorized_elementwise_kernel<(int)4, at::native::BinaryFunctor<float, float, float, at::native::binary_internal::MulFunctor<float>>, std::array<char *, (unsigned long)3>>(int, T2, T3)"
PyTorch:BasicsTransformerLM.layers.22.ffn,PushPop,343,343,12,12,587168,48930.7,48896.0,48416,49440,319.0,"void at::native::vectorized_elementwise_kernel<(int)4, at::native::sigmoid_kernel_cuda(at::TensorIteratorBase &)::[lambda() (instance 2)]::operator ()() const::[lambda() (instance 2)]::operator ()() const::[lambda(float) (instance 1)], std::array<char *, (unsigned long)2>>(int, T2, T3)"
PyTorch:BasicsTransformerLM.layers.22.ffn.w1,PushPop,343,343,12,12,21146153,1762179.4,1762372.5,1760003,1763618,973.4,cutlass3x_sm100_simt_sgemm_f32_f32_f32_f32_f32_128x128x16_1x1x1_3_tnn_align1_bias_f32_relu
PyTorch:BasicsTransformerLM.layers.22.ffn.w2,PushPop,343,343,12,12,21661289,1805107.4,1804995.5,1803043,1806658,1051.4,cutlass3x_sm100_simt_sgemm_f32_f32_f32_f32_f32_128x64x16_1x1x1_3_tnn_align1_bias_f32_relu
PyTorch:BasicsTransformerLM.layers.22.ffn.w3,PushPop,343,343,12,12,21043113,1753592.8,1753476.5,1753027,1754626,524.4,cutlass3x_sm100_simt_sgemm_f32_f32_f32_f32_f32_128x128x16_1x1x1_3_tnn_align1_bias_f32_relu
PyTorch:BasicsTransformerLM.layers.22.ln1,PushPop,343,343,12,24,573121,23880.0,23808.0,23552,24704,276.2,"void at::native::elementwise_kernel<(int)128, (int)2, void at::native::gpu_kernel_impl_nocast<at::native::BinaryFunctor<float, float, float, at::native::binary_internal::MulFunctor<float>>>(at::TensorIteratorBase &, const T1 &)::[lambda(int) (instance 1)]>(int, T3)"
PyTorch:BasicsTransformerLM.layers.22.ln1,PushPop,343,343,12,12,112769,9397.4,9408.0,9184,9696,178.0,"void at::native::vectorized_elementwise_kernel<(int)4, void at::native::<unnamed>::pow_tensor_scalar_kernel_impl<float, float>(at::TensorIteratorBase &, T2)::[lambda(float) (instance 1)], std::array<char *, (unsigned long)2>>(int, T2, T3)"
PyTorch:BasicsTransformerLM.layers.22.ln1,PushPop,343,343,12,12,92000,7666.7,7696.0,7136,8320,393.4,"void at::native::reduce_kernel<(int)512, (int)1, at::native::ReduceOp<float, at::native::MeanOps<float, float, float, float>, unsigned int, float, (int)4, (int)4>>(T3)"
PyTorch:BasicsTransformerLM.layers.22.ln1,PushPop,343,343,12,12,19072,1589.3,1568.0,1536,1696,55.1,"void at::native::vectorized_elementwise_kernel<(int)4, at::native::CUDAFunctorOnSelf_add<float>, std::array<char *, (unsigned long)2>>(int, T2, T3)"
PyTorch:BasicsTransformerLM.layers.22.ln1,PushPop,343,343,12,12,18208,1517.3,1472.0,1440,1696,93.0,"void at::native::vectorized_elementwise_kernel<(int)4, at::native::rsqrt_kernel_cuda(at::TensorIteratorBase &)::[lambda() (instance 2)]::operator ()() const::[lambda() (instance 2)]::operator ()() const::[lambda(float) (instance 1)], std::array<char *, (unsigned long)2>>(int, T2, T3)"
PyTorch:BasicsTransformerLM.layers.22.ln2,PushPop,343,343,12,24,571745,23822.7,23808.0,23264,24480,342.2,"void at::native::elementwise_kernel<(int)128, (int)2, void at::native::gpu_kernel_impl_nocast<at::native::BinaryFunctor<float, float, float, at::native::binary_internal::MulFunctor<float>>>(at::TensorIteratorBase &, const T1 &)::[lambda(int) (instance 1)]>(int, T3)"
PyTorch:BasicsTransformerLM.layers.22.ln2,PushPop,343,343,12,12,115265,9605.4,9616.0,9280,9952,178.4,"void at::native::vectorized_elementwise_kernel<(int)4, void at::native::<unnamed>::pow_tensor_scalar_kernel_impl<float, float>(at::TensorIteratorBase &, T2)::[lambda(float) (instance 1)], std::array<char *, (unsigned long)2>>(int, T2, T3)"
PyTorch:BasicsTransformerLM.layers.22.ln2,PushPop,343,343,12,12,92513,7709.4,7504.0,7200,8736,485.8,"void at::native::reduce_kernel<(int)512, (int)1, at::native::ReduceOp<float, at::native::MeanOps<float, float, float, float>, unsigned int, float, (int)4, (int)4>>(T3)"
PyTorch:BasicsTransformerLM.layers.22.ln2,PushPop,343,343,12,12,19072,1589.3,1568.0,1536,1760,63.0,"void at::native::vectorized_elementwise_kernel<(int)4, at::native::CUDAFunctorOnSelf_add<float>, std::array<char *, (unsigned long)2>>(int, T2, T3)"
PyTorch:BasicsTransformerLM.layers.22.ln2,PushPop,343,343,12,12,18176,1514.7,1472.0,1440,1696,73.9,"void at::native::vectorized_elementwise_kernel<(int)4, at::native::rsqrt_kernel_cuda(at::TensorIteratorBase &)::[lambda() (instance 2)]::operator ()() const::[lambda() (instance 2)]::operator ()() const::[lambda(float) (instance 1)], std::array<char *, (unsigned long)2>>(int, T2, T3)"
PyTorch:BasicsTransformerLM.layers.23,PushPop,343,343,12,36,56790762,1577521.2,1753283.0,1215203,1764962,259096.5,cutlass3x_sm100_simt_sgemm_f32_f32_f32_f32_f32_128x128x16_1x1x1_3_tnn_align1_bias_f32_relu
PyTorch:BasicsTransformerLM.layers.23,PushPop,343,343,12,48,24779439,516238.3,514801.0,513985,522305,2759.4,cutlass3x_sm100_simt_sgemm_f32_f32_f32_f32_f32_64x128x16_1x1x1_3_tnn_align1_bias_f32_relu
PyTorch:BasicsTransformerLM.layers.23,PushPop,343,343,12,12,21665897,1805491.4,1805235.5,1802629,1808419,1617.5,cutlass3x_sm100_simt_sgemm_f32_f32_f32_f32_f32_128x64x16_1x1x1_3_tnn_align1_bias_f32_relu
PyTorch:BasicsTransformerLM.layers.23,PushPop,343,343,12,12,12244697,1020391.4,1020194.5,1019457,1022402,815.7,"void at::native::elementwise_kernel<(int)128, (int)2, void at::native::gpu_kernel_impl_nocast<at::native::BinaryFunctor<float, float, float, at::native::binary_internal::DivFunctor<float>>>(at::TensorIteratorBase &, const T1 &)::[lambda(int) (instance 1)]>(int, T3)"
PyTorch:BasicsTransformerLM.layers.23,PushPop,343,343,12,12,10652659,887721.6,887698.0,887299,888193,242.6,"void at::native::elementwise_kernel<(int)128, (int)2, void at::native::gpu_kernel_impl_nocast<at::native::<unnamed>::where_kernel_impl(at::TensorIterator &)::[lambda() (instance 1)]::operator ()() const::[lambda() (instance 11)]::operator ()() const::[lambda(bool, float, float) (instance 1)]>(at::TensorIteratorBase &, const T1 &)::[lambda(int) (instance 1)]>(int, T3)"
PyTorch:BasicsTransformerLM.layers.23,PushPop,343,343,12,12,10578997,881583.1,881681.0,880129,882689,709.0,"void at::native::elementwise_kernel<(int)128, (int)2, void at::native::gpu_kernel_impl_nocast<at::native::CUDAFunctor_add<float>>(at::TensorIteratorBase &, const T1 &)::[lambda(int) (instance 1)]>(int, T3)"
PyTorch:BasicsTransformerLM.layers.23,PushPop,343,343,12,12,9779218,814934.8,814721.5,814049,816768,866.1,cutlass3x_sm100_simt_sgemm_f32_f32_f32_f32_f32_64x128x16_1x1x1_3_nnn_align1_bias_f32_relu
PyTorch:BasicsTransformerLM.layers.23,PushPop,343,343,12,12,4651050,387587.5,387329.0,386625,389345,832.7,"void at::native::vectorized_elementwise_kernel<(int)4, at::native::BUnaryFunctor<float, float, float, at::native::binary_internal::MulFunctor<float>>, std::array<char *, (unsigned long)2>>(int, T2, T3)"
PyTorch:BasicsTransformerLM.layers.23,PushPop,343,343,12,12,4618442,384870.2,384672.5,383681,385857,683.3,"void at::native::vectorized_elementwise_kernel<(int)4, at::native::exp_kernel_cuda(at::TensorIteratorBase &)::[lambda() (instance 2)]::operator ()() const::[lambda() (instance 2)]::operator ()() const::[lambda(float) (instance 1)], std::array<char *, (unsigned long)2>>(int, T2, T3)"
PyTorch:BasicsTransformerLM.layers.23,PushPop,343,343,12,12,3790791,315899.3,315841.0,315584,316193,247.3,"void at::native::reduce_kernel<(int)512, (int)1, at::native::ReduceOp<float, at::native::MaxOps<float>, unsigned int, float, (int)4, (int)4>>(T3)"
PyTorch:BasicsTransformerLM.layers.23,PushPop,343,343,12,144,2753412,19120.9,18192.0,14912,24736,3643.2,"void at::native::elementwise_kernel<(int)128, (int)2, void at::native::gpu_kernel_impl_nocast<at::native::BinaryFunctor<float, float, float, at::native::binary_internal::MulFunctor<float>>>(at::TensorIteratorBase &, const T1 &)::[lambda(int) (instance 1)]>(int, T3)"
PyTorch:BasicsTransformerLM.layers.23,PushPop,343,343,12,12,2737315,228109.6,227952.0,227585,228833,431.7,"void at::native::reduce_kernel<(int)512, (int)1, at::native::ReduceOp<float, at::native::func_wrapper_t<float, at::native::sum_functor<float, float, float>::operator ()(at::TensorIterator &)::[lambda(float, float) (instance 1)]>, unsigned int, float, (int)4, (int)4>>(T3)"
PyTorch:BasicsTransformerLM.layers.23,PushPop,343,343,12,24,1769575,73732.3,73696.0,71808,75360,1073.3,"void at::native::vectorized_elementwise_kernel<(int)4, at::native::BinaryFunctor<float, float, float, at::native::binary_internal::MulFunctor<float>>, std::array<char *, (unsigned long)3>>(int, T2, T3)"
PyTorch:BasicsTransformerLM.layers.23,PushPop,343,343,12,24,1302689,54278.7,54288.0,53600,54912,293.7,"void at::native::<unnamed>::CatArrayBatchedCopy<at::native::<unnamed>::OpaqueType<(unsigned int)4>, unsigned int, (int)4, (int)64, (int)64>(T1 *, at::native::<unnamed>::CatArrInputTensorMetadata<T1, T2, T4, T5>, at::native::<unnamed>::TensorSizeStride<T2, (unsigned int)4>, int, T2)"
PyTorch:BasicsTransformerLM.layers.23,PushPop,343,343,12,24,744513,31021.4,31008.5,29312,32800,1582.0,"void at::native::elementwise_kernel<(int)128, (int)2, void at::native::gpu_kernel_impl_nocast<at::native::direct_copy_kernel_cuda(at::TensorIteratorBase &)::[lambda() (instance 3)]::operator ()() const::[lambda() (instance 7)]::operator ()() const::[lambda(float) (instance 1)]>(at::TensorIteratorBase &, const T1 &)::[lambda(int) (instance 1)]>(int, T3)"
PyTorch:BasicsTransformerLM.layers.23,PushPop,343,343,12,72,714243,9920.0,6960.0,6720,16480,4325.5,"void at::native::vectorized_elementwise_kernel<(int)4, at::native::CUDAFunctor_add<float>, std::array<char *, (unsigned long)3>>(int, T2, T3)"
PyTorch:BasicsTransformerLM.layers.23,PushPop,343,343,12,12,589696,49141.3,49280.0,48576,49504,322.1,"void at::native::vectorized_elementwise_kernel<(int)4, at::native::sigmoid_kernel_cuda(at::TensorIteratorBase &)::[lambda() (instance 2)]::operator ()() const::[lambda() (instance 2)]::operator ()() const::[lambda(float) (instance 1)], std::array<char *, (unsigned long)2>>(int, T2, T3)"
PyTorch:BasicsTransformerLM.layers.23,PushPop,343,343,12,24,225952,9414.7,9408.0,9152,9664,155.3,"void at::native::vectorized_elementwise_kernel<(int)4, void at::native::<unnamed>::pow_tensor_scalar_kernel_impl<float, float>(at::TensorIteratorBase &, T2)::[lambda(float) (instance 1)], std::array<char *, (unsigned long)2>>(int, T2, T3)"
PyTorch:BasicsTransformerLM.layers.23,PushPop,343,343,12,24,186048,7752.0,7744.0,7232,8544,336.3,"void at::native::reduce_kernel<(int)512, (int)1, at::native::ReduceOp<float, at::native::MeanOps<float, float, float, float>, unsigned int, float, (int)4, (int)4>>(T3)"
PyTorch:BasicsTransformerLM.layers.23,PushPop,343,343,12,12,103968,8664.0,8624.0,8608,8928,93.7,"void at::native::elementwise_kernel<(int)128, (int)4, void at::native::gpu_kernel_impl_nocast<at::native::<unnamed>::CompareFunctor<long>>(at::TensorIteratorBase &, const T1 &)::[lambda(int) (instance 1)]>(int, T3)"
PyTorch:BasicsTransformerLM.layers.23,PushPop,343,343,12,24,38624,1609.3,1568.0,1536,1824,79.8,"void at::native::vectorized_elementwise_kernel<(int)4, at::native::CUDAFunctorOnSelf_add<float>, std::array<char *, (unsigned long)2>>(int, T2, T3)"
PyTorch:BasicsTransformerLM.layers.23,PushPop,343,343,12,24,36768,1532.0,1520.0,1440,1696,76.3,"void at::native::vectorized_elementwise_kernel<(int)4, at::native::rsqrt_kernel_cuda(at::TensorIteratorBase &)::[lambda() (instance 2)]::operator ()() const::[lambda() (instance 2)]::operator ()() const::[lambda(float) (instance 1)], std::array<char *, (unsigned long)2>>(int, T2, T3)"
PyTorch:BasicsTransformerLM.layers.23,PushPop,343,343,12,12,15072,1256.0,1232.0,1120,1440,124.4,"void <unnamed>::elementwise_kernel_with_index<int, at::native::arange_cuda_out(const c10::Scalar &, const c10::Scalar &, const c10::Scalar &, at::Tensor &)::[lambda() (instance 1)]::operator ()() const::[lambda() (instance 4)]::operator ()() const::[lambda(long) (instance 1)]>(T1, T2, function_traits<T2>::result_type *)"
PyTorch:BasicsTransformerLM.layers.23,PushPop,343,343,12,12,12480,1040.0,1008.0,928,1152,91.0,"void at::native::vectorized_elementwise_kernel<(int)4, at::native::FillFunctor<float>, std::array<char *, (unsigned long)1>>(int, T2, T3)"
PyTorch:BasicsTransformerLM.layers.23.attn,PushPop,343,343,12,48,24779439,516238.3,514801.0,513985,522305,2759.4,cutlass3x_sm100_simt_sgemm_f32_f32_f32_f32_f32_64x128x16_1x1x1_3_tnn_align1_bias_f32_relu
PyTorch:BasicsTransformerLM.layers.23.attn,PushPop,343,343,12,12,14595228,1216269.0,1216306.0,1215203,1217347,821.0,cutlass3x_sm100_simt_sgemm_f32_f32_f32_f32_f32_128x128x16_1x1x1_3_tnn_align1_bias_f32_relu
PyTorch:BasicsTransformerLM.layers.23.attn,PushPop,343,343,12,12,12244697,1020391.4,1020194.5,1019457,1022402,815.7,"void at::native::elementwise_kernel<(int)128, (int)2, void at::native::gpu_kernel_impl_nocast<at::native::BinaryFunctor<float, float, float, at::native::binary_internal::DivFunctor<float>>>(at::TensorIteratorBase &, const T1 &)::[lambda(int) (instance 1)]>(int, T3)"
PyTorch:BasicsTransformerLM.layers.23.attn,PushPop,343,343,12,12,10652659,887721.6,887698.0,887299,888193,242.6,"void at::native::elementwise_kernel<(int)128, (int)2, void at::native::gpu_kernel_impl_nocast<at::native::<unnamed>::where_kernel_impl(at::TensorIterator &)::[lambda() (instance 1)]::operator ()() const::[lambda() (instance 11)]::operator ()() const::[lambda(bool, float, float) (instance 1)]>(at::TensorIteratorBase &, const T1 &)::[lambda(int) (instance 1)]>(int, T3)"
PyTorch:BasicsTransformerLM.layers.23.attn,PushPop,343,343,12,12,10578997,881583.1,881681.0,880129,882689,709.0,"void at::native::elementwise_kernel<(int)128, (int)2, void at::native::gpu_kernel_impl_nocast<at::native::CUDAFunctor_add<float>>(at::TensorIteratorBase &, const T1 &)::[lambda(int) (instance 1)]>(int, T3)"
PyTorch:BasicsTransformerLM.layers.23.attn,PushPop,343,343,12,12,9779218,814934.8,814721.5,814049,816768,866.1,cutlass3x_sm100_simt_sgemm_f32_f32_f32_f32_f32_64x128x16_1x1x1_3_nnn_align1_bias_f32_relu
PyTorch:BasicsTransformerLM.layers.23.attn,PushPop,343,343,12,12,4651050,387587.5,387329.0,386625,389345,832.7,"void at::native::vectorized_elementwise_kernel<(int)4, at::native::BUnaryFunctor<float, float, float, at::native::binary_internal::MulFunctor<float>>, std::array<char *, (unsigned long)2>>(int, T2, T3)"
PyTorch:BasicsTransformerLM.layers.23.attn,PushPop,343,343,12,12,4618442,384870.2,384672.5,383681,385857,683.3,"void at::native::vectorized_elementwise_kernel<(int)4, at::native::exp_kernel_cuda(at::TensorIteratorBase &)::[lambda() (instance 2)]::operator ()() const::[lambda() (instance 2)]::operator ()() const::[lambda(float) (instance 1)], std::array<char *, (unsigned long)2>>(int, T2, T3)"
PyTorch:BasicsTransformerLM.layers.23.attn,PushPop,343,343,12,12,3790791,315899.3,315841.0,315584,316193,247.3,"void at::native::reduce_kernel<(int)512, (int)1, at::native::ReduceOp<float, at::native::MaxOps<float>, unsigned int, float, (int)4, (int)4>>(T3)"
PyTorch:BasicsTransformerLM.layers.23.attn,PushPop,343,343,12,12,2737315,228109.6,227952.0,227585,228833,431.7,"void at::native::reduce_kernel<(int)512, (int)1, at::native::ReduceOp<float, at::native::func_wrapper_t<float, at::native::sum_functor<float, float, float>::operator ()(at::TensorIterator &)::[lambda(float, float) (instance 1)]>, unsigned int, float, (int)4, (int)4>>(T3)"
PyTorch:BasicsTransformerLM.layers.23.attn,PushPop,343,343,12,96,1608098,16751.0,16480.0,14912,19712,1708.9,"void at::native::elementwise_kernel<(int)128, (int)2, void at::native::gpu_kernel_impl_nocast<at::native::BinaryFunctor<float, float, float, at::native::binary_internal::MulFunctor<float>>>(at::TensorIteratorBase &, const T1 &)::[lambda(int) (instance 1)]>(int, T3)"
PyTorch:BasicsTransformerLM.layers.23.attn,PushPop,343,343,12,24,1302689,54278.7,54288.0,53600,54912,293.7,"void at::native::<unnamed>::CatArrayBatchedCopy<at::native::<unnamed>::OpaqueType<(unsigned int)4>, unsigned int, (int)4, (int)64, (int)64>(T1 *, at::native::<unnamed>::CatArrInputTensorMetadata<T1, T2, T4, T5>, at::native::<unnamed>::TensorSizeStride<T2, (unsigned int)4>, int, T2)"
PyTorch:BasicsTransformerLM.layers.23.attn,PushPop,343,343,12,24,744513,31021.4,31008.5,29312,32800,1582.0,"void at::native::elementwise_kernel<(int)128, (int)2, void at::native::gpu_kernel_impl_nocast<at::native::direct_copy_kernel_cuda(at::TensorIteratorBase &)::[lambda() (instance 3)]::operator ()() const::[lambda() (instance 7)]::operator ()() const::[lambda(float) (instance 1)]>(at::TensorIteratorBase &, const T1 &)::[lambda(int) (instance 1)]>(int, T3)"
PyTorch:BasicsTransformerLM.layers.23.attn,PushPop,343,343,12,48,330465,6884.7,6880.0,6720,7168,110.9,"void at::native::vectorized_elementwise_kernel<(int)4, at::native::CUDAFunctor_add<float>, std::array<char *, (unsigned long)3>>(int, T2, T3)"
PyTorch:BasicsTransformerLM.layers.23.attn,PushPop,343,343,12,12,103968,8664.0,8624.0,8608,8928,93.7,"void at::native::elementwise_kernel<(int)128, (int)4, void at::native::gpu_kernel_impl_nocast<at::native::<unnamed>::CompareFunctor<long>>(at::TensorIteratorBase &, const T1 &)::[lambda(int) (instance 1)]>(int, T3)"
PyTorch:BasicsTransformerLM.layers.23.attn,PushPop,343,343,12,12,15072,1256.0,1232.0,1120,1440,124.4,"void <unnamed>::elementwise_kernel_with_index<int, at::native::arange_cuda_out(const c10::Scalar &, const c10::Scalar &, const c10::Scalar &, at::Tensor &)::[lambda() (instance 1)]::operator ()() const::[lambda() (instance 4)]::operator ()() const::[lambda(long) (instance 1)]>(T1, T2, function_traits<T2>::result_type *)"
PyTorch:BasicsTransformerLM.layers.23.attn,PushPop,343,343,12,12,12480,1040.0,1008.0,928,1152,91.0,"void at::native::vectorized_elementwise_kernel<(int)4, at::native::FillFunctor<float>, std::array<char *, (unsigned long)1>>(int, T2, T3)"
PyTorch:BasicsTransformerLM.layers.23.attn.k_proj,PushPop,343,343,12,12,6177865,514822.1,514801.0,514465,515681,319.5,cutlass3x_sm100_simt_sgemm_f32_f32_f32_f32_f32_64x128x16_1x1x1_3_tnn_align1_bias_f32_relu
PyTorch:BasicsTransformerLM.layers.23.attn.output_proj,PushPop,343,343,12,12,6250860,520905.0,520624.5,520161,522305,679.6,cutlass3x_sm100_simt_sgemm_f32_f32_f32_f32_f32_64x128x16_1x1x1_3_tnn_align1_bias_f32_relu
PyTorch:BasicsTransformerLM.layers.23.attn.q_proj,PushPop,343,343,12,12,6172333,514361.1,514369.0,513985,514753,242.9,cutlass3x_sm100_simt_sgemm_f32_f32_f32_f32_f32_64x128x16_1x1x1_3_tnn_align1_bias_f32_relu
PyTorch:BasicsTransformerLM.layers.23.attn.v_proj,PushPop,343,343,12,12,6178381,514865.1,514817.0,514464,515297,253.2,cutlass3x_sm100_simt_sgemm_f32_f32_f32_f32_f32_64x128x16_1x1x1_3_tnn_align1_bias_f32_relu
PyTorch:BasicsTransformerLM.layers.23.ffn,PushPop,343,343,12,24,42195534,1758147.3,1757490.0,1752997,1764962,4760.6,cutlass3x_sm100_simt_sgemm_f32_f32_f32_f32_f32_128x128x16_1x1x1_3_tnn_align1_bias_f32_relu
PyTorch:BasicsTransformerLM.layers.23.ffn,PushPop,343,343,12,12,21665897,1805491.4,1805235.5,1802629,1808419,1617.5,cutlass3x_sm100_simt_sgemm_f32_f32_f32_f32_f32_128x64x16_1x1x1_3_tnn_align1_bias_f32_relu
PyTorch:BasicsTransformerLM.layers.23.ffn,PushPop,343,343,12,24,1769575,73732.3,73696.0,71808,75360,1073.3,"void at::native::vectorized_elementwise_kernel<(int)4, at::native::BinaryFunctor<float, float, float, at::native::binary_internal::MulFunctor<float>>, std::array<char *, (unsigned long)3>>(int, T2, T3)"
PyTorch:BasicsTransformerLM.layers.23.ffn,PushPop,343,343,12,12,589696,49141.3,49280.0,48576,49504,322.1,"void at::native::vectorized_elementwise_kernel<(int)4, at::native::sigmoid_kernel_cuda(at::TensorIteratorBase &)::[lambda() (instance 2)]::operator ()() const::[lambda() (instance 2)]::operator ()() const::[lambda(float) (instance 1)], std::array<char *, (unsigned long)2>>(int, T2, T3)"
PyTorch:BasicsTransformerLM.layers.23.ffn.w1,PushPop,343,343,12,12,21152583,1762715.3,1762627.5,1759907,1764962,1185.5,cutlass3x_sm100_simt_sgemm_f32_f32_f32_f32_f32_128x128x16_1x1x1_3_tnn_align1_bias_f32_relu
PyTorch:BasicsTransformerLM.layers.23.ffn.w2,PushPop,343,343,12,12,21665897,1805491.4,1805235.5,1802629,1808419,1617.5,cutlass3x_sm100_simt_sgemm_f32_f32_f32_f32_f32_128x64x16_1x1x1_3_tnn_align1_bias_f32_relu
PyTorch:BasicsTransformerLM.layers.23.ffn.w3,PushPop,343,343,12,12,21042951,1753579.3,1753283.0,1752997,1755073,674.7,cutlass3x_sm100_simt_sgemm_f32_f32_f32_f32_f32_128x128x16_1x1x1_3_tnn_align1_bias_f32_relu
PyTorch:BasicsTransformerLM.layers.23.ln1,PushPop,343,343,12,24,572001,23833.4,23840.0,23520,24160,175.5,"void at::native::elementwise_kernel<(int)128, (int)2, void at::native::gpu_kernel_impl_nocast<at::native::BinaryFunctor<float, float, float, at::native::binary_internal::MulFunctor<float>>>(at::TensorIteratorBase &, const T1 &)::[lambda(int) (instance 1)]>(int, T3)"
PyTorch:BasicsTransformerLM.layers.23.ln1,PushPop,343,343,12,12,112704,9392.0,9392.0,9248,9568,105.3,"void at::native::vectorized_elementwise_kernel<(int)4, void at::native::<unnamed>::pow_tensor_scalar_kernel_impl<float, float>(at::TensorIteratorBase &, T2)::[lambda(float) (instance 1)], std::array<char *, (unsigned long)2>>(int, T2, T3)"
PyTorch:BasicsTransformerLM.layers.23.ln1,PushPop,343,343,12,12,92640,7720.0,7632.0,7232,8352,368.4,"void at::native::reduce_kernel<(int)512, (int)1, at::native::ReduceOp<float, at::native::MeanOps<float, float, float, float>, unsigned int, float, (int)4, (int)4>>(T3)"
PyTorch:BasicsTransformerLM.layers.23.ln1,PushPop,343,343,12,12,19264,1605.3,1568.0,1536,1824,77.0,"void at::native::vectorized_elementwise_kernel<(int)4, at::native::CUDAFunctorOnSelf_add<float>, std::array<char *, (unsigned long)2>>(int, T2, T3)"
PyTorch:BasicsTransformerLM.layers.23.ln1,PushPop,343,343,12,12,18176,1514.7,1488.0,1440,1632,65.9,"void at::native::vectorized_elementwise_kernel<(int)4, at::native::rsqrt_kernel_cuda(at::TensorIteratorBase &)::[lambda() (instance 2)]::operator ()() const::[lambda() (instance 2)]::operator ()() const::[lambda(float) (instance 1)], std::array<char *, (unsigned long)2>>(int, T2, T3)"
PyTorch:BasicsTransformerLM.layers.23.ln2,PushPop,343,343,12,24,573313,23888.0,23776.0,23552,24736,316.9,"void at::native::elementwise_kernel<(int)128, (int)2, void at::native::gpu_kernel_impl_nocast<at::native::BinaryFunctor<float, float, float, at::native::binary_internal::MulFunctor<float>>>(at::TensorIteratorBase &, const T1 &)::[lambda(int) (instance 1)]>(int, T3)"
PyTorch:BasicsTransformerLM.layers.23.ln2,PushPop,343,343,12,12,113248,9437.3,9536.0,9152,9664,195.6,"void at::native::vectorized_elementwise_kernel<(int)4, void at::native::<unnamed>::pow_tensor_scalar_kernel_impl<float, float>(at::TensorIteratorBase &, T2)::[lambda(float) (instance 1)], std::array<char *, (unsigned long)2>>(int, T2, T3)"
PyTorch:BasicsTransformerLM.layers.23.ln2,PushPop,343,343,12,12,93408,7784.0,7776.0,7360,8544,313.9,"void at::native::reduce_kernel<(int)512, (int)1, at::native::ReduceOp<float, at::native::MeanOps<float, float, float, float>, unsigned int, float, (int)4, (int)4>>(T3)"
PyTorch:BasicsTransformerLM.layers.23.ln2,PushPop,343,343,12,12,19360,1613.3,1568.0,1536,1792,85.7,"void at::native::vectorized_elementwise_kernel<(int)4, at::native::CUDAFunctorOnSelf_add<float>, std::array<char *, (unsigned long)2>>(int, T2, T3)"
PyTorch:BasicsTransformerLM.layers.23.ln2,PushPop,343,343,12,12,18592,1549.3,1552.0,1440,1696,84.6,"void at::native::vectorized_elementwise_kernel<(int)4, at::native::rsqrt_kernel_cuda(at::TensorIteratorBase &)::[lambda() (instance 2)]::operator ()() const::[lambda() (instance 2)]::operator ()() const::[lambda(float) (instance 1)], std::array<char *, (unsigned long)2>>(int, T2, T3)"
PyTorch:BasicsTransformerLM.layers.24,PushPop,343,343,12,36,56788617,1577461.6,1753188.5,1215715,1763905,258759.8,cutlass3x_sm100_simt_sgemm_f32_f32_f32_f32_f32_128x128x16_1x1x1_3_tnn_align1_bias_f32_relu
PyTorch:BasicsTransformerLM.layers.24,PushPop,343,343,12,48,24777712,516202.3,514785.0,513889,522528,2785.2,cutlass3x_sm100_simt_sgemm_f32_f32_f32_f32_f32_64x128x16_1x1x1_3_tnn_align1_bias_f32_relu
PyTorch:BasicsTransformerLM.layers.24,PushPop,343,343,12,12,21669002,1805750.2,1805459.0,1803909,1808293,1208.7,cutlass3x_sm100_simt_sgemm_f32_f32_f32_f32_f32_128x64x16_1x1x1_3_tnn_align1_bias_f32_relu
PyTorch:BasicsTransformerLM.layers.24,PushPop,343,343,12,12,12246998,1020583.2,1020401.5,1019747,1022177,719.3,"void at::native::elementwise_kernel<(int)128, (int)2, void at::native::gpu_kernel_impl_nocast<at::native::BinaryFunctor<float, float, float, at::native::binary_internal::DivFunctor<float>>>(at::TensorIteratorBase &, const T1 &)::[lambda(int) (instance 1)]>(int, T3)"
PyTorch:BasicsTransformerLM.layers.24,PushPop,343,343,12,12,10653781,887815.1,887746.0,887395,888417,339.8,"void at::native::elementwise_kernel<(int)128, (int)2, void at::native::gpu_kernel_impl_nocast<at::native::<unnamed>::where_kernel_impl(at::TensorIterator &)::[lambda() (instance 1)]::operator ()() const::[lambda() (instance 11)]::operator ()() const::[lambda(bool, float, float) (instance 1)]>(at::TensorIteratorBase &, const T1 &)::[lambda(int) (instance 1)]>(int, T3)"
PyTorch:BasicsTransformerLM.layers.24,PushPop,343,343,12,12,10580053,881671.1,881681.5,880801,882723,558.6,"void at::native::elementwise_kernel<(int)128, (int)2, void at::native::gpu_kernel_impl_nocast<at::native::CUDAFunctor_add<float>>(at::TensorIteratorBase &, const T1 &)::[lambda(int) (instance 1)]>(int, T3)"
PyTorch:BasicsTransformerLM.layers.24,PushPop,343,343,12,12,9776917,814743.1,814657.5,813954,816289,653.1,cutlass3x_sm100_simt_sgemm_f32_f32_f32_f32_f32_64x128x16_1x1x1_3_nnn_align1_bias_f32_relu
PyTorch:BasicsTransformerLM.layers.24,PushPop,343,343,12,12,4655082,387923.5,387857.5,386177,389792,967.7,"void at::native::vectorized_elementwise_kernel<(int)4, at::native::BUnaryFunctor<float, float, float, at::native::binary_internal::MulFunctor<float>>, std::array<char *, (unsigned long)2>>(int, T2, T3)"
PyTorch:BasicsTransformerLM.layers.24,PushPop,343,343,12,12,4621096,385091.3,385057.0,383328,386976,1075.8,"void at::native::vectorized_elementwise_kernel<(int)4, at::native::exp_kernel_cuda(at::TensorIteratorBase &)::[lambda() (instance 2)]::operator ()() const::[lambda() (instance 2)]::operator ()() const::[lambda(float) (instance 1)], std::array<char *, (unsigned long)2>>(int, T2, T3)"
PyTorch:BasicsTransformerLM.layers.24,PushPop,343,343,12,12,3789125,315760.4,315856.0,315201,316225,338.2,"void at::native::reduce_kernel<(int)512, (int)1, at::native::ReduceOp<float, at::native::MaxOps<float>, unsigned int, float, (int)4, (int)4>>(T3)"
PyTorch:BasicsTransformerLM.layers.24,PushPop,343,343,12,144,2753476,19121.4,18304.0,14880,24384,3641.4,"void at::native::elementwise_kernel<(int)128, (int)2, void at::native::gpu_kernel_impl_nocast<at::native::BinaryFunctor<float, float, float, at::native::binary_internal::MulFunctor<float>>>(at::TensorIteratorBase &, const T1 &)::[lambda(int) (instance 1)]>(int, T3)"
PyTorch:BasicsTransformerLM.layers.24,PushPop,343,343,12,12,2740807,228400.6,228320.0,227841,229185,477.4,"void at::native::reduce_kernel<(int)512, (int)1, at::native::ReduceOp<float, at::native::func_wrapper_t<float, at::native::sum_functor<float, float, float>::operator ()(at::TensorIterator &)::[lambda(float, float) (instance 1)]>, unsigned int, float, (int)4, (int)4>>(T3)"
PyTorch:BasicsTransformerLM.layers.24,PushPop,343,343,12,24,1766082,73586.8,73392.0,71936,74912,980.5,"void at::native::vectorized_elementwise_kernel<(int)4, at::native::BinaryFunctor<float, float, float, at::native::binary_internal::MulFunctor<float>>, std::array<char *, (unsigned long)3>>(int, T2, T3)"
PyTorch:BasicsTransformerLM.layers.24,PushPop,343,343,12,24,1305091,54378.8,54272.0,53952,55136,301.5,"void at::native::<unnamed>::CatArrayBatchedCopy<at::native::<unnamed>::OpaqueType<(unsigned int)4>, unsigned int, (int)4, (int)64, (int)64>(T1 *, at::native::<unnamed>::CatArrInputTensorMetadata<T1, T2, T4, T5>, at::native::<unnamed>::TensorSizeStride<T2, (unsigned int)4>, int, T2)"
PyTorch:BasicsTransformerLM.layers.24,PushPop,343,343,12,24,743808,30992.0,31056.0,29248,32800,1545.1,"void at::native::elementwise_kernel<(int)128, (int)2, void at::native::gpu_kernel_impl_nocast<at::native::direct_copy_kernel_cuda(at::TensorIteratorBase &)::[lambda() (instance 3)]::operator ()() const::[lambda() (instance 7)]::operator ()() const::[lambda(float) (instance 1)]>(at::TensorIteratorBase &, const T1 &)::[lambda(int) (instance 1)]>(int, T3)"
PyTorch:BasicsTransformerLM.layers.24,PushPop,343,343,12,72,710913,9873.8,6880.0,6624,16576,4340.9,"void at::native::vectorized_elementwise_kernel<(int)4, at::native::CUDAFunctor_add<float>, std::array<char *, (unsigned long)3>>(int, T2, T3)"
PyTorch:BasicsTransformerLM.layers.24,PushPop,343,343,12,12,587202,48933.5,48816.5,48288,49568,427.9,"void at::native::vectorized_elementwise_kernel<(int)4, at::native::sigmoid_kernel_cuda(at::TensorIteratorBase &)::[lambda() (instance 2)]::operator ()() const::[lambda() (instance 2)]::operator ()() const::[lambda(float) (instance 1)], std::array<char *, (unsigned long)2>>(int, T2, T3)"
PyTorch:BasicsTransformerLM.layers.24,PushPop,343,343,12,24,227360,9473.3,9472.0,9056,9920,192.1,"void at::native::vectorized_elementwise_kernel<(int)4, void at::native::<unnamed>::pow_tensor_scalar_kernel_impl<float, float>(at::TensorIteratorBase &, T2)::[lambda(float) (instance 1)], std::array<char *, (unsigned long)2>>(int, T2, T3)"
PyTorch:BasicsTransformerLM.layers.24,PushPop,343,343,12,24,183360,7640.0,7680.0,7104,8256,346.5,"void at::native::reduce_kernel<(int)512, (int)1, at::native::ReduceOp<float, at::native::MeanOps<float, float, float, float>, unsigned int, float, (int)4, (int)4>>(T3)"
PyTorch:BasicsTransformerLM.layers.24,PushPop,343,343,12,12,104032,8669.3,8656.0,8576,8928,90.0,"void at::native::elementwise_kernel<(int)128, (int)4, void at::native::gpu_kernel_impl_nocast<at::native::<unnamed>::CompareFunctor<long>>(at::TensorIteratorBase &, const T1 &)::[lambda(int) (instance 1)]>(int, T3)"
PyTorch:BasicsTransformerLM.layers.24,PushPop,343,343,12,24,38336,1597.3,1568.0,1536,1760,68.0,"void at::native::vectorized_elementwise_kernel<(int)4, at::native::CUDAFunctorOnSelf_add<float>, std::array<char *, (unsigned long)2>>(int, T2, T3)"
PyTorch:BasicsTransformerLM.layers.24,PushPop,343,343,12,24,36384,1516.0,1472.0,1440,1728,77.7,"void at::native::vectorized_elementwise_kernel<(int)4, at::native::rsqrt_kernel_cuda(at::TensorIteratorBase &)::[lambda() (instance 2)]::operator ()() const::[lambda() (instance 2)]::operator ()() const::[lambda(float) (instance 1)], std::array<char *, (unsigned long)2>>(int, T2, T3)"
PyTorch:BasicsTransformerLM.layers.24,PushPop,343,343,12,12,14528,1210.7,1168.0,1120,1440,108.2,"void <unnamed>::elementwise_kernel_with_index<int, at::native::arange_cuda_out(const c10::Scalar &, const c10::Scalar &, const c10::Scalar &, at::Tensor &)::[lambda() (instance 1)]::operator ()() const::[lambda() (instance 4)]::operator ()() const::[lambda(long) (instance 1)]>(T1, T2, function_traits<T2>::result_type *)"
PyTorch:BasicsTransformerLM.layers.24,PushPop,343,343,12,12,13505,1125.4,1120.0,960,1408,144.2,"void at::native::vectorized_elementwise_kernel<(int)4, at::native::FillFunctor<float>, std::array<char *, (unsigned long)1>>(int, T2, T3)"
PyTorch:BasicsTransformerLM.layers.24.attn,PushPop,343,343,12,48,24777712,516202.3,514785.0,513889,522528,2785.2,cutlass3x_sm100_simt_sgemm_f32_f32_f32_f32_f32_64x128x16_1x1x1_3_tnn_align1_bias_f32_relu
PyTorch:BasicsTransformerLM.layers.24.attn,PushPop,343,343,12,12,14600121,1216676.8,1216657.5,1215715,1218338,766.4,cutlass3x_sm100_simt_sgemm_f32_f32_f32_f32_f32_128x128x16_1x1x1_3_tnn_align1_bias_f32_relu
PyTorch:BasicsTransformerLM.layers.24.attn,PushPop,343,343,12,12,12246998,1020583.2,1020401.5,1019747,1022177,719.3,"void at::native::elementwise_kernel<(int)128, (int)2, void at::native::gpu_kernel_impl_nocast<at::native::BinaryFunctor<float, float, float, at::native::binary_internal::DivFunctor<float>>>(at::TensorIteratorBase &, const T1 &)::[lambda(int) (instance 1)]>(int, T3)"
PyTorch:BasicsTransformerLM.layers.24.attn,PushPop,343,343,12,12,10653781,887815.1,887746.0,887395,888417,339.8,"void at::native::elementwise_kernel<(int)128, (int)2, void at::native::gpu_kernel_impl_nocast<at::native::<unnamed>::where_kernel_impl(at::TensorIterator &)::[lambda() (instance 1)]::operator ()() const::[lambda() (instance 11)]::operator ()() const::[lambda(bool, float, float) (instance 1)]>(at::TensorIteratorBase &, const T1 &)::[lambda(int) (instance 1)]>(int, T3)"
PyTorch:BasicsTransformerLM.layers.24.attn,PushPop,343,343,12,12,10580053,881671.1,881681.5,880801,882723,558.6,"void at::native::elementwise_kernel<(int)128, (int)2, void at::native::gpu_kernel_impl_nocast<at::native::CUDAFunctor_add<float>>(at::TensorIteratorBase &, const T1 &)::[lambda(int) (instance 1)]>(int, T3)"
PyTorch:BasicsTransformerLM.layers.24.attn,PushPop,343,343,12,12,9776917,814743.1,814657.5,813954,816289,653.1,cutlass3x_sm100_simt_sgemm_f32_f32_f32_f32_f32_64x128x16_1x1x1_3_nnn_align1_bias_f32_relu
PyTorch:BasicsTransformerLM.layers.24.attn,PushPop,343,343,12,12,4655082,387923.5,387857.5,386177,389792,967.7,"void at::native::vectorized_elementwise_kernel<(int)4, at::native::BUnaryFunctor<float, float, float, at::native::binary_internal::MulFunctor<float>>, std::array<char *, (unsigned long)2>>(int, T2, T3)"
PyTorch:BasicsTransformerLM.layers.24.attn,PushPop,343,343,12,12,4621096,385091.3,385057.0,383328,386976,1075.8,"void at::native::vectorized_elementwise_kernel<(int)4, at::native::exp_kernel_cuda(at::TensorIteratorBase &)::[lambda() (instance 2)]::operator ()() const::[lambda() (instance 2)]::operator ()() const::[lambda(float) (instance 1)], std::array<char *, (unsigned long)2>>(int, T2, T3)"
PyTorch:BasicsTransformerLM.layers.24.attn,PushPop,343,343,12,12,3789125,315760.4,315856.0,315201,316225,338.2,"void at::native::reduce_kernel<(int)512, (int)1, at::native::ReduceOp<float, at::native::MaxOps<float>, unsigned int, float, (int)4, (int)4>>(T3)"
PyTorch:BasicsTransformerLM.layers.24.attn,PushPop,343,343,12,12,2740807,228400.6,228320.0,227841,229185,477.4,"void at::native::reduce_kernel<(int)512, (int)1, at::native::ReduceOp<float, at::native::func_wrapper_t<float, at::native::sum_functor<float, float, float>::operator ()(at::TensorIterator &)::[lambda(float, float) (instance 1)]>, unsigned int, float, (int)4, (int)4>>(T3)"
PyTorch:BasicsTransformerLM.layers.24.attn,PushPop,343,343,12,96,1608995,16760.4,16432.0,14880,19872,1740.5,"void at::native::elementwise_kernel<(int)128, (int)2, void at::native::gpu_kernel_impl_nocast<at::native::BinaryFunctor<float, float, float, at::native::binary_internal::MulFunctor<float>>>(at::TensorIteratorBase &, const T1 &)::[lambda(int) (instance 1)]>(int, T3)"
PyTorch:BasicsTransformerLM.layers.24.attn,PushPop,343,343,12,24,1305091,54378.8,54272.0,53952,55136,301.5,"void at::native::<unnamed>::CatArrayBatchedCopy<at::native::<unnamed>::OpaqueType<(unsigned int)4>, unsigned int, (int)4, (int)64, (int)64>(T1 *, at::native::<unnamed>::CatArrInputTensorMetadata<T1, T2, T4, T5>, at::native::<unnamed>::TensorSizeStride<T2, (unsigned int)4>, int, T2)"
PyTorch:BasicsTransformerLM.layers.24.attn,PushPop,343,343,12,24,743808,30992.0,31056.0,29248,32800,1545.1,"void at::native::elementwise_kernel<(int)128, (int)2, void at::native::gpu_kernel_impl_nocast<at::native::direct_copy_kernel_cuda(at::TensorIteratorBase &)::[lambda() (instance 3)]::operator ()() const::[lambda() (instance 7)]::operator ()() const::[lambda(float) (instance 1)]>(at::TensorIteratorBase &, const T1 &)::[lambda(int) (instance 1)]>(int, T3)"
PyTorch:BasicsTransformerLM.layers.24.attn,PushPop,343,343,12,48,327712,6827.3,6816.0,6624,7168,109.6,"void at::native::vectorized_elementwise_kernel<(int)4, at::native::CUDAFunctor_add<float>, std::array<char *, (unsigned long)3>>(int, T2, T3)"
PyTorch:BasicsTransformerLM.layers.24.attn,PushPop,343,343,12,12,104032,8669.3,8656.0,8576,8928,90.0,"void at::native::elementwise_kernel<(int)128, (int)4, void at::native::gpu_kernel_impl_nocast<at::native::<unnamed>::CompareFunctor<long>>(at::TensorIteratorBase &, const T1 &)::[lambda(int) (instance 1)]>(int, T3)"
PyTorch:BasicsTransformerLM.layers.24.attn,PushPop,343,343,12,12,14528,1210.7,1168.0,1120,1440,108.2,"void <unnamed>::elementwise_kernel_with_index<int, at::native::arange_cuda_out(const c10::Scalar &, const c10::Scalar &, const c10::Scalar &, at::Tensor &)::[lambda() (instance 1)]::operator ()() const::[lambda() (instance 4)]::operator ()() const::[lambda(long) (instance 1)]>(T1, T2, function_traits<T2>::result_type *)"
PyTorch:BasicsTransformerLM.layers.24.attn,PushPop,343,343,12,12,13505,1125.4,1120.0,960,1408,144.2,"void at::native::vectorized_elementwise_kernel<(int)4, at::native::FillFunctor<float>, std::array<char *, (unsigned long)1>>(int, T2, T3)"
PyTorch:BasicsTransformerLM.layers.24.attn.k_proj,PushPop,343,343,12,12,6177068,514755.7,514737.0,514464,514978,199.8,cutlass3x_sm100_simt_sgemm_f32_f32_f32_f32_f32_64x128x16_1x1x1_3_tnn_align1_bias_f32_relu
PyTorch:BasicsTransformerLM.layers.24.attn.output_proj,PushPop,343,343,12,12,6251148,520929.0,520737.5,520417,522528,560.1,cutlass3x_sm100_simt_sgemm_f32_f32_f32_f32_f32_64x128x16_1x1x1_3_tnn_align1_bias_f32_relu
PyTorch:BasicsTransformerLM.layers.24.attn.q_proj,PushPop,343,343,12,12,6171596,514299.7,514177.0,513889,514881,296.1,cutlass3x_sm100_simt_sgemm_f32_f32_f32_f32_f32_64x128x16_1x1x1_3_tnn_align1_bias_f32_relu
PyTorch:BasicsTransformerLM.layers.24.attn.v_proj,PushPop,343,343,12,12,6177900,514825.0,514785.5,514497,515136,170.9,cutlass3x_sm100_simt_sgemm_f32_f32_f32_f32_f32_64x128x16_1x1x1_3_tnn_align1_bias_f32_relu
PyTorch:BasicsTransformerLM.layers.24.ffn,PushPop,343,343,12,24,42188496,1757854.0,1758066.0,1752709,1763905,4626.6,cutlass3x_sm100_simt_sgemm_f32_f32_f32_f32_f32_128x128x16_1x1x1_3_tnn_align1_bias_f32_relu
PyTorch:BasicsTransformerLM.layers.24.ffn,PushPop,343,343,12,12,21669002,1805750.2,1805459.0,1803909,1808293,1208.7,cutlass3x_sm100_simt_sgemm_f32_f32_f32_f32_f32_128x64x16_1x1x1_3_tnn_align1_bias_f32_relu
PyTorch:BasicsTransformerLM.layers.24.ffn,PushPop,343,343,12,24,1766082,73586.8,73392.0,71936,74912,980.5,"void at::native::vectorized_elementwise_kernel<(int)4, at::native::BinaryFunctor<float, float, float, at::native::binary_internal::MulFunctor<float>>, std::array<char *, (unsigned long)3>>(int, T2, T3)"
PyTorch:BasicsTransformerLM.layers.24.ffn,PushPop,343,343,12,12,587202,48933.5,48816.5,48288,49568,427.9,"void at::native::vectorized_elementwise_kernel<(int)4, at::native::sigmoid_kernel_cuda(at::TensorIteratorBase &)::[lambda() (instance 2)]::operator ()() const::[lambda() (instance 2)]::operator ()() const::[lambda(float) (instance 1)], std::array<char *, (unsigned long)2>>(int, T2, T3)"
PyTorch:BasicsTransformerLM.layers.24.ffn.w1,PushPop,343,343,12,12,21147976,1762331.3,1762004.0,1761411,1763905,843.0,cutlass3x_sm100_simt_sgemm_f32_f32_f32_f32_f32_128x128x16_1x1x1_3_tnn_align1_bias_f32_relu
PyTorch:BasicsTransformerLM.layers.24.ffn.w2,PushPop,343,343,12,12,21669002,1805750.2,1805459.0,1803909,1808293,1208.7,cutlass3x_sm100_simt_sgemm_f32_f32_f32_f32_f32_128x64x16_1x1x1_3_tnn_align1_bias_f32_relu
PyTorch:BasicsTransformerLM.layers.24.ffn.w3,PushPop,343,343,12,12,21040520,1753376.7,1753188.5,1752709,1754721,555.3,cutlass3x_sm100_simt_sgemm_f32_f32_f32_f32_f32_128x128x16_1x1x1_3_tnn_align1_bias_f32_relu
PyTorch:BasicsTransformerLM.layers.24.ln1,PushPop,343,343,12,24,573280,23886.7,23808.0,23456,24384,228.8,"void at::native::elementwise_kernel<(int)128, (int)2, void at::native::gpu_kernel_impl_nocast<at::native::BinaryFunctor<float, float, float, at::native::binary_internal::MulFunctor<float>>>(at::TensorIteratorBase &, const T1 &)::[lambda(int) (instance 1)]>(int, T3)"
PyTorch:BasicsTransformerLM.layers.24.ln1,PushPop,343,343,12,12,113792,9482.7,9472.0,9248,9792,175.4,"void at::native::vectorized_elementwise_kernel<(int)4, void at::native::<unnamed>::pow_tensor_scalar_kernel_impl<float, float>(at::TensorIteratorBase &, T2)::[lambda(float) (instance 1)], std::array<char *, (unsigned long)2>>(int, T2, T3)"
PyTorch:BasicsTransformerLM.layers.24.ln1,PushPop,343,343,12,12,91616,7634.7,7680.0,7136,8000,289.6,"void at::native::reduce_kernel<(int)512, (int)1, at::native::ReduceOp<float, at::native::MeanOps<float, float, float, float>, unsigned int, float, (int)4, (int)4>>(T3)"
PyTorch:BasicsTransformerLM.layers.24.ln1,PushPop,343,343,12,12,19232,1602.7,1568.0,1568,1760,74.1,"void at::native::vectorized_elementwise_kernel<(int)4, at::native::CUDAFunctorOnSelf_add<float>, std::array<char *, (unsigned long)2>>(int, T2, T3)"
PyTorch:BasicsTransformerLM.layers.24.ln1,PushPop,343,343,12,12,18336,1528.0,1504.0,1440,1696,74.9,"void at::native::vectorized_elementwise_kernel<(int)4, at::native::rsqrt_kernel_cuda(at::TensorIteratorBase &)::[lambda() (instance 2)]::operator ()() const::[lambda() (instance 2)]::operator ()() const::[lambda(float) (instance 1)], std::array<char *, (unsigned long)2>>(int, T2, T3)"
PyTorch:BasicsTransformerLM.layers.24.ln2,PushPop,343,343,12,24,571201,23800.0,23776.0,23392,24384,264.4,"void at::native::elementwise_kernel<(int)128, (int)2, void at::native::gpu_kernel_impl_nocast<at::native::BinaryFunctor<float, float, float, at::native::binary_internal::MulFunctor<float>>>(at::TensorIteratorBase &, const T1 &)::[lambda(int) (instance 1)]>(int, T3)"
PyTorch:BasicsTransformerLM.layers.24.ln2,PushPop,343,343,12,12,113568,9464.0,9456.0,9056,9920,214.9,"void at::native::vectorized_elementwise_kernel<(int)4, void at::native::<unnamed>::pow_tensor_scalar_kernel_impl<float, float>(at::TensorIteratorBase &, T2)::[lambda(float) (instance 1)], std::array<char *, (unsigned long)2>>(int, T2, T3)"
PyTorch:BasicsTransformerLM.layers.24.ln2,PushPop,343,343,12,12,91744,7645.3,7712.0,7104,8256,408.8,"void at::native::reduce_kernel<(int)512, (int)1, at::native::ReduceOp<float, at::native::MeanOps<float, float, float, float>, unsigned int, float, (int)4, (int)4>>(T3)"
PyTorch:BasicsTransformerLM.layers.24.ln2,PushPop,343,343,12,12,19104,1592.0,1568.0,1536,1696,64.2,"void at::native::vectorized_elementwise_kernel<(int)4, at::native::CUDAFunctorOnSelf_add<float>, std::array<char *, (unsigned long)2>>(int, T2, T3)"
PyTorch:BasicsTransformerLM.layers.24.ln2,PushPop,343,343,12,12,18048,1504.0,1472.0,1440,1728,81.9,"void at::native::vectorized_elementwise_kernel<(int)4, at::native::rsqrt_kernel_cuda(at::TensorIteratorBase &)::[lambda() (instance 2)]::operator ()() const::[lambda() (instance 2)]::operator ()() const::[lambda(float) (instance 1)], std::array<char *, (unsigned long)2>>(int, T2, T3)"
PyTorch:BasicsTransformerLM.layers.25,PushPop,343,343,12,36,56782416,1577289.3,1753410.0,1215012,1763233,258897.5,cutlass3x_sm100_simt_sgemm_f32_f32_f32_f32_f32_128x128x16_1x1x1_3_tnn_align1_bias_f32_relu
PyTorch:BasicsTransformerLM.layers.25,PushPop,343,343,12,48,24777073,516189.0,514721.0,513888,521793,2834.6,cutlass3x_sm100_simt_sgemm_f32_f32_f32_f32_f32_64x128x16_1x1x1_3_tnn_align1_bias_f32_relu
PyTorch:BasicsTransformerLM.layers.25,PushPop,343,343,12,12,21668746,1805728.8,1805779.5,1803300,1807683,1332.7,cutlass3x_sm100_simt_sgemm_f32_f32_f32_f32_f32_128x64x16_1x1x1_3_tnn_align1_bias_f32_relu
PyTorch:BasicsTransformerLM.layers.25,PushPop,343,343,12,12,12248822,1020735.2,1020465.5,1019811,1022497,811.7,"void at::native::elementwise_kernel<(int)128, (int)2, void at::native::gpu_kernel_impl_nocast<at::native::BinaryFunctor<float, float, float, at::native::binary_internal::DivFunctor<float>>>(at::TensorIteratorBase &, const T1 &)::[lambda(int) (instance 1)]>(int, T3)"
PyTorch:BasicsTransformerLM.layers.25,PushPop,343,343,12,12,10654230,887852.5,887905.5,887138,888290,344.6,"void at::native::elementwise_kernel<(int)128, (int)2, void at::native::gpu_kernel_impl_nocast<at::native::<unnamed>::where_kernel_impl(at::TensorIterator &)::[lambda() (instance 1)]::operator ()() const::[lambda() (instance 11)]::operator ()() const::[lambda(bool, float, float) (instance 1)]>(at::TensorIteratorBase &, const T1 &)::[lambda(int) (instance 1)]>(int, T3)"
PyTorch:BasicsTransformerLM.layers.25,PushPop,343,343,12,12,10579092,881591.0,881617.5,880418,882530,604.6,"void at::native::elementwise_kernel<(int)128, (int)2, void at::native::gpu_kernel_impl_nocast<at::native::CUDAFunctor_add<float>>(at::TensorIteratorBase &, const T1 &)::[lambda(int) (instance 1)]>(int, T3)"
PyTorch:BasicsTransformerLM.layers.25,PushPop,343,343,12,12,9776756,814729.7,814689.5,813921,815905,629.9,cutlass3x_sm100_simt_sgemm_f32_f32_f32_f32_f32_64x128x16_1x1x1_3_nnn_align1_bias_f32_relu
PyTorch:BasicsTransformerLM.layers.25,PushPop,343,343,12,12,4650246,387520.5,387584.5,386017,389184,902.8,"void at::native::vectorized_elementwise_kernel<(int)4, at::native::BUnaryFunctor<float, float, float, at::native::binary_internal::MulFunctor<float>>, std::array<char *, (unsigned long)2>>(int, T2, T3)"
PyTorch:BasicsTransformerLM.layers.25,PushPop,343,343,12,12,4618890,384907.5,384929.0,384065,385888,621.6,"void at::native::vectorized_elementwise_kernel<(int)4, at::native::exp_kernel_cuda(at::TensorIteratorBase &)::[lambda() (instance 2)]::operator ()() const::[lambda() (instance 2)]::operator ()() const::[lambda(float) (instance 1)], std::array<char *, (unsigned long)2>>(int, T2, T3)"
PyTorch:BasicsTransformerLM.layers.25,PushPop,343,343,12,12,3789989,315832.4,315776.0,315552,316448,283.4,"void at::native::reduce_kernel<(int)512, (int)1, at::native::ReduceOp<float, at::native::MaxOps<float>, unsigned int, float, (int)4, (int)4>>(T3)"
PyTorch:BasicsTransformerLM.layers.25,PushPop,343,343,12,144,2752774,19116.5,18176.0,14880,24448,3651.8,"void at::native::elementwise_kernel<(int)128, (int)2, void at::native::gpu_kernel_impl_nocast<at::native::BinaryFunctor<float, float, float, at::native::binary_internal::MulFunctor<float>>>(at::TensorIteratorBase &, const T1 &)::[lambda(int) (instance 1)]>(int, T3)"
PyTorch:BasicsTransformerLM.layers.25,PushPop,343,343,12,12,2739046,228253.8,228272.0,227649,228897,401.5,"void at::native::reduce_kernel<(int)512, (int)1, at::native::ReduceOp<float, at::native::func_wrapper_t<float, at::native::sum_functor<float, float, float>::operator ()(at::TensorIterator &)::[lambda(float, float) (instance 1)]>, unsigned int, float, (int)4, (int)4>>(T3)"
PyTorch:BasicsTransformerLM.layers.25,PushPop,343,343,12,24,1770530,73772.1,73760.0,72256,74912,874.2,"void at::native::vectorized_elementwise_kernel<(int)4, at::native::BinaryFunctor<float, float, float, at::native::binary_internal::MulFunctor<float>>, std::array<char *, (unsigned long)3>>(int, T2, T3)"
PyTorch:BasicsTransformerLM.layers.25,PushPop,343,343,12,24,1305571,54398.8,54352.0,53857,55200,371.5,"void at::native::<unnamed>::CatArrayBatchedCopy<at::native::<unnamed>::OpaqueType<(unsigned int)4>, unsigned int, (int)4, (int)64, (int)64>(T1 *, at::native::<unnamed>::CatArrInputTensorMetadata<T1, T2, T4, T5>, at::native::<unnamed>::TensorSizeStride<T2, (unsigned int)4>, int, T2)"
PyTorch:BasicsTransformerLM.layers.25,PushPop,343,343,12,24,743265,30969.4,31008.0,29280,32832,1548.2,"void at::native::elementwise_kernel<(int)128, (int)2, void at::native::gpu_kernel_impl_nocast<at::native::direct_copy_kernel_cuda(at::TensorIteratorBase &)::[lambda() (instance 3)]::operator ()() const::[lambda() (instance 7)]::operator ()() const::[lambda(float) (instance 1)]>(at::TensorIteratorBase &, const T1 &)::[lambda(int) (instance 1)]>(int, T3)"
PyTorch:BasicsTransformerLM.layers.25,PushPop,343,343,12,72,715137,9932.5,6960.0,6656,17024,4363.4,"void at::native::vectorized_elementwise_kernel<(int)4, at::native::CUDAFunctor_add<float>, std::array<char *, (unsigned long)3>>(int, T2, T3)"
PyTorch:BasicsTransformerLM.layers.25,PushPop,343,343,12,12,588704,49058.7,48976.0,48576,50112,436.1,"void at::native::vectorized_elementwise_kernel<(int)4, at::native::sigmoid_kernel_cuda(at::TensorIteratorBase &)::[lambda() (instance 2)]::operator ()() const::[lambda() (instance 2)]::operator ()() const::[lambda(float) (instance 1)], std::array<char *, (unsigned long)2>>(int, T2, T3)"
PyTorch:BasicsTransformerLM.layers.25,PushPop,343,343,12,24,227488,9478.7,9472.0,9088,9792,191.8,"void at::native::vectorized_elementwise_kernel<(int)4, void at::native::<unnamed>::pow_tensor_scalar_kernel_impl<float, float>(at::TensorIteratorBase &, T2)::[lambda(float) (instance 1)], std::array<char *, (unsigned long)2>>(int, T2, T3)"
PyTorch:BasicsTransformerLM.layers.25,PushPop,343,343,12,24,185280,7720.0,7744.0,7104,8544,394.2,"void at::native::reduce_kernel<(int)512, (int)1, at::native::ReduceOp<float, at::native::MeanOps<float, float, float, float>, unsigned int, float, (int)4, (int)4>>(T3)"
PyTorch:BasicsTransformerLM.layers.25,PushPop,343,343,12,12,103936,8661.3,8656.0,8576,8768,55.1,"void at::native::elementwise_kernel<(int)128, (int)4, void at::native::gpu_kernel_impl_nocast<at::native::<unnamed>::CompareFunctor<long>>(at::TensorIteratorBase &, const T1 &)::[lambda(int) (instance 1)]>(int, T3)"
PyTorch:BasicsTransformerLM.layers.25,PushPop,343,343,12,24,38528,1605.3,1584.0,1536,1824,71.7,"void at::native::vectorized_elementwise_kernel<(int)4, at::native::CUDAFunctorOnSelf_add<float>, std::array<char *, (unsigned long)2>>(int, T2, T3)"
PyTorch:BasicsTransformerLM.layers.25,PushPop,343,343,12,24,36000,1500.0,1472.0,1440,1696,63.5,"void at::native::vectorized_elementwise_kernel<(int)4, at::native::rsqrt_kernel_cuda(at::TensorIteratorBase &)::[lambda() (instance 2)]::operator ()() const::[lambda() (instance 2)]::operator ()() const::[lambda(float) (instance 1)], std::array<char *, (unsigned long)2>>(int, T2, T3)"
PyTorch:BasicsTransformerLM.layers.25,PushPop,343,343,12,12,14240,1186.7,1152.0,1120,1408,77.7,"void <unnamed>::elementwise_kernel_with_index<int, at::native::arange_cuda_out(const c10::Scalar &, const c10::Scalar &, const c10::Scalar &, at::Tensor &)::[lambda() (instance 1)]::operator ()() const::[lambda() (instance 4)]::operator ()() const::[lambda(long) (instance 1)]>(T1, T2, function_traits<T2>::result_type *)"
PyTorch:BasicsTransformerLM.layers.25,PushPop,343,343,12,12,12640,1053.3,1008.0,960,1280,109.5,"void at::native::vectorized_elementwise_kernel<(int)4, at::native::FillFunctor<float>, std::array<char *, (unsigned long)1>>(int, T2, T3)"
PyTorch:BasicsTransformerLM.layers.25.attn,PushPop,343,343,12,48,24777073,516189.0,514721.0,513888,521793,2834.6,cutlass3x_sm100_simt_sgemm_f32_f32_f32_f32_f32_64x128x16_1x1x1_3_tnn_align1_bias_f32_relu
PyTorch:BasicsTransformerLM.layers.25.attn,PushPop,343,343,12,12,14595710,1216309.2,1216146.0,1215012,1218403,940.5,cutlass3x_sm100_simt_sgemm_f32_f32_f32_f32_f32_128x128x16_1x1x1_3_tnn_align1_bias_f32_relu
PyTorch:BasicsTransformerLM.layers.25.attn,PushPop,343,343,12,12,12248822,1020735.2,1020465.5,1019811,1022497,811.7,"void at::native::elementwise_kernel<(int)128, (int)2, void at::native::gpu_kernel_impl_nocast<at::native::BinaryFunctor<float, float, float, at::native::binary_internal::DivFunctor<float>>>(at::TensorIteratorBase &, const T1 &)::[lambda(int) (instance 1)]>(int, T3)"
PyTorch:BasicsTransformerLM.layers.25.attn,PushPop,343,343,12,12,10654230,887852.5,887905.5,887138,888290,344.6,"void at::native::elementwise_kernel<(int)128, (int)2, void at::native::gpu_kernel_impl_nocast<at::native::<unnamed>::where_kernel_impl(at::TensorIterator &)::[lambda() (instance 1)]::operator ()() const::[lambda() (instance 11)]::operator ()() const::[lambda(bool, float, float) (instance 1)]>(at::TensorIteratorBase &, const T1 &)::[lambda(int) (instance 1)]>(int, T3)"
PyTorch:BasicsTransformerLM.layers.25.attn,PushPop,343,343,12,12,10579092,881591.0,881617.5,880418,882530,604.6,"void at::native::elementwise_kernel<(int)128, (int)2, void at::native::gpu_kernel_impl_nocast<at::native::CUDAFunctor_add<float>>(at::TensorIteratorBase &, const T1 &)::[lambda(int) (instance 1)]>(int, T3)"
PyTorch:BasicsTransformerLM.layers.25.attn,PushPop,343,343,12,12,9776756,814729.7,814689.5,813921,815905,629.9,cutlass3x_sm100_simt_sgemm_f32_f32_f32_f32_f32_64x128x16_1x1x1_3_nnn_align1_bias_f32_relu
PyTorch:BasicsTransformerLM.layers.25.attn,PushPop,343,343,12,12,4650246,387520.5,387584.5,386017,389184,902.8,"void at::native::vectorized_elementwise_kernel<(int)4, at::native::BUnaryFunctor<float, float, float, at::native::binary_internal::MulFunctor<float>>, std::array<char *, (unsigned long)2>>(int, T2, T3)"
PyTorch:BasicsTransformerLM.layers.25.attn,PushPop,343,343,12,12,4618890,384907.5,384929.0,384065,385888,621.6,"void at::native::vectorized_elementwise_kernel<(int)4, at::native::exp_kernel_cuda(at::TensorIteratorBase &)::[lambda() (instance 2)]::operator ()() const::[lambda() (instance 2)]::operator ()() const::[lambda(float) (instance 1)], std::array<char *, (unsigned long)2>>(int, T2, T3)"
PyTorch:BasicsTransformerLM.layers.25.attn,PushPop,343,343,12,12,3789989,315832.4,315776.0,315552,316448,283.4,"void at::native::reduce_kernel<(int)512, (int)1, at::native::ReduceOp<float, at::native::MaxOps<float>, unsigned int, float, (int)4, (int)4>>(T3)"
PyTorch:BasicsTransformerLM.layers.25.attn,PushPop,343,343,12,12,2739046,228253.8,228272.0,227649,228897,401.5,"void at::native::reduce_kernel<(int)512, (int)1, at::native::ReduceOp<float, at::native::func_wrapper_t<float, at::native::sum_functor<float, float, float>::operator ()(at::TensorIterator &)::[lambda(float, float) (instance 1)]>, unsigned int, float, (int)4, (int)4>>(T3)"
PyTorch:BasicsTransformerLM.layers.25.attn,PushPop,343,343,12,96,1607330,16743.0,16416.0,14880,19744,1720.8,"void at::native::elementwise_kernel<(int)128, (int)2, void at::native::gpu_kernel_impl_nocast<at::native::BinaryFunctor<float, float, float, at::native::binary_internal::MulFunctor<float>>>(at::TensorIteratorBase &, const T1 &)::[lambda(int) (instance 1)]>(int, T3)"
PyTorch:BasicsTransformerLM.layers.25.attn,PushPop,343,343,12,24,1305571,54398.8,54352.0,53857,55200,371.5,"void at::native::<unnamed>::CatArrayBatchedCopy<at::native::<unnamed>::OpaqueType<(unsigned int)4>, unsigned int, (int)4, (int)64, (int)64>(T1 *, at::native::<unnamed>::CatArrInputTensorMetadata<T1, T2, T4, T5>, at::native::<unnamed>::TensorSizeStride<T2, (unsigned int)4>, int, T2)"
PyTorch:BasicsTransformerLM.layers.25.attn,PushPop,343,343,12,24,743265,30969.4,31008.0,29280,32832,1548.2,"void at::native::elementwise_kernel<(int)128, (int)2, void at::native::gpu_kernel_impl_nocast<at::native::direct_copy_kernel_cuda(at::TensorIteratorBase &)::[lambda() (instance 3)]::operator ()() const::[lambda() (instance 7)]::operator ()() const::[lambda(float) (instance 1)]>(at::TensorIteratorBase &, const T1 &)::[lambda(int) (instance 1)]>(int, T3)"
PyTorch:BasicsTransformerLM.layers.25.attn,PushPop,343,343,12,48,329825,6871.4,6848.0,6656,7392,139.3,"void at::native::vectorized_elementwise_kernel<(int)4, at::native::CUDAFunctor_add<float>, std::array<char *, (unsigned long)3>>(int, T2, T3)"
PyTorch:BasicsTransformerLM.layers.25.attn,PushPop,343,343,12,12,103936,8661.3,8656.0,8576,8768,55.1,"void at::native::elementwise_kernel<(int)128, (int)4, void at::native::gpu_kernel_impl_nocast<at::native::<unnamed>::CompareFunctor<long>>(at::TensorIteratorBase &, const T1 &)::[lambda(int) (instance 1)]>(int, T3)"
PyTorch:BasicsTransformerLM.layers.25.attn,PushPop,343,343,12,12,14240,1186.7,1152.0,1120,1408,77.7,"void <unnamed>::elementwise_kernel_with_index<int, at::native::arange_cuda_out(const c10::Scalar &, const c10::Scalar &, const c10::Scalar &, at::Tensor &)::[lambda() (instance 1)]::operator ()() const::[lambda() (instance 4)]::operator ()() const::[lambda(long) (instance 1)]>(T1, T2, function_traits<T2>::result_type *)"
PyTorch:BasicsTransformerLM.layers.25.attn,PushPop,343,343,12,12,12640,1053.3,1008.0,960,1280,109.5,"void at::native::vectorized_elementwise_kernel<(int)4, at::native::FillFunctor<float>, std::array<char *, (unsigned long)1>>(int, T2, T3)"
PyTorch:BasicsTransformerLM.layers.25.attn.k_proj,PushPop,343,343,12,12,6177070,514755.8,514737.0,514432,515009,187.1,cutlass3x_sm100_simt_sgemm_f32_f32_f32_f32_f32_64x128x16_1x1x1_3_tnn_align1_bias_f32_relu
PyTorch:BasicsTransformerLM.layers.25.attn.output_proj,PushPop,343,343,12,12,6252173,521014.4,520849.5,520545,521793,434.3,cutlass3x_sm100_simt_sgemm_f32_f32_f32_f32_f32_64x128x16_1x1x1_3_tnn_align1_bias_f32_relu
PyTorch:BasicsTransformerLM.layers.25.attn.q_proj,PushPop,343,343,12,12,6171820,514318.3,514369.0,513888,514657,283.8,cutlass3x_sm100_simt_sgemm_f32_f32_f32_f32_f32_64x128x16_1x1x1_3_tnn_align1_bias_f32_relu
PyTorch:BasicsTransformerLM.layers.25.attn.v_proj,PushPop,343,343,12,12,6176010,514667.5,514704.5,514337,514944,206.2,cutlass3x_sm100_simt_sgemm_f32_f32_f32_f32_f32_64x128x16_1x1x1_3_tnn_align1_bias_f32_relu
PyTorch:BasicsTransformerLM.layers.25.ffn,PushPop,343,343,12,24,42186706,1757779.4,1757475.0,1752580,1763233,4412.0,cutlass3x_sm100_simt_sgemm_f32_f32_f32_f32_f32_128x128x16_1x1x1_3_tnn_align1_bias_f32_relu
PyTorch:BasicsTransformerLM.layers.25.ffn,PushPop,343,343,12,12,21668746,1805728.8,1805779.5,1803300,1807683,1332.7,cutlass3x_sm100_simt_sgemm_f32_f32_f32_f32_f32_128x64x16_1x1x1_3_tnn_align1_bias_f32_relu
PyTorch:BasicsTransformerLM.layers.25.ffn,PushPop,343,343,12,24,1770530,73772.1,73760.0,72256,74912,874.2,"void at::native::vectorized_elementwise_kernel<(int)4, at::native::BinaryFunctor<float, float, float, at::native::binary_internal::MulFunctor<float>>, std::array<char *, (unsigned long)3>>(int, T2, T3)"
PyTorch:BasicsTransformerLM.layers.25.ffn,PushPop,343,343,12,12,588704,49058.7,48976.0,48576,50112,436.1,"void at::native::vectorized_elementwise_kernel<(int)4, at::native::sigmoid_kernel_cuda(at::TensorIteratorBase &)::[lambda() (instance 2)]::operator ()() const::[lambda() (instance 2)]::operator ()() const::[lambda(float) (instance 1)], std::array<char *, (unsigned long)2>>(int, T2, T3)"
PyTorch:BasicsTransformerLM.layers.25.ffn.w1,PushPop,343,343,12,12,21144329,1762027.4,1761956.5,1759876,1763233,905.6,cutlass3x_sm100_simt_sgemm_f32_f32_f32_f32_f32_128x128x16_1x1x1_3_tnn_align1_bias_f32_relu
PyTorch:BasicsTransformerLM.layers.25.ffn.w2,PushPop,343,343,12,12,21668746,1805728.8,1805779.5,1803300,1807683,1332.7,cutlass3x_sm100_simt_sgemm_f32_f32_f32_f32_f32_128x64x16_1x1x1_3_tnn_align1_bias_f32_relu
PyTorch:BasicsTransformerLM.layers.25.ffn.w3,PushPop,343,343,12,12,21042377,1753531.4,1753410.0,1752580,1755074,713.8,cutlass3x_sm100_simt_sgemm_f32_f32_f32_f32_f32_128x128x16_1x1x1_3_tnn_align1_bias_f32_relu
PyTorch:BasicsTransformerLM.layers.25.ln1,PushPop,343,343,12,24,572610,23858.8,23840.5,23488,24448,268.7,"void at::native::elementwise_kernel<(int)128, (int)2, void at::native::gpu_kernel_impl_nocast<at::native::BinaryFunctor<float, float, float, at::native::binary_internal::MulFunctor<float>>>(at::TensorIteratorBase &, const T1 &)::[lambda(int) (instance 1)]>(int, T3)"
PyTorch:BasicsTransformerLM.layers.25.ln1,PushPop,343,343,12,12,112704,9392.0,9440.0,9088,9664,181.3,"void at::native::vectorized_elementwise_kernel<(int)4, void at::native::<unnamed>::pow_tensor_scalar_kernel_impl<float, float>(at::TensorIteratorBase &, T2)::[lambda(float) (instance 1)], std::array<char *, (unsigned long)2>>(int, T2, T3)"
PyTorch:BasicsTransformerLM.layers.25.ln1,PushPop,343,343,12,12,93344,7778.7,7808.0,7104,8384,420.2,"void at::native::reduce_kernel<(int)512, (int)1, at::native::ReduceOp<float, at::native::MeanOps<float, float, float, float>, unsigned int, float, (int)4, (int)4>>(T3)"
PyTorch:BasicsTransformerLM.layers.25.ln1,PushPop,343,343,12,12,19360,1613.3,1568.0,1536,1824,87.9,"void at::native::vectorized_elementwise_kernel<(int)4, at::native::CUDAFunctorOnSelf_add<float>, std::array<char *, (unsigned long)2>>(int, T2, T3)"
PyTorch:BasicsTransformerLM.layers.25.ln1,PushPop,343,343,12,12,18112,1509.3,1488.0,1440,1696,73.3,"void at::native::vectorized_elementwise_kernel<(int)4, at::native::rsqrt_kernel_cuda(at::TensorIteratorBase &)::[lambda() (instance 2)]::operator ()() const::[lambda() (instance 2)]::operator ()() const::[lambda(float) (instance 1)], std::array<char *, (unsigned long)2>>(int, T2, T3)"
PyTorch:BasicsTransformerLM.layers.25.ln2,PushPop,343,343,12,24,572834,23868.1,23808.0,23296,24352,263.0,"void at::native::elementwise_kernel<(int)128, (int)2, void at::native::gpu_kernel_impl_nocast<at::native::BinaryFunctor<float, float, float, at::native::binary_internal::MulFunctor<float>>>(at::TensorIteratorBase &, const T1 &)::[lambda(int) (instance 1)]>(int, T3)"
PyTorch:BasicsTransformerLM.layers.25.ln2,PushPop,343,343,12,12,114784,9565.3,9616.0,9216,9792,166.3,"void at::native::vectorized_elementwise_kernel<(int)4, void at::native::<unnamed>::pow_tensor_scalar_kernel_impl<float, float>(at::TensorIteratorBase &, T2)::[lambda(float) (instance 1)], std::array<char *, (unsigned long)2>>(int, T2, T3)"
PyTorch:BasicsTransformerLM.layers.25.ln2,PushPop,343,343,12,12,91936,7661.3,7600.0,7200,8544,375.3,"void at::native::reduce_kernel<(int)512, (int)1, at::native::ReduceOp<float, at::native::MeanOps<float, float, float, float>, unsigned int, float, (int)4, (int)4>>(T3)"
PyTorch:BasicsTransformerLM.layers.25.ln2,PushPop,343,343,12,12,19168,1597.3,1600.0,1536,1728,53.6,"void at::native::vectorized_elementwise_kernel<(int)4, at::native::CUDAFunctorOnSelf_add<float>, std::array<char *, (unsigned long)2>>(int, T2, T3)"
PyTorch:BasicsTransformerLM.layers.25.ln2,PushPop,343,343,12,12,17888,1490.7,1472.0,1440,1632,53.6,"void at::native::vectorized_elementwise_kernel<(int)4, at::native::rsqrt_kernel_cuda(at::TensorIteratorBase &)::[lambda() (instance 2)]::operator ()() const::[lambda() (instance 2)]::operator ()() const::[lambda(float) (instance 1)], std::array<char *, (unsigned long)2>>(int, T2, T3)"
PyTorch:BasicsTransformerLM.layers.26,PushPop,343,343,12,36,56782414,1577289.3,1753347.5,1214818,1763491,258903.8,cutlass3x_sm100_simt_sgemm_f32_f32_f32_f32_f32_128x128x16_1x1x1_3_tnn_align1_bias_f32_relu
PyTorch:BasicsTransformerLM.layers.26,PushPop,343,343,12,48,24775597,516158.3,514848.5,513760,522273,2744.7,cutlass3x_sm100_simt_sgemm_f32_f32_f32_f32_f32_64x128x16_1x1x1_3_tnn_align1_bias_f32_relu
PyTorch:BasicsTransformerLM.layers.26,PushPop,343,343,12,12,21665708,1805475.7,1805171.5,1803363,1808612,1460.4,cutlass3x_sm100_simt_sgemm_f32_f32_f32_f32_f32_128x64x16_1x1x1_3_tnn_align1_bias_f32_relu
PyTorch:BasicsTransformerLM.layers.26,PushPop,343,343,12,12,12248505,1020708.8,1020721.0,1020034,1021441,503.5,"void at::native::elementwise_kernel<(int)128, (int)2, void at::native::gpu_kernel_impl_nocast<at::native::BinaryFunctor<float, float, float, at::native::binary_internal::DivFunctor<float>>>(at::TensorIteratorBase &, const T1 &)::[lambda(int) (instance 1)]>(int, T3)"
PyTorch:BasicsTransformerLM.layers.26,PushPop,343,343,12,12,10652435,887702.9,887696.5,887330,888002,228.6,"void at::native::elementwise_kernel<(int)128, (int)2, void at::native::gpu_kernel_impl_nocast<at::native::<unnamed>::where_kernel_impl(at::TensorIterator &)::[lambda() (instance 1)]::operator ()() const::[lambda() (instance 11)]::operator ()() const::[lambda(bool, float, float) (instance 1)]>(at::TensorIteratorBase &, const T1 &)::[lambda(int) (instance 1)]>(int, T3)"
PyTorch:BasicsTransformerLM.layers.26,PushPop,343,343,12,12,10586709,882225.8,882273.5,880643,883457,866.9,"void at::native::elementwise_kernel<(int)128, (int)2, void at::native::gpu_kernel_impl_nocast<at::native::CUDAFunctor_add<float>>(at::TensorIteratorBase &, const T1 &)::[lambda(int) (instance 1)]>(int, T3)"
PyTorch:BasicsTransformerLM.layers.26,PushPop,343,343,12,12,9775759,814646.6,814401.0,814114,816576,782.4,cutlass3x_sm100_simt_sgemm_f32_f32_f32_f32_f32_64x128x16_1x1x1_3_nnn_align1_bias_f32_relu
PyTorch:BasicsTransformerLM.layers.26,PushPop,343,343,12,12,4652647,387720.6,387616.5,386592,389921,904.9,"void at::native::vectorized_elementwise_kernel<(int)4, at::native::BUnaryFunctor<float, float, float, at::native::binary_internal::MulFunctor<float>>, std::array<char *, (unsigned long)2>>(int, T2, T3)"
PyTorch:BasicsTransformerLM.layers.26,PushPop,343,343,12,12,4618376,384864.7,384673.0,383905,385856,728.2,"void at::native::vectorized_elementwise_kernel<(int)4, at::native::exp_kernel_cuda(at::TensorIteratorBase &)::[lambda() (instance 2)]::operator ()() const::[lambda() (instance 2)]::operator ()() const::[lambda(float) (instance 1)], std::array<char *, (unsigned long)2>>(int, T2, T3)"
PyTorch:BasicsTransformerLM.layers.26,PushPop,343,343,12,12,3789639,315803.3,315792.0,315233,316353,376.9,"void at::native::reduce_kernel<(int)512, (int)1, at::native::ReduceOp<float, at::native::MaxOps<float>, unsigned int, float, (int)4, (int)4>>(T3)"
PyTorch:BasicsTransformerLM.layers.26,PushPop,343,343,12,144,2755816,19137.6,18272.5,14912,24544,3612.1,"void at::native::elementwise_kernel<(int)128, (int)2, void at::native::gpu_kernel_impl_nocast<at::native::BinaryFunctor<float, float, float, at::native::binary_internal::MulFunctor<float>>>(at::TensorIteratorBase &, const T1 &)::[lambda(int) (instance 1)]>(int, T3)"
PyTorch:BasicsTransformerLM.layers.26,PushPop,343,343,12,12,2735650,227970.8,227824.5,227328,228768,471.1,"void at::native::reduce_kernel<(int)512, (int)1, at::native::ReduceOp<float, at::native::func_wrapper_t<float, at::native::sum_functor<float, float, float>::operator ()(at::TensorIterator &)::[lambda(float, float) (instance 1)]>, unsigned int, float, (int)4, (int)4>>(T3)"
PyTorch:BasicsTransformerLM.layers.26,PushPop,343,343,12,24,1771652,73818.8,73952.0,72224,75072,925.6,"void at::native::vectorized_elementwise_kernel<(int)4, at::native::BinaryFunctor<float, float, float, at::native::binary_internal::MulFunctor<float>>, std::array<char *, (unsigned long)3>>(int, T2, T3)"
PyTorch:BasicsTransformerLM.layers.26,PushPop,343,343,12,24,1301314,54221.4,54176.0,53792,54784,258.1,"void at::native::<unnamed>::CatArrayBatchedCopy<at::native::<unnamed>::OpaqueType<(unsigned int)4>, unsigned int, (int)4, (int)64, (int)64>(T1 *, at::native::<unnamed>::CatArrInputTensorMetadata<T1, T2, T4, T5>, at::native::<unnamed>::TensorSizeStride<T2, (unsigned int)4>, int, T2)"
PyTorch:BasicsTransformerLM.layers.26,PushPop,343,343,12,24,744005,31000.2,31024.0,29280,32833,1523.1,"void at::native::elementwise_kernel<(int)128, (int)2, void at::native::gpu_kernel_impl_nocast<at::native::direct_copy_kernel_cuda(at::TensorIteratorBase &)::[lambda() (instance 3)]::operator ()() const::[lambda() (instance 7)]::operator ()() const::[lambda(float) (instance 1)]>(at::TensorIteratorBase &, const T1 &)::[lambda(int) (instance 1)]>(int, T3)"
PyTorch:BasicsTransformerLM.layers.26,PushPop,343,343,12,72,710465,9867.6,6896.0,6592,16288,4312.0,"void at::native::vectorized_elementwise_kernel<(int)4, at::native::CUDAFunctor_add<float>, std::array<char *, (unsigned long)3>>(int, T2, T3)"
PyTorch:BasicsTransformerLM.layers.26,PushPop,343,343,12,12,587521,48960.1,48992.0,48384,49569,466.2,"void at::native::vectorized_elementwise_kernel<(int)4, at::native::sigmoid_kernel_cuda(at::TensorIteratorBase &)::[lambda() (instance 2)]::operator ()() const::[lambda() (instance 2)]::operator ()() const::[lambda(float) (instance 1)], std::array<char *, (unsigned long)2>>(int, T2, T3)"
PyTorch:BasicsTransformerLM.layers.26,PushPop,343,343,12,24,225152,9381.3,9376.0,9152,9664,147.6,"void at::native::vectorized_elementwise_kernel<(int)4, void at::native::<unnamed>::pow_tensor_scalar_kernel_impl<float, float>(at::TensorIteratorBase &, T2)::[lambda(float) (instance 1)], std::array<char *, (unsigned long)2>>(int, T2, T3)"
PyTorch:BasicsTransformerLM.layers.26,PushPop,343,343,12,24,183648,7652.0,7568.0,6976,8544,450.7,"void at::native::reduce_kernel<(int)512, (int)1, at::native::ReduceOp<float, at::native::MeanOps<float, float, float, float>, unsigned int, float, (int)4, (int)4>>(T3)"
PyTorch:BasicsTransformerLM.layers.26,PushPop,343,343,12,12,103680,8640.0,8624.0,8544,8768,70.9,"void at::native::elementwise_kernel<(int)128, (int)4, void at::native::gpu_kernel_impl_nocast<at::native::<unnamed>::CompareFunctor<long>>(at::TensorIteratorBase &, const T1 &)::[lambda(int) (instance 1)]>(int, T3)"
PyTorch:BasicsTransformerLM.layers.26,PushPop,343,343,12,24,37888,1578.7,1568.0,1536,1760,52.3,"void at::native::vectorized_elementwise_kernel<(int)4, at::native::CUDAFunctorOnSelf_add<float>, std::array<char *, (unsigned long)2>>(int, T2, T3)"
PyTorch:BasicsTransformerLM.layers.26,PushPop,343,343,12,24,36512,1521.3,1488.0,1408,1696,77.2,"void at::native::vectorized_elementwise_kernel<(int)4, at::native::rsqrt_kernel_cuda(at::TensorIteratorBase &)::[lambda() (instance 2)]::operator ()() const::[lambda() (instance 2)]::operator ()() const::[lambda(float) (instance 1)], std::array<char *, (unsigned long)2>>(int, T2, T3)"
PyTorch:BasicsTransformerLM.layers.26,PushPop,343,343,12,12,14112,1176.0,1152.0,1120,1280,47.5,"void <unnamed>::elementwise_kernel_with_index<int, at::native::arange_cuda_out(const c10::Scalar &, const c10::Scalar &, const c10::Scalar &, at::Tensor &)::[lambda() (instance 1)]::operator ()() const::[lambda() (instance 4)]::operator ()() const::[lambda(long) (instance 1)]>(T1, T2, function_traits<T2>::result_type *)"
PyTorch:BasicsTransformerLM.layers.26,PushPop,343,343,12,12,13280,1106.7,1136.0,960,1280,100.7,"void at::native::vectorized_elementwise_kernel<(int)4, at::native::FillFunctor<float>, std::array<char *, (unsigned long)1>>(int, T2, T3)"
PyTorch:BasicsTransformerLM.layers.26.attn,PushPop,343,343,12,48,24775597,516158.3,514848.5,513760,522273,2744.7,cutlass3x_sm100_simt_sgemm_f32_f32_f32_f32_f32_64x128x16_1x1x1_3_tnn_align1_bias_f32_relu
PyTorch:BasicsTransformerLM.layers.26.attn,PushPop,343,343,12,12,14595614,1216301.2,1216115.0,1214818,1217444,890.1,cutlass3x_sm100_simt_sgemm_f32_f32_f32_f32_f32_128x128x16_1x1x1_3_tnn_align1_bias_f32_relu
PyTorch:BasicsTransformerLM.layers.26.attn,PushPop,343,343,12,12,12248505,1020708.8,1020721.0,1020034,1021441,503.5,"void at::native::elementwise_kernel<(int)128, (int)2, void at::native::gpu_kernel_impl_nocast<at::native::BinaryFunctor<float, float, float, at::native::binary_internal::DivFunctor<float>>>(at::TensorIteratorBase &, const T1 &)::[lambda(int) (instance 1)]>(int, T3)"
PyTorch:BasicsTransformerLM.layers.26.attn,PushPop,343,343,12,12,10652435,887702.9,887696.5,887330,888002,228.6,"void at::native::elementwise_kernel<(int)128, (int)2, void at::native::gpu_kernel_impl_nocast<at::native::<unnamed>::where_kernel_impl(at::TensorIterator &)::[lambda() (instance 1)]::operator ()() const::[lambda() (instance 11)]::operator ()() const::[lambda(bool, float, float) (instance 1)]>(at::TensorIteratorBase &, const T1 &)::[lambda(int) (instance 1)]>(int, T3)"
PyTorch:BasicsTransformerLM.layers.26.attn,PushPop,343,343,12,12,10586709,882225.8,882273.5,880643,883457,866.9,"void at::native::elementwise_kernel<(int)128, (int)2, void at::native::gpu_kernel_impl_nocast<at::native::CUDAFunctor_add<float>>(at::TensorIteratorBase &, const T1 &)::[lambda(int) (instance 1)]>(int, T3)"
PyTorch:BasicsTransformerLM.layers.26.attn,PushPop,343,343,12,12,9775759,814646.6,814401.0,814114,816576,782.4,cutlass3x_sm100_simt_sgemm_f32_f32_f32_f32_f32_64x128x16_1x1x1_3_nnn_align1_bias_f32_relu
PyTorch:BasicsTransformerLM.layers.26.attn,PushPop,343,343,12,12,4652647,387720.6,387616.5,386592,389921,904.9,"void at::native::vectorized_elementwise_kernel<(int)4, at::native::BUnaryFunctor<float, float, float, at::native::binary_internal::MulFunctor<float>>, std::array<char *, (unsigned long)2>>(int, T2, T3)"
PyTorch:BasicsTransformerLM.layers.26.attn,PushPop,343,343,12,12,4618376,384864.7,384673.0,383905,385856,728.2,"void at::native::vectorized_elementwise_kernel<(int)4, at::native::exp_kernel_cuda(at::TensorIteratorBase &)::[lambda() (instance 2)]::operator ()() const::[lambda() (instance 2)]::operator ()() const::[lambda(float) (instance 1)], std::array<char *, (unsigned long)2>>(int, T2, T3)"
PyTorch:BasicsTransformerLM.layers.26.attn,PushPop,343,343,12,12,3789639,315803.3,315792.0,315233,316353,376.9,"void at::native::reduce_kernel<(int)512, (int)1, at::native::ReduceOp<float, at::native::MaxOps<float>, unsigned int, float, (int)4, (int)4>>(T3)"
PyTorch:BasicsTransformerLM.layers.26.attn,PushPop,343,343,12,12,2735650,227970.8,227824.5,227328,228768,471.1,"void at::native::reduce_kernel<(int)512, (int)1, at::native::ReduceOp<float, at::native::func_wrapper_t<float, at::native::sum_functor<float, float, float>::operator ()(at::TensorIterator &)::[lambda(float, float) (instance 1)]>, unsigned int, float, (int)4, (int)4>>(T3)"
PyTorch:BasicsTransformerLM.layers.26.attn,PushPop,343,343,12,96,1612262,16794.4,16464.0,14912,19808,1716.5,"void at::native::elementwise_kernel<(int)128, (int)2, void at::native::gpu_kernel_impl_nocast<at::native::BinaryFunctor<float, float, float, at::native::binary_internal::MulFunctor<float>>>(at::TensorIteratorBase &, const T1 &)::[lambda(int) (instance 1)]>(int, T3)"
PyTorch:BasicsTransformerLM.layers.26.attn,PushPop,343,343,12,24,1301314,54221.4,54176.0,53792,54784,258.1,"void at::native::<unnamed>::CatArrayBatchedCopy<at::native::<unnamed>::OpaqueType<(unsigned int)4>, unsigned int, (int)4, (int)64, (int)64>(T1 *, at::native::<unnamed>::CatArrInputTensorMetadata<T1, T2, T4, T5>, at::native::<unnamed>::TensorSizeStride<T2, (unsigned int)4>, int, T2)"
PyTorch:BasicsTransformerLM.layers.26.attn,PushPop,343,343,12,24,744005,31000.2,31024.0,29280,32833,1523.1,"void at::native::elementwise_kernel<(int)128, (int)2, void at::native::gpu_kernel_impl_nocast<at::native::direct_copy_kernel_cuda(at::TensorIteratorBase &)::[lambda() (instance 3)]::operator ()() const::[lambda() (instance 7)]::operator ()() const::[lambda(float) (instance 1)]>(at::TensorIteratorBase &, const T1 &)::[lambda(int) (instance 1)]>(int, T3)"
PyTorch:BasicsTransformerLM.layers.26.attn,PushPop,343,343,12,48,328384,6841.3,6848.0,6592,7200,110.4,"void at::native::vectorized_elementwise_kernel<(int)4, at::native::CUDAFunctor_add<float>, std::array<char *, (unsigned long)3>>(int, T2, T3)"
PyTorch:BasicsTransformerLM.layers.26.attn,PushPop,343,343,12,12,103680,8640.0,8624.0,8544,8768,70.9,"void at::native::elementwise_kernel<(int)128, (int)4, void at::native::gpu_kernel_impl_nocast<at::native::<unnamed>::CompareFunctor<long>>(at::TensorIteratorBase &, const T1 &)::[lambda(int) (instance 1)]>(int, T3)"
PyTorch:BasicsTransformerLM.layers.26.attn,PushPop,343,343,12,12,14112,1176.0,1152.0,1120,1280,47.5,"void <unnamed>::elementwise_kernel_with_index<int, at::native::arange_cuda_out(const c10::Scalar &, const c10::Scalar &, const c10::Scalar &, at::Tensor &)::[lambda() (instance 1)]::operator ()() const::[lambda() (instance 4)]::operator ()() const::[lambda(long) (instance 1)]>(T1, T2, function_traits<T2>::result_type *)"
PyTorch:BasicsTransformerLM.layers.26.attn,PushPop,343,343,12,12,13280,1106.7,1136.0,960,1280,100.7,"void at::native::vectorized_elementwise_kernel<(int)4, at::native::FillFunctor<float>, std::array<char *, (unsigned long)1>>(int, T2, T3)"
PyTorch:BasicsTransformerLM.layers.26.attn.k_proj,PushPop,343,343,12,12,6176843,514736.9,514769.5,514464,514944,156.6,cutlass3x_sm100_simt_sgemm_f32_f32_f32_f32_f32_64x128x16_1x1x1_3_tnn_align1_bias_f32_relu
PyTorch:BasicsTransformerLM.layers.26.attn.output_proj,PushPop,343,343,12,12,6249708,520809.0,520705.5,520225,522273,538.8,cutlass3x_sm100_simt_sgemm_f32_f32_f32_f32_f32_64x128x16_1x1x1_3_tnn_align1_bias_f32_relu
PyTorch:BasicsTransformerLM.layers.26.attn.q_proj,PushPop,343,343,12,12,6170699,514224.9,514305.0,513760,514560,256.0,cutlass3x_sm100_simt_sgemm_f32_f32_f32_f32_f32_64x128x16_1x1x1_3_tnn_align1_bias_f32_relu
PyTorch:BasicsTransformerLM.layers.26.attn.v_proj,PushPop,343,343,12,12,6178347,514862.3,514945.0,514177,515329,311.9,cutlass3x_sm100_simt_sgemm_f32_f32_f32_f32_f32_64x128x16_1x1x1_3_tnn_align1_bias_f32_relu
PyTorch:BasicsTransformerLM.layers.26.ffn,PushPop,343,343,12,24,42186800,1757783.3,1757697.5,1752741,1763491,4464.5,cutlass3x_sm100_simt_sgemm_f32_f32_f32_f32_f32_128x128x16_1x1x1_3_tnn_align1_bias_f32_relu
PyTorch:BasicsTransformerLM.layers.26.ffn,PushPop,343,343,12,12,21665708,1805475.7,1805171.5,1803363,1808612,1460.4,cutlass3x_sm100_simt_sgemm_f32_f32_f32_f32_f32_128x64x16_1x1x1_3_tnn_align1_bias_f32_relu
PyTorch:BasicsTransformerLM.layers.26.ffn,PushPop,343,343,12,24,1771652,73818.8,73952.0,72224,75072,925.6,"void at::native::vectorized_elementwise_kernel<(int)4, at::native::BinaryFunctor<float, float, float, at::native::binary_internal::MulFunctor<float>>, std::array<char *, (unsigned long)3>>(int, T2, T3)"
PyTorch:BasicsTransformerLM.layers.26.ffn,PushPop,343,343,12,12,587521,48960.1,48992.0,48384,49569,466.2,"void at::native::vectorized_elementwise_kernel<(int)4, at::native::sigmoid_kernel_cuda(at::TensorIteratorBase &)::[lambda() (instance 2)]::operator ()() const::[lambda() (instance 2)]::operator ()() const::[lambda(float) (instance 1)], std::array<char *, (unsigned long)2>>(int, T2, T3)"
PyTorch:BasicsTransformerLM.layers.26.ffn.w1,PushPop,343,343,12,12,21145450,1762120.8,1762133.5,1761058,1763491,645.2,cutlass3x_sm100_simt_sgemm_f32_f32_f32_f32_f32_128x128x16_1x1x1_3_tnn_align1_bias_f32_relu
PyTorch:BasicsTransformerLM.layers.26.ffn.w2,PushPop,343,343,12,12,21665708,1805475.7,1805171.5,1803363,1808612,1460.4,cutlass3x_sm100_simt_sgemm_f32_f32_f32_f32_f32_128x64x16_1x1x1_3_tnn_align1_bias_f32_relu
PyTorch:BasicsTransformerLM.layers.26.ffn.w3,PushPop,343,343,12,12,21041350,1753445.8,1753347.5,1752741,1754337,458.6,cutlass3x_sm100_simt_sgemm_f32_f32_f32_f32_f32_128x128x16_1x1x1_3_tnn_align1_bias_f32_relu
PyTorch:BasicsTransformerLM.layers.26.ln1,PushPop,343,343,12,24,572321,23846.7,23808.0,23424,24544,291.1,"void at::native::elementwise_kernel<(int)128, (int)2, void at::native::gpu_kernel_impl_nocast<at::native::BinaryFunctor<float, float, float, at::native::binary_internal::MulFunctor<float>>>(at::TensorIteratorBase &, const T1 &)::[lambda(int) (instance 1)]>(int, T3)"
PyTorch:BasicsTransformerLM.layers.26.ln1,PushPop,343,343,12,12,112480,9373.3,9360.0,9152,9632,142.8,"void at::native::vectorized_elementwise_kernel<(int)4, void at::native::<unnamed>::pow_tensor_scalar_kernel_impl<float, float>(at::TensorIteratorBase &, T2)::[lambda(float) (instance 1)], std::array<char *, (unsigned long)2>>(int, T2, T3)"
PyTorch:BasicsTransformerLM.layers.26.ln1,PushPop,343,343,12,12,93152,7762.7,7584.0,6976,8544,475.5,"void at::native::reduce_kernel<(int)512, (int)1, at::native::ReduceOp<float, at::native::MeanOps<float, float, float, float>, unsigned int, float, (int)4, (int)4>>(T3)"
PyTorch:BasicsTransformerLM.layers.26.ln1,PushPop,343,343,12,12,18976,1581.3,1568.0,1536,1696,44.1,"void at::native::vectorized_elementwise_kernel<(int)4, at::native::CUDAFunctorOnSelf_add<float>, std::array<char *, (unsigned long)2>>(int, T2, T3)"
PyTorch:BasicsTransformerLM.layers.26.ln1,PushPop,343,343,12,12,18560,1546.7,1504.0,1408,1696,99.6,"void at::native::vectorized_elementwise_kernel<(int)4, at::native::rsqrt_kernel_cuda(at::TensorIteratorBase &)::[lambda() (instance 2)]::operator ()() const::[lambda() (instance 2)]::operator ()() const::[lambda(float) (instance 1)], std::array<char *, (unsigned long)2>>(int, T2, T3)"
PyTorch:BasicsTransformerLM.layers.26.ln2,PushPop,343,343,12,24,571233,23801.4,23712.0,23264,24417,331.8,"void at::native::elementwise_kernel<(int)128, (int)2, void at::native::gpu_kernel_impl_nocast<at::native::BinaryFunctor<float, float, float, at::native::binary_internal::MulFunctor<float>>>(at::TensorIteratorBase &, const T1 &)::[lambda(int) (instance 1)]>(int, T3)"
PyTorch:BasicsTransformerLM.layers.26.ln2,PushPop,343,343,12,12,112672,9389.3,9376.0,9152,9664,158.2,"void at::native::vectorized_elementwise_kernel<(int)4, void at::native::<unnamed>::pow_tensor_scalar_kernel_impl<float, float>(at::TensorIteratorBase &, T2)::[lambda(float) (instance 1)], std::array<char *, (unsigned long)2>>(int, T2, T3)"
PyTorch:BasicsTransformerLM.layers.26.ln2,PushPop,343,343,12,12,90496,7541.3,7392.0,7104,8384,414.6,"void at::native::reduce_kernel<(int)512, (int)1, at::native::ReduceOp<float, at::native::MeanOps<float, float, float, float>, unsigned int, float, (int)4, (int)4>>(T3)"
PyTorch:BasicsTransformerLM.layers.26.ln2,PushPop,343,343,12,12,18912,1576.0,1568.0,1536,1760,61.2,"void at::native::vectorized_elementwise_kernel<(int)4, at::native::CUDAFunctorOnSelf_add<float>, std::array<char *, (unsigned long)2>>(int, T2, T3)"
PyTorch:BasicsTransformerLM.layers.26.ln2,PushPop,343,343,12,12,17952,1496.0,1472.0,1472,1568,33.8,"void at::native::vectorized_elementwise_kernel<(int)4, at::native::rsqrt_kernel_cuda(at::TensorIteratorBase &)::[lambda() (instance 2)]::operator ()() const::[lambda() (instance 2)]::operator ()() const::[lambda(float) (instance 1)], std::array<char *, (unsigned long)2>>(int, T2, T3)"
PyTorch:BasicsTransformerLM.layers.27,PushPop,343,343,12,36,56777773,1577160.4,1753491.0,1215267,1763746,258937.6,cutlass3x_sm100_simt_sgemm_f32_f32_f32_f32_f32_128x128x16_1x1x1_3_tnn_align1_bias_f32_relu
PyTorch:BasicsTransformerLM.layers.27,PushPop,343,343,12,48,24773964,516124.3,514673.0,513921,521632,2723.8,cutlass3x_sm100_simt_sgemm_f32_f32_f32_f32_f32_64x128x16_1x1x1_3_tnn_align1_bias_f32_relu
PyTorch:BasicsTransformerLM.layers.27,PushPop,343,343,12,12,21667114,1805592.8,1805589.0,1804324,1806753,842.1,cutlass3x_sm100_simt_sgemm_f32_f32_f32_f32_f32_128x64x16_1x1x1_3_tnn_align1_bias_f32_relu
PyTorch:BasicsTransformerLM.layers.27,PushPop,343,343,12,12,12249751,1020812.6,1020434.0,1020003,1023681,996.4,"void at::native::elementwise_kernel<(int)128, (int)2, void at::native::gpu_kernel_impl_nocast<at::native::BinaryFunctor<float, float, float, at::native::binary_internal::DivFunctor<float>>>(at::TensorIteratorBase &, const T1 &)::[lambda(int) (instance 1)]>(int, T3)"
PyTorch:BasicsTransformerLM.layers.27,PushPop,343,343,12,12,10654423,887868.6,887762.0,887458,889185,451.4,"void at::native::elementwise_kernel<(int)128, (int)2, void at::native::gpu_kernel_impl_nocast<at::native::<unnamed>::where_kernel_impl(at::TensorIterator &)::[lambda() (instance 1)]::operator ()() const::[lambda() (instance 11)]::operator ()() const::[lambda(bool, float, float) (instance 1)]>(at::TensorIteratorBase &, const T1 &)::[lambda(int) (instance 1)]>(int, T3)"
PyTorch:BasicsTransformerLM.layers.27,PushPop,343,343,12,12,10586452,882204.3,882194.0,880706,884225,1063.7,"void at::native::elementwise_kernel<(int)128, (int)2, void at::native::gpu_kernel_impl_nocast<at::native::CUDAFunctor_add<float>>(at::TensorIteratorBase &, const T1 &)::[lambda(int) (instance 1)]>(int, T3)"
PyTorch:BasicsTransformerLM.layers.27,PushPop,343,343,12,12,9777653,814804.4,814562.0,814114,816449,737.4,cutlass3x_sm100_simt_sgemm_f32_f32_f32_f32_f32_64x128x16_1x1x1_3_nnn_align1_bias_f32_relu
PyTorch:BasicsTransformerLM.layers.27,PushPop,343,343,12,12,4653705,387808.8,387616.0,386753,389217,800.5,"void at::native::vectorized_elementwise_kernel<(int)4, at::native::BUnaryFunctor<float, float, float, at::native::binary_internal::MulFunctor<float>>, std::array<char *, (unsigned long)2>>(int, T2, T3)"
PyTorch:BasicsTransformerLM.layers.27,PushPop,343,343,12,12,4613767,384480.6,384241.0,383488,386208,922.1,"void at::native::vectorized_elementwise_kernel<(int)4, at::native::exp_kernel_cuda(at::TensorIteratorBase &)::[lambda() (instance 2)]::operator ()() const::[lambda() (instance 2)]::operator ()() const::[lambda(float) (instance 1)], std::array<char *, (unsigned long)2>>(int, T2, T3)"
PyTorch:BasicsTransformerLM.layers.27,PushPop,343,343,12,12,3791303,315941.9,315953.0,315137,316481,408.7,"void at::native::reduce_kernel<(int)512, (int)1, at::native::ReduceOp<float, at::native::MaxOps<float>, unsigned int, float, (int)4, (int)4>>(T3)"
PyTorch:BasicsTransformerLM.layers.27,PushPop,343,343,12,144,2758084,19153.4,18192.0,14912,24544,3633.2,"void at::native::elementwise_kernel<(int)128, (int)2, void at::native::gpu_kernel_impl_nocast<at::native::BinaryFunctor<float, float, float, at::native::binary_internal::MulFunctor<float>>>(at::TensorIteratorBase &, const T1 &)::[lambda(int) (instance 1)]>(int, T3)"
PyTorch:BasicsTransformerLM.layers.27,PushPop,343,343,12,12,2740615,228384.6,228208.5,228097,229216,350.6,"void at::native::reduce_kernel<(int)512, (int)1, at::native::ReduceOp<float, at::native::func_wrapper_t<float, at::native::sum_functor<float, float, float>::operator ()(at::TensorIterator &)::[lambda(float, float) (instance 1)]>, unsigned int, float, (int)4, (int)4>>(T3)"
PyTorch:BasicsTransformerLM.layers.27,PushPop,343,343,12,24,1770084,73753.5,74128.5,71968,74912,972.5,"void at::native::vectorized_elementwise_kernel<(int)4, at::native::BinaryFunctor<float, float, float, at::native::binary_internal::MulFunctor<float>>, std::array<char *, (unsigned long)3>>(int, T2, T3)"
PyTorch:BasicsTransformerLM.layers.27,PushPop,343,343,12,24,1303010,54292.1,54256.5,53792,54848,304.8,"void at::native::<unnamed>::CatArrayBatchedCopy<at::native::<unnamed>::OpaqueType<(unsigned int)4>, unsigned int, (int)4, (int)64, (int)64>(T1 *, at::native::<unnamed>::CatArrInputTensorMetadata<T1, T2, T4, T5>, at::native::<unnamed>::TensorSizeStride<T2, (unsigned int)4>, int, T2)"
PyTorch:BasicsTransformerLM.layers.27,PushPop,343,343,12,24,744416,31017.3,30992.0,29344,32672,1514.6,"void at::native::elementwise_kernel<(int)128, (int)2, void at::native::gpu_kernel_impl_nocast<at::native::direct_copy_kernel_cuda(at::TensorIteratorBase &)::[lambda() (instance 3)]::operator ()() const::[lambda() (instance 7)]::operator ()() const::[lambda(float) (instance 1)]>(at::TensorIteratorBase &, const T1 &)::[lambda(int) (instance 1)]>(int, T3)"
PyTorch:BasicsTransformerLM.layers.27,PushPop,343,343,12,72,712672,9898.2,6928.0,6624,16512,4354.2,"void at::native::vectorized_elementwise_kernel<(int)4, at::native::CUDAFunctor_add<float>, std::array<char *, (unsigned long)3>>(int, T2, T3)"
PyTorch:BasicsTransformerLM.layers.27,PushPop,343,343,12,12,588224,49018.7,48912.0,48256,50176,501.3,"void at::native::vectorized_elementwise_kernel<(int)4, at::native::sigmoid_kernel_cuda(at::TensorIteratorBase &)::[lambda() (instance 2)]::operator ()() const::[lambda() (instance 2)]::operator ()() const::[lambda(float) (instance 1)], std::array<char *, (unsigned long)2>>(int, T2, T3)"
PyTorch:BasicsTransformerLM.layers.27,PushPop,343,343,12,24,227297,9470.7,9424.0,9120,9920,219.1,"void at::native::vectorized_elementwise_kernel<(int)4, void at::native::<unnamed>::pow_tensor_scalar_kernel_impl<float, float>(at::TensorIteratorBase &, T2)::[lambda(float) (instance 1)], std::array<char *, (unsigned long)2>>(int, T2, T3)"
PyTorch:BasicsTransformerLM.layers.27,PushPop,343,343,12,24,183040,7626.7,7696.0,7008,8448,359.0,"void at::native::reduce_kernel<(int)512, (int)1, at::native::ReduceOp<float, at::native::MeanOps<float, float, float, float>, unsigned int, float, (int)4, (int)4>>(T3)"
PyTorch:BasicsTransformerLM.layers.27,PushPop,343,343,12,12,103904,8658.7,8624.0,8576,8896,96.0,"void at::native::elementwise_kernel<(int)128, (int)4, void at::native::gpu_kernel_impl_nocast<at::native::<unnamed>::CompareFunctor<long>>(at::TensorIteratorBase &, const T1 &)::[lambda(int) (instance 1)]>(int, T3)"
PyTorch:BasicsTransformerLM.layers.27,PushPop,343,343,12,24,38656,1610.7,1568.0,1536,1824,82.6,"void at::native::vectorized_elementwise_kernel<(int)4, at::native::CUDAFunctorOnSelf_add<float>, std::array<char *, (unsigned long)2>>(int, T2, T3)"
PyTorch:BasicsTransformerLM.layers.27,PushPop,343,343,12,24,35776,1490.7,1472.0,1440,1632,46.1,"void at::native::vectorized_elementwise_kernel<(int)4, at::native::rsqrt_kernel_cuda(at::TensorIteratorBase &)::[lambda() (instance 2)]::operator ()() const::[lambda() (instance 2)]::operator ()() const::[lambda(float) (instance 1)], std::array<char *, (unsigned long)2>>(int, T2, T3)"
PyTorch:BasicsTransformerLM.layers.27,PushPop,343,343,12,12,14304,1192.0,1168.0,1120,1344,79.7,"void <unnamed>::elementwise_kernel_with_index<int, at::native::arange_cuda_out(const c10::Scalar &, const c10::Scalar &, const c10::Scalar &, at::Tensor &)::[lambda() (instance 1)]::operator ()() const::[lambda() (instance 4)]::operator ()() const::[lambda(long) (instance 1)]>(T1, T2, function_traits<T2>::result_type *)"
PyTorch:BasicsTransformerLM.layers.27,PushPop,343,343,12,12,12800,1066.7,1056.0,928,1312,126.8,"void at::native::vectorized_elementwise_kernel<(int)4, at::native::FillFunctor<float>, std::array<char *, (unsigned long)1>>(int, T2, T3)"
PyTorch:BasicsTransformerLM.layers.27.attn,PushPop,343,343,12,48,24773964,516124.3,514673.0,513921,521632,2723.8,cutlass3x_sm100_simt_sgemm_f32_f32_f32_f32_f32_64x128x16_1x1x1_3_tnn_align1_bias_f32_relu
PyTorch:BasicsTransformerLM.layers.27.attn,PushPop,343,343,12,12,14593468,1216122.3,1216035.0,1215267,1216835,553.7,cutlass3x_sm100_simt_sgemm_f32_f32_f32_f32_f32_128x128x16_1x1x1_3_tnn_align1_bias_f32_relu
PyTorch:BasicsTransformerLM.layers.27.attn,PushPop,343,343,12,12,12249751,1020812.6,1020434.0,1020003,1023681,996.4,"void at::native::elementwise_kernel<(int)128, (int)2, void at::native::gpu_kernel_impl_nocast<at::native::BinaryFunctor<float, float, float, at::native::binary_internal::DivFunctor<float>>>(at::TensorIteratorBase &, const T1 &)::[lambda(int) (instance 1)]>(int, T3)"
PyTorch:BasicsTransformerLM.layers.27.attn,PushPop,343,343,12,12,10654423,887868.6,887762.0,887458,889185,451.4,"void at::native::elementwise_kernel<(int)128, (int)2, void at::native::gpu_kernel_impl_nocast<at::native::<unnamed>::where_kernel_impl(at::TensorIterator &)::[lambda() (instance 1)]::operator ()() const::[lambda() (instance 11)]::operator ()() const::[lambda(bool, float, float) (instance 1)]>(at::TensorIteratorBase &, const T1 &)::[lambda(int) (instance 1)]>(int, T3)"
PyTorch:BasicsTransformerLM.layers.27.attn,PushPop,343,343,12,12,10586452,882204.3,882194.0,880706,884225,1063.7,"void at::native::elementwise_kernel<(int)128, (int)2, void at::native::gpu_kernel_impl_nocast<at::native::CUDAFunctor_add<float>>(at::TensorIteratorBase &, const T1 &)::[lambda(int) (instance 1)]>(int, T3)"
PyTorch:BasicsTransformerLM.layers.27.attn,PushPop,343,343,12,12,9777653,814804.4,814562.0,814114,816449,737.4,cutlass3x_sm100_simt_sgemm_f32_f32_f32_f32_f32_64x128x16_1x1x1_3_nnn_align1_bias_f32_relu
PyTorch:BasicsTransformerLM.layers.27.attn,PushPop,343,343,12,12,4653705,387808.8,387616.0,386753,389217,800.5,"void at::native::vectorized_elementwise_kernel<(int)4, at::native::BUnaryFunctor<float, float, float, at::native::binary_internal::MulFunctor<float>>, std::array<char *, (unsigned long)2>>(int, T2, T3)"
PyTorch:BasicsTransformerLM.layers.27.attn,PushPop,343,343,12,12,4613767,384480.6,384241.0,383488,386208,922.1,"void at::native::vectorized_elementwise_kernel<(int)4, at::native::exp_kernel_cuda(at::TensorIteratorBase &)::[lambda() (instance 2)]::operator ()() const::[lambda() (instance 2)]::operator ()() const::[lambda(float) (instance 1)], std::array<char *, (unsigned long)2>>(int, T2, T3)"
PyTorch:BasicsTransformerLM.layers.27.attn,PushPop,343,343,12,12,3791303,315941.9,315953.0,315137,316481,408.7,"void at::native::reduce_kernel<(int)512, (int)1, at::native::ReduceOp<float, at::native::MaxOps<float>, unsigned int, float, (int)4, (int)4>>(T3)"
PyTorch:BasicsTransformerLM.layers.27.attn,PushPop,343,343,12,12,2740615,228384.6,228208.5,228097,229216,350.6,"void at::native::reduce_kernel<(int)512, (int)1, at::native::ReduceOp<float, at::native::func_wrapper_t<float, at::native::sum_functor<float, float, float>::operator ()(at::TensorIterator &)::[lambda(float, float) (instance 1)]>, unsigned int, float, (int)4, (int)4>>(T3)"
PyTorch:BasicsTransformerLM.layers.27.attn,PushPop,343,343,12,96,1612195,16793.7,16480.0,14912,19936,1720.0,"void at::native::elementwise_kernel<(int)128, (int)2, void at::native::gpu_kernel_impl_nocast<at::native::BinaryFunctor<float, float, float, at::native::binary_internal::MulFunctor<float>>>(at::TensorIteratorBase &, const T1 &)::[lambda(int) (instance 1)]>(int, T3)"
PyTorch:BasicsTransformerLM.layers.27.attn,PushPop,343,343,12,24,1303010,54292.1,54256.5,53792,54848,304.8,"void at::native::<unnamed>::CatArrayBatchedCopy<at::native::<unnamed>::OpaqueType<(unsigned int)4>, unsigned int, (int)4, (int)64, (int)64>(T1 *, at::native::<unnamed>::CatArrInputTensorMetadata<T1, T2, T4, T5>, at::native::<unnamed>::TensorSizeStride<T2, (unsigned int)4>, int, T2)"
PyTorch:BasicsTransformerLM.layers.27.attn,PushPop,343,343,12,24,744416,31017.3,30992.0,29344,32672,1514.6,"void at::native::elementwise_kernel<(int)128, (int)2, void at::native::gpu_kernel_impl_nocast<at::native::direct_copy_kernel_cuda(at::TensorIteratorBase &)::[lambda() (instance 3)]::operator ()() const::[lambda() (instance 7)]::operator ()() const::[lambda(float) (instance 1)]>(at::TensorIteratorBase &, const T1 &)::[lambda(int) (instance 1)]>(int, T3)"
PyTorch:BasicsTransformerLM.layers.27.attn,PushPop,343,343,12,48,328480,6843.3,6816.0,6624,7104,124.4,"void at::native::vectorized_elementwise_kernel<(int)4, at::native::CUDAFunctor_add<float>, std::array<char *, (unsigned long)3>>(int, T2, T3)"
PyTorch:BasicsTransformerLM.layers.27.attn,PushPop,343,343,12,12,103904,8658.7,8624.0,8576,8896,96.0,"void at::native::elementwise_kernel<(int)128, (int)4, void at::native::gpu_kernel_impl_nocast<at::native::<unnamed>::CompareFunctor<long>>(at::TensorIteratorBase &, const T1 &)::[lambda(int) (instance 1)]>(int, T3)"
PyTorch:BasicsTransformerLM.layers.27.attn,PushPop,343,343,12,12,14304,1192.0,1168.0,1120,1344,79.7,"void <unnamed>::elementwise_kernel_with_index<int, at::native::arange_cuda_out(const c10::Scalar &, const c10::Scalar &, const c10::Scalar &, at::Tensor &)::[lambda() (instance 1)]::operator ()() const::[lambda() (instance 4)]::operator ()() const::[lambda(long) (instance 1)]>(T1, T2, function_traits<T2>::result_type *)"
PyTorch:BasicsTransformerLM.layers.27.attn,PushPop,343,343,12,12,12800,1066.7,1056.0,928,1312,126.8,"void at::native::vectorized_elementwise_kernel<(int)4, at::native::FillFunctor<float>, std::array<char *, (unsigned long)1>>(int, T2, T3)"
PyTorch:BasicsTransformerLM.layers.27.attn.k_proj,PushPop,343,343,12,12,6176428,514702.3,514656.5,514336,515137,220.0,cutlass3x_sm100_simt_sgemm_f32_f32_f32_f32_f32_64x128x16_1x1x1_3_tnn_align1_bias_f32_relu
PyTorch:BasicsTransformerLM.layers.27.attn.output_proj,PushPop,343,343,12,12,6249065,520755.4,520656.5,520194,521632,451.3,cutlass3x_sm100_simt_sgemm_f32_f32_f32_f32_f32_64x128x16_1x1x1_3_tnn_align1_bias_f32_relu
PyTorch:BasicsTransformerLM.layers.27.attn.q_proj,PushPop,343,343,12,12,6171948,514329.0,514336.5,513921,514912,242.6,cutlass3x_sm100_simt_sgemm_f32_f32_f32_f32_f32_64x128x16_1x1x1_3_tnn_align1_bias_f32_relu
PyTorch:BasicsTransformerLM.layers.27.attn.v_proj,PushPop,343,343,12,12,6176523,514710.3,514625.0,514273,515265,297.4,cutlass3x_sm100_simt_sgemm_f32_f32_f32_f32_f32_64x128x16_1x1x1_3_tnn_align1_bias_f32_relu
PyTorch:BasicsTransformerLM.layers.27.ffn,PushPop,343,343,12,24,42184305,1757679.4,1756787.5,1752805,1763746,4319.0,cutlass3x_sm100_simt_sgemm_f32_f32_f32_f32_f32_128x128x16_1x1x1_3_tnn_align1_bias_f32_relu
PyTorch:BasicsTransformerLM.layers.27.ffn,PushPop,343,343,12,12,21667114,1805592.8,1805589.0,1804324,1806753,842.1,cutlass3x_sm100_simt_sgemm_f32_f32_f32_f32_f32_128x64x16_1x1x1_3_tnn_align1_bias_f32_relu
PyTorch:BasicsTransformerLM.layers.27.ffn,PushPop,343,343,12,24,1770084,73753.5,74128.5,71968,74912,972.5,"void at::native::vectorized_elementwise_kernel<(int)4, at::native::BinaryFunctor<float, float, float, at::native::binary_internal::MulFunctor<float>>, std::array<char *, (unsigned long)3>>(int, T2, T3)"
PyTorch:BasicsTransformerLM.layers.27.ffn,PushPop,343,343,12,12,588224,49018.7,48912.0,48256,50176,501.3,"void at::native::vectorized_elementwise_kernel<(int)4, at::native::sigmoid_kernel_cuda(at::TensorIteratorBase &)::[lambda() (instance 2)]::operator ()() const::[lambda() (instance 2)]::operator ()() const::[lambda(float) (instance 1)], std::array<char *, (unsigned long)2>>(int, T2, T3)"
PyTorch:BasicsTransformerLM.layers.27.ffn.w1,PushPop,343,343,12,12,21141770,1761814.2,1761812.0,1758917,1763746,1192.7,cutlass3x_sm100_simt_sgemm_f32_f32_f32_f32_f32_128x128x16_1x1x1_3_tnn_align1_bias_f32_relu
PyTorch:BasicsTransformerLM.layers.27.ffn.w2,PushPop,343,343,12,12,21667114,1805592.8,1805589.0,1804324,1806753,842.1,cutlass3x_sm100_simt_sgemm_f32_f32_f32_f32_f32_128x64x16_1x1x1_3_tnn_align1_bias_f32_relu
PyTorch:BasicsTransformerLM.layers.27.ffn.w3,PushPop,343,343,12,12,21042535,1753544.6,1753491.0,1752805,1754658,528.2,cutlass3x_sm100_simt_sgemm_f32_f32_f32_f32_f32_128x128x16_1x1x1_3_tnn_align1_bias_f32_relu
PyTorch:BasicsTransformerLM.layers.27.ln1,PushPop,343,343,12,24,573088,23878.7,23872.0,23392,24544,277.5,"void at::native::elementwise_kernel<(int)128, (int)2, void at::native::gpu_kernel_impl_nocast<at::native::BinaryFunctor<float, float, float, at::native::binary_internal::MulFunctor<float>>>(at::TensorIteratorBase &, const T1 &)::[lambda(int) (instance 1)]>(int, T3)"
PyTorch:BasicsTransformerLM.layers.27.ln1,PushPop,343,343,12,12,113600,9466.7,9456.0,9120,9920,219.5,"void at::native::vectorized_elementwise_kernel<(int)4, void at::native::<unnamed>::pow_tensor_scalar_kernel_impl<float, float>(at::TensorIteratorBase &, T2)::[lambda(float) (instance 1)], std::array<char *, (unsigned long)2>>(int, T2, T3)"
PyTorch:BasicsTransformerLM.layers.27.ln1,PushPop,343,343,12,12,92416,7701.3,7680.0,7264,8448,360.3,"void at::native::reduce_kernel<(int)512, (int)1, at::native::ReduceOp<float, at::native::MeanOps<float, float, float, float>, unsigned int, float, (int)4, (int)4>>(T3)"
PyTorch:BasicsTransformerLM.layers.27.ln1,PushPop,343,343,12,12,19680,1640.0,1600.0,1536,1824,104.0,"void at::native::vectorized_elementwise_kernel<(int)4, at::native::CUDAFunctorOnSelf_add<float>, std::array<char *, (unsigned long)2>>(int, T2, T3)"
PyTorch:BasicsTransformerLM.layers.27.ln1,PushPop,343,343,12,12,17824,1485.3,1488.0,1440,1568,37.3,"void at::native::vectorized_elementwise_kernel<(int)4, at::native::rsqrt_kernel_cuda(at::TensorIteratorBase &)::[lambda() (instance 2)]::operator ()() const::[lambda() (instance 2)]::operator ()() const::[lambda(float) (instance 1)], std::array<char *, (unsigned long)2>>(int, T2, T3)"
PyTorch:BasicsTransformerLM.layers.27.ln2,PushPop,343,343,12,24,572801,23866.7,23888.0,23456,24320,231.8,"void at::native::elementwise_kernel<(int)128, (int)2, void at::native::gpu_kernel_impl_nocast<at::native::BinaryFunctor<float, float, float, at::native::binary_internal::MulFunctor<float>>>(at::TensorIteratorBase &, const T1 &)::[lambda(int) (instance 1)]>(int, T3)"
PyTorch:BasicsTransformerLM.layers.27.ln2,PushPop,343,343,12,12,113697,9474.8,9392.0,9216,9889,228.3,"void at::native::vectorized_elementwise_kernel<(int)4, void at::native::<unnamed>::pow_tensor_scalar_kernel_impl<float, float>(at::TensorIteratorBase &, T2)::[lambda(float) (instance 1)], std::array<char *, (unsigned long)2>>(int, T2, T3)"
PyTorch:BasicsTransformerLM.layers.27.ln2,PushPop,343,343,12,12,90624,7552.0,7712.0,7008,7968,357.1,"void at::native::reduce_kernel<(int)512, (int)1, at::native::ReduceOp<float, at::native::MeanOps<float, float, float, float>, unsigned int, float, (int)4, (int)4>>(T3)"
PyTorch:BasicsTransformerLM.layers.27.ln2,PushPop,343,343,12,12,18976,1581.3,1568.0,1536,1696,39.7,"void at::native::vectorized_elementwise_kernel<(int)4, at::native::CUDAFunctorOnSelf_add<float>, std::array<char *, (unsigned long)2>>(int, T2, T3)"
PyTorch:BasicsTransformerLM.layers.27.ln2,PushPop,343,343,12,12,17952,1496.0,1472.0,1440,1632,54.8,"void at::native::vectorized_elementwise_kernel<(int)4, at::native::rsqrt_kernel_cuda(at::TensorIteratorBase &)::[lambda() (instance 2)]::operator ()() const::[lambda() (instance 2)]::operator ()() const::[lambda(float) (instance 1)], std::array<char *, (unsigned long)2>>(int, T2, T3)"
PyTorch:BasicsTransformerLM.layers.28,PushPop,343,343,12,36,56784779,1577355.0,1753443.0,1214530,1763491,259134.4,cutlass3x_sm100_simt_sgemm_f32_f32_f32_f32_f32_128x128x16_1x1x1_3_tnn_align1_bias_f32_relu
PyTorch:BasicsTransformerLM.layers.28,PushPop,343,343,12,48,24774928,516144.3,514801.0,513857,521248,2704.1,cutlass3x_sm100_simt_sgemm_f32_f32_f32_f32_f32_64x128x16_1x1x1_3_tnn_align1_bias_f32_relu
PyTorch:BasicsTransformerLM.layers.28,PushPop,343,343,12,12,21669163,1805763.6,1805843.0,1803941,1807684,1099.5,cutlass3x_sm100_simt_sgemm_f32_f32_f32_f32_f32_128x64x16_1x1x1_3_tnn_align1_bias_f32_relu
PyTorch:BasicsTransformerLM.layers.28,PushPop,343,343,12,12,12247126,1020593.8,1020322.5,1019553,1021953,856.7,"void at::native::elementwise_kernel<(int)128, (int)2, void at::native::gpu_kernel_impl_nocast<at::native::BinaryFunctor<float, float, float, at::native::binary_internal::DivFunctor<float>>>(at::TensorIteratorBase &, const T1 &)::[lambda(int) (instance 1)]>(int, T3)"
PyTorch:BasicsTransformerLM.layers.28,PushPop,343,343,12,12,10652949,887745.8,887777.0,887073,888321,394.9,"void at::native::elementwise_kernel<(int)128, (int)2, void at::native::gpu_kernel_impl_nocast<at::native::<unnamed>::where_kernel_impl(at::TensorIterator &)::[lambda() (instance 1)]::operator ()() const::[lambda() (instance 11)]::operator ()() const::[lambda(bool, float, float) (instance 1)]>(at::TensorIteratorBase &, const T1 &)::[lambda(int) (instance 1)]>(int, T3)"
PyTorch:BasicsTransformerLM.layers.28,PushPop,343,343,12,12,10580724,881727.0,881649.5,880865,882787,684.3,"void at::native::elementwise_kernel<(int)128, (int)2, void at::native::gpu_kernel_impl_nocast<at::native::CUDAFunctor_add<float>>(at::TensorIteratorBase &, const T1 &)::[lambda(int) (instance 1)]>(int, T3)"
PyTorch:BasicsTransformerLM.layers.28,PushPop,343,343,12,12,9775316,814609.7,814578.0,813825,815904,613.9,cutlass3x_sm100_simt_sgemm_f32_f32_f32_f32_f32_64x128x16_1x1x1_3_nnn_align1_bias_f32_relu
PyTorch:BasicsTransformerLM.layers.28,PushPop,343,343,12,12,4650729,387560.8,387601.0,386625,388736,748.4,"void at::native::vectorized_elementwise_kernel<(int)4, at::native::BUnaryFunctor<float, float, float, at::native::binary_internal::MulFunctor<float>>, std::array<char *, (unsigned long)2>>(int, T2, T3)"
PyTorch:BasicsTransformerLM.layers.28,PushPop,343,343,12,12,4627978,385664.8,385633.0,384321,387105,987.5,"void at::native::vectorized_elementwise_kernel<(int)4, at::native::exp_kernel_cuda(at::TensorIteratorBase &)::[lambda() (instance 2)]::operator ()() const::[lambda() (instance 2)]::operator ()() const::[lambda(float) (instance 1)], std::array<char *, (unsigned long)2>>(int, T2, T3)"
PyTorch:BasicsTransformerLM.layers.28,PushPop,343,343,12,12,3791717,315976.4,315904.5,315489,316512,281.7,"void at::native::reduce_kernel<(int)512, (int)1, at::native::ReduceOp<float, at::native::MaxOps<float>, unsigned int, float, (int)4, (int)4>>(T3)"
PyTorch:BasicsTransformerLM.layers.28,PushPop,343,343,12,144,2754499,19128.5,18272.0,14848,24480,3637.5,"void at::native::elementwise_kernel<(int)128, (int)2, void at::native::gpu_kernel_impl_nocast<at::native::BinaryFunctor<float, float, float, at::native::binary_internal::MulFunctor<float>>>(at::TensorIteratorBase &, const T1 &)::[lambda(int) (instance 1)]>(int, T3)"
PyTorch:BasicsTransformerLM.layers.28,PushPop,343,343,12,12,2737925,228160.4,228256.5,227552,228769,458.1,"void at::native::reduce_kernel<(int)512, (int)1, at::native::ReduceOp<float, at::native::func_wrapper_t<float, at::native::sum_functor<float, float, float>::operator ()(at::TensorIterator &)::[lambda(float, float) (instance 1)]>, unsigned int, float, (int)4, (int)4>>(T3)"
PyTorch:BasicsTransformerLM.layers.28,PushPop,343,343,12,24,1771811,73825.5,74064.0,72224,75681,1118.9,"void at::native::vectorized_elementwise_kernel<(int)4, at::native::BinaryFunctor<float, float, float, at::native::binary_internal::MulFunctor<float>>, std::array<char *, (unsigned long)3>>(int, T2, T3)"
PyTorch:BasicsTransformerLM.layers.28,PushPop,343,343,12,24,1306564,54440.2,54384.0,53824,54912,290.1,"void at::native::<unnamed>::CatArrayBatchedCopy<at::native::<unnamed>::OpaqueType<(unsigned int)4>, unsigned int, (int)4, (int)64, (int)64>(T1 *, at::native::<unnamed>::CatArrInputTensorMetadata<T1, T2, T4, T5>, at::native::<unnamed>::TensorSizeStride<T2, (unsigned int)4>, int, T2)"
PyTorch:BasicsTransformerLM.layers.28,PushPop,343,343,12,24,743809,30992.0,31056.0,29216,32832,1528.7,"void at::native::elementwise_kernel<(int)128, (int)2, void at::native::gpu_kernel_impl_nocast<at::native::direct_copy_kernel_cuda(at::TensorIteratorBase &)::[lambda() (instance 3)]::operator ()() const::[lambda() (instance 7)]::operator ()() const::[lambda(float) (instance 1)]>(at::TensorIteratorBase &, const T1 &)::[lambda(int) (instance 1)]>(int, T3)"
PyTorch:BasicsTransformerLM.layers.28,PushPop,343,343,12,72,712162,9891.1,6880.0,6656,16544,4360.7,"void at::native::vectorized_elementwise_kernel<(int)4, at::native::CUDAFunctor_add<float>, std::array<char *, (unsigned long)3>>(int, T2, T3)"
PyTorch:BasicsTransformerLM.layers.28,PushPop,343,343,12,12,589410,49117.5,49152.0,48608,49696,352.8,"void at::native::vectorized_elementwise_kernel<(int)4, at::native::sigmoid_kernel_cuda(at::TensorIteratorBase &)::[lambda() (instance 2)]::operator ()() const::[lambda() (instance 2)]::operator ()() const::[lambda(float) (instance 1)], std::array<char *, (unsigned long)2>>(int, T2, T3)"
PyTorch:BasicsTransformerLM.layers.28,PushPop,343,343,12,24,228576,9524.0,9504.0,9184,9824,159.8,"void at::native::vectorized_elementwise_kernel<(int)4, void at::native::<unnamed>::pow_tensor_scalar_kernel_impl<float, float>(at::TensorIteratorBase &, T2)::[lambda(float) (instance 1)], std::array<char *, (unsigned long)2>>(int, T2, T3)"
PyTorch:BasicsTransformerLM.layers.28,PushPop,343,343,12,24,184896,7704.0,7648.0,7072,8640,446.2,"void at::native::reduce_kernel<(int)512, (int)1, at::native::ReduceOp<float, at::native::MeanOps<float, float, float, float>, unsigned int, float, (int)4, (int)4>>(T3)"
PyTorch:BasicsTransformerLM.layers.28,PushPop,343,343,12,12,103874,8656.2,8640.0,8576,8864,85.9,"void at::native::elementwise_kernel<(int)128, (int)4, void at::native::gpu_kernel_impl_nocast<at::native::<unnamed>::CompareFunctor<long>>(at::TensorIteratorBase &, const T1 &)::[lambda(int) (instance 1)]>(int, T3)"
PyTorch:BasicsTransformerLM.layers.28,PushPop,343,343,12,24,38176,1590.7,1568.0,1536,1728,59.3,"void at::native::vectorized_elementwise_kernel<(int)4, at::native::CUDAFunctorOnSelf_add<float>, std::array<char *, (unsigned long)2>>(int, T2, T3)"
PyTorch:BasicsTransformerLM.layers.28,PushPop,343,343,12,24,35936,1497.3,1472.0,1440,1632,46.2,"void at::native::vectorized_elementwise_kernel<(int)4, at::native::rsqrt_kernel_cuda(at::TensorIteratorBase &)::[lambda() (instance 2)]::operator ()() const::[lambda() (instance 2)]::operator ()() const::[lambda(float) (instance 1)], std::array<char *, (unsigned long)2>>(int, T2, T3)"
PyTorch:BasicsTransformerLM.layers.28,PushPop,343,343,12,12,14048,1170.7,1152.0,1120,1312,63.2,"void <unnamed>::elementwise_kernel_with_index<int, at::native::arange_cuda_out(const c10::Scalar &, const c10::Scalar &, const c10::Scalar &, at::Tensor &)::[lambda() (instance 1)]::operator ()() const::[lambda() (instance 4)]::operator ()() const::[lambda(long) (instance 1)]>(T1, T2, function_traits<T2>::result_type *)"
PyTorch:BasicsTransformerLM.layers.28,PushPop,343,343,12,12,12640,1053.3,1040.0,960,1184,96.0,"void at::native::vectorized_elementwise_kernel<(int)4, at::native::FillFunctor<float>, std::array<char *, (unsigned long)1>>(int, T2, T3)"
PyTorch:BasicsTransformerLM.layers.28.attn,PushPop,343,343,12,48,24774928,516144.3,514801.0,513857,521248,2704.1,cutlass3x_sm100_simt_sgemm_f32_f32_f32_f32_f32_64x128x16_1x1x1_3_tnn_align1_bias_f32_relu
PyTorch:BasicsTransformerLM.layers.28.attn,PushPop,343,343,12,12,14592571,1216047.6,1216083.0,1214530,1217379,776.8,cutlass3x_sm100_simt_sgemm_f32_f32_f32_f32_f32_128x128x16_1x1x1_3_tnn_align1_bias_f32_relu
PyTorch:BasicsTransformerLM.layers.28.attn,PushPop,343,343,12,12,12247126,1020593.8,1020322.5,1019553,1021953,856.7,"void at::native::elementwise_kernel<(int)128, (int)2, void at::native::gpu_kernel_impl_nocast<at::native::BinaryFunctor<float, float, float, at::native::binary_internal::DivFunctor<float>>>(at::TensorIteratorBase &, const T1 &)::[lambda(int) (instance 1)]>(int, T3)"
PyTorch:BasicsTransformerLM.layers.28.attn,PushPop,343,343,12,12,10652949,887745.8,887777.0,887073,888321,394.9,"void at::native::elementwise_kernel<(int)128, (int)2, void at::native::gpu_kernel_impl_nocast<at::native::<unnamed>::where_kernel_impl(at::TensorIterator &)::[lambda() (instance 1)]::operator ()() const::[lambda() (instance 11)]::operator ()() const::[lambda(bool, float, float) (instance 1)]>(at::TensorIteratorBase &, const T1 &)::[lambda(int) (instance 1)]>(int, T3)"
PyTorch:BasicsTransformerLM.layers.28.attn,PushPop,343,343,12,12,10580724,881727.0,881649.5,880865,882787,684.3,"void at::native::elementwise_kernel<(int)128, (int)2, void at::native::gpu_kernel_impl_nocast<at::native::CUDAFunctor_add<float>>(at::TensorIteratorBase &, const T1 &)::[lambda(int) (instance 1)]>(int, T3)"
PyTorch:BasicsTransformerLM.layers.28.attn,PushPop,343,343,12,12,9775316,814609.7,814578.0,813825,815904,613.9,cutlass3x_sm100_simt_sgemm_f32_f32_f32_f32_f32_64x128x16_1x1x1_3_nnn_align1_bias_f32_relu
PyTorch:BasicsTransformerLM.layers.28.attn,PushPop,343,343,12,12,4650729,387560.8,387601.0,386625,388736,748.4,"void at::native::vectorized_elementwise_kernel<(int)4, at::native::BUnaryFunctor<float, float, float, at::native::binary_internal::MulFunctor<float>>, std::array<char *, (unsigned long)2>>(int, T2, T3)"
PyTorch:BasicsTransformerLM.layers.28.attn,PushPop,343,343,12,12,4627978,385664.8,385633.0,384321,387105,987.5,"void at::native::vectorized_elementwise_kernel<(int)4, at::native::exp_kernel_cuda(at::TensorIteratorBase &)::[lambda() (instance 2)]::operator ()() const::[lambda() (instance 2)]::operator ()() const::[lambda(float) (instance 1)], std::array<char *, (unsigned long)2>>(int, T2, T3)"
PyTorch:BasicsTransformerLM.layers.28.attn,PushPop,343,343,12,12,3791717,315976.4,315904.5,315489,316512,281.7,"void at::native::reduce_kernel<(int)512, (int)1, at::native::ReduceOp<float, at::native::MaxOps<float>, unsigned int, float, (int)4, (int)4>>(T3)"
PyTorch:BasicsTransformerLM.layers.28.attn,PushPop,343,343,12,12,2737925,228160.4,228256.5,227552,228769,458.1,"void at::native::reduce_kernel<(int)512, (int)1, at::native::ReduceOp<float, at::native::func_wrapper_t<float, at::native::sum_functor<float, float, float>::operator ()(at::TensorIterator &)::[lambda(float, float) (instance 1)]>, unsigned int, float, (int)4, (int)4>>(T3)"
PyTorch:BasicsTransformerLM.layers.28.attn,PushPop,343,343,12,96,1609888,16769.7,16512.0,14848,19840,1733.5,"void at::native::elementwise_kernel<(int)128, (int)2, void at::native::gpu_kernel_impl_nocast<at::native::BinaryFunctor<float, float, float, at::native::binary_internal::MulFunctor<float>>>(at::TensorIteratorBase &, const T1 &)::[lambda(int) (instance 1)]>(int, T3)"
PyTorch:BasicsTransformerLM.layers.28.attn,PushPop,343,343,12,24,1306564,54440.2,54384.0,53824,54912,290.1,"void at::native::<unnamed>::CatArrayBatchedCopy<at::native::<unnamed>::OpaqueType<(unsigned int)4>, unsigned int, (int)4, (int)64, (int)64>(T1 *, at::native::<unnamed>::CatArrInputTensorMetadata<T1, T2, T4, T5>, at::native::<unnamed>::TensorSizeStride<T2, (unsigned int)4>, int, T2)"
PyTorch:BasicsTransformerLM.layers.28.attn,PushPop,343,343,12,24,743809,30992.0,31056.0,29216,32832,1528.7,"void at::native::elementwise_kernel<(int)128, (int)2, void at::native::gpu_kernel_impl_nocast<at::native::direct_copy_kernel_cuda(at::TensorIteratorBase &)::[lambda() (instance 3)]::operator ()() const::[lambda() (instance 7)]::operator ()() const::[lambda(float) (instance 1)]>(at::TensorIteratorBase &, const T1 &)::[lambda(int) (instance 1)]>(int, T3)"
PyTorch:BasicsTransformerLM.layers.28.attn,PushPop,343,343,12,48,327936,6832.0,6816.0,6656,7072,86.6,"void at::native::vectorized_elementwise_kernel<(int)4, at::native::CUDAFunctor_add<float>, std::array<char *, (unsigned long)3>>(int, T2, T3)"
PyTorch:BasicsTransformerLM.layers.28.attn,PushPop,343,343,12,12,103874,8656.2,8640.0,8576,8864,85.9,"void at::native::elementwise_kernel<(int)128, (int)4, void at::native::gpu_kernel_impl_nocast<at::native::<unnamed>::CompareFunctor<long>>(at::TensorIteratorBase &, const T1 &)::[lambda(int) (instance 1)]>(int, T3)"
PyTorch:BasicsTransformerLM.layers.28.attn,PushPop,343,343,12,12,14048,1170.7,1152.0,1120,1312,63.2,"void <unnamed>::elementwise_kernel_with_index<int, at::native::arange_cuda_out(const c10::Scalar &, const c10::Scalar &, const c10::Scalar &, at::Tensor &)::[lambda() (instance 1)]::operator ()() const::[lambda() (instance 4)]::operator ()() const::[lambda(long) (instance 1)]>(T1, T2, function_traits<T2>::result_type *)"
PyTorch:BasicsTransformerLM.layers.28.attn,PushPop,343,343,12,12,12640,1053.3,1040.0,960,1184,96.0,"void at::native::vectorized_elementwise_kernel<(int)4, at::native::FillFunctor<float>, std::array<char *, (unsigned long)1>>(int, T2, T3)"
PyTorch:BasicsTransformerLM.layers.28.attn.k_proj,PushPop,343,343,12,12,6176616,514718.0,514784.5,514112,515040,269.6,cutlass3x_sm100_simt_sgemm_f32_f32_f32_f32_f32_64x128x16_1x1x1_3_tnn_align1_bias_f32_relu
PyTorch:BasicsTransformerLM.layers.28.attn.output_proj,PushPop,343,343,12,12,6248746,520728.8,520785.0,519713,521248,432.7,cutlass3x_sm100_simt_sgemm_f32_f32_f32_f32_f32_64x128x16_1x1x1_3_tnn_align1_bias_f32_relu
PyTorch:BasicsTransformerLM.layers.28.attn.q_proj,PushPop,343,343,12,12,6171088,514257.3,514257.5,513857,514626,264.4,cutlass3x_sm100_simt_sgemm_f32_f32_f32_f32_f32_64x128x16_1x1x1_3_tnn_align1_bias_f32_relu
PyTorch:BasicsTransformerLM.layers.28.attn.v_proj,PushPop,343,343,12,12,6178478,514873.2,514801.0,514561,515585,345.0,cutlass3x_sm100_simt_sgemm_f32_f32_f32_f32_f32_64x128x16_1x1x1_3_tnn_align1_bias_f32_relu
PyTorch:BasicsTransformerLM.layers.28.ffn,PushPop,343,343,12,24,42192208,1758008.7,1757523.0,1752805,1763491,4623.4,cutlass3x_sm100_simt_sgemm_f32_f32_f32_f32_f32_128x128x16_1x1x1_3_tnn_align1_bias_f32_relu
PyTorch:BasicsTransformerLM.layers.28.ffn,PushPop,343,343,12,12,21669163,1805763.6,1805843.0,1803941,1807684,1099.5,cutlass3x_sm100_simt_sgemm_f32_f32_f32_f32_f32_128x64x16_1x1x1_3_tnn_align1_bias_f32_relu
PyTorch:BasicsTransformerLM.layers.28.ffn,PushPop,343,343,12,24,1771811,73825.5,74064.0,72224,75681,1118.9,"void at::native::vectorized_elementwise_kernel<(int)4, at::native::BinaryFunctor<float, float, float, at::native::binary_internal::MulFunctor<float>>, std::array<char *, (unsigned long)3>>(int, T2, T3)"
PyTorch:BasicsTransformerLM.layers.28.ffn,PushPop,343,343,12,12,589410,49117.5,49152.0,48608,49696,352.8,"void at::native::vectorized_elementwise_kernel<(int)4, at::native::sigmoid_kernel_cuda(at::TensorIteratorBase &)::[lambda() (instance 2)]::operator ()() const::[lambda() (instance 2)]::operator ()() const::[lambda(float) (instance 1)], std::array<char *, (unsigned long)2>>(int, T2, T3)"
PyTorch:BasicsTransformerLM.layers.28.ffn.w1,PushPop,343,343,12,12,21149672,1762472.7,1762900.5,1760196,1763491,976.2,cutlass3x_sm100_simt_sgemm_f32_f32_f32_f32_f32_128x128x16_1x1x1_3_tnn_align1_bias_f32_relu
PyTorch:BasicsTransformerLM.layers.28.ffn.w2,PushPop,343,343,12,12,21669163,1805763.6,1805843.0,1803941,1807684,1099.5,cutlass3x_sm100_simt_sgemm_f32_f32_f32_f32_f32_128x64x16_1x1x1_3_tnn_align1_bias_f32_relu
PyTorch:BasicsTransformerLM.layers.28.ffn.w3,PushPop,343,343,12,12,21042536,1753544.7,1753443.0,1752805,1754850,514.5,cutlass3x_sm100_simt_sgemm_f32_f32_f32_f32_f32_128x128x16_1x1x1_3_tnn_align1_bias_f32_relu
PyTorch:BasicsTransformerLM.layers.28.ln1,PushPop,343,343,12,24,572418,23850.8,23856.0,23072,24384,301.3,"void at::native::elementwise_kernel<(int)128, (int)2, void at::native::gpu_kernel_impl_nocast<at::native::BinaryFunctor<float, float, float, at::native::binary_internal::MulFunctor<float>>>(at::TensorIteratorBase &, const T1 &)::[lambda(int) (instance 1)]>(int, T3)"
PyTorch:BasicsTransformerLM.layers.28.ln1,PushPop,343,343,12,12,114304,9525.3,9520.0,9184,9824,169.5,"void at::native::vectorized_elementwise_kernel<(int)4, void at::native::<unnamed>::pow_tensor_scalar_kernel_impl<float, float>(at::TensorIteratorBase &, T2)::[lambda(float) (instance 1)], std::array<char *, (unsigned long)2>>(int, T2, T3)"
PyTorch:BasicsTransformerLM.layers.28.ln1,PushPop,343,343,12,12,91904,7658.7,7648.0,7072,8640,467.4,"void at::native::reduce_kernel<(int)512, (int)1, at::native::ReduceOp<float, at::native::MeanOps<float, float, float, float>, unsigned int, float, (int)4, (int)4>>(T3)"
PyTorch:BasicsTransformerLM.layers.28.ln1,PushPop,343,343,12,12,19296,1608.0,1568.0,1536,1728,77.3,"void at::native::vectorized_elementwise_kernel<(int)4, at::native::CUDAFunctorOnSelf_add<float>, std::array<char *, (unsigned long)2>>(int, T2, T3)"
PyTorch:BasicsTransformerLM.layers.28.ln1,PushPop,343,343,12,12,18048,1504.0,1488.0,1440,1632,52.8,"void at::native::vectorized_elementwise_kernel<(int)4, at::native::rsqrt_kernel_cuda(at::TensorIteratorBase &)::[lambda() (instance 2)]::operator ()() const::[lambda() (instance 2)]::operator ()() const::[lambda(float) (instance 1)], std::array<char *, (unsigned long)2>>(int, T2, T3)"
PyTorch:BasicsTransformerLM.layers.28.ln2,PushPop,343,343,12,24,572193,23841.4,23856.0,23328,24480,301.1,"void at::native::elementwise_kernel<(int)128, (int)2, void at::native::gpu_kernel_impl_nocast<at::native::BinaryFunctor<float, float, float, at::native::binary_internal::MulFunctor<float>>>(at::TensorIteratorBase &, const T1 &)::[lambda(int) (instance 1)]>(int, T3)"
PyTorch:BasicsTransformerLM.layers.28.ln2,PushPop,343,343,12,12,114272,9522.7,9488.0,9216,9792,157.0,"void at::native::vectorized_elementwise_kernel<(int)4, void at::native::<unnamed>::pow_tensor_scalar_kernel_impl<float, float>(at::TensorIteratorBase &, T2)::[lambda(float) (instance 1)], std::array<char *, (unsigned long)2>>(int, T2, T3)"
PyTorch:BasicsTransformerLM.layers.28.ln2,PushPop,343,343,12,12,92992,7749.3,7648.0,7136,8608,439.8,"void at::native::reduce_kernel<(int)512, (int)1, at::native::ReduceOp<float, at::native::MeanOps<float, float, float, float>, unsigned int, float, (int)4, (int)4>>(T3)"
PyTorch:BasicsTransformerLM.layers.28.ln2,PushPop,343,343,12,12,18880,1573.3,1568.0,1536,1632,26.7,"void at::native::vectorized_elementwise_kernel<(int)4, at::native::CUDAFunctorOnSelf_add<float>, std::array<char *, (unsigned long)2>>(int, T2, T3)"
PyTorch:BasicsTransformerLM.layers.28.ln2,PushPop,343,343,12,12,17888,1490.7,1472.0,1440,1568,39.7,"void at::native::vectorized_elementwise_kernel<(int)4, at::native::rsqrt_kernel_cuda(at::TensorIteratorBase &)::[lambda() (instance 2)]::operator ()() const::[lambda() (instance 2)]::operator ()() const::[lambda(float) (instance 1)], std::array<char *, (unsigned long)2>>(int, T2, T3)"
PyTorch:BasicsTransformerLM.layers.29,PushPop,343,343,12,36,56781388,1577260.8,1753348.5,1214851,1763589,259093.2,cutlass3x_sm100_simt_sgemm_f32_f32_f32_f32_f32_128x128x16_1x1x1_3_tnn_align1_bias_f32_relu
PyTorch:BasicsTransformerLM.layers.29,PushPop,343,343,12,48,24776687,516181.0,514753.0,513601,521312,2758.6,cutlass3x_sm100_simt_sgemm_f32_f32_f32_f32_f32_64x128x16_1x1x1_3_tnn_align1_bias_f32_relu
PyTorch:BasicsTransformerLM.layers.29,PushPop,343,343,12,12,21669226,1805768.8,1805780.0,1804546,1807555,1137.4,cutlass3x_sm100_simt_sgemm_f32_f32_f32_f32_f32_128x64x16_1x1x1_3_tnn_align1_bias_f32_relu
PyTorch:BasicsTransformerLM.layers.29,PushPop,343,343,12,12,12247545,1020628.8,1020466.5,1019810,1021891,632.5,"void at::native::elementwise_kernel<(int)128, (int)2, void at::native::gpu_kernel_impl_nocast<at::native::BinaryFunctor<float, float, float, at::native::binary_internal::DivFunctor<float>>>(at::TensorIteratorBase &, const T1 &)::[lambda(int) (instance 1)]>(int, T3)"
PyTorch:BasicsTransformerLM.layers.29,PushPop,343,343,12,12,10654195,887849.6,887874.0,887106,888483,387.5,"void at::native::elementwise_kernel<(int)128, (int)2, void at::native::gpu_kernel_impl_nocast<at::native::<unnamed>::where_kernel_impl(at::TensorIterator &)::[lambda() (instance 1)]::operator ()() const::[lambda() (instance 11)]::operator ()() const::[lambda(bool, float, float) (instance 1)]>(at::TensorIteratorBase &, const T1 &)::[lambda(int) (instance 1)]>(int, T3)"
PyTorch:BasicsTransformerLM.layers.29,PushPop,343,343,12,12,10587477,882289.8,882161.5,880995,883905,845.1,"void at::native::elementwise_kernel<(int)128, (int)2, void at::native::gpu_kernel_impl_nocast<at::native::CUDAFunctor_add<float>>(at::TensorIteratorBase &, const T1 &)::[lambda(int) (instance 1)]>(int, T3)"
PyTorch:BasicsTransformerLM.layers.29,PushPop,343,343,12,12,9773649,814470.8,814321.5,814081,815617,485.6,cutlass3x_sm100_simt_sgemm_f32_f32_f32_f32_f32_64x128x16_1x1x1_3_nnn_align1_bias_f32_relu
PyTorch:BasicsTransformerLM.layers.29,PushPop,343,343,12,12,4651880,387656.7,387472.0,385953,389792,1085.9,"void at::native::vectorized_elementwise_kernel<(int)4, at::native::BUnaryFunctor<float, float, float, at::native::binary_internal::MulFunctor<float>>, std::array<char *, (unsigned long)2>>(int, T2, T3)"
PyTorch:BasicsTransformerLM.layers.29,PushPop,343,343,12,12,4616490,384707.5,384880.5,383873,385377,587.5,"void at::native::vectorized_elementwise_kernel<(int)4, at::native::exp_kernel_cuda(at::TensorIteratorBase &)::[lambda() (instance 2)]::operator ()() const::[lambda() (instance 2)]::operator ()() const::[lambda(float) (instance 1)], std::array<char *, (unsigned long)2>>(int, T2, T3)"
PyTorch:BasicsTransformerLM.layers.29,PushPop,343,343,12,12,3790631,315885.9,315809.0,315297,316609,382.4,"void at::native::reduce_kernel<(int)512, (int)1, at::native::ReduceOp<float, at::native::MaxOps<float>, unsigned int, float, (int)4, (int)4>>(T3)"
PyTorch:BasicsTransformerLM.layers.29,PushPop,343,343,12,144,2758118,19153.6,18288.0,14912,24288,3625.0,"void at::native::elementwise_kernel<(int)128, (int)2, void at::native::gpu_kernel_impl_nocast<at::native::BinaryFunctor<float, float, float, at::native::binary_internal::MulFunctor<float>>>(at::TensorIteratorBase &, const T1 &)::[lambda(int) (instance 1)]>(int, T3)"
PyTorch:BasicsTransformerLM.layers.29,PushPop,343,343,12,12,2739555,228296.3,228272.5,227872,228992,376.9,"void at::native::reduce_kernel<(int)512, (int)1, at::native::ReduceOp<float, at::native::func_wrapper_t<float, at::native::sum_functor<float, float, float>::operator ()(at::TensorIterator &)::[lambda(float, float) (instance 1)]>, unsigned int, float, (int)4, (int)4>>(T3)"
PyTorch:BasicsTransformerLM.layers.29,PushPop,343,343,12,24,1768706,73696.1,73952.0,71904,75456,996.0,"void at::native::vectorized_elementwise_kernel<(int)4, at::native::BinaryFunctor<float, float, float, at::native::binary_internal::MulFunctor<float>>, std::array<char *, (unsigned long)3>>(int, T2, T3)"
PyTorch:BasicsTransformerLM.layers.29,PushPop,343,343,12,24,1301058,54210.8,54192.5,53824,54720,268.4,"void at::native::<unnamed>::CatArrayBatchedCopy<at::native::<unnamed>::OpaqueType<(unsigned int)4>, unsigned int, (int)4, (int)64, (int)64>(T1 *, at::native::<unnamed>::CatArrInputTensorMetadata<T1, T2, T4, T5>, at::native::<unnamed>::TensorSizeStride<T2, (unsigned int)4>, int, T2)"
PyTorch:BasicsTransformerLM.layers.29,PushPop,343,343,12,24,743842,30993.4,31072.0,29280,32928,1541.8,"void at::native::elementwise_kernel<(int)128, (int)2, void at::native::gpu_kernel_impl_nocast<at::native::direct_copy_kernel_cuda(at::TensorIteratorBase &)::[lambda() (instance 3)]::operator ()() const::[lambda() (instance 7)]::operator ()() const::[lambda(float) (instance 1)]>(at::TensorIteratorBase &, const T1 &)::[lambda(int) (instance 1)]>(int, T3)"
PyTorch:BasicsTransformerLM.layers.29,PushPop,343,343,12,72,713089,9904.0,6928.0,6624,16384,4333.3,"void at::native::vectorized_elementwise_kernel<(int)4, at::native::CUDAFunctor_add<float>, std::array<char *, (unsigned long)3>>(int, T2, T3)"
PyTorch:BasicsTransformerLM.layers.29,PushPop,343,343,12,12,589027,49085.6,49088.0,48256,49696,360.8,"void at::native::vectorized_elementwise_kernel<(int)4, at::native::sigmoid_kernel_cuda(at::TensorIteratorBase &)::[lambda() (instance 2)]::operator ()() const::[lambda() (instance 2)]::operator ()() const::[lambda(float) (instance 1)], std::array<char *, (unsigned long)2>>(int, T2, T3)"
PyTorch:BasicsTransformerLM.layers.29,PushPop,343,343,12,24,225536,9397.3,9392.0,9184,9696,148.8,"void at::native::vectorized_elementwise_kernel<(int)4, void at::native::<unnamed>::pow_tensor_scalar_kernel_impl<float, float>(at::TensorIteratorBase &, T2)::[lambda(float) (instance 1)], std::array<char *, (unsigned long)2>>(int, T2, T3)"
PyTorch:BasicsTransformerLM.layers.29,PushPop,343,343,12,24,188576,7857.3,7888.0,7136,8512,399.8,"void at::native::reduce_kernel<(int)512, (int)1, at::native::ReduceOp<float, at::native::MeanOps<float, float, float, float>, unsigned int, float, (int)4, (int)4>>(T3)"
PyTorch:BasicsTransformerLM.layers.29,PushPop,343,343,12,12,103744,8645.3,8640.0,8576,8736,52.6,"void at::native::elementwise_kernel<(int)128, (int)4, void at::native::gpu_kernel_impl_nocast<at::native::<unnamed>::CompareFunctor<long>>(at::TensorIteratorBase &, const T1 &)::[lambda(int) (instance 1)]>(int, T3)"
PyTorch:BasicsTransformerLM.layers.29,PushPop,343,343,12,24,38432,1601.3,1568.0,1536,1792,76.9,"void at::native::vectorized_elementwise_kernel<(int)4, at::native::CUDAFunctorOnSelf_add<float>, std::array<char *, (unsigned long)2>>(int, T2, T3)"
PyTorch:BasicsTransformerLM.layers.29,PushPop,343,343,12,24,36448,1518.7,1472.0,1440,1728,80.6,"void at::native::vectorized_elementwise_kernel<(int)4, at::native::rsqrt_kernel_cuda(at::TensorIteratorBase &)::[lambda() (instance 2)]::operator ()() const::[lambda() (instance 2)]::operator ()() const::[lambda(float) (instance 1)], std::array<char *, (unsigned long)2>>(int, T2, T3)"
PyTorch:BasicsTransformerLM.layers.29,PushPop,343,343,12,12,14208,1184.0,1168.0,1120,1280,56.3,"void <unnamed>::elementwise_kernel_with_index<int, at::native::arange_cuda_out(const c10::Scalar &, const c10::Scalar &, const c10::Scalar &, at::Tensor &)::[lambda() (instance 1)]::operator ()() const::[lambda() (instance 4)]::operator ()() const::[lambda(long) (instance 1)]>(T1, T2, function_traits<T2>::result_type *)"
PyTorch:BasicsTransformerLM.layers.29,PushPop,343,343,12,12,12640,1053.3,1040.0,928,1216,102.5,"void at::native::vectorized_elementwise_kernel<(int)4, at::native::FillFunctor<float>, std::array<char *, (unsigned long)1>>(int, T2, T3)"
PyTorch:BasicsTransformerLM.layers.29.attn,PushPop,343,343,12,48,24776687,516181.0,514753.0,513601,521312,2758.6,cutlass3x_sm100_simt_sgemm_f32_f32_f32_f32_f32_64x128x16_1x1x1_3_tnn_align1_bias_f32_relu
PyTorch:BasicsTransformerLM.layers.29.attn,PushPop,343,343,12,12,14592125,1216010.4,1216050.0,1214851,1217378,846.6,cutlass3x_sm100_simt_sgemm_f32_f32_f32_f32_f32_128x128x16_1x1x1_3_tnn_align1_bias_f32_relu
PyTorch:BasicsTransformerLM.layers.29.attn,PushPop,343,343,12,12,12247545,1020628.8,1020466.5,1019810,1021891,632.5,"void at::native::elementwise_kernel<(int)128, (int)2, void at::native::gpu_kernel_impl_nocast<at::native::BinaryFunctor<float, float, float, at::native::binary_internal::DivFunctor<float>>>(at::TensorIteratorBase &, const T1 &)::[lambda(int) (instance 1)]>(int, T3)"
PyTorch:BasicsTransformerLM.layers.29.attn,PushPop,343,343,12,12,10654195,887849.6,887874.0,887106,888483,387.5,"void at::native::elementwise_kernel<(int)128, (int)2, void at::native::gpu_kernel_impl_nocast<at::native::<unnamed>::where_kernel_impl(at::TensorIterator &)::[lambda() (instance 1)]::operator ()() const::[lambda() (instance 11)]::operator ()() const::[lambda(bool, float, float) (instance 1)]>(at::TensorIteratorBase &, const T1 &)::[lambda(int) (instance 1)]>(int, T3)"
PyTorch:BasicsTransformerLM.layers.29.attn,PushPop,343,343,12,12,10587477,882289.8,882161.5,880995,883905,845.1,"void at::native::elementwise_kernel<(int)128, (int)2, void at::native::gpu_kernel_impl_nocast<at::native::CUDAFunctor_add<float>>(at::TensorIteratorBase &, const T1 &)::[lambda(int) (instance 1)]>(int, T3)"
PyTorch:BasicsTransformerLM.layers.29.attn,PushPop,343,343,12,12,9773649,814470.8,814321.5,814081,815617,485.6,cutlass3x_sm100_simt_sgemm_f32_f32_f32_f32_f32_64x128x16_1x1x1_3_nnn_align1_bias_f32_relu
PyTorch:BasicsTransformerLM.layers.29.attn,PushPop,343,343,12,12,4651880,387656.7,387472.0,385953,389792,1085.9,"void at::native::vectorized_elementwise_kernel<(int)4, at::native::BUnaryFunctor<float, float, float, at::native::binary_internal::MulFunctor<float>>, std::array<char *, (unsigned long)2>>(int, T2, T3)"
PyTorch:BasicsTransformerLM.layers.29.attn,PushPop,343,343,12,12,4616490,384707.5,384880.5,383873,385377,587.5,"void at::native::vectorized_elementwise_kernel<(int)4, at::native::exp_kernel_cuda(at::TensorIteratorBase &)::[lambda() (instance 2)]::operator ()() const::[lambda() (instance 2)]::operator ()() const::[lambda(float) (instance 1)], std::array<char *, (unsigned long)2>>(int, T2, T3)"
PyTorch:BasicsTransformerLM.layers.29.attn,PushPop,343,343,12,12,3790631,315885.9,315809.0,315297,316609,382.4,"void at::native::reduce_kernel<(int)512, (int)1, at::native::ReduceOp<float, at::native::MaxOps<float>, unsigned int, float, (int)4, (int)4>>(T3)"
PyTorch:BasicsTransformerLM.layers.29.attn,PushPop,343,343,12,12,2739555,228296.3,228272.5,227872,228992,376.9,"void at::native::reduce_kernel<(int)512, (int)1, at::native::ReduceOp<float, at::native::func_wrapper_t<float, at::native::sum_functor<float, float, float>::operator ()(at::TensorIterator &)::[lambda(float, float) (instance 1)]>, unsigned int, float, (int)4, (int)4>>(T3)"
PyTorch:BasicsTransformerLM.layers.29.attn,PushPop,343,343,12,96,1613028,16802.4,16480.0,14912,19840,1730.0,"void at::native::elementwise_kernel<(int)128, (int)2, void at::native::gpu_kernel_impl_nocast<at::native::BinaryFunctor<float, float, float, at::native::binary_internal::MulFunctor<float>>>(at::TensorIteratorBase &, const T1 &)::[lambda(int) (instance 1)]>(int, T3)"
PyTorch:BasicsTransformerLM.layers.29.attn,PushPop,343,343,12,24,1301058,54210.8,54192.5,53824,54720,268.4,"void at::native::<unnamed>::CatArrayBatchedCopy<at::native::<unnamed>::OpaqueType<(unsigned int)4>, unsigned int, (int)4, (int)64, (int)64>(T1 *, at::native::<unnamed>::CatArrInputTensorMetadata<T1, T2, T4, T5>, at::native::<unnamed>::TensorSizeStride<T2, (unsigned int)4>, int, T2)"
PyTorch:BasicsTransformerLM.layers.29.attn,PushPop,343,343,12,24,743842,30993.4,31072.0,29280,32928,1541.8,"void at::native::elementwise_kernel<(int)128, (int)2, void at::native::gpu_kernel_impl_nocast<at::native::direct_copy_kernel_cuda(at::TensorIteratorBase &)::[lambda() (instance 3)]::operator ()() const::[lambda() (instance 7)]::operator ()() const::[lambda(float) (instance 1)]>(at::TensorIteratorBase &, const T1 &)::[lambda(int) (instance 1)]>(int, T3)"
PyTorch:BasicsTransformerLM.layers.29.attn,PushPop,343,343,12,48,329473,6864.0,6880.0,6624,7456,152.9,"void at::native::vectorized_elementwise_kernel<(int)4, at::native::CUDAFunctor_add<float>, std::array<char *, (unsigned long)3>>(int, T2, T3)"
PyTorch:BasicsTransformerLM.layers.29.attn,PushPop,343,343,12,12,103744,8645.3,8640.0,8576,8736,52.6,"void at::native::elementwise_kernel<(int)128, (int)4, void at::native::gpu_kernel_impl_nocast<at::native::<unnamed>::CompareFunctor<long>>(at::TensorIteratorBase &, const T1 &)::[lambda(int) (instance 1)]>(int, T3)"
PyTorch:BasicsTransformerLM.layers.29.attn,PushPop,343,343,12,12,14208,1184.0,1168.0,1120,1280,56.3,"void <unnamed>::elementwise_kernel_with_index<int, at::native::arange_cuda_out(const c10::Scalar &, const c10::Scalar &, const c10::Scalar &, at::Tensor &)::[lambda() (instance 1)]::operator ()() const::[lambda() (instance 4)]::operator ()() const::[lambda(long) (instance 1)]>(T1, T2, function_traits<T2>::result_type *)"
PyTorch:BasicsTransformerLM.layers.29.attn,PushPop,343,343,12,12,12640,1053.3,1040.0,928,1216,102.5,"void at::native::vectorized_elementwise_kernel<(int)4, at::native::FillFunctor<float>, std::array<char *, (unsigned long)1>>(int, T2, T3)"
PyTorch:BasicsTransformerLM.layers.29.attn.k_proj,PushPop,343,343,12,12,6178474,514872.8,514720.5,514465,515649,367.5,cutlass3x_sm100_simt_sgemm_f32_f32_f32_f32_f32_64x128x16_1x1x1_3_tnn_align1_bias_f32_relu
PyTorch:BasicsTransformerLM.layers.29.attn.output_proj,PushPop,343,343,12,12,6250349,520862.4,520913.0,520354,521312,293.1,cutlass3x_sm100_simt_sgemm_f32_f32_f32_f32_f32_64x128x16_1x1x1_3_tnn_align1_bias_f32_relu
PyTorch:BasicsTransformerLM.layers.29.attn.q_proj,PushPop,343,343,12,12,6170509,514209.1,514208.5,513601,514593,248.2,cutlass3x_sm100_simt_sgemm_f32_f32_f32_f32_f32_64x128x16_1x1x1_3_tnn_align1_bias_f32_relu
PyTorch:BasicsTransformerLM.layers.29.attn.v_proj,PushPop,343,343,12,12,6177355,514779.6,514785.0,514210,515232,269.2,cutlass3x_sm100_simt_sgemm_f32_f32_f32_f32_f32_64x128x16_1x1x1_3_tnn_align1_bias_f32_relu
PyTorch:BasicsTransformerLM.layers.29.ffn,PushPop,343,343,12,24,42189263,1757886.0,1757795.0,1752675,1763589,4586.4,cutlass3x_sm100_simt_sgemm_f32_f32_f32_f32_f32_128x128x16_1x1x1_3_tnn_align1_bias_f32_relu
PyTorch:BasicsTransformerLM.layers.29.ffn,PushPop,343,343,12,12,21669226,1805768.8,1805780.0,1804546,1807555,1137.4,cutlass3x_sm100_simt_sgemm_f32_f32_f32_f32_f32_128x64x16_1x1x1_3_tnn_align1_bias_f32_relu
PyTorch:BasicsTransformerLM.layers.29.ffn,PushPop,343,343,12,24,1768706,73696.1,73952.0,71904,75456,996.0,"void at::native::vectorized_elementwise_kernel<(int)4, at::native::BinaryFunctor<float, float, float, at::native::binary_internal::MulFunctor<float>>, std::array<char *, (unsigned long)3>>(int, T2, T3)"
PyTorch:BasicsTransformerLM.layers.29.ffn,PushPop,343,343,12,12,589027,49085.6,49088.0,48256,49696,360.8,"void at::native::vectorized_elementwise_kernel<(int)4, at::native::sigmoid_kernel_cuda(at::TensorIteratorBase &)::[lambda() (instance 2)]::operator ()() const::[lambda() (instance 2)]::operator ()() const::[lambda(float) (instance 1)], std::array<char *, (unsigned long)2>>(int, T2, T3)"
PyTorch:BasicsTransformerLM.layers.29.ffn.w1,PushPop,343,343,12,12,21147720,1762310.0,1762450.5,1760933,1763589,973.1,cutlass3x_sm100_simt_sgemm_f32_f32_f32_f32_f32_128x128x16_1x1x1_3_tnn_align1_bias_f32_relu
PyTorch:BasicsTransformerLM.layers.29.ffn.w2,PushPop,343,343,12,12,21669226,1805768.8,1805780.0,1804546,1807555,1137.4,cutlass3x_sm100_simt_sgemm_f32_f32_f32_f32_f32_128x64x16_1x1x1_3_tnn_align1_bias_f32_relu
PyTorch:BasicsTransformerLM.layers.29.ffn.w3,PushPop,343,343,12,12,21041543,1753461.9,1753348.5,1752675,1754657,576.6,cutlass3x_sm100_simt_sgemm_f32_f32_f32_f32_f32_128x128x16_1x1x1_3_tnn_align1_bias_f32_relu
PyTorch:BasicsTransformerLM.layers.29.ln1,PushPop,343,343,12,24,572865,23869.4,23824.0,23552,24288,211.1,"void at::native::elementwise_kernel<(int)128, (int)2, void at::native::gpu_kernel_impl_nocast<at::native::BinaryFunctor<float, float, float, at::native::binary_internal::MulFunctor<float>>>(at::TensorIteratorBase &, const T1 &)::[lambda(int) (instance 1)]>(int, T3)"
PyTorch:BasicsTransformerLM.layers.29.ln1,PushPop,343,343,12,12,112480,9373.3,9344.0,9184,9600,156.4,"void at::native::vectorized_elementwise_kernel<(int)4, void at::native::<unnamed>::pow_tensor_scalar_kernel_impl<float, float>(at::TensorIteratorBase &, T2)::[lambda(float) (instance 1)], std::array<char *, (unsigned long)2>>(int, T2, T3)"
PyTorch:BasicsTransformerLM.layers.29.ln1,PushPop,343,343,12,12,94624,7885.3,7840.0,7136,8448,466.0,"void at::native::reduce_kernel<(int)512, (int)1, at::native::ReduceOp<float, at::native::MeanOps<float, float, float, float>, unsigned int, float, (int)4, (int)4>>(T3)"
PyTorch:BasicsTransformerLM.layers.29.ln1,PushPop,343,343,12,12,19136,1594.7,1568.0,1536,1760,72.0,"void at::native::vectorized_elementwise_kernel<(int)4, at::native::CUDAFunctorOnSelf_add<float>, std::array<char *, (unsigned long)2>>(int, T2, T3)"
PyTorch:BasicsTransformerLM.layers.29.ln1,PushPop,343,343,12,12,17888,1490.7,1472.0,1440,1568,39.7,"void at::native::vectorized_elementwise_kernel<(int)4, at::native::rsqrt_kernel_cuda(at::TensorIteratorBase &)::[lambda() (instance 2)]::operator ()() const::[lambda() (instance 2)]::operator ()() const::[lambda(float) (instance 1)], std::array<char *, (unsigned long)2>>(int, T2, T3)"
PyTorch:BasicsTransformerLM.layers.29.ln2,PushPop,343,343,12,24,572225,23842.7,23824.0,23392,24256,262.1,"void at::native::elementwise_kernel<(int)128, (int)2, void at::native::gpu_kernel_impl_nocast<at::native::BinaryFunctor<float, float, float, at::native::binary_internal::MulFunctor<float>>>(at::TensorIteratorBase &, const T1 &)::[lambda(int) (instance 1)]>(int, T3)"
PyTorch:BasicsTransformerLM.layers.29.ln2,PushPop,343,343,12,12,113056,9421.3,9408.0,9248,9696,143.4,"void at::native::vectorized_elementwise_kernel<(int)4, void at::native::<unnamed>::pow_tensor_scalar_kernel_impl<float, float>(at::TensorIteratorBase &, T2)::[lambda(float) (instance 1)], std::array<char *, (unsigned long)2>>(int, T2, T3)"
PyTorch:BasicsTransformerLM.layers.29.ln2,PushPop,343,343,12,12,93952,7829.3,7888.0,7264,8512,339.6,"void at::native::reduce_kernel<(int)512, (int)1, at::native::ReduceOp<float, at::native::MeanOps<float, float, float, float>, unsigned int, float, (int)4, (int)4>>(T3)"
PyTorch:BasicsTransformerLM.layers.29.ln2,PushPop,343,343,12,12,19296,1608.0,1568.0,1536,1792,84.3,"void at::native::vectorized_elementwise_kernel<(int)4, at::native::CUDAFunctorOnSelf_add<float>, std::array<char *, (unsigned long)2>>(int, T2, T3)"
PyTorch:BasicsTransformerLM.layers.29.ln2,PushPop,343,343,12,12,18560,1546.7,1488.0,1440,1728,101.5,"void at::native::vectorized_elementwise_kernel<(int)4, at::native::rsqrt_kernel_cuda(at::TensorIteratorBase &)::[lambda() (instance 2)]::operator ()() const::[lambda() (instance 2)]::operator ()() const::[lambda(float) (instance 1)], std::array<char *, (unsigned long)2>>(int, T2, T3)"
PyTorch:BasicsTransformerLM.layers.3,PushPop,343,343,12,36,56791340,1577537.2,1753379.0,1214786,1764258,258931.6,cutlass3x_sm100_simt_sgemm_f32_f32_f32_f32_f32_128x128x16_1x1x1_3_tnn_align1_bias_f32_relu
PyTorch:BasicsTransformerLM.layers.3,PushPop,343,343,12,48,24782541,516302.9,514848.5,513793,522113,2875.1,cutlass3x_sm100_simt_sgemm_f32_f32_f32_f32_f32_64x128x16_1x1x1_3_tnn_align1_bias_f32_relu
PyTorch:BasicsTransformerLM.layers.3,PushPop,343,343,12,12,21671402,1805950.2,1805235.5,1803429,1810754,2030.0,cutlass3x_sm100_simt_sgemm_f32_f32_f32_f32_f32_128x64x16_1x1x1_3_tnn_align1_bias_f32_relu
PyTorch:BasicsTransformerLM.layers.3,PushPop,343,343,12,12,12258295,1021524.6,1020898.0,1020129,1028097,2170.3,"void at::native::elementwise_kernel<(int)128, (int)2, void at::native::gpu_kernel_impl_nocast<at::native::BinaryFunctor<float, float, float, at::native::binary_internal::DivFunctor<float>>>(at::TensorIteratorBase &, const T1 &)::[lambda(int) (instance 1)]>(int, T3)"
PyTorch:BasicsTransformerLM.layers.3,PushPop,343,343,12,12,10651701,887641.8,887633.0,886978,888417,361.7,"void at::native::elementwise_kernel<(int)128, (int)2, void at::native::gpu_kernel_impl_nocast<at::native::<unnamed>::where_kernel_impl(at::TensorIterator &)::[lambda() (instance 1)]::operator ()() const::[lambda() (instance 11)]::operator ()() const::[lambda(bool, float, float) (instance 1)]>(at::TensorIteratorBase &, const T1 &)::[lambda(int) (instance 1)]>(int, T3)"
PyTorch:BasicsTransformerLM.layers.3,PushPop,343,343,12,12,10588275,882356.3,882578.0,881089,883328,772.0,"void at::native::elementwise_kernel<(int)128, (int)2, void at::native::gpu_kernel_impl_nocast<at::native::CUDAFunctor_add<float>>(at::TensorIteratorBase &, const T1 &)::[lambda(int) (instance 1)]>(int, T3)"
PyTorch:BasicsTransformerLM.layers.3,PushPop,343,343,12,12,9788719,815726.6,815313.5,813922,819872,1595.9,cutlass3x_sm100_simt_sgemm_f32_f32_f32_f32_f32_64x128x16_1x1x1_3_nnn_align1_bias_f32_relu
PyTorch:BasicsTransformerLM.layers.3,PushPop,343,343,12,12,4649192,387432.7,387408.5,386240,389089,939.6,"void at::native::vectorized_elementwise_kernel<(int)4, at::native::BUnaryFunctor<float, float, float, at::native::binary_internal::MulFunctor<float>>, std::array<char *, (unsigned long)2>>(int, T2, T3)"
PyTorch:BasicsTransformerLM.layers.3,PushPop,343,343,12,12,4626569,385547.4,385376.5,384160,387457,856.2,"void at::native::vectorized_elementwise_kernel<(int)4, at::native::exp_kernel_cuda(at::TensorIteratorBase &)::[lambda() (instance 2)]::operator ()() const::[lambda() (instance 2)]::operator ()() const::[lambda(float) (instance 1)], std::array<char *, (unsigned long)2>>(int, T2, T3)"
PyTorch:BasicsTransformerLM.layers.3,PushPop,343,343,12,12,3791366,315947.2,315888.5,315552,316576,303.2,"void at::native::reduce_kernel<(int)512, (int)1, at::native::ReduceOp<float, at::native::MaxOps<float>, unsigned int, float, (int)4, (int)4>>(T3)"
PyTorch:BasicsTransformerLM.layers.3,PushPop,343,343,12,144,2759844,19165.6,18224.0,14880,24352,3642.2,"void at::native::elementwise_kernel<(int)128, (int)2, void at::native::gpu_kernel_impl_nocast<at::native::BinaryFunctor<float, float, float, at::native::binary_internal::MulFunctor<float>>>(at::TensorIteratorBase &, const T1 &)::[lambda(int) (instance 1)]>(int, T3)"
PyTorch:BasicsTransformerLM.layers.3,PushPop,343,343,12,12,2736261,228021.8,227760.5,227232,229473,784.8,"void at::native::reduce_kernel<(int)512, (int)1, at::native::ReduceOp<float, at::native::func_wrapper_t<float, at::native::sum_functor<float, float, float>::operator ()(at::TensorIterator &)::[lambda(float, float) (instance 1)]>, unsigned int, float, (int)4, (int)4>>(T3)"
PyTorch:BasicsTransformerLM.layers.3,PushPop,343,343,12,24,1769473,73728.0,74016.0,72160,75232,1068.7,"void at::native::vectorized_elementwise_kernel<(int)4, at::native::BinaryFunctor<float, float, float, at::native::binary_internal::MulFunctor<float>>, std::array<char *, (unsigned long)3>>(int, T2, T3)"
PyTorch:BasicsTransformerLM.layers.3,PushPop,343,343,12,24,1306947,54456.1,54352.0,54016,55584,366.3,"void at::native::<unnamed>::CatArrayBatchedCopy<at::native::<unnamed>::OpaqueType<(unsigned int)4>, unsigned int, (int)4, (int)64, (int)64>(T1 *, at::native::<unnamed>::CatArrInputTensorMetadata<T1, T2, T4, T5>, at::native::<unnamed>::TensorSizeStride<T2, (unsigned int)4>, int, T2)"
PyTorch:BasicsTransformerLM.layers.3,PushPop,343,343,12,24,746596,31108.2,31232.5,29312,34016,1590.7,"void at::native::elementwise_kernel<(int)128, (int)2, void at::native::gpu_kernel_impl_nocast<at::native::direct_copy_kernel_cuda(at::TensorIteratorBase &)::[lambda() (instance 3)]::operator ()() const::[lambda() (instance 7)]::operator ()() const::[lambda(float) (instance 1)]>(at::TensorIteratorBase &, const T1 &)::[lambda(int) (instance 1)]>(int, T3)"
PyTorch:BasicsTransformerLM.layers.3,PushPop,343,343,12,72,714849,9928.5,6912.0,6624,17088,4378.7,"void at::native::vectorized_elementwise_kernel<(int)4, at::native::CUDAFunctor_add<float>, std::array<char *, (unsigned long)3>>(int, T2, T3)"
PyTorch:BasicsTransformerLM.layers.3,PushPop,343,343,12,12,591296,49274.7,49200.0,48608,50048,467.5,"void at::native::vectorized_elementwise_kernel<(int)4, at::native::sigmoid_kernel_cuda(at::TensorIteratorBase &)::[lambda() (instance 2)]::operator ()() const::[lambda() (instance 2)]::operator ()() const::[lambda(float) (instance 1)], std::array<char *, (unsigned long)2>>(int, T2, T3)"
PyTorch:BasicsTransformerLM.layers.3,PushPop,343,343,12,24,226657,9444.0,9408.0,9120,9792,149.0,"void at::native::vectorized_elementwise_kernel<(int)4, void at::native::<unnamed>::pow_tensor_scalar_kernel_impl<float, float>(at::TensorIteratorBase &, T2)::[lambda(float) (instance 1)], std::array<char *, (unsigned long)2>>(int, T2, T3)"
PyTorch:BasicsTransformerLM.layers.3,PushPop,343,343,12,24,182720,7613.3,7664.0,7040,8256,328.5,"void at::native::reduce_kernel<(int)512, (int)1, at::native::ReduceOp<float, at::native::MeanOps<float, float, float, float>, unsigned int, float, (int)4, (int)4>>(T3)"
PyTorch:BasicsTransformerLM.layers.3,PushPop,343,343,12,12,103680,8640.0,8640.0,8576,8704,43.1,"void at::native::elementwise_kernel<(int)128, (int)4, void at::native::gpu_kernel_impl_nocast<at::native::<unnamed>::CompareFunctor<long>>(at::TensorIteratorBase &, const T1 &)::[lambda(int) (instance 1)]>(int, T3)"
PyTorch:BasicsTransformerLM.layers.3,PushPop,343,343,12,24,38177,1590.7,1568.0,1536,1728,52.1,"void at::native::vectorized_elementwise_kernel<(int)4, at::native::CUDAFunctorOnSelf_add<float>, std::array<char *, (unsigned long)2>>(int, T2, T3)"
PyTorch:BasicsTransformerLM.layers.3,PushPop,343,343,12,24,35584,1482.7,1472.0,1440,1632,46.9,"void at::native::vectorized_elementwise_kernel<(int)4, at::native::rsqrt_kernel_cuda(at::TensorIteratorBase &)::[lambda() (instance 2)]::operator ()() const::[lambda() (instance 2)]::operator ()() const::[lambda(float) (instance 1)], std::array<char *, (unsigned long)2>>(int, T2, T3)"
PyTorch:BasicsTransformerLM.layers.3,PushPop,343,343,12,12,15072,1256.0,1216.0,1152,1568,120.6,"void <unnamed>::elementwise_kernel_with_index<int, at::native::arange_cuda_out(const c10::Scalar &, const c10::Scalar &, const c10::Scalar &, at::Tensor &)::[lambda() (instance 1)]::operator ()() const::[lambda() (instance 4)]::operator ()() const::[lambda(long) (instance 1)]>(T1, T2, function_traits<T2>::result_type *)"
PyTorch:BasicsTransformerLM.layers.3,PushPop,343,343,12,12,12672,1056.0,1040.0,928,1280,111.7,"void at::native::vectorized_elementwise_kernel<(int)4, at::native::FillFunctor<float>, std::array<char *, (unsigned long)1>>(int, T2, T3)"
PyTorch:BasicsTransformerLM.layers.3.attn,PushPop,343,343,12,48,24782541,516302.9,514848.5,513793,522113,2875.1,cutlass3x_sm100_simt_sgemm_f32_f32_f32_f32_f32_64x128x16_1x1x1_3_tnn_align1_bias_f32_relu
PyTorch:BasicsTransformerLM.layers.3.attn,PushPop,343,343,12,12,14598171,1216514.3,1215715.0,1214786,1222849,2159.7,cutlass3x_sm100_simt_sgemm_f32_f32_f32_f32_f32_128x128x16_1x1x1_3_tnn_align1_bias_f32_relu
PyTorch:BasicsTransformerLM.layers.3.attn,PushPop,343,343,12,12,12258295,1021524.6,1020898.0,1020129,1028097,2170.3,"void at::native::elementwise_kernel<(int)128, (int)2, void at::native::gpu_kernel_impl_nocast<at::native::BinaryFunctor<float, float, float, at::native::binary_internal::DivFunctor<float>>>(at::TensorIteratorBase &, const T1 &)::[lambda(int) (instance 1)]>(int, T3)"
PyTorch:BasicsTransformerLM.layers.3.attn,PushPop,343,343,12,12,10651701,887641.8,887633.0,886978,888417,361.7,"void at::native::elementwise_kernel<(int)128, (int)2, void at::native::gpu_kernel_impl_nocast<at::native::<unnamed>::where_kernel_impl(at::TensorIterator &)::[lambda() (instance 1)]::operator ()() const::[lambda() (instance 11)]::operator ()() const::[lambda(bool, float, float) (instance 1)]>(at::TensorIteratorBase &, const T1 &)::[lambda(int) (instance 1)]>(int, T3)"
PyTorch:BasicsTransformerLM.layers.3.attn,PushPop,343,343,12,12,10588275,882356.3,882578.0,881089,883328,772.0,"void at::native::elementwise_kernel<(int)128, (int)2, void at::native::gpu_kernel_impl_nocast<at::native::CUDAFunctor_add<float>>(at::TensorIteratorBase &, const T1 &)::[lambda(int) (instance 1)]>(int, T3)"
PyTorch:BasicsTransformerLM.layers.3.attn,PushPop,343,343,12,12,9788719,815726.6,815313.5,813922,819872,1595.9,cutlass3x_sm100_simt_sgemm_f32_f32_f32_f32_f32_64x128x16_1x1x1_3_nnn_align1_bias_f32_relu
PyTorch:BasicsTransformerLM.layers.3.attn,PushPop,343,343,12,12,4649192,387432.7,387408.5,386240,389089,939.6,"void at::native::vectorized_elementwise_kernel<(int)4, at::native::BUnaryFunctor<float, float, float, at::native::binary_internal::MulFunctor<float>>, std::array<char *, (unsigned long)2>>(int, T2, T3)"
PyTorch:BasicsTransformerLM.layers.3.attn,PushPop,343,343,12,12,4626569,385547.4,385376.5,384160,387457,856.2,"void at::native::vectorized_elementwise_kernel<(int)4, at::native::exp_kernel_cuda(at::TensorIteratorBase &)::[lambda() (instance 2)]::operator ()() const::[lambda() (instance 2)]::operator ()() const::[lambda(float) (instance 1)], std::array<char *, (unsigned long)2>>(int, T2, T3)"
PyTorch:BasicsTransformerLM.layers.3.attn,PushPop,343,343,12,12,3791366,315947.2,315888.5,315552,316576,303.2,"void at::native::reduce_kernel<(int)512, (int)1, at::native::ReduceOp<float, at::native::MaxOps<float>, unsigned int, float, (int)4, (int)4>>(T3)"
PyTorch:BasicsTransformerLM.layers.3.attn,PushPop,343,343,12,12,2736261,228021.8,227760.5,227232,229473,784.8,"void at::native::reduce_kernel<(int)512, (int)1, at::native::ReduceOp<float, at::native::func_wrapper_t<float, at::native::sum_functor<float, float, float>::operator ()(at::TensorIterator &)::[lambda(float, float) (instance 1)]>, unsigned int, float, (int)4, (int)4>>(T3)"
PyTorch:BasicsTransformerLM.layers.3.attn,PushPop,343,343,12,96,1613218,16804.4,16432.0,14880,21152,1741.3,"void at::native::elementwise_kernel<(int)128, (int)2, void at::native::gpu_kernel_impl_nocast<at::native::BinaryFunctor<float, float, float, at::native::binary_internal::MulFunctor<float>>>(at::TensorIteratorBase &, const T1 &)::[lambda(int) (instance 1)]>(int, T3)"
PyTorch:BasicsTransformerLM.layers.3.attn,PushPop,343,343,12,24,1306947,54456.1,54352.0,54016,55584,366.3,"void at::native::<unnamed>::CatArrayBatchedCopy<at::native::<unnamed>::OpaqueType<(unsigned int)4>, unsigned int, (int)4, (int)64, (int)64>(T1 *, at::native::<unnamed>::CatArrInputTensorMetadata<T1, T2, T4, T5>, at::native::<unnamed>::TensorSizeStride<T2, (unsigned int)4>, int, T2)"
PyTorch:BasicsTransformerLM.layers.3.attn,PushPop,343,343,12,24,746596,31108.2,31232.5,29312,34016,1590.7,"void at::native::elementwise_kernel<(int)128, (int)2, void at::native::gpu_kernel_impl_nocast<at::native::direct_copy_kernel_cuda(at::TensorIteratorBase &)::[lambda() (instance 3)]::operator ()() const::[lambda() (instance 7)]::operator ()() const::[lambda(float) (instance 1)]>(at::TensorIteratorBase &, const T1 &)::[lambda(int) (instance 1)]>(int, T3)"
PyTorch:BasicsTransformerLM.layers.3.attn,PushPop,343,343,12,48,329121,6856.7,6848.0,6624,7168,97.6,"void at::native::vectorized_elementwise_kernel<(int)4, at::native::CUDAFunctor_add<float>, std::array<char *, (unsigned long)3>>(int, T2, T3)"
PyTorch:BasicsTransformerLM.layers.3.attn,PushPop,343,343,12,12,103680,8640.0,8640.0,8576,8704,43.1,"void at::native::elementwise_kernel<(int)128, (int)4, void at::native::gpu_kernel_impl_nocast<at::native::<unnamed>::CompareFunctor<long>>(at::TensorIteratorBase &, const T1 &)::[lambda(int) (instance 1)]>(int, T3)"
PyTorch:BasicsTransformerLM.layers.3.attn,PushPop,343,343,12,12,15072,1256.0,1216.0,1152,1568,120.6,"void <unnamed>::elementwise_kernel_with_index<int, at::native::arange_cuda_out(const c10::Scalar &, const c10::Scalar &, const c10::Scalar &, at::Tensor &)::[lambda() (instance 1)]::operator ()() const::[lambda() (instance 4)]::operator ()() const::[lambda(long) (instance 1)]>(T1, T2, function_traits<T2>::result_type *)"
PyTorch:BasicsTransformerLM.layers.3.attn,PushPop,343,343,12,12,12672,1056.0,1040.0,928,1280,111.7,"void at::native::vectorized_elementwise_kernel<(int)4, at::native::FillFunctor<float>, std::array<char *, (unsigned long)1>>(int, T2, T3)"
PyTorch:BasicsTransformerLM.layers.3.attn.k_proj,PushPop,343,343,12,12,6177995,514832.9,514816.5,514370,515264,241.9,cutlass3x_sm100_simt_sgemm_f32_f32_f32_f32_f32_64x128x16_1x1x1_3_tnn_align1_bias_f32_relu
PyTorch:BasicsTransformerLM.layers.3.attn.output_proj,PushPop,343,343,12,12,6254219,521184.9,521025.0,520577,522113,498.3,cutlass3x_sm100_simt_sgemm_f32_f32_f32_f32_f32_64x128x16_1x1x1_3_tnn_align1_bias_f32_relu
PyTorch:BasicsTransformerLM.layers.3.attn.q_proj,PushPop,343,343,12,12,6172171,514347.6,514400.5,513793,514881,325.0,cutlass3x_sm100_simt_sgemm_f32_f32_f32_f32_f32_64x128x16_1x1x1_3_tnn_align1_bias_f32_relu
PyTorch:BasicsTransformerLM.layers.3.attn.v_proj,PushPop,343,343,12,12,6178156,514846.3,514832.5,514465,515425,254.1,cutlass3x_sm100_simt_sgemm_f32_f32_f32_f32_f32_64x128x16_1x1x1_3_tnn_align1_bias_f32_relu
PyTorch:BasicsTransformerLM.layers.3.ffn,PushPop,343,343,12,24,42193169,1758048.7,1758850.5,1752997,1764258,4509.6,cutlass3x_sm100_simt_sgemm_f32_f32_f32_f32_f32_128x128x16_1x1x1_3_tnn_align1_bias_f32_relu
PyTorch:BasicsTransformerLM.layers.3.ffn,PushPop,343,343,12,12,21671402,1805950.2,1805235.5,1803429,1810754,2030.0,cutlass3x_sm100_simt_sgemm_f32_f32_f32_f32_f32_128x64x16_1x1x1_3_tnn_align1_bias_f32_relu
PyTorch:BasicsTransformerLM.layers.3.ffn,PushPop,343,343,12,24,1769473,73728.0,74016.0,72160,75232,1068.7,"void at::native::vectorized_elementwise_kernel<(int)4, at::native::BinaryFunctor<float, float, float, at::native::binary_internal::MulFunctor<float>>, std::array<char *, (unsigned long)3>>(int, T2, T3)"
PyTorch:BasicsTransformerLM.layers.3.ffn,PushPop,343,343,12,12,591296,49274.7,49200.0,48608,50048,467.5,"void at::native::vectorized_elementwise_kernel<(int)4, at::native::sigmoid_kernel_cuda(at::TensorIteratorBase &)::[lambda() (instance 2)]::operator ()() const::[lambda() (instance 2)]::operator ()() const::[lambda(float) (instance 1)], std::array<char *, (unsigned long)2>>(int, T2, T3)"
PyTorch:BasicsTransformerLM.layers.3.ffn.w1,PushPop,343,343,12,12,21147882,1762323.5,1762276.5,1760356,1764258,1118.5,cutlass3x_sm100_simt_sgemm_f32_f32_f32_f32_f32_128x128x16_1x1x1_3_tnn_align1_bias_f32_relu
PyTorch:BasicsTransformerLM.layers.3.ffn.w2,PushPop,343,343,12,12,21671402,1805950.2,1805235.5,1803429,1810754,2030.0,cutlass3x_sm100_simt_sgemm_f32_f32_f32_f32_f32_128x64x16_1x1x1_3_tnn_align1_bias_f32_relu
PyTorch:BasicsTransformerLM.layers.3.ffn.w3,PushPop,343,343,12,12,21045287,1753773.9,1753379.0,1752997,1757345,1183.7,cutlass3x_sm100_simt_sgemm_f32_f32_f32_f32_f32_128x128x16_1x1x1_3_tnn_align1_bias_f32_relu
PyTorch:BasicsTransformerLM.layers.3.ln1,PushPop,343,343,12,24,573730,23905.4,23936.0,23456,24224,216.6,"void at::native::elementwise_kernel<(int)128, (int)2, void at::native::gpu_kernel_impl_nocast<at::native::BinaryFunctor<float, float, float, at::native::binary_internal::MulFunctor<float>>>(at::TensorIteratorBase &, const T1 &)::[lambda(int) (instance 1)]>(int, T3)"
PyTorch:BasicsTransformerLM.layers.3.ln1,PushPop,343,343,12,12,113088,9424.0,9392.0,9120,9664,158.8,"void at::native::vectorized_elementwise_kernel<(int)4, void at::native::<unnamed>::pow_tensor_scalar_kernel_impl<float, float>(at::TensorIteratorBase &, T2)::[lambda(float) (instance 1)], std::array<char *, (unsigned long)2>>(int, T2, T3)"
PyTorch:BasicsTransformerLM.layers.3.ln1,PushPop,343,343,12,12,90944,7578.7,7552.0,7040,8032,306.9,"void at::native::reduce_kernel<(int)512, (int)1, at::native::ReduceOp<float, at::native::MeanOps<float, float, float, float>, unsigned int, float, (int)4, (int)4>>(T3)"
PyTorch:BasicsTransformerLM.layers.3.ln1,PushPop,343,343,12,12,18976,1581.3,1568.0,1568,1728,46.2,"void at::native::vectorized_elementwise_kernel<(int)4, at::native::CUDAFunctorOnSelf_add<float>, std::array<char *, (unsigned long)2>>(int, T2, T3)"
PyTorch:BasicsTransformerLM.layers.3.ln1,PushPop,343,343,12,12,17952,1496.0,1472.0,1440,1632,61.2,"void at::native::vectorized_elementwise_kernel<(int)4, at::native::rsqrt_kernel_cuda(at::TensorIteratorBase &)::[lambda() (instance 2)]::operator ()() const::[lambda() (instance 2)]::operator ()() const::[lambda(float) (instance 1)], std::array<char *, (unsigned long)2>>(int, T2, T3)"
PyTorch:BasicsTransformerLM.layers.3.ln2,PushPop,343,343,12,24,572896,23870.7,23840.0,23392,24352,303.6,"void at::native::elementwise_kernel<(int)128, (int)2, void at::native::gpu_kernel_impl_nocast<at::native::BinaryFunctor<float, float, float, at::native::binary_internal::MulFunctor<float>>>(at::TensorIteratorBase &, const T1 &)::[lambda(int) (instance 1)]>(int, T3)"
PyTorch:BasicsTransformerLM.layers.3.ln2,PushPop,343,343,12,12,113569,9464.1,9440.0,9312,9792,142.4,"void at::native::vectorized_elementwise_kernel<(int)4, void at::native::<unnamed>::pow_tensor_scalar_kernel_impl<float, float>(at::TensorIteratorBase &, T2)::[lambda(float) (instance 1)], std::array<char *, (unsigned long)2>>(int, T2, T3)"
PyTorch:BasicsTransformerLM.layers.3.ln2,PushPop,343,343,12,12,91776,7648.0,7680.0,7104,8256,358.9,"void at::native::reduce_kernel<(int)512, (int)1, at::native::ReduceOp<float, at::native::MeanOps<float, float, float, float>, unsigned int, float, (int)4, (int)4>>(T3)"
PyTorch:BasicsTransformerLM.layers.3.ln2,PushPop,343,343,12,12,19201,1600.1,1568.5,1536,1728,57.8,"void at::native::vectorized_elementwise_kernel<(int)4, at::native::CUDAFunctorOnSelf_add<float>, std::array<char *, (unsigned long)2>>(int, T2, T3)"
PyTorch:BasicsTransformerLM.layers.3.ln2,PushPop,343,343,12,12,17632,1469.3,1472.0,1440,1504,21.4,"void at::native::vectorized_elementwise_kernel<(int)4, at::native::rsqrt_kernel_cuda(at::TensorIteratorBase &)::[lambda() (instance 2)]::operator ()() const::[lambda() (instance 2)]::operator ()() const::[lambda(float) (instance 1)], std::array<char *, (unsigned long)2>>(int, T2, T3)"
PyTorch:BasicsTransformerLM.layers.30,PushPop,343,343,12,36,56787370,1577426.9,1753492.0,1214498,1763748,258895.3,cutlass3x_sm100_simt_sgemm_f32_f32_f32_f32_f32_128x128x16_1x1x1_3_tnn_align1_bias_f32_relu
PyTorch:BasicsTransformerLM.layers.30,PushPop,343,343,12,48,24775693,516160.3,514752.5,514017,521729,2724.7,cutlass3x_sm100_simt_sgemm_f32_f32_f32_f32_f32_64x128x16_1x1x1_3_tnn_align1_bias_f32_relu
PyTorch:BasicsTransformerLM.layers.30,PushPop,343,343,12,12,21662888,1805240.7,1805428.0,1803811,1807205,956.5,cutlass3x_sm100_simt_sgemm_f32_f32_f32_f32_f32_128x64x16_1x1x1_3_tnn_align1_bias_f32_relu
PyTorch:BasicsTransformerLM.layers.30,PushPop,343,343,12,12,12250840,1020903.3,1020770.5,1020130,1022561,603.0,"void at::native::elementwise_kernel<(int)128, (int)2, void at::native::gpu_kernel_impl_nocast<at::native::BinaryFunctor<float, float, float, at::native::binary_internal::DivFunctor<float>>>(at::TensorIteratorBase &, const T1 &)::[lambda(int) (instance 1)]>(int, T3)"
PyTorch:BasicsTransformerLM.layers.30,PushPop,343,343,12,12,10651542,887628.5,887634.0,886882,888353,391.8,"void at::native::elementwise_kernel<(int)128, (int)2, void at::native::gpu_kernel_impl_nocast<at::native::<unnamed>::where_kernel_impl(at::TensorIterator &)::[lambda() (instance 1)]::operator ()() const::[lambda() (instance 11)]::operator ()() const::[lambda(bool, float, float) (instance 1)]>(at::TensorIteratorBase &, const T1 &)::[lambda(int) (instance 1)]>(int, T3)"
PyTorch:BasicsTransformerLM.layers.30,PushPop,343,343,12,12,10592854,882737.8,882530.0,881793,883841,636.5,"void at::native::elementwise_kernel<(int)128, (int)2, void at::native::gpu_kernel_impl_nocast<at::native::CUDAFunctor_add<float>>(at::TensorIteratorBase &, const T1 &)::[lambda(int) (instance 1)]>(int, T3)"
PyTorch:BasicsTransformerLM.layers.30,PushPop,343,343,12,12,9775026,814585.5,814257.0,813826,816385,758.6,cutlass3x_sm100_simt_sgemm_f32_f32_f32_f32_f32_64x128x16_1x1x1_3_nnn_align1_bias_f32_relu
PyTorch:BasicsTransformerLM.layers.30,PushPop,343,343,12,12,4645896,387158.0,387008.0,386177,388449,827.0,"void at::native::vectorized_elementwise_kernel<(int)4, at::native::BUnaryFunctor<float, float, float, at::native::binary_internal::MulFunctor<float>>, std::array<char *, (unsigned long)2>>(int, T2, T3)"
PyTorch:BasicsTransformerLM.layers.30,PushPop,343,343,12,12,4622982,385248.5,385376.5,383745,385889,719.4,"void at::native::vectorized_elementwise_kernel<(int)4, at::native::exp_kernel_cuda(at::TensorIteratorBase &)::[lambda() (instance 2)]::operator ()() const::[lambda() (instance 2)]::operator ()() const::[lambda(float) (instance 1)], std::array<char *, (unsigned long)2>>(int, T2, T3)"
PyTorch:BasicsTransformerLM.layers.30,PushPop,343,343,12,12,3791047,315920.6,315984.5,315232,316448,344.1,"void at::native::reduce_kernel<(int)512, (int)1, at::native::ReduceOp<float, at::native::MaxOps<float>, unsigned int, float, (int)4, (int)4>>(T3)"
PyTorch:BasicsTransformerLM.layers.30,PushPop,343,343,12,144,2755911,19138.3,18240.0,14912,24416,3639.8,"void at::native::elementwise_kernel<(int)128, (int)2, void at::native::gpu_kernel_impl_nocast<at::native::BinaryFunctor<float, float, float, at::native::binary_internal::MulFunctor<float>>>(at::TensorIteratorBase &, const T1 &)::[lambda(int) (instance 1)]>(int, T3)"
PyTorch:BasicsTransformerLM.layers.30,PushPop,343,343,12,12,2741285,228440.4,228464.5,227776,229089,464.4,"void at::native::reduce_kernel<(int)512, (int)1, at::native::ReduceOp<float, at::native::func_wrapper_t<float, at::native::sum_functor<float, float, float>::operator ()(at::TensorIterator &)::[lambda(float, float) (instance 1)]>, unsigned int, float, (int)4, (int)4>>(T3)"
PyTorch:BasicsTransformerLM.layers.30,PushPop,343,343,12,24,1770531,73772.1,73728.0,72544,75329,967.0,"void at::native::vectorized_elementwise_kernel<(int)4, at::native::BinaryFunctor<float, float, float, at::native::binary_internal::MulFunctor<float>>, std::array<char *, (unsigned long)3>>(int, T2, T3)"
PyTorch:BasicsTransformerLM.layers.30,PushPop,343,343,12,24,1303619,54317.5,54400.5,53728,54784,311.0,"void at::native::<unnamed>::CatArrayBatchedCopy<at::native::<unnamed>::OpaqueType<(unsigned int)4>, unsigned int, (int)4, (int)64, (int)64>(T1 *, at::native::<unnamed>::CatArrInputTensorMetadata<T1, T2, T4, T5>, at::native::<unnamed>::TensorSizeStride<T2, (unsigned int)4>, int, T2)"
PyTorch:BasicsTransformerLM.layers.30,PushPop,343,343,12,24,742785,30949.4,30992.0,29184,32640,1498.1,"void at::native::elementwise_kernel<(int)128, (int)2, void at::native::gpu_kernel_impl_nocast<at::native::direct_copy_kernel_cuda(at::TensorIteratorBase &)::[lambda() (instance 3)]::operator ()() const::[lambda() (instance 7)]::operator ()() const::[lambda(float) (instance 1)]>(at::TensorIteratorBase &, const T1 &)::[lambda(int) (instance 1)]>(int, T3)"
PyTorch:BasicsTransformerLM.layers.30,PushPop,343,343,12,72,714019,9916.9,6928.0,6592,16576,4378.4,"void at::native::vectorized_elementwise_kernel<(int)4, at::native::CUDAFunctor_add<float>, std::array<char *, (unsigned long)3>>(int, T2, T3)"
PyTorch:BasicsTransformerLM.layers.30,PushPop,343,343,12,12,589666,49138.8,49072.0,48288,49856,395.9,"void at::native::vectorized_elementwise_kernel<(int)4, at::native::sigmoid_kernel_cuda(at::TensorIteratorBase &)::[lambda() (instance 2)]::operator ()() const::[lambda() (instance 2)]::operator ()() const::[lambda(float) (instance 1)], std::array<char *, (unsigned long)2>>(int, T2, T3)"
PyTorch:BasicsTransformerLM.layers.30,PushPop,343,343,12,24,225921,9413.4,9392.0,9121,9728,141.0,"void at::native::vectorized_elementwise_kernel<(int)4, void at::native::<unnamed>::pow_tensor_scalar_kernel_impl<float, float>(at::TensorIteratorBase &, T2)::[lambda(float) (instance 1)], std::array<char *, (unsigned long)2>>(int, T2, T3)"
PyTorch:BasicsTransformerLM.layers.30,PushPop,343,343,12,24,186945,7789.4,7760.0,7200,8640,417.3,"void at::native::reduce_kernel<(int)512, (int)1, at::native::ReduceOp<float, at::native::MeanOps<float, float, float, float>, unsigned int, float, (int)4, (int)4>>(T3)"
PyTorch:BasicsTransformerLM.layers.30,PushPop,343,343,12,12,103840,8653.3,8640.0,8544,8832,92.0,"void at::native::elementwise_kernel<(int)128, (int)4, void at::native::gpu_kernel_impl_nocast<at::native::<unnamed>::CompareFunctor<long>>(at::TensorIteratorBase &, const T1 &)::[lambda(int) (instance 1)]>(int, T3)"
PyTorch:BasicsTransformerLM.layers.30,PushPop,343,343,12,24,38496,1604.0,1568.0,1504,1824,81.9,"void at::native::vectorized_elementwise_kernel<(int)4, at::native::CUDAFunctorOnSelf_add<float>, std::array<char *, (unsigned long)2>>(int, T2, T3)"
PyTorch:BasicsTransformerLM.layers.30,PushPop,343,343,12,24,35904,1496.0,1472.0,1440,1600,51.0,"void at::native::vectorized_elementwise_kernel<(int)4, at::native::rsqrt_kernel_cuda(at::TensorIteratorBase &)::[lambda() (instance 2)]::operator ()() const::[lambda() (instance 2)]::operator ()() const::[lambda(float) (instance 1)], std::array<char *, (unsigned long)2>>(int, T2, T3)"
PyTorch:BasicsTransformerLM.layers.30,PushPop,343,343,12,12,14240,1186.7,1168.0,1120,1344,70.2,"void <unnamed>::elementwise_kernel_with_index<int, at::native::arange_cuda_out(const c10::Scalar &, const c10::Scalar &, const c10::Scalar &, at::Tensor &)::[lambda() (instance 1)]::operator ()() const::[lambda() (instance 4)]::operator ()() const::[lambda(long) (instance 1)]>(T1, T2, function_traits<T2>::result_type *)"
PyTorch:BasicsTransformerLM.layers.30,PushPop,343,343,12,12,12960,1080.0,1120.0,928,1184,89.6,"void at::native::vectorized_elementwise_kernel<(int)4, at::native::FillFunctor<float>, std::array<char *, (unsigned long)1>>(int, T2, T3)"
PyTorch:BasicsTransformerLM.layers.30.attn,PushPop,343,343,12,48,24775693,516160.3,514752.5,514017,521729,2724.7,cutlass3x_sm100_simt_sgemm_f32_f32_f32_f32_f32_64x128x16_1x1x1_3_tnn_align1_bias_f32_relu
PyTorch:BasicsTransformerLM.layers.30.attn,PushPop,343,343,12,12,14597434,1216452.8,1216498.0,1214498,1217730,822.3,cutlass3x_sm100_simt_sgemm_f32_f32_f32_f32_f32_128x128x16_1x1x1_3_tnn_align1_bias_f32_relu
PyTorch:BasicsTransformerLM.layers.30.attn,PushPop,343,343,12,12,12250840,1020903.3,1020770.5,1020130,1022561,603.0,"void at::native::elementwise_kernel<(int)128, (int)2, void at::native::gpu_kernel_impl_nocast<at::native::BinaryFunctor<float, float, float, at::native::binary_internal::DivFunctor<float>>>(at::TensorIteratorBase &, const T1 &)::[lambda(int) (instance 1)]>(int, T3)"
PyTorch:BasicsTransformerLM.layers.30.attn,PushPop,343,343,12,12,10651542,887628.5,887634.0,886882,888353,391.8,"void at::native::elementwise_kernel<(int)128, (int)2, void at::native::gpu_kernel_impl_nocast<at::native::<unnamed>::where_kernel_impl(at::TensorIterator &)::[lambda() (instance 1)]::operator ()() const::[lambda() (instance 11)]::operator ()() const::[lambda(bool, float, float) (instance 1)]>(at::TensorIteratorBase &, const T1 &)::[lambda(int) (instance 1)]>(int, T3)"
PyTorch:BasicsTransformerLM.layers.30.attn,PushPop,343,343,12,12,10592854,882737.8,882530.0,881793,883841,636.5,"void at::native::elementwise_kernel<(int)128, (int)2, void at::native::gpu_kernel_impl_nocast<at::native::CUDAFunctor_add<float>>(at::TensorIteratorBase &, const T1 &)::[lambda(int) (instance 1)]>(int, T3)"
PyTorch:BasicsTransformerLM.layers.30.attn,PushPop,343,343,12,12,9775026,814585.5,814257.0,813826,816385,758.6,cutlass3x_sm100_simt_sgemm_f32_f32_f32_f32_f32_64x128x16_1x1x1_3_nnn_align1_bias_f32_relu
PyTorch:BasicsTransformerLM.layers.30.attn,PushPop,343,343,12,12,4645896,387158.0,387008.0,386177,388449,827.0,"void at::native::vectorized_elementwise_kernel<(int)4, at::native::BUnaryFunctor<float, float, float, at::native::binary_internal::MulFunctor<float>>, std::array<char *, (unsigned long)2>>(int, T2, T3)"
PyTorch:BasicsTransformerLM.layers.30.attn,PushPop,343,343,12,12,4622982,385248.5,385376.5,383745,385889,719.4,"void at::native::vectorized_elementwise_kernel<(int)4, at::native::exp_kernel_cuda(at::TensorIteratorBase &)::[lambda() (instance 2)]::operator ()() const::[lambda() (instance 2)]::operator ()() const::[lambda(float) (instance 1)], std::array<char *, (unsigned long)2>>(int, T2, T3)"
PyTorch:BasicsTransformerLM.layers.30.attn,PushPop,343,343,12,12,3791047,315920.6,315984.5,315232,316448,344.1,"void at::native::reduce_kernel<(int)512, (int)1, at::native::ReduceOp<float, at::native::MaxOps<float>, unsigned int, float, (int)4, (int)4>>(T3)"
PyTorch:BasicsTransformerLM.layers.30.attn,PushPop,343,343,12,12,2741285,228440.4,228464.5,227776,229089,464.4,"void at::native::reduce_kernel<(int)512, (int)1, at::native::ReduceOp<float, at::native::func_wrapper_t<float, at::native::sum_functor<float, float, float>::operator ()(at::TensorIterator &)::[lambda(float, float) (instance 1)]>, unsigned int, float, (int)4, (int)4>>(T3)"
PyTorch:BasicsTransformerLM.layers.30.attn,PushPop,343,343,12,96,1610020,16771.0,16480.0,14912,19840,1710.6,"void at::native::elementwise_kernel<(int)128, (int)2, void at::native::gpu_kernel_impl_nocast<at::native::BinaryFunctor<float, float, float, at::native::binary_internal::MulFunctor<float>>>(at::TensorIteratorBase &, const T1 &)::[lambda(int) (instance 1)]>(int, T3)"
PyTorch:BasicsTransformerLM.layers.30.attn,PushPop,343,343,12,24,1303619,54317.5,54400.5,53728,54784,311.0,"void at::native::<unnamed>::CatArrayBatchedCopy<at::native::<unnamed>::OpaqueType<(unsigned int)4>, unsigned int, (int)4, (int)64, (int)64>(T1 *, at::native::<unnamed>::CatArrInputTensorMetadata<T1, T2, T4, T5>, at::native::<unnamed>::TensorSizeStride<T2, (unsigned int)4>, int, T2)"
PyTorch:BasicsTransformerLM.layers.30.attn,PushPop,343,343,12,24,742785,30949.4,30992.0,29184,32640,1498.1,"void at::native::elementwise_kernel<(int)128, (int)2, void at::native::gpu_kernel_impl_nocast<at::native::direct_copy_kernel_cuda(at::TensorIteratorBase &)::[lambda() (instance 3)]::operator ()() const::[lambda() (instance 7)]::operator ()() const::[lambda(float) (instance 1)]>(at::TensorIteratorBase &, const T1 &)::[lambda(int) (instance 1)]>(int, T3)"
PyTorch:BasicsTransformerLM.layers.30.attn,PushPop,343,343,12,48,328545,6844.7,6816.0,6592,7136,114.4,"void at::native::vectorized_elementwise_kernel<(int)4, at::native::CUDAFunctor_add<float>, std::array<char *, (unsigned long)3>>(int, T2, T3)"
PyTorch:BasicsTransformerLM.layers.30.attn,PushPop,343,343,12,12,103840,8653.3,8640.0,8544,8832,92.0,"void at::native::elementwise_kernel<(int)128, (int)4, void at::native::gpu_kernel_impl_nocast<at::native::<unnamed>::CompareFunctor<long>>(at::TensorIteratorBase &, const T1 &)::[lambda(int) (instance 1)]>(int, T3)"
PyTorch:BasicsTransformerLM.layers.30.attn,PushPop,343,343,12,12,14240,1186.7,1168.0,1120,1344,70.2,"void <unnamed>::elementwise_kernel_with_index<int, at::native::arange_cuda_out(const c10::Scalar &, const c10::Scalar &, const c10::Scalar &, at::Tensor &)::[lambda() (instance 1)]::operator ()() const::[lambda() (instance 4)]::operator ()() const::[lambda(long) (instance 1)]>(T1, T2, function_traits<T2>::result_type *)"
PyTorch:BasicsTransformerLM.layers.30.attn,PushPop,343,343,12,12,12960,1080.0,1120.0,928,1184,89.6,"void at::native::vectorized_elementwise_kernel<(int)4, at::native::FillFunctor<float>, std::array<char *, (unsigned long)1>>(int, T2, T3)"
PyTorch:BasicsTransformerLM.layers.30.attn.k_proj,PushPop,343,343,12,12,6177517,514793.1,514752.5,514369,515362,324.3,cutlass3x_sm100_simt_sgemm_f32_f32_f32_f32_f32_64x128x16_1x1x1_3_tnn_align1_bias_f32_relu
PyTorch:BasicsTransformerLM.layers.30.attn.output_proj,PushPop,343,343,12,12,6249484,520790.3,520704.5,520289,521729,413.1,cutlass3x_sm100_simt_sgemm_f32_f32_f32_f32_f32_64x128x16_1x1x1_3_tnn_align1_bias_f32_relu
PyTorch:BasicsTransformerLM.layers.30.attn.q_proj,PushPop,343,343,12,12,6172458,514371.5,514352.5,514017,514945,320.7,cutlass3x_sm100_simt_sgemm_f32_f32_f32_f32_f32_64x128x16_1x1x1_3_tnn_align1_bias_f32_relu
PyTorch:BasicsTransformerLM.layers.30.attn.v_proj,PushPop,343,343,12,12,6176234,514686.2,514656.5,514369,515072,236.8,cutlass3x_sm100_simt_sgemm_f32_f32_f32_f32_f32_64x128x16_1x1x1_3_tnn_align1_bias_f32_relu
PyTorch:BasicsTransformerLM.layers.30.ffn,PushPop,343,343,12,24,42189936,1757914.0,1757363.0,1752803,1763748,4602.9,cutlass3x_sm100_simt_sgemm_f32_f32_f32_f32_f32_128x128x16_1x1x1_3_tnn_align1_bias_f32_relu
PyTorch:BasicsTransformerLM.layers.30.ffn,PushPop,343,343,12,12,21662888,1805240.7,1805428.0,1803811,1807205,956.5,cutlass3x_sm100_simt_sgemm_f32_f32_f32_f32_f32_128x64x16_1x1x1_3_tnn_align1_bias_f32_relu
PyTorch:BasicsTransformerLM.layers.30.ffn,PushPop,343,343,12,24,1770531,73772.1,73728.0,72544,75329,967.0,"void at::native::vectorized_elementwise_kernel<(int)4, at::native::BinaryFunctor<float, float, float, at::native::binary_internal::MulFunctor<float>>, std::array<char *, (unsigned long)3>>(int, T2, T3)"
PyTorch:BasicsTransformerLM.layers.30.ffn,PushPop,343,343,12,12,589666,49138.8,49072.0,48288,49856,395.9,"void at::native::vectorized_elementwise_kernel<(int)4, at::native::sigmoid_kernel_cuda(at::TensorIteratorBase &)::[lambda() (instance 2)]::operator ()() const::[lambda() (instance 2)]::operator ()() const::[lambda(float) (instance 1)], std::array<char *, (unsigned long)2>>(int, T2, T3)"
PyTorch:BasicsTransformerLM.layers.30.ffn.w1,PushPop,343,343,12,12,21148104,1762342.0,1762740.0,1760292,1763748,1138.6,cutlass3x_sm100_simt_sgemm_f32_f32_f32_f32_f32_128x128x16_1x1x1_3_tnn_align1_bias_f32_relu
PyTorch:BasicsTransformerLM.layers.30.ffn.w2,PushPop,343,343,12,12,21662888,1805240.7,1805428.0,1803811,1807205,956.5,cutlass3x_sm100_simt_sgemm_f32_f32_f32_f32_f32_128x64x16_1x1x1_3_tnn_align1_bias_f32_relu
PyTorch:BasicsTransformerLM.layers.30.ffn.w3,PushPop,343,343,12,12,21041832,1753486.0,1753492.0,1752803,1754434,473.2,cutlass3x_sm100_simt_sgemm_f32_f32_f32_f32_f32_128x128x16_1x1x1_3_tnn_align1_bias_f32_relu
PyTorch:BasicsTransformerLM.layers.30.ln1,PushPop,343,343,12,24,573281,23886.7,23872.0,23200,24416,255.8,"void at::native::elementwise_kernel<(int)128, (int)2, void at::native::gpu_kernel_impl_nocast<at::native::BinaryFunctor<float, float, float, at::native::binary_internal::MulFunctor<float>>>(at::TensorIteratorBase &, const T1 &)::[lambda(int) (instance 1)]>(int, T3)"
PyTorch:BasicsTransformerLM.layers.30.ln1,PushPop,343,343,12,12,113120,9426.7,9392.0,9216,9728,140.1,"void at::native::vectorized_elementwise_kernel<(int)4, void at::native::<unnamed>::pow_tensor_scalar_kernel_impl<float, float>(at::TensorIteratorBase &, T2)::[lambda(float) (instance 1)], std::array<char *, (unsigned long)2>>(int, T2, T3)"
PyTorch:BasicsTransformerLM.layers.30.ln1,PushPop,343,343,12,12,94305,7858.8,7824.0,7200,8640,474.6,"void at::native::reduce_kernel<(int)512, (int)1, at::native::ReduceOp<float, at::native::MeanOps<float, float, float, float>, unsigned int, float, (int)4, (int)4>>(T3)"
PyTorch:BasicsTransformerLM.layers.30.ln1,PushPop,343,343,12,12,18976,1581.3,1568.0,1504,1760,64.7,"void at::native::vectorized_elementwise_kernel<(int)4, at::native::CUDAFunctorOnSelf_add<float>, std::array<char *, (unsigned long)2>>(int, T2, T3)"
PyTorch:BasicsTransformerLM.layers.30.ln1,PushPop,343,343,12,12,18112,1509.3,1472.0,1472,1600,57.6,"void at::native::vectorized_elementwise_kernel<(int)4, at::native::rsqrt_kernel_cuda(at::TensorIteratorBase &)::[lambda() (instance 2)]::operator ()() const::[lambda() (instance 2)]::operator ()() const::[lambda(float) (instance 1)], std::array<char *, (unsigned long)2>>(int, T2, T3)"
PyTorch:BasicsTransformerLM.layers.30.ln2,PushPop,343,343,12,24,572610,23858.8,23904.5,23488,24192,222.3,"void at::native::elementwise_kernel<(int)128, (int)2, void at::native::gpu_kernel_impl_nocast<at::native::BinaryFunctor<float, float, float, at::native::binary_internal::MulFunctor<float>>>(at::TensorIteratorBase &, const T1 &)::[lambda(int) (instance 1)]>(int, T3)"
PyTorch:BasicsTransformerLM.layers.30.ln2,PushPop,343,343,12,12,112801,9400.1,9408.0,9121,9664,146.9,"void at::native::vectorized_elementwise_kernel<(int)4, void at::native::<unnamed>::pow_tensor_scalar_kernel_impl<float, float>(at::TensorIteratorBase &, T2)::[lambda(float) (instance 1)], std::array<char *, (unsigned long)2>>(int, T2, T3)"
PyTorch:BasicsTransformerLM.layers.30.ln2,PushPop,343,343,12,12,92640,7720.0,7696.0,7200,8256,358.2,"void at::native::reduce_kernel<(int)512, (int)1, at::native::ReduceOp<float, at::native::MeanOps<float, float, float, float>, unsigned int, float, (int)4, (int)4>>(T3)"
PyTorch:BasicsTransformerLM.layers.30.ln2,PushPop,343,343,12,12,19520,1626.7,1568.0,1536,1824,93.4,"void at::native::vectorized_elementwise_kernel<(int)4, at::native::CUDAFunctorOnSelf_add<float>, std::array<char *, (unsigned long)2>>(int, T2, T3)"
PyTorch:BasicsTransformerLM.layers.30.ln2,PushPop,343,343,12,12,17792,1482.7,1472.0,1440,1568,41.7,"void at::native::vectorized_elementwise_kernel<(int)4, at::native::rsqrt_kernel_cuda(at::TensorIteratorBase &)::[lambda() (instance 2)]::operator ()() const::[lambda() (instance 2)]::operator ()() const::[lambda(float) (instance 1)], std::array<char *, (unsigned long)2>>(int, T2, T3)"
PyTorch:BasicsTransformerLM.layers.31,PushPop,343,343,12,36,56784620,1577350.6,1753331.0,1214948,1763651,258916.2,cutlass3x_sm100_simt_sgemm_f32_f32_f32_f32_f32_128x128x16_1x1x1_3_tnn_align1_bias_f32_relu
PyTorch:BasicsTransformerLM.layers.31,PushPop,343,343,12,48,24774383,516133.0,514721.0,513985,521504,2745.4,cutlass3x_sm100_simt_sgemm_f32_f32_f32_f32_f32_64x128x16_1x1x1_3_tnn_align1_bias_f32_relu
PyTorch:BasicsTransformerLM.layers.31,PushPop,343,343,12,12,21659851,1804987.6,1805092.5,1803141,1807075,1281.7,cutlass3x_sm100_simt_sgemm_f32_f32_f32_f32_f32_128x64x16_1x1x1_3_tnn_align1_bias_f32_relu
PyTorch:BasicsTransformerLM.layers.31,PushPop,343,343,12,12,12245624,1020468.7,1020242.5,1019907,1021571,513.7,"void at::native::elementwise_kernel<(int)128, (int)2, void at::native::gpu_kernel_impl_nocast<at::native::BinaryFunctor<float, float, float, at::native::binary_internal::DivFunctor<float>>>(at::TensorIteratorBase &, const T1 &)::[lambda(int) (instance 1)]>(int, T3)"
PyTorch:BasicsTransformerLM.layers.31,PushPop,343,343,12,12,10654934,887911.2,887954.0,887331,888737,425.6,"void at::native::elementwise_kernel<(int)128, (int)2, void at::native::gpu_kernel_impl_nocast<at::native::<unnamed>::where_kernel_impl(at::TensorIterator &)::[lambda() (instance 1)]::operator ()() const::[lambda() (instance 11)]::operator ()() const::[lambda(bool, float, float) (instance 1)]>(at::TensorIteratorBase &, const T1 &)::[lambda(int) (instance 1)]>(int, T3)"
PyTorch:BasicsTransformerLM.layers.31,PushPop,343,343,12,12,10585492,882124.3,882113.0,881249,883137,600.4,"void at::native::elementwise_kernel<(int)128, (int)2, void at::native::gpu_kernel_impl_nocast<at::native::CUDAFunctor_add<float>>(at::TensorIteratorBase &, const T1 &)::[lambda(int) (instance 1)]>(int, T3)"
PyTorch:BasicsTransformerLM.layers.31,PushPop,343,343,12,12,9774194,814516.2,814322.0,813761,816288,636.8,cutlass3x_sm100_simt_sgemm_f32_f32_f32_f32_f32_64x128x16_1x1x1_3_nnn_align1_bias_f32_relu
PyTorch:BasicsTransformerLM.layers.31,PushPop,343,343,12,12,4651498,387624.8,387504.5,386177,389601,979.7,"void at::native::vectorized_elementwise_kernel<(int)4, at::native::BUnaryFunctor<float, float, float, at::native::binary_internal::MulFunctor<float>>, std::array<char *, (unsigned long)2>>(int, T2, T3)"
PyTorch:BasicsTransformerLM.layers.31,PushPop,343,343,12,12,4618345,384862.1,384417.0,383488,387136,1211.6,"void at::native::vectorized_elementwise_kernel<(int)4, at::native::exp_kernel_cuda(at::TensorIteratorBase &)::[lambda() (instance 2)]::operator ()() const::[lambda() (instance 2)]::operator ()() const::[lambda(float) (instance 1)], std::array<char *, (unsigned long)2>>(int, T2, T3)"
PyTorch:BasicsTransformerLM.layers.31,PushPop,343,343,12,12,3788517,315709.8,315664.0,315105,316416,343.0,"void at::native::reduce_kernel<(int)512, (int)1, at::native::ReduceOp<float, at::native::MaxOps<float>, unsigned int, float, (int)4, (int)4>>(T3)"
PyTorch:BasicsTransformerLM.layers.31,PushPop,343,343,12,144,2755651,19136.5,18304.0,14912,24544,3597.7,"void at::native::elementwise_kernel<(int)128, (int)2, void at::native::gpu_kernel_impl_nocast<at::native::BinaryFunctor<float, float, float, at::native::binary_internal::MulFunctor<float>>>(at::TensorIteratorBase &, const T1 &)::[lambda(int) (instance 1)]>(int, T3)"
PyTorch:BasicsTransformerLM.layers.31,PushPop,343,343,12,12,2736229,228019.1,228160.0,227105,228960,553.6,"void at::native::reduce_kernel<(int)512, (int)1, at::native::ReduceOp<float, at::native::func_wrapper_t<float, at::native::sum_functor<float, float, float>::operator ()(at::TensorIterator &)::[lambda(float, float) (instance 1)]>, unsigned int, float, (int)4, (int)4>>(T3)"
PyTorch:BasicsTransformerLM.layers.31,PushPop,343,343,12,24,1768774,73698.9,73632.5,72000,75584,975.8,"void at::native::vectorized_elementwise_kernel<(int)4, at::native::BinaryFunctor<float, float, float, at::native::binary_internal::MulFunctor<float>>, std::array<char *, (unsigned long)3>>(int, T2, T3)"
PyTorch:BasicsTransformerLM.layers.31,PushPop,343,343,12,24,1300897,54204.0,54144.0,53696,54976,314.7,"void at::native::<unnamed>::CatArrayBatchedCopy<at::native::<unnamed>::OpaqueType<(unsigned int)4>, unsigned int, (int)4, (int)64, (int)64>(T1 *, at::native::<unnamed>::CatArrInputTensorMetadata<T1, T2, T4, T5>, at::native::<unnamed>::TensorSizeStride<T2, (unsigned int)4>, int, T2)"
PyTorch:BasicsTransformerLM.layers.31,PushPop,343,343,12,24,744099,31004.1,31056.0,29248,32768,1577.6,"void at::native::elementwise_kernel<(int)128, (int)2, void at::native::gpu_kernel_impl_nocast<at::native::direct_copy_kernel_cuda(at::TensorIteratorBase &)::[lambda() (instance 3)]::operator ()() const::[lambda() (instance 7)]::operator ()() const::[lambda(float) (instance 1)]>(at::TensorIteratorBase &, const T1 &)::[lambda(int) (instance 1)]>(int, T3)"
PyTorch:BasicsTransformerLM.layers.31,PushPop,343,343,12,72,712320,9893.3,6944.0,6656,16448,4328.3,"void at::native::vectorized_elementwise_kernel<(int)4, at::native::CUDAFunctor_add<float>, std::array<char *, (unsigned long)3>>(int, T2, T3)"
PyTorch:BasicsTransformerLM.layers.31,PushPop,343,343,12,12,589537,49128.1,49104.5,48544,49696,324.9,"void at::native::vectorized_elementwise_kernel<(int)4, at::native::sigmoid_kernel_cuda(at::TensorIteratorBase &)::[lambda() (instance 2)]::operator ()() const::[lambda() (instance 2)]::operator ()() const::[lambda(float) (instance 1)], std::array<char *, (unsigned long)2>>(int, T2, T3)"
PyTorch:BasicsTransformerLM.layers.31,PushPop,343,343,12,24,227552,9481.3,9488.0,9312,9728,111.4,"void at::native::vectorized_elementwise_kernel<(int)4, void at::native::<unnamed>::pow_tensor_scalar_kernel_impl<float, float>(at::TensorIteratorBase &, T2)::[lambda(float) (instance 1)], std::array<char *, (unsigned long)2>>(int, T2, T3)"
PyTorch:BasicsTransformerLM.layers.31,PushPop,343,343,12,24,183809,7658.7,7600.0,7168,8512,419.0,"void at::native::reduce_kernel<(int)512, (int)1, at::native::ReduceOp<float, at::native::MeanOps<float, float, float, float>, unsigned int, float, (int)4, (int)4>>(T3)"
PyTorch:BasicsTransformerLM.layers.31,PushPop,343,343,12,12,103616,8634.7,8624.0,8576,8704,40.6,"void at::native::elementwise_kernel<(int)128, (int)4, void at::native::gpu_kernel_impl_nocast<at::native::<unnamed>::CompareFunctor<long>>(at::TensorIteratorBase &, const T1 &)::[lambda(int) (instance 1)]>(int, T3)"
PyTorch:BasicsTransformerLM.layers.31,PushPop,343,343,12,24,38144,1589.3,1568.0,1536,1792,60.9,"void at::native::vectorized_elementwise_kernel<(int)4, at::native::CUDAFunctorOnSelf_add<float>, std::array<char *, (unsigned long)2>>(int, T2, T3)"
PyTorch:BasicsTransformerLM.layers.31,PushPop,343,343,12,24,35456,1477.3,1472.0,1440,1632,52.3,"void at::native::vectorized_elementwise_kernel<(int)4, at::native::rsqrt_kernel_cuda(at::TensorIteratorBase &)::[lambda() (instance 2)]::operator ()() const::[lambda() (instance 2)]::operator ()() const::[lambda(float) (instance 1)], std::array<char *, (unsigned long)2>>(int, T2, T3)"
PyTorch:BasicsTransformerLM.layers.31,PushPop,343,343,12,12,14304,1192.0,1152.0,1120,1408,85.3,"void <unnamed>::elementwise_kernel_with_index<int, at::native::arange_cuda_out(const c10::Scalar &, const c10::Scalar &, const c10::Scalar &, at::Tensor &)::[lambda() (instance 1)]::operator ()() const::[lambda() (instance 4)]::operator ()() const::[lambda(long) (instance 1)]>(T1, T2, function_traits<T2>::result_type *)"
PyTorch:BasicsTransformerLM.layers.31,PushPop,343,343,12,12,12384,1032.0,976.0,960,1152,84.3,"void at::native::vectorized_elementwise_kernel<(int)4, at::native::FillFunctor<float>, std::array<char *, (unsigned long)1>>(int, T2, T3)"
PyTorch:BasicsTransformerLM.layers.31.attn,PushPop,343,343,12,48,24774383,516133.0,514721.0,513985,521504,2745.4,cutlass3x_sm100_simt_sgemm_f32_f32_f32_f32_f32_64x128x16_1x1x1_3_tnn_align1_bias_f32_relu
PyTorch:BasicsTransformerLM.layers.31.attn,PushPop,343,343,12,12,14596156,1216346.3,1216466.0,1214948,1217380,756.0,cutlass3x_sm100_simt_sgemm_f32_f32_f32_f32_f32_128x128x16_1x1x1_3_tnn_align1_bias_f32_relu
PyTorch:BasicsTransformerLM.layers.31.attn,PushPop,343,343,12,12,12245624,1020468.7,1020242.5,1019907,1021571,513.7,"void at::native::elementwise_kernel<(int)128, (int)2, void at::native::gpu_kernel_impl_nocast<at::native::BinaryFunctor<float, float, float, at::native::binary_internal::DivFunctor<float>>>(at::TensorIteratorBase &, const T1 &)::[lambda(int) (instance 1)]>(int, T3)"
PyTorch:BasicsTransformerLM.layers.31.attn,PushPop,343,343,12,12,10654934,887911.2,887954.0,887331,888737,425.6,"void at::native::elementwise_kernel<(int)128, (int)2, void at::native::gpu_kernel_impl_nocast<at::native::<unnamed>::where_kernel_impl(at::TensorIterator &)::[lambda() (instance 1)]::operator ()() const::[lambda() (instance 11)]::operator ()() const::[lambda(bool, float, float) (instance 1)]>(at::TensorIteratorBase &, const T1 &)::[lambda(int) (instance 1)]>(int, T3)"
PyTorch:BasicsTransformerLM.layers.31.attn,PushPop,343,343,12,12,10585492,882124.3,882113.0,881249,883137,600.4,"void at::native::elementwise_kernel<(int)128, (int)2, void at::native::gpu_kernel_impl_nocast<at::native::CUDAFunctor_add<float>>(at::TensorIteratorBase &, const T1 &)::[lambda(int) (instance 1)]>(int, T3)"
PyTorch:BasicsTransformerLM.layers.31.attn,PushPop,343,343,12,12,9774194,814516.2,814322.0,813761,816288,636.8,cutlass3x_sm100_simt_sgemm_f32_f32_f32_f32_f32_64x128x16_1x1x1_3_nnn_align1_bias_f32_relu
PyTorch:BasicsTransformerLM.layers.31.attn,PushPop,343,343,12,12,4651498,387624.8,387504.5,386177,389601,979.7,"void at::native::vectorized_elementwise_kernel<(int)4, at::native::BUnaryFunctor<float, float, float, at::native::binary_internal::MulFunctor<float>>, std::array<char *, (unsigned long)2>>(int, T2, T3)"
PyTorch:BasicsTransformerLM.layers.31.attn,PushPop,343,343,12,12,4618345,384862.1,384417.0,383488,387136,1211.6,"void at::native::vectorized_elementwise_kernel<(int)4, at::native::exp_kernel_cuda(at::TensorIteratorBase &)::[lambda() (instance 2)]::operator ()() const::[lambda() (instance 2)]::operator ()() const::[lambda(float) (instance 1)], std::array<char *, (unsigned long)2>>(int, T2, T3)"
PyTorch:BasicsTransformerLM.layers.31.attn,PushPop,343,343,12,12,3788517,315709.8,315664.0,315105,316416,343.0,"void at::native::reduce_kernel<(int)512, (int)1, at::native::ReduceOp<float, at::native::MaxOps<float>, unsigned int, float, (int)4, (int)4>>(T3)"
PyTorch:BasicsTransformerLM.layers.31.attn,PushPop,343,343,12,12,2736229,228019.1,228160.0,227105,228960,553.6,"void at::native::reduce_kernel<(int)512, (int)1, at::native::ReduceOp<float, at::native::func_wrapper_t<float, at::native::sum_functor<float, float, float>::operator ()(at::TensorIterator &)::[lambda(float, float) (instance 1)]>, unsigned int, float, (int)4, (int)4>>(T3)"
PyTorch:BasicsTransformerLM.layers.31.attn,PushPop,343,343,12,96,1613763,16810.0,16400.0,14912,20096,1744.6,"void at::native::elementwise_kernel<(int)128, (int)2, void at::native::gpu_kernel_impl_nocast<at::native::BinaryFunctor<float, float, float, at::native::binary_internal::MulFunctor<float>>>(at::TensorIteratorBase &, const T1 &)::[lambda(int) (instance 1)]>(int, T3)"
PyTorch:BasicsTransformerLM.layers.31.attn,PushPop,343,343,12,24,1300897,54204.0,54144.0,53696,54976,314.7,"void at::native::<unnamed>::CatArrayBatchedCopy<at::native::<unnamed>::OpaqueType<(unsigned int)4>, unsigned int, (int)4, (int)64, (int)64>(T1 *, at::native::<unnamed>::CatArrInputTensorMetadata<T1, T2, T4, T5>, at::native::<unnamed>::TensorSizeStride<T2, (unsigned int)4>, int, T2)"
PyTorch:BasicsTransformerLM.layers.31.attn,PushPop,343,343,12,24,744099,31004.1,31056.0,29248,32768,1577.6,"void at::native::elementwise_kernel<(int)128, (int)2, void at::native::gpu_kernel_impl_nocast<at::native::direct_copy_kernel_cuda(at::TensorIteratorBase &)::[lambda() (instance 3)]::operator ()() const::[lambda() (instance 7)]::operator ()() const::[lambda(float) (instance 1)]>(at::TensorIteratorBase &, const T1 &)::[lambda(int) (instance 1)]>(int, T3)"
PyTorch:BasicsTransformerLM.layers.31.attn,PushPop,343,343,12,48,329088,6856.0,6816.0,6656,7200,125.3,"void at::native::vectorized_elementwise_kernel<(int)4, at::native::CUDAFunctor_add<float>, std::array<char *, (unsigned long)3>>(int, T2, T3)"
PyTorch:BasicsTransformerLM.layers.31.attn,PushPop,343,343,12,12,103616,8634.7,8624.0,8576,8704,40.6,"void at::native::elementwise_kernel<(int)128, (int)4, void at::native::gpu_kernel_impl_nocast<at::native::<unnamed>::CompareFunctor<long>>(at::TensorIteratorBase &, const T1 &)::[lambda(int) (instance 1)]>(int, T3)"
PyTorch:BasicsTransformerLM.layers.31.attn,PushPop,343,343,12,12,14304,1192.0,1152.0,1120,1408,85.3,"void <unnamed>::elementwise_kernel_with_index<int, at::native::arange_cuda_out(const c10::Scalar &, const c10::Scalar &, const c10::Scalar &, at::Tensor &)::[lambda() (instance 1)]::operator ()() const::[lambda() (instance 4)]::operator ()() const::[lambda(long) (instance 1)]>(T1, T2, function_traits<T2>::result_type *)"
PyTorch:BasicsTransformerLM.layers.31.attn,PushPop,343,343,12,12,12384,1032.0,976.0,960,1152,84.3,"void at::native::vectorized_elementwise_kernel<(int)4, at::native::FillFunctor<float>, std::array<char *, (unsigned long)1>>(int, T2, T3)"
PyTorch:BasicsTransformerLM.layers.31.attn.k_proj,PushPop,343,343,12,12,6176393,514699.4,514689.0,514336,515072,214.8,cutlass3x_sm100_simt_sgemm_f32_f32_f32_f32_f32_64x128x16_1x1x1_3_tnn_align1_bias_f32_relu
PyTorch:BasicsTransformerLM.layers.31.attn.output_proj,PushPop,343,343,12,12,6249674,520806.2,520801.0,520386,521504,284.7,cutlass3x_sm100_simt_sgemm_f32_f32_f32_f32_f32_64x128x16_1x1x1_3_tnn_align1_bias_f32_relu
PyTorch:BasicsTransformerLM.layers.31.attn.q_proj,PushPop,343,343,12,12,6170703,514225.3,514193.5,513985,514497,159.2,cutlass3x_sm100_simt_sgemm_f32_f32_f32_f32_f32_64x128x16_1x1x1_3_tnn_align1_bias_f32_relu
PyTorch:BasicsTransformerLM.layers.31.attn.v_proj,PushPop,343,343,12,12,6177613,514801.1,514769.0,514497,515553,283.7,cutlass3x_sm100_simt_sgemm_f32_f32_f32_f32_f32_64x128x16_1x1x1_3_tnn_align1_bias_f32_relu
PyTorch:BasicsTransformerLM.layers.31.ffn,PushPop,343,343,12,24,42188464,1757852.7,1757842.5,1752708,1763651,4549.4,cutlass3x_sm100_simt_sgemm_f32_f32_f32_f32_f32_128x128x16_1x1x1_3_tnn_align1_bias_f32_relu
PyTorch:BasicsTransformerLM.layers.31.ffn,PushPop,343,343,12,12,21659851,1804987.6,1805092.5,1803141,1807075,1281.7,cutlass3x_sm100_simt_sgemm_f32_f32_f32_f32_f32_128x64x16_1x1x1_3_tnn_align1_bias_f32_relu
PyTorch:BasicsTransformerLM.layers.31.ffn,PushPop,343,343,12,24,1768774,73698.9,73632.5,72000,75584,975.8,"void at::native::vectorized_elementwise_kernel<(int)4, at::native::BinaryFunctor<float, float, float, at::native::binary_internal::MulFunctor<float>>, std::array<char *, (unsigned long)3>>(int, T2, T3)"
PyTorch:BasicsTransformerLM.layers.31.ffn,PushPop,343,343,12,12,589537,49128.1,49104.5,48544,49696,324.9,"void at::native::vectorized_elementwise_kernel<(int)4, at::native::sigmoid_kernel_cuda(at::TensorIteratorBase &)::[lambda() (instance 2)]::operator ()() const::[lambda() (instance 2)]::operator ()() const::[lambda(float) (instance 1)], std::array<char *, (unsigned long)2>>(int, T2, T3)"
PyTorch:BasicsTransformerLM.layers.31.ffn.w1,PushPop,343,343,12,12,21146890,1762240.8,1762115.5,1760804,1763651,924.4,cutlass3x_sm100_simt_sgemm_f32_f32_f32_f32_f32_128x128x16_1x1x1_3_tnn_align1_bias_f32_relu
PyTorch:BasicsTransformerLM.layers.31.ffn.w2,PushPop,343,343,12,12,21659851,1804987.6,1805092.5,1803141,1807075,1281.7,cutlass3x_sm100_simt_sgemm_f32_f32_f32_f32_f32_128x64x16_1x1x1_3_tnn_align1_bias_f32_relu
PyTorch:BasicsTransformerLM.layers.31.ffn.w3,PushPop,343,343,12,12,21041574,1753464.5,1753331.0,1752708,1754881,638.1,cutlass3x_sm100_simt_sgemm_f32_f32_f32_f32_f32_128x128x16_1x1x1_3_tnn_align1_bias_f32_relu
PyTorch:BasicsTransformerLM.layers.31.ln1,PushPop,343,343,12,24,571488,23812.0,23792.0,23392,24544,263.1,"void at::native::elementwise_kernel<(int)128, (int)2, void at::native::gpu_kernel_impl_nocast<at::native::BinaryFunctor<float, float, float, at::native::binary_internal::MulFunctor<float>>>(at::TensorIteratorBase &, const T1 &)::[lambda(int) (instance 1)]>(int, T3)"
PyTorch:BasicsTransformerLM.layers.31.ln1,PushPop,343,343,12,12,113984,9498.7,9504.0,9344,9728,118.8,"void at::native::vectorized_elementwise_kernel<(int)4, void at::native::<unnamed>::pow_tensor_scalar_kernel_impl<float, float>(at::TensorIteratorBase &, T2)::[lambda(float) (instance 1)], std::array<char *, (unsigned long)2>>(int, T2, T3)"
PyTorch:BasicsTransformerLM.layers.31.ln1,PushPop,343,343,12,12,91777,7648.1,7600.0,7168,8512,445.4,"void at::native::reduce_kernel<(int)512, (int)1, at::native::ReduceOp<float, at::native::MeanOps<float, float, float, float>, unsigned int, float, (int)4, (int)4>>(T3)"
PyTorch:BasicsTransformerLM.layers.31.ln1,PushPop,343,343,12,12,19168,1597.3,1568.0,1568,1792,67.5,"void at::native::vectorized_elementwise_kernel<(int)4, at::native::CUDAFunctorOnSelf_add<float>, std::array<char *, (unsigned long)2>>(int, T2, T3)"
PyTorch:BasicsTransformerLM.layers.31.ln1,PushPop,343,343,12,12,17760,1480.0,1472.0,1440,1632,54.8,"void at::native::vectorized_elementwise_kernel<(int)4, at::native::rsqrt_kernel_cuda(at::TensorIteratorBase &)::[lambda() (instance 2)]::operator ()() const::[lambda() (instance 2)]::operator ()() const::[lambda(float) (instance 1)], std::array<char *, (unsigned long)2>>(int, T2, T3)"
PyTorch:BasicsTransformerLM.layers.31.ln2,PushPop,343,343,12,24,570400,23766.7,23744.0,23392,24320,247.1,"void at::native::elementwise_kernel<(int)128, (int)2, void at::native::gpu_kernel_impl_nocast<at::native::BinaryFunctor<float, float, float, at::native::binary_internal::MulFunctor<float>>>(at::TensorIteratorBase &, const T1 &)::[lambda(int) (instance 1)]>(int, T3)"
PyTorch:BasicsTransformerLM.layers.31.ln2,PushPop,343,343,12,12,113568,9464.0,9440.0,9312,9664,105.8,"void at::native::vectorized_elementwise_kernel<(int)4, void at::native::<unnamed>::pow_tensor_scalar_kernel_impl<float, float>(at::TensorIteratorBase &, T2)::[lambda(float) (instance 1)], std::array<char *, (unsigned long)2>>(int, T2, T3)"
PyTorch:BasicsTransformerLM.layers.31.ln2,PushPop,343,343,12,12,92032,7669.3,7584.0,7200,8384,410.3,"void at::native::reduce_kernel<(int)512, (int)1, at::native::ReduceOp<float, at::native::MeanOps<float, float, float, float>, unsigned int, float, (int)4, (int)4>>(T3)"
PyTorch:BasicsTransformerLM.layers.31.ln2,PushPop,343,343,12,12,18976,1581.3,1568.0,1536,1728,55.4,"void at::native::vectorized_elementwise_kernel<(int)4, at::native::CUDAFunctorOnSelf_add<float>, std::array<char *, (unsigned long)2>>(int, T2, T3)"
PyTorch:BasicsTransformerLM.layers.31.ln2,PushPop,343,343,12,12,17696,1474.7,1472.0,1440,1632,51.9,"void at::native::vectorized_elementwise_kernel<(int)4, at::native::rsqrt_kernel_cuda(at::TensorIteratorBase &)::[lambda() (instance 2)]::operator ()() const::[lambda() (instance 2)]::operator ()() const::[lambda(float) (instance 1)], std::array<char *, (unsigned long)2>>(int, T2, T3)"
PyTorch:BasicsTransformerLM.layers.32,PushPop,343,343,12,36,56777294,1577147.1,1753491.5,1214787,1763105,259167.7,cutlass3x_sm100_simt_sgemm_f32_f32_f32_f32_f32_128x128x16_1x1x1_3_tnn_align1_bias_f32_relu
PyTorch:BasicsTransformerLM.layers.32,PushPop,343,343,12,48,24774671,516139.0,514785.0,513985,521344,2719.8,cutlass3x_sm100_simt_sgemm_f32_f32_f32_f32_f32_64x128x16_1x1x1_3_tnn_align1_bias_f32_relu
PyTorch:BasicsTransformerLM.layers.32,PushPop,343,343,12,12,21668041,1805670.1,1805393.5,1803875,1808069,1435.1,cutlass3x_sm100_simt_sgemm_f32_f32_f32_f32_f32_128x64x16_1x1x1_3_tnn_align1_bias_f32_relu
PyTorch:BasicsTransformerLM.layers.32,PushPop,343,343,12,12,12247672,1020639.3,1020482.0,1019939,1021570,528.2,"void at::native::elementwise_kernel<(int)128, (int)2, void at::native::gpu_kernel_impl_nocast<at::native::BinaryFunctor<float, float, float, at::native::binary_internal::DivFunctor<float>>>(at::TensorIteratorBase &, const T1 &)::[lambda(int) (instance 1)]>(int, T3)"
PyTorch:BasicsTransformerLM.layers.32,PushPop,343,343,12,12,10654166,887847.2,887874.0,887106,888545,429.1,"void at::native::elementwise_kernel<(int)128, (int)2, void at::native::gpu_kernel_impl_nocast<at::native::<unnamed>::where_kernel_impl(at::TensorIterator &)::[lambda() (instance 1)]::operator ()() const::[lambda() (instance 11)]::operator ()() const::[lambda(bool, float, float) (instance 1)]>(at::TensorIteratorBase &, const T1 &)::[lambda(int) (instance 1)]>(int, T3)"
PyTorch:BasicsTransformerLM.layers.32,PushPop,343,343,12,12,10594516,882876.3,882834.0,882146,883682,462.2,"void at::native::elementwise_kernel<(int)128, (int)2, void at::native::gpu_kernel_impl_nocast<at::native::CUDAFunctor_add<float>>(at::TensorIteratorBase &, const T1 &)::[lambda(int) (instance 1)]>(int, T3)"
PyTorch:BasicsTransformerLM.layers.32,PushPop,343,343,12,12,9772755,814396.3,814273.5,813410,816257,756.5,cutlass3x_sm100_simt_sgemm_f32_f32_f32_f32_f32_64x128x16_1x1x1_3_nnn_align1_bias_f32_relu
PyTorch:BasicsTransformerLM.layers.32,PushPop,343,343,12,12,4650217,387518.1,387392.0,386625,388609,694.9,"void at::native::vectorized_elementwise_kernel<(int)4, at::native::BUnaryFunctor<float, float, float, at::native::binary_internal::MulFunctor<float>>, std::array<char *, (unsigned long)2>>(int, T2, T3)"
PyTorch:BasicsTransformerLM.layers.32,PushPop,343,343,12,12,4621803,385150.3,384800.5,384129,387105,987.3,"void at::native::vectorized_elementwise_kernel<(int)4, at::native::exp_kernel_cuda(at::TensorIteratorBase &)::[lambda() (instance 2)]::operator ()() const::[lambda() (instance 2)]::operator ()() const::[lambda(float) (instance 1)], std::array<char *, (unsigned long)2>>(int, T2, T3)"
PyTorch:BasicsTransformerLM.layers.32,PushPop,343,343,12,12,3791237,315936.4,315904.5,315329,316448,393.3,"void at::native::reduce_kernel<(int)512, (int)1, at::native::ReduceOp<float, at::native::MaxOps<float>, unsigned int, float, (int)4, (int)4>>(T3)"
PyTorch:BasicsTransformerLM.layers.32,PushPop,343,343,12,144,2751430,19107.2,18192.5,14912,24544,3640.5,"void at::native::elementwise_kernel<(int)128, (int)2, void at::native::gpu_kernel_impl_nocast<at::native::BinaryFunctor<float, float, float, at::native::binary_internal::MulFunctor<float>>>(at::TensorIteratorBase &, const T1 &)::[lambda(int) (instance 1)]>(int, T3)"
PyTorch:BasicsTransformerLM.layers.32,PushPop,343,343,12,12,2738628,228219.0,228256.0,227552,228864,374.6,"void at::native::reduce_kernel<(int)512, (int)1, at::native::ReduceOp<float, at::native::func_wrapper_t<float, at::native::sum_functor<float, float, float>::operator ()(at::TensorIterator &)::[lambda(float, float) (instance 1)]>, unsigned int, float, (int)4, (int)4>>(T3)"
PyTorch:BasicsTransformerLM.layers.32,PushPop,343,343,12,24,1772068,73836.2,73968.0,72224,75392,986.8,"void at::native::vectorized_elementwise_kernel<(int)4, at::native::BinaryFunctor<float, float, float, at::native::binary_internal::MulFunctor<float>>, std::array<char *, (unsigned long)3>>(int, T2, T3)"
PyTorch:BasicsTransformerLM.layers.32,PushPop,343,343,12,24,1302465,54269.4,54256.0,53920,54816,227.6,"void at::native::<unnamed>::CatArrayBatchedCopy<at::native::<unnamed>::OpaqueType<(unsigned int)4>, unsigned int, (int)4, (int)64, (int)64>(T1 *, at::native::<unnamed>::CatArrInputTensorMetadata<T1, T2, T4, T5>, at::native::<unnamed>::TensorSizeStride<T2, (unsigned int)4>, int, T2)"
PyTorch:BasicsTransformerLM.layers.32,PushPop,343,343,12,24,742785,30949.4,30944.5,29248,32928,1545.3,"void at::native::elementwise_kernel<(int)128, (int)2, void at::native::gpu_kernel_impl_nocast<at::native::direct_copy_kernel_cuda(at::TensorIteratorBase &)::[lambda() (instance 3)]::operator ()() const::[lambda() (instance 7)]::operator ()() const::[lambda(float) (instance 1)]>(at::TensorIteratorBase &, const T1 &)::[lambda(int) (instance 1)]>(int, T3)"
PyTorch:BasicsTransformerLM.layers.32,PushPop,343,343,12,72,714336,9921.3,6912.0,6656,16800,4363.4,"void at::native::vectorized_elementwise_kernel<(int)4, at::native::CUDAFunctor_add<float>, std::array<char *, (unsigned long)3>>(int, T2, T3)"
PyTorch:BasicsTransformerLM.layers.32,PushPop,343,343,12,12,587040,48920.0,48832.0,48448,49664,370.0,"void at::native::vectorized_elementwise_kernel<(int)4, at::native::sigmoid_kernel_cuda(at::TensorIteratorBase &)::[lambda() (instance 2)]::operator ()() const::[lambda() (instance 2)]::operator ()() const::[lambda(float) (instance 1)], std::array<char *, (unsigned long)2>>(int, T2, T3)"
PyTorch:BasicsTransformerLM.layers.32,PushPop,343,343,12,24,227328,9472.0,9472.0,9184,9920,164.5,"void at::native::vectorized_elementwise_kernel<(int)4, void at::native::<unnamed>::pow_tensor_scalar_kernel_impl<float, float>(at::TensorIteratorBase &, T2)::[lambda(float) (instance 1)], std::array<char *, (unsigned long)2>>(int, T2, T3)"
PyTorch:BasicsTransformerLM.layers.32,PushPop,343,343,12,24,186112,7754.7,7680.0,7136,8448,407.9,"void at::native::reduce_kernel<(int)512, (int)1, at::native::ReduceOp<float, at::native::MeanOps<float, float, float, float>, unsigned int, float, (int)4, (int)4>>(T3)"
PyTorch:BasicsTransformerLM.layers.32,PushPop,343,343,12,12,103520,8626.7,8640.0,8544,8704,42.0,"void at::native::elementwise_kernel<(int)128, (int)4, void at::native::gpu_kernel_impl_nocast<at::native::<unnamed>::CompareFunctor<long>>(at::TensorIteratorBase &, const T1 &)::[lambda(int) (instance 1)]>(int, T3)"
PyTorch:BasicsTransformerLM.layers.32,PushPop,343,343,12,24,38144,1589.3,1568.0,1536,1728,64.5,"void at::native::vectorized_elementwise_kernel<(int)4, at::native::CUDAFunctorOnSelf_add<float>, std::array<char *, (unsigned long)2>>(int, T2, T3)"
PyTorch:BasicsTransformerLM.layers.32,PushPop,343,343,12,24,35680,1486.7,1472.0,1440,1632,49.9,"void at::native::vectorized_elementwise_kernel<(int)4, at::native::rsqrt_kernel_cuda(at::TensorIteratorBase &)::[lambda() (instance 2)]::operator ()() const::[lambda() (instance 2)]::operator ()() const::[lambda(float) (instance 1)], std::array<char *, (unsigned long)2>>(int, T2, T3)"
PyTorch:BasicsTransformerLM.layers.32,PushPop,343,343,12,12,14016,1168.0,1152.0,1088,1280,50.1,"void <unnamed>::elementwise_kernel_with_index<int, at::native::arange_cuda_out(const c10::Scalar &, const c10::Scalar &, const c10::Scalar &, at::Tensor &)::[lambda() (instance 1)]::operator ()() const::[lambda() (instance 4)]::operator ()() const::[lambda(long) (instance 1)]>(T1, T2, function_traits<T2>::result_type *)"
PyTorch:BasicsTransformerLM.layers.32,PushPop,343,343,12,12,12800,1066.7,1056.0,928,1312,117.6,"void at::native::vectorized_elementwise_kernel<(int)4, at::native::FillFunctor<float>, std::array<char *, (unsigned long)1>>(int, T2, T3)"
PyTorch:BasicsTransformerLM.layers.32.attn,PushPop,343,343,12,48,24774671,516139.0,514785.0,513985,521344,2719.8,cutlass3x_sm100_simt_sgemm_f32_f32_f32_f32_f32_64x128x16_1x1x1_3_tnn_align1_bias_f32_relu
PyTorch:BasicsTransformerLM.layers.32.attn,PushPop,343,343,12,12,14589470,1215789.2,1215858.0,1214787,1216546,605.4,cutlass3x_sm100_simt_sgemm_f32_f32_f32_f32_f32_128x128x16_1x1x1_3_tnn_align1_bias_f32_relu
PyTorch:BasicsTransformerLM.layers.32.attn,PushPop,343,343,12,12,12247672,1020639.3,1020482.0,1019939,1021570,528.2,"void at::native::elementwise_kernel<(int)128, (int)2, void at::native::gpu_kernel_impl_nocast<at::native::BinaryFunctor<float, float, float, at::native::binary_internal::DivFunctor<float>>>(at::TensorIteratorBase &, const T1 &)::[lambda(int) (instance 1)]>(int, T3)"
PyTorch:BasicsTransformerLM.layers.32.attn,PushPop,343,343,12,12,10654166,887847.2,887874.0,887106,888545,429.1,"void at::native::elementwise_kernel<(int)128, (int)2, void at::native::gpu_kernel_impl_nocast<at::native::<unnamed>::where_kernel_impl(at::TensorIterator &)::[lambda() (instance 1)]::operator ()() const::[lambda() (instance 11)]::operator ()() const::[lambda(bool, float, float) (instance 1)]>(at::TensorIteratorBase &, const T1 &)::[lambda(int) (instance 1)]>(int, T3)"
PyTorch:BasicsTransformerLM.layers.32.attn,PushPop,343,343,12,12,10594516,882876.3,882834.0,882146,883682,462.2,"void at::native::elementwise_kernel<(int)128, (int)2, void at::native::gpu_kernel_impl_nocast<at::native::CUDAFunctor_add<float>>(at::TensorIteratorBase &, const T1 &)::[lambda(int) (instance 1)]>(int, T3)"
PyTorch:BasicsTransformerLM.layers.32.attn,PushPop,343,343,12,12,9772755,814396.3,814273.5,813410,816257,756.5,cutlass3x_sm100_simt_sgemm_f32_f32_f32_f32_f32_64x128x16_1x1x1_3_nnn_align1_bias_f32_relu
PyTorch:BasicsTransformerLM.layers.32.attn,PushPop,343,343,12,12,4650217,387518.1,387392.0,386625,388609,694.9,"void at::native::vectorized_elementwise_kernel<(int)4, at::native::BUnaryFunctor<float, float, float, at::native::binary_internal::MulFunctor<float>>, std::array<char *, (unsigned long)2>>(int, T2, T3)"
PyTorch:BasicsTransformerLM.layers.32.attn,PushPop,343,343,12,12,4621803,385150.3,384800.5,384129,387105,987.3,"void at::native::vectorized_elementwise_kernel<(int)4, at::native::exp_kernel_cuda(at::TensorIteratorBase &)::[lambda() (instance 2)]::operator ()() const::[lambda() (instance 2)]::operator ()() const::[lambda(float) (instance 1)], std::array<char *, (unsigned long)2>>(int, T2, T3)"
PyTorch:BasicsTransformerLM.layers.32.attn,PushPop,343,343,12,12,3791237,315936.4,315904.5,315329,316448,393.3,"void at::native::reduce_kernel<(int)512, (int)1, at::native::ReduceOp<float, at::native::MaxOps<float>, unsigned int, float, (int)4, (int)4>>(T3)"
PyTorch:BasicsTransformerLM.layers.32.attn,PushPop,343,343,12,12,2738628,228219.0,228256.0,227552,228864,374.6,"void at::native::reduce_kernel<(int)512, (int)1, at::native::ReduceOp<float, at::native::func_wrapper_t<float, at::native::sum_functor<float, float, float>::operator ()(at::TensorIterator &)::[lambda(float, float) (instance 1)]>, unsigned int, float, (int)4, (int)4>>(T3)"
PyTorch:BasicsTransformerLM.layers.32.attn,PushPop,343,343,12,96,1607267,16742.4,16480.0,14912,19808,1720.9,"void at::native::elementwise_kernel<(int)128, (int)2, void at::native::gpu_kernel_impl_nocast<at::native::BinaryFunctor<float, float, float, at::native::binary_internal::MulFunctor<float>>>(at::TensorIteratorBase &, const T1 &)::[lambda(int) (instance 1)]>(int, T3)"
PyTorch:BasicsTransformerLM.layers.32.attn,PushPop,343,343,12,24,1302465,54269.4,54256.0,53920,54816,227.6,"void at::native::<unnamed>::CatArrayBatchedCopy<at::native::<unnamed>::OpaqueType<(unsigned int)4>, unsigned int, (int)4, (int)64, (int)64>(T1 *, at::native::<unnamed>::CatArrInputTensorMetadata<T1, T2, T4, T5>, at::native::<unnamed>::TensorSizeStride<T2, (unsigned int)4>, int, T2)"
PyTorch:BasicsTransformerLM.layers.32.attn,PushPop,343,343,12,24,742785,30949.4,30944.5,29248,32928,1545.3,"void at::native::elementwise_kernel<(int)128, (int)2, void at::native::gpu_kernel_impl_nocast<at::native::direct_copy_kernel_cuda(at::TensorIteratorBase &)::[lambda() (instance 3)]::operator ()() const::[lambda() (instance 7)]::operator ()() const::[lambda(float) (instance 1)]>(at::TensorIteratorBase &, const T1 &)::[lambda(int) (instance 1)]>(int, T3)"
PyTorch:BasicsTransformerLM.layers.32.attn,PushPop,343,343,12,48,329280,6860.0,6848.0,6656,7168,112.3,"void at::native::vectorized_elementwise_kernel<(int)4, at::native::CUDAFunctor_add<float>, std::array<char *, (unsigned long)3>>(int, T2, T3)"
PyTorch:BasicsTransformerLM.layers.32.attn,PushPop,343,343,12,12,103520,8626.7,8640.0,8544,8704,42.0,"void at::native::elementwise_kernel<(int)128, (int)4, void at::native::gpu_kernel_impl_nocast<at::native::<unnamed>::CompareFunctor<long>>(at::TensorIteratorBase &, const T1 &)::[lambda(int) (instance 1)]>(int, T3)"
PyTorch:BasicsTransformerLM.layers.32.attn,PushPop,343,343,12,12,14016,1168.0,1152.0,1088,1280,50.1,"void <unnamed>::elementwise_kernel_with_index<int, at::native::arange_cuda_out(const c10::Scalar &, const c10::Scalar &, const c10::Scalar &, at::Tensor &)::[lambda() (instance 1)]::operator ()() const::[lambda() (instance 4)]::operator ()() const::[lambda(long) (instance 1)]>(T1, T2, function_traits<T2>::result_type *)"
PyTorch:BasicsTransformerLM.layers.32.attn,PushPop,343,343,12,12,12800,1066.7,1056.0,928,1312,117.6,"void at::native::vectorized_elementwise_kernel<(int)4, at::native::FillFunctor<float>, std::array<char *, (unsigned long)1>>(int, T2, T3)"
PyTorch:BasicsTransformerLM.layers.32.attn.k_proj,PushPop,343,343,12,12,6177516,514793.0,514785.5,514400,515425,294.1,cutlass3x_sm100_simt_sgemm_f32_f32_f32_f32_f32_64x128x16_1x1x1_3_tnn_align1_bias_f32_relu
PyTorch:BasicsTransformerLM.layers.32.attn.output_proj,PushPop,343,343,12,12,6249228,520769.0,520737.0,520449,521344,246.0,cutlass3x_sm100_simt_sgemm_f32_f32_f32_f32_f32_64x128x16_1x1x1_3_tnn_align1_bias_f32_relu
PyTorch:BasicsTransformerLM.layers.32.attn.q_proj,PushPop,343,343,12,12,6170667,514222.3,514225.0,513985,514529,178.7,cutlass3x_sm100_simt_sgemm_f32_f32_f32_f32_f32_64x128x16_1x1x1_3_tnn_align1_bias_f32_relu
PyTorch:BasicsTransformerLM.layers.32.attn.v_proj,PushPop,343,343,12,12,6177260,514771.7,514769.0,514497,514946,132.6,cutlass3x_sm100_simt_sgemm_f32_f32_f32_f32_f32_64x128x16_1x1x1_3_tnn_align1_bias_f32_relu
PyTorch:BasicsTransformerLM.layers.32.ffn,PushPop,343,343,12,24,42187824,1757826.0,1757603.0,1752708,1763105,4374.4,cutlass3x_sm100_simt_sgemm_f32_f32_f32_f32_f32_128x128x16_1x1x1_3_tnn_align1_bias_f32_relu
PyTorch:BasicsTransformerLM.layers.32.ffn,PushPop,343,343,12,12,21668041,1805670.1,1805393.5,1803875,1808069,1435.1,cutlass3x_sm100_simt_sgemm_f32_f32_f32_f32_f32_128x64x16_1x1x1_3_tnn_align1_bias_f32_relu
PyTorch:BasicsTransformerLM.layers.32.ffn,PushPop,343,343,12,24,1772068,73836.2,73968.0,72224,75392,986.8,"void at::native::vectorized_elementwise_kernel<(int)4, at::native::BinaryFunctor<float, float, float, at::native::binary_internal::MulFunctor<float>>, std::array<char *, (unsigned long)3>>(int, T2, T3)"
PyTorch:BasicsTransformerLM.layers.32.ffn,PushPop,343,343,12,12,587040,48920.0,48832.0,48448,49664,370.0,"void at::native::vectorized_elementwise_kernel<(int)4, at::native::sigmoid_kernel_cuda(at::TensorIteratorBase &)::[lambda() (instance 2)]::operator ()() const::[lambda() (instance 2)]::operator ()() const::[lambda(float) (instance 1)], std::array<char *, (unsigned long)2>>(int, T2, T3)"
PyTorch:BasicsTransformerLM.layers.32.ffn.w1,PushPop,343,343,12,12,21144745,1762062.1,1762052.0,1760517,1763105,757.2,cutlass3x_sm100_simt_sgemm_f32_f32_f32_f32_f32_128x128x16_1x1x1_3_tnn_align1_bias_f32_relu
PyTorch:BasicsTransformerLM.layers.32.ffn.w2,PushPop,343,343,12,12,21668041,1805670.1,1805393.5,1803875,1808069,1435.1,cutlass3x_sm100_simt_sgemm_f32_f32_f32_f32_f32_128x64x16_1x1x1_3_tnn_align1_bias_f32_relu
PyTorch:BasicsTransformerLM.layers.32.ffn.w3,PushPop,343,343,12,12,21043079,1753589.9,1753491.5,1752708,1754689,534.1,cutlass3x_sm100_simt_sgemm_f32_f32_f32_f32_f32_128x128x16_1x1x1_3_tnn_align1_bias_f32_relu
PyTorch:BasicsTransformerLM.layers.32.ln1,PushPop,343,343,12,24,572800,23866.7,23888.0,23520,24544,251.9,"void at::native::elementwise_kernel<(int)128, (int)2, void at::native::gpu_kernel_impl_nocast<at::native::BinaryFunctor<float, float, float, at::native::binary_internal::MulFunctor<float>>>(at::TensorIteratorBase &, const T1 &)::[lambda(int) (instance 1)]>(int, T3)"
PyTorch:BasicsTransformerLM.layers.32.ln1,PushPop,343,343,12,12,112992,9416.0,9424.0,9280,9504,78.5,"void at::native::vectorized_elementwise_kernel<(int)4, void at::native::<unnamed>::pow_tensor_scalar_kernel_impl<float, float>(at::TensorIteratorBase &, T2)::[lambda(float) (instance 1)], std::array<char *, (unsigned long)2>>(int, T2, T3)"
PyTorch:BasicsTransformerLM.layers.32.ln1,PushPop,343,343,12,12,94496,7874.7,7840.0,7232,8416,334.6,"void at::native::reduce_kernel<(int)512, (int)1, at::native::ReduceOp<float, at::native::MeanOps<float, float, float, float>, unsigned int, float, (int)4, (int)4>>(T3)"
PyTorch:BasicsTransformerLM.layers.32.ln1,PushPop,343,343,12,12,18784,1565.3,1568.0,1536,1600,21.4,"void at::native::vectorized_elementwise_kernel<(int)4, at::native::CUDAFunctorOnSelf_add<float>, std::array<char *, (unsigned long)2>>(int, T2, T3)"
PyTorch:BasicsTransformerLM.layers.32.ln1,PushPop,343,343,12,12,17984,1498.7,1472.0,1440,1632,56.0,"void at::native::vectorized_elementwise_kernel<(int)4, at::native::rsqrt_kernel_cuda(at::TensorIteratorBase &)::[lambda() (instance 2)]::operator ()() const::[lambda() (instance 2)]::operator ()() const::[lambda(float) (instance 1)], std::array<char *, (unsigned long)2>>(int, T2, T3)"
PyTorch:BasicsTransformerLM.layers.32.ln2,PushPop,343,343,12,24,571363,23806.8,23776.0,23329,24288,282.1,"void at::native::elementwise_kernel<(int)128, (int)2, void at::native::gpu_kernel_impl_nocast<at::native::BinaryFunctor<float, float, float, at::native::binary_internal::MulFunctor<float>>>(at::TensorIteratorBase &, const T1 &)::[lambda(int) (instance 1)]>(int, T3)"
PyTorch:BasicsTransformerLM.layers.32.ln2,PushPop,343,343,12,12,114336,9528.0,9520.0,9184,9920,208.8,"void at::native::vectorized_elementwise_kernel<(int)4, void at::native::<unnamed>::pow_tensor_scalar_kernel_impl<float, float>(at::TensorIteratorBase &, T2)::[lambda(float) (instance 1)], std::array<char *, (unsigned long)2>>(int, T2, T3)"
PyTorch:BasicsTransformerLM.layers.32.ln2,PushPop,343,343,12,12,91616,7634.7,7504.0,7136,8448,452.2,"void at::native::reduce_kernel<(int)512, (int)1, at::native::ReduceOp<float, at::native::MeanOps<float, float, float, float>, unsigned int, float, (int)4, (int)4>>(T3)"
PyTorch:BasicsTransformerLM.layers.32.ln2,PushPop,343,343,12,12,19360,1613.3,1568.0,1536,1728,83.5,"void at::native::vectorized_elementwise_kernel<(int)4, at::native::CUDAFunctorOnSelf_add<float>, std::array<char *, (unsigned long)2>>(int, T2, T3)"
PyTorch:BasicsTransformerLM.layers.32.ln2,PushPop,343,343,12,12,17696,1474.7,1472.0,1440,1600,42.0,"void at::native::vectorized_elementwise_kernel<(int)4, at::native::rsqrt_kernel_cuda(at::TensorIteratorBase &)::[lambda() (instance 2)]::operator ()() const::[lambda() (instance 2)]::operator ()() const::[lambda(float) (instance 1)], std::array<char *, (unsigned long)2>>(int, T2, T3)"
PyTorch:BasicsTransformerLM.layers.33,PushPop,343,343,12,36,56786121,1577392.3,1753380.0,1214658,1764577,259071.0,cutlass3x_sm100_simt_sgemm_f32_f32_f32_f32_f32_128x128x16_1x1x1_3_tnn_align1_bias_f32_relu
PyTorch:BasicsTransformerLM.layers.33,PushPop,343,343,12,48,24778670,516222.3,514753.0,513857,522529,2825.7,cutlass3x_sm100_simt_sgemm_f32_f32_f32_f32_f32_64x128x16_1x1x1_3_tnn_align1_bias_f32_relu
PyTorch:BasicsTransformerLM.layers.33,PushPop,343,343,12,12,21667272,1805606.0,1805554.5,1803939,1807589,1037.8,cutlass3x_sm100_simt_sgemm_f32_f32_f32_f32_f32_128x64x16_1x1x1_3_tnn_align1_bias_f32_relu
PyTorch:BasicsTransformerLM.layers.33,PushPop,343,343,12,12,12251669,1020972.4,1020962.0,1020066,1021665,559.4,"void at::native::elementwise_kernel<(int)128, (int)2, void at::native::gpu_kernel_impl_nocast<at::native::BinaryFunctor<float, float, float, at::native::binary_internal::DivFunctor<float>>>(at::TensorIteratorBase &, const T1 &)::[lambda(int) (instance 1)]>(int, T3)"
PyTorch:BasicsTransformerLM.layers.33,PushPop,343,343,12,12,10652759,887729.9,887746.0,887170,888354,448.1,"void at::native::elementwise_kernel<(int)128, (int)2, void at::native::gpu_kernel_impl_nocast<at::native::<unnamed>::where_kernel_impl(at::TensorIterator &)::[lambda() (instance 1)]::operator ()() const::[lambda() (instance 11)]::operator ()() const::[lambda(bool, float, float) (instance 1)]>(at::TensorIteratorBase &, const T1 &)::[lambda(int) (instance 1)]>(int, T3)"
PyTorch:BasicsTransformerLM.layers.33,PushPop,343,343,12,12,10587891,882324.3,882305.5,880898,883233,684.9,"void at::native::elementwise_kernel<(int)128, (int)2, void at::native::gpu_kernel_impl_nocast<at::native::CUDAFunctor_add<float>>(at::TensorIteratorBase &, const T1 &)::[lambda(int) (instance 1)]>(int, T3)"
PyTorch:BasicsTransformerLM.layers.33,PushPop,343,343,12,12,9772149,814345.8,814194.0,813698,816129,703.1,cutlass3x_sm100_simt_sgemm_f32_f32_f32_f32_f32_64x128x16_1x1x1_3_nnn_align1_bias_f32_relu
PyTorch:BasicsTransformerLM.layers.33,PushPop,343,343,12,12,4653704,387808.7,387841.0,386176,389186,971.5,"void at::native::vectorized_elementwise_kernel<(int)4, at::native::BUnaryFunctor<float, float, float, at::native::binary_internal::MulFunctor<float>>, std::array<char *, (unsigned long)2>>(int, T2, T3)"
PyTorch:BasicsTransformerLM.layers.33,PushPop,343,343,12,12,4619402,384950.2,385040.5,384129,385856,583.4,"void at::native::vectorized_elementwise_kernel<(int)4, at::native::exp_kernel_cuda(at::TensorIteratorBase &)::[lambda() (instance 2)]::operator ()() const::[lambda() (instance 2)]::operator ()() const::[lambda(float) (instance 1)], std::array<char *, (unsigned long)2>>(int, T2, T3)"
PyTorch:BasicsTransformerLM.layers.33,PushPop,343,343,12,12,3791912,315992.7,316064.0,315425,316417,344.5,"void at::native::reduce_kernel<(int)512, (int)1, at::native::ReduceOp<float, at::native::MaxOps<float>, unsigned int, float, (int)4, (int)4>>(T3)"
PyTorch:BasicsTransformerLM.layers.33,PushPop,343,343,12,144,2754505,19128.5,18288.0,14880,24417,3613.4,"void at::native::elementwise_kernel<(int)128, (int)2, void at::native::gpu_kernel_impl_nocast<at::native::BinaryFunctor<float, float, float, at::native::binary_internal::MulFunctor<float>>>(at::TensorIteratorBase &, const T1 &)::[lambda(int) (instance 1)]>(int, T3)"
PyTorch:BasicsTransformerLM.layers.33,PushPop,343,343,12,12,2739332,228277.7,228160.0,227809,228800,359.2,"void at::native::reduce_kernel<(int)512, (int)1, at::native::ReduceOp<float, at::native::func_wrapper_t<float, at::native::sum_functor<float, float, float>::operator ()(at::TensorIterator &)::[lambda(float, float) (instance 1)]>, unsigned int, float, (int)4, (int)4>>(T3)"
PyTorch:BasicsTransformerLM.layers.33,PushPop,343,343,12,24,1770660,73777.5,74288.0,72128,75200,1111.8,"void at::native::vectorized_elementwise_kernel<(int)4, at::native::BinaryFunctor<float, float, float, at::native::binary_internal::MulFunctor<float>>, std::array<char *, (unsigned long)3>>(int, T2, T3)"
PyTorch:BasicsTransformerLM.layers.33,PushPop,343,343,12,24,1305218,54384.1,54416.0,53664,54976,322.4,"void at::native::<unnamed>::CatArrayBatchedCopy<at::native::<unnamed>::OpaqueType<(unsigned int)4>, unsigned int, (int)4, (int)64, (int)64>(T1 *, at::native::<unnamed>::CatArrInputTensorMetadata<T1, T2, T4, T5>, at::native::<unnamed>::TensorSizeStride<T2, (unsigned int)4>, int, T2)"
PyTorch:BasicsTransformerLM.layers.33,PushPop,343,343,12,24,745217,31050.7,31040.5,29408,32864,1490.6,"void at::native::elementwise_kernel<(int)128, (int)2, void at::native::gpu_kernel_impl_nocast<at::native::direct_copy_kernel_cuda(at::TensorIteratorBase &)::[lambda() (instance 3)]::operator ()() const::[lambda() (instance 7)]::operator ()() const::[lambda(float) (instance 1)]>(at::TensorIteratorBase &, const T1 &)::[lambda(int) (instance 1)]>(int, T3)"
PyTorch:BasicsTransformerLM.layers.33,PushPop,343,343,12,72,713537,9910.2,6912.0,6656,16480,4367.6,"void at::native::vectorized_elementwise_kernel<(int)4, at::native::CUDAFunctor_add<float>, std::array<char *, (unsigned long)3>>(int, T2, T3)"
PyTorch:BasicsTransformerLM.layers.33,PushPop,343,343,12,12,590112,49176.0,49104.0,48416,49952,489.0,"void at::native::vectorized_elementwise_kernel<(int)4, at::native::sigmoid_kernel_cuda(at::TensorIteratorBase &)::[lambda() (instance 2)]::operator ()() const::[lambda() (instance 2)]::operator ()() const::[lambda(float) (instance 1)], std::array<char *, (unsigned long)2>>(int, T2, T3)"
PyTorch:BasicsTransformerLM.layers.33,PushPop,343,343,12,24,227328,9472.0,9440.0,9152,9760,164.3,"void at::native::vectorized_elementwise_kernel<(int)4, void at::native::<unnamed>::pow_tensor_scalar_kernel_impl<float, float>(at::TensorIteratorBase &, T2)::[lambda(float) (instance 1)], std::array<char *, (unsigned long)2>>(int, T2, T3)"
PyTorch:BasicsTransformerLM.layers.33,PushPop,343,343,12,24,183841,7660.0,7616.0,7168,8417,358.8,"void at::native::reduce_kernel<(int)512, (int)1, at::native::ReduceOp<float, at::native::MeanOps<float, float, float, float>, unsigned int, float, (int)4, (int)4>>(T3)"
PyTorch:BasicsTransformerLM.layers.33,PushPop,343,343,12,12,103456,8621.3,8608.0,8544,8704,42.0,"void at::native::elementwise_kernel<(int)128, (int)4, void at::native::gpu_kernel_impl_nocast<at::native::<unnamed>::CompareFunctor<long>>(at::TensorIteratorBase &, const T1 &)::[lambda(int) (instance 1)]>(int, T3)"
PyTorch:BasicsTransformerLM.layers.33,PushPop,343,343,12,24,38304,1596.0,1568.0,1536,1760,59.2,"void at::native::vectorized_elementwise_kernel<(int)4, at::native::CUDAFunctorOnSelf_add<float>, std::array<char *, (unsigned long)2>>(int, T2, T3)"
PyTorch:BasicsTransformerLM.layers.33,PushPop,343,343,12,24,35936,1497.3,1472.0,1440,1664,64.7,"void at::native::vectorized_elementwise_kernel<(int)4, at::native::rsqrt_kernel_cuda(at::TensorIteratorBase &)::[lambda() (instance 2)]::operator ()() const::[lambda() (instance 2)]::operator ()() const::[lambda(float) (instance 1)], std::array<char *, (unsigned long)2>>(int, T2, T3)"
PyTorch:BasicsTransformerLM.layers.33,PushPop,343,343,12,12,14368,1197.3,1168.0,1120,1344,68.8,"void <unnamed>::elementwise_kernel_with_index<int, at::native::arange_cuda_out(const c10::Scalar &, const c10::Scalar &, const c10::Scalar &, at::Tensor &)::[lambda() (instance 1)]::operator ()() const::[lambda() (instance 4)]::operator ()() const::[lambda(long) (instance 1)]>(T1, T2, function_traits<T2>::result_type *)"
PyTorch:BasicsTransformerLM.layers.33,PushPop,343,343,12,12,12352,1029.3,960.0,928,1152,92.4,"void at::native::vectorized_elementwise_kernel<(int)4, at::native::FillFunctor<float>, std::array<char *, (unsigned long)1>>(int, T2, T3)"
PyTorch:BasicsTransformerLM.layers.33.attn,PushPop,343,343,12,48,24778670,516222.3,514753.0,513857,522529,2825.7,cutlass3x_sm100_simt_sgemm_f32_f32_f32_f32_f32_64x128x16_1x1x1_3_tnn_align1_bias_f32_relu
PyTorch:BasicsTransformerLM.layers.33.attn,PushPop,343,343,12,12,14594074,1216172.8,1216227.0,1214658,1217537,741.5,cutlass3x_sm100_simt_sgemm_f32_f32_f32_f32_f32_128x128x16_1x1x1_3_tnn_align1_bias_f32_relu
PyTorch:BasicsTransformerLM.layers.33.attn,PushPop,343,343,12,12,12251669,1020972.4,1020962.0,1020066,1021665,559.4,"void at::native::elementwise_kernel<(int)128, (int)2, void at::native::gpu_kernel_impl_nocast<at::native::BinaryFunctor<float, float, float, at::native::binary_internal::DivFunctor<float>>>(at::TensorIteratorBase &, const T1 &)::[lambda(int) (instance 1)]>(int, T3)"
PyTorch:BasicsTransformerLM.layers.33.attn,PushPop,343,343,12,12,10652759,887729.9,887746.0,887170,888354,448.1,"void at::native::elementwise_kernel<(int)128, (int)2, void at::native::gpu_kernel_impl_nocast<at::native::<unnamed>::where_kernel_impl(at::TensorIterator &)::[lambda() (instance 1)]::operator ()() const::[lambda() (instance 11)]::operator ()() const::[lambda(bool, float, float) (instance 1)]>(at::TensorIteratorBase &, const T1 &)::[lambda(int) (instance 1)]>(int, T3)"
PyTorch:BasicsTransformerLM.layers.33.attn,PushPop,343,343,12,12,10587891,882324.3,882305.5,880898,883233,684.9,"void at::native::elementwise_kernel<(int)128, (int)2, void at::native::gpu_kernel_impl_nocast<at::native::CUDAFunctor_add<float>>(at::TensorIteratorBase &, const T1 &)::[lambda(int) (instance 1)]>(int, T3)"
PyTorch:BasicsTransformerLM.layers.33.attn,PushPop,343,343,12,12,9772149,814345.8,814194.0,813698,816129,703.1,cutlass3x_sm100_simt_sgemm_f32_f32_f32_f32_f32_64x128x16_1x1x1_3_nnn_align1_bias_f32_relu
PyTorch:BasicsTransformerLM.layers.33.attn,PushPop,343,343,12,12,4653704,387808.7,387841.0,386176,389186,971.5,"void at::native::vectorized_elementwise_kernel<(int)4, at::native::BUnaryFunctor<float, float, float, at::native::binary_internal::MulFunctor<float>>, std::array<char *, (unsigned long)2>>(int, T2, T3)"
PyTorch:BasicsTransformerLM.layers.33.attn,PushPop,343,343,12,12,4619402,384950.2,385040.5,384129,385856,583.4,"void at::native::vectorized_elementwise_kernel<(int)4, at::native::exp_kernel_cuda(at::TensorIteratorBase &)::[lambda() (instance 2)]::operator ()() const::[lambda() (instance 2)]::operator ()() const::[lambda(float) (instance 1)], std::array<char *, (unsigned long)2>>(int, T2, T3)"
PyTorch:BasicsTransformerLM.layers.33.attn,PushPop,343,343,12,12,3791912,315992.7,316064.0,315425,316417,344.5,"void at::native::reduce_kernel<(int)512, (int)1, at::native::ReduceOp<float, at::native::MaxOps<float>, unsigned int, float, (int)4, (int)4>>(T3)"
PyTorch:BasicsTransformerLM.layers.33.attn,PushPop,343,343,12,12,2739332,228277.7,228160.0,227809,228800,359.2,"void at::native::reduce_kernel<(int)512, (int)1, at::native::ReduceOp<float, at::native::func_wrapper_t<float, at::native::sum_functor<float, float, float>::operator ()(at::TensorIterator &)::[lambda(float, float) (instance 1)]>, unsigned int, float, (int)4, (int)4>>(T3)"
PyTorch:BasicsTransformerLM.layers.33.attn,PushPop,343,343,12,96,1610501,16776.1,16480.0,14880,19904,1688.3,"void at::native::elementwise_kernel<(int)128, (int)2, void at::native::gpu_kernel_impl_nocast<at::native::BinaryFunctor<float, float, float, at::native::binary_internal::MulFunctor<float>>>(at::TensorIteratorBase &, const T1 &)::[lambda(int) (instance 1)]>(int, T3)"
PyTorch:BasicsTransformerLM.layers.33.attn,PushPop,343,343,12,24,1305218,54384.1,54416.0,53664,54976,322.4,"void at::native::<unnamed>::CatArrayBatchedCopy<at::native::<unnamed>::OpaqueType<(unsigned int)4>, unsigned int, (int)4, (int)64, (int)64>(T1 *, at::native::<unnamed>::CatArrInputTensorMetadata<T1, T2, T4, T5>, at::native::<unnamed>::TensorSizeStride<T2, (unsigned int)4>, int, T2)"
PyTorch:BasicsTransformerLM.layers.33.attn,PushPop,343,343,12,24,745217,31050.7,31040.5,29408,32864,1490.6,"void at::native::elementwise_kernel<(int)128, (int)2, void at::native::gpu_kernel_impl_nocast<at::native::direct_copy_kernel_cuda(at::TensorIteratorBase &)::[lambda() (instance 3)]::operator ()() const::[lambda() (instance 7)]::operator ()() const::[lambda(float) (instance 1)]>(at::TensorIteratorBase &, const T1 &)::[lambda(int) (instance 1)]>(int, T3)"
PyTorch:BasicsTransformerLM.layers.33.attn,PushPop,343,343,12,48,328576,6845.3,6816.0,6656,7168,119.0,"void at::native::vectorized_elementwise_kernel<(int)4, at::native::CUDAFunctor_add<float>, std::array<char *, (unsigned long)3>>(int, T2, T3)"
PyTorch:BasicsTransformerLM.layers.33.attn,PushPop,343,343,12,12,103456,8621.3,8608.0,8544,8704,42.0,"void at::native::elementwise_kernel<(int)128, (int)4, void at::native::gpu_kernel_impl_nocast<at::native::<unnamed>::CompareFunctor<long>>(at::TensorIteratorBase &, const T1 &)::[lambda(int) (instance 1)]>(int, T3)"
PyTorch:BasicsTransformerLM.layers.33.attn,PushPop,343,343,12,12,14368,1197.3,1168.0,1120,1344,68.8,"void <unnamed>::elementwise_kernel_with_index<int, at::native::arange_cuda_out(const c10::Scalar &, const c10::Scalar &, const c10::Scalar &, at::Tensor &)::[lambda() (instance 1)]::operator ()() const::[lambda() (instance 4)]::operator ()() const::[lambda(long) (instance 1)]>(T1, T2, function_traits<T2>::result_type *)"
PyTorch:BasicsTransformerLM.layers.33.attn,PushPop,343,343,12,12,12352,1029.3,960.0,928,1152,92.4,"void at::native::vectorized_elementwise_kernel<(int)4, at::native::FillFunctor<float>, std::array<char *, (unsigned long)1>>(int, T2, T3)"
PyTorch:BasicsTransformerLM.layers.33.attn.k_proj,PushPop,343,343,12,12,6176875,514739.6,514657.0,514433,515232,255.3,cutlass3x_sm100_simt_sgemm_f32_f32_f32_f32_f32_64x128x16_1x1x1_3_tnn_align1_bias_f32_relu
PyTorch:BasicsTransformerLM.layers.33.attn.output_proj,PushPop,343,343,12,12,6252236,521019.7,520833.5,520481,522529,545.2,cutlass3x_sm100_simt_sgemm_f32_f32_f32_f32_f32_64x128x16_1x1x1_3_tnn_align1_bias_f32_relu
PyTorch:BasicsTransformerLM.layers.33.attn.q_proj,PushPop,343,343,12,12,6171786,514315.5,514385.0,513857,514753,289.9,cutlass3x_sm100_simt_sgemm_f32_f32_f32_f32_f32_64x128x16_1x1x1_3_tnn_align1_bias_f32_relu
PyTorch:BasicsTransformerLM.layers.33.attn.v_proj,PushPop,343,343,12,12,6177773,514814.4,514768.5,514594,515264,187.6,cutlass3x_sm100_simt_sgemm_f32_f32_f32_f32_f32_64x128x16_1x1x1_3_tnn_align1_bias_f32_relu
PyTorch:BasicsTransformerLM.layers.33.ffn,PushPop,343,343,12,24,42192047,1758002.0,1758067.5,1752964,1764577,4600.7,cutlass3x_sm100_simt_sgemm_f32_f32_f32_f32_f32_128x128x16_1x1x1_3_tnn_align1_bias_f32_relu
PyTorch:BasicsTransformerLM.layers.33.ffn,PushPop,343,343,12,12,21667272,1805606.0,1805554.5,1803939,1807589,1037.8,cutlass3x_sm100_simt_sgemm_f32_f32_f32_f32_f32_128x64x16_1x1x1_3_tnn_align1_bias_f32_relu
PyTorch:BasicsTransformerLM.layers.33.ffn,PushPop,343,343,12,24,1770660,73777.5,74288.0,72128,75200,1111.8,"void at::native::vectorized_elementwise_kernel<(int)4, at::native::BinaryFunctor<float, float, float, at::native::binary_internal::MulFunctor<float>>, std::array<char *, (unsigned long)3>>(int, T2, T3)"
PyTorch:BasicsTransformerLM.layers.33.ffn,PushPop,343,343,12,12,590112,49176.0,49104.0,48416,49952,489.0,"void at::native::vectorized_elementwise_kernel<(int)4, at::native::sigmoid_kernel_cuda(at::TensorIteratorBase &)::[lambda() (instance 2)]::operator ()() const::[lambda() (instance 2)]::operator ()() const::[lambda(float) (instance 1)], std::array<char *, (unsigned long)2>>(int, T2, T3)"
PyTorch:BasicsTransformerLM.layers.33.ffn.w1,PushPop,343,343,12,12,21149256,1762438.0,1762435.5,1761029,1764577,995.3,cutlass3x_sm100_simt_sgemm_f32_f32_f32_f32_f32_128x128x16_1x1x1_3_tnn_align1_bias_f32_relu
PyTorch:BasicsTransformerLM.layers.33.ffn.w2,PushPop,343,343,12,12,21667272,1805606.0,1805554.5,1803939,1807589,1037.8,cutlass3x_sm100_simt_sgemm_f32_f32_f32_f32_f32_128x64x16_1x1x1_3_tnn_align1_bias_f32_relu
PyTorch:BasicsTransformerLM.layers.33.ffn.w3,PushPop,343,343,12,12,21042791,1753565.9,1753380.0,1752964,1755106,575.2,cutlass3x_sm100_simt_sgemm_f32_f32_f32_f32_f32_128x128x16_1x1x1_3_tnn_align1_bias_f32_relu
PyTorch:BasicsTransformerLM.layers.33.ln1,PushPop,343,343,12,24,572579,23857.5,23824.5,23456,24417,244.3,"void at::native::elementwise_kernel<(int)128, (int)2, void at::native::gpu_kernel_impl_nocast<at::native::BinaryFunctor<float, float, float, at::native::binary_internal::MulFunctor<float>>>(at::TensorIteratorBase &, const T1 &)::[lambda(int) (instance 1)]>(int, T3)"
PyTorch:BasicsTransformerLM.layers.33.ln1,PushPop,343,343,12,12,113664,9472.0,9440.0,9152,9760,170.4,"void at::native::vectorized_elementwise_kernel<(int)4, void at::native::<unnamed>::pow_tensor_scalar_kernel_impl<float, float>(at::TensorIteratorBase &, T2)::[lambda(float) (instance 1)], std::array<char *, (unsigned long)2>>(int, T2, T3)"
PyTorch:BasicsTransformerLM.layers.33.ln1,PushPop,343,343,12,12,91360,7613.3,7536.0,7168,8288,367.5,"void at::native::reduce_kernel<(int)512, (int)1, at::native::ReduceOp<float, at::native::MeanOps<float, float, float, float>, unsigned int, float, (int)4, (int)4>>(T3)"
PyTorch:BasicsTransformerLM.layers.33.ln1,PushPop,343,343,12,12,19328,1610.7,1568.0,1536,1760,71.3,"void at::native::vectorized_elementwise_kernel<(int)4, at::native::CUDAFunctorOnSelf_add<float>, std::array<char *, (unsigned long)2>>(int, T2, T3)"
PyTorch:BasicsTransformerLM.layers.33.ln1,PushPop,343,343,12,12,17984,1498.7,1472.0,1440,1632,65.2,"void at::native::vectorized_elementwise_kernel<(int)4, at::native::rsqrt_kernel_cuda(at::TensorIteratorBase &)::[lambda() (instance 2)]::operator ()() const::[lambda() (instance 2)]::operator ()() const::[lambda(float) (instance 1)], std::array<char *, (unsigned long)2>>(int, T2, T3)"
PyTorch:BasicsTransformerLM.layers.33.ln2,PushPop,343,343,12,24,571425,23809.4,23808.0,23456,24161,222.1,"void at::native::elementwise_kernel<(int)128, (int)2, void at::native::gpu_kernel_impl_nocast<at::native::BinaryFunctor<float, float, float, at::native::binary_internal::MulFunctor<float>>>(at::TensorIteratorBase &, const T1 &)::[lambda(int) (instance 1)]>(int, T3)"
PyTorch:BasicsTransformerLM.layers.33.ln2,PushPop,343,343,12,12,113664,9472.0,9456.0,9152,9728,165.4,"void at::native::vectorized_elementwise_kernel<(int)4, void at::native::<unnamed>::pow_tensor_scalar_kernel_impl<float, float>(at::TensorIteratorBase &, T2)::[lambda(float) (instance 1)], std::array<char *, (unsigned long)2>>(int, T2, T3)"
PyTorch:BasicsTransformerLM.layers.33.ln2,PushPop,343,343,12,12,92481,7706.8,7712.0,7200,8417,359.6,"void at::native::reduce_kernel<(int)512, (int)1, at::native::ReduceOp<float, at::native::MeanOps<float, float, float, float>, unsigned int, float, (int)4, (int)4>>(T3)"
PyTorch:BasicsTransformerLM.layers.33.ln2,PushPop,343,343,12,12,18976,1581.3,1568.0,1536,1664,42.0,"void at::native::vectorized_elementwise_kernel<(int)4, at::native::CUDAFunctorOnSelf_add<float>, std::array<char *, (unsigned long)2>>(int, T2, T3)"
PyTorch:BasicsTransformerLM.layers.33.ln2,PushPop,343,343,12,12,17952,1496.0,1472.0,1440,1664,67.0,"void at::native::vectorized_elementwise_kernel<(int)4, at::native::rsqrt_kernel_cuda(at::TensorIteratorBase &)::[lambda() (instance 2)]::operator ()() const::[lambda() (instance 2)]::operator ()() const::[lambda(float) (instance 1)], std::array<char *, (unsigned long)2>>(int, T2, T3)"
PyTorch:BasicsTransformerLM.layers.34,PushPop,343,343,12,36,56787694,1577435.9,1753460.0,1215268,1763522,258841.4,cutlass3x_sm100_simt_sgemm_f32_f32_f32_f32_f32_128x128x16_1x1x1_3_tnn_align1_bias_f32_relu
PyTorch:BasicsTransformerLM.layers.34,PushPop,343,343,12,48,24775888,516164.3,514801.0,514017,521825,2727.3,cutlass3x_sm100_simt_sgemm_f32_f32_f32_f32_f32_64x128x16_1x1x1_3_tnn_align1_bias_f32_relu
PyTorch:BasicsTransformerLM.layers.34,PushPop,343,343,12,12,21670280,1805856.7,1806034.0,1802980,1808676,1484.9,cutlass3x_sm100_simt_sgemm_f32_f32_f32_f32_f32_128x64x16_1x1x1_3_tnn_align1_bias_f32_relu
PyTorch:BasicsTransformerLM.layers.34,PushPop,343,343,12,12,12243735,1020311.3,1020289.5,1019586,1021089,465.9,"void at::native::elementwise_kernel<(int)128, (int)2, void at::native::gpu_kernel_impl_nocast<at::native::BinaryFunctor<float, float, float, at::native::binary_internal::DivFunctor<float>>>(at::TensorIteratorBase &, const T1 &)::[lambda(int) (instance 1)]>(int, T3)"
PyTorch:BasicsTransformerLM.layers.34,PushPop,343,343,12,12,10655347,887945.6,887953.5,887361,888706,389.6,"void at::native::elementwise_kernel<(int)128, (int)2, void at::native::gpu_kernel_impl_nocast<at::native::<unnamed>::where_kernel_impl(at::TensorIterator &)::[lambda() (instance 1)]::operator ()() const::[lambda() (instance 11)]::operator ()() const::[lambda(bool, float, float) (instance 1)]>(at::TensorIteratorBase &, const T1 &)::[lambda(int) (instance 1)]>(int, T3)"
PyTorch:BasicsTransformerLM.layers.34,PushPop,343,343,12,12,10578707,881558.9,881537.5,880001,882819,922.3,"void at::native::elementwise_kernel<(int)128, (int)2, void at::native::gpu_kernel_impl_nocast<at::native::CUDAFunctor_add<float>>(at::TensorIteratorBase &, const T1 &)::[lambda(int) (instance 1)]>(int, T3)"
PyTorch:BasicsTransformerLM.layers.34,PushPop,343,343,12,12,9774353,814529.4,814274.0,813762,816160,695.4,cutlass3x_sm100_simt_sgemm_f32_f32_f32_f32_f32_64x128x16_1x1x1_3_nnn_align1_bias_f32_relu
PyTorch:BasicsTransformerLM.layers.34,PushPop,343,343,12,12,4650283,387523.6,387473.0,386305,389409,1015.6,"void at::native::vectorized_elementwise_kernel<(int)4, at::native::BUnaryFunctor<float, float, float, at::native::binary_internal::MulFunctor<float>>, std::array<char *, (unsigned long)2>>(int, T2, T3)"
PyTorch:BasicsTransformerLM.layers.34,PushPop,343,343,12,12,4616809,384734.1,384560.5,383809,385825,677.8,"void at::native::vectorized_elementwise_kernel<(int)4, at::native::exp_kernel_cuda(at::TensorIteratorBase &)::[lambda() (instance 2)]::operator ()() const::[lambda() (instance 2)]::operator ()() const::[lambda(float) (instance 1)], std::array<char *, (unsigned long)2>>(int, T2, T3)"
PyTorch:BasicsTransformerLM.layers.34,PushPop,343,343,12,12,3791657,315971.4,315904.5,315552,316545,317.7,"void at::native::reduce_kernel<(int)512, (int)1, at::native::ReduceOp<float, at::native::MaxOps<float>, unsigned int, float, (int)4, (int)4>>(T3)"
PyTorch:BasicsTransformerLM.layers.34,PushPop,343,343,12,144,2750310,19099.4,18240.0,14912,24480,3630.7,"void at::native::elementwise_kernel<(int)128, (int)2, void at::native::gpu_kernel_impl_nocast<at::native::BinaryFunctor<float, float, float, at::native::binary_internal::MulFunctor<float>>>(at::TensorIteratorBase &, const T1 &)::[lambda(int) (instance 1)]>(int, T3)"
PyTorch:BasicsTransformerLM.layers.34,PushPop,343,343,12,12,2738405,228200.4,228128.0,227584,228768,362.4,"void at::native::reduce_kernel<(int)512, (int)1, at::native::ReduceOp<float, at::native::func_wrapper_t<float, at::native::sum_functor<float, float, float>::operator ()(at::TensorIterator &)::[lambda(float, float) (instance 1)]>, unsigned int, float, (int)4, (int)4>>(T3)"
PyTorch:BasicsTransformerLM.layers.34,PushPop,343,343,12,24,1769221,73717.5,73824.5,72064,75776,1075.3,"void at::native::vectorized_elementwise_kernel<(int)4, at::native::BinaryFunctor<float, float, float, at::native::binary_internal::MulFunctor<float>>, std::array<char *, (unsigned long)3>>(int, T2, T3)"
PyTorch:BasicsTransformerLM.layers.34,PushPop,343,343,12,24,1302177,54257.4,54224.0,53600,54816,299.1,"void at::native::<unnamed>::CatArrayBatchedCopy<at::native::<unnamed>::OpaqueType<(unsigned int)4>, unsigned int, (int)4, (int)64, (int)64>(T1 *, at::native::<unnamed>::CatArrInputTensorMetadata<T1, T2, T4, T5>, at::native::<unnamed>::TensorSizeStride<T2, (unsigned int)4>, int, T2)"
PyTorch:BasicsTransformerLM.layers.34,PushPop,343,343,12,24,743362,30973.4,30912.0,29312,32768,1533.6,"void at::native::elementwise_kernel<(int)128, (int)2, void at::native::gpu_kernel_impl_nocast<at::native::direct_copy_kernel_cuda(at::TensorIteratorBase &)::[lambda() (instance 3)]::operator ()() const::[lambda() (instance 7)]::operator ()() const::[lambda(float) (instance 1)]>(at::TensorIteratorBase &, const T1 &)::[lambda(int) (instance 1)]>(int, T3)"
PyTorch:BasicsTransformerLM.layers.34,PushPop,343,343,12,72,711586,9883.1,6944.0,6688,16320,4304.1,"void at::native::vectorized_elementwise_kernel<(int)4, at::native::CUDAFunctor_add<float>, std::array<char *, (unsigned long)3>>(int, T2, T3)"
PyTorch:BasicsTransformerLM.layers.34,PushPop,343,343,12,12,587360,48946.7,48960.0,48608,49408,274.1,"void at::native::vectorized_elementwise_kernel<(int)4, at::native::sigmoid_kernel_cuda(at::TensorIteratorBase &)::[lambda() (instance 2)]::operator ()() const::[lambda() (instance 2)]::operator ()() const::[lambda(float) (instance 1)], std::array<char *, (unsigned long)2>>(int, T2, T3)"
PyTorch:BasicsTransformerLM.layers.34,PushPop,343,343,12,24,226850,9452.1,9408.0,9184,9856,188.0,"void at::native::vectorized_elementwise_kernel<(int)4, void at::native::<unnamed>::pow_tensor_scalar_kernel_impl<float, float>(at::TensorIteratorBase &, T2)::[lambda(float) (instance 1)], std::array<char *, (unsigned long)2>>(int, T2, T3)"
PyTorch:BasicsTransformerLM.layers.34,PushPop,343,343,12,24,183904,7662.7,7504.0,7136,8768,442.5,"void at::native::reduce_kernel<(int)512, (int)1, at::native::ReduceOp<float, at::native::MeanOps<float, float, float, float>, unsigned int, float, (int)4, (int)4>>(T3)"
PyTorch:BasicsTransformerLM.layers.34,PushPop,343,343,12,12,103936,8661.3,8640.0,8576,8864,80.0,"void at::native::elementwise_kernel<(int)128, (int)4, void at::native::gpu_kernel_impl_nocast<at::native::<unnamed>::CompareFunctor<long>>(at::TensorIteratorBase &, const T1 &)::[lambda(int) (instance 1)]>(int, T3)"
PyTorch:BasicsTransformerLM.layers.34,PushPop,343,343,12,24,38336,1597.3,1568.0,1536,1792,71.8,"void at::native::vectorized_elementwise_kernel<(int)4, at::native::CUDAFunctorOnSelf_add<float>, std::array<char *, (unsigned long)2>>(int, T2, T3)"
PyTorch:BasicsTransformerLM.layers.34,PushPop,343,343,12,24,36096,1504.0,1488.0,1408,1632,52.5,"void at::native::vectorized_elementwise_kernel<(int)4, at::native::rsqrt_kernel_cuda(at::TensorIteratorBase &)::[lambda() (instance 2)]::operator ()() const::[lambda() (instance 2)]::operator ()() const::[lambda(float) (instance 1)], std::array<char *, (unsigned long)2>>(int, T2, T3)"
PyTorch:BasicsTransformerLM.layers.34,PushPop,343,343,12,12,14656,1221.3,1184.0,1120,1408,91.4,"void <unnamed>::elementwise_kernel_with_index<int, at::native::arange_cuda_out(const c10::Scalar &, const c10::Scalar &, const c10::Scalar &, at::Tensor &)::[lambda() (instance 1)]::operator ()() const::[lambda() (instance 4)]::operator ()() const::[lambda(long) (instance 1)]>(T1, T2, function_traits<T2>::result_type *)"
PyTorch:BasicsTransformerLM.layers.34,PushPop,343,343,12,12,12448,1037.3,1024.0,928,1184,97.9,"void at::native::vectorized_elementwise_kernel<(int)4, at::native::FillFunctor<float>, std::array<char *, (unsigned long)1>>(int, T2, T3)"
PyTorch:BasicsTransformerLM.layers.34.attn,PushPop,343,343,12,48,24775888,516164.3,514801.0,514017,521825,2727.3,cutlass3x_sm100_simt_sgemm_f32_f32_f32_f32_f32_64x128x16_1x1x1_3_tnn_align1_bias_f32_relu
PyTorch:BasicsTransformerLM.layers.34.attn,PushPop,343,343,12,12,14598428,1216535.7,1216307.5,1215268,1218209,816.4,cutlass3x_sm100_simt_sgemm_f32_f32_f32_f32_f32_128x128x16_1x1x1_3_tnn_align1_bias_f32_relu
PyTorch:BasicsTransformerLM.layers.34.attn,PushPop,343,343,12,12,12243735,1020311.3,1020289.5,1019586,1021089,465.9,"void at::native::elementwise_kernel<(int)128, (int)2, void at::native::gpu_kernel_impl_nocast<at::native::BinaryFunctor<float, float, float, at::native::binary_internal::DivFunctor<float>>>(at::TensorIteratorBase &, const T1 &)::[lambda(int) (instance 1)]>(int, T3)"
PyTorch:BasicsTransformerLM.layers.34.attn,PushPop,343,343,12,12,10655347,887945.6,887953.5,887361,888706,389.6,"void at::native::elementwise_kernel<(int)128, (int)2, void at::native::gpu_kernel_impl_nocast<at::native::<unnamed>::where_kernel_impl(at::TensorIterator &)::[lambda() (instance 1)]::operator ()() const::[lambda() (instance 11)]::operator ()() const::[lambda(bool, float, float) (instance 1)]>(at::TensorIteratorBase &, const T1 &)::[lambda(int) (instance 1)]>(int, T3)"
PyTorch:BasicsTransformerLM.layers.34.attn,PushPop,343,343,12,12,10578707,881558.9,881537.5,880001,882819,922.3,"void at::native::elementwise_kernel<(int)128, (int)2, void at::native::gpu_kernel_impl_nocast<at::native::CUDAFunctor_add<float>>(at::TensorIteratorBase &, const T1 &)::[lambda(int) (instance 1)]>(int, T3)"
PyTorch:BasicsTransformerLM.layers.34.attn,PushPop,343,343,12,12,9774353,814529.4,814274.0,813762,816160,695.4,cutlass3x_sm100_simt_sgemm_f32_f32_f32_f32_f32_64x128x16_1x1x1_3_nnn_align1_bias_f32_relu
PyTorch:BasicsTransformerLM.layers.34.attn,PushPop,343,343,12,12,4650283,387523.6,387473.0,386305,389409,1015.6,"void at::native::vectorized_elementwise_kernel<(int)4, at::native::BUnaryFunctor<float, float, float, at::native::binary_internal::MulFunctor<float>>, std::array<char *, (unsigned long)2>>(int, T2, T3)"
PyTorch:BasicsTransformerLM.layers.34.attn,PushPop,343,343,12,12,4616809,384734.1,384560.5,383809,385825,677.8,"void at::native::vectorized_elementwise_kernel<(int)4, at::native::exp_kernel_cuda(at::TensorIteratorBase &)::[lambda() (instance 2)]::operator ()() const::[lambda() (instance 2)]::operator ()() const::[lambda(float) (instance 1)], std::array<char *, (unsigned long)2>>(int, T2, T3)"
PyTorch:BasicsTransformerLM.layers.34.attn,PushPop,343,343,12,12,3791657,315971.4,315904.5,315552,316545,317.7,"void at::native::reduce_kernel<(int)512, (int)1, at::native::ReduceOp<float, at::native::MaxOps<float>, unsigned int, float, (int)4, (int)4>>(T3)"
PyTorch:BasicsTransformerLM.layers.34.attn,PushPop,343,343,12,12,2738405,228200.4,228128.0,227584,228768,362.4,"void at::native::reduce_kernel<(int)512, (int)1, at::native::ReduceOp<float, at::native::func_wrapper_t<float, at::native::sum_functor<float, float, float>::operator ()(at::TensorIterator &)::[lambda(float, float) (instance 1)]>, unsigned int, float, (int)4, (int)4>>(T3)"
PyTorch:BasicsTransformerLM.layers.34.attn,PushPop,343,343,12,96,1607426,16744.0,16448.0,14912,20128,1727.0,"void at::native::elementwise_kernel<(int)128, (int)2, void at::native::gpu_kernel_impl_nocast<at::native::BinaryFunctor<float, float, float, at::native::binary_internal::MulFunctor<float>>>(at::TensorIteratorBase &, const T1 &)::[lambda(int) (instance 1)]>(int, T3)"
PyTorch:BasicsTransformerLM.layers.34.attn,PushPop,343,343,12,24,1302177,54257.4,54224.0,53600,54816,299.1,"void at::native::<unnamed>::CatArrayBatchedCopy<at::native::<unnamed>::OpaqueType<(unsigned int)4>, unsigned int, (int)4, (int)64, (int)64>(T1 *, at::native::<unnamed>::CatArrInputTensorMetadata<T1, T2, T4, T5>, at::native::<unnamed>::TensorSizeStride<T2, (unsigned int)4>, int, T2)"
PyTorch:BasicsTransformerLM.layers.34.attn,PushPop,343,343,12,24,743362,30973.4,30912.0,29312,32768,1533.6,"void at::native::elementwise_kernel<(int)128, (int)2, void at::native::gpu_kernel_impl_nocast<at::native::direct_copy_kernel_cuda(at::TensorIteratorBase &)::[lambda() (instance 3)]::operator ()() const::[lambda() (instance 7)]::operator ()() const::[lambda(float) (instance 1)]>(at::TensorIteratorBase &, const T1 &)::[lambda(int) (instance 1)]>(int, T3)"
PyTorch:BasicsTransformerLM.layers.34.attn,PushPop,343,343,12,48,329409,6862.7,6848.0,6688,7104,107.4,"void at::native::vectorized_elementwise_kernel<(int)4, at::native::CUDAFunctor_add<float>, std::array<char *, (unsigned long)3>>(int, T2, T3)"
PyTorch:BasicsTransformerLM.layers.34.attn,PushPop,343,343,12,12,103936,8661.3,8640.0,8576,8864,80.0,"void at::native::elementwise_kernel<(int)128, (int)4, void at::native::gpu_kernel_impl_nocast<at::native::<unnamed>::CompareFunctor<long>>(at::TensorIteratorBase &, const T1 &)::[lambda(int) (instance 1)]>(int, T3)"
PyTorch:BasicsTransformerLM.layers.34.attn,PushPop,343,343,12,12,14656,1221.3,1184.0,1120,1408,91.4,"void <unnamed>::elementwise_kernel_with_index<int, at::native::arange_cuda_out(const c10::Scalar &, const c10::Scalar &, const c10::Scalar &, at::Tensor &)::[lambda() (instance 1)]::operator ()() const::[lambda() (instance 4)]::operator ()() const::[lambda(long) (instance 1)]>(T1, T2, function_traits<T2>::result_type *)"
PyTorch:BasicsTransformerLM.layers.34.attn,PushPop,343,343,12,12,12448,1037.3,1024.0,928,1184,97.9,"void at::native::vectorized_elementwise_kernel<(int)4, at::native::FillFunctor<float>, std::array<char *, (unsigned long)1>>(int, T2, T3)"
PyTorch:BasicsTransformerLM.layers.34.attn.k_proj,PushPop,343,343,12,12,6176043,514670.3,514721.0,514113,514881,212.4,cutlass3x_sm100_simt_sgemm_f32_f32_f32_f32_f32_64x128x16_1x1x1_3_tnn_align1_bias_f32_relu
PyTorch:BasicsTransformerLM.layers.34.attn.output_proj,PushPop,343,343,12,12,6249485,520790.4,520737.0,520161,521825,465.8,cutlass3x_sm100_simt_sgemm_f32_f32_f32_f32_f32_64x128x16_1x1x1_3_tnn_align1_bias_f32_relu
PyTorch:BasicsTransformerLM.layers.34.attn.q_proj,PushPop,343,343,12,12,6171434,514286.2,514273.5,514017,514528,158.0,cutlass3x_sm100_simt_sgemm_f32_f32_f32_f32_f32_64x128x16_1x1x1_3_tnn_align1_bias_f32_relu
PyTorch:BasicsTransformerLM.layers.34.attn.v_proj,PushPop,343,343,12,12,6178926,514910.5,514818.0,514560,516001,386.0,cutlass3x_sm100_simt_sgemm_f32_f32_f32_f32_f32_64x128x16_1x1x1_3_tnn_align1_bias_f32_relu
PyTorch:BasicsTransformerLM.layers.34.ffn,PushPop,343,343,12,24,42189266,1757886.1,1757906.0,1752900,1763522,4527.7,cutlass3x_sm100_simt_sgemm_f32_f32_f32_f32_f32_128x128x16_1x1x1_3_tnn_align1_bias_f32_relu
PyTorch:BasicsTransformerLM.layers.34.ffn,PushPop,343,343,12,12,21670280,1805856.7,1806034.0,1802980,1808676,1484.9,cutlass3x_sm100_simt_sgemm_f32_f32_f32_f32_f32_128x64x16_1x1x1_3_tnn_align1_bias_f32_relu
PyTorch:BasicsTransformerLM.layers.34.ffn,PushPop,343,343,12,24,1769221,73717.5,73824.5,72064,75776,1075.3,"void at::native::vectorized_elementwise_kernel<(int)4, at::native::BinaryFunctor<float, float, float, at::native::binary_internal::MulFunctor<float>>, std::array<char *, (unsigned long)3>>(int, T2, T3)"
PyTorch:BasicsTransformerLM.layers.34.ffn,PushPop,343,343,12,12,587360,48946.7,48960.0,48608,49408,274.1,"void at::native::vectorized_elementwise_kernel<(int)4, at::native::sigmoid_kernel_cuda(at::TensorIteratorBase &)::[lambda() (instance 2)]::operator ()() const::[lambda() (instance 2)]::operator ()() const::[lambda(float) (instance 1)], std::array<char *, (unsigned long)2>>(int, T2, T3)"
PyTorch:BasicsTransformerLM.layers.34.ffn.w1,PushPop,343,343,12,12,21147370,1762280.8,1762084.0,1761283,1763522,744.6,cutlass3x_sm100_simt_sgemm_f32_f32_f32_f32_f32_128x128x16_1x1x1_3_tnn_align1_bias_f32_relu
PyTorch:BasicsTransformerLM.layers.34.ffn.w2,PushPop,343,343,12,12,21670280,1805856.7,1806034.0,1802980,1808676,1484.9,cutlass3x_sm100_simt_sgemm_f32_f32_f32_f32_f32_128x64x16_1x1x1_3_tnn_align1_bias_f32_relu
PyTorch:BasicsTransformerLM.layers.34.ffn.w3,PushPop,343,343,12,12,21041896,1753491.3,1753460.0,1752900,1754529,412.4,cutlass3x_sm100_simt_sgemm_f32_f32_f32_f32_f32_128x128x16_1x1x1_3_tnn_align1_bias_f32_relu
PyTorch:BasicsTransformerLM.layers.34.ln1,PushPop,343,343,12,24,571812,23825.5,23824.0,23360,24480,301.6,"void at::native::elementwise_kernel<(int)128, (int)2, void at::native::gpu_kernel_impl_nocast<at::native::BinaryFunctor<float, float, float, at::native::binary_internal::MulFunctor<float>>>(at::TensorIteratorBase &, const T1 &)::[lambda(int) (instance 1)]>(int, T3)"
PyTorch:BasicsTransformerLM.layers.34.ln1,PushPop,343,343,12,12,113217,9434.8,9376.0,9184,9856,209.9,"void at::native::vectorized_elementwise_kernel<(int)4, void at::native::<unnamed>::pow_tensor_scalar_kernel_impl<float, float>(at::TensorIteratorBase &, T2)::[lambda(float) (instance 1)], std::array<char *, (unsigned long)2>>(int, T2, T3)"
PyTorch:BasicsTransformerLM.layers.34.ln1,PushPop,343,343,12,12,90240,7520.0,7408.0,7136,8768,462.5,"void at::native::reduce_kernel<(int)512, (int)1, at::native::ReduceOp<float, at::native::MeanOps<float, float, float, float>, unsigned int, float, (int)4, (int)4>>(T3)"
PyTorch:BasicsTransformerLM.layers.34.ln1,PushPop,343,343,12,12,19040,1586.7,1568.0,1536,1728,53.6,"void at::native::vectorized_elementwise_kernel<(int)4, at::native::CUDAFunctorOnSelf_add<float>, std::array<char *, (unsigned long)2>>(int, T2, T3)"
PyTorch:BasicsTransformerLM.layers.34.ln1,PushPop,343,343,12,12,18208,1517.3,1504.0,1440,1632,60.2,"void at::native::vectorized_elementwise_kernel<(int)4, at::native::rsqrt_kernel_cuda(at::TensorIteratorBase &)::[lambda() (instance 2)]::operator ()() const::[lambda() (instance 2)]::operator ()() const::[lambda(float) (instance 1)], std::array<char *, (unsigned long)2>>(int, T2, T3)"
PyTorch:BasicsTransformerLM.layers.34.ln2,PushPop,343,343,12,24,571072,23794.7,23712.0,23360,24448,278.8,"void at::native::elementwise_kernel<(int)128, (int)2, void at::native::gpu_kernel_impl_nocast<at::native::BinaryFunctor<float, float, float, at::native::binary_internal::MulFunctor<float>>>(at::TensorIteratorBase &, const T1 &)::[lambda(int) (instance 1)]>(int, T3)"
PyTorch:BasicsTransformerLM.layers.34.ln2,PushPop,343,343,12,12,113633,9469.4,9424.0,9248,9760,170.7,"void at::native::vectorized_elementwise_kernel<(int)4, void at::native::<unnamed>::pow_tensor_scalar_kernel_impl<float, float>(at::TensorIteratorBase &, T2)::[lambda(float) (instance 1)], std::array<char *, (unsigned long)2>>(int, T2, T3)"
PyTorch:BasicsTransformerLM.layers.34.ln2,PushPop,343,343,12,12,93664,7805.3,7808.0,7296,8320,388.7,"void at::native::reduce_kernel<(int)512, (int)1, at::native::ReduceOp<float, at::native::MeanOps<float, float, float, float>, unsigned int, float, (int)4, (int)4>>(T3)"
PyTorch:BasicsTransformerLM.layers.34.ln2,PushPop,343,343,12,12,19296,1608.0,1568.0,1536,1792,87.5,"void at::native::vectorized_elementwise_kernel<(int)4, at::native::CUDAFunctorOnSelf_add<float>, std::array<char *, (unsigned long)2>>(int, T2, T3)"
PyTorch:BasicsTransformerLM.layers.34.ln2,PushPop,343,343,12,12,17888,1490.7,1472.0,1408,1568,42.0,"void at::native::vectorized_elementwise_kernel<(int)4, at::native::rsqrt_kernel_cuda(at::TensorIteratorBase &)::[lambda() (instance 2)]::operator ()() const::[lambda() (instance 2)]::operator ()() const::[lambda(float) (instance 1)], std::array<char *, (unsigned long)2>>(int, T2, T3)"
PyTorch:BasicsTransformerLM.layers.35,PushPop,343,343,12,36,56785490,1577374.7,1753556.5,1215041,1764194,259290.5,cutlass3x_sm100_simt_sgemm_f32_f32_f32_f32_f32_128x128x16_1x1x1_3_tnn_align1_bias_f32_relu
PyTorch:BasicsTransformerLM.layers.35,PushPop,343,343,12,48,24773937,516123.7,514752.5,513697,521120,2728.6,cutlass3x_sm100_simt_sgemm_f32_f32_f32_f32_f32_64x128x16_1x1x1_3_tnn_align1_bias_f32_relu
PyTorch:BasicsTransformerLM.layers.35,PushPop,343,343,12,12,21672841,1806070.1,1805939.0,1805060,1807907,855.6,cutlass3x_sm100_simt_sgemm_f32_f32_f32_f32_f32_128x64x16_1x1x1_3_tnn_align1_bias_f32_relu
PyTorch:BasicsTransformerLM.layers.35,PushPop,343,343,12,12,12252344,1021028.7,1020930.0,1020291,1022177,554.1,"void at::native::elementwise_kernel<(int)128, (int)2, void at::native::gpu_kernel_impl_nocast<at::native::BinaryFunctor<float, float, float, at::native::binary_internal::DivFunctor<float>>>(at::TensorIteratorBase &, const T1 &)::[lambda(int) (instance 1)]>(int, T3)"
PyTorch:BasicsTransformerLM.layers.35,PushPop,343,343,12,12,10653366,887780.5,887857.0,887331,888194,265.5,"void at::native::elementwise_kernel<(int)128, (int)2, void at::native::gpu_kernel_impl_nocast<at::native::<unnamed>::where_kernel_impl(at::TensorIterator &)::[lambda() (instance 1)]::operator ()() const::[lambda() (instance 11)]::operator ()() const::[lambda(bool, float, float) (instance 1)]>(at::TensorIteratorBase &, const T1 &)::[lambda(int) (instance 1)]>(int, T3)"
PyTorch:BasicsTransformerLM.layers.35,PushPop,343,343,12,12,10593749,882812.4,882737.5,882178,883745,492.4,"void at::native::elementwise_kernel<(int)128, (int)2, void at::native::gpu_kernel_impl_nocast<at::native::CUDAFunctor_add<float>>(at::TensorIteratorBase &, const T1 &)::[lambda(int) (instance 1)]>(int, T3)"
PyTorch:BasicsTransformerLM.layers.35,PushPop,343,343,12,12,9773906,814492.2,814385.5,813794,816673,791.9,cutlass3x_sm100_simt_sgemm_f32_f32_f32_f32_f32_64x128x16_1x1x1_3_nnn_align1_bias_f32_relu
PyTorch:BasicsTransformerLM.layers.35,PushPop,343,343,12,12,4653193,387766.1,387872.0,386049,389441,922.5,"void at::native::vectorized_elementwise_kernel<(int)4, at::native::BUnaryFunctor<float, float, float, at::native::binary_internal::MulFunctor<float>>, std::array<char *, (unsigned long)2>>(int, T2, T3)"
PyTorch:BasicsTransformerLM.layers.35,PushPop,343,343,12,12,4617161,384763.4,384640.5,383201,386689,1025.2,"void at::native::vectorized_elementwise_kernel<(int)4, at::native::exp_kernel_cuda(at::TensorIteratorBase &)::[lambda() (instance 2)]::operator ()() const::[lambda() (instance 2)]::operator ()() const::[lambda(float) (instance 1)], std::array<char *, (unsigned long)2>>(int, T2, T3)"
PyTorch:BasicsTransformerLM.layers.35,PushPop,343,343,12,12,3791684,315973.7,316016.0,315489,316576,329.1,"void at::native::reduce_kernel<(int)512, (int)1, at::native::ReduceOp<float, at::native::MaxOps<float>, unsigned int, float, (int)4, (int)4>>(T3)"
PyTorch:BasicsTransformerLM.layers.35,PushPop,343,343,12,144,2753667,19122.7,18256.0,14880,24448,3647.2,"void at::native::elementwise_kernel<(int)128, (int)2, void at::native::gpu_kernel_impl_nocast<at::native::BinaryFunctor<float, float, float, at::native::binary_internal::MulFunctor<float>>>(at::TensorIteratorBase &, const T1 &)::[lambda(int) (instance 1)]>(int, T3)"
PyTorch:BasicsTransformerLM.layers.35,PushPop,343,343,12,12,2737479,228123.3,228128.5,227681,228705,262.1,"void at::native::reduce_kernel<(int)512, (int)1, at::native::ReduceOp<float, at::native::func_wrapper_t<float, at::native::sum_functor<float, float, float>::operator ()(at::TensorIterator &)::[lambda(float, float) (instance 1)]>, unsigned int, float, (int)4, (int)4>>(T3)"
PyTorch:BasicsTransformerLM.layers.35,PushPop,343,343,12,24,1767169,73632.0,73760.0,72224,75488,937.8,"void at::native::vectorized_elementwise_kernel<(int)4, at::native::BinaryFunctor<float, float, float, at::native::binary_internal::MulFunctor<float>>, std::array<char *, (unsigned long)3>>(int, T2, T3)"
PyTorch:BasicsTransformerLM.layers.35,PushPop,343,343,12,24,1300834,54201.4,54208.0,53632,54688,254.3,"void at::native::<unnamed>::CatArrayBatchedCopy<at::native::<unnamed>::OpaqueType<(unsigned int)4>, unsigned int, (int)4, (int)64, (int)64>(T1 *, at::native::<unnamed>::CatArrInputTensorMetadata<T1, T2, T4, T5>, at::native::<unnamed>::TensorSizeStride<T2, (unsigned int)4>, int, T2)"
PyTorch:BasicsTransformerLM.layers.35,PushPop,343,343,12,24,744193,31008.0,31104.0,29312,32736,1522.8,"void at::native::elementwise_kernel<(int)128, (int)2, void at::native::gpu_kernel_impl_nocast<at::native::direct_copy_kernel_cuda(at::TensorIteratorBase &)::[lambda() (instance 3)]::operator ()() const::[lambda() (instance 7)]::operator ()() const::[lambda(float) (instance 1)]>(at::TensorIteratorBase &, const T1 &)::[lambda(int) (instance 1)]>(int, T3)"
PyTorch:BasicsTransformerLM.layers.35,PushPop,343,343,12,72,712737,9899.1,6912.0,6656,16704,4362.6,"void at::native::vectorized_elementwise_kernel<(int)4, at::native::CUDAFunctor_add<float>, std::array<char *, (unsigned long)3>>(int, T2, T3)"
PyTorch:BasicsTransformerLM.layers.35,PushPop,343,343,12,12,585922,48826.8,48736.0,48384,49504,391.4,"void at::native::vectorized_elementwise_kernel<(int)4, at::native::sigmoid_kernel_cuda(at::TensorIteratorBase &)::[lambda() (instance 2)]::operator ()() const::[lambda() (instance 2)]::operator ()() const::[lambda(float) (instance 1)], std::array<char *, (unsigned long)2>>(int, T2, T3)"
PyTorch:BasicsTransformerLM.layers.35,PushPop,343,343,12,24,226496,9437.3,9488.0,9056,9984,211.2,"void at::native::vectorized_elementwise_kernel<(int)4, void at::native::<unnamed>::pow_tensor_scalar_kernel_impl<float, float>(at::TensorIteratorBase &, T2)::[lambda(float) (instance 1)], std::array<char *, (unsigned long)2>>(int, T2, T3)"
PyTorch:BasicsTransformerLM.layers.35,PushPop,343,343,12,24,183745,7656.0,7504.0,7104,8704,446.6,"void at::native::reduce_kernel<(int)512, (int)1, at::native::ReduceOp<float, at::native::MeanOps<float, float, float, float>, unsigned int, float, (int)4, (int)4>>(T3)"
PyTorch:BasicsTransformerLM.layers.35,PushPop,343,343,12,12,103424,8618.7,8608.0,8544,8704,47.9,"void at::native::elementwise_kernel<(int)128, (int)4, void at::native::gpu_kernel_impl_nocast<at::native::<unnamed>::CompareFunctor<long>>(at::TensorIteratorBase &, const T1 &)::[lambda(int) (instance 1)]>(int, T3)"
PyTorch:BasicsTransformerLM.layers.35,PushPop,343,343,12,24,38336,1597.3,1568.0,1568,1824,68.0,"void at::native::vectorized_elementwise_kernel<(int)4, at::native::CUDAFunctorOnSelf_add<float>, std::array<char *, (unsigned long)2>>(int, T2, T3)"
PyTorch:BasicsTransformerLM.layers.35,PushPop,343,343,12,24,36448,1518.7,1472.0,1440,1696,78.4,"void at::native::vectorized_elementwise_kernel<(int)4, at::native::rsqrt_kernel_cuda(at::TensorIteratorBase &)::[lambda() (instance 2)]::operator ()() const::[lambda() (instance 2)]::operator ()() const::[lambda(float) (instance 1)], std::array<char *, (unsigned long)2>>(int, T2, T3)"
PyTorch:BasicsTransformerLM.layers.35,PushPop,343,343,12,12,14080,1173.3,1152.0,1152,1344,55.1,"void <unnamed>::elementwise_kernel_with_index<int, at::native::arange_cuda_out(const c10::Scalar &, const c10::Scalar &, const c10::Scalar &, at::Tensor &)::[lambda() (instance 1)]::operator ()() const::[lambda() (instance 4)]::operator ()() const::[lambda(long) (instance 1)]>(T1, T2, function_traits<T2>::result_type *)"
PyTorch:BasicsTransformerLM.layers.35,PushPop,343,343,12,12,12384,1032.0,992.0,928,1216,96.6,"void at::native::vectorized_elementwise_kernel<(int)4, at::native::FillFunctor<float>, std::array<char *, (unsigned long)1>>(int, T2, T3)"
PyTorch:BasicsTransformerLM.layers.35.attn,PushPop,343,343,12,48,24773937,516123.7,514752.5,513697,521120,2728.6,cutlass3x_sm100_simt_sgemm_f32_f32_f32_f32_f32_64x128x16_1x1x1_3_tnn_align1_bias_f32_relu
PyTorch:BasicsTransformerLM.layers.35.attn,PushPop,343,343,12,12,14590206,1215850.5,1215571.0,1215041,1217250,613.2,cutlass3x_sm100_simt_sgemm_f32_f32_f32_f32_f32_128x128x16_1x1x1_3_tnn_align1_bias_f32_relu
PyTorch:BasicsTransformerLM.layers.35.attn,PushPop,343,343,12,12,12252344,1021028.7,1020930.0,1020291,1022177,554.1,"void at::native::elementwise_kernel<(int)128, (int)2, void at::native::gpu_kernel_impl_nocast<at::native::BinaryFunctor<float, float, float, at::native::binary_internal::DivFunctor<float>>>(at::TensorIteratorBase &, const T1 &)::[lambda(int) (instance 1)]>(int, T3)"
PyTorch:BasicsTransformerLM.layers.35.attn,PushPop,343,343,12,12,10653366,887780.5,887857.0,887331,888194,265.5,"void at::native::elementwise_kernel<(int)128, (int)2, void at::native::gpu_kernel_impl_nocast<at::native::<unnamed>::where_kernel_impl(at::TensorIterator &)::[lambda() (instance 1)]::operator ()() const::[lambda() (instance 11)]::operator ()() const::[lambda(bool, float, float) (instance 1)]>(at::TensorIteratorBase &, const T1 &)::[lambda(int) (instance 1)]>(int, T3)"
PyTorch:BasicsTransformerLM.layers.35.attn,PushPop,343,343,12,12,10593749,882812.4,882737.5,882178,883745,492.4,"void at::native::elementwise_kernel<(int)128, (int)2, void at::native::gpu_kernel_impl_nocast<at::native::CUDAFunctor_add<float>>(at::TensorIteratorBase &, const T1 &)::[lambda(int) (instance 1)]>(int, T3)"
PyTorch:BasicsTransformerLM.layers.35.attn,PushPop,343,343,12,12,9773906,814492.2,814385.5,813794,816673,791.9,cutlass3x_sm100_simt_sgemm_f32_f32_f32_f32_f32_64x128x16_1x1x1_3_nnn_align1_bias_f32_relu
PyTorch:BasicsTransformerLM.layers.35.attn,PushPop,343,343,12,12,4653193,387766.1,387872.0,386049,389441,922.5,"void at::native::vectorized_elementwise_kernel<(int)4, at::native::BUnaryFunctor<float, float, float, at::native::binary_internal::MulFunctor<float>>, std::array<char *, (unsigned long)2>>(int, T2, T3)"
PyTorch:BasicsTransformerLM.layers.35.attn,PushPop,343,343,12,12,4617161,384763.4,384640.5,383201,386689,1025.2,"void at::native::vectorized_elementwise_kernel<(int)4, at::native::exp_kernel_cuda(at::TensorIteratorBase &)::[lambda() (instance 2)]::operator ()() const::[lambda() (instance 2)]::operator ()() const::[lambda(float) (instance 1)], std::array<char *, (unsigned long)2>>(int, T2, T3)"
PyTorch:BasicsTransformerLM.layers.35.attn,PushPop,343,343,12,12,3791684,315973.7,316016.0,315489,316576,329.1,"void at::native::reduce_kernel<(int)512, (int)1, at::native::ReduceOp<float, at::native::MaxOps<float>, unsigned int, float, (int)4, (int)4>>(T3)"
PyTorch:BasicsTransformerLM.layers.35.attn,PushPop,343,343,12,12,2737479,228123.3,228128.5,227681,228705,262.1,"void at::native::reduce_kernel<(int)512, (int)1, at::native::ReduceOp<float, at::native::func_wrapper_t<float, at::native::sum_functor<float, float, float>::operator ()(at::TensorIterator &)::[lambda(float, float) (instance 1)]>, unsigned int, float, (int)4, (int)4>>(T3)"
PyTorch:BasicsTransformerLM.layers.35.attn,PushPop,343,343,12,96,1608642,16756.7,16432.0,14880,19840,1735.7,"void at::native::elementwise_kernel<(int)128, (int)2, void at::native::gpu_kernel_impl_nocast<at::native::BinaryFunctor<float, float, float, at::native::binary_internal::MulFunctor<float>>>(at::TensorIteratorBase &, const T1 &)::[lambda(int) (instance 1)]>(int, T3)"
PyTorch:BasicsTransformerLM.layers.35.attn,PushPop,343,343,12,24,1300834,54201.4,54208.0,53632,54688,254.3,"void at::native::<unnamed>::CatArrayBatchedCopy<at::native::<unnamed>::OpaqueType<(unsigned int)4>, unsigned int, (int)4, (int)64, (int)64>(T1 *, at::native::<unnamed>::CatArrInputTensorMetadata<T1, T2, T4, T5>, at::native::<unnamed>::TensorSizeStride<T2, (unsigned int)4>, int, T2)"
PyTorch:BasicsTransformerLM.layers.35.attn,PushPop,343,343,12,24,744193,31008.0,31104.0,29312,32736,1522.8,"void at::native::elementwise_kernel<(int)128, (int)2, void at::native::gpu_kernel_impl_nocast<at::native::direct_copy_kernel_cuda(at::TensorIteratorBase &)::[lambda() (instance 3)]::operator ()() const::[lambda() (instance 7)]::operator ()() const::[lambda(float) (instance 1)]>(at::TensorIteratorBase &, const T1 &)::[lambda(int) (instance 1)]>(int, T3)"
PyTorch:BasicsTransformerLM.layers.35.attn,PushPop,343,343,12,48,328224,6838.0,6816.0,6656,7072,101.0,"void at::native::vectorized_elementwise_kernel<(int)4, at::native::CUDAFunctor_add<float>, std::array<char *, (unsigned long)3>>(int, T2, T3)"
PyTorch:BasicsTransformerLM.layers.35.attn,PushPop,343,343,12,12,103424,8618.7,8608.0,8544,8704,47.9,"void at::native::elementwise_kernel<(int)128, (int)4, void at::native::gpu_kernel_impl_nocast<at::native::<unnamed>::CompareFunctor<long>>(at::TensorIteratorBase &, const T1 &)::[lambda(int) (instance 1)]>(int, T3)"
PyTorch:BasicsTransformerLM.layers.35.attn,PushPop,343,343,12,12,14080,1173.3,1152.0,1152,1344,55.1,"void <unnamed>::elementwise_kernel_with_index<int, at::native::arange_cuda_out(const c10::Scalar &, const c10::Scalar &, const c10::Scalar &, at::Tensor &)::[lambda() (instance 1)]::operator ()() const::[lambda() (instance 4)]::operator ()() const::[lambda(long) (instance 1)]>(T1, T2, function_traits<T2>::result_type *)"
PyTorch:BasicsTransformerLM.layers.35.attn,PushPop,343,343,12,12,12384,1032.0,992.0,928,1216,96.6,"void at::native::vectorized_elementwise_kernel<(int)4, at::native::FillFunctor<float>, std::array<char *, (unsigned long)1>>(int, T2, T3)"
PyTorch:BasicsTransformerLM.layers.35.attn.k_proj,PushPop,343,343,12,12,6177135,514761.3,514721.5,514337,515521,314.2,cutlass3x_sm100_simt_sgemm_f32_f32_f32_f32_f32_64x128x16_1x1x1_3_tnn_align1_bias_f32_relu
PyTorch:BasicsTransformerLM.layers.35.attn.output_proj,PushPop,343,343,12,12,6249134,520761.2,520817.5,520417,521120,254.2,cutlass3x_sm100_simt_sgemm_f32_f32_f32_f32_f32_64x128x16_1x1x1_3_tnn_align1_bias_f32_relu
PyTorch:BasicsTransformerLM.layers.35.attn.q_proj,PushPop,343,343,12,12,6170153,514179.4,514192.5,513697,514688,266.7,cutlass3x_sm100_simt_sgemm_f32_f32_f32_f32_f32_64x128x16_1x1x1_3_tnn_align1_bias_f32_relu
PyTorch:BasicsTransformerLM.layers.35.attn.v_proj,PushPop,343,343,12,12,6177515,514792.9,514752.5,514561,515137,188.5,cutlass3x_sm100_simt_sgemm_f32_f32_f32_f32_f32_64x128x16_1x1x1_3_tnn_align1_bias_f32_relu
PyTorch:BasicsTransformerLM.layers.35.ffn,PushPop,343,343,12,24,42195284,1758136.8,1758115.5,1752901,1764194,4682.5,cutlass3x_sm100_simt_sgemm_f32_f32_f32_f32_f32_128x128x16_1x1x1_3_tnn_align1_bias_f32_relu
PyTorch:BasicsTransformerLM.layers.35.ffn,PushPop,343,343,12,12,21672841,1806070.1,1805939.0,1805060,1807907,855.6,cutlass3x_sm100_simt_sgemm_f32_f32_f32_f32_f32_128x64x16_1x1x1_3_tnn_align1_bias_f32_relu
PyTorch:BasicsTransformerLM.layers.35.ffn,PushPop,343,343,12,24,1767169,73632.0,73760.0,72224,75488,937.8,"void at::native::vectorized_elementwise_kernel<(int)4, at::native::BinaryFunctor<float, float, float, at::native::binary_internal::MulFunctor<float>>, std::array<char *, (unsigned long)3>>(int, T2, T3)"
PyTorch:BasicsTransformerLM.layers.35.ffn,PushPop,343,343,12,12,585922,48826.8,48736.0,48384,49504,391.4,"void at::native::vectorized_elementwise_kernel<(int)4, at::native::sigmoid_kernel_cuda(at::TensorIteratorBase &)::[lambda() (instance 2)]::operator ()() const::[lambda() (instance 2)]::operator ()() const::[lambda(float) (instance 1)], std::array<char *, (unsigned long)2>>(int, T2, T3)"
PyTorch:BasicsTransformerLM.layers.35.ffn.w1,PushPop,343,343,12,12,21151914,1762659.5,1762500.0,1761541,1764194,975.3,cutlass3x_sm100_simt_sgemm_f32_f32_f32_f32_f32_128x128x16_1x1x1_3_tnn_align1_bias_f32_relu
PyTorch:BasicsTransformerLM.layers.35.ffn.w2,PushPop,343,343,12,12,21672841,1806070.1,1805939.0,1805060,1807907,855.6,cutlass3x_sm100_simt_sgemm_f32_f32_f32_f32_f32_128x64x16_1x1x1_3_tnn_align1_bias_f32_relu
PyTorch:BasicsTransformerLM.layers.35.ffn.w3,PushPop,343,343,12,12,21043370,1753614.2,1753556.5,1752901,1754690,516.1,cutlass3x_sm100_simt_sgemm_f32_f32_f32_f32_f32_128x128x16_1x1x1_3_tnn_align1_bias_f32_relu
PyTorch:BasicsTransformerLM.layers.35.ln1,PushPop,343,343,12,24,571745,23822.7,23792.0,23424,24224,226.4,"void at::native::elementwise_kernel<(int)128, (int)2, void at::native::gpu_kernel_impl_nocast<at::native::BinaryFunctor<float, float, float, at::native::binary_internal::MulFunctor<float>>>(at::TensorIteratorBase &, const T1 &)::[lambda(int) (instance 1)]>(int, T3)"
PyTorch:BasicsTransformerLM.layers.35.ln1,PushPop,343,343,12,12,112800,9400.0,9456.0,9056,9696,183.6,"void at::native::vectorized_elementwise_kernel<(int)4, void at::native::<unnamed>::pow_tensor_scalar_kernel_impl<float, float>(at::TensorIteratorBase &, T2)::[lambda(float) (instance 1)], std::array<char *, (unsigned long)2>>(int, T2, T3)"
PyTorch:BasicsTransformerLM.layers.35.ln1,PushPop,343,343,12,12,93857,7821.4,7600.0,7232,8704,504.4,"void at::native::reduce_kernel<(int)512, (int)1, at::native::ReduceOp<float, at::native::MeanOps<float, float, float, float>, unsigned int, float, (int)4, (int)4>>(T3)"
PyTorch:BasicsTransformerLM.layers.35.ln1,PushPop,343,343,12,12,19136,1594.7,1568.0,1568,1792,65.2,"void at::native::vectorized_elementwise_kernel<(int)4, at::native::CUDAFunctorOnSelf_add<float>, std::array<char *, (unsigned long)2>>(int, T2, T3)"
PyTorch:BasicsTransformerLM.layers.35.ln1,PushPop,343,343,12,12,18272,1522.7,1472.0,1440,1696,90.0,"void at::native::vectorized_elementwise_kernel<(int)4, at::native::rsqrt_kernel_cuda(at::TensorIteratorBase &)::[lambda() (instance 2)]::operator ()() const::[lambda() (instance 2)]::operator ()() const::[lambda(float) (instance 1)], std::array<char *, (unsigned long)2>>(int, T2, T3)"
PyTorch:BasicsTransformerLM.layers.35.ln2,PushPop,343,343,12,24,573280,23886.7,23856.0,23296,24448,336.1,"void at::native::elementwise_kernel<(int)128, (int)2, void at::native::gpu_kernel_impl_nocast<at::native::BinaryFunctor<float, float, float, at::native::binary_internal::MulFunctor<float>>>(at::TensorIteratorBase &, const T1 &)::[lambda(int) (instance 1)]>(int, T3)"
PyTorch:BasicsTransformerLM.layers.35.ln2,PushPop,343,343,12,12,113696,9474.7,9520.0,9120,9984,237.7,"void at::native::vectorized_elementwise_kernel<(int)4, void at::native::<unnamed>::pow_tensor_scalar_kernel_impl<float, float>(at::TensorIteratorBase &, T2)::[lambda(float) (instance 1)], std::array<char *, (unsigned long)2>>(int, T2, T3)"
PyTorch:BasicsTransformerLM.layers.35.ln2,PushPop,343,343,12,12,89888,7490.7,7392.0,7104,8096,320.7,"void at::native::reduce_kernel<(int)512, (int)1, at::native::ReduceOp<float, at::native::MeanOps<float, float, float, float>, unsigned int, float, (int)4, (int)4>>(T3)"
PyTorch:BasicsTransformerLM.layers.35.ln2,PushPop,343,343,12,12,19200,1600.0,1568.0,1568,1824,73.5,"void at::native::vectorized_elementwise_kernel<(int)4, at::native::CUDAFunctorOnSelf_add<float>, std::array<char *, (unsigned long)2>>(int, T2, T3)"
PyTorch:BasicsTransformerLM.layers.35.ln2,PushPop,343,343,12,12,18176,1514.7,1472.0,1440,1664,68.7,"void at::native::vectorized_elementwise_kernel<(int)4, at::native::rsqrt_kernel_cuda(at::TensorIteratorBase &)::[lambda() (instance 2)]::operator ()() const::[lambda() (instance 2)]::operator ()() const::[lambda(float) (instance 1)], std::array<char *, (unsigned long)2>>(int, T2, T3)"
PyTorch:BasicsTransformerLM.layers.4,PushPop,343,343,12,36,56797261,1577701.7,1753395.5,1215171,1765826,258996.4,cutlass3x_sm100_simt_sgemm_f32_f32_f32_f32_f32_128x128x16_1x1x1_3_tnn_align1_bias_f32_relu
PyTorch:BasicsTransformerLM.layers.4,PushPop,343,343,12,48,24785101,516356.3,514705.0,513985,524416,2998.4,cutlass3x_sm100_simt_sgemm_f32_f32_f32_f32_f32_64x128x16_1x1x1_3_tnn_align1_bias_f32_relu
PyTorch:BasicsTransformerLM.layers.4,PushPop,343,343,12,12,21671239,1805936.6,1806001.5,1804581,1807044,766.7,cutlass3x_sm100_simt_sgemm_f32_f32_f32_f32_f32_128x64x16_1x1x1_3_tnn_align1_bias_f32_relu
PyTorch:BasicsTransformerLM.layers.4,PushPop,343,343,12,12,12249079,1020756.6,1020817.5,1019587,1021633,604.0,"void at::native::elementwise_kernel<(int)128, (int)2, void at::native::gpu_kernel_impl_nocast<at::native::BinaryFunctor<float, float, float, at::native::binary_internal::DivFunctor<float>>>(at::TensorIteratorBase &, const T1 &)::[lambda(int) (instance 1)]>(int, T3)"
PyTorch:BasicsTransformerLM.layers.4,PushPop,343,343,12,12,10662323,888526.9,887570.0,887266,899201,3369.5,"void at::native::elementwise_kernel<(int)128, (int)2, void at::native::gpu_kernel_impl_nocast<at::native::<unnamed>::where_kernel_impl(at::TensorIterator &)::[lambda() (instance 1)]::operator ()() const::[lambda() (instance 11)]::operator ()() const::[lambda(bool, float, float) (instance 1)]>(at::TensorIteratorBase &, const T1 &)::[lambda(int) (instance 1)]>(int, T3)"
PyTorch:BasicsTransformerLM.layers.4,PushPop,343,343,12,12,10586325,882193.8,882401.0,880577,883553,879.4,"void at::native::elementwise_kernel<(int)128, (int)2, void at::native::gpu_kernel_impl_nocast<at::native::CUDAFunctor_add<float>>(at::TensorIteratorBase &, const T1 &)::[lambda(int) (instance 1)]>(int, T3)"
PyTorch:BasicsTransformerLM.layers.4,PushPop,343,343,12,12,9791283,815940.3,815265.0,814658,822369,2148.6,cutlass3x_sm100_simt_sgemm_f32_f32_f32_f32_f32_64x128x16_1x1x1_3_nnn_align1_bias_f32_relu
PyTorch:BasicsTransformerLM.layers.4,PushPop,343,343,12,12,4657544,388128.7,388256.5,386752,389377,722.3,"void at::native::vectorized_elementwise_kernel<(int)4, at::native::BUnaryFunctor<float, float, float, at::native::binary_internal::MulFunctor<float>>, std::array<char *, (unsigned long)2>>(int, T2, T3)"
PyTorch:BasicsTransformerLM.layers.4,PushPop,343,343,12,12,4615431,384619.3,384832.5,383169,385537,748.7,"void at::native::vectorized_elementwise_kernel<(int)4, at::native::exp_kernel_cuda(at::TensorIteratorBase &)::[lambda() (instance 2)]::operator ()() const::[lambda() (instance 2)]::operator ()() const::[lambda(float) (instance 1)], std::array<char *, (unsigned long)2>>(int, T2, T3)"
PyTorch:BasicsTransformerLM.layers.4,PushPop,343,343,12,12,3792487,316040.6,315873.0,315329,317856,660.8,"void at::native::reduce_kernel<(int)512, (int)1, at::native::ReduceOp<float, at::native::MaxOps<float>, unsigned int, float, (int)4, (int)4>>(T3)"
PyTorch:BasicsTransformerLM.layers.4,PushPop,343,343,12,144,2755233,19133.6,18304.0,14848,24864,3628.9,"void at::native::elementwise_kernel<(int)128, (int)2, void at::native::gpu_kernel_impl_nocast<at::native::BinaryFunctor<float, float, float, at::native::binary_internal::MulFunctor<float>>>(at::TensorIteratorBase &, const T1 &)::[lambda(int) (instance 1)]>(int, T3)"
PyTorch:BasicsTransformerLM.layers.4,PushPop,343,343,12,12,2736613,228051.1,228033.0,227456,228896,433.4,"void at::native::reduce_kernel<(int)512, (int)1, at::native::ReduceOp<float, at::native::func_wrapper_t<float, at::native::sum_functor<float, float, float>::operator ()(at::TensorIterator &)::[lambda(float, float) (instance 1)]>, unsigned int, float, (int)4, (int)4>>(T3)"
PyTorch:BasicsTransformerLM.layers.4,PushPop,343,343,12,24,1768806,73700.3,73824.0,71969,75552,1061.3,"void at::native::vectorized_elementwise_kernel<(int)4, at::native::BinaryFunctor<float, float, float, at::native::binary_internal::MulFunctor<float>>, std::array<char *, (unsigned long)3>>(int, T2, T3)"
PyTorch:BasicsTransformerLM.layers.4,PushPop,343,343,12,24,1301570,54232.1,54176.0,53729,54784,296.3,"void at::native::<unnamed>::CatArrayBatchedCopy<at::native::<unnamed>::OpaqueType<(unsigned int)4>, unsigned int, (int)4, (int)64, (int)64>(T1 *, at::native::<unnamed>::CatArrInputTensorMetadata<T1, T2, T4, T5>, at::native::<unnamed>::TensorSizeStride<T2, (unsigned int)4>, int, T2)"
PyTorch:BasicsTransformerLM.layers.4,PushPop,343,343,12,24,747650,31152.1,31392.0,29312,32928,1414.0,"void at::native::elementwise_kernel<(int)128, (int)2, void at::native::gpu_kernel_impl_nocast<at::native::direct_copy_kernel_cuda(at::TensorIteratorBase &)::[lambda() (instance 3)]::operator ()() const::[lambda() (instance 7)]::operator ()() const::[lambda(float) (instance 1)]>(at::TensorIteratorBase &, const T1 &)::[lambda(int) (instance 1)]>(int, T3)"
PyTorch:BasicsTransformerLM.layers.4,PushPop,343,343,12,72,714947,9929.8,6880.5,6656,16928,4415.8,"void at::native::vectorized_elementwise_kernel<(int)4, at::native::CUDAFunctor_add<float>, std::array<char *, (unsigned long)3>>(int, T2, T3)"
PyTorch:BasicsTransformerLM.layers.4,PushPop,343,343,12,12,587681,48973.4,48960.0,48320,49408,371.0,"void at::native::vectorized_elementwise_kernel<(int)4, at::native::sigmoid_kernel_cuda(at::TensorIteratorBase &)::[lambda() (instance 2)]::operator ()() const::[lambda() (instance 2)]::operator ()() const::[lambda(float) (instance 1)], std::array<char *, (unsigned long)2>>(int, T2, T3)"
PyTorch:BasicsTransformerLM.layers.4,PushPop,343,343,12,24,227808,9492.0,9488.0,9152,9824,176.5,"void at::native::vectorized_elementwise_kernel<(int)4, void at::native::<unnamed>::pow_tensor_scalar_kernel_impl<float, float>(at::TensorIteratorBase &, T2)::[lambda(float) (instance 1)], std::array<char *, (unsigned long)2>>(int, T2, T3)"
PyTorch:BasicsTransformerLM.layers.4,PushPop,343,343,12,24,179136,7464.0,7472.0,7072,8032,264.9,"void at::native::reduce_kernel<(int)512, (int)1, at::native::ReduceOp<float, at::native::MeanOps<float, float, float, float>, unsigned int, float, (int)4, (int)4>>(T3)"
PyTorch:BasicsTransformerLM.layers.4,PushPop,343,343,12,12,104032,8669.3,8640.0,8576,8864,96.0,"void at::native::elementwise_kernel<(int)128, (int)4, void at::native::gpu_kernel_impl_nocast<at::native::<unnamed>::CompareFunctor<long>>(at::TensorIteratorBase &, const T1 &)::[lambda(int) (instance 1)]>(int, T3)"
PyTorch:BasicsTransformerLM.layers.4,PushPop,343,343,12,24,39041,1626.7,1568.0,1536,1824,94.7,"void at::native::vectorized_elementwise_kernel<(int)4, at::native::CUDAFunctorOnSelf_add<float>, std::array<char *, (unsigned long)2>>(int, T2, T3)"
PyTorch:BasicsTransformerLM.layers.4,PushPop,343,343,12,24,36544,1522.7,1472.0,1440,1696,81.1,"void at::native::vectorized_elementwise_kernel<(int)4, at::native::rsqrt_kernel_cuda(at::TensorIteratorBase &)::[lambda() (instance 2)]::operator ()() const::[lambda() (instance 2)]::operator ()() const::[lambda(float) (instance 1)], std::array<char *, (unsigned long)2>>(int, T2, T3)"
PyTorch:BasicsTransformerLM.layers.4,PushPop,343,343,12,12,13920,1160.0,1152.0,1120,1216,24.1,"void <unnamed>::elementwise_kernel_with_index<int, at::native::arange_cuda_out(const c10::Scalar &, const c10::Scalar &, const c10::Scalar &, at::Tensor &)::[lambda() (instance 1)]::operator ()() const::[lambda() (instance 4)]::operator ()() const::[lambda(long) (instance 1)]>(T1, T2, function_traits<T2>::result_type *)"
PyTorch:BasicsTransformerLM.layers.4,PushPop,343,343,12,12,13568,1130.7,1056.0,960,2016,292.8,"void at::native::vectorized_elementwise_kernel<(int)4, at::native::FillFunctor<float>, std::array<char *, (unsigned long)1>>(int, T2, T3)"
PyTorch:BasicsTransformerLM.layers.4.attn,PushPop,343,343,12,48,24785101,516356.3,514705.0,513985,524416,2998.4,cutlass3x_sm100_simt_sgemm_f32_f32_f32_f32_f32_64x128x16_1x1x1_3_tnn_align1_bias_f32_relu
PyTorch:BasicsTransformerLM.layers.4.attn,PushPop,343,343,12,12,14599070,1216589.2,1216290.0,1215171,1220930,1557.0,cutlass3x_sm100_simt_sgemm_f32_f32_f32_f32_f32_128x128x16_1x1x1_3_tnn_align1_bias_f32_relu
PyTorch:BasicsTransformerLM.layers.4.attn,PushPop,343,343,12,12,12249079,1020756.6,1020817.5,1019587,1021633,604.0,"void at::native::elementwise_kernel<(int)128, (int)2, void at::native::gpu_kernel_impl_nocast<at::native::BinaryFunctor<float, float, float, at::native::binary_internal::DivFunctor<float>>>(at::TensorIteratorBase &, const T1 &)::[lambda(int) (instance 1)]>(int, T3)"
PyTorch:BasicsTransformerLM.layers.4.attn,PushPop,343,343,12,12,10662323,888526.9,887570.0,887266,899201,3369.5,"void at::native::elementwise_kernel<(int)128, (int)2, void at::native::gpu_kernel_impl_nocast<at::native::<unnamed>::where_kernel_impl(at::TensorIterator &)::[lambda() (instance 1)]::operator ()() const::[lambda() (instance 11)]::operator ()() const::[lambda(bool, float, float) (instance 1)]>(at::TensorIteratorBase &, const T1 &)::[lambda(int) (instance 1)]>(int, T3)"
PyTorch:BasicsTransformerLM.layers.4.attn,PushPop,343,343,12,12,10586325,882193.8,882401.0,880577,883553,879.4,"void at::native::elementwise_kernel<(int)128, (int)2, void at::native::gpu_kernel_impl_nocast<at::native::CUDAFunctor_add<float>>(at::TensorIteratorBase &, const T1 &)::[lambda(int) (instance 1)]>(int, T3)"
PyTorch:BasicsTransformerLM.layers.4.attn,PushPop,343,343,12,12,9791283,815940.3,815265.0,814658,822369,2148.6,cutlass3x_sm100_simt_sgemm_f32_f32_f32_f32_f32_64x128x16_1x1x1_3_nnn_align1_bias_f32_relu
PyTorch:BasicsTransformerLM.layers.4.attn,PushPop,343,343,12,12,4657544,388128.7,388256.5,386752,389377,722.3,"void at::native::vectorized_elementwise_kernel<(int)4, at::native::BUnaryFunctor<float, float, float, at::native::binary_internal::MulFunctor<float>>, std::array<char *, (unsigned long)2>>(int, T2, T3)"
PyTorch:BasicsTransformerLM.layers.4.attn,PushPop,343,343,12,12,4615431,384619.3,384832.5,383169,385537,748.7,"void at::native::vectorized_elementwise_kernel<(int)4, at::native::exp_kernel_cuda(at::TensorIteratorBase &)::[lambda() (instance 2)]::operator ()() const::[lambda() (instance 2)]::operator ()() const::[lambda(float) (instance 1)], std::array<char *, (unsigned long)2>>(int, T2, T3)"
PyTorch:BasicsTransformerLM.layers.4.attn,PushPop,343,343,12,12,3792487,316040.6,315873.0,315329,317856,660.8,"void at::native::reduce_kernel<(int)512, (int)1, at::native::ReduceOp<float, at::native::MaxOps<float>, unsigned int, float, (int)4, (int)4>>(T3)"
PyTorch:BasicsTransformerLM.layers.4.attn,PushPop,343,343,12,12,2736613,228051.1,228033.0,227456,228896,433.4,"void at::native::reduce_kernel<(int)512, (int)1, at::native::ReduceOp<float, at::native::func_wrapper_t<float, at::native::sum_functor<float, float, float>::operator ()(at::TensorIterator &)::[lambda(float, float) (instance 1)]>, unsigned int, float, (int)4, (int)4>>(T3)"
PyTorch:BasicsTransformerLM.layers.4.attn,PushPop,343,343,12,96,1611105,16782.3,16432.0,14848,19808,1735.5,"void at::native::elementwise_kernel<(int)128, (int)2, void at::native::gpu_kernel_impl_nocast<at::native::BinaryFunctor<float, float, float, at::native::binary_internal::MulFunctor<float>>>(at::TensorIteratorBase &, const T1 &)::[lambda(int) (instance 1)]>(int, T3)"
PyTorch:BasicsTransformerLM.layers.4.attn,PushPop,343,343,12,24,1301570,54232.1,54176.0,53729,54784,296.3,"void at::native::<unnamed>::CatArrayBatchedCopy<at::native::<unnamed>::OpaqueType<(unsigned int)4>, unsigned int, (int)4, (int)64, (int)64>(T1 *, at::native::<unnamed>::CatArrInputTensorMetadata<T1, T2, T4, T5>, at::native::<unnamed>::TensorSizeStride<T2, (unsigned int)4>, int, T2)"
PyTorch:BasicsTransformerLM.layers.4.attn,PushPop,343,343,12,24,747650,31152.1,31392.0,29312,32928,1414.0,"void at::native::elementwise_kernel<(int)128, (int)2, void at::native::gpu_kernel_impl_nocast<at::native::direct_copy_kernel_cuda(at::TensorIteratorBase &)::[lambda() (instance 3)]::operator ()() const::[lambda() (instance 7)]::operator ()() const::[lambda(float) (instance 1)]>(at::TensorIteratorBase &, const T1 &)::[lambda(int) (instance 1)]>(int, T3)"
PyTorch:BasicsTransformerLM.layers.4.attn,PushPop,343,343,12,48,327938,6832.0,6816.5,6656,7168,100.1,"void at::native::vectorized_elementwise_kernel<(int)4, at::native::CUDAFunctor_add<float>, std::array<char *, (unsigned long)3>>(int, T2, T3)"
PyTorch:BasicsTransformerLM.layers.4.attn,PushPop,343,343,12,12,104032,8669.3,8640.0,8576,8864,96.0,"void at::native::elementwise_kernel<(int)128, (int)4, void at::native::gpu_kernel_impl_nocast<at::native::<unnamed>::CompareFunctor<long>>(at::TensorIteratorBase &, const T1 &)::[lambda(int) (instance 1)]>(int, T3)"
PyTorch:BasicsTransformerLM.layers.4.attn,PushPop,343,343,12,12,13920,1160.0,1152.0,1120,1216,24.1,"void <unnamed>::elementwise_kernel_with_index<int, at::native::arange_cuda_out(const c10::Scalar &, const c10::Scalar &, const c10::Scalar &, at::Tensor &)::[lambda() (instance 1)]::operator ()() const::[lambda() (instance 4)]::operator ()() const::[lambda(long) (instance 1)]>(T1, T2, function_traits<T2>::result_type *)"
PyTorch:BasicsTransformerLM.layers.4.attn,PushPop,343,343,12,12,13568,1130.7,1056.0,960,2016,292.8,"void at::native::vectorized_elementwise_kernel<(int)4, at::native::FillFunctor<float>, std::array<char *, (unsigned long)1>>(int, T2, T3)"
PyTorch:BasicsTransformerLM.layers.4.attn.k_proj,PushPop,343,343,12,12,6178988,514915.7,514705.0,514273,517313,781.3,cutlass3x_sm100_simt_sgemm_f32_f32_f32_f32_f32_64x128x16_1x1x1_3_tnn_align1_bias_f32_relu
PyTorch:BasicsTransformerLM.layers.4.attn.output_proj,PushPop,343,343,12,12,6255785,521315.4,521057.0,520257,524416,1099.2,cutlass3x_sm100_simt_sgemm_f32_f32_f32_f32_f32_64x128x16_1x1x1_3_tnn_align1_bias_f32_relu
PyTorch:BasicsTransformerLM.layers.4.attn.q_proj,PushPop,343,343,12,12,6172781,514398.4,514257.5,513985,516480,672.2,cutlass3x_sm100_simt_sgemm_f32_f32_f32_f32_f32_64x128x16_1x1x1_3_tnn_align1_bias_f32_relu
PyTorch:BasicsTransformerLM.layers.4.attn.v_proj,PushPop,343,343,12,12,6177547,514795.6,514641.0,514401,516128,459.6,cutlass3x_sm100_simt_sgemm_f32_f32_f32_f32_f32_64x128x16_1x1x1_3_tnn_align1_bias_f32_relu
PyTorch:BasicsTransformerLM.layers.4.ffn,PushPop,343,343,12,24,42198191,1758258.0,1760419.0,1752901,1765826,4677.5,cutlass3x_sm100_simt_sgemm_f32_f32_f32_f32_f32_128x128x16_1x1x1_3_tnn_align1_bias_f32_relu
PyTorch:BasicsTransformerLM.layers.4.ffn,PushPop,343,343,12,12,21671239,1805936.6,1806001.5,1804581,1807044,766.7,cutlass3x_sm100_simt_sgemm_f32_f32_f32_f32_f32_128x64x16_1x1x1_3_tnn_align1_bias_f32_relu
PyTorch:BasicsTransformerLM.layers.4.ffn,PushPop,343,343,12,24,1768806,73700.3,73824.0,71969,75552,1061.3,"void at::native::vectorized_elementwise_kernel<(int)4, at::native::BinaryFunctor<float, float, float, at::native::binary_internal::MulFunctor<float>>, std::array<char *, (unsigned long)3>>(int, T2, T3)"
PyTorch:BasicsTransformerLM.layers.4.ffn,PushPop,343,343,12,12,587681,48973.4,48960.0,48320,49408,371.0,"void at::native::vectorized_elementwise_kernel<(int)4, at::native::sigmoid_kernel_cuda(at::TensorIteratorBase &)::[lambda() (instance 2)]::operator ()() const::[lambda() (instance 2)]::operator ()() const::[lambda(float) (instance 1)], std::array<char *, (unsigned long)2>>(int, T2, T3)"
PyTorch:BasicsTransformerLM.layers.4.ffn.w1,PushPop,343,343,12,12,21150153,1762512.8,1762516.5,1760484,1765826,1457.1,cutlass3x_sm100_simt_sgemm_f32_f32_f32_f32_f32_128x128x16_1x1x1_3_tnn_align1_bias_f32_relu
PyTorch:BasicsTransformerLM.layers.4.ffn.w2,PushPop,343,343,12,12,21671239,1805936.6,1806001.5,1804581,1807044,766.7,cutlass3x_sm100_simt_sgemm_f32_f32_f32_f32_f32_128x64x16_1x1x1_3_tnn_align1_bias_f32_relu
PyTorch:BasicsTransformerLM.layers.4.ffn.w3,PushPop,343,343,12,12,21048038,1754003.2,1753395.5,1752901,1760354,2031.2,cutlass3x_sm100_simt_sgemm_f32_f32_f32_f32_f32_128x128x16_1x1x1_3_tnn_align1_bias_f32_relu
PyTorch:BasicsTransformerLM.layers.4.ln1,PushPop,343,343,12,24,571776,23824.0,23808.0,23456,24448,257.0,"void at::native::elementwise_kernel<(int)128, (int)2, void at::native::gpu_kernel_impl_nocast<at::native::BinaryFunctor<float, float, float, at::native::binary_internal::MulFunctor<float>>>(at::TensorIteratorBase &, const T1 &)::[lambda(int) (instance 1)]>(int, T3)"
PyTorch:BasicsTransformerLM.layers.4.ln1,PushPop,343,343,12,12,112704,9392.0,9376.0,9152,9568,134.0,"void at::native::vectorized_elementwise_kernel<(int)4, void at::native::<unnamed>::pow_tensor_scalar_kernel_impl<float, float>(at::TensorIteratorBase &, T2)::[lambda(float) (instance 1)], std::array<char *, (unsigned long)2>>(int, T2, T3)"
PyTorch:BasicsTransformerLM.layers.4.ln1,PushPop,343,343,12,12,89408,7450.7,7328.0,7072,8032,340.8,"void at::native::reduce_kernel<(int)512, (int)1, at::native::ReduceOp<float, at::native::MeanOps<float, float, float, float>, unsigned int, float, (int)4, (int)4>>(T3)"
PyTorch:BasicsTransformerLM.layers.4.ln1,PushPop,343,343,12,12,19552,1629.3,1568.0,1536,1824,102.5,"void at::native::vectorized_elementwise_kernel<(int)4, at::native::CUDAFunctorOnSelf_add<float>, std::array<char *, (unsigned long)2>>(int, T2, T3)"
PyTorch:BasicsTransformerLM.layers.4.ln1,PushPop,343,343,12,12,18144,1512.0,1472.0,1440,1664,69.7,"void at::native::vectorized_elementwise_kernel<(int)4, at::native::rsqrt_kernel_cuda(at::TensorIteratorBase &)::[lambda() (instance 2)]::operator ()() const::[lambda() (instance 2)]::operator ()() const::[lambda(float) (instance 1)], std::array<char *, (unsigned long)2>>(int, T2, T3)"
PyTorch:BasicsTransformerLM.layers.4.ln2,PushPop,343,343,12,24,572352,23848.0,23792.0,23424,24864,379.4,"void at::native::elementwise_kernel<(int)128, (int)2, void at::native::gpu_kernel_impl_nocast<at::native::BinaryFunctor<float, float, float, at::native::binary_internal::MulFunctor<float>>>(at::TensorIteratorBase &, const T1 &)::[lambda(int) (instance 1)]>(int, T3)"
PyTorch:BasicsTransformerLM.layers.4.ln2,PushPop,343,343,12,12,115104,9592.0,9552.0,9408,9824,159.2,"void at::native::vectorized_elementwise_kernel<(int)4, void at::native::<unnamed>::pow_tensor_scalar_kernel_impl<float, float>(at::TensorIteratorBase &, T2)::[lambda(float) (instance 1)], std::array<char *, (unsigned long)2>>(int, T2, T3)"
PyTorch:BasicsTransformerLM.layers.4.ln2,PushPop,343,343,12,12,89728,7477.3,7520.0,7104,7648,173.8,"void at::native::reduce_kernel<(int)512, (int)1, at::native::ReduceOp<float, at::native::MeanOps<float, float, float, float>, unsigned int, float, (int)4, (int)4>>(T3)"
PyTorch:BasicsTransformerLM.layers.4.ln2,PushPop,343,343,12,12,19489,1624.1,1568.0,1536,1792,90.7,"void at::native::vectorized_elementwise_kernel<(int)4, at::native::CUDAFunctorOnSelf_add<float>, std::array<char *, (unsigned long)2>>(int, T2, T3)"
PyTorch:BasicsTransformerLM.layers.4.ln2,PushPop,343,343,12,12,18400,1533.3,1504.0,1440,1696,93.0,"void at::native::vectorized_elementwise_kernel<(int)4, at::native::rsqrt_kernel_cuda(at::TensorIteratorBase &)::[lambda() (instance 2)]::operator ()() const::[lambda() (instance 2)]::operator ()() const::[lambda(float) (instance 1)], std::array<char *, (unsigned long)2>>(int, T2, T3)"
PyTorch:BasicsTransformerLM.layers.5,PushPop,343,343,12,36,56779434,1577206.5,1753363.0,1215617,1765569,258758.9,cutlass3x_sm100_simt_sgemm_f32_f32_f32_f32_f32_128x128x16_1x1x1_3_tnn_align1_bias_f32_relu
PyTorch:BasicsTransformerLM.layers.5,PushPop,343,343,12,48,24785328,516361.0,514753.0,513921,524065,3003.1,cutlass3x_sm100_simt_sgemm_f32_f32_f32_f32_f32_64x128x16_1x1x1_3_tnn_align1_bias_f32_relu
PyTorch:BasicsTransformerLM.layers.5,PushPop,343,343,12,12,21667145,1805595.4,1805042.0,1803875,1810564,1828.3,cutlass3x_sm100_simt_sgemm_f32_f32_f32_f32_f32_128x64x16_1x1x1_3_tnn_align1_bias_f32_relu
PyTorch:BasicsTransformerLM.layers.5,PushPop,343,343,12,12,12254105,1021175.4,1020594.0,1019779,1028129,2244.6,"void at::native::elementwise_kernel<(int)128, (int)2, void at::native::gpu_kernel_impl_nocast<at::native::BinaryFunctor<float, float, float, at::native::binary_internal::DivFunctor<float>>>(at::TensorIteratorBase &, const T1 &)::[lambda(int) (instance 1)]>(int, T3)"
PyTorch:BasicsTransformerLM.layers.5,PushPop,343,343,12,12,10653939,887828.3,887490.0,886913,891457,1194.3,"void at::native::elementwise_kernel<(int)128, (int)2, void at::native::gpu_kernel_impl_nocast<at::native::<unnamed>::where_kernel_impl(at::TensorIterator &)::[lambda() (instance 1)]::operator ()() const::[lambda() (instance 11)]::operator ()() const::[lambda(bool, float, float) (instance 1)]>(at::TensorIteratorBase &, const T1 &)::[lambda(int) (instance 1)]>(int, T3)"
PyTorch:BasicsTransformerLM.layers.5,PushPop,343,343,12,12,10591827,882652.3,882450.0,880706,888161,1842.7,"void at::native::elementwise_kernel<(int)128, (int)2, void at::native::gpu_kernel_impl_nocast<at::native::CUDAFunctor_add<float>>(at::TensorIteratorBase &, const T1 &)::[lambda(int) (instance 1)]>(int, T3)"
PyTorch:BasicsTransformerLM.layers.5,PushPop,343,343,12,12,9787120,815593.3,815073.0,814434,819904,1496.9,cutlass3x_sm100_simt_sgemm_f32_f32_f32_f32_f32_64x128x16_1x1x1_3_nnn_align1_bias_f32_relu
PyTorch:BasicsTransformerLM.layers.5,PushPop,343,343,12,12,4647913,387326.1,387281.0,386465,388385,530.1,"void at::native::vectorized_elementwise_kernel<(int)4, at::native::BUnaryFunctor<float, float, float, at::native::binary_internal::MulFunctor<float>>, std::array<char *, (unsigned long)2>>(int, T2, T3)"
PyTorch:BasicsTransformerLM.layers.5,PushPop,343,343,12,12,4620519,385043.3,385104.5,383937,386976,969.2,"void at::native::vectorized_elementwise_kernel<(int)4, at::native::exp_kernel_cuda(at::TensorIteratorBase &)::[lambda() (instance 2)]::operator ()() const::[lambda() (instance 2)]::operator ()() const::[lambda(float) (instance 1)], std::array<char *, (unsigned long)2>>(int, T2, T3)"
PyTorch:BasicsTransformerLM.layers.5,PushPop,343,343,12,12,3792840,316070.0,315953.0,315456,317153,519.4,"void at::native::reduce_kernel<(int)512, (int)1, at::native::ReduceOp<float, at::native::MaxOps<float>, unsigned int, float, (int)4, (int)4>>(T3)"
PyTorch:BasicsTransformerLM.layers.5,PushPop,343,343,12,144,2758212,19154.3,18240.0,14944,24768,3677.4,"void at::native::elementwise_kernel<(int)128, (int)2, void at::native::gpu_kernel_impl_nocast<at::native::BinaryFunctor<float, float, float, at::native::binary_internal::MulFunctor<float>>>(at::TensorIteratorBase &, const T1 &)::[lambda(int) (instance 1)]>(int, T3)"
PyTorch:BasicsTransformerLM.layers.5,PushPop,343,343,12,12,2741256,228438.0,228416.5,227328,230145,780.9,"void at::native::reduce_kernel<(int)512, (int)1, at::native::ReduceOp<float, at::native::func_wrapper_t<float, at::native::sum_functor<float, float, float>::operator ()(at::TensorIterator &)::[lambda(float, float) (instance 1)]>, unsigned int, float, (int)4, (int)4>>(T3)"
PyTorch:BasicsTransformerLM.layers.5,PushPop,343,343,12,24,1770787,73782.8,73776.0,71904,75424,1227.5,"void at::native::vectorized_elementwise_kernel<(int)4, at::native::BinaryFunctor<float, float, float, at::native::binary_internal::MulFunctor<float>>, std::array<char *, (unsigned long)3>>(int, T2, T3)"
PyTorch:BasicsTransformerLM.layers.5,PushPop,343,343,12,24,1302884,54286.8,54224.0,53888,54881,254.2,"void at::native::<unnamed>::CatArrayBatchedCopy<at::native::<unnamed>::OpaqueType<(unsigned int)4>, unsigned int, (int)4, (int)64, (int)64>(T1 *, at::native::<unnamed>::CatArrInputTensorMetadata<T1, T2, T4, T5>, at::native::<unnamed>::TensorSizeStride<T2, (unsigned int)4>, int, T2)"
PyTorch:BasicsTransformerLM.layers.5,PushPop,343,343,12,24,749760,31240.0,31392.0,29408,34624,1559.7,"void at::native::elementwise_kernel<(int)128, (int)2, void at::native::gpu_kernel_impl_nocast<at::native::direct_copy_kernel_cuda(at::TensorIteratorBase &)::[lambda() (instance 3)]::operator ()() const::[lambda() (instance 7)]::operator ()() const::[lambda(float) (instance 1)]>(at::TensorIteratorBase &, const T1 &)::[lambda(int) (instance 1)]>(int, T3)"
PyTorch:BasicsTransformerLM.layers.5,PushPop,343,343,12,72,712225,9892.0,6880.0,6688,17120,4357.3,"void at::native::vectorized_elementwise_kernel<(int)4, at::native::CUDAFunctor_add<float>, std::array<char *, (unsigned long)3>>(int, T2, T3)"
PyTorch:BasicsTransformerLM.layers.5,PushPop,343,343,12,12,587873,48989.4,48880.5,48320,49760,490.0,"void at::native::vectorized_elementwise_kernel<(int)4, at::native::sigmoid_kernel_cuda(at::TensorIteratorBase &)::[lambda() (instance 2)]::operator ()() const::[lambda() (instance 2)]::operator ()() const::[lambda(float) (instance 1)], std::array<char *, (unsigned long)2>>(int, T2, T3)"
PyTorch:BasicsTransformerLM.layers.5,PushPop,343,343,12,24,226688,9445.3,9440.0,9152,9792,152.4,"void at::native::vectorized_elementwise_kernel<(int)4, void at::native::<unnamed>::pow_tensor_scalar_kernel_impl<float, float>(at::TensorIteratorBase &, T2)::[lambda(float) (instance 1)], std::array<char *, (unsigned long)2>>(int, T2, T3)"
PyTorch:BasicsTransformerLM.layers.5,PushPop,343,343,12,24,187424,7809.3,7712.0,7200,8544,395.4,"void at::native::reduce_kernel<(int)512, (int)1, at::native::ReduceOp<float, at::native::MeanOps<float, float, float, float>, unsigned int, float, (int)4, (int)4>>(T3)"
PyTorch:BasicsTransformerLM.layers.5,PushPop,343,343,12,12,103456,8621.3,8640.0,8544,8672,39.7,"void at::native::elementwise_kernel<(int)128, (int)4, void at::native::gpu_kernel_impl_nocast<at::native::<unnamed>::CompareFunctor<long>>(at::TensorIteratorBase &, const T1 &)::[lambda(int) (instance 1)]>(int, T3)"
PyTorch:BasicsTransformerLM.layers.5,PushPop,343,343,12,24,38912,1621.3,1584.0,1568,1792,72.9,"void at::native::vectorized_elementwise_kernel<(int)4, at::native::CUDAFunctorOnSelf_add<float>, std::array<char *, (unsigned long)2>>(int, T2, T3)"
PyTorch:BasicsTransformerLM.layers.5,PushPop,343,343,12,24,36320,1513.3,1472.0,1440,1696,84.1,"void at::native::vectorized_elementwise_kernel<(int)4, at::native::rsqrt_kernel_cuda(at::TensorIteratorBase &)::[lambda() (instance 2)]::operator ()() const::[lambda() (instance 2)]::operator ()() const::[lambda(float) (instance 1)], std::array<char *, (unsigned long)2>>(int, T2, T3)"
PyTorch:BasicsTransformerLM.layers.5,PushPop,343,343,12,12,14048,1170.7,1152.0,1120,1280,39.7,"void <unnamed>::elementwise_kernel_with_index<int, at::native::arange_cuda_out(const c10::Scalar &, const c10::Scalar &, const c10::Scalar &, at::Tensor &)::[lambda() (instance 1)]::operator ()() const::[lambda() (instance 4)]::operator ()() const::[lambda(long) (instance 1)]>(T1, T2, function_traits<T2>::result_type *)"
PyTorch:BasicsTransformerLM.layers.5,PushPop,343,343,12,12,13537,1128.1,1056.0,928,1856,260.7,"void at::native::vectorized_elementwise_kernel<(int)4, at::native::FillFunctor<float>, std::array<char *, (unsigned long)1>>(int, T2, T3)"
PyTorch:BasicsTransformerLM.layers.5.attn,PushPop,343,343,12,48,24785328,516361.0,514753.0,513921,524065,3003.1,cutlass3x_sm100_simt_sgemm_f32_f32_f32_f32_f32_64x128x16_1x1x1_3_tnn_align1_bias_f32_relu
PyTorch:BasicsTransformerLM.layers.5.attn,PushPop,343,343,12,12,14597050,1216420.8,1216307.0,1215617,1218945,924.0,cutlass3x_sm100_simt_sgemm_f32_f32_f32_f32_f32_128x128x16_1x1x1_3_tnn_align1_bias_f32_relu
PyTorch:BasicsTransformerLM.layers.5.attn,PushPop,343,343,12,12,12254105,1021175.4,1020594.0,1019779,1028129,2244.6,"void at::native::elementwise_kernel<(int)128, (int)2, void at::native::gpu_kernel_impl_nocast<at::native::BinaryFunctor<float, float, float, at::native::binary_internal::DivFunctor<float>>>(at::TensorIteratorBase &, const T1 &)::[lambda(int) (instance 1)]>(int, T3)"
PyTorch:BasicsTransformerLM.layers.5.attn,PushPop,343,343,12,12,10653939,887828.3,887490.0,886913,891457,1194.3,"void at::native::elementwise_kernel<(int)128, (int)2, void at::native::gpu_kernel_impl_nocast<at::native::<unnamed>::where_kernel_impl(at::TensorIterator &)::[lambda() (instance 1)]::operator ()() const::[lambda() (instance 11)]::operator ()() const::[lambda(bool, float, float) (instance 1)]>(at::TensorIteratorBase &, const T1 &)::[lambda(int) (instance 1)]>(int, T3)"
PyTorch:BasicsTransformerLM.layers.5.attn,PushPop,343,343,12,12,10591827,882652.3,882450.0,880706,888161,1842.7,"void at::native::elementwise_kernel<(int)128, (int)2, void at::native::gpu_kernel_impl_nocast<at::native::CUDAFunctor_add<float>>(at::TensorIteratorBase &, const T1 &)::[lambda(int) (instance 1)]>(int, T3)"
PyTorch:BasicsTransformerLM.layers.5.attn,PushPop,343,343,12,12,9787120,815593.3,815073.0,814434,819904,1496.9,cutlass3x_sm100_simt_sgemm_f32_f32_f32_f32_f32_64x128x16_1x1x1_3_nnn_align1_bias_f32_relu
PyTorch:BasicsTransformerLM.layers.5.attn,PushPop,343,343,12,12,4647913,387326.1,387281.0,386465,388385,530.1,"void at::native::vectorized_elementwise_kernel<(int)4, at::native::BUnaryFunctor<float, float, float, at::native::binary_internal::MulFunctor<float>>, std::array<char *, (unsigned long)2>>(int, T2, T3)"
PyTorch:BasicsTransformerLM.layers.5.attn,PushPop,343,343,12,12,4620519,385043.3,385104.5,383937,386976,969.2,"void at::native::vectorized_elementwise_kernel<(int)4, at::native::exp_kernel_cuda(at::TensorIteratorBase &)::[lambda() (instance 2)]::operator ()() const::[lambda() (instance 2)]::operator ()() const::[lambda(float) (instance 1)], std::array<char *, (unsigned long)2>>(int, T2, T3)"
PyTorch:BasicsTransformerLM.layers.5.attn,PushPop,343,343,12,12,3792840,316070.0,315953.0,315456,317153,519.4,"void at::native::reduce_kernel<(int)512, (int)1, at::native::ReduceOp<float, at::native::MaxOps<float>, unsigned int, float, (int)4, (int)4>>(T3)"
PyTorch:BasicsTransformerLM.layers.5.attn,PushPop,343,343,12,12,2741256,228438.0,228416.5,227328,230145,780.9,"void at::native::reduce_kernel<(int)512, (int)1, at::native::ReduceOp<float, at::native::func_wrapper_t<float, at::native::sum_functor<float, float, float>::operator ()(at::TensorIterator &)::[lambda(float, float) (instance 1)]>, unsigned int, float, (int)4, (int)4>>(T3)"
PyTorch:BasicsTransformerLM.layers.5.attn,PushPop,343,343,12,96,1609858,16769.4,16416.0,14944,19808,1750.3,"void at::native::elementwise_kernel<(int)128, (int)2, void at::native::gpu_kernel_impl_nocast<at::native::BinaryFunctor<float, float, float, at::native::binary_internal::MulFunctor<float>>>(at::TensorIteratorBase &, const T1 &)::[lambda(int) (instance 1)]>(int, T3)"
PyTorch:BasicsTransformerLM.layers.5.attn,PushPop,343,343,12,24,1302884,54286.8,54224.0,53888,54881,254.2,"void at::native::<unnamed>::CatArrayBatchedCopy<at::native::<unnamed>::OpaqueType<(unsigned int)4>, unsigned int, (int)4, (int)64, (int)64>(T1 *, at::native::<unnamed>::CatArrInputTensorMetadata<T1, T2, T4, T5>, at::native::<unnamed>::TensorSizeStride<T2, (unsigned int)4>, int, T2)"
PyTorch:BasicsTransformerLM.layers.5.attn,PushPop,343,343,12,24,749760,31240.0,31392.0,29408,34624,1559.7,"void at::native::elementwise_kernel<(int)128, (int)2, void at::native::gpu_kernel_impl_nocast<at::native::direct_copy_kernel_cuda(at::TensorIteratorBase &)::[lambda() (instance 3)]::operator ()() const::[lambda() (instance 7)]::operator ()() const::[lambda(float) (instance 1)]>(at::TensorIteratorBase &, const T1 &)::[lambda(int) (instance 1)]>(int, T3)"
PyTorch:BasicsTransformerLM.layers.5.attn,PushPop,343,343,12,48,328129,6836.0,6832.5,6688,7072,90.9,"void at::native::vectorized_elementwise_kernel<(int)4, at::native::CUDAFunctor_add<float>, std::array<char *, (unsigned long)3>>(int, T2, T3)"
PyTorch:BasicsTransformerLM.layers.5.attn,PushPop,343,343,12,12,103456,8621.3,8640.0,8544,8672,39.7,"void at::native::elementwise_kernel<(int)128, (int)4, void at::native::gpu_kernel_impl_nocast<at::native::<unnamed>::CompareFunctor<long>>(at::TensorIteratorBase &, const T1 &)::[lambda(int) (instance 1)]>(int, T3)"
PyTorch:BasicsTransformerLM.layers.5.attn,PushPop,343,343,12,12,14048,1170.7,1152.0,1120,1280,39.7,"void <unnamed>::elementwise_kernel_with_index<int, at::native::arange_cuda_out(const c10::Scalar &, const c10::Scalar &, const c10::Scalar &, at::Tensor &)::[lambda() (instance 1)]::operator ()() const::[lambda() (instance 4)]::operator ()() const::[lambda(long) (instance 1)]>(T1, T2, function_traits<T2>::result_type *)"
PyTorch:BasicsTransformerLM.layers.5.attn,PushPop,343,343,12,12,13537,1128.1,1056.0,928,1856,260.7,"void at::native::vectorized_elementwise_kernel<(int)4, at::native::FillFunctor<float>, std::array<char *, (unsigned long)1>>(int, T2, T3)"
PyTorch:BasicsTransformerLM.layers.5.attn.k_proj,PushPop,343,343,12,12,6178157,514846.4,514721.5,514433,516512,557.0,cutlass3x_sm100_simt_sgemm_f32_f32_f32_f32_f32_64x128x16_1x1x1_3_tnn_align1_bias_f32_relu
PyTorch:BasicsTransformerLM.layers.5.attn.output_proj,PushPop,343,343,12,12,6255917,521326.4,521089.5,520417,524065,946.8,cutlass3x_sm100_simt_sgemm_f32_f32_f32_f32_f32_64x128x16_1x1x1_3_tnn_align1_bias_f32_relu
PyTorch:BasicsTransformerLM.layers.5.attn.q_proj,PushPop,343,343,12,12,6171020,514251.7,514257.0,513921,514721,238.0,cutlass3x_sm100_simt_sgemm_f32_f32_f32_f32_f32_64x128x16_1x1x1_3_tnn_align1_bias_f32_relu
PyTorch:BasicsTransformerLM.layers.5.attn.v_proj,PushPop,343,343,12,12,6180234,515019.5,514753.0,514400,518209,1027.2,cutlass3x_sm100_simt_sgemm_f32_f32_f32_f32_f32_64x128x16_1x1x1_3_tnn_align1_bias_f32_relu
PyTorch:BasicsTransformerLM.layers.5.ffn,PushPop,343,343,12,24,42182384,1757599.3,1756915.5,1752740,1765569,4489.5,cutlass3x_sm100_simt_sgemm_f32_f32_f32_f32_f32_128x128x16_1x1x1_3_tnn_align1_bias_f32_relu
PyTorch:BasicsTransformerLM.layers.5.ffn,PushPop,343,343,12,12,21667145,1805595.4,1805042.0,1803875,1810564,1828.3,cutlass3x_sm100_simt_sgemm_f32_f32_f32_f32_f32_128x64x16_1x1x1_3_tnn_align1_bias_f32_relu
PyTorch:BasicsTransformerLM.layers.5.ffn,PushPop,343,343,12,24,1770787,73782.8,73776.0,71904,75424,1227.5,"void at::native::vectorized_elementwise_kernel<(int)4, at::native::BinaryFunctor<float, float, float, at::native::binary_internal::MulFunctor<float>>, std::array<char *, (unsigned long)3>>(int, T2, T3)"
PyTorch:BasicsTransformerLM.layers.5.ffn,PushPop,343,343,12,12,587873,48989.4,48880.5,48320,49760,490.0,"void at::native::vectorized_elementwise_kernel<(int)4, at::native::sigmoid_kernel_cuda(at::TensorIteratorBase &)::[lambda() (instance 2)]::operator ()() const::[lambda() (instance 2)]::operator ()() const::[lambda(float) (instance 1)], std::array<char *, (unsigned long)2>>(int, T2, T3)"
PyTorch:BasicsTransformerLM.layers.5.ffn.w1,PushPop,343,343,12,12,21142216,1761851.3,1761508.0,1759557,1765569,1584.2,cutlass3x_sm100_simt_sgemm_f32_f32_f32_f32_f32_128x128x16_1x1x1_3_tnn_align1_bias_f32_relu
PyTorch:BasicsTransformerLM.layers.5.ffn.w2,PushPop,343,343,12,12,21667145,1805595.4,1805042.0,1803875,1810564,1828.3,cutlass3x_sm100_simt_sgemm_f32_f32_f32_f32_f32_128x64x16_1x1x1_3_tnn_align1_bias_f32_relu
PyTorch:BasicsTransformerLM.layers.5.ffn.w3,PushPop,343,343,12,12,21040168,1753347.3,1753363.0,1752740,1754274,433.2,cutlass3x_sm100_simt_sgemm_f32_f32_f32_f32_f32_128x128x16_1x1x1_3_tnn_align1_bias_f32_relu
PyTorch:BasicsTransformerLM.layers.5.ln1,PushPop,343,343,12,24,574337,23930.7,23952.0,23264,24640,296.4,"void at::native::elementwise_kernel<(int)128, (int)2, void at::native::gpu_kernel_impl_nocast<at::native::BinaryFunctor<float, float, float, at::native::binary_internal::MulFunctor<float>>>(at::TensorIteratorBase &, const T1 &)::[lambda(int) (instance 1)]>(int, T3)"
PyTorch:BasicsTransformerLM.layers.5.ln1,PushPop,343,343,12,12,113472,9456.0,9472.0,9216,9792,146.6,"void at::native::vectorized_elementwise_kernel<(int)4, void at::native::<unnamed>::pow_tensor_scalar_kernel_impl<float, float>(at::TensorIteratorBase &, T2)::[lambda(float) (instance 1)], std::array<char *, (unsigned long)2>>(int, T2, T3)"
PyTorch:BasicsTransformerLM.layers.5.ln1,PushPop,343,343,12,12,94304,7858.7,7776.0,7456,8544,341.2,"void at::native::reduce_kernel<(int)512, (int)1, at::native::ReduceOp<float, at::native::MeanOps<float, float, float, float>, unsigned int, float, (int)4, (int)4>>(T3)"
PyTorch:BasicsTransformerLM.layers.5.ln1,PushPop,343,343,12,12,19360,1613.3,1568.0,1568,1792,75.3,"void at::native::vectorized_elementwise_kernel<(int)4, at::native::CUDAFunctorOnSelf_add<float>, std::array<char *, (unsigned long)2>>(int, T2, T3)"
PyTorch:BasicsTransformerLM.layers.5.ln1,PushPop,343,343,12,12,17856,1488.0,1472.0,1440,1696,66.1,"void at::native::vectorized_elementwise_kernel<(int)4, at::native::rsqrt_kernel_cuda(at::TensorIteratorBase &)::[lambda() (instance 2)]::operator ()() const::[lambda() (instance 2)]::operator ()() const::[lambda(float) (instance 1)], std::array<char *, (unsigned long)2>>(int, T2, T3)"
PyTorch:BasicsTransformerLM.layers.5.ln2,PushPop,343,343,12,24,574017,23917.4,23904.0,23424,24768,342.9,"void at::native::elementwise_kernel<(int)128, (int)2, void at::native::gpu_kernel_impl_nocast<at::native::BinaryFunctor<float, float, float, at::native::binary_internal::MulFunctor<float>>>(at::TensorIteratorBase &, const T1 &)::[lambda(int) (instance 1)]>(int, T3)"
PyTorch:BasicsTransformerLM.layers.5.ln2,PushPop,343,343,12,12,113216,9434.7,9424.0,9152,9696,163.6,"void at::native::vectorized_elementwise_kernel<(int)4, void at::native::<unnamed>::pow_tensor_scalar_kernel_impl<float, float>(at::TensorIteratorBase &, T2)::[lambda(float) (instance 1)], std::array<char *, (unsigned long)2>>(int, T2, T3)"
PyTorch:BasicsTransformerLM.layers.5.ln2,PushPop,343,343,12,12,93120,7760.0,7616.0,7200,8384,452.9,"void at::native::reduce_kernel<(int)512, (int)1, at::native::ReduceOp<float, at::native::MeanOps<float, float, float, float>, unsigned int, float, (int)4, (int)4>>(T3)"
PyTorch:BasicsTransformerLM.layers.5.ln2,PushPop,343,343,12,12,19552,1629.3,1600.0,1568,1760,72.8,"void at::native::vectorized_elementwise_kernel<(int)4, at::native::CUDAFunctorOnSelf_add<float>, std::array<char *, (unsigned long)2>>(int, T2, T3)"
PyTorch:BasicsTransformerLM.layers.5.ln2,PushPop,343,343,12,12,18464,1538.7,1488.0,1440,1696,95.0,"void at::native::vectorized_elementwise_kernel<(int)4, at::native::rsqrt_kernel_cuda(at::TensorIteratorBase &)::[lambda() (instance 2)]::operator ()() const::[lambda() (instance 2)]::operator ()() const::[lambda(float) (instance 1)], std::array<char *, (unsigned long)2>>(int, T2, T3)"
PyTorch:BasicsTransformerLM.layers.6,PushPop,343,343,12,36,56789958,1577498.8,1753316.0,1215395,1763394,258946.5,cutlass3x_sm100_simt_sgemm_f32_f32_f32_f32_f32_128x128x16_1x1x1_3_tnn_align1_bias_f32_relu
PyTorch:BasicsTransformerLM.layers.6,PushPop,343,343,12,48,24779948,516248.9,514689.0,513537,521824,2951.4,cutlass3x_sm100_simt_sgemm_f32_f32_f32_f32_f32_64x128x16_1x1x1_3_tnn_align1_bias_f32_relu
PyTorch:BasicsTransformerLM.layers.6,PushPop,343,343,12,12,21681031,1806752.6,1806419.0,1804002,1811810,2104.4,cutlass3x_sm100_simt_sgemm_f32_f32_f32_f32_f32_128x64x16_1x1x1_3_tnn_align1_bias_f32_relu
PyTorch:BasicsTransformerLM.layers.6,PushPop,343,343,12,12,12250615,1020884.6,1020386.0,1019875,1025025,1428.7,"void at::native::elementwise_kernel<(int)128, (int)2, void at::native::gpu_kernel_impl_nocast<at::native::BinaryFunctor<float, float, float, at::native::binary_internal::DivFunctor<float>>>(at::TensorIteratorBase &, const T1 &)::[lambda(int) (instance 1)]>(int, T3)"
PyTorch:BasicsTransformerLM.layers.6,PushPop,343,343,12,12,10662515,888542.9,887682.0,887361,897952,2975.4,"void at::native::elementwise_kernel<(int)128, (int)2, void at::native::gpu_kernel_impl_nocast<at::native::<unnamed>::where_kernel_impl(at::TensorIterator &)::[lambda() (instance 1)]::operator ()() const::[lambda() (instance 11)]::operator ()() const::[lambda(bool, float, float) (instance 1)]>(at::TensorIteratorBase &, const T1 &)::[lambda(int) (instance 1)]>(int, T3)"
PyTorch:BasicsTransformerLM.layers.6,PushPop,343,343,12,12,10586263,882188.6,881987.0,880770,885601,1255.1,"void at::native::elementwise_kernel<(int)128, (int)2, void at::native::gpu_kernel_impl_nocast<at::native::CUDAFunctor_add<float>>(at::TensorIteratorBase &, const T1 &)::[lambda(int) (instance 1)]>(int, T3)"
PyTorch:BasicsTransformerLM.layers.6,PushPop,343,343,12,12,9782578,815214.8,815025.5,814273,817985,1005.1,cutlass3x_sm100_simt_sgemm_f32_f32_f32_f32_f32_64x128x16_1x1x1_3_nnn_align1_bias_f32_relu
PyTorch:BasicsTransformerLM.layers.6,PushPop,343,343,12,12,4653193,387766.1,387809.0,386369,390049,997.1,"void at::native::vectorized_elementwise_kernel<(int)4, at::native::BUnaryFunctor<float, float, float, at::native::binary_internal::MulFunctor<float>>, std::array<char *, (unsigned long)2>>(int, T2, T3)"
PyTorch:BasicsTransformerLM.layers.6,PushPop,343,343,12,12,4624998,385416.5,385521.0,383200,386816,1109.1,"void at::native::vectorized_elementwise_kernel<(int)4, at::native::exp_kernel_cuda(at::TensorIteratorBase &)::[lambda() (instance 2)]::operator ()() const::[lambda() (instance 2)]::operator ()() const::[lambda(float) (instance 1)], std::array<char *, (unsigned long)2>>(int, T2, T3)"
PyTorch:BasicsTransformerLM.layers.6,PushPop,343,343,12,12,3792006,316000.5,315856.0,315168,318177,812.7,"void at::native::reduce_kernel<(int)512, (int)1, at::native::ReduceOp<float, at::native::MaxOps<float>, unsigned int, float, (int)4, (int)4>>(T3)"
PyTorch:BasicsTransformerLM.layers.6,PushPop,343,343,12,144,2755627,19136.3,18224.0,14912,24320,3625.3,"void at::native::elementwise_kernel<(int)128, (int)2, void at::native::gpu_kernel_impl_nocast<at::native::BinaryFunctor<float, float, float, at::native::binary_internal::MulFunctor<float>>>(at::TensorIteratorBase &, const T1 &)::[lambda(int) (instance 1)]>(int, T3)"
PyTorch:BasicsTransformerLM.layers.6,PushPop,343,343,12,12,2740071,228339.3,228097.0,227585,230752,835.6,"void at::native::reduce_kernel<(int)512, (int)1, at::native::ReduceOp<float, at::native::func_wrapper_t<float, at::native::sum_functor<float, float, float>::operator ()(at::TensorIterator &)::[lambda(float, float) (instance 1)]>, unsigned int, float, (int)4, (int)4>>(T3)"
PyTorch:BasicsTransformerLM.layers.6,PushPop,343,343,12,24,1767426,73642.8,73488.0,72128,75232,890.7,"void at::native::vectorized_elementwise_kernel<(int)4, at::native::BinaryFunctor<float, float, float, at::native::binary_internal::MulFunctor<float>>, std::array<char *, (unsigned long)3>>(int, T2, T3)"
PyTorch:BasicsTransformerLM.layers.6,PushPop,343,343,12,24,1304420,54350.8,54305.0,53600,55520,400.3,"void at::native::<unnamed>::CatArrayBatchedCopy<at::native::<unnamed>::OpaqueType<(unsigned int)4>, unsigned int, (int)4, (int)64, (int)64>(T1 *, at::native::<unnamed>::CatArrInputTensorMetadata<T1, T2, T4, T5>, at::native::<unnamed>::TensorSizeStride<T2, (unsigned int)4>, int, T2)"
PyTorch:BasicsTransformerLM.layers.6,PushPop,343,343,12,24,746945,31122.7,31120.0,29376,33760,1532.5,"void at::native::elementwise_kernel<(int)128, (int)2, void at::native::gpu_kernel_impl_nocast<at::native::direct_copy_kernel_cuda(at::TensorIteratorBase &)::[lambda() (instance 3)]::operator ()() const::[lambda() (instance 7)]::operator ()() const::[lambda(float) (instance 1)]>(at::TensorIteratorBase &, const T1 &)::[lambda(int) (instance 1)]>(int, T3)"
PyTorch:BasicsTransformerLM.layers.6,PushPop,343,343,12,72,715329,9935.1,6880.0,6688,16896,4446.7,"void at::native::vectorized_elementwise_kernel<(int)4, at::native::CUDAFunctor_add<float>, std::array<char *, (unsigned long)3>>(int, T2, T3)"
PyTorch:BasicsTransformerLM.layers.6,PushPop,343,343,12,12,589315,49109.6,49168.5,48353,50368,651.8,"void at::native::vectorized_elementwise_kernel<(int)4, at::native::sigmoid_kernel_cuda(at::TensorIteratorBase &)::[lambda() (instance 2)]::operator ()() const::[lambda() (instance 2)]::operator ()() const::[lambda(float) (instance 1)], std::array<char *, (unsigned long)2>>(int, T2, T3)"
PyTorch:BasicsTransformerLM.layers.6,PushPop,343,343,12,24,226048,9418.7,9392.0,9152,9696,147.6,"void at::native::vectorized_elementwise_kernel<(int)4, void at::native::<unnamed>::pow_tensor_scalar_kernel_impl<float, float>(at::TensorIteratorBase &, T2)::[lambda(float) (instance 1)], std::array<char *, (unsigned long)2>>(int, T2, T3)"
PyTorch:BasicsTransformerLM.layers.6,PushPop,343,343,12,24,183584,7649.3,7520.0,7232,8672,370.2,"void at::native::reduce_kernel<(int)512, (int)1, at::native::ReduceOp<float, at::native::MeanOps<float, float, float, float>, unsigned int, float, (int)4, (int)4>>(T3)"
PyTorch:BasicsTransformerLM.layers.6,PushPop,343,343,12,12,103584,8632.0,8624.0,8544,8672,41.2,"void at::native::elementwise_kernel<(int)128, (int)4, void at::native::gpu_kernel_impl_nocast<at::native::<unnamed>::CompareFunctor<long>>(at::TensorIteratorBase &, const T1 &)::[lambda(int) (instance 1)]>(int, T3)"
PyTorch:BasicsTransformerLM.layers.6,PushPop,343,343,12,24,38816,1617.3,1568.0,1536,1824,101.6,"void at::native::vectorized_elementwise_kernel<(int)4, at::native::CUDAFunctorOnSelf_add<float>, std::array<char *, (unsigned long)2>>(int, T2, T3)"
PyTorch:BasicsTransformerLM.layers.6,PushPop,343,343,12,24,35840,1493.3,1472.0,1408,1728,72.9,"void at::native::vectorized_elementwise_kernel<(int)4, at::native::rsqrt_kernel_cuda(at::TensorIteratorBase &)::[lambda() (instance 2)]::operator ()() const::[lambda() (instance 2)]::operator ()() const::[lambda(float) (instance 1)], std::array<char *, (unsigned long)2>>(int, T2, T3)"
PyTorch:BasicsTransformerLM.layers.6,PushPop,343,343,12,12,13984,1165.3,1152.0,1120,1280,50.1,"void <unnamed>::elementwise_kernel_with_index<int, at::native::arange_cuda_out(const c10::Scalar &, const c10::Scalar &, const c10::Scalar &, at::Tensor &)::[lambda() (instance 1)]::operator ()() const::[lambda() (instance 4)]::operator ()() const::[lambda(long) (instance 1)]>(T1, T2, function_traits<T2>::result_type *)"
PyTorch:BasicsTransformerLM.layers.6,PushPop,343,343,12,12,13696,1141.3,1008.0,928,1984,299.4,"void at::native::vectorized_elementwise_kernel<(int)4, at::native::FillFunctor<float>, std::array<char *, (unsigned long)1>>(int, T2, T3)"
PyTorch:BasicsTransformerLM.layers.6.attn,PushPop,343,343,12,48,24779948,516248.9,514689.0,513537,521824,2951.4,cutlass3x_sm100_simt_sgemm_f32_f32_f32_f32_f32_64x128x16_1x1x1_3_tnn_align1_bias_f32_relu
PyTorch:BasicsTransformerLM.layers.6.attn,PushPop,343,343,12,12,14597434,1216452.8,1216322.5,1215395,1217825,741.6,cutlass3x_sm100_simt_sgemm_f32_f32_f32_f32_f32_128x128x16_1x1x1_3_tnn_align1_bias_f32_relu
PyTorch:BasicsTransformerLM.layers.6.attn,PushPop,343,343,12,12,12250615,1020884.6,1020386.0,1019875,1025025,1428.7,"void at::native::elementwise_kernel<(int)128, (int)2, void at::native::gpu_kernel_impl_nocast<at::native::BinaryFunctor<float, float, float, at::native::binary_internal::DivFunctor<float>>>(at::TensorIteratorBase &, const T1 &)::[lambda(int) (instance 1)]>(int, T3)"
PyTorch:BasicsTransformerLM.layers.6.attn,PushPop,343,343,12,12,10662515,888542.9,887682.0,887361,897952,2975.4,"void at::native::elementwise_kernel<(int)128, (int)2, void at::native::gpu_kernel_impl_nocast<at::native::<unnamed>::where_kernel_impl(at::TensorIterator &)::[lambda() (instance 1)]::operator ()() const::[lambda() (instance 11)]::operator ()() const::[lambda(bool, float, float) (instance 1)]>(at::TensorIteratorBase &, const T1 &)::[lambda(int) (instance 1)]>(int, T3)"
PyTorch:BasicsTransformerLM.layers.6.attn,PushPop,343,343,12,12,10586263,882188.6,881987.0,880770,885601,1255.1,"void at::native::elementwise_kernel<(int)128, (int)2, void at::native::gpu_kernel_impl_nocast<at::native::CUDAFunctor_add<float>>(at::TensorIteratorBase &, const T1 &)::[lambda(int) (instance 1)]>(int, T3)"
PyTorch:BasicsTransformerLM.layers.6.attn,PushPop,343,343,12,12,9782578,815214.8,815025.5,814273,817985,1005.1,cutlass3x_sm100_simt_sgemm_f32_f32_f32_f32_f32_64x128x16_1x1x1_3_nnn_align1_bias_f32_relu
PyTorch:BasicsTransformerLM.layers.6.attn,PushPop,343,343,12,12,4653193,387766.1,387809.0,386369,390049,997.1,"void at::native::vectorized_elementwise_kernel<(int)4, at::native::BUnaryFunctor<float, float, float, at::native::binary_internal::MulFunctor<float>>, std::array<char *, (unsigned long)2>>(int, T2, T3)"
PyTorch:BasicsTransformerLM.layers.6.attn,PushPop,343,343,12,12,4624998,385416.5,385521.0,383200,386816,1109.1,"void at::native::vectorized_elementwise_kernel<(int)4, at::native::exp_kernel_cuda(at::TensorIteratorBase &)::[lambda() (instance 2)]::operator ()() const::[lambda() (instance 2)]::operator ()() const::[lambda(float) (instance 1)], std::array<char *, (unsigned long)2>>(int, T2, T3)"
PyTorch:BasicsTransformerLM.layers.6.attn,PushPop,343,343,12,12,3792006,316000.5,315856.0,315168,318177,812.7,"void at::native::reduce_kernel<(int)512, (int)1, at::native::ReduceOp<float, at::native::MaxOps<float>, unsigned int, float, (int)4, (int)4>>(T3)"
PyTorch:BasicsTransformerLM.layers.6.attn,PushPop,343,343,12,12,2740071,228339.3,228097.0,227585,230752,835.6,"void at::native::reduce_kernel<(int)512, (int)1, at::native::ReduceOp<float, at::native::func_wrapper_t<float, at::native::sum_functor<float, float, float>::operator ()(at::TensorIterator &)::[lambda(float, float) (instance 1)]>, unsigned int, float, (int)4, (int)4>>(T3)"
PyTorch:BasicsTransformerLM.layers.6.attn,PushPop,343,343,12,96,1611012,16781.4,16560.0,14912,19905,1715.6,"void at::native::elementwise_kernel<(int)128, (int)2, void at::native::gpu_kernel_impl_nocast<at::native::BinaryFunctor<float, float, float, at::native::binary_internal::MulFunctor<float>>>(at::TensorIteratorBase &, const T1 &)::[lambda(int) (instance 1)]>(int, T3)"
PyTorch:BasicsTransformerLM.layers.6.attn,PushPop,343,343,12,24,1304420,54350.8,54305.0,53600,55520,400.3,"void at::native::<unnamed>::CatArrayBatchedCopy<at::native::<unnamed>::OpaqueType<(unsigned int)4>, unsigned int, (int)4, (int)64, (int)64>(T1 *, at::native::<unnamed>::CatArrInputTensorMetadata<T1, T2, T4, T5>, at::native::<unnamed>::TensorSizeStride<T2, (unsigned int)4>, int, T2)"
PyTorch:BasicsTransformerLM.layers.6.attn,PushPop,343,343,12,24,746945,31122.7,31120.0,29376,33760,1532.5,"void at::native::elementwise_kernel<(int)128, (int)2, void at::native::gpu_kernel_impl_nocast<at::native::direct_copy_kernel_cuda(at::TensorIteratorBase &)::[lambda() (instance 3)]::operator ()() const::[lambda() (instance 7)]::operator ()() const::[lambda(float) (instance 1)]>(at::TensorIteratorBase &, const T1 &)::[lambda(int) (instance 1)]>(int, T3)"
PyTorch:BasicsTransformerLM.layers.6.attn,PushPop,343,343,12,48,327201,6816.7,6816.0,6688,7072,85.7,"void at::native::vectorized_elementwise_kernel<(int)4, at::native::CUDAFunctor_add<float>, std::array<char *, (unsigned long)3>>(int, T2, T3)"
PyTorch:BasicsTransformerLM.layers.6.attn,PushPop,343,343,12,12,103584,8632.0,8624.0,8544,8672,41.2,"void at::native::elementwise_kernel<(int)128, (int)4, void at::native::gpu_kernel_impl_nocast<at::native::<unnamed>::CompareFunctor<long>>(at::TensorIteratorBase &, const T1 &)::[lambda(int) (instance 1)]>(int, T3)"
PyTorch:BasicsTransformerLM.layers.6.attn,PushPop,343,343,12,12,13984,1165.3,1152.0,1120,1280,50.1,"void <unnamed>::elementwise_kernel_with_index<int, at::native::arange_cuda_out(const c10::Scalar &, const c10::Scalar &, const c10::Scalar &, at::Tensor &)::[lambda() (instance 1)]::operator ()() const::[lambda() (instance 4)]::operator ()() const::[lambda(long) (instance 1)]>(T1, T2, function_traits<T2>::result_type *)"
PyTorch:BasicsTransformerLM.layers.6.attn,PushPop,343,343,12,12,13696,1141.3,1008.0,928,1984,299.4,"void at::native::vectorized_elementwise_kernel<(int)4, at::native::FillFunctor<float>, std::array<char *, (unsigned long)1>>(int, T2, T3)"
PyTorch:BasicsTransformerLM.layers.6.attn.k_proj,PushPop,343,343,12,12,6175660,514638.3,514689.0,513537,515168,409.4,cutlass3x_sm100_simt_sgemm_f32_f32_f32_f32_f32_64x128x16_1x1x1_3_tnn_align1_bias_f32_relu
PyTorch:BasicsTransformerLM.layers.6.attn.output_proj,PushPop,343,343,12,12,6254666,521222.2,521185.0,520769,521824,306.3,cutlass3x_sm100_simt_sgemm_f32_f32_f32_f32_f32_64x128x16_1x1x1_3_tnn_align1_bias_f32_relu
PyTorch:BasicsTransformerLM.layers.6.attn.q_proj,PushPop,343,343,12,12,6170091,514174.3,514176.5,513760,514561,228.6,cutlass3x_sm100_simt_sgemm_f32_f32_f32_f32_f32_64x128x16_1x1x1_3_tnn_align1_bias_f32_relu
PyTorch:BasicsTransformerLM.layers.6.attn.v_proj,PushPop,343,343,12,12,6179531,514960.9,514785.5,514529,517344,766.3,cutlass3x_sm100_simt_sgemm_f32_f32_f32_f32_f32_64x128x16_1x1x1_3_tnn_align1_bias_f32_relu
PyTorch:BasicsTransformerLM.layers.6.ffn,PushPop,343,343,12,24,42192524,1758021.8,1758610.0,1752773,1763394,4587.1,cutlass3x_sm100_simt_sgemm_f32_f32_f32_f32_f32_128x128x16_1x1x1_3_tnn_align1_bias_f32_relu
PyTorch:BasicsTransformerLM.layers.6.ffn,PushPop,343,343,12,12,21681031,1806752.6,1806419.0,1804002,1811810,2104.4,cutlass3x_sm100_simt_sgemm_f32_f32_f32_f32_f32_128x64x16_1x1x1_3_tnn_align1_bias_f32_relu
PyTorch:BasicsTransformerLM.layers.6.ffn,PushPop,343,343,12,24,1767426,73642.8,73488.0,72128,75232,890.7,"void at::native::vectorized_elementwise_kernel<(int)4, at::native::BinaryFunctor<float, float, float, at::native::binary_internal::MulFunctor<float>>, std::array<char *, (unsigned long)3>>(int, T2, T3)"
PyTorch:BasicsTransformerLM.layers.6.ffn,PushPop,343,343,12,12,589315,49109.6,49168.5,48353,50368,651.8,"void at::native::vectorized_elementwise_kernel<(int)4, at::native::sigmoid_kernel_cuda(at::TensorIteratorBase &)::[lambda() (instance 2)]::operator ()() const::[lambda() (instance 2)]::operator ()() const::[lambda(float) (instance 1)], std::array<char *, (unsigned long)2>>(int, T2, T3)"
PyTorch:BasicsTransformerLM.layers.6.ffn.w1,PushPop,343,343,12,12,21149284,1762440.3,1762338.0,1761251,1763394,791.2,cutlass3x_sm100_simt_sgemm_f32_f32_f32_f32_f32_128x128x16_1x1x1_3_tnn_align1_bias_f32_relu
PyTorch:BasicsTransformerLM.layers.6.ffn.w2,PushPop,343,343,12,12,21681031,1806752.6,1806419.0,1804002,1811810,2104.4,cutlass3x_sm100_simt_sgemm_f32_f32_f32_f32_f32_128x64x16_1x1x1_3_tnn_align1_bias_f32_relu
PyTorch:BasicsTransformerLM.layers.6.ffn.w3,PushPop,343,343,12,12,21043240,1753603.3,1753316.0,1752773,1755969,880.1,cutlass3x_sm100_simt_sgemm_f32_f32_f32_f32_f32_128x128x16_1x1x1_3_tnn_align1_bias_f32_relu
PyTorch:BasicsTransformerLM.layers.6.ln1,PushPop,343,343,12,24,573442,23893.4,23856.0,23520,24320,240.8,"void at::native::elementwise_kernel<(int)128, (int)2, void at::native::gpu_kernel_impl_nocast<at::native::BinaryFunctor<float, float, float, at::native::binary_internal::MulFunctor<float>>>(at::TensorIteratorBase &, const T1 &)::[lambda(int) (instance 1)]>(int, T3)"
PyTorch:BasicsTransformerLM.layers.6.ln1,PushPop,343,343,12,12,112896,9408.0,9376.0,9184,9664,132.3,"void at::native::vectorized_elementwise_kernel<(int)4, void at::native::<unnamed>::pow_tensor_scalar_kernel_impl<float, float>(at::TensorIteratorBase &, T2)::[lambda(float) (instance 1)], std::array<char *, (unsigned long)2>>(int, T2, T3)"
PyTorch:BasicsTransformerLM.layers.6.ln1,PushPop,343,343,12,12,91264,7605.3,7536.0,7232,8320,339.6,"void at::native::reduce_kernel<(int)512, (int)1, at::native::ReduceOp<float, at::native::MeanOps<float, float, float, float>, unsigned int, float, (int)4, (int)4>>(T3)"
PyTorch:BasicsTransformerLM.layers.6.ln1,PushPop,343,343,12,12,19584,1632.0,1568.0,1536,1824,115.0,"void at::native::vectorized_elementwise_kernel<(int)4, at::native::CUDAFunctorOnSelf_add<float>, std::array<char *, (unsigned long)2>>(int, T2, T3)"
PyTorch:BasicsTransformerLM.layers.6.ln1,PushPop,343,343,12,12,17952,1496.0,1472.0,1440,1728,85.3,"void at::native::vectorized_elementwise_kernel<(int)4, at::native::rsqrt_kernel_cuda(at::TensorIteratorBase &)::[lambda() (instance 2)]::operator ()() const::[lambda() (instance 2)]::operator ()() const::[lambda(float) (instance 1)], std::array<char *, (unsigned long)2>>(int, T2, T3)"
PyTorch:BasicsTransformerLM.layers.6.ln2,PushPop,343,343,12,24,571173,23798.9,23824.0,23296,24161,227.7,"void at::native::elementwise_kernel<(int)128, (int)2, void at::native::gpu_kernel_impl_nocast<at::native::BinaryFunctor<float, float, float, at::native::binary_internal::MulFunctor<float>>>(at::TensorIteratorBase &, const T1 &)::[lambda(int) (instance 1)]>(int, T3)"
PyTorch:BasicsTransformerLM.layers.6.ln2,PushPop,343,343,12,12,113152,9429.3,9440.0,9152,9696,166.7,"void at::native::vectorized_elementwise_kernel<(int)4, void at::native::<unnamed>::pow_tensor_scalar_kernel_impl<float, float>(at::TensorIteratorBase &, T2)::[lambda(float) (instance 1)], std::array<char *, (unsigned long)2>>(int, T2, T3)"
PyTorch:BasicsTransformerLM.layers.6.ln2,PushPop,343,343,12,12,92320,7693.3,7520.0,7296,8672,408.8,"void at::native::reduce_kernel<(int)512, (int)1, at::native::ReduceOp<float, at::native::MeanOps<float, float, float, float>, unsigned int, float, (int)4, (int)4>>(T3)"
PyTorch:BasicsTransformerLM.layers.6.ln2,PushPop,343,343,12,12,19232,1602.7,1568.0,1536,1824,88.9,"void at::native::vectorized_elementwise_kernel<(int)4, at::native::CUDAFunctorOnSelf_add<float>, std::array<char *, (unsigned long)2>>(int, T2, T3)"
PyTorch:BasicsTransformerLM.layers.6.ln2,PushPop,343,343,12,12,17888,1490.7,1472.0,1408,1664,61.7,"void at::native::vectorized_elementwise_kernel<(int)4, at::native::rsqrt_kernel_cuda(at::TensorIteratorBase &)::[lambda() (instance 2)]::operator ()() const::[lambda() (instance 2)]::operator ()() const::[lambda(float) (instance 1)], std::array<char *, (unsigned long)2>>(int, T2, T3)"
PyTorch:BasicsTransformerLM.layers.7,PushPop,343,343,12,36,56791659,1577546.1,1753172.5,1214178,1763938,258839.9,cutlass3x_sm100_simt_sgemm_f32_f32_f32_f32_f32_128x128x16_1x1x1_3_tnn_align1_bias_f32_relu
PyTorch:BasicsTransformerLM.layers.7,PushPop,343,343,12,48,24785838,516371.6,514849.0,513665,524513,2983.9,cutlass3x_sm100_simt_sgemm_f32_f32_f32_f32_f32_64x128x16_1x1x1_3_tnn_align1_bias_f32_relu
PyTorch:BasicsTransformerLM.layers.7,PushPop,343,343,12,12,21676872,1806406.0,1806723.5,1804034,1807458,979.8,cutlass3x_sm100_simt_sgemm_f32_f32_f32_f32_f32_128x64x16_1x1x1_3_tnn_align1_bias_f32_relu
PyTorch:BasicsTransformerLM.layers.7,PushPop,343,343,12,12,12248408,1020700.7,1020611.0,1019266,1021857,749.6,"void at::native::elementwise_kernel<(int)128, (int)2, void at::native::gpu_kernel_impl_nocast<at::native::BinaryFunctor<float, float, float, at::native::binary_internal::DivFunctor<float>>>(at::TensorIteratorBase &, const T1 &)::[lambda(int) (instance 1)]>(int, T3)"
PyTorch:BasicsTransformerLM.layers.7,PushPop,343,343,12,12,10652594,887716.2,887521.5,886946,888993,585.9,"void at::native::elementwise_kernel<(int)128, (int)2, void at::native::gpu_kernel_impl_nocast<at::native::<unnamed>::where_kernel_impl(at::TensorIterator &)::[lambda() (instance 1)]::operator ()() const::[lambda() (instance 11)]::operator ()() const::[lambda(bool, float, float) (instance 1)]>(at::TensorIteratorBase &, const T1 &)::[lambda(int) (instance 1)]>(int, T3)"
PyTorch:BasicsTransformerLM.layers.7,PushPop,343,343,12,12,10591158,882596.5,882066.0,881090,884513,1153.8,"void at::native::elementwise_kernel<(int)128, (int)2, void at::native::gpu_kernel_impl_nocast<at::native::CUDAFunctor_add<float>>(at::TensorIteratorBase &, const T1 &)::[lambda(int) (instance 1)]>(int, T3)"
PyTorch:BasicsTransformerLM.layers.7,PushPop,343,343,12,12,9779825,814985.4,814721.5,814081,816961,775.9,cutlass3x_sm100_simt_sgemm_f32_f32_f32_f32_f32_64x128x16_1x1x1_3_nnn_align1_bias_f32_relu
PyTorch:BasicsTransformerLM.layers.7,PushPop,343,343,12,12,4652489,387707.4,387649.0,385985,389121,992.7,"void at::native::vectorized_elementwise_kernel<(int)4, at::native::BUnaryFunctor<float, float, float, at::native::binary_internal::MulFunctor<float>>, std::array<char *, (unsigned long)2>>(int, T2, T3)"
PyTorch:BasicsTransformerLM.layers.7,PushPop,343,343,12,12,4626470,385539.2,385248.5,383809,387520,1136.2,"void at::native::vectorized_elementwise_kernel<(int)4, at::native::exp_kernel_cuda(at::TensorIteratorBase &)::[lambda() (instance 2)]::operator ()() const::[lambda() (instance 2)]::operator ()() const::[lambda(float) (instance 1)], std::array<char *, (unsigned long)2>>(int, T2, T3)"
PyTorch:BasicsTransformerLM.layers.7,PushPop,343,343,12,12,3789800,315816.7,315809.0,315169,316481,325.0,"void at::native::reduce_kernel<(int)512, (int)1, at::native::ReduceOp<float, at::native::MaxOps<float>, unsigned int, float, (int)4, (int)4>>(T3)"
PyTorch:BasicsTransformerLM.layers.7,PushPop,343,343,12,144,2757803,19151.4,18176.0,14912,25120,3676.9,"void at::native::elementwise_kernel<(int)128, (int)2, void at::native::gpu_kernel_impl_nocast<at::native::BinaryFunctor<float, float, float, at::native::binary_internal::MulFunctor<float>>>(at::TensorIteratorBase &, const T1 &)::[lambda(int) (instance 1)]>(int, T3)"
PyTorch:BasicsTransformerLM.layers.7,PushPop,343,343,12,12,2741317,228443.1,228416.5,227488,229441,520.3,"void at::native::reduce_kernel<(int)512, (int)1, at::native::ReduceOp<float, at::native::func_wrapper_t<float, at::native::sum_functor<float, float, float>::operator ()(at::TensorIterator &)::[lambda(float, float) (instance 1)]>, unsigned int, float, (int)4, (int)4>>(T3)"
PyTorch:BasicsTransformerLM.layers.7,PushPop,343,343,12,24,1772067,73836.1,73792.0,72064,76064,1020.7,"void at::native::vectorized_elementwise_kernel<(int)4, at::native::BinaryFunctor<float, float, float, at::native::binary_internal::MulFunctor<float>>, std::array<char *, (unsigned long)3>>(int, T2, T3)"
PyTorch:BasicsTransformerLM.layers.7,PushPop,343,343,12,24,1306048,54418.7,54336.0,53984,55296,345.0,"void at::native::<unnamed>::CatArrayBatchedCopy<at::native::<unnamed>::OpaqueType<(unsigned int)4>, unsigned int, (int)4, (int)64, (int)64>(T1 *, at::native::<unnamed>::CatArrInputTensorMetadata<T1, T2, T4, T5>, at::native::<unnamed>::TensorSizeStride<T2, (unsigned int)4>, int, T2)"
PyTorch:BasicsTransformerLM.layers.7,PushPop,343,343,12,24,745730,31072.1,31264.0,29248,32960,1513.3,"void at::native::elementwise_kernel<(int)128, (int)2, void at::native::gpu_kernel_impl_nocast<at::native::direct_copy_kernel_cuda(at::TensorIteratorBase &)::[lambda() (instance 3)]::operator ()() const::[lambda() (instance 7)]::operator ()() const::[lambda(float) (instance 1)]>(at::TensorIteratorBase &, const T1 &)::[lambda(int) (instance 1)]>(int, T3)"
PyTorch:BasicsTransformerLM.layers.7,PushPop,343,343,12,72,715488,9937.3,6896.0,6656,17536,4422.5,"void at::native::vectorized_elementwise_kernel<(int)4, at::native::CUDAFunctor_add<float>, std::array<char *, (unsigned long)3>>(int, T2, T3)"
PyTorch:BasicsTransformerLM.layers.7,PushPop,343,343,12,12,585889,48824.1,48864.5,48416,49152,251.6,"void at::native::vectorized_elementwise_kernel<(int)4, at::native::sigmoid_kernel_cuda(at::TensorIteratorBase &)::[lambda() (instance 2)]::operator ()() const::[lambda() (instance 2)]::operator ()() const::[lambda(float) (instance 1)], std::array<char *, (unsigned long)2>>(int, T2, T3)"
PyTorch:BasicsTransformerLM.layers.7,PushPop,343,343,12,24,227648,9485.3,9520.0,9056,9856,201.3,"void at::native::vectorized_elementwise_kernel<(int)4, void at::native::<unnamed>::pow_tensor_scalar_kernel_impl<float, float>(at::TensorIteratorBase &, T2)::[lambda(float) (instance 1)], std::array<char *, (unsigned long)2>>(int, T2, T3)"
PyTorch:BasicsTransformerLM.layers.7,PushPop,343,343,12,24,187490,7812.1,7840.0,7136,8480,408.5,"void at::native::reduce_kernel<(int)512, (int)1, at::native::ReduceOp<float, at::native::MeanOps<float, float, float, float>, unsigned int, float, (int)4, (int)4>>(T3)"
PyTorch:BasicsTransformerLM.layers.7,PushPop,343,343,12,12,104129,8677.4,8672.0,8576,8800,74.4,"void at::native::elementwise_kernel<(int)128, (int)4, void at::native::gpu_kernel_impl_nocast<at::native::<unnamed>::CompareFunctor<long>>(at::TensorIteratorBase &, const T1 &)::[lambda(int) (instance 1)]>(int, T3)"
PyTorch:BasicsTransformerLM.layers.7,PushPop,343,343,12,24,38496,1604.0,1568.0,1536,1856,80.2,"void at::native::vectorized_elementwise_kernel<(int)4, at::native::CUDAFunctorOnSelf_add<float>, std::array<char *, (unsigned long)2>>(int, T2, T3)"
PyTorch:BasicsTransformerLM.layers.7,PushPop,343,343,12,24,35648,1485.3,1472.0,1440,1632,43.2,"void at::native::vectorized_elementwise_kernel<(int)4, at::native::rsqrt_kernel_cuda(at::TensorIteratorBase &)::[lambda() (instance 2)]::operator ()() const::[lambda() (instance 2)]::operator ()() const::[lambda(float) (instance 1)], std::array<char *, (unsigned long)2>>(int, T2, T3)"
PyTorch:BasicsTransformerLM.layers.7,PushPop,343,343,12,12,14272,1189.3,1152.0,1120,1312,66.6,"void <unnamed>::elementwise_kernel_with_index<int, at::native::arange_cuda_out(const c10::Scalar &, const c10::Scalar &, const c10::Scalar &, at::Tensor &)::[lambda() (instance 1)]::operator ()() const::[lambda() (instance 4)]::operator ()() const::[lambda(long) (instance 1)]>(T1, T2, function_traits<T2>::result_type *)"
PyTorch:BasicsTransformerLM.layers.7,PushPop,343,343,12,12,12800,1066.7,992.0,928,1504,162.2,"void at::native::vectorized_elementwise_kernel<(int)4, at::native::FillFunctor<float>, std::array<char *, (unsigned long)1>>(int, T2, T3)"
PyTorch:BasicsTransformerLM.layers.7.attn,PushPop,343,343,12,48,24785838,516371.6,514849.0,513665,524513,2983.9,cutlass3x_sm100_simt_sgemm_f32_f32_f32_f32_f32_64x128x16_1x1x1_3_tnn_align1_bias_f32_relu
PyTorch:BasicsTransformerLM.layers.7.attn,PushPop,343,343,12,12,14599867,1216655.6,1216066.0,1214178,1224545,2598.6,cutlass3x_sm100_simt_sgemm_f32_f32_f32_f32_f32_128x128x16_1x1x1_3_tnn_align1_bias_f32_relu
PyTorch:BasicsTransformerLM.layers.7.attn,PushPop,343,343,12,12,12248408,1020700.7,1020611.0,1019266,1021857,749.6,"void at::native::elementwise_kernel<(int)128, (int)2, void at::native::gpu_kernel_impl_nocast<at::native::BinaryFunctor<float, float, float, at::native::binary_internal::DivFunctor<float>>>(at::TensorIteratorBase &, const T1 &)::[lambda(int) (instance 1)]>(int, T3)"
PyTorch:BasicsTransformerLM.layers.7.attn,PushPop,343,343,12,12,10652594,887716.2,887521.5,886946,888993,585.9,"void at::native::elementwise_kernel<(int)128, (int)2, void at::native::gpu_kernel_impl_nocast<at::native::<unnamed>::where_kernel_impl(at::TensorIterator &)::[lambda() (instance 1)]::operator ()() const::[lambda() (instance 11)]::operator ()() const::[lambda(bool, float, float) (instance 1)]>(at::TensorIteratorBase &, const T1 &)::[lambda(int) (instance 1)]>(int, T3)"
PyTorch:BasicsTransformerLM.layers.7.attn,PushPop,343,343,12,12,10591158,882596.5,882066.0,881090,884513,1153.8,"void at::native::elementwise_kernel<(int)128, (int)2, void at::native::gpu_kernel_impl_nocast<at::native::CUDAFunctor_add<float>>(at::TensorIteratorBase &, const T1 &)::[lambda(int) (instance 1)]>(int, T3)"
PyTorch:BasicsTransformerLM.layers.7.attn,PushPop,343,343,12,12,9779825,814985.4,814721.5,814081,816961,775.9,cutlass3x_sm100_simt_sgemm_f32_f32_f32_f32_f32_64x128x16_1x1x1_3_nnn_align1_bias_f32_relu
PyTorch:BasicsTransformerLM.layers.7.attn,PushPop,343,343,12,12,4652489,387707.4,387649.0,385985,389121,992.7,"void at::native::vectorized_elementwise_kernel<(int)4, at::native::BUnaryFunctor<float, float, float, at::native::binary_internal::MulFunctor<float>>, std::array<char *, (unsigned long)2>>(int, T2, T3)"
PyTorch:BasicsTransformerLM.layers.7.attn,PushPop,343,343,12,12,4626470,385539.2,385248.5,383809,387520,1136.2,"void at::native::vectorized_elementwise_kernel<(int)4, at::native::exp_kernel_cuda(at::TensorIteratorBase &)::[lambda() (instance 2)]::operator ()() const::[lambda() (instance 2)]::operator ()() const::[lambda(float) (instance 1)], std::array<char *, (unsigned long)2>>(int, T2, T3)"
PyTorch:BasicsTransformerLM.layers.7.attn,PushPop,343,343,12,12,3789800,315816.7,315809.0,315169,316481,325.0,"void at::native::reduce_kernel<(int)512, (int)1, at::native::ReduceOp<float, at::native::MaxOps<float>, unsigned int, float, (int)4, (int)4>>(T3)"
PyTorch:BasicsTransformerLM.layers.7.attn,PushPop,343,343,12,12,2741317,228443.1,228416.5,227488,229441,520.3,"void at::native::reduce_kernel<(int)512, (int)1, at::native::ReduceOp<float, at::native::func_wrapper_t<float, at::native::sum_functor<float, float, float>::operator ()(at::TensorIterator &)::[lambda(float, float) (instance 1)]>, unsigned int, float, (int)4, (int)4>>(T3)"
PyTorch:BasicsTransformerLM.layers.7.attn,PushPop,343,343,12,96,1609033,16760.8,16464.5,14912,20224,1726.6,"void at::native::elementwise_kernel<(int)128, (int)2, void at::native::gpu_kernel_impl_nocast<at::native::BinaryFunctor<float, float, float, at::native::binary_internal::MulFunctor<float>>>(at::TensorIteratorBase &, const T1 &)::[lambda(int) (instance 1)]>(int, T3)"
PyTorch:BasicsTransformerLM.layers.7.attn,PushPop,343,343,12,24,1306048,54418.7,54336.0,53984,55296,345.0,"void at::native::<unnamed>::CatArrayBatchedCopy<at::native::<unnamed>::OpaqueType<(unsigned int)4>, unsigned int, (int)4, (int)64, (int)64>(T1 *, at::native::<unnamed>::CatArrInputTensorMetadata<T1, T2, T4, T5>, at::native::<unnamed>::TensorSizeStride<T2, (unsigned int)4>, int, T2)"
PyTorch:BasicsTransformerLM.layers.7.attn,PushPop,343,343,12,24,745730,31072.1,31264.0,29248,32960,1513.3,"void at::native::elementwise_kernel<(int)128, (int)2, void at::native::gpu_kernel_impl_nocast<at::native::direct_copy_kernel_cuda(at::TensorIteratorBase &)::[lambda() (instance 3)]::operator ()() const::[lambda() (instance 7)]::operator ()() const::[lambda(float) (instance 1)]>(at::TensorIteratorBase &, const T1 &)::[lambda(int) (instance 1)]>(int, T3)"
PyTorch:BasicsTransformerLM.layers.7.attn,PushPop,343,343,12,48,328160,6836.7,6816.0,6656,7168,101.1,"void at::native::vectorized_elementwise_kernel<(int)4, at::native::CUDAFunctor_add<float>, std::array<char *, (unsigned long)3>>(int, T2, T3)"
PyTorch:BasicsTransformerLM.layers.7.attn,PushPop,343,343,12,12,104129,8677.4,8672.0,8576,8800,74.4,"void at::native::elementwise_kernel<(int)128, (int)4, void at::native::gpu_kernel_impl_nocast<at::native::<unnamed>::CompareFunctor<long>>(at::TensorIteratorBase &, const T1 &)::[lambda(int) (instance 1)]>(int, T3)"
PyTorch:BasicsTransformerLM.layers.7.attn,PushPop,343,343,12,12,14272,1189.3,1152.0,1120,1312,66.6,"void <unnamed>::elementwise_kernel_with_index<int, at::native::arange_cuda_out(const c10::Scalar &, const c10::Scalar &, const c10::Scalar &, at::Tensor &)::[lambda() (instance 1)]::operator ()() const::[lambda() (instance 4)]::operator ()() const::[lambda(long) (instance 1)]>(T1, T2, function_traits<T2>::result_type *)"
PyTorch:BasicsTransformerLM.layers.7.attn,PushPop,343,343,12,12,12800,1066.7,992.0,928,1504,162.2,"void at::native::vectorized_elementwise_kernel<(int)4, at::native::FillFunctor<float>, std::array<char *, (unsigned long)1>>(int, T2, T3)"
PyTorch:BasicsTransformerLM.layers.7.attn.k_proj,PushPop,343,343,12,12,6177228,514769.0,514721.0,514305,515329,328.0,cutlass3x_sm100_simt_sgemm_f32_f32_f32_f32_f32_64x128x16_1x1x1_3_tnn_align1_bias_f32_relu
PyTorch:BasicsTransformerLM.layers.7.attn.output_proj,PushPop,343,343,12,12,6255853,521321.1,521121.0,520417,524513,1062.5,cutlass3x_sm100_simt_sgemm_f32_f32_f32_f32_f32_64x128x16_1x1x1_3_tnn_align1_bias_f32_relu
PyTorch:BasicsTransformerLM.layers.7.attn.q_proj,PushPop,343,343,12,12,6171404,514283.7,514242.0,513665,515073,372.7,cutlass3x_sm100_simt_sgemm_f32_f32_f32_f32_f32_64x128x16_1x1x1_3_tnn_align1_bias_f32_relu
PyTorch:BasicsTransformerLM.layers.7.attn.v_proj,PushPop,343,343,12,12,6181353,515112.8,514865.0,514625,517600,810.0,cutlass3x_sm100_simt_sgemm_f32_f32_f32_f32_f32_64x128x16_1x1x1_3_tnn_align1_bias_f32_relu
PyTorch:BasicsTransformerLM.layers.7.ffn,PushPop,343,343,12,24,42191792,1757991.3,1758627.5,1752420,1763938,4682.2,cutlass3x_sm100_simt_sgemm_f32_f32_f32_f32_f32_128x128x16_1x1x1_3_tnn_align1_bias_f32_relu
PyTorch:BasicsTransformerLM.layers.7.ffn,PushPop,343,343,12,12,21676872,1806406.0,1806723.5,1804034,1807458,979.8,cutlass3x_sm100_simt_sgemm_f32_f32_f32_f32_f32_128x64x16_1x1x1_3_tnn_align1_bias_f32_relu
PyTorch:BasicsTransformerLM.layers.7.ffn,PushPop,343,343,12,24,1772067,73836.1,73792.0,72064,76064,1020.7,"void at::native::vectorized_elementwise_kernel<(int)4, at::native::BinaryFunctor<float, float, float, at::native::binary_internal::MulFunctor<float>>, std::array<char *, (unsigned long)3>>(int, T2, T3)"
PyTorch:BasicsTransformerLM.layers.7.ffn,PushPop,343,343,12,12,585889,48824.1,48864.5,48416,49152,251.6,"void at::native::vectorized_elementwise_kernel<(int)4, at::native::sigmoid_kernel_cuda(at::TensorIteratorBase &)::[lambda() (instance 2)]::operator ()() const::[lambda() (instance 2)]::operator ()() const::[lambda(float) (instance 1)], std::array<char *, (unsigned long)2>>(int, T2, T3)"
PyTorch:BasicsTransformerLM.layers.7.ffn.w1,PushPop,343,343,12,12,21149702,1762475.2,1762548.0,1760837,1763938,952.9,cutlass3x_sm100_simt_sgemm_f32_f32_f32_f32_f32_128x128x16_1x1x1_3_tnn_align1_bias_f32_relu
PyTorch:BasicsTransformerLM.layers.7.ffn.w2,PushPop,343,343,12,12,21676872,1806406.0,1806723.5,1804034,1807458,979.8,cutlass3x_sm100_simt_sgemm_f32_f32_f32_f32_f32_128x64x16_1x1x1_3_tnn_align1_bias_f32_relu
PyTorch:BasicsTransformerLM.layers.7.ffn.w3,PushPop,343,343,12,12,21042090,1753507.5,1753172.5,1752420,1756418,1032.5,cutlass3x_sm100_simt_sgemm_f32_f32_f32_f32_f32_128x128x16_1x1x1_3_tnn_align1_bias_f32_relu
PyTorch:BasicsTransformerLM.layers.7.ln1,PushPop,343,343,12,24,574657,23944.0,23888.0,23584,25120,304.8,"void at::native::elementwise_kernel<(int)128, (int)2, void at::native::gpu_kernel_impl_nocast<at::native::BinaryFunctor<float, float, float, at::native::binary_internal::MulFunctor<float>>>(at::TensorIteratorBase &, const T1 &)::[lambda(int) (instance 1)]>(int, T3)"
PyTorch:BasicsTransformerLM.layers.7.ln1,PushPop,343,343,12,12,112992,9416.0,9424.0,9056,9728,218.8,"void at::native::vectorized_elementwise_kernel<(int)4, void at::native::<unnamed>::pow_tensor_scalar_kernel_impl<float, float>(at::TensorIteratorBase &, T2)::[lambda(float) (instance 1)], std::array<char *, (unsigned long)2>>(int, T2, T3)"
PyTorch:BasicsTransformerLM.layers.7.ln1,PushPop,343,343,12,12,96033,8002.8,8128.0,7296,8480,365.6,"void at::native::reduce_kernel<(int)512, (int)1, at::native::ReduceOp<float, at::native::MeanOps<float, float, float, float>, unsigned int, float, (int)4, (int)4>>(T3)"
PyTorch:BasicsTransformerLM.layers.7.ln1,PushPop,343,343,12,12,19136,1594.7,1568.0,1536,1728,56.0,"void at::native::vectorized_elementwise_kernel<(int)4, at::native::CUDAFunctorOnSelf_add<float>, std::array<char *, (unsigned long)2>>(int, T2, T3)"
PyTorch:BasicsTransformerLM.layers.7.ln1,PushPop,343,343,12,12,17760,1480.0,1472.0,1440,1536,30.9,"void at::native::vectorized_elementwise_kernel<(int)4, at::native::rsqrt_kernel_cuda(at::TensorIteratorBase &)::[lambda() (instance 2)]::operator ()() const::[lambda() (instance 2)]::operator ()() const::[lambda(float) (instance 1)], std::array<char *, (unsigned long)2>>(int, T2, T3)"
PyTorch:BasicsTransformerLM.layers.7.ln2,PushPop,343,343,12,24,574113,23921.4,24000.5,23360,24448,293.1,"void at::native::elementwise_kernel<(int)128, (int)2, void at::native::gpu_kernel_impl_nocast<at::native::BinaryFunctor<float, float, float, at::native::binary_internal::MulFunctor<float>>>(at::TensorIteratorBase &, const T1 &)::[lambda(int) (instance 1)]>(int, T3)"
PyTorch:BasicsTransformerLM.layers.7.ln2,PushPop,343,343,12,12,114656,9554.7,9536.0,9344,9856,162.3,"void at::native::vectorized_elementwise_kernel<(int)4, void at::native::<unnamed>::pow_tensor_scalar_kernel_impl<float, float>(at::TensorIteratorBase &, T2)::[lambda(float) (instance 1)], std::array<char *, (unsigned long)2>>(int, T2, T3)"
PyTorch:BasicsTransformerLM.layers.7.ln2,PushPop,343,343,12,12,91457,7621.4,7648.5,7136,8224,368.6,"void at::native::reduce_kernel<(int)512, (int)1, at::native::ReduceOp<float, at::native::MeanOps<float, float, float, float>, unsigned int, float, (int)4, (int)4>>(T3)"
PyTorch:BasicsTransformerLM.layers.7.ln2,PushPop,343,343,12,12,19360,1613.3,1568.0,1536,1856,100.7,"void at::native::vectorized_elementwise_kernel<(int)4, at::native::CUDAFunctorOnSelf_add<float>, std::array<char *, (unsigned long)2>>(int, T2, T3)"
PyTorch:BasicsTransformerLM.layers.7.ln2,PushPop,343,343,12,12,17888,1490.7,1472.0,1440,1632,53.6,"void at::native::vectorized_elementwise_kernel<(int)4, at::native::rsqrt_kernel_cuda(at::TensorIteratorBase &)::[lambda() (instance 2)]::operator ()() const::[lambda() (instance 2)]::operator ()() const::[lambda(float) (instance 1)], std::array<char *, (unsigned long)2>>(int, T2, T3)"
PyTorch:BasicsTransformerLM.layers.8,PushPop,343,343,12,36,56788969,1577471.4,1753443.5,1215203,1764002,259165.5,cutlass3x_sm100_simt_sgemm_f32_f32_f32_f32_f32_128x128x16_1x1x1_3_tnn_align1_bias_f32_relu
PyTorch:BasicsTransformerLM.layers.8,PushPop,343,343,12,48,24786349,516382.3,514737.0,513761,523616,2946.6,cutlass3x_sm100_simt_sgemm_f32_f32_f32_f32_f32_64x128x16_1x1x1_3_tnn_align1_bias_f32_relu
PyTorch:BasicsTransformerLM.layers.8,PushPop,343,343,12,12,21682568,1806880.7,1806100.0,1803651,1811682,2212.6,cutlass3x_sm100_simt_sgemm_f32_f32_f32_f32_f32_128x64x16_1x1x1_3_tnn_align1_bias_f32_relu
PyTorch:BasicsTransformerLM.layers.8,PushPop,343,343,12,12,12256505,1021375.4,1020515.0,1019555,1029697,2682.0,"void at::native::elementwise_kernel<(int)128, (int)2, void at::native::gpu_kernel_impl_nocast<at::native::BinaryFunctor<float, float, float, at::native::binary_internal::DivFunctor<float>>>(at::TensorIteratorBase &, const T1 &)::[lambda(int) (instance 1)]>(int, T3)"
PyTorch:BasicsTransformerLM.layers.8,PushPop,343,343,12,12,10665684,888807.0,887697.5,887074,902208,4227.5,"void at::native::elementwise_kernel<(int)128, (int)2, void at::native::gpu_kernel_impl_nocast<at::native::<unnamed>::where_kernel_impl(at::TensorIterator &)::[lambda() (instance 1)]::operator ()() const::[lambda() (instance 11)]::operator ()() const::[lambda(bool, float, float) (instance 1)]>(at::TensorIteratorBase &, const T1 &)::[lambda(int) (instance 1)]>(int, T3)"
PyTorch:BasicsTransformerLM.layers.8,PushPop,343,343,12,12,10585460,882121.7,882465.5,879971,883776,1104.9,"void at::native::elementwise_kernel<(int)128, (int)2, void at::native::gpu_kernel_impl_nocast<at::native::CUDAFunctor_add<float>>(at::TensorIteratorBase &, const T1 &)::[lambda(int) (instance 1)]>(int, T3)"
PyTorch:BasicsTransformerLM.layers.8,PushPop,343,343,12,12,9782033,815169.4,814834.0,814081,818625,1212.9,cutlass3x_sm100_simt_sgemm_f32_f32_f32_f32_f32_64x128x16_1x1x1_3_nnn_align1_bias_f32_relu
PyTorch:BasicsTransformerLM.layers.8,PushPop,343,343,12,12,4651787,387648.9,387745.0,386273,389025,659.7,"void at::native::vectorized_elementwise_kernel<(int)4, at::native::BUnaryFunctor<float, float, float, at::native::binary_internal::MulFunctor<float>>, std::array<char *, (unsigned long)2>>(int, T2, T3)"
PyTorch:BasicsTransformerLM.layers.8,PushPop,343,343,12,12,4617002,384750.2,384833.0,383009,385889,916.0,"void at::native::vectorized_elementwise_kernel<(int)4, at::native::exp_kernel_cuda(at::TensorIteratorBase &)::[lambda() (instance 2)]::operator ()() const::[lambda() (instance 2)]::operator ()() const::[lambda(float) (instance 1)], std::array<char *, (unsigned long)2>>(int, T2, T3)"
PyTorch:BasicsTransformerLM.layers.8,PushPop,343,343,12,12,3792008,316000.7,315745.0,315393,318689,902.9,"void at::native::reduce_kernel<(int)512, (int)1, at::native::ReduceOp<float, at::native::MaxOps<float>, unsigned int, float, (int)4, (int)4>>(T3)"
PyTorch:BasicsTransformerLM.layers.8,PushPop,343,343,12,144,2761703,19178.5,18288.0,14880,26592,3676.8,"void at::native::elementwise_kernel<(int)128, (int)2, void at::native::gpu_kernel_impl_nocast<at::native::BinaryFunctor<float, float, float, at::native::binary_internal::MulFunctor<float>>>(at::TensorIteratorBase &, const T1 &)::[lambda(int) (instance 1)]>(int, T3)"
PyTorch:BasicsTransformerLM.layers.8,PushPop,343,343,12,12,2738914,228242.8,228080.5,227456,229984,781.4,"void at::native::reduce_kernel<(int)512, (int)1, at::native::ReduceOp<float, at::native::func_wrapper_t<float, at::native::sum_functor<float, float, float>::operator ()(at::TensorIterator &)::[lambda(float, float) (instance 1)]>, unsigned int, float, (int)4, (int)4>>(T3)"
PyTorch:BasicsTransformerLM.layers.8,PushPop,343,343,12,24,1768449,73685.4,73776.0,72000,75009,1013.4,"void at::native::vectorized_elementwise_kernel<(int)4, at::native::BinaryFunctor<float, float, float, at::native::binary_internal::MulFunctor<float>>, std::array<char *, (unsigned long)3>>(int, T2, T3)"
PyTorch:BasicsTransformerLM.layers.8,PushPop,343,343,12,24,1306082,54420.1,54448.0,53952,55041,336.0,"void at::native::<unnamed>::CatArrayBatchedCopy<at::native::<unnamed>::OpaqueType<(unsigned int)4>, unsigned int, (int)4, (int)64, (int)64>(T1 *, at::native::<unnamed>::CatArrInputTensorMetadata<T1, T2, T4, T5>, at::native::<unnamed>::TensorSizeStride<T2, (unsigned int)4>, int, T2)"
PyTorch:BasicsTransformerLM.layers.8,PushPop,343,343,12,24,747426,31142.8,31536.5,29472,33952,1537.5,"void at::native::elementwise_kernel<(int)128, (int)2, void at::native::gpu_kernel_impl_nocast<at::native::direct_copy_kernel_cuda(at::TensorIteratorBase &)::[lambda() (instance 3)]::operator ()() const::[lambda() (instance 7)]::operator ()() const::[lambda(float) (instance 1)]>(at::TensorIteratorBase &, const T1 &)::[lambda(int) (instance 1)]>(int, T3)"
PyTorch:BasicsTransformerLM.layers.8,PushPop,343,343,12,72,715234,9933.8,6912.0,6688,17184,4400.1,"void at::native::vectorized_elementwise_kernel<(int)4, at::native::CUDAFunctor_add<float>, std::array<char *, (unsigned long)3>>(int, T2, T3)"
PyTorch:BasicsTransformerLM.layers.8,PushPop,343,343,12,12,590016,49168.0,49184.0,48608,50208,483.5,"void at::native::vectorized_elementwise_kernel<(int)4, at::native::sigmoid_kernel_cuda(at::TensorIteratorBase &)::[lambda() (instance 2)]::operator ()() const::[lambda() (instance 2)]::operator ()() const::[lambda(float) (instance 1)], std::array<char *, (unsigned long)2>>(int, T2, T3)"
PyTorch:BasicsTransformerLM.layers.8,PushPop,343,343,12,24,228288,9512.0,9504.0,9248,9792,139.7,"void at::native::vectorized_elementwise_kernel<(int)4, void at::native::<unnamed>::pow_tensor_scalar_kernel_impl<float, float>(at::TensorIteratorBase &, T2)::[lambda(float) (instance 1)], std::array<char *, (unsigned long)2>>(int, T2, T3)"
PyTorch:BasicsTransformerLM.layers.8,PushPop,343,343,12,24,184129,7672.0,7632.0,7136,8576,344.9,"void at::native::reduce_kernel<(int)512, (int)1, at::native::ReduceOp<float, at::native::MeanOps<float, float, float, float>, unsigned int, float, (int)4, (int)4>>(T3)"
PyTorch:BasicsTransformerLM.layers.8,PushPop,343,343,12,12,103808,8650.7,8640.0,8576,8832,71.3,"void at::native::elementwise_kernel<(int)128, (int)4, void at::native::gpu_kernel_impl_nocast<at::native::<unnamed>::CompareFunctor<long>>(at::TensorIteratorBase &, const T1 &)::[lambda(int) (instance 1)]>(int, T3)"
PyTorch:BasicsTransformerLM.layers.8,PushPop,343,343,12,24,38176,1590.7,1568.0,1536,1760,51.2,"void at::native::vectorized_elementwise_kernel<(int)4, at::native::CUDAFunctorOnSelf_add<float>, std::array<char *, (unsigned long)2>>(int, T2, T3)"
PyTorch:BasicsTransformerLM.layers.8,PushPop,343,343,12,24,35584,1482.7,1472.0,1440,1632,42.9,"void at::native::vectorized_elementwise_kernel<(int)4, at::native::rsqrt_kernel_cuda(at::TensorIteratorBase &)::[lambda() (instance 2)]::operator ()() const::[lambda() (instance 2)]::operator ()() const::[lambda(float) (instance 1)], std::array<char *, (unsigned long)2>>(int, T2, T3)"
PyTorch:BasicsTransformerLM.layers.8,PushPop,343,343,12,12,13984,1165.3,1152.0,1120,1280,46.2,"void <unnamed>::elementwise_kernel_with_index<int, at::native::arange_cuda_out(const c10::Scalar &, const c10::Scalar &, const c10::Scalar &, at::Tensor &)::[lambda() (instance 1)]::operator ()() const::[lambda() (instance 4)]::operator ()() const::[lambda(long) (instance 1)]>(T1, T2, function_traits<T2>::result_type *)"
PyTorch:BasicsTransformerLM.layers.8,PushPop,343,343,12,12,13472,1122.7,1056.0,928,1856,256.9,"void at::native::vectorized_elementwise_kernel<(int)4, at::native::FillFunctor<float>, std::array<char *, (unsigned long)1>>(int, T2, T3)"
PyTorch:BasicsTransformerLM.layers.8.attn,PushPop,343,343,12,48,24786349,516382.3,514737.0,513761,523616,2946.6,cutlass3x_sm100_simt_sgemm_f32_f32_f32_f32_f32_64x128x16_1x1x1_3_tnn_align1_bias_f32_relu
PyTorch:BasicsTransformerLM.layers.8.attn,PushPop,343,343,12,12,14593432,1216119.3,1215922.0,1215203,1217761,781.6,cutlass3x_sm100_simt_sgemm_f32_f32_f32_f32_f32_128x128x16_1x1x1_3_tnn_align1_bias_f32_relu
PyTorch:BasicsTransformerLM.layers.8.attn,PushPop,343,343,12,12,12256505,1021375.4,1020515.0,1019555,1029697,2682.0,"void at::native::elementwise_kernel<(int)128, (int)2, void at::native::gpu_kernel_impl_nocast<at::native::BinaryFunctor<float, float, float, at::native::binary_internal::DivFunctor<float>>>(at::TensorIteratorBase &, const T1 &)::[lambda(int) (instance 1)]>(int, T3)"
PyTorch:BasicsTransformerLM.layers.8.attn,PushPop,343,343,12,12,10665684,888807.0,887697.5,887074,902208,4227.5,"void at::native::elementwise_kernel<(int)128, (int)2, void at::native::gpu_kernel_impl_nocast<at::native::<unnamed>::where_kernel_impl(at::TensorIterator &)::[lambda() (instance 1)]::operator ()() const::[lambda() (instance 11)]::operator ()() const::[lambda(bool, float, float) (instance 1)]>(at::TensorIteratorBase &, const T1 &)::[lambda(int) (instance 1)]>(int, T3)"
PyTorch:BasicsTransformerLM.layers.8.attn,PushPop,343,343,12,12,10585460,882121.7,882465.5,879971,883776,1104.9,"void at::native::elementwise_kernel<(int)128, (int)2, void at::native::gpu_kernel_impl_nocast<at::native::CUDAFunctor_add<float>>(at::TensorIteratorBase &, const T1 &)::[lambda(int) (instance 1)]>(int, T3)"
PyTorch:BasicsTransformerLM.layers.8.attn,PushPop,343,343,12,12,9782033,815169.4,814834.0,814081,818625,1212.9,cutlass3x_sm100_simt_sgemm_f32_f32_f32_f32_f32_64x128x16_1x1x1_3_nnn_align1_bias_f32_relu
PyTorch:BasicsTransformerLM.layers.8.attn,PushPop,343,343,12,12,4651787,387648.9,387745.0,386273,389025,659.7,"void at::native::vectorized_elementwise_kernel<(int)4, at::native::BUnaryFunctor<float, float, float, at::native::binary_internal::MulFunctor<float>>, std::array<char *, (unsigned long)2>>(int, T2, T3)"
PyTorch:BasicsTransformerLM.layers.8.attn,PushPop,343,343,12,12,4617002,384750.2,384833.0,383009,385889,916.0,"void at::native::vectorized_elementwise_kernel<(int)4, at::native::exp_kernel_cuda(at::TensorIteratorBase &)::[lambda() (instance 2)]::operator ()() const::[lambda() (instance 2)]::operator ()() const::[lambda(float) (instance 1)], std::array<char *, (unsigned long)2>>(int, T2, T3)"
PyTorch:BasicsTransformerLM.layers.8.attn,PushPop,343,343,12,12,3792008,316000.7,315745.0,315393,318689,902.9,"void at::native::reduce_kernel<(int)512, (int)1, at::native::ReduceOp<float, at::native::MaxOps<float>, unsigned int, float, (int)4, (int)4>>(T3)"
PyTorch:BasicsTransformerLM.layers.8.attn,PushPop,343,343,12,12,2738914,228242.8,228080.5,227456,229984,781.4,"void at::native::reduce_kernel<(int)512, (int)1, at::native::ReduceOp<float, at::native::func_wrapper_t<float, at::native::sum_functor<float, float, float>::operator ()(at::TensorIterator &)::[lambda(float, float) (instance 1)]>, unsigned int, float, (int)4, (int)4>>(T3)"
PyTorch:BasicsTransformerLM.layers.8.attn,PushPop,343,343,12,96,1612902,16801.1,16496.0,14880,20224,1763.0,"void at::native::elementwise_kernel<(int)128, (int)2, void at::native::gpu_kernel_impl_nocast<at::native::BinaryFunctor<float, float, float, at::native::binary_internal::MulFunctor<float>>>(at::TensorIteratorBase &, const T1 &)::[lambda(int) (instance 1)]>(int, T3)"
PyTorch:BasicsTransformerLM.layers.8.attn,PushPop,343,343,12,24,1306082,54420.1,54448.0,53952,55041,336.0,"void at::native::<unnamed>::CatArrayBatchedCopy<at::native::<unnamed>::OpaqueType<(unsigned int)4>, unsigned int, (int)4, (int)64, (int)64>(T1 *, at::native::<unnamed>::CatArrInputTensorMetadata<T1, T2, T4, T5>, at::native::<unnamed>::TensorSizeStride<T2, (unsigned int)4>, int, T2)"
PyTorch:BasicsTransformerLM.layers.8.attn,PushPop,343,343,12,24,747426,31142.8,31536.5,29472,33952,1537.5,"void at::native::elementwise_kernel<(int)128, (int)2, void at::native::gpu_kernel_impl_nocast<at::native::direct_copy_kernel_cuda(at::TensorIteratorBase &)::[lambda() (instance 3)]::operator ()() const::[lambda() (instance 7)]::operator ()() const::[lambda(float) (instance 1)]>(at::TensorIteratorBase &, const T1 &)::[lambda(int) (instance 1)]>(int, T3)"
PyTorch:BasicsTransformerLM.layers.8.attn,PushPop,343,343,12,48,328673,6847.4,6816.0,6688,7200,107.3,"void at::native::vectorized_elementwise_kernel<(int)4, at::native::CUDAFunctor_add<float>, std::array<char *, (unsigned long)3>>(int, T2, T3)"
PyTorch:BasicsTransformerLM.layers.8.attn,PushPop,343,343,12,12,103808,8650.7,8640.0,8576,8832,71.3,"void at::native::elementwise_kernel<(int)128, (int)4, void at::native::gpu_kernel_impl_nocast<at::native::<unnamed>::CompareFunctor<long>>(at::TensorIteratorBase &, const T1 &)::[lambda(int) (instance 1)]>(int, T3)"
PyTorch:BasicsTransformerLM.layers.8.attn,PushPop,343,343,12,12,13984,1165.3,1152.0,1120,1280,46.2,"void <unnamed>::elementwise_kernel_with_index<int, at::native::arange_cuda_out(const c10::Scalar &, const c10::Scalar &, const c10::Scalar &, at::Tensor &)::[lambda() (instance 1)]::operator ()() const::[lambda() (instance 4)]::operator ()() const::[lambda(long) (instance 1)]>(T1, T2, function_traits<T2>::result_type *)"
PyTorch:BasicsTransformerLM.layers.8.attn,PushPop,343,343,12,12,13472,1122.7,1056.0,928,1856,256.9,"void at::native::vectorized_elementwise_kernel<(int)4, at::native::FillFunctor<float>, std::array<char *, (unsigned long)1>>(int, T2, T3)"
PyTorch:BasicsTransformerLM.layers.8.attn.k_proj,PushPop,343,343,12,12,6181676,515139.7,514769.0,514368,519744,1473.8,cutlass3x_sm100_simt_sgemm_f32_f32_f32_f32_f32_64x128x16_1x1x1_3_tnn_align1_bias_f32_relu
PyTorch:BasicsTransformerLM.layers.8.attn.output_proj,PushPop,343,343,12,12,6253100,521091.7,520865.5,520481,523616,855.5,cutlass3x_sm100_simt_sgemm_f32_f32_f32_f32_f32_64x128x16_1x1x1_3_tnn_align1_bias_f32_relu
PyTorch:BasicsTransformerLM.layers.8.attn.q_proj,PushPop,343,343,12,12,6171243,514270.3,514241.5,513761,514848,326.5,cutlass3x_sm100_simt_sgemm_f32_f32_f32_f32_f32_64x128x16_1x1x1_3_tnn_align1_bias_f32_relu
PyTorch:BasicsTransformerLM.layers.8.attn.v_proj,PushPop,343,343,12,12,6180330,515027.5,514689.0,514369,518625,1157.8,cutlass3x_sm100_simt_sgemm_f32_f32_f32_f32_f32_64x128x16_1x1x1_3_tnn_align1_bias_f32_relu
PyTorch:BasicsTransformerLM.layers.8.ffn,PushPop,343,343,12,24,42195537,1758147.4,1760131.0,1752868,1764002,4539.9,cutlass3x_sm100_simt_sgemm_f32_f32_f32_f32_f32_128x128x16_1x1x1_3_tnn_align1_bias_f32_relu
PyTorch:BasicsTransformerLM.layers.8.ffn,PushPop,343,343,12,12,21682568,1806880.7,1806100.0,1803651,1811682,2212.6,cutlass3x_sm100_simt_sgemm_f32_f32_f32_f32_f32_128x64x16_1x1x1_3_tnn_align1_bias_f32_relu
PyTorch:BasicsTransformerLM.layers.8.ffn,PushPop,343,343,12,24,1768449,73685.4,73776.0,72000,75009,1013.4,"void at::native::vectorized_elementwise_kernel<(int)4, at::native::BinaryFunctor<float, float, float, at::native::binary_internal::MulFunctor<float>>, std::array<char *, (unsigned long)3>>(int, T2, T3)"
PyTorch:BasicsTransformerLM.layers.8.ffn,PushPop,343,343,12,12,590016,49168.0,49184.0,48608,50208,483.5,"void at::native::vectorized_elementwise_kernel<(int)4, at::native::sigmoid_kernel_cuda(at::TensorIteratorBase &)::[lambda() (instance 2)]::operator ()() const::[lambda() (instance 2)]::operator ()() const::[lambda(float) (instance 1)], std::array<char *, (unsigned long)2>>(int, T2, T3)"
PyTorch:BasicsTransformerLM.layers.8.ffn.w1,PushPop,343,343,12,12,21148776,1762398.0,1762340.0,1761061,1764002,904.9,cutlass3x_sm100_simt_sgemm_f32_f32_f32_f32_f32_128x128x16_1x1x1_3_tnn_align1_bias_f32_relu
PyTorch:BasicsTransformerLM.layers.8.ffn.w2,PushPop,343,343,12,12,21682568,1806880.7,1806100.0,1803651,1811682,2212.6,cutlass3x_sm100_simt_sgemm_f32_f32_f32_f32_f32_128x64x16_1x1x1_3_tnn_align1_bias_f32_relu
PyTorch:BasicsTransformerLM.layers.8.ffn.w3,PushPop,343,343,12,12,21046761,1753896.8,1753443.5,1752868,1759201,1690.1,cutlass3x_sm100_simt_sgemm_f32_f32_f32_f32_f32_128x128x16_1x1x1_3_tnn_align1_bias_f32_relu
PyTorch:BasicsTransformerLM.layers.8.ln1,PushPop,343,343,12,24,573569,23898.7,23856.0,23552,24513,254.8,"void at::native::elementwise_kernel<(int)128, (int)2, void at::native::gpu_kernel_impl_nocast<at::native::BinaryFunctor<float, float, float, at::native::binary_internal::MulFunctor<float>>>(at::TensorIteratorBase &, const T1 &)::[lambda(int) (instance 1)]>(int, T3)"
PyTorch:BasicsTransformerLM.layers.8.ln1,PushPop,343,343,12,12,114176,9514.7,9488.0,9248,9760,133.2,"void at::native::vectorized_elementwise_kernel<(int)4, void at::native::<unnamed>::pow_tensor_scalar_kernel_impl<float, float>(at::TensorIteratorBase &, T2)::[lambda(float) (instance 1)], std::array<char *, (unsigned long)2>>(int, T2, T3)"
PyTorch:BasicsTransformerLM.layers.8.ln1,PushPop,343,343,12,12,91712,7642.7,7680.0,7136,8128,279.6,"void at::native::reduce_kernel<(int)512, (int)1, at::native::ReduceOp<float, at::native::MeanOps<float, float, float, float>, unsigned int, float, (int)4, (int)4>>(T3)"
PyTorch:BasicsTransformerLM.layers.8.ln1,PushPop,343,343,12,12,18944,1578.7,1568.0,1536,1696,39.4,"void at::native::vectorized_elementwise_kernel<(int)4, at::native::CUDAFunctorOnSelf_add<float>, std::array<char *, (unsigned long)2>>(int, T2, T3)"
PyTorch:BasicsTransformerLM.layers.8.ln1,PushPop,343,343,12,12,17792,1482.7,1472.0,1440,1632,53.4,"void at::native::vectorized_elementwise_kernel<(int)4, at::native::rsqrt_kernel_cuda(at::TensorIteratorBase &)::[lambda() (instance 2)]::operator ()() const::[lambda() (instance 2)]::operator ()() const::[lambda(float) (instance 1)], std::array<char *, (unsigned long)2>>(int, T2, T3)"
PyTorch:BasicsTransformerLM.layers.8.ln2,PushPop,343,343,12,24,575232,23968.0,23840.0,23456,26592,609.1,"void at::native::elementwise_kernel<(int)128, (int)2, void at::native::gpu_kernel_impl_nocast<at::native::BinaryFunctor<float, float, float, at::native::binary_internal::MulFunctor<float>>>(at::TensorIteratorBase &, const T1 &)::[lambda(int) (instance 1)]>(int, T3)"
PyTorch:BasicsTransformerLM.layers.8.ln2,PushPop,343,343,12,12,114112,9509.3,9520.0,9280,9792,151.8,"void at::native::vectorized_elementwise_kernel<(int)4, void at::native::<unnamed>::pow_tensor_scalar_kernel_impl<float, float>(at::TensorIteratorBase &, T2)::[lambda(float) (instance 1)], std::array<char *, (unsigned long)2>>(int, T2, T3)"
PyTorch:BasicsTransformerLM.layers.8.ln2,PushPop,343,343,12,12,92417,7701.4,7552.0,7136,8576,410.6,"void at::native::reduce_kernel<(int)512, (int)1, at::native::ReduceOp<float, at::native::MeanOps<float, float, float, float>, unsigned int, float, (int)4, (int)4>>(T3)"
PyTorch:BasicsTransformerLM.layers.8.ln2,PushPop,343,343,12,12,19232,1602.7,1584.0,1536,1760,60.2,"void at::native::vectorized_elementwise_kernel<(int)4, at::native::CUDAFunctorOnSelf_add<float>, std::array<char *, (unsigned long)2>>(int, T2, T3)"
PyTorch:BasicsTransformerLM.layers.8.ln2,PushPop,343,343,12,12,17792,1482.7,1472.0,1440,1568,31.5,"void at::native::vectorized_elementwise_kernel<(int)4, at::native::rsqrt_kernel_cuda(at::TensorIteratorBase &)::[lambda() (instance 2)]::operator ()() const::[lambda() (instance 2)]::operator ()() const::[lambda(float) (instance 1)], std::array<char *, (unsigned long)2>>(int, T2, T3)"
PyTorch:BasicsTransformerLM.layers.9,PushPop,343,343,12,36,56780234,1577228.7,1753348.5,1215361,1763970,258775.6,cutlass3x_sm100_simt_sgemm_f32_f32_f32_f32_f32_128x128x16_1x1x1_3_tnn_align1_bias_f32_relu
PyTorch:BasicsTransformerLM.layers.9,PushPop,343,343,12,48,24780207,516254.3,514753.0,513697,522176,2829.7,cutlass3x_sm100_simt_sgemm_f32_f32_f32_f32_f32_64x128x16_1x1x1_3_tnn_align1_bias_f32_relu
PyTorch:BasicsTransformerLM.layers.9,PushPop,343,343,12,12,21670760,1805896.7,1806276.0,1803234,1808674,1611.9,cutlass3x_sm100_simt_sgemm_f32_f32_f32_f32_f32_128x64x16_1x1x1_3_tnn_align1_bias_f32_relu
PyTorch:BasicsTransformerLM.layers.9,PushPop,343,343,12,12,12247478,1020623.2,1020610.0,1020066,1021475,464.6,"void at::native::elementwise_kernel<(int)128, (int)2, void at::native::gpu_kernel_impl_nocast<at::native::BinaryFunctor<float, float, float, at::native::binary_internal::DivFunctor<float>>>(at::TensorIteratorBase &, const T1 &)::[lambda(int) (instance 1)]>(int, T3)"
PyTorch:BasicsTransformerLM.layers.9,PushPop,343,343,12,12,10649813,887484.4,887473.5,886978,888065,276.0,"void at::native::elementwise_kernel<(int)128, (int)2, void at::native::gpu_kernel_impl_nocast<at::native::<unnamed>::where_kernel_impl(at::TensorIterator &)::[lambda() (instance 1)]::operator ()() const::[lambda() (instance 11)]::operator ()() const::[lambda(bool, float, float) (instance 1)]>(at::TensorIteratorBase &, const T1 &)::[lambda(int) (instance 1)]>(int, T3)"
PyTorch:BasicsTransformerLM.layers.9,PushPop,343,343,12,12,10583704,881975.3,882098.0,880802,883202,830.7,"void at::native::elementwise_kernel<(int)128, (int)2, void at::native::gpu_kernel_impl_nocast<at::native::CUDAFunctor_add<float>>(at::TensorIteratorBase &, const T1 &)::[lambda(int) (instance 1)]>(int, T3)"
PyTorch:BasicsTransformerLM.layers.9,PushPop,343,343,12,12,9779733,814977.8,814913.5,814145,816769,788.5,cutlass3x_sm100_simt_sgemm_f32_f32_f32_f32_f32_64x128x16_1x1x1_3_nnn_align1_bias_f32_relu
PyTorch:BasicsTransformerLM.layers.9,PushPop,343,343,12,12,4652937,387744.8,387937.0,386496,388960,721.3,"void at::native::vectorized_elementwise_kernel<(int)4, at::native::BUnaryFunctor<float, float, float, at::native::binary_internal::MulFunctor<float>>, std::array<char *, (unsigned long)2>>(int, T2, T3)"
PyTorch:BasicsTransformerLM.layers.9,PushPop,343,343,12,12,4624200,385350.0,385552.5,384001,386369,740.4,"void at::native::vectorized_elementwise_kernel<(int)4, at::native::exp_kernel_cuda(at::TensorIteratorBase &)::[lambda() (instance 2)]::operator ()() const::[lambda() (instance 2)]::operator ()() const::[lambda(float) (instance 1)], std::array<char *, (unsigned long)2>>(int, T2, T3)"
PyTorch:BasicsTransformerLM.layers.9,PushPop,343,343,12,12,3790851,315904.3,315792.5,315168,316641,414.4,"void at::native::reduce_kernel<(int)512, (int)1, at::native::ReduceOp<float, at::native::MaxOps<float>, unsigned int, float, (int)4, (int)4>>(T3)"
PyTorch:BasicsTransformerLM.layers.9,PushPop,343,343,12,144,2755555,19135.8,18224.0,14912,24448,3642.3,"void at::native::elementwise_kernel<(int)128, (int)2, void at::native::gpu_kernel_impl_nocast<at::native::BinaryFunctor<float, float, float, at::native::binary_internal::MulFunctor<float>>>(at::TensorIteratorBase &, const T1 &)::[lambda(int) (instance 1)]>(int, T3)"
PyTorch:BasicsTransformerLM.layers.9,PushPop,343,343,12,12,2738534,228211.2,228112.5,227297,228992,502.2,"void at::native::reduce_kernel<(int)512, (int)1, at::native::ReduceOp<float, at::native::func_wrapper_t<float, at::native::sum_functor<float, float, float>::operator ()(at::TensorIterator &)::[lambda(float, float) (instance 1)]>, unsigned int, float, (int)4, (int)4>>(T3)"
PyTorch:BasicsTransformerLM.layers.9,PushPop,343,343,12,24,1767745,73656.0,73792.0,71904,75104,1042.2,"void at::native::vectorized_elementwise_kernel<(int)4, at::native::BinaryFunctor<float, float, float, at::native::binary_internal::MulFunctor<float>>, std::array<char *, (unsigned long)3>>(int, T2, T3)"
PyTorch:BasicsTransformerLM.layers.9,PushPop,343,343,12,24,1304773,54365.5,54368.0,53696,55584,416.2,"void at::native::<unnamed>::CatArrayBatchedCopy<at::native::<unnamed>::OpaqueType<(unsigned int)4>, unsigned int, (int)4, (int)64, (int)64>(T1 *, at::native::<unnamed>::CatArrInputTensorMetadata<T1, T2, T4, T5>, at::native::<unnamed>::TensorSizeStride<T2, (unsigned int)4>, int, T2)"
PyTorch:BasicsTransformerLM.layers.9,PushPop,343,343,12,24,745376,31057.3,31216.0,29280,32736,1457.8,"void at::native::elementwise_kernel<(int)128, (int)2, void at::native::gpu_kernel_impl_nocast<at::native::direct_copy_kernel_cuda(at::TensorIteratorBase &)::[lambda() (instance 3)]::operator ()() const::[lambda() (instance 7)]::operator ()() const::[lambda(float) (instance 1)]>(at::TensorIteratorBase &, const T1 &)::[lambda(int) (instance 1)]>(int, T3)"
PyTorch:BasicsTransformerLM.layers.9,PushPop,343,343,12,72,711874,9887.1,6896.5,6656,16768,4347.4,"void at::native::vectorized_elementwise_kernel<(int)4, at::native::CUDAFunctor_add<float>, std::array<char *, (unsigned long)3>>(int, T2, T3)"
PyTorch:BasicsTransformerLM.layers.9,PushPop,343,343,12,12,584674,48722.8,48768.0,48000,49440,402.5,"void at::native::vectorized_elementwise_kernel<(int)4, at::native::sigmoid_kernel_cuda(at::TensorIteratorBase &)::[lambda() (instance 2)]::operator ()() const::[lambda() (instance 2)]::operator ()() const::[lambda(float) (instance 1)], std::array<char *, (unsigned long)2>>(int, T2, T3)"
PyTorch:BasicsTransformerLM.layers.9,PushPop,343,343,12,24,226752,9448.0,9488.0,9120,9728,171.7,"void at::native::vectorized_elementwise_kernel<(int)4, void at::native::<unnamed>::pow_tensor_scalar_kernel_impl<float, float>(at::TensorIteratorBase &, T2)::[lambda(float) (instance 1)], std::array<char *, (unsigned long)2>>(int, T2, T3)"
PyTorch:BasicsTransformerLM.layers.9,PushPop,343,343,12,24,184512,7688.0,7664.0,7136,8352,392.2,"void at::native::reduce_kernel<(int)512, (int)1, at::native::ReduceOp<float, at::native::MeanOps<float, float, float, float>, unsigned int, float, (int)4, (int)4>>(T3)"
PyTorch:BasicsTransformerLM.layers.9,PushPop,343,343,12,12,104640,8720.0,8720.0,8640,8832,66.1,"void at::native::elementwise_kernel<(int)128, (int)4, void at::native::gpu_kernel_impl_nocast<at::native::<unnamed>::CompareFunctor<long>>(at::TensorIteratorBase &, const T1 &)::[lambda(int) (instance 1)]>(int, T3)"
PyTorch:BasicsTransformerLM.layers.9,PushPop,343,343,12,24,37760,1573.3,1568.0,1536,1760,47.8,"void at::native::vectorized_elementwise_kernel<(int)4, at::native::CUDAFunctorOnSelf_add<float>, std::array<char *, (unsigned long)2>>(int, T2, T3)"
PyTorch:BasicsTransformerLM.layers.9,PushPop,343,343,12,24,36192,1508.0,1488.0,1440,1664,61.4,"void at::native::vectorized_elementwise_kernel<(int)4, at::native::rsqrt_kernel_cuda(at::TensorIteratorBase &)::[lambda() (instance 2)]::operator ()() const::[lambda() (instance 2)]::operator ()() const::[lambda(float) (instance 1)], std::array<char *, (unsigned long)2>>(int, T2, T3)"
PyTorch:BasicsTransformerLM.layers.9,PushPop,343,343,12,12,14528,1210.7,1184.0,1120,1376,75.8,"void <unnamed>::elementwise_kernel_with_index<int, at::native::arange_cuda_out(const c10::Scalar &, const c10::Scalar &, const c10::Scalar &, at::Tensor &)::[lambda() (instance 1)]::operator ()() const::[lambda() (instance 4)]::operator ()() const::[lambda(long) (instance 1)]>(T1, T2, function_traits<T2>::result_type *)"
PyTorch:BasicsTransformerLM.layers.9,PushPop,343,343,12,12,12448,1037.3,1008.0,928,1152,91.0,"void at::native::vectorized_elementwise_kernel<(int)4, at::native::FillFunctor<float>, std::array<char *, (unsigned long)1>>(int, T2, T3)"
PyTorch:BasicsTransformerLM.layers.9.attn,PushPop,343,343,12,48,24780207,516254.3,514753.0,513697,522176,2829.7,cutlass3x_sm100_simt_sgemm_f32_f32_f32_f32_f32_64x128x16_1x1x1_3_tnn_align1_bias_f32_relu
PyTorch:BasicsTransformerLM.layers.9.attn,PushPop,343,343,12,12,14596986,1216415.5,1216291.0,1215361,1218177,792.4,cutlass3x_sm100_simt_sgemm_f32_f32_f32_f32_f32_128x128x16_1x1x1_3_tnn_align1_bias_f32_relu
PyTorch:BasicsTransformerLM.layers.9.attn,PushPop,343,343,12,12,12247478,1020623.2,1020610.0,1020066,1021475,464.6,"void at::native::elementwise_kernel<(int)128, (int)2, void at::native::gpu_kernel_impl_nocast<at::native::BinaryFunctor<float, float, float, at::native::binary_internal::DivFunctor<float>>>(at::TensorIteratorBase &, const T1 &)::[lambda(int) (instance 1)]>(int, T3)"
PyTorch:BasicsTransformerLM.layers.9.attn,PushPop,343,343,12,12,10649813,887484.4,887473.5,886978,888065,276.0,"void at::native::elementwise_kernel<(int)128, (int)2, void at::native::gpu_kernel_impl_nocast<at::native::<unnamed>::where_kernel_impl(at::TensorIterator &)::[lambda() (instance 1)]::operator ()() const::[lambda() (instance 11)]::operator ()() const::[lambda(bool, float, float) (instance 1)]>(at::TensorIteratorBase &, const T1 &)::[lambda(int) (instance 1)]>(int, T3)"
PyTorch:BasicsTransformerLM.layers.9.attn,PushPop,343,343,12,12,10583704,881975.3,882098.0,880802,883202,830.7,"void at::native::elementwise_kernel<(int)128, (int)2, void at::native::gpu_kernel_impl_nocast<at::native::CUDAFunctor_add<float>>(at::TensorIteratorBase &, const T1 &)::[lambda(int) (instance 1)]>(int, T3)"
PyTorch:BasicsTransformerLM.layers.9.attn,PushPop,343,343,12,12,9779733,814977.8,814913.5,814145,816769,788.5,cutlass3x_sm100_simt_sgemm_f32_f32_f32_f32_f32_64x128x16_1x1x1_3_nnn_align1_bias_f32_relu
PyTorch:BasicsTransformerLM.layers.9.attn,PushPop,343,343,12,12,4652937,387744.8,387937.0,386496,388960,721.3,"void at::native::vectorized_elementwise_kernel<(int)4, at::native::BUnaryFunctor<float, float, float, at::native::binary_internal::MulFunctor<float>>, std::array<char *, (unsigned long)2>>(int, T2, T3)"
PyTorch:BasicsTransformerLM.layers.9.attn,PushPop,343,343,12,12,4624200,385350.0,385552.5,384001,386369,740.4,"void at::native::vectorized_elementwise_kernel<(int)4, at::native::exp_kernel_cuda(at::TensorIteratorBase &)::[lambda() (instance 2)]::operator ()() const::[lambda() (instance 2)]::operator ()() const::[lambda(float) (instance 1)], std::array<char *, (unsigned long)2>>(int, T2, T3)"
PyTorch:BasicsTransformerLM.layers.9.attn,PushPop,343,343,12,12,3790851,315904.3,315792.5,315168,316641,414.4,"void at::native::reduce_kernel<(int)512, (int)1, at::native::ReduceOp<float, at::native::MaxOps<float>, unsigned int, float, (int)4, (int)4>>(T3)"
PyTorch:BasicsTransformerLM.layers.9.attn,PushPop,343,343,12,12,2738534,228211.2,228112.5,227297,228992,502.2,"void at::native::reduce_kernel<(int)512, (int)1, at::native::ReduceOp<float, at::native::func_wrapper_t<float, at::native::sum_functor<float, float, float>::operator ()(at::TensorIterator &)::[lambda(float, float) (instance 1)]>, unsigned int, float, (int)4, (int)4>>(T3)"
PyTorch:BasicsTransformerLM.layers.9.attn,PushPop,343,343,12,96,1610689,16778.0,16432.0,14912,19776,1754.7,"void at::native::elementwise_kernel<(int)128, (int)2, void at::native::gpu_kernel_impl_nocast<at::native::BinaryFunctor<float, float, float, at::native::binary_internal::MulFunctor<float>>>(at::TensorIteratorBase &, const T1 &)::[lambda(int) (instance 1)]>(int, T3)"
PyTorch:BasicsTransformerLM.layers.9.attn,PushPop,343,343,12,24,1304773,54365.5,54368.0,53696,55584,416.2,"void at::native::<unnamed>::CatArrayBatchedCopy<at::native::<unnamed>::OpaqueType<(unsigned int)4>, unsigned int, (int)4, (int)64, (int)64>(T1 *, at::native::<unnamed>::CatArrInputTensorMetadata<T1, T2, T4, T5>, at::native::<unnamed>::TensorSizeStride<T2, (unsigned int)4>, int, T2)"
PyTorch:BasicsTransformerLM.layers.9.attn,PushPop,343,343,12,24,745376,31057.3,31216.0,29280,32736,1457.8,"void at::native::elementwise_kernel<(int)128, (int)2, void at::native::gpu_kernel_impl_nocast<at::native::direct_copy_kernel_cuda(at::TensorIteratorBase &)::[lambda() (instance 3)]::operator ()() const::[lambda() (instance 7)]::operator ()() const::[lambda(float) (instance 1)]>(at::TensorIteratorBase &, const T1 &)::[lambda(int) (instance 1)]>(int, T3)"
PyTorch:BasicsTransformerLM.layers.9.attn,PushPop,343,343,12,48,328193,6837.4,6816.0,6656,7168,113.8,"void at::native::vectorized_elementwise_kernel<(int)4, at::native::CUDAFunctor_add<float>, std::array<char *, (unsigned long)3>>(int, T2, T3)"
PyTorch:BasicsTransformerLM.layers.9.attn,PushPop,343,343,12,12,104640,8720.0,8720.0,8640,8832,66.1,"void at::native::elementwise_kernel<(int)128, (int)4, void at::native::gpu_kernel_impl_nocast<at::native::<unnamed>::CompareFunctor<long>>(at::TensorIteratorBase &, const T1 &)::[lambda(int) (instance 1)]>(int, T3)"
PyTorch:BasicsTransformerLM.layers.9.attn,PushPop,343,343,12,12,14528,1210.7,1184.0,1120,1376,75.8,"void <unnamed>::elementwise_kernel_with_index<int, at::native::arange_cuda_out(const c10::Scalar &, const c10::Scalar &, const c10::Scalar &, at::Tensor &)::[lambda() (instance 1)]::operator ()() const::[lambda() (instance 4)]::operator ()() const::[lambda(long) (instance 1)]>(T1, T2, function_traits<T2>::result_type *)"
PyTorch:BasicsTransformerLM.layers.9.attn,PushPop,343,343,12,12,12448,1037.3,1008.0,928,1152,91.0,"void at::native::vectorized_elementwise_kernel<(int)4, at::native::FillFunctor<float>, std::array<char *, (unsigned long)1>>(int, T2, T3)"
PyTorch:BasicsTransformerLM.layers.9.attn.k_proj,PushPop,343,343,12,12,6177706,514808.8,514768.5,514561,515585,280.6,cutlass3x_sm100_simt_sgemm_f32_f32_f32_f32_f32_64x128x16_1x1x1_3_tnn_align1_bias_f32_relu
PyTorch:BasicsTransformerLM.layers.9.attn.output_proj,PushPop,343,343,12,12,6252330,521027.5,520737.0,520353,522176,604.9,cutlass3x_sm100_simt_sgemm_f32_f32_f32_f32_f32_64x128x16_1x1x1_3_tnn_align1_bias_f32_relu
PyTorch:BasicsTransformerLM.layers.9.attn.q_proj,PushPop,343,343,12,12,6173711,514475.9,514242.0,513697,516608,722.0,cutlass3x_sm100_simt_sgemm_f32_f32_f32_f32_f32_64x128x16_1x1x1_3_tnn_align1_bias_f32_relu
PyTorch:BasicsTransformerLM.layers.9.attn.v_proj,PushPop,343,343,12,12,6176460,514705.0,514608.5,514497,515137,212.2,cutlass3x_sm100_simt_sgemm_f32_f32_f32_f32_f32_64x128x16_1x1x1_3_tnn_align1_bias_f32_relu
PyTorch:BasicsTransformerLM.layers.9.ffn,PushPop,343,343,12,24,42183248,1757635.3,1756866.5,1752932,1763970,4224.9,cutlass3x_sm100_simt_sgemm_f32_f32_f32_f32_f32_128x128x16_1x1x1_3_tnn_align1_bias_f32_relu
PyTorch:BasicsTransformerLM.layers.9.ffn,PushPop,343,343,12,12,21670760,1805896.7,1806276.0,1803234,1808674,1611.9,cutlass3x_sm100_simt_sgemm_f32_f32_f32_f32_f32_128x64x16_1x1x1_3_tnn_align1_bias_f32_relu
PyTorch:BasicsTransformerLM.layers.9.ffn,PushPop,343,343,12,24,1767745,73656.0,73792.0,71904,75104,1042.2,"void at::native::vectorized_elementwise_kernel<(int)4, at::native::BinaryFunctor<float, float, float, at::native::binary_internal::MulFunctor<float>>, std::array<char *, (unsigned long)3>>(int, T2, T3)"
PyTorch:BasicsTransformerLM.layers.9.ffn,PushPop,343,343,12,12,584674,48722.8,48768.0,48000,49440,402.5,"void at::native::vectorized_elementwise_kernel<(int)4, at::native::sigmoid_kernel_cuda(at::TensorIteratorBase &)::[lambda() (instance 2)]::operator ()() const::[lambda() (instance 2)]::operator ()() const::[lambda(float) (instance 1)], std::array<char *, (unsigned long)2>>(int, T2, T3)"
PyTorch:BasicsTransformerLM.layers.9.ffn.w1,PushPop,343,343,12,12,21139814,1761651.2,1761794.5,1758883,1763970,1344.2,cutlass3x_sm100_simt_sgemm_f32_f32_f32_f32_f32_128x128x16_1x1x1_3_tnn_align1_bias_f32_relu
PyTorch:BasicsTransformerLM.layers.9.ffn.w2,PushPop,343,343,12,12,21670760,1805896.7,1806276.0,1803234,1808674,1611.9,cutlass3x_sm100_simt_sgemm_f32_f32_f32_f32_f32_128x64x16_1x1x1_3_tnn_align1_bias_f32_relu
PyTorch:BasicsTransformerLM.layers.9.ffn.w3,PushPop,343,343,12,12,21043434,1753619.5,1753348.5,1752932,1754850,573.2,cutlass3x_sm100_simt_sgemm_f32_f32_f32_f32_f32_128x128x16_1x1x1_3_tnn_align1_bias_f32_relu
PyTorch:BasicsTransformerLM.layers.9.ln1,PushPop,343,343,12,24,572256,23844.0,23776.0,23424,24416,291.2,"void at::native::elementwise_kernel<(int)128, (int)2, void at::native::gpu_kernel_impl_nocast<at::native::BinaryFunctor<float, float, float, at::native::binary_internal::MulFunctor<float>>>(at::TensorIteratorBase &, const T1 &)::[lambda(int) (instance 1)]>(int, T3)"
PyTorch:BasicsTransformerLM.layers.9.ln1,PushPop,343,343,12,12,113056,9421.3,9440.0,9152,9600,155.8,"void at::native::vectorized_elementwise_kernel<(int)4, void at::native::<unnamed>::pow_tensor_scalar_kernel_impl<float, float>(at::TensorIteratorBase &, T2)::[lambda(float) (instance 1)], std::array<char *, (unsigned long)2>>(int, T2, T3)"
PyTorch:BasicsTransformerLM.layers.9.ln1,PushPop,343,343,12,12,94144,7845.3,7904.0,7136,8352,368.4,"void at::native::reduce_kernel<(int)512, (int)1, at::native::ReduceOp<float, at::native::MeanOps<float, float, float, float>, unsigned int, float, (int)4, (int)4>>(T3)"
PyTorch:BasicsTransformerLM.layers.9.ln1,PushPop,343,343,12,12,18816,1568.0,1568.0,1536,1632,27.3,"void at::native::vectorized_elementwise_kernel<(int)4, at::native::CUDAFunctorOnSelf_add<float>, std::array<char *, (unsigned long)2>>(int, T2, T3)"
PyTorch:BasicsTransformerLM.layers.9.ln1,PushPop,343,343,12,12,17920,1493.3,1472.0,1440,1600,49.8,"void at::native::vectorized_elementwise_kernel<(int)4, at::native::rsqrt_kernel_cuda(at::TensorIteratorBase &)::[lambda() (instance 2)]::operator ()() const::[lambda() (instance 2)]::operator ()() const::[lambda(float) (instance 1)], std::array<char *, (unsigned long)2>>(int, T2, T3)"
PyTorch:BasicsTransformerLM.layers.9.ln2,PushPop,343,343,12,24,572610,23858.8,23840.0,23425,24448,266.3,"void at::native::elementwise_kernel<(int)128, (int)2, void at::native::gpu_kernel_impl_nocast<at::native::BinaryFunctor<float, float, float, at::native::binary_internal::MulFunctor<float>>>(at::TensorIteratorBase &, const T1 &)::[lambda(int) (instance 1)]>(int, T3)"
PyTorch:BasicsTransformerLM.layers.9.ln2,PushPop,343,343,12,12,113696,9474.7,9504.0,9120,9728,189.3,"void at::native::vectorized_elementwise_kernel<(int)4, void at::native::<unnamed>::pow_tensor_scalar_kernel_impl<float, float>(at::TensorIteratorBase &, T2)::[lambda(float) (instance 1)], std::array<char *, (unsigned long)2>>(int, T2, T3)"
PyTorch:BasicsTransformerLM.layers.9.ln2,PushPop,343,343,12,12,90368,7530.7,7504.0,7136,8128,363.2,"void at::native::reduce_kernel<(int)512, (int)1, at::native::ReduceOp<float, at::native::MeanOps<float, float, float, float>, unsigned int, float, (int)4, (int)4>>(T3)"
PyTorch:BasicsTransformerLM.layers.9.ln2,PushPop,343,343,12,12,18944,1578.7,1568.0,1536,1760,63.0,"void at::native::vectorized_elementwise_kernel<(int)4, at::native::CUDAFunctorOnSelf_add<float>, std::array<char *, (unsigned long)2>>(int, T2, T3)"
PyTorch:BasicsTransformerLM.layers.9.ln2,PushPop,343,343,12,12,18272,1522.7,1504.0,1440,1664,70.2,"void at::native::vectorized_elementwise_kernel<(int)4, at::native::rsqrt_kernel_cuda(at::TensorIteratorBase &)::[lambda() (instance 2)]::operator ()() const::[lambda() (instance 2)]::operator ()() const::[lambda(float) (instance 1)], std::array<char *, (unsigned long)2>>(int, T2, T3)"
PyTorch:BasicsTransformerLM.lm_head,PushPop,343,343,12,12,41979248,3498270.7,3500230.5,3480649,3503459,5864.3,cutlass3x_sm100_simt_sgemm_f32_f32_f32_f32_f32_128x128x16_1x1x1_3_tnn_align1_bias_f32_relu
PyTorch:BasicsTransformerLM.ln_final,PushPop,343,343,12,24,573760,23906.7,23840.0,23616,24608,281.3,"void at::native::elementwise_kernel<(int)128, (int)2, void at::native::gpu_kernel_impl_nocast<at::native::BinaryFunctor<float, float, float, at::native::binary_internal::MulFunctor<float>>>(at::TensorIteratorBase &, const T1 &)::[lambda(int) (instance 1)]>(int, T3)"
PyTorch:BasicsTransformerLM.ln_final,PushPop,343,343,12,12,112096,9341.3,9360.0,9088,9632,136.8,"void at::native::vectorized_elementwise_kernel<(int)4, void at::native::<unnamed>::pow_tensor_scalar_kernel_impl<float, float>(at::TensorIteratorBase &, T2)::[lambda(float) (instance 1)], std::array<char *, (unsigned long)2>>(int, T2, T3)"
PyTorch:BasicsTransformerLM.ln_final,PushPop,343,343,12,12,92128,7677.3,7584.0,6976,8832,580.6,"void at::native::reduce_kernel<(int)512, (int)1, at::native::ReduceOp<float, at::native::MeanOps<float, float, float, float>, unsigned int, float, (int)4, (int)4>>(T3)"
PyTorch:BasicsTransformerLM.ln_final,PushPop,343,343,12,12,19328,1610.7,1584.0,1568,1728,56.8,"void at::native::vectorized_elementwise_kernel<(int)4, at::native::CUDAFunctorOnSelf_add<float>, std::array<char *, (unsigned long)2>>(int, T2, T3)"
PyTorch:BasicsTransformerLM.ln_final,PushPop,343,343,12,12,17856,1488.0,1472.0,1440,1632,48.2,"void at::native::vectorized_elementwise_kernel<(int)4, at::native::rsqrt_kernel_cuda(at::TensorIteratorBase &)::[lambda() (instance 2)]::operator ()() const::[lambda() (instance 2)]::operator ()() const::[lambda(float) (instance 1)], std::array<char *, (unsigned long)2>>(int, T2, T3)"
PyTorch:BasicsTransformerLM.token_embeddings,PushPop,343,343,12,12,216065,18005.4,18144.0,15936,18497,667.7,"void at::native::vectorized_gather_kernel<(int)16, long>(char *, char *, T2 *, int, long, long, long, long, bool)"
PyTorch:torch.autograd.backward,PushPop,343,343,12,12,11904,992.0,960.0,928,1184,77.2,"void at::native::vectorized_elementwise_kernel<(int)4, at::native::FillFunctor<float>, std::array<char *, (unsigned long)1>>(int, T2, T3)"
