NVTX Range,Style,PID,TID,NVTX Inst,Kern Inst,Total Time (ns),Avg (ns),Med (ns),Min (ns),Max (ns),StdDev (ns),Kernel Name
,,30,30,0,2,3552,1776.0,1776.0,1664,1888,158.4,"void at::native::<unnamed>::distribution_elementwise_grid_stride_kernel<unsigned int, (int)4, void at::native::templates::cuda::random_from_to_kernel<at::CUDAGeneratorImpl *>(at::TensorIteratorBase &, unsigned long, long, T1)::[lambda() (instance 1)]::operator ()() const::[lambda() (instance 4)]::operator ()() const::[lambda(curandStatePhilox4_32_10 *) (instance 2)], void at::native::<unnamed>::distribution_nullary_kernel<long, unsigned int, uint4, at::CUDAGeneratorImpl *, void at::native::templates::cuda::random_from_to_kernel<at::CUDAGeneratorImpl *>(at::TensorIteratorBase &, unsigned long, long, T1)::[lambda() (instance 1)]::operator ()() const::[lambda() (instance 4)]::operator ()() const::[lambda(curandStatePhilox4_32_10 *) (instance 2)], void at::native::templates::cuda::random_from_to_kernel<at::CUDAGeneratorImpl *>(at::TensorIteratorBase &, unsigned long, long, T1)::[lambda() (instance 1)]::operator ()() const::[lambda() (instance 4)]::operator ()() const::[lambda(unsigned int) (instance 1)]>(at::TensorIteratorBase &, T4, const T5 &, T6)::[lambda(int, unsigned int) (instance 1)]>(long, at::PhiloxCudaState, T3, T4)"
,,30,50,0,876,339641164,387718.2,190081.0,187649,2263209,328000.6,cutlass3x_sm100_simt_sgemm_f32_f32_f32_f32_f32_64x64x16_1x1x1_3_nnn_align1_bias_f32_relu
,,30,50,0,432,257021079,594956.2,613507.0,554370,625827,27848.6,"void at::native::elementwise_kernel<(int)128, (int)2, void at::native::gpu_kernel_impl_nocast<at::native::BinaryFunctor<float, float, float, at::native::binary_internal::DivFunctor<float>>>(at::TensorIteratorBase &, const T1 &)::[lambda(int) (instance 1)]>(int, T3)"
,,30,50,0,432,254636108,589435.4,588931.0,586979,619426,2137.0,cutlass3x_sm100_simt_sgemm_f32_f32_f32_f32_f32_128x128x16_1x1x1_3_ntn_align1_bias_f32_relu
,,30,50,0,732,212938844,290900.1,207281.0,202273,2167657,262887.0,cutlass3x_sm100_simt_sgemm_f32_f32_f32_f32_f32_64x64x16_1x1x1_3_ntn_align1_bias_f32_relu
,,30,50,0,2064,134059541,64951.3,11600.5,1312,350626,114561.3,"void at::native::vectorized_elementwise_kernel<(int)4, at::native::BinaryFunctor<float, float, float, at::native::binary_internal::MulFunctor<float>>, std::array<char *, (unsigned long)3>>(int, T2, T3)"
,,30,50,0,144,105607054,733382.3,733379.0,732259,736899,541.6,cutlass3x_sm100_simt_sgemm_f32_f32_f32_f32_f32_128x128x16_1x1x1_3_tnn_align1_bias_f32_relu
,,30,50,0,144,96145415,667676.5,667714.0,666787,668931,437.7,cutlass3x_sm100_simt_sgemm_f32_f32_f32_f32_f32_128x64x16_1x1x1_3_nnn_align1_bias_f32_relu
,,30,50,0,144,77023384,534884.6,534882.0,534178,536994,379.9,"void at::native::elementwise_kernel<(int)128, (int)2, void at::native::gpu_kernel_impl_nocast<at::native::<unnamed>::where_kernel_impl(at::TensorIterator &)::[lambda() (instance 1)]::operator ()() const::[lambda() (instance 11)]::operator ()() const::[lambda(bool, float, float) (instance 1)]>(at::TensorIteratorBase &, const T1 &)::[lambda(int) (instance 1)]>(int, T3)"
,,30,50,0,144,75552019,524666.8,524674.0,523234,527138,609.6,"void at::native::elementwise_kernel<(int)128, (int)2, void at::native::gpu_kernel_impl_nocast<at::native::CUDAFunctor_add<float>>(at::TensorIteratorBase &, const T1 &)::[lambda(int) (instance 1)]>(int, T3)"
,,30,50,0,144,74031153,514105.2,514050.0,511714,517218,1391.6,cutlass3x_sm100_simt_sgemm_f32_f32_f32_f32_f32_64x32x16_1x1x1_3_nnn_align1_bias_f32_relu
,,30,50,0,1908,71692063,37574.5,8448.0,4192,352002,90884.3,"void at::native::vectorized_elementwise_kernel<(int)4, at::native::CUDAFunctor_add<float>, std::array<char *, (unsigned long)3>>(int, T2, T3)"
,,30,50,0,324,70154395,216525.9,231425.0,94785,233697,42564.5,"void at::native::vectorized_elementwise_kernel<(int)4, at::native::neg_kernel_cuda(at::TensorIteratorBase &)::[lambda() (instance 2)]::operator ()() const::[lambda() (instance 7)]::operator ()() const::[lambda(float) (instance 1)], std::array<char *, (unsigned long)2>>(int, T2, T3)"
,,30,50,0,144,69949532,485760.6,485634.0,484290,494594,1002.5,cutlass3x_sm100_simt_sgemm_f32_f32_f32_f32_f32_32x64x16_1x1x1_3_ntn_align1_bias_f32_relu
,,30,50,0,612,45013529,73551.5,77968.5,6272,144768,66873.4,"void at::native::reduce_kernel<(int)512, (int)1, at::native::ReduceOp<float, at::native::func_wrapper_t<float, at::native::sum_functor<float, float, float>::operator ()(at::TensorIterator &)::[lambda(float, float) (instance 1)]>, unsigned int, float, (int)4, (int)4>>(T3)"
,,30,50,0,144,33244518,230864.7,230849.0,228609,233089,742.2,"void at::native::vectorized_elementwise_kernel<(int)4, at::native::BUnaryFunctor<float, float, float, at::native::binary_internal::MulFunctor<float>>, std::array<char *, (unsigned long)2>>(int, T2, T3)"
,,30,50,0,1764,25751049,14598.1,14912.0,8000,209664,16254.5,"void at::native::elementwise_kernel<(int)128, (int)2, void at::native::gpu_kernel_impl_nocast<at::native::BinaryFunctor<float, float, float, at::native::binary_internal::MulFunctor<float>>>(at::TensorIteratorBase &, const T1 &)::[lambda(int) (instance 1)]>(int, T3)"
,,30,50,0,1884,23479619,12462.6,12736.0,4448,34400,5986.5,"void at::native::elementwise_kernel<(int)128, (int)2, void at::native::gpu_kernel_impl_nocast<at::native::direct_copy_kernel_cuda(at::TensorIteratorBase &)::[lambda() (instance 3)]::operator ()() const::[lambda() (instance 7)]::operator ()() const::[lambda(float) (instance 1)]>(at::TensorIteratorBase &, const T1 &)::[lambda(int) (instance 1)]>(int, T3)"
,,30,50,0,324,16577063,51163.8,43536.0,832,108032,50599.6,"void at::native::vectorized_elementwise_kernel<(int)4, at::native::FillFunctor<float>, std::array<char *, (unsigned long)1>>(int, T2, T3)"
,,30,50,0,144,6527359,45328.9,45296.0,44385,46528,404.5,"void at::native::vectorized_elementwise_kernel<(int)4, at::native::sigmoid_backward_kernel_cuda(at::TensorIteratorBase &)::[lambda() (instance 2)]::operator ()() const::[lambda() (instance 2)]::operator ()() const::[lambda(float, float) (instance 1)], std::array<char *, (unsigned long)3>>(int, T2, T3)"
,,30,50,0,300,5523356,18411.2,18400.0,17536,19648,285.3,"void at::native::reduce_kernel<(int)128, (int)4, at::native::ReduceOp<float, at::native::func_wrapper_t<float, at::native::sum_functor<float, float, float>::operator ()(at::TensorIterator &)::[lambda(float, float) (instance 1)]>, unsigned int, float, (int)4, (int)4>>(T3)"
,,30,50,0,144,5016375,34835.9,34896.0,33344,36928,846.0,"void at::native::<unnamed>::CatArrayBatchedCopy<at::native::<unnamed>::OpaqueType<(unsigned int)4>, unsigned int, (int)4, (int)64, (int)64>(T1 *, at::native::<unnamed>::CatArrInputTensorMetadata<T1, T2, T4, T5>, at::native::<unnamed>::TensorSizeStride<T2, (unsigned int)4>, int, T2)"
,,30,50,0,312,4355179,13958.9,14432.0,1728,14688,2434.1,"void at::native::elementwise_kernel<(int)128, (int)2, void at::native::gpu_kernel_impl_nocast<at::native::BUnaryFunctor<float, float, float, at::native::binary_internal::MulFunctor<float>>>(at::TensorIteratorBase &, const T1 &)::[lambda(int) (instance 1)]>(int, T3)"
,,30,50,0,288,2887377,10025.6,9920.0,9504,10881,343.3,"void at::native::elementwise_kernel<(int)128, (int)2, void at::native::gpu_kernel_impl_nocast<at::native::neg_kernel_cuda(at::TensorIteratorBase &)::[lambda() (instance 2)]::operator ()() const::[lambda() (instance 7)]::operator ()() const::[lambda(float) (instance 1)]>(at::TensorIteratorBase &, const T1 &)::[lambda(int) (instance 1)]>(int, T3)"
,,30,50,0,600,2211563,3685.9,3664.0,1504,6144,2058.7,"void at::native::vectorized_elementwise_kernel<(int)4, at::native::AUnaryFunctor<float, float, float, at::native::binary_internal::MulFunctor<float>>, std::array<char *, (unsigned long)2>>(int, T2, T3)"
,,30,50,0,156,1785637,11446.4,11488.0,10208,12000,299.4,"void at::native::_scatter_gather_elementwise_kernel<(int)128, (int)8, void at::native::_cuda_scatter_gather_internal_kernel<(bool)1, at::native::OpaqueType<(int)4>, long>::operator ()<at::native::TensorAssign>(at::TensorIterator &, long, long, long, const T1 &)::[lambda(int) (instance 1)]>(int, T3)"
,,30,50,0,144,1037092,7202.0,7168.0,7008,7584,93.5,"void at::native::<unnamed>::CatArrayBatchedCopy_vectorized<at::native::<unnamed>::OpaqueType<(unsigned int)4>, unsigned int, (int)1, (int)128, (int)1, (int)16, (int)4>(char *, at::native::<unnamed>::CatArrInputTensorMetadata<T1, T2, T4, T5>, at::native::<unnamed>::TensorSizeStride<T2, (unsigned int)4>, int, T2)"
,,30,50,0,300,544770,1815.9,1760.0,1408,2208,138.5,"void at::native::vectorized_elementwise_kernel<(int)4, void at::native::<unnamed>::pow_tensor_scalar_kernel_impl<float, float>(at::TensorIteratorBase &, T2)::[lambda(float) (instance 2)], std::array<char *, (unsigned long)2>>(int, T2, T3)"
,,30,50,0,12,140384,11698.7,11648.0,11488,11904,138.1,"void <unnamed>::indexing_backward_kernel<float, (int)4>(const long *, const long *, const T1 *, T1 *, long, long, long, long, bool)"
,,30,50,0,12,124705,10392.1,10416.5,9920,10656,248.3,"void at::native::_scatter_gather_elementwise_kernel<(int)128, (int)8, void at::native::_cuda_scatter_gather_internal_kernel<(bool)1, float, long>::operator ()<at::native::ReduceAdd>(at::TensorIterator &, long, long, long, const T1 &)::[lambda(int) (instance 1)]>(int, T3)"
,,30,50,0,12,34913,2909.4,2912.0,2816,3008,63.2,"void at::native::vectorized_elementwise_kernel<(int)2, at::native::BUnaryFunctor<long, long, long, at::native::remainder_kernel_cuda(at::TensorIteratorBase &)::[lambda() (instance 1)]::operator ()() const::[lambda() (instance 4)]::operator ()() const::[lambda(long, long) (instance 1)]>, std::array<char *, (unsigned long)2>>(int, T2, T3)"
,,30,50,0,12,28641,2386.8,2384.0,2304,2464,44.2,"void at::native::vectorized_elementwise_kernel<(int)2, at::native::BUnaryFunctor<long, long, long, at::native::binary_internal::div_trunc_kernel_cuda(at::TensorIteratorBase &)::[lambda() (instance 1)]::operator ()() const::[lambda() (instance 4)]::operator ()() const::[lambda(long, long) (instance 1)]>, std::array<char *, (unsigned long)2>>(int, T2, T3)"
,,30,50,0,12,26176,2181.3,2144.0,2048,2368,110.7,"void at::native::vectorized_elementwise_kernel<(int)4, at::native::BinaryFunctor<float, float, float, at::native::binary_internal::DivFunctor<float>>, std::array<char *, (unsigned long)3>>(int, T2, T3)"
,,30,50,0,12,18176,1514.7,1504.0,1440,1632,61.5,"void at::native::vectorized_elementwise_kernel<(int)2, at::native::AUnaryFunctor<long, long, long, at::native::binary_internal::MulFunctor<long>>, std::array<char *, (unsigned long)2>>(int, T2, T3)"
,,30,50,0,12,14528,1210.7,1184.0,1184,1312,48.9,"void <unnamed>::elementwise_kernel_with_index<int, at::native::arange_cuda_out(const c10::Scalar &, const c10::Scalar &, const c10::Scalar &, at::Tensor &)::[lambda() (instance 1)]::operator ()() const::[lambda() (instance 4)]::operator ()() const::[lambda(long) (instance 1)]>(T1, T2, function_traits<T2>::result_type *)"
:backward,PushPop,30,30,12,12,13536,1128.0,1136.0,928,1376,113.4,"void at::native::vectorized_elementwise_kernel<(int)4, at::native::FillFunctor<float>, std::array<char *, (unsigned long)1>>(int, T2, T3)"
:forward,PushPop,30,30,12,444,341366538,768843.6,729731.0,721155,2169097,232476.8,cutlass3x_sm100_simt_sgemm_f32_f32_f32_f32_f32_128x128x16_1x1x1_3_tnn_align1_bias_f32_relu
:forward,PushPop,30,30,12,576,110962283,192642.9,191937.0,190625,204001,2068.0,cutlass3x_sm100_simt_sgemm_f32_f32_f32_f32_f32_64x128x16_1x1x1_3_tnn_align1_bias_f32_relu
:forward,PushPop,30,30,12,144,105166540,730323.2,730275.0,727843,750595,1900.5,cutlass3x_sm100_simt_sgemm_f32_f32_f32_f32_f32_128x64x16_1x1x1_3_tnn_align1_bias_f32_relu
:forward,PushPop,30,30,12,144,88198467,612489.4,611906.5,610722,622722,2285.3,"void at::native::elementwise_kernel<(int)128, (int)2, void at::native::gpu_kernel_impl_nocast<at::native::BinaryFunctor<float, float, float, at::native::binary_internal::DivFunctor<float>>>(at::TensorIteratorBase &, const T1 &)::[lambda(int) (instance 1)]>(int, T3)"
:forward,PushPop,30,30,12,144,76947770,534359.5,534146.0,533283,540738,1009.1,"void at::native::elementwise_kernel<(int)128, (int)2, void at::native::gpu_kernel_impl_nocast<at::native::<unnamed>::where_kernel_impl(at::TensorIterator &)::[lambda() (instance 1)]::operator ()() const::[lambda() (instance 11)]::operator ()() const::[lambda(bool, float, float) (instance 1)]>(at::TensorIteratorBase &, const T1 &)::[lambda(int) (instance 1)]>(int, T3)"
:forward,PushPop,30,30,12,144,76154038,528847.5,528818.0,527298,530818,701.9,"void at::native::elementwise_kernel<(int)128, (int)2, void at::native::gpu_kernel_impl_nocast<at::native::CUDAFunctor_add<float>>(at::TensorIteratorBase &, const T1 &)::[lambda(int) (instance 1)]>(int, T3)"
:forward,PushPop,30,30,12,144,75101299,521536.8,521458.0,517762,530114,1508.2,cutlass3x_sm100_simt_sgemm_f32_f32_f32_f32_f32_64x32x16_1x1x1_3_nnn_align1_bias_f32_relu
:forward,PushPop,30,30,12,144,33689096,233952.1,233953.0,232353,236001,756.4,"void at::native::vectorized_elementwise_kernel<(int)4, at::native::BUnaryFunctor<float, float, float, at::native::binary_internal::MulFunctor<float>>, std::array<char *, (unsigned long)2>>(int, T2, T3)"
:forward,PushPop,30,30,12,144,33281831,231123.8,231025.0,229537,232993,676.2,"void at::native::vectorized_elementwise_kernel<(int)4, at::native::exp_kernel_cuda(at::TensorIteratorBase &)::[lambda() (instance 2)]::operator ()() const::[lambda() (instance 2)]::operator ()() const::[lambda(float) (instance 1)], std::array<char *, (unsigned long)2>>(int, T2, T3)"
:forward,PushPop,30,30,12,144,27989456,194371.2,194241.0,193505,197793,673.3,"void at::native::reduce_kernel<(int)512, (int)1, at::native::ReduceOp<float, at::native::MaxOps<float>, unsigned int, float, (int)4, (int)4>>(T3)"
:forward,PushPop,30,30,12,1752,20811191,11878.5,12064.0,9504,15904,2260.1,"void at::native::elementwise_kernel<(int)128, (int)2, void at::native::gpu_kernel_impl_nocast<at::native::BinaryFunctor<float, float, float, at::native::binary_internal::MulFunctor<float>>>(at::TensorIteratorBase &, const T1 &)::[lambda(int) (instance 1)]>(int, T3)"
:forward,PushPop,30,30,12,144,20715566,143858.1,143808.0,142976,147553,506.9,"void at::native::reduce_kernel<(int)512, (int)1, at::native::ReduceOp<float, at::native::func_wrapper_t<float, at::native::sum_functor<float, float, float>::operator ()(at::TensorIterator &)::[lambda(float, float) (instance 1)]>, unsigned int, float, (int)4, (int)4>>(T3)"
:forward,PushPop,30,30,12,288,13262005,46048.6,46048.0,44928,47680,387.1,"void at::native::vectorized_elementwise_kernel<(int)4, at::native::BinaryFunctor<float, float, float, at::native::binary_internal::MulFunctor<float>>, std::array<char *, (unsigned long)3>>(int, T2, T3)"
:forward,PushPop,30,30,12,288,9387289,32594.8,32576.0,32288,33440,161.3,"void at::native::<unnamed>::CatArrayBatchedCopy<at::native::<unnamed>::OpaqueType<(unsigned int)4>, unsigned int, (int)4, (int)64, (int)64>(T1 *, at::native::<unnamed>::CatArrInputTensorMetadata<T1, T2, T4, T5>, at::native::<unnamed>::TensorSizeStride<T2, (unsigned int)4>, int, T2)"
:forward,PushPop,30,30,12,288,5634289,19563.5,19936.0,18208,22304,1030.6,"void at::native::elementwise_kernel<(int)128, (int)2, void at::native::gpu_kernel_impl_nocast<at::native::direct_copy_kernel_cuda(at::TensorIteratorBase &)::[lambda() (instance 3)]::operator ()() const::[lambda() (instance 7)]::operator ()() const::[lambda(float) (instance 1)]>(at::TensorIteratorBase &, const T1 &)::[lambda(int) (instance 1)]>(int, T3)"
:forward,PushPop,30,30,12,864,5258900,6086.7,4544.0,4160,10976,2295.8,"void at::native::vectorized_elementwise_kernel<(int)4, at::native::CUDAFunctor_add<float>, std::array<char *, (unsigned long)3>>(int, T2, T3)"
:forward,PushPop,30,30,12,144,4535736,31498.2,31488.0,30528,32320,314.9,"void at::native::vectorized_elementwise_kernel<(int)4, at::native::sigmoid_kernel_cuda(at::TensorIteratorBase &)::[lambda() (instance 2)]::operator ()() const::[lambda() (instance 2)]::operator ()() const::[lambda(float) (instance 1)], std::array<char *, (unsigned long)2>>(int, T2, T3)"
:forward,PushPop,30,30,12,300,1748805,5829.4,5792.0,5600,6976,145.3,"void at::native::vectorized_elementwise_kernel<(int)4, void at::native::<unnamed>::pow_tensor_scalar_kernel_impl<float, float>(at::TensorIteratorBase &, T2)::[lambda(float) (instance 1)], std::array<char *, (unsigned long)2>>(int, T2, T3)"
:forward,PushPop,30,30,12,300,1673160,5577.2,5568.0,5312,5888,59.4,"void at::native::reduce_kernel<(int)512, (int)1, at::native::ReduceOp<float, at::native::MeanOps<float, float, float, float>, unsigned int, float, (int)4, (int)4>>(T3)"
:forward,PushPop,30,30,12,144,1247173,8660.9,8640.0,8576,9024,70.0,"void at::native::elementwise_kernel<(int)128, (int)4, void at::native::gpu_kernel_impl_nocast<at::native::<unnamed>::CompareFunctor<long>>(at::TensorIteratorBase &, const T1 &)::[lambda(int) (instance 1)]>(int, T3)"
:forward,PushPop,30,30,12,300,483461,1611.5,1600.0,1472,1856,75.2,"void at::native::vectorized_elementwise_kernel<(int)4, at::native::CUDAFunctorOnSelf_add<float>, std::array<char *, (unsigned long)2>>(int, T2, T3)"
:forward,PushPop,30,30,12,300,449056,1496.9,1472.0,1408,1728,66.6,"void at::native::vectorized_elementwise_kernel<(int)4, at::native::rsqrt_kernel_cuda(at::TensorIteratorBase &)::[lambda() (instance 2)]::operator ()() const::[lambda() (instance 2)]::operator ()() const::[lambda(float) (instance 1)], std::array<char *, (unsigned long)2>>(int, T2, T3)"
:forward,PushPop,30,30,12,144,170210,1182.0,1152.0,1120,1408,65.1,"void <unnamed>::elementwise_kernel_with_index<int, at::native::arange_cuda_out(const c10::Scalar &, const c10::Scalar &, const c10::Scalar &, at::Tensor &)::[lambda() (instance 1)]::operator ()() const::[lambda() (instance 4)]::operator ()() const::[lambda(long) (instance 1)]>(T1, T2, function_traits<T2>::result_type *)"
:forward,PushPop,30,30,12,144,160514,1114.7,1120.0,928,2272,165.3,"void at::native::vectorized_elementwise_kernel<(int)4, at::native::FillFunctor<float>, std::array<char *, (unsigned long)1>>(int, T2, T3)"
:forward,PushPop,30,30,12,12,128480,10706.7,10880.0,8864,11200,598.3,"void at::native::vectorized_gather_kernel<(int)16, long>(char *, char *, T2 *, int, long, long, long, long, bool)"
:loss,PushPop,30,30,12,24,5010003,208750.1,208576.5,207776,213760,1189.5,"void at::native::elementwise_kernel<(int)128, (int)2, void at::native::gpu_kernel_impl_nocast<at::native::CUDAFunctor_add<float>>(at::TensorIteratorBase &, const T1 &)::[lambda(int) (instance 1)]>(int, T3)"
:loss,PushPop,30,30,12,12,1413637,117803.1,117824.5,117440,118145,221.3,"void at::native::reduce_kernel<(int)512, (int)1, at::native::ReduceOp<float, at::native::MaxOps<float>, unsigned int, float, (int)4, (int)4>>(T3)"
:loss,PushPop,30,30,12,12,1131268,94272.3,94256.5,93824,94912,319.9,"void at::native::vectorized_elementwise_kernel<(int)4, at::native::neg_kernel_cuda(at::TensorIteratorBase &)::[lambda() (instance 2)]::operator ()() const::[lambda() (instance 7)]::operator ()() const::[lambda(float) (instance 1)], std::array<char *, (unsigned long)2>>(int, T2, T3)"
:loss,PushPop,30,30,12,12,1129222,94101.8,94209.0,93184,94624,387.0,"void at::native::vectorized_elementwise_kernel<(int)4, at::native::exp_kernel_cuda(at::TensorIteratorBase &)::[lambda() (instance 2)]::operator ()() const::[lambda() (instance 2)]::operator ()() const::[lambda(float) (instance 1)], std::array<char *, (unsigned long)2>>(int, T2, T3)"
:loss,PushPop,30,30,12,12,943556,78629.7,78560.0,78304,79104,292.3,"void at::native::reduce_kernel<(int)512, (int)1, at::native::ReduceOp<float, at::native::func_wrapper_t<float, at::native::sum_functor<float, float, float>::operator ()(at::TensorIterator &)::[lambda(float, float) (instance 1)]>, unsigned int, float, (int)4, (int)4>>(T3)"
:loss,PushPop,30,30,12,12,147265,12272.1,12272.0,11968,12736,227.8,"void at::native::_scatter_gather_elementwise_kernel<(int)128, (int)8, void at::native::_cuda_scatter_gather_internal_kernel<(bool)0, at::native::OpaqueType<(int)4>, long>::operator ()<at::native::TensorAssign>(at::TensorIterator &, long, long, long, const T1 &)::[lambda(int) (instance 1)]>(int, T3)"
:loss,PushPop,30,30,12,12,41345,3445.4,3456.0,3360,3552,47.8,"void at::native::reduce_kernel<(int)512, (int)1, at::native::ReduceOp<float, at::native::MeanOps<float, float, float, float>, unsigned int, float, (int)4, (int)4>>(T3)"
:loss,PushPop,30,30,12,12,24192,2016.0,2016.0,1888,2176,102.1,"void at::native::vectorized_elementwise_kernel<(int)4, at::native::log_kernel_cuda(at::TensorIteratorBase &)::[lambda() (instance 2)]::operator ()() const::[lambda() (instance 2)]::operator ()() const::[lambda(float) (instance 1)], std::array<char *, (unsigned long)2>>(int, T2, T3)"
:optim_step,PushPop,30,30,12,7992,20236117,2532.0,2176.0,1056,11776,1260.6,"void at::native::vectorized_elementwise_kernel<(int)4, at::native::AUnaryFunctor<float, float, float, at::native::binary_internal::MulFunctor<float>>, std::array<char *, (unsigned long)2>>(int, T2, T3)"
:optim_step,PushPop,30,30,12,5328,12313844,2311.2,1792.0,1088,11809,1258.1,"void at::native::vectorized_elementwise_kernel<(int)4, at::native::CUDAFunctor_add<float>, std::array<char *, (unsigned long)3>>(int, T2, T3)"
:optim_step,PushPop,30,30,12,2664,4504109,1690.7,1376.0,832,5536,703.6,"void at::native::vectorized_elementwise_kernel<(int)4, at::native::FillFunctor<float>, std::array<char *, (unsigned long)1>>(int, T2, T3)"
:optim_step,PushPop,30,30,12,1332,3469685,2604.9,2016.0,1504,13728,1448.9,"void at::native::vectorized_elementwise_kernel<(int)4, at::native::BinaryFunctor<float, float, float, at::native::binary_internal::DivFunctor<float>>, std::array<char *, (unsigned long)3>>(int, T2, T3)"
:optim_step,PushPop,30,30,12,1332,3107529,2333.0,1888.0,1376,10048,1127.1,"void at::native::vectorized_elementwise_kernel<(int)4, at::native::sqrt_kernel_cuda(at::TensorIteratorBase &)::[lambda() (instance 2)]::operator ()() const::[lambda() (instance 2)]::operator ()() const::[lambda(float) (instance 1)], std::array<char *, (unsigned long)2>>(int, T2, T3)"
:optim_step,PushPop,30,30,12,1332,2808362,2108.4,1632.0,1056,11392,1295.4,"void at::native::vectorized_elementwise_kernel<(int)4, void at::native::<unnamed>::pow_tensor_scalar_kernel_impl<float, float>(at::TensorIteratorBase &, T2)::[lambda(float) (instance 1)], std::array<char *, (unsigned long)2>>(int, T2, T3)"
:optim_step,PushPop,30,30,12,1332,2735659,2053.8,1632.0,1088,6784,891.8,"void at::native::vectorized_elementwise_kernel<(int)4, at::native::CUDAFunctorOnSelf_add<float>, std::array<char *, (unsigned long)2>>(int, T2, T3)"
:timing,PushPop,30,30,1,74,56824720,767901.6,729731.5,721763,2167913,230326.0,cutlass3x_sm100_simt_sgemm_f32_f32_f32_f32_f32_128x128x16_1x1x1_3_tnn_align1_bias_f32_relu
:timing,PushPop,30,30,1,96,18473616,192433.5,191649.0,190817,201568,1961.5,cutlass3x_sm100_simt_sgemm_f32_f32_f32_f32_f32_64x128x16_1x1x1_3_tnn_align1_bias_f32_relu
:timing,PushPop,30,30,1,24,17519050,729960.4,730179.0,728099,731107,721.2,cutlass3x_sm100_simt_sgemm_f32_f32_f32_f32_f32_128x64x16_1x1x1_3_tnn_align1_bias_f32_relu
:timing,PushPop,30,30,1,24,14682591,611774.6,611842.5,611139,612547,342.3,"void at::native::elementwise_kernel<(int)128, (int)2, void at::native::gpu_kernel_impl_nocast<at::native::BinaryFunctor<float, float, float, at::native::binary_internal::DivFunctor<float>>>(at::TensorIteratorBase &, const T1 &)::[lambda(int) (instance 1)]>(int, T3)"
:timing,PushPop,30,30,1,28,13529112,483182.6,528898.0,207776,530594,114265.8,"void at::native::elementwise_kernel<(int)128, (int)2, void at::native::gpu_kernel_impl_nocast<at::native::CUDAFunctor_add<float>>(at::TensorIteratorBase &, const T1 &)::[lambda(int) (instance 1)]>(int, T3)"
:timing,PushPop,30,30,1,24,12822775,534282.3,534226.5,533794,534915,302.1,"void at::native::elementwise_kernel<(int)128, (int)2, void at::native::gpu_kernel_impl_nocast<at::native::<unnamed>::where_kernel_impl(at::TensorIterator &)::[lambda() (instance 1)]::operator ()() const::[lambda() (instance 11)]::operator ()() const::[lambda(bool, float, float) (instance 1)]>(at::TensorIteratorBase &, const T1 &)::[lambda(int) (instance 1)]>(int, T3)"
:timing,PushPop,30,30,1,24,12511029,521292.9,521378.0,518467,523074,948.5,cutlass3x_sm100_simt_sgemm_f32_f32_f32_f32_f32_64x32x16_1x1x1_3_nnn_align1_bias_f32_relu
:timing,PushPop,30,30,1,26,5733945,220536.3,230897.0,94113,232705,37196.0,"void at::native::vectorized_elementwise_kernel<(int)4, at::native::exp_kernel_cuda(at::TensorIteratorBase &)::[lambda() (instance 2)]::operator ()() const::[lambda() (instance 2)]::operator ()() const::[lambda(float) (instance 1)], std::array<char *, (unsigned long)2>>(int, T2, T3)"
:timing,PushPop,30,30,1,24,5612439,233851.6,233569.0,232737,235457,802.8,"void at::native::vectorized_elementwise_kernel<(int)4, at::native::BUnaryFunctor<float, float, float, at::native::binary_internal::MulFunctor<float>>, std::array<char *, (unsigned long)2>>(int, T2, T3)"
:timing,PushPop,30,30,1,26,4894740,188259.2,194097.0,117760,194689,20700.2,"void at::native::reduce_kernel<(int)512, (int)1, at::native::ReduceOp<float, at::native::MaxOps<float>, unsigned int, float, (int)4, (int)4>>(T3)"
:timing,PushPop,30,30,1,26,3610351,138859.7,143856.5,78401,144417,17739.9,"void at::native::reduce_kernel<(int)512, (int)1, at::native::ReduceOp<float, at::native::func_wrapper_t<float, at::native::sum_functor<float, float, float>::operator ()(at::TensorIterator &)::[lambda(float, float) (instance 1)]>, unsigned int, float, (int)4, (int)4>>(T3)"
:timing,PushPop,30,30,1,292,3469302,11881.2,12080.0,9504,14976,2254.2,"void at::native::elementwise_kernel<(int)128, (int)2, void at::native::gpu_kernel_impl_nocast<at::native::BinaryFunctor<float, float, float, at::native::binary_internal::MulFunctor<float>>>(at::TensorIteratorBase &, const T1 &)::[lambda(int) (instance 1)]>(int, T3)"
:timing,PushPop,30,30,1,1332,3402159,2554.2,2176.5,1088,11264,1250.9,"void at::native::vectorized_elementwise_kernel<(int)4, at::native::AUnaryFunctor<float, float, float, at::native::binary_internal::MulFunctor<float>>, std::array<char *, (unsigned long)2>>(int, T2, T3)"
:timing,PushPop,30,30,1,1032,2918314,2827.8,1792.0,1088,11232,1955.2,"void at::native::vectorized_elementwise_kernel<(int)4, at::native::CUDAFunctor_add<float>, std::array<char *, (unsigned long)3>>(int, T2, T3)"
:timing,PushPop,30,30,1,48,2208554,46011.5,46048.0,44928,46657,360.6,"void at::native::vectorized_elementwise_kernel<(int)4, at::native::BinaryFunctor<float, float, float, at::native::binary_internal::MulFunctor<float>>, std::array<char *, (unsigned long)3>>(int, T2, T3)"
:timing,PushPop,30,30,1,48,1563204,32566.8,32544.0,32320,33056,157.5,"void at::native::<unnamed>::CatArrayBatchedCopy<at::native::<unnamed>::OpaqueType<(unsigned int)4>, unsigned int, (int)4, (int)64, (int)64>(T1 *, at::native::<unnamed>::CatArrInputTensorMetadata<T1, T2, T4, T5>, at::native::<unnamed>::TensorSizeStride<T2, (unsigned int)4>, int, T2)"
:timing,PushPop,30,30,1,48,937059,19522.1,19712.5,18304,20992,993.5,"void at::native::elementwise_kernel<(int)128, (int)2, void at::native::gpu_kernel_impl_nocast<at::native::direct_copy_kernel_cuda(at::TensorIteratorBase &)::[lambda() (instance 3)]::operator ()() const::[lambda() (instance 7)]::operator ()() const::[lambda(float) (instance 1)]>(at::TensorIteratorBase &, const T1 &)::[lambda(int) (instance 1)]>(int, T3)"
:timing,PushPop,30,30,1,470,789219,1679.2,1408.0,832,5536,680.5,"void at::native::vectorized_elementwise_kernel<(int)4, at::native::FillFunctor<float>, std::array<char *, (unsigned long)1>>(int, T2, T3)"
:timing,PushPop,30,30,1,272,757187,2783.8,1664.0,1056,11104,1837.5,"void at::native::vectorized_elementwise_kernel<(int)4, void at::native::<unnamed>::pow_tensor_scalar_kernel_impl<float, float>(at::TensorIteratorBase &, T2)::[lambda(float) (instance 1)], std::array<char *, (unsigned long)2>>(int, T2, T3)"
:timing,PushPop,30,30,1,24,756836,31534.8,31440.0,31072,32288,327.3,"void at::native::vectorized_elementwise_kernel<(int)4, at::native::sigmoid_kernel_cuda(at::TensorIteratorBase &)::[lambda() (instance 2)]::operator ()() const::[lambda() (instance 2)]::operator ()() const::[lambda(float) (instance 1)], std::array<char *, (unsigned long)2>>(int, T2, T3)"
:timing,PushPop,30,30,1,222,578916,2607.7,2016.0,1696,13248,1468.0,"void at::native::vectorized_elementwise_kernel<(int)4, at::native::BinaryFunctor<float, float, float, at::native::binary_internal::DivFunctor<float>>, std::array<char *, (unsigned long)3>>(int, T2, T3)"
:timing,PushPop,30,30,1,272,535840,1970.0,1600.0,1120,6720,814.9,"void at::native::vectorized_elementwise_kernel<(int)4, at::native::CUDAFunctorOnSelf_add<float>, std::array<char *, (unsigned long)2>>(int, T2, T3)"
:timing,PushPop,30,30,1,222,519712,2341.0,1920.0,1536,10048,1134.1,"void at::native::vectorized_elementwise_kernel<(int)4, at::native::sqrt_kernel_cuda(at::TensorIteratorBase &)::[lambda() (instance 2)]::operator ()() const::[lambda() (instance 2)]::operator ()() const::[lambda(float) (instance 1)], std::array<char *, (unsigned long)2>>(int, T2, T3)"
:timing,PushPop,30,30,1,52,285409,5488.6,5568.0,3456,5696,413.1,"void at::native::reduce_kernel<(int)512, (int)1, at::native::ReduceOp<float, at::native::MeanOps<float, float, float, float>, unsigned int, float, (int)4, (int)4>>(T3)"
:timing,PushPop,30,30,1,24,207041,8626.7,8640.0,8576,8672,26.6,"void at::native::elementwise_kernel<(int)128, (int)4, void at::native::gpu_kernel_impl_nocast<at::native::<unnamed>::CompareFunctor<long>>(at::TensorIteratorBase &, const T1 &)::[lambda(int) (instance 1)]>(int, T3)"
:timing,PushPop,30,30,1,2,188641,94320.5,94320.5,94145,94496,248.2,"void at::native::vectorized_elementwise_kernel<(int)4, at::native::neg_kernel_cuda(at::TensorIteratorBase &)::[lambda() (instance 2)]::operator ()() const::[lambda() (instance 7)]::operator ()() const::[lambda(float) (instance 1)], std::array<char *, (unsigned long)2>>(int, T2, T3)"
:timing,PushPop,30,30,1,50,74432,1488.6,1472.0,1408,1728,62.8,"void at::native::vectorized_elementwise_kernel<(int)4, at::native::rsqrt_kernel_cuda(at::TensorIteratorBase &)::[lambda() (instance 2)]::operator ()() const::[lambda() (instance 2)]::operator ()() const::[lambda(float) (instance 1)], std::array<char *, (unsigned long)2>>(int, T2, T3)"
:timing,PushPop,30,30,1,24,28384,1182.7,1152.0,1120,1376,69.6,"void <unnamed>::elementwise_kernel_with_index<int, at::native::arange_cuda_out(const c10::Scalar &, const c10::Scalar &, const c10::Scalar &, at::Tensor &)::[lambda() (instance 1)]::operator ()() const::[lambda() (instance 4)]::operator ()() const::[lambda(long) (instance 1)]>(T1, T2, function_traits<T2>::result_type *)"
:timing,PushPop,30,30,1,2,24864,12432.0,12432.0,12128,12736,429.9,"void at::native::_scatter_gather_elementwise_kernel<(int)128, (int)8, void at::native::_cuda_scatter_gather_internal_kernel<(bool)0, at::native::OpaqueType<(int)4>, long>::operator ()<at::native::TensorAssign>(at::TensorIterator &, long, long, long, const T1 &)::[lambda(int) (instance 1)]>(int, T3)"
:timing,PushPop,30,30,1,2,22144,11072.0,11072.0,10944,11200,181.0,"void at::native::vectorized_gather_kernel<(int)16, long>(char *, char *, T2 *, int, long, long, long, long, bool)"
:timing,PushPop,30,30,1,2,4064,2032.0,2032.0,1984,2080,67.9,"void at::native::vectorized_elementwise_kernel<(int)4, at::native::log_kernel_cuda(at::TensorIteratorBase &)::[lambda() (instance 2)]::operator ()() const::[lambda() (instance 2)]::operator ()() const::[lambda(float) (instance 1)], std::array<char *, (unsigned long)2>>(int, T2, T3)"
:warmup,PushPop,30,30,1,370,284541818,769031.9,729731.0,721155,2169097,233213.7,cutlass3x_sm100_simt_sgemm_f32_f32_f32_f32_f32_128x128x16_1x1x1_3_tnn_align1_bias_f32_relu
:warmup,PushPop,30,30,1,480,92488667,192684.7,192033.0,190625,204001,2088.1,cutlass3x_sm100_simt_sgemm_f32_f32_f32_f32_f32_64x128x16_1x1x1_3_tnn_align1_bias_f32_relu
:warmup,PushPop,30,30,1,120,87647490,730395.8,730307.0,727843,750595,2051.4,cutlass3x_sm100_simt_sgemm_f32_f32_f32_f32_f32_128x64x16_1x1x1_3_tnn_align1_bias_f32_relu
:warmup,PushPop,30,30,1,120,73515876,612632.3,611938.0,610722,622722,2475.8,"void at::native::elementwise_kernel<(int)128, (int)2, void at::native::gpu_kernel_impl_nocast<at::native::BinaryFunctor<float, float, float, at::native::binary_internal::DivFunctor<float>>>(at::TensorIteratorBase &, const T1 &)::[lambda(int) (instance 1)]>(int, T3)"
:warmup,PushPop,30,30,1,140,67634929,483106.6,528674.0,207809,530818,112376.8,"void at::native::elementwise_kernel<(int)128, (int)2, void at::native::gpu_kernel_impl_nocast<at::native::CUDAFunctor_add<float>>(at::TensorIteratorBase &, const T1 &)::[lambda(int) (instance 1)]>(int, T3)"
:warmup,PushPop,30,30,1,120,64124995,534375.0,534114.0,533283,540738,1097.5,"void at::native::elementwise_kernel<(int)128, (int)2, void at::native::gpu_kernel_impl_nocast<at::native::<unnamed>::where_kernel_impl(at::TensorIterator &)::[lambda() (instance 1)]::operator ()() const::[lambda() (instance 11)]::operator ()() const::[lambda(bool, float, float) (instance 1)]>(at::TensorIteratorBase &, const T1 &)::[lambda(int) (instance 1)]>(int, T3)"
:warmup,PushPop,30,30,1,120,62590270,521585.6,521490.0,517762,530114,1595.4,cutlass3x_sm100_simt_sgemm_f32_f32_f32_f32_f32_64x32x16_1x1x1_3_nnn_align1_bias_f32_relu
:warmup,PushPop,30,30,1,130,28677108,220593.1,230977.0,93184,232993,36668.2,"void at::native::vectorized_elementwise_kernel<(int)4, at::native::exp_kernel_cuda(at::TensorIteratorBase &)::[lambda() (instance 2)]::operator ()() const::[lambda() (instance 2)]::operator ()() const::[lambda(float) (instance 1)], std::array<char *, (unsigned long)2>>(int, T2, T3)"
:warmup,PushPop,30,30,1,120,28076657,233972.1,233953.0,232353,236001,748.6,"void at::native::vectorized_elementwise_kernel<(int)4, at::native::BUnaryFunctor<float, float, float, at::native::binary_internal::MulFunctor<float>>, std::array<char *, (unsigned long)2>>(int, T2, T3)"
:warmup,PushPop,30,30,1,130,24508353,188525.8,194209.0,117440,197793,20515.0,"void at::native::reduce_kernel<(int)512, (int)1, at::native::ReduceOp<float, at::native::MaxOps<float>, unsigned int, float, (int)4, (int)4>>(T3)"
:warmup,PushPop,30,30,1,130,18048771,138836.7,143713.0,78304,147553,17454.2,"void at::native::reduce_kernel<(int)512, (int)1, at::native::ReduceOp<float, at::native::func_wrapper_t<float, at::native::sum_functor<float, float, float>::operator ()(at::TensorIterator &)::[lambda(float, float) (instance 1)]>, unsigned int, float, (int)4, (int)4>>(T3)"
:warmup,PushPop,30,30,1,1460,17341889,11878.0,12064.0,9504,15904,2262.0,"void at::native::elementwise_kernel<(int)128, (int)2, void at::native::gpu_kernel_impl_nocast<at::native::BinaryFunctor<float, float, float, at::native::binary_internal::MulFunctor<float>>>(at::TensorIteratorBase &, const T1 &)::[lambda(int) (instance 1)]>(int, T3)"
:warmup,PushPop,30,30,1,6660,16833958,2527.6,2176.0,1056,11776,1262.6,"void at::native::vectorized_elementwise_kernel<(int)4, at::native::AUnaryFunctor<float, float, float, at::native::binary_internal::MulFunctor<float>>, std::array<char *, (unsigned long)2>>(int, T2, T3)"
:warmup,PushPop,30,30,1,5160,14654430,2840.0,1824.0,1088,11809,1950.9,"void at::native::vectorized_elementwise_kernel<(int)4, at::native::CUDAFunctor_add<float>, std::array<char *, (unsigned long)3>>(int, T2, T3)"
:warmup,PushPop,30,30,1,240,11053451,46056.0,46048.5,45024,47680,392.5,"void at::native::vectorized_elementwise_kernel<(int)4, at::native::BinaryFunctor<float, float, float, at::native::binary_internal::MulFunctor<float>>, std::array<char *, (unsigned long)3>>(int, T2, T3)"
:warmup,PushPop,30,30,1,240,7824085,32600.4,32576.0,32288,33440,161.7,"void at::native::<unnamed>::CatArrayBatchedCopy<at::native::<unnamed>::OpaqueType<(unsigned int)4>, unsigned int, (int)4, (int)64, (int)64>(T1 *, at::native::<unnamed>::CatArrInputTensorMetadata<T1, T2, T4, T5>, at::native::<unnamed>::TensorSizeStride<T2, (unsigned int)4>, int, T2)"
:warmup,PushPop,30,30,1,240,4697230,19571.8,19936.0,18208,22304,1039.7,"void at::native::elementwise_kernel<(int)128, (int)2, void at::native::gpu_kernel_impl_nocast<at::native::direct_copy_kernel_cuda(at::TensorIteratorBase &)::[lambda() (instance 3)]::operator ()() const::[lambda() (instance 7)]::operator ()() const::[lambda(float) (instance 1)]>(at::TensorIteratorBase &, const T1 &)::[lambda(int) (instance 1)]>(int, T3)"
:warmup,PushPop,30,30,1,2350,3888940,1654.9,1376.0,832,5504,700.8,"void at::native::vectorized_elementwise_kernel<(int)4, at::native::FillFunctor<float>, std::array<char *, (unsigned long)1>>(int, T2, T3)"
:warmup,PushPop,30,30,1,1360,3799980,2794.1,1664.0,1056,11392,1862.7,"void at::native::vectorized_elementwise_kernel<(int)4, void at::native::<unnamed>::pow_tensor_scalar_kernel_impl<float, float>(at::TensorIteratorBase &, T2)::[lambda(float) (instance 1)], std::array<char *, (unsigned long)2>>(int, T2, T3)"
:warmup,PushPop,30,30,1,120,3778900,31490.8,31488.0,30528,32320,313.3,"void at::native::vectorized_elementwise_kernel<(int)4, at::native::sigmoid_kernel_cuda(at::TensorIteratorBase &)::[lambda() (instance 2)]::operator ()() const::[lambda() (instance 2)]::operator ()() const::[lambda(float) (instance 1)], std::array<char *, (unsigned long)2>>(int, T2, T3)"
:warmup,PushPop,30,30,1,1110,2890769,2604.3,2016.0,1504,13728,1445.8,"void at::native::vectorized_elementwise_kernel<(int)4, at::native::BinaryFunctor<float, float, float, at::native::binary_internal::DivFunctor<float>>, std::array<char *, (unsigned long)3>>(int, T2, T3)"
:warmup,PushPop,30,30,1,1360,2683280,1973.0,1600.0,1088,6784,826.4,"void at::native::vectorized_elementwise_kernel<(int)4, at::native::CUDAFunctorOnSelf_add<float>, std::array<char *, (unsigned long)2>>(int, T2, T3)"
:warmup,PushPop,30,30,1,1110,2587817,2331.4,1888.0,1376,10016,1126.2,"void at::native::vectorized_elementwise_kernel<(int)4, at::native::sqrt_kernel_cuda(at::TensorIteratorBase &)::[lambda() (instance 2)]::operator ()() const::[lambda() (instance 2)]::operator ()() const::[lambda(float) (instance 1)], std::array<char *, (unsigned long)2>>(int, T2, T3)"
:warmup,PushPop,30,30,1,260,1429096,5496.5,5568.0,3360,5888,415.9,"void at::native::reduce_kernel<(int)512, (int)1, at::native::ReduceOp<float, at::native::MeanOps<float, float, float, float>, unsigned int, float, (int)4, (int)4>>(T3)"
:warmup,PushPop,30,30,1,120,1040132,8667.8,8640.0,8576,9024,74.0,"void at::native::elementwise_kernel<(int)128, (int)4, void at::native::gpu_kernel_impl_nocast<at::native::<unnamed>::CompareFunctor<long>>(at::TensorIteratorBase &, const T1 &)::[lambda(int) (instance 1)]>(int, T3)"
:warmup,PushPop,30,30,1,10,942627,94262.7,94256.5,93824,94912,343.0,"void at::native::vectorized_elementwise_kernel<(int)4, at::native::neg_kernel_cuda(at::TensorIteratorBase &)::[lambda() (instance 2)]::operator ()() const::[lambda() (instance 7)]::operator ()() const::[lambda(float) (instance 1)], std::array<char *, (unsigned long)2>>(int, T2, T3)"
:warmup,PushPop,30,30,1,250,374624,1498.5,1472.0,1408,1696,67.4,"void at::native::vectorized_elementwise_kernel<(int)4, at::native::rsqrt_kernel_cuda(at::TensorIteratorBase &)::[lambda() (instance 2)]::operator ()() const::[lambda() (instance 2)]::operator ()() const::[lambda(float) (instance 1)], std::array<char *, (unsigned long)2>>(int, T2, T3)"
:warmup,PushPop,30,30,1,120,141826,1181.9,1152.0,1120,1408,64.5,"void <unnamed>::elementwise_kernel_with_index<int, at::native::arange_cuda_out(const c10::Scalar &, const c10::Scalar &, const c10::Scalar &, at::Tensor &)::[lambda() (instance 1)]::operator ()() const::[lambda() (instance 4)]::operator ()() const::[lambda(long) (instance 1)]>(T1, T2, function_traits<T2>::result_type *)"
:warmup,PushPop,30,30,1,10,122401,12240.1,12272.0,11968,12513,189.9,"void at::native::_scatter_gather_elementwise_kernel<(int)128, (int)8, void at::native::_cuda_scatter_gather_internal_kernel<(bool)0, at::native::OpaqueType<(int)4>, long>::operator ()<at::native::TensorAssign>(at::TensorIterator &, long, long, long, const T1 &)::[lambda(int) (instance 1)]>(int, T3)"
:warmup,PushPop,30,30,1,10,106336,10633.6,10832.0,8864,10976,631.1,"void at::native::vectorized_gather_kernel<(int)16, long>(char *, char *, T2 *, int, long, long, long, long, bool)"
:warmup,PushPop,30,30,1,10,20128,2012.8,2016.0,1888,2176,110.3,"void at::native::vectorized_elementwise_kernel<(int)4, at::native::log_kernel_cuda(at::TensorIteratorBase &)::[lambda() (instance 2)]::operator ()() const::[lambda() (instance 2)]::operator ()() const::[lambda(float) (instance 1)], std::array<char *, (unsigned long)2>>(int, T2, T3)"
CCCL:cub::DeviceRadixSort,PushPop,30,50,12,24,176545,7356.0,7312.0,6816,7904,299.5,"void at_cuda_detail::cub::detail::radix_sort::DeviceRadixSortOnesweepKernel<at_cuda_detail::cub::detail::radix::policy_hub<long, at::cuda::cub::detail::OpaqueType<(int)8>, unsigned long long>::Policy1000, (at_cuda_detail::cub::SortOrder)0, long, at::cuda::cub::detail::OpaqueType<(int)8>, unsigned long long, int, int, at_cuda_detail::cub::detail::identity_decomposer_t>(T7 *, T7 *, T5 *, const T5 *, T3 *, const T3 *, T4 *, const T4 *, T6, int, int, T8)"
CCCL:cub::DeviceRadixSort,PushPop,30,50,12,12,32704,2725.3,2720.0,2624,2848,65.2,"void at_cuda_detail::cub::detail::radix_sort::DeviceRadixSortHistogramKernel<at_cuda_detail::cub::detail::radix::policy_hub<long, at::cuda::cub::detail::OpaqueType<(int)8>, unsigned long long>::Policy1000, (at_cuda_detail::cub::SortOrder)0, long, unsigned long long, at_cuda_detail::cub::detail::identity_decomposer_t>(T4 *, const T3 *, T4, int, int, T5)"
CCCL:cub::DeviceRadixSort,PushPop,30,50,12,12,19552,1629.3,1680.0,1312,1888,163.4,"void at_cuda_detail::cub::detail::radix_sort::DeviceRadixSortExclusiveSumKernel<at_cuda_detail::cub::detail::radix::policy_hub<long, at::cuda::cub::detail::OpaqueType<(int)8>, unsigned long long>::Policy1000, unsigned long long>(T2 *)"
PyTorch:BasicsTransformerLM.layers.0,PushPop,30,30,12,36,26361611,732267.0,728515.0,721155,762659,10443.6,cutlass3x_sm100_simt_sgemm_f32_f32_f32_f32_f32_128x128x16_1x1x1_3_tnn_align1_bias_f32_relu
PyTorch:BasicsTransformerLM.layers.0,PushPop,30,30,12,48,9486952,197644.8,198321.0,192096,204001,3361.0,cutlass3x_sm100_simt_sgemm_f32_f32_f32_f32_f32_64x128x16_1x1x1_3_tnn_align1_bias_f32_relu
PyTorch:BasicsTransformerLM.layers.0,PushPop,30,30,12,12,8764516,730376.3,728595.0,728099,750595,6375.9,cutlass3x_sm100_simt_sgemm_f32_f32_f32_f32_f32_128x64x16_1x1x1_3_tnn_align1_bias_f32_relu
PyTorch:BasicsTransformerLM.layers.0,PushPop,30,30,12,12,7346720,612226.7,611523.0,610979,620610,2655.8,"void at::native::elementwise_kernel<(int)128, (int)2, void at::native::gpu_kernel_impl_nocast<at::native::BinaryFunctor<float, float, float, at::native::binary_internal::DivFunctor<float>>>(at::TensorIteratorBase &, const T1 &)::[lambda(int) (instance 1)]>(int, T3)"
PyTorch:BasicsTransformerLM.layers.0,PushPop,30,30,12,12,6413018,534418.2,534194.0,533699,537314,933.0,"void at::native::elementwise_kernel<(int)128, (int)2, void at::native::gpu_kernel_impl_nocast<at::native::<unnamed>::where_kernel_impl(at::TensorIterator &)::[lambda() (instance 1)]::operator ()() const::[lambda() (instance 11)]::operator ()() const::[lambda(bool, float, float) (instance 1)]>(at::TensorIteratorBase &, const T1 &)::[lambda(int) (instance 1)]>(int, T3)"
PyTorch:BasicsTransformerLM.layers.0,PushPop,30,30,12,12,6344473,528706.1,528642.0,527874,530274,709.2,"void at::native::elementwise_kernel<(int)128, (int)2, void at::native::gpu_kernel_impl_nocast<at::native::CUDAFunctor_add<float>>(at::TensorIteratorBase &, const T1 &)::[lambda(int) (instance 1)]>(int, T3)"
PyTorch:BasicsTransformerLM.layers.0,PushPop,30,30,12,12,6240537,520044.8,519362.0,517762,530114,3241.6,cutlass3x_sm100_simt_sgemm_f32_f32_f32_f32_f32_64x32x16_1x1x1_3_nnn_align1_bias_f32_relu
PyTorch:BasicsTransformerLM.layers.0,PushPop,30,30,12,12,2806348,233862.3,233889.0,233313,234817,407.5,"void at::native::vectorized_elementwise_kernel<(int)4, at::native::BUnaryFunctor<float, float, float, at::native::binary_internal::MulFunctor<float>>, std::array<char *, (unsigned long)2>>(int, T2, T3)"
PyTorch:BasicsTransformerLM.layers.0,PushPop,30,30,12,12,2775468,231289.0,231297.0,229729,232289,752.5,"void at::native::vectorized_elementwise_kernel<(int)4, at::native::exp_kernel_cuda(at::TensorIteratorBase &)::[lambda() (instance 2)]::operator ()() const::[lambda() (instance 2)]::operator ()() const::[lambda(float) (instance 1)], std::array<char *, (unsigned long)2>>(int, T2, T3)"
PyTorch:BasicsTransformerLM.layers.0,PushPop,30,30,12,12,2333802,194483.5,194304.5,193761,196545,722.1,"void at::native::reduce_kernel<(int)512, (int)1, at::native::ReduceOp<float, at::native::MaxOps<float>, unsigned int, float, (int)4, (int)4>>(T3)"
PyTorch:BasicsTransformerLM.layers.0,PushPop,30,30,12,12,1727205,143933.8,144000.0,143232,144385,378.8,"void at::native::reduce_kernel<(int)512, (int)1, at::native::ReduceOp<float, at::native::func_wrapper_t<float, at::native::sum_functor<float, float, float>::operator ()(at::TensorIterator &)::[lambda(float, float) (instance 1)]>, unsigned int, float, (int)4, (int)4>>(T3)"
PyTorch:BasicsTransformerLM.layers.0,PushPop,30,30,12,144,1704359,11835.8,11088.0,9536,15104,2259.0,"void at::native::elementwise_kernel<(int)128, (int)2, void at::native::gpu_kernel_impl_nocast<at::native::BinaryFunctor<float, float, float, at::native::binary_internal::MulFunctor<float>>>(at::TensorIteratorBase &, const T1 &)::[lambda(int) (instance 1)]>(int, T3)"
PyTorch:BasicsTransformerLM.layers.0,PushPop,30,30,12,24,1105414,46058.9,46144.0,45280,46657,400.9,"void at::native::vectorized_elementwise_kernel<(int)4, at::native::BinaryFunctor<float, float, float, at::native::binary_internal::MulFunctor<float>>, std::array<char *, (unsigned long)3>>(int, T2, T3)"
PyTorch:BasicsTransformerLM.layers.0,PushPop,30,30,12,24,784931,32705.5,32640.0,32449,33440,236.4,"void at::native::<unnamed>::CatArrayBatchedCopy<at::native::<unnamed>::OpaqueType<(unsigned int)4>, unsigned int, (int)4, (int)64, (int)64>(T1 *, at::native::<unnamed>::CatArrInputTensorMetadata<T1, T2, T4, T5>, at::native::<unnamed>::TensorSizeStride<T2, (unsigned int)4>, int, T2)"
PyTorch:BasicsTransformerLM.layers.0,PushPop,30,30,12,24,473024,19709.3,19952.0,18496,20960,790.2,"void at::native::elementwise_kernel<(int)128, (int)2, void at::native::gpu_kernel_impl_nocast<at::native::direct_copy_kernel_cuda(at::TensorIteratorBase &)::[lambda() (instance 3)]::operator ()() const::[lambda() (instance 7)]::operator ()() const::[lambda(float) (instance 1)]>(at::TensorIteratorBase &, const T1 &)::[lambda(int) (instance 1)]>(int, T3)"
PyTorch:BasicsTransformerLM.layers.0,PushPop,30,30,12,72,438499,6090.3,4544.0,4256,9856,2335.9,"void at::native::vectorized_elementwise_kernel<(int)4, at::native::CUDAFunctor_add<float>, std::array<char *, (unsigned long)3>>(int, T2, T3)"
PyTorch:BasicsTransformerLM.layers.0,PushPop,30,30,12,12,378881,31573.4,31568.0,30912,32320,417.3,"void at::native::vectorized_elementwise_kernel<(int)4, at::native::sigmoid_kernel_cuda(at::TensorIteratorBase &)::[lambda() (instance 2)]::operator ()() const::[lambda() (instance 2)]::operator ()() const::[lambda(float) (instance 1)], std::array<char *, (unsigned long)2>>(int, T2, T3)"
PyTorch:BasicsTransformerLM.layers.0,PushPop,30,30,12,24,140384,5849.3,5824.0,5600,6592,191.3,"void at::native::vectorized_elementwise_kernel<(int)4, void at::native::<unnamed>::pow_tensor_scalar_kernel_impl<float, float>(at::TensorIteratorBase &, T2)::[lambda(float) (instance 1)], std::array<char *, (unsigned long)2>>(int, T2, T3)"
PyTorch:BasicsTransformerLM.layers.0,PushPop,30,30,12,24,133793,5574.7,5600.0,5312,5760,92.9,"void at::native::reduce_kernel<(int)512, (int)1, at::native::ReduceOp<float, at::native::MeanOps<float, float, float, float>, unsigned int, float, (int)4, (int)4>>(T3)"
PyTorch:BasicsTransformerLM.layers.0,PushPop,30,30,12,12,104160,8680.0,8672.0,8608,8768,53.1,"void at::native::elementwise_kernel<(int)128, (int)4, void at::native::gpu_kernel_impl_nocast<at::native::<unnamed>::CompareFunctor<long>>(at::TensorIteratorBase &, const T1 &)::[lambda(int) (instance 1)]>(int, T3)"
PyTorch:BasicsTransformerLM.layers.0,PushPop,30,30,12,24,37216,1550.7,1536.0,1472,1664,55.8,"void at::native::vectorized_elementwise_kernel<(int)4, at::native::CUDAFunctorOnSelf_add<float>, std::array<char *, (unsigned long)2>>(int, T2, T3)"
PyTorch:BasicsTransformerLM.layers.0,PushPop,30,30,12,24,36064,1502.7,1488.0,1408,1600,62.2,"void at::native::vectorized_elementwise_kernel<(int)4, at::native::rsqrt_kernel_cuda(at::TensorIteratorBase &)::[lambda() (instance 2)]::operator ()() const::[lambda() (instance 2)]::operator ()() const::[lambda(float) (instance 1)], std::array<char *, (unsigned long)2>>(int, T2, T3)"
PyTorch:BasicsTransformerLM.layers.0,PushPop,30,30,12,12,14113,1176.1,1152.0,1120,1344,65.6,"void <unnamed>::elementwise_kernel_with_index<int, at::native::arange_cuda_out(const c10::Scalar &, const c10::Scalar &, const c10::Scalar &, at::Tensor &)::[lambda() (instance 1)]::operator ()() const::[lambda() (instance 4)]::operator ()() const::[lambda(long) (instance 1)]>(T1, T2, function_traits<T2>::result_type *)"
PyTorch:BasicsTransformerLM.layers.0,PushPop,30,30,12,12,13280,1106.7,1136.0,928,1376,147.2,"void at::native::vectorized_elementwise_kernel<(int)4, at::native::FillFunctor<float>, std::array<char *, (unsigned long)1>>(int, T2, T3)"
PyTorch:BasicsTransformerLM.layers.0.attn,PushPop,30,30,12,48,9486952,197644.8,198321.0,192096,204001,3361.0,cutlass3x_sm100_simt_sgemm_f32_f32_f32_f32_f32_64x128x16_1x1x1_3_tnn_align1_bias_f32_relu
PyTorch:BasicsTransformerLM.layers.0.attn,PushPop,30,30,12,12,8928996,744083.0,742435.0,741859,762659,5856.8,cutlass3x_sm100_simt_sgemm_f32_f32_f32_f32_f32_128x128x16_1x1x1_3_tnn_align1_bias_f32_relu
PyTorch:BasicsTransformerLM.layers.0.attn,PushPop,30,30,12,12,7346720,612226.7,611523.0,610979,620610,2655.8,"void at::native::elementwise_kernel<(int)128, (int)2, void at::native::gpu_kernel_impl_nocast<at::native::BinaryFunctor<float, float, float, at::native::binary_internal::DivFunctor<float>>>(at::TensorIteratorBase &, const T1 &)::[lambda(int) (instance 1)]>(int, T3)"
PyTorch:BasicsTransformerLM.layers.0.attn,PushPop,30,30,12,12,6413018,534418.2,534194.0,533699,537314,933.0,"void at::native::elementwise_kernel<(int)128, (int)2, void at::native::gpu_kernel_impl_nocast<at::native::<unnamed>::where_kernel_impl(at::TensorIterator &)::[lambda() (instance 1)]::operator ()() const::[lambda() (instance 11)]::operator ()() const::[lambda(bool, float, float) (instance 1)]>(at::TensorIteratorBase &, const T1 &)::[lambda(int) (instance 1)]>(int, T3)"
PyTorch:BasicsTransformerLM.layers.0.attn,PushPop,30,30,12,12,6344473,528706.1,528642.0,527874,530274,709.2,"void at::native::elementwise_kernel<(int)128, (int)2, void at::native::gpu_kernel_impl_nocast<at::native::CUDAFunctor_add<float>>(at::TensorIteratorBase &, const T1 &)::[lambda(int) (instance 1)]>(int, T3)"
PyTorch:BasicsTransformerLM.layers.0.attn,PushPop,30,30,12,12,6240537,520044.8,519362.0,517762,530114,3241.6,cutlass3x_sm100_simt_sgemm_f32_f32_f32_f32_f32_64x32x16_1x1x1_3_nnn_align1_bias_f32_relu
PyTorch:BasicsTransformerLM.layers.0.attn,PushPop,30,30,12,12,2806348,233862.3,233889.0,233313,234817,407.5,"void at::native::vectorized_elementwise_kernel<(int)4, at::native::BUnaryFunctor<float, float, float, at::native::binary_internal::MulFunctor<float>>, std::array<char *, (unsigned long)2>>(int, T2, T3)"
PyTorch:BasicsTransformerLM.layers.0.attn,PushPop,30,30,12,12,2775468,231289.0,231297.0,229729,232289,752.5,"void at::native::vectorized_elementwise_kernel<(int)4, at::native::exp_kernel_cuda(at::TensorIteratorBase &)::[lambda() (instance 2)]::operator ()() const::[lambda() (instance 2)]::operator ()() const::[lambda(float) (instance 1)], std::array<char *, (unsigned long)2>>(int, T2, T3)"
PyTorch:BasicsTransformerLM.layers.0.attn,PushPop,30,30,12,12,2333802,194483.5,194304.5,193761,196545,722.1,"void at::native::reduce_kernel<(int)512, (int)1, at::native::ReduceOp<float, at::native::MaxOps<float>, unsigned int, float, (int)4, (int)4>>(T3)"
PyTorch:BasicsTransformerLM.layers.0.attn,PushPop,30,30,12,12,1727205,143933.8,144000.0,143232,144385,378.8,"void at::native::reduce_kernel<(int)512, (int)1, at::native::ReduceOp<float, at::native::func_wrapper_t<float, at::native::sum_functor<float, float, float>::operator ()(at::TensorIterator &)::[lambda(float, float) (instance 1)]>, unsigned int, float, (int)4, (int)4>>(T3)"
PyTorch:BasicsTransformerLM.layers.0.attn,PushPop,30,30,12,96,995653,10371.4,9824.0,9536,12577,1083.5,"void at::native::elementwise_kernel<(int)128, (int)2, void at::native::gpu_kernel_impl_nocast<at::native::BinaryFunctor<float, float, float, at::native::binary_internal::MulFunctor<float>>>(at::TensorIteratorBase &, const T1 &)::[lambda(int) (instance 1)]>(int, T3)"
PyTorch:BasicsTransformerLM.layers.0.attn,PushPop,30,30,12,24,784931,32705.5,32640.0,32449,33440,236.4,"void at::native::<unnamed>::CatArrayBatchedCopy<at::native::<unnamed>::OpaqueType<(unsigned int)4>, unsigned int, (int)4, (int)64, (int)64>(T1 *, at::native::<unnamed>::CatArrInputTensorMetadata<T1, T2, T4, T5>, at::native::<unnamed>::TensorSizeStride<T2, (unsigned int)4>, int, T2)"
PyTorch:BasicsTransformerLM.layers.0.attn,PushPop,30,30,12,24,473024,19709.3,19952.0,18496,20960,790.2,"void at::native::elementwise_kernel<(int)128, (int)2, void at::native::gpu_kernel_impl_nocast<at::native::direct_copy_kernel_cuda(at::TensorIteratorBase &)::[lambda() (instance 3)]::operator ()() const::[lambda() (instance 7)]::operator ()() const::[lambda(float) (instance 1)]>(at::TensorIteratorBase &, const T1 &)::[lambda(int) (instance 1)]>(int, T3)"
PyTorch:BasicsTransformerLM.layers.0.attn,PushPop,30,30,12,48,214082,4460.0,4448.0,4256,4800,134.9,"void at::native::vectorized_elementwise_kernel<(int)4, at::native::CUDAFunctor_add<float>, std::array<char *, (unsigned long)3>>(int, T2, T3)"
PyTorch:BasicsTransformerLM.layers.0.attn,PushPop,30,30,12,12,104160,8680.0,8672.0,8608,8768,53.1,"void at::native::elementwise_kernel<(int)128, (int)4, void at::native::gpu_kernel_impl_nocast<at::native::<unnamed>::CompareFunctor<long>>(at::TensorIteratorBase &, const T1 &)::[lambda(int) (instance 1)]>(int, T3)"
PyTorch:BasicsTransformerLM.layers.0.attn,PushPop,30,30,12,12,14113,1176.1,1152.0,1120,1344,65.6,"void <unnamed>::elementwise_kernel_with_index<int, at::native::arange_cuda_out(const c10::Scalar &, const c10::Scalar &, const c10::Scalar &, at::Tensor &)::[lambda() (instance 1)]::operator ()() const::[lambda() (instance 4)]::operator ()() const::[lambda(long) (instance 1)]>(T1, T2, function_traits<T2>::result_type *)"
PyTorch:BasicsTransformerLM.layers.0.attn,PushPop,30,30,12,12,13280,1106.7,1136.0,928,1376,147.2,"void at::native::vectorized_elementwise_kernel<(int)4, at::native::FillFunctor<float>, std::array<char *, (unsigned long)1>>(int, T2, T3)"
PyTorch:BasicsTransformerLM.layers.0.attn.k_proj,PushPop,30,30,12,12,2387979,198998.3,198721.0,198305,201120,814.8,cutlass3x_sm100_simt_sgemm_f32_f32_f32_f32_f32_64x128x16_1x1x1_3_tnn_align1_bias_f32_relu
PyTorch:BasicsTransformerLM.layers.0.attn.output_proj,PushPop,30,30,12,12,2315338,192944.8,192673.0,192096,197025,1322.2,cutlass3x_sm100_simt_sgemm_f32_f32_f32_f32_f32_64x128x16_1x1x1_3_tnn_align1_bias_f32_relu
PyTorch:BasicsTransformerLM.layers.0.attn.positional_encoder,PushPop,30,30,288,1152,11963477,10385.0,9793.0,9504,13728,1110.6,"void at::native::elementwise_kernel<(int)128, (int)2, void at::native::gpu_kernel_impl_nocast<at::native::BinaryFunctor<float, float, float, at::native::binary_internal::MulFunctor<float>>>(at::TensorIteratorBase &, const T1 &)::[lambda(int) (instance 1)]>(int, T3)"
PyTorch:BasicsTransformerLM.layers.0.attn.positional_encoder,PushPop,30,30,288,288,9387289,32594.8,32576.0,32288,33440,161.3,"void at::native::<unnamed>::CatArrayBatchedCopy<at::native::<unnamed>::OpaqueType<(unsigned int)4>, unsigned int, (int)4, (int)64, (int)64>(T1 *, at::native::<unnamed>::CatArrInputTensorMetadata<T1, T2, T4, T5>, at::native::<unnamed>::TensorSizeStride<T2, (unsigned int)4>, int, T2)"
PyTorch:BasicsTransformerLM.layers.0.attn.positional_encoder,PushPop,30,30,288,576,2578735,4477.0,4448.0,4160,5088,137.2,"void at::native::vectorized_elementwise_kernel<(int)4, at::native::CUDAFunctor_add<float>, std::array<char *, (unsigned long)3>>(int, T2, T3)"
PyTorch:BasicsTransformerLM.layers.0.attn.q_proj,PushPop,30,30,12,12,2420363,201696.9,201441.0,201089,204001,851.4,cutlass3x_sm100_simt_sgemm_f32_f32_f32_f32_f32_64x128x16_1x1x1_3_tnn_align1_bias_f32_relu
PyTorch:BasicsTransformerLM.layers.0.attn.v_proj,PushPop,30,30,12,12,2363272,196939.3,196720.5,196352,198945,759.0,cutlass3x_sm100_simt_sgemm_f32_f32_f32_f32_f32_64x128x16_1x1x1_3_tnn_align1_bias_f32_relu
PyTorch:BasicsTransformerLM.layers.0.ffn,PushPop,30,30,12,24,17432615,726359.0,726755.0,721155,750627,6348.4,cutlass3x_sm100_simt_sgemm_f32_f32_f32_f32_f32_128x128x16_1x1x1_3_tnn_align1_bias_f32_relu
PyTorch:BasicsTransformerLM.layers.0.ffn,PushPop,30,30,12,12,8764516,730376.3,728595.0,728099,750595,6375.9,cutlass3x_sm100_simt_sgemm_f32_f32_f32_f32_f32_128x64x16_1x1x1_3_tnn_align1_bias_f32_relu
PyTorch:BasicsTransformerLM.layers.0.ffn,PushPop,30,30,12,24,1105414,46058.9,46144.0,45280,46657,400.9,"void at::native::vectorized_elementwise_kernel<(int)4, at::native::BinaryFunctor<float, float, float, at::native::binary_internal::MulFunctor<float>>, std::array<char *, (unsigned long)3>>(int, T2, T3)"
PyTorch:BasicsTransformerLM.layers.0.ffn,PushPop,30,30,12,12,378881,31573.4,31568.0,30912,32320,417.3,"void at::native::vectorized_elementwise_kernel<(int)4, at::native::sigmoid_kernel_cuda(at::TensorIteratorBase &)::[lambda() (instance 2)]::operator ()() const::[lambda() (instance 2)]::operator ()() const::[lambda(float) (instance 1)], std::array<char *, (unsigned long)2>>(int, T2, T3)"
PyTorch:BasicsTransformerLM.layers.0.ffn.w1,PushPop,30,30,12,12,8743460,728621.7,728419.0,726563,733827,1791.2,cutlass3x_sm100_simt_sgemm_f32_f32_f32_f32_f32_128x128x16_1x1x1_3_tnn_align1_bias_f32_relu
PyTorch:BasicsTransformerLM.layers.0.ffn.w2,PushPop,30,30,12,12,8764516,730376.3,728595.0,728099,750595,6375.9,cutlass3x_sm100_simt_sgemm_f32_f32_f32_f32_f32_128x64x16_1x1x1_3_tnn_align1_bias_f32_relu
PyTorch:BasicsTransformerLM.layers.0.ffn.w3,PushPop,30,30,12,12,8689155,724096.3,721747.0,721155,750627,8360.0,cutlass3x_sm100_simt_sgemm_f32_f32_f32_f32_f32_128x128x16_1x1x1_3_tnn_align1_bias_f32_relu
PyTorch:BasicsTransformerLM.layers.0.ln1,PushPop,30,30,12,24,355650,14818.8,14816.0,14656,15104,101.6,"void at::native::elementwise_kernel<(int)128, (int)2, void at::native::gpu_kernel_impl_nocast<at::native::BinaryFunctor<float, float, float, at::native::binary_internal::MulFunctor<float>>>(at::TensorIteratorBase &, const T1 &)::[lambda(int) (instance 1)]>(int, T3)"
PyTorch:BasicsTransformerLM.layers.0.ln1,PushPop,30,30,12,12,70560,5880.0,5824.0,5600,6592,253.1,"void at::native::vectorized_elementwise_kernel<(int)4, void at::native::<unnamed>::pow_tensor_scalar_kernel_impl<float, float>(at::TensorIteratorBase &, T2)::[lambda(float) (instance 1)], std::array<char *, (unsigned long)2>>(int, T2, T3)"
PyTorch:BasicsTransformerLM.layers.0.ln1,PushPop,30,30,12,12,67072,5589.3,5616.0,5312,5760,121.5,"void at::native::reduce_kernel<(int)512, (int)1, at::native::ReduceOp<float, at::native::MeanOps<float, float, float, float>, unsigned int, float, (int)4, (int)4>>(T3)"
PyTorch:BasicsTransformerLM.layers.0.ln1,PushPop,30,30,12,12,18176,1514.7,1536.0,1408,1600,71.3,"void at::native::vectorized_elementwise_kernel<(int)4, at::native::rsqrt_kernel_cuda(at::TensorIteratorBase &)::[lambda() (instance 2)]::operator ()() const::[lambda() (instance 2)]::operator ()() const::[lambda(float) (instance 1)], std::array<char *, (unsigned long)2>>(int, T2, T3)"
PyTorch:BasicsTransformerLM.layers.0.ln1,PushPop,30,30,12,12,18048,1504.0,1504.0,1472,1536,19.3,"void at::native::vectorized_elementwise_kernel<(int)4, at::native::CUDAFunctorOnSelf_add<float>, std::array<char *, (unsigned long)2>>(int, T2, T3)"
PyTorch:BasicsTransformerLM.layers.0.ln2,PushPop,30,30,12,24,353056,14710.7,14704.0,14528,14880,90.3,"void at::native::elementwise_kernel<(int)128, (int)2, void at::native::gpu_kernel_impl_nocast<at::native::BinaryFunctor<float, float, float, at::native::binary_internal::MulFunctor<float>>>(at::TensorIteratorBase &, const T1 &)::[lambda(int) (instance 1)]>(int, T3)"
PyTorch:BasicsTransformerLM.layers.0.ln2,PushPop,30,30,12,12,69824,5818.7,5840.0,5664,5984,102.0,"void at::native::vectorized_elementwise_kernel<(int)4, void at::native::<unnamed>::pow_tensor_scalar_kernel_impl<float, float>(at::TensorIteratorBase &, T2)::[lambda(float) (instance 1)], std::array<char *, (unsigned long)2>>(int, T2, T3)"
PyTorch:BasicsTransformerLM.layers.0.ln2,PushPop,30,30,12,12,66721,5560.1,5584.5,5472,5632,53.1,"void at::native::reduce_kernel<(int)512, (int)1, at::native::ReduceOp<float, at::native::MeanOps<float, float, float, float>, unsigned int, float, (int)4, (int)4>>(T3)"
PyTorch:BasicsTransformerLM.layers.0.ln2,PushPop,30,30,12,12,19168,1597.3,1600.0,1536,1664,37.3,"void at::native::vectorized_elementwise_kernel<(int)4, at::native::CUDAFunctorOnSelf_add<float>, std::array<char *, (unsigned long)2>>(int, T2, T3)"
PyTorch:BasicsTransformerLM.layers.0.ln2,PushPop,30,30,12,12,17888,1490.7,1472.0,1408,1568,51.9,"void at::native::vectorized_elementwise_kernel<(int)4, at::native::rsqrt_kernel_cuda(at::TensorIteratorBase &)::[lambda() (instance 2)]::operator ()() const::[lambda() (instance 2)]::operator ()() const::[lambda(float) (instance 1)], std::array<char *, (unsigned long)2>>(int, T2, T3)"
PyTorch:BasicsTransformerLM.layers.1,PushPop,30,30,12,36,26267596,729655.4,729203.0,722051,739043,6056.1,cutlass3x_sm100_simt_sgemm_f32_f32_f32_f32_f32_128x128x16_1x1x1_3_tnn_align1_bias_f32_relu
PyTorch:BasicsTransformerLM.layers.1,PushPop,30,30,12,48,9225063,192188.8,191617.0,190625,195649,1223.1,cutlass3x_sm100_simt_sgemm_f32_f32_f32_f32_f32_64x128x16_1x1x1_3_tnn_align1_bias_f32_relu
PyTorch:BasicsTransformerLM.layers.1,PushPop,30,30,12,12,8762307,730192.3,730099.0,728995,731170,825.5,cutlass3x_sm100_simt_sgemm_f32_f32_f32_f32_f32_128x64x16_1x1x1_3_tnn_align1_bias_f32_relu
PyTorch:BasicsTransformerLM.layers.1,PushPop,30,30,12,12,7353821,612818.4,612099.0,611202,621218,2670.9,"void at::native::elementwise_kernel<(int)128, (int)2, void at::native::gpu_kernel_impl_nocast<at::native::BinaryFunctor<float, float, float, at::native::binary_internal::DivFunctor<float>>>(at::TensorIteratorBase &, const T1 &)::[lambda(int) (instance 1)]>(int, T3)"
PyTorch:BasicsTransformerLM.layers.1,PushPop,30,30,12,12,6414234,534519.5,534306.5,533954,537122,851.9,"void at::native::elementwise_kernel<(int)128, (int)2, void at::native::gpu_kernel_impl_nocast<at::native::<unnamed>::where_kernel_impl(at::TensorIterator &)::[lambda() (instance 1)]::operator ()() const::[lambda() (instance 11)]::operator ()() const::[lambda(bool, float, float) (instance 1)]>(at::TensorIteratorBase &, const T1 &)::[lambda(int) (instance 1)]>(int, T3)"
PyTorch:BasicsTransformerLM.layers.1,PushPop,30,30,12,12,6348378,529031.5,528882.0,527778,530178,706.7,"void at::native::elementwise_kernel<(int)128, (int)2, void at::native::gpu_kernel_impl_nocast<at::native::CUDAFunctor_add<float>>(at::TensorIteratorBase &, const T1 &)::[lambda(int) (instance 1)]>(int, T3)"
PyTorch:BasicsTransformerLM.layers.1,PushPop,30,30,12,12,6253017,521084.8,521074.0,519266,524290,1423.2,cutlass3x_sm100_simt_sgemm_f32_f32_f32_f32_f32_64x32x16_1x1x1_3_nnn_align1_bias_f32_relu
PyTorch:BasicsTransformerLM.layers.1,PushPop,30,30,12,12,2808748,234062.3,233745.0,233153,236001,843.6,"void at::native::vectorized_elementwise_kernel<(int)4, at::native::BUnaryFunctor<float, float, float, at::native::binary_internal::MulFunctor<float>>, std::array<char *, (unsigned long)2>>(int, T2, T3)"
PyTorch:BasicsTransformerLM.layers.1,PushPop,30,30,12,12,2772009,231000.8,230961.0,229537,232705,812.8,"void at::native::vectorized_elementwise_kernel<(int)4, at::native::exp_kernel_cuda(at::TensorIteratorBase &)::[lambda() (instance 2)]::operator ()() const::[lambda() (instance 2)]::operator ()() const::[lambda(float) (instance 1)], std::array<char *, (unsigned long)2>>(int, T2, T3)"
PyTorch:BasicsTransformerLM.layers.1,PushPop,30,30,12,12,2333287,194440.6,194112.0,193760,197793,1080.5,"void at::native::reduce_kernel<(int)512, (int)1, at::native::ReduceOp<float, at::native::MaxOps<float>, unsigned int, float, (int)4, (int)4>>(T3)"
PyTorch:BasicsTransformerLM.layers.1,PushPop,30,30,12,12,1727305,143942.1,143888.5,143649,144384,248.9,"void at::native::reduce_kernel<(int)512, (int)1, at::native::ReduceOp<float, at::native::func_wrapper_t<float, at::native::sum_functor<float, float, float>::operator ()(at::TensorIterator &)::[lambda(float, float) (instance 1)]>, unsigned int, float, (int)4, (int)4>>(T3)"
PyTorch:BasicsTransformerLM.layers.1,PushPop,30,30,12,144,1705575,11844.3,11104.0,9504,15040,2252.2,"void at::native::elementwise_kernel<(int)128, (int)2, void at::native::gpu_kernel_impl_nocast<at::native::BinaryFunctor<float, float, float, at::native::binary_internal::MulFunctor<float>>>(at::TensorIteratorBase &, const T1 &)::[lambda(int) (instance 1)]>(int, T3)"
PyTorch:BasicsTransformerLM.layers.1,PushPop,30,30,12,24,1102340,45930.8,45808.5,45152,46656,360.1,"void at::native::vectorized_elementwise_kernel<(int)4, at::native::BinaryFunctor<float, float, float, at::native::binary_internal::MulFunctor<float>>, std::array<char *, (unsigned long)3>>(int, T2, T3)"
PyTorch:BasicsTransformerLM.layers.1,PushPop,30,30,12,24,780770,32532.1,32512.0,32288,32832,121.5,"void at::native::<unnamed>::CatArrayBatchedCopy<at::native::<unnamed>::OpaqueType<(unsigned int)4>, unsigned int, (int)4, (int)64, (int)64>(T1 *, at::native::<unnamed>::CatArrInputTensorMetadata<T1, T2, T4, T5>, at::native::<unnamed>::TensorSizeStride<T2, (unsigned int)4>, int, T2)"
PyTorch:BasicsTransformerLM.layers.1,PushPop,30,30,12,24,471329,19638.7,19776.0,18240,21088,1061.7,"void at::native::elementwise_kernel<(int)128, (int)2, void at::native::gpu_kernel_impl_nocast<at::native::direct_copy_kernel_cuda(at::TensorIteratorBase &)::[lambda() (instance 3)]::operator ()() const::[lambda() (instance 7)]::operator ()() const::[lambda(float) (instance 1)]>(at::TensorIteratorBase &, const T1 &)::[lambda(int) (instance 1)]>(int, T3)"
PyTorch:BasicsTransformerLM.layers.1,PushPop,30,30,12,72,439169,6099.6,4608.0,4288,9984,2294.5,"void at::native::vectorized_elementwise_kernel<(int)4, at::native::CUDAFunctor_add<float>, std::array<char *, (unsigned long)3>>(int, T2, T3)"
PyTorch:BasicsTransformerLM.layers.1,PushPop,30,30,12,12,376352,31362.7,31344.0,30976,32032,260.8,"void at::native::vectorized_elementwise_kernel<(int)4, at::native::sigmoid_kernel_cuda(at::TensorIteratorBase &)::[lambda() (instance 2)]::operator ()() const::[lambda() (instance 2)]::operator ()() const::[lambda(float) (instance 1)], std::array<char *, (unsigned long)2>>(int, T2, T3)"
PyTorch:BasicsTransformerLM.layers.1,PushPop,30,30,12,24,139137,5797.4,5776.5,5632,6176,126.5,"void at::native::vectorized_elementwise_kernel<(int)4, void at::native::<unnamed>::pow_tensor_scalar_kernel_impl<float, float>(at::TensorIteratorBase &, T2)::[lambda(float) (instance 1)], std::array<char *, (unsigned long)2>>(int, T2, T3)"
PyTorch:BasicsTransformerLM.layers.1,PushPop,30,30,12,24,134113,5588.0,5568.0,5472,5888,84.8,"void at::native::reduce_kernel<(int)512, (int)1, at::native::ReduceOp<float, at::native::MeanOps<float, float, float, float>, unsigned int, float, (int)4, (int)4>>(T3)"
PyTorch:BasicsTransformerLM.layers.1,PushPop,30,30,12,12,103904,8658.7,8608.0,8576,8832,83.5,"void at::native::elementwise_kernel<(int)128, (int)4, void at::native::gpu_kernel_impl_nocast<at::native::<unnamed>::CompareFunctor<long>>(at::TensorIteratorBase &, const T1 &)::[lambda(int) (instance 1)]>(int, T3)"
PyTorch:BasicsTransformerLM.layers.1,PushPop,30,30,12,24,38944,1622.7,1568.0,1536,1856,90.7,"void at::native::vectorized_elementwise_kernel<(int)4, at::native::CUDAFunctorOnSelf_add<float>, std::array<char *, (unsigned long)2>>(int, T2, T3)"
PyTorch:BasicsTransformerLM.layers.1,PushPop,30,30,12,24,35808,1492.0,1472.0,1408,1696,73.6,"void at::native::vectorized_elementwise_kernel<(int)4, at::native::rsqrt_kernel_cuda(at::TensorIteratorBase &)::[lambda() (instance 2)]::operator ()() const::[lambda() (instance 2)]::operator ()() const::[lambda(float) (instance 1)], std::array<char *, (unsigned long)2>>(int, T2, T3)"
PyTorch:BasicsTransformerLM.layers.1,PushPop,30,30,12,12,14176,1181.3,1152.0,1120,1312,63.2,"void <unnamed>::elementwise_kernel_with_index<int, at::native::arange_cuda_out(const c10::Scalar &, const c10::Scalar &, const c10::Scalar &, at::Tensor &)::[lambda() (instance 1)]::operator ()() const::[lambda() (instance 4)]::operator ()() const::[lambda(long) (instance 1)]>(T1, T2, function_traits<T2>::result_type *)"
PyTorch:BasicsTransformerLM.layers.1,PushPop,30,30,12,12,13344,1112.0,1136.0,928,1600,194.5,"void at::native::vectorized_elementwise_kernel<(int)4, at::native::FillFunctor<float>, std::array<char *, (unsigned long)1>>(int, T2, T3)"
PyTorch:BasicsTransformerLM.layers.1.attn,PushPop,30,30,12,48,9225063,192188.8,191617.0,190625,195649,1223.1,cutlass3x_sm100_simt_sgemm_f32_f32_f32_f32_f32_64x128x16_1x1x1_3_tnn_align1_bias_f32_relu
PyTorch:BasicsTransformerLM.layers.1.attn,PushPop,30,30,12,12,8845765,737147.1,736867.0,736355,739043,774.0,cutlass3x_sm100_simt_sgemm_f32_f32_f32_f32_f32_128x128x16_1x1x1_3_tnn_align1_bias_f32_relu
PyTorch:BasicsTransformerLM.layers.1.attn,PushPop,30,30,12,12,7353821,612818.4,612099.0,611202,621218,2670.9,"void at::native::elementwise_kernel<(int)128, (int)2, void at::native::gpu_kernel_impl_nocast<at::native::BinaryFunctor<float, float, float, at::native::binary_internal::DivFunctor<float>>>(at::TensorIteratorBase &, const T1 &)::[lambda(int) (instance 1)]>(int, T3)"
PyTorch:BasicsTransformerLM.layers.1.attn,PushPop,30,30,12,12,6414234,534519.5,534306.5,533954,537122,851.9,"void at::native::elementwise_kernel<(int)128, (int)2, void at::native::gpu_kernel_impl_nocast<at::native::<unnamed>::where_kernel_impl(at::TensorIterator &)::[lambda() (instance 1)]::operator ()() const::[lambda() (instance 11)]::operator ()() const::[lambda(bool, float, float) (instance 1)]>(at::TensorIteratorBase &, const T1 &)::[lambda(int) (instance 1)]>(int, T3)"
PyTorch:BasicsTransformerLM.layers.1.attn,PushPop,30,30,12,12,6348378,529031.5,528882.0,527778,530178,706.7,"void at::native::elementwise_kernel<(int)128, (int)2, void at::native::gpu_kernel_impl_nocast<at::native::CUDAFunctor_add<float>>(at::TensorIteratorBase &, const T1 &)::[lambda(int) (instance 1)]>(int, T3)"
PyTorch:BasicsTransformerLM.layers.1.attn,PushPop,30,30,12,12,6253017,521084.8,521074.0,519266,524290,1423.2,cutlass3x_sm100_simt_sgemm_f32_f32_f32_f32_f32_64x32x16_1x1x1_3_nnn_align1_bias_f32_relu
PyTorch:BasicsTransformerLM.layers.1.attn,PushPop,30,30,12,12,2808748,234062.3,233745.0,233153,236001,843.6,"void at::native::vectorized_elementwise_kernel<(int)4, at::native::BUnaryFunctor<float, float, float, at::native::binary_internal::MulFunctor<float>>, std::array<char *, (unsigned long)2>>(int, T2, T3)"
PyTorch:BasicsTransformerLM.layers.1.attn,PushPop,30,30,12,12,2772009,231000.8,230961.0,229537,232705,812.8,"void at::native::vectorized_elementwise_kernel<(int)4, at::native::exp_kernel_cuda(at::TensorIteratorBase &)::[lambda() (instance 2)]::operator ()() const::[lambda() (instance 2)]::operator ()() const::[lambda(float) (instance 1)], std::array<char *, (unsigned long)2>>(int, T2, T3)"
PyTorch:BasicsTransformerLM.layers.1.attn,PushPop,30,30,12,12,2333287,194440.6,194112.0,193760,197793,1080.5,"void at::native::reduce_kernel<(int)512, (int)1, at::native::ReduceOp<float, at::native::MaxOps<float>, unsigned int, float, (int)4, (int)4>>(T3)"
PyTorch:BasicsTransformerLM.layers.1.attn,PushPop,30,30,12,12,1727305,143942.1,143888.5,143649,144384,248.9,"void at::native::reduce_kernel<(int)512, (int)1, at::native::ReduceOp<float, at::native::func_wrapper_t<float, at::native::sum_functor<float, float, float>::operator ()(at::TensorIterator &)::[lambda(float, float) (instance 1)]>, unsigned int, float, (int)4, (int)4>>(T3)"
PyTorch:BasicsTransformerLM.layers.1.attn,PushPop,30,30,12,96,997732,10393.0,9824.0,9504,12704,1114.0,"void at::native::elementwise_kernel<(int)128, (int)2, void at::native::gpu_kernel_impl_nocast<at::native::BinaryFunctor<float, float, float, at::native::binary_internal::MulFunctor<float>>>(at::TensorIteratorBase &, const T1 &)::[lambda(int) (instance 1)]>(int, T3)"
PyTorch:BasicsTransformerLM.layers.1.attn,PushPop,30,30,12,24,780770,32532.1,32512.0,32288,32832,121.5,"void at::native::<unnamed>::CatArrayBatchedCopy<at::native::<unnamed>::OpaqueType<(unsigned int)4>, unsigned int, (int)4, (int)64, (int)64>(T1 *, at::native::<unnamed>::CatArrInputTensorMetadata<T1, T2, T4, T5>, at::native::<unnamed>::TensorSizeStride<T2, (unsigned int)4>, int, T2)"
PyTorch:BasicsTransformerLM.layers.1.attn,PushPop,30,30,12,24,471329,19638.7,19776.0,18240,21088,1061.7,"void at::native::elementwise_kernel<(int)128, (int)2, void at::native::gpu_kernel_impl_nocast<at::native::direct_copy_kernel_cuda(at::TensorIteratorBase &)::[lambda() (instance 3)]::operator ()() const::[lambda() (instance 7)]::operator ()() const::[lambda(float) (instance 1)]>(at::TensorIteratorBase &, const T1 &)::[lambda(int) (instance 1)]>(int, T3)"
PyTorch:BasicsTransformerLM.layers.1.attn,PushPop,30,30,12,48,216000,4500.0,4480.0,4288,4864,136.7,"void at::native::vectorized_elementwise_kernel<(int)4, at::native::CUDAFunctor_add<float>, std::array<char *, (unsigned long)3>>(int, T2, T3)"
PyTorch:BasicsTransformerLM.layers.1.attn,PushPop,30,30,12,12,103904,8658.7,8608.0,8576,8832,83.5,"void at::native::elementwise_kernel<(int)128, (int)4, void at::native::gpu_kernel_impl_nocast<at::native::<unnamed>::CompareFunctor<long>>(at::TensorIteratorBase &, const T1 &)::[lambda(int) (instance 1)]>(int, T3)"
PyTorch:BasicsTransformerLM.layers.1.attn,PushPop,30,30,12,12,14176,1181.3,1152.0,1120,1312,63.2,"void <unnamed>::elementwise_kernel_with_index<int, at::native::arange_cuda_out(const c10::Scalar &, const c10::Scalar &, const c10::Scalar &, at::Tensor &)::[lambda() (instance 1)]::operator ()() const::[lambda() (instance 4)]::operator ()() const::[lambda(long) (instance 1)]>(T1, T2, function_traits<T2>::result_type *)"
PyTorch:BasicsTransformerLM.layers.1.attn,PushPop,30,30,12,12,13344,1112.0,1136.0,928,1600,194.5,"void at::native::vectorized_elementwise_kernel<(int)4, at::native::FillFunctor<float>, std::array<char *, (unsigned long)1>>(int, T2, T3)"
PyTorch:BasicsTransformerLM.layers.1.attn.k_proj,PushPop,30,30,12,12,2298760,191563.3,191472.5,190912,193345,634.1,cutlass3x_sm100_simt_sgemm_f32_f32_f32_f32_f32_64x128x16_1x1x1_3_tnn_align1_bias_f32_relu
PyTorch:BasicsTransformerLM.layers.1.attn.output_proj,PushPop,30,30,12,12,2325707,193808.9,193697.0,193377,195649,608.6,cutlass3x_sm100_simt_sgemm_f32_f32_f32_f32_f32_64x128x16_1x1x1_3_tnn_align1_bias_f32_relu
PyTorch:BasicsTransformerLM.layers.1.attn.q_proj,PushPop,30,30,12,12,2304778,192064.8,191873.0,191169,195073,1011.4,cutlass3x_sm100_simt_sgemm_f32_f32_f32_f32_f32_64x128x16_1x1x1_3_tnn_align1_bias_f32_relu
PyTorch:BasicsTransformerLM.layers.1.attn.v_proj,PushPop,30,30,12,12,2295818,191318.2,191153.0,190625,193345,679.8,cutlass3x_sm100_simt_sgemm_f32_f32_f32_f32_f32_64x128x16_1x1x1_3_tnn_align1_bias_f32_relu
PyTorch:BasicsTransformerLM.layers.1.ffn,PushPop,30,30,12,24,17421831,725909.6,725875.0,722051,730403,3406.0,cutlass3x_sm100_simt_sgemm_f32_f32_f32_f32_f32_128x128x16_1x1x1_3_tnn_align1_bias_f32_relu
PyTorch:BasicsTransformerLM.layers.1.ffn,PushPop,30,30,12,12,8762307,730192.3,730099.0,728995,731170,825.5,cutlass3x_sm100_simt_sgemm_f32_f32_f32_f32_f32_128x64x16_1x1x1_3_tnn_align1_bias_f32_relu
PyTorch:BasicsTransformerLM.layers.1.ffn,PushPop,30,30,12,24,1102340,45930.8,45808.5,45152,46656,360.1,"void at::native::vectorized_elementwise_kernel<(int)4, at::native::BinaryFunctor<float, float, float, at::native::binary_internal::MulFunctor<float>>, std::array<char *, (unsigned long)3>>(int, T2, T3)"
PyTorch:BasicsTransformerLM.layers.1.ffn,PushPop,30,30,12,12,376352,31362.7,31344.0,30976,32032,260.8,"void at::native::vectorized_elementwise_kernel<(int)4, at::native::sigmoid_kernel_cuda(at::TensorIteratorBase &)::[lambda() (instance 2)]::operator ()() const::[lambda() (instance 2)]::operator ()() const::[lambda(float) (instance 1)], std::array<char *, (unsigned long)2>>(int, T2, T3)"
PyTorch:BasicsTransformerLM.layers.1.ffn.w1,PushPop,30,30,12,12,8749796,729149.7,729203.0,727107,730403,908.1,cutlass3x_sm100_simt_sgemm_f32_f32_f32_f32_f32_128x128x16_1x1x1_3_tnn_align1_bias_f32_relu
PyTorch:BasicsTransformerLM.layers.1.ffn.w2,PushPop,30,30,12,12,8762307,730192.3,730099.0,728995,731170,825.5,cutlass3x_sm100_simt_sgemm_f32_f32_f32_f32_f32_128x64x16_1x1x1_3_tnn_align1_bias_f32_relu
PyTorch:BasicsTransformerLM.layers.1.ffn.w3,PushPop,30,30,12,12,8672035,722669.6,722483.0,722051,724643,726.6,cutlass3x_sm100_simt_sgemm_f32_f32_f32_f32_f32_128x128x16_1x1x1_3_tnn_align1_bias_f32_relu
PyTorch:BasicsTransformerLM.layers.1.ln1,PushPop,30,30,12,24,353824,14742.7,14752.0,14496,15008,156.3,"void at::native::elementwise_kernel<(int)128, (int)2, void at::native::gpu_kernel_impl_nocast<at::native::BinaryFunctor<float, float, float, at::native::binary_internal::MulFunctor<float>>>(at::TensorIteratorBase &, const T1 &)::[lambda(int) (instance 1)]>(int, T3)"
PyTorch:BasicsTransformerLM.layers.1.ln1,PushPop,30,30,12,12,69409,5784.1,5760.0,5664,6176,131.7,"void at::native::vectorized_elementwise_kernel<(int)4, void at::native::<unnamed>::pow_tensor_scalar_kernel_impl<float, float>(at::TensorIteratorBase &, T2)::[lambda(float) (instance 1)], std::array<char *, (unsigned long)2>>(int, T2, T3)"
PyTorch:BasicsTransformerLM.layers.1.ln1,PushPop,30,30,12,12,67040,5586.7,5600.0,5472,5696,68.8,"void at::native::reduce_kernel<(int)512, (int)1, at::native::ReduceOp<float, at::native::MeanOps<float, float, float, float>, unsigned int, float, (int)4, (int)4>>(T3)"
PyTorch:BasicsTransformerLM.layers.1.ln1,PushPop,30,30,12,12,19616,1634.7,1568.0,1568,1856,110.4,"void at::native::vectorized_elementwise_kernel<(int)4, at::native::CUDAFunctorOnSelf_add<float>, std::array<char *, (unsigned long)2>>(int, T2, T3)"
PyTorch:BasicsTransformerLM.layers.1.ln1,PushPop,30,30,12,12,18304,1525.3,1472.0,1440,1696,90.9,"void at::native::vectorized_elementwise_kernel<(int)4, at::native::rsqrt_kernel_cuda(at::TensorIteratorBase &)::[lambda() (instance 2)]::operator ()() const::[lambda() (instance 2)]::operator ()() const::[lambda(float) (instance 1)], std::array<char *, (unsigned long)2>>(int, T2, T3)"
PyTorch:BasicsTransformerLM.layers.1.ln2,PushPop,30,30,12,24,354019,14750.8,14752.0,14496,15040,123.6,"void at::native::elementwise_kernel<(int)128, (int)2, void at::native::gpu_kernel_impl_nocast<at::native::BinaryFunctor<float, float, float, at::native::binary_internal::MulFunctor<float>>>(at::TensorIteratorBase &, const T1 &)::[lambda(int) (instance 1)]>(int, T3)"
PyTorch:BasicsTransformerLM.layers.1.ln2,PushPop,30,30,12,12,69728,5810.7,5792.0,5632,6080,125.4,"void at::native::vectorized_elementwise_kernel<(int)4, void at::native::<unnamed>::pow_tensor_scalar_kernel_impl<float, float>(at::TensorIteratorBase &, T2)::[lambda(float) (instance 1)], std::array<char *, (unsigned long)2>>(int, T2, T3)"
PyTorch:BasicsTransformerLM.layers.1.ln2,PushPop,30,30,12,12,67073,5589.4,5568.0,5504,5888,101.5,"void at::native::reduce_kernel<(int)512, (int)1, at::native::ReduceOp<float, at::native::MeanOps<float, float, float, float>, unsigned int, float, (int)4, (int)4>>(T3)"
PyTorch:BasicsTransformerLM.layers.1.ln2,PushPop,30,30,12,12,19328,1610.7,1584.0,1536,1760,68.7,"void at::native::vectorized_elementwise_kernel<(int)4, at::native::CUDAFunctorOnSelf_add<float>, std::array<char *, (unsigned long)2>>(int, T2, T3)"
PyTorch:BasicsTransformerLM.layers.1.ln2,PushPop,30,30,12,12,17504,1458.7,1472.0,1408,1504,25.4,"void at::native::vectorized_elementwise_kernel<(int)4, at::native::rsqrt_kernel_cuda(at::TensorIteratorBase &)::[lambda() (instance 2)]::operator ()() const::[lambda() (instance 2)]::operator ()() const::[lambda(float) (instance 1)], std::array<char *, (unsigned long)2>>(int, T2, T3)"
PyTorch:BasicsTransformerLM.layers.10,PushPop,30,30,12,36,26277543,729931.8,729875.0,722019,738051,5949.8,cutlass3x_sm100_simt_sgemm_f32_f32_f32_f32_f32_128x128x16_1x1x1_3_tnn_align1_bias_f32_relu
PyTorch:BasicsTransformerLM.layers.10,PushPop,30,30,12,48,9223618,192158.7,191633.0,190945,194592,1053.1,cutlass3x_sm100_simt_sgemm_f32_f32_f32_f32_f32_64x128x16_1x1x1_3_tnn_align1_bias_f32_relu
PyTorch:BasicsTransformerLM.layers.10,PushPop,30,30,12,12,8763234,730269.5,730419.0,728962,731171,618.4,cutlass3x_sm100_simt_sgemm_f32_f32_f32_f32_f32_128x64x16_1x1x1_3_tnn_align1_bias_f32_relu
PyTorch:BasicsTransformerLM.layers.10,PushPop,30,30,12,12,7349275,612439.6,612066.0,610850,618178,1874.7,"void at::native::elementwise_kernel<(int)128, (int)2, void at::native::gpu_kernel_impl_nocast<at::native::BinaryFunctor<float, float, float, at::native::binary_internal::DivFunctor<float>>>(at::TensorIteratorBase &, const T1 &)::[lambda(int) (instance 1)]>(int, T3)"
PyTorch:BasicsTransformerLM.layers.10,PushPop,30,30,12,12,6410171,534180.9,533842.0,533283,537698,1150.7,"void at::native::elementwise_kernel<(int)128, (int)2, void at::native::gpu_kernel_impl_nocast<at::native::<unnamed>::where_kernel_impl(at::TensorIterator &)::[lambda() (instance 1)]::operator ()() const::[lambda() (instance 11)]::operator ()() const::[lambda(bool, float, float) (instance 1)]>(at::TensorIteratorBase &, const T1 &)::[lambda(int) (instance 1)]>(int, T3)"
PyTorch:BasicsTransformerLM.layers.10,PushPop,30,30,12,12,6346107,528842.3,528882.0,527586,530594,830.0,"void at::native::elementwise_kernel<(int)128, (int)2, void at::native::gpu_kernel_impl_nocast<at::native::CUDAFunctor_add<float>>(at::TensorIteratorBase &, const T1 &)::[lambda(int) (instance 1)]>(int, T3)"
PyTorch:BasicsTransformerLM.layers.10,PushPop,30,30,12,12,6255836,521319.7,521506.0,519042,523522,1074.8,cutlass3x_sm100_simt_sgemm_f32_f32_f32_f32_f32_64x32x16_1x1x1_3_nnn_align1_bias_f32_relu
PyTorch:BasicsTransformerLM.layers.10,PushPop,30,30,12,12,2804492,233707.7,233937.0,232609,234817,699.1,"void at::native::vectorized_elementwise_kernel<(int)4, at::native::BUnaryFunctor<float, float, float, at::native::binary_internal::MulFunctor<float>>, std::array<char *, (unsigned long)2>>(int, T2, T3)"
PyTorch:BasicsTransformerLM.layers.10,PushPop,30,30,12,12,2777481,231456.8,231297.0,230305,232704,729.4,"void at::native::vectorized_elementwise_kernel<(int)4, at::native::exp_kernel_cuda(at::TensorIteratorBase &)::[lambda() (instance 2)]::operator ()() const::[lambda() (instance 2)]::operator ()() const::[lambda(float) (instance 1)], std::array<char *, (unsigned long)2>>(int, T2, T3)"
PyTorch:BasicsTransformerLM.layers.10,PushPop,30,30,12,12,2335496,194624.7,194400.5,194048,196417,634.0,"void at::native::reduce_kernel<(int)512, (int)1, at::native::ReduceOp<float, at::native::MaxOps<float>, unsigned int, float, (int)4, (int)4>>(T3)"
PyTorch:BasicsTransformerLM.layers.10,PushPop,30,30,12,12,1731017,144251.4,143985.0,143553,147553,1058.3,"void at::native::reduce_kernel<(int)512, (int)1, at::native::ReduceOp<float, at::native::func_wrapper_t<float, at::native::sum_functor<float, float, float>::operator ()(at::TensorIterator &)::[lambda(float, float) (instance 1)]>, unsigned int, float, (int)4, (int)4>>(T3)"
PyTorch:BasicsTransformerLM.layers.10,PushPop,30,30,12,144,1701609,11816.7,11056.0,9536,15233,2234.5,"void at::native::elementwise_kernel<(int)128, (int)2, void at::native::gpu_kernel_impl_nocast<at::native::BinaryFunctor<float, float, float, at::native::binary_internal::MulFunctor<float>>>(at::TensorIteratorBase &, const T1 &)::[lambda(int) (instance 1)]>(int, T3)"
PyTorch:BasicsTransformerLM.layers.10,PushPop,30,30,12,24,1107429,46142.9,46080.0,45568,46944,388.9,"void at::native::vectorized_elementwise_kernel<(int)4, at::native::BinaryFunctor<float, float, float, at::native::binary_internal::MulFunctor<float>>, std::array<char *, (unsigned long)3>>(int, T2, T3)"
PyTorch:BasicsTransformerLM.layers.10,PushPop,30,30,12,24,783171,32632.1,32608.5,32353,33025,146.6,"void at::native::<unnamed>::CatArrayBatchedCopy<at::native::<unnamed>::OpaqueType<(unsigned int)4>, unsigned int, (int)4, (int)64, (int)64>(T1 *, at::native::<unnamed>::CatArrInputTensorMetadata<T1, T2, T4, T5>, at::native::<unnamed>::TensorSizeStride<T2, (unsigned int)4>, int, T2)"
PyTorch:BasicsTransformerLM.layers.10,PushPop,30,30,12,24,468194,19508.1,19504.0,18304,21408,1094.6,"void at::native::elementwise_kernel<(int)128, (int)2, void at::native::gpu_kernel_impl_nocast<at::native::direct_copy_kernel_cuda(at::TensorIteratorBase &)::[lambda() (instance 3)]::operator ()() const::[lambda() (instance 7)]::operator ()() const::[lambda(float) (instance 1)]>(at::TensorIteratorBase &, const T1 &)::[lambda(int) (instance 1)]>(int, T3)"
PyTorch:BasicsTransformerLM.layers.10,PushPop,30,30,12,72,435874,6053.8,4480.0,4256,9952,2328.8,"void at::native::vectorized_elementwise_kernel<(int)4, at::native::CUDAFunctor_add<float>, std::array<char *, (unsigned long)3>>(int, T2, T3)"
PyTorch:BasicsTransformerLM.layers.10,PushPop,30,30,12,12,378851,31570.9,31536.0,31200,31905,216.5,"void at::native::vectorized_elementwise_kernel<(int)4, at::native::sigmoid_kernel_cuda(at::TensorIteratorBase &)::[lambda() (instance 2)]::operator ()() const::[lambda() (instance 2)]::operator ()() const::[lambda(float) (instance 1)], std::array<char *, (unsigned long)2>>(int, T2, T3)"
PyTorch:BasicsTransformerLM.layers.10,PushPop,30,30,12,24,140160,5840.0,5824.0,5664,6400,143.1,"void at::native::vectorized_elementwise_kernel<(int)4, void at::native::<unnamed>::pow_tensor_scalar_kernel_impl<float, float>(at::TensorIteratorBase &, T2)::[lambda(float) (instance 1)], std::array<char *, (unsigned long)2>>(int, T2, T3)"
PyTorch:BasicsTransformerLM.layers.10,PushPop,30,30,12,24,133857,5577.4,5568.0,5504,5697,49.6,"void at::native::reduce_kernel<(int)512, (int)1, at::native::ReduceOp<float, at::native::MeanOps<float, float, float, float>, unsigned int, float, (int)4, (int)4>>(T3)"
PyTorch:BasicsTransformerLM.layers.10,PushPop,30,30,12,12,104000,8666.7,8640.0,8608,8864,70.7,"void at::native::elementwise_kernel<(int)128, (int)4, void at::native::gpu_kernel_impl_nocast<at::native::<unnamed>::CompareFunctor<long>>(at::TensorIteratorBase &, const T1 &)::[lambda(int) (instance 1)]>(int, T3)"
PyTorch:BasicsTransformerLM.layers.10,PushPop,30,30,12,24,38976,1624.0,1600.0,1568,1792,64.9,"void at::native::vectorized_elementwise_kernel<(int)4, at::native::CUDAFunctorOnSelf_add<float>, std::array<char *, (unsigned long)2>>(int, T2, T3)"
PyTorch:BasicsTransformerLM.layers.10,PushPop,30,30,12,24,35648,1485.3,1472.0,1440,1600,44.2,"void at::native::vectorized_elementwise_kernel<(int)4, at::native::rsqrt_kernel_cuda(at::TensorIteratorBase &)::[lambda() (instance 2)]::operator ()() const::[lambda() (instance 2)]::operator ()() const::[lambda(float) (instance 1)], std::array<char *, (unsigned long)2>>(int, T2, T3)"
PyTorch:BasicsTransformerLM.layers.10,PushPop,30,30,12,12,14464,1205.3,1168.0,1120,1312,75.1,"void <unnamed>::elementwise_kernel_with_index<int, at::native::arange_cuda_out(const c10::Scalar &, const c10::Scalar &, const c10::Scalar &, at::Tensor &)::[lambda() (instance 1)]::operator ()() const::[lambda() (instance 4)]::operator ()() const::[lambda(long) (instance 1)]>(T1, T2, function_traits<T2>::result_type *)"
PyTorch:BasicsTransformerLM.layers.10,PushPop,30,30,12,12,13056,1088.0,1120.0,928,1440,148.2,"void at::native::vectorized_elementwise_kernel<(int)4, at::native::FillFunctor<float>, std::array<char *, (unsigned long)1>>(int, T2, T3)"
PyTorch:BasicsTransformerLM.layers.10.attn,PushPop,30,30,12,48,9223618,192158.7,191633.0,190945,194592,1053.1,cutlass3x_sm100_simt_sgemm_f32_f32_f32_f32_f32_64x128x16_1x1x1_3_tnn_align1_bias_f32_relu
PyTorch:BasicsTransformerLM.layers.10.attn,PushPop,30,30,12,12,8845251,737104.3,736963.0,736451,738051,526.2,cutlass3x_sm100_simt_sgemm_f32_f32_f32_f32_f32_128x128x16_1x1x1_3_tnn_align1_bias_f32_relu
PyTorch:BasicsTransformerLM.layers.10.attn,PushPop,30,30,12,12,7349275,612439.6,612066.0,610850,618178,1874.7,"void at::native::elementwise_kernel<(int)128, (int)2, void at::native::gpu_kernel_impl_nocast<at::native::BinaryFunctor<float, float, float, at::native::binary_internal::DivFunctor<float>>>(at::TensorIteratorBase &, const T1 &)::[lambda(int) (instance 1)]>(int, T3)"
PyTorch:BasicsTransformerLM.layers.10.attn,PushPop,30,30,12,12,6410171,534180.9,533842.0,533283,537698,1150.7,"void at::native::elementwise_kernel<(int)128, (int)2, void at::native::gpu_kernel_impl_nocast<at::native::<unnamed>::where_kernel_impl(at::TensorIterator &)::[lambda() (instance 1)]::operator ()() const::[lambda() (instance 11)]::operator ()() const::[lambda(bool, float, float) (instance 1)]>(at::TensorIteratorBase &, const T1 &)::[lambda(int) (instance 1)]>(int, T3)"
PyTorch:BasicsTransformerLM.layers.10.attn,PushPop,30,30,12,12,6346107,528842.3,528882.0,527586,530594,830.0,"void at::native::elementwise_kernel<(int)128, (int)2, void at::native::gpu_kernel_impl_nocast<at::native::CUDAFunctor_add<float>>(at::TensorIteratorBase &, const T1 &)::[lambda(int) (instance 1)]>(int, T3)"
PyTorch:BasicsTransformerLM.layers.10.attn,PushPop,30,30,12,12,6255836,521319.7,521506.0,519042,523522,1074.8,cutlass3x_sm100_simt_sgemm_f32_f32_f32_f32_f32_64x32x16_1x1x1_3_nnn_align1_bias_f32_relu
PyTorch:BasicsTransformerLM.layers.10.attn,PushPop,30,30,12,12,2804492,233707.7,233937.0,232609,234817,699.1,"void at::native::vectorized_elementwise_kernel<(int)4, at::native::BUnaryFunctor<float, float, float, at::native::binary_internal::MulFunctor<float>>, std::array<char *, (unsigned long)2>>(int, T2, T3)"
PyTorch:BasicsTransformerLM.layers.10.attn,PushPop,30,30,12,12,2777481,231456.8,231297.0,230305,232704,729.4,"void at::native::vectorized_elementwise_kernel<(int)4, at::native::exp_kernel_cuda(at::TensorIteratorBase &)::[lambda() (instance 2)]::operator ()() const::[lambda() (instance 2)]::operator ()() const::[lambda(float) (instance 1)], std::array<char *, (unsigned long)2>>(int, T2, T3)"
PyTorch:BasicsTransformerLM.layers.10.attn,PushPop,30,30,12,12,2335496,194624.7,194400.5,194048,196417,634.0,"void at::native::reduce_kernel<(int)512, (int)1, at::native::ReduceOp<float, at::native::MaxOps<float>, unsigned int, float, (int)4, (int)4>>(T3)"
PyTorch:BasicsTransformerLM.layers.10.attn,PushPop,30,30,12,12,1731017,144251.4,143985.0,143553,147553,1058.3,"void at::native::reduce_kernel<(int)512, (int)1, at::native::ReduceOp<float, at::native::func_wrapper_t<float, at::native::sum_functor<float, float, float>::operator ()(at::TensorIterator &)::[lambda(float, float) (instance 1)]>, unsigned int, float, (int)4, (int)4>>(T3)"
PyTorch:BasicsTransformerLM.layers.10.attn,PushPop,30,30,12,96,996196,10377.0,9792.0,9536,12672,1105.7,"void at::native::elementwise_kernel<(int)128, (int)2, void at::native::gpu_kernel_impl_nocast<at::native::BinaryFunctor<float, float, float, at::native::binary_internal::MulFunctor<float>>>(at::TensorIteratorBase &, const T1 &)::[lambda(int) (instance 1)]>(int, T3)"
PyTorch:BasicsTransformerLM.layers.10.attn,PushPop,30,30,12,24,783171,32632.1,32608.5,32353,33025,146.6,"void at::native::<unnamed>::CatArrayBatchedCopy<at::native::<unnamed>::OpaqueType<(unsigned int)4>, unsigned int, (int)4, (int)64, (int)64>(T1 *, at::native::<unnamed>::CatArrInputTensorMetadata<T1, T2, T4, T5>, at::native::<unnamed>::TensorSizeStride<T2, (unsigned int)4>, int, T2)"
PyTorch:BasicsTransformerLM.layers.10.attn,PushPop,30,30,12,24,468194,19508.1,19504.0,18304,21408,1094.6,"void at::native::elementwise_kernel<(int)128, (int)2, void at::native::gpu_kernel_impl_nocast<at::native::direct_copy_kernel_cuda(at::TensorIteratorBase &)::[lambda() (instance 3)]::operator ()() const::[lambda() (instance 7)]::operator ()() const::[lambda(float) (instance 1)]>(at::TensorIteratorBase &, const T1 &)::[lambda(int) (instance 1)]>(int, T3)"
PyTorch:BasicsTransformerLM.layers.10.attn,PushPop,30,30,12,48,212545,4428.0,4384.0,4256,4704,97.0,"void at::native::vectorized_elementwise_kernel<(int)4, at::native::CUDAFunctor_add<float>, std::array<char *, (unsigned long)3>>(int, T2, T3)"
PyTorch:BasicsTransformerLM.layers.10.attn,PushPop,30,30,12,12,104000,8666.7,8640.0,8608,8864,70.7,"void at::native::elementwise_kernel<(int)128, (int)4, void at::native::gpu_kernel_impl_nocast<at::native::<unnamed>::CompareFunctor<long>>(at::TensorIteratorBase &, const T1 &)::[lambda(int) (instance 1)]>(int, T3)"
PyTorch:BasicsTransformerLM.layers.10.attn,PushPop,30,30,12,12,14464,1205.3,1168.0,1120,1312,75.1,"void <unnamed>::elementwise_kernel_with_index<int, at::native::arange_cuda_out(const c10::Scalar &, const c10::Scalar &, const c10::Scalar &, at::Tensor &)::[lambda() (instance 1)]::operator ()() const::[lambda() (instance 4)]::operator ()() const::[lambda(long) (instance 1)]>(T1, T2, function_traits<T2>::result_type *)"
PyTorch:BasicsTransformerLM.layers.10.attn,PushPop,30,30,12,12,13056,1088.0,1120.0,928,1440,148.2,"void at::native::vectorized_elementwise_kernel<(int)4, at::native::FillFunctor<float>, std::array<char *, (unsigned long)1>>(int, T2, T3)"
PyTorch:BasicsTransformerLM.layers.10.attn.k_proj,PushPop,30,30,12,12,2296936,191411.3,191393.0,191232,191745,135.4,cutlass3x_sm100_simt_sgemm_f32_f32_f32_f32_f32_64x128x16_1x1x1_3_tnn_align1_bias_f32_relu
PyTorch:BasicsTransformerLM.layers.10.attn.output_proj,PushPop,30,30,12,12,2325896,193824.7,193808.5,193505,194592,280.0,cutlass3x_sm100_simt_sgemm_f32_f32_f32_f32_f32_64x128x16_1x1x1_3_tnn_align1_bias_f32_relu
PyTorch:BasicsTransformerLM.layers.10.attn.q_proj,PushPop,30,30,12,12,2305865,192155.4,192193.0,191521,192448,246.6,cutlass3x_sm100_simt_sgemm_f32_f32_f32_f32_f32_64x128x16_1x1x1_3_tnn_align1_bias_f32_relu
PyTorch:BasicsTransformerLM.layers.10.attn.v_proj,PushPop,30,30,12,12,2294921,191243.4,191280.5,190945,191457,172.1,cutlass3x_sm100_simt_sgemm_f32_f32_f32_f32_f32_64x128x16_1x1x1_3_tnn_align1_bias_f32_relu
PyTorch:BasicsTransformerLM.layers.10.ffn,PushPop,30,30,12,24,17432292,726345.5,725907.0,722019,730850,3671.0,cutlass3x_sm100_simt_sgemm_f32_f32_f32_f32_f32_128x128x16_1x1x1_3_tnn_align1_bias_f32_relu
PyTorch:BasicsTransformerLM.layers.10.ffn,PushPop,30,30,12,12,8763234,730269.5,730419.0,728962,731171,618.4,cutlass3x_sm100_simt_sgemm_f32_f32_f32_f32_f32_128x64x16_1x1x1_3_tnn_align1_bias_f32_relu
PyTorch:BasicsTransformerLM.layers.10.ffn,PushPop,30,30,12,24,1107429,46142.9,46080.0,45568,46944,388.9,"void at::native::vectorized_elementwise_kernel<(int)4, at::native::BinaryFunctor<float, float, float, at::native::binary_internal::MulFunctor<float>>, std::array<char *, (unsigned long)3>>(int, T2, T3)"
PyTorch:BasicsTransformerLM.layers.10.ffn,PushPop,30,30,12,12,378851,31570.9,31536.0,31200,31905,216.5,"void at::native::vectorized_elementwise_kernel<(int)4, at::native::sigmoid_kernel_cuda(at::TensorIteratorBase &)::[lambda() (instance 2)]::operator ()() const::[lambda() (instance 2)]::operator ()() const::[lambda(float) (instance 1)], std::array<char *, (unsigned long)2>>(int, T2, T3)"
PyTorch:BasicsTransformerLM.layers.10.ffn.w1,PushPop,30,30,12,12,8758882,729906.8,729875.0,728579,730850,608.6,cutlass3x_sm100_simt_sgemm_f32_f32_f32_f32_f32_128x128x16_1x1x1_3_tnn_align1_bias_f32_relu
PyTorch:BasicsTransformerLM.layers.10.ffn.w2,PushPop,30,30,12,12,8763234,730269.5,730419.0,728962,731171,618.4,cutlass3x_sm100_simt_sgemm_f32_f32_f32_f32_f32_128x64x16_1x1x1_3_tnn_align1_bias_f32_relu
PyTorch:BasicsTransformerLM.layers.10.ffn.w3,PushPop,30,30,12,12,8673410,722784.2,722803.0,722019,723235,367.5,cutlass3x_sm100_simt_sgemm_f32_f32_f32_f32_f32_128x128x16_1x1x1_3_tnn_align1_bias_f32_relu
PyTorch:BasicsTransformerLM.layers.10.ln1,PushPop,30,30,12,24,351299,14637.5,14688.0,14432,14816,120.8,"void at::native::elementwise_kernel<(int)128, (int)2, void at::native::gpu_kernel_impl_nocast<at::native::BinaryFunctor<float, float, float, at::native::binary_internal::MulFunctor<float>>>(at::TensorIteratorBase &, const T1 &)::[lambda(int) (instance 1)]>(int, T3)"
PyTorch:BasicsTransformerLM.layers.10.ln1,PushPop,30,30,12,12,70048,5837.3,5840.0,5664,5984,84.6,"void at::native::vectorized_elementwise_kernel<(int)4, void at::native::<unnamed>::pow_tensor_scalar_kernel_impl<float, float>(at::TensorIteratorBase &, T2)::[lambda(float) (instance 1)], std::array<char *, (unsigned long)2>>(int, T2, T3)"
PyTorch:BasicsTransformerLM.layers.10.ln1,PushPop,30,30,12,12,67008,5584.0,5584.0,5504,5696,50.1,"void at::native::reduce_kernel<(int)512, (int)1, at::native::ReduceOp<float, at::native::MeanOps<float, float, float, float>, unsigned int, float, (int)4, (int)4>>(T3)"
PyTorch:BasicsTransformerLM.layers.10.ln1,PushPop,30,30,12,12,19136,1594.7,1600.0,1568,1600,12.5,"void at::native::vectorized_elementwise_kernel<(int)4, at::native::CUDAFunctorOnSelf_add<float>, std::array<char *, (unsigned long)2>>(int, T2, T3)"
PyTorch:BasicsTransformerLM.layers.10.ln1,PushPop,30,30,12,12,17920,1493.3,1472.0,1440,1600,45.9,"void at::native::vectorized_elementwise_kernel<(int)4, at::native::rsqrt_kernel_cuda(at::TensorIteratorBase &)::[lambda() (instance 2)]::operator ()() const::[lambda() (instance 2)]::operator ()() const::[lambda(float) (instance 1)], std::array<char *, (unsigned long)2>>(int, T2, T3)"
PyTorch:BasicsTransformerLM.layers.10.ln2,PushPop,30,30,12,24,354114,14754.8,14736.0,14560,15233,134.6,"void at::native::elementwise_kernel<(int)128, (int)2, void at::native::gpu_kernel_impl_nocast<at::native::BinaryFunctor<float, float, float, at::native::binary_internal::MulFunctor<float>>>(at::TensorIteratorBase &, const T1 &)::[lambda(int) (instance 1)]>(int, T3)"
PyTorch:BasicsTransformerLM.layers.10.ln2,PushPop,30,30,12,12,70112,5842.7,5824.0,5696,6400,188.8,"void at::native::vectorized_elementwise_kernel<(int)4, void at::native::<unnamed>::pow_tensor_scalar_kernel_impl<float, float>(at::TensorIteratorBase &, T2)::[lambda(float) (instance 1)], std::array<char *, (unsigned long)2>>(int, T2, T3)"
PyTorch:BasicsTransformerLM.layers.10.ln2,PushPop,30,30,12,12,66849,5570.8,5568.0,5504,5697,50.3,"void at::native::reduce_kernel<(int)512, (int)1, at::native::ReduceOp<float, at::native::MeanOps<float, float, float, float>, unsigned int, float, (int)4, (int)4>>(T3)"
PyTorch:BasicsTransformerLM.layers.10.ln2,PushPop,30,30,12,12,19840,1653.3,1600.0,1568,1792,82.2,"void at::native::vectorized_elementwise_kernel<(int)4, at::native::CUDAFunctorOnSelf_add<float>, std::array<char *, (unsigned long)2>>(int, T2, T3)"
PyTorch:BasicsTransformerLM.layers.10.ln2,PushPop,30,30,12,12,17728,1477.3,1472.0,1440,1600,42.8,"void at::native::vectorized_elementwise_kernel<(int)4, at::native::rsqrt_kernel_cuda(at::TensorIteratorBase &)::[lambda() (instance 2)]::operator ()() const::[lambda() (instance 2)]::operator ()() const::[lambda(float) (instance 1)], std::array<char *, (unsigned long)2>>(int, T2, T3)"
PyTorch:BasicsTransformerLM.layers.11,PushPop,30,30,12,36,26272874,729802.1,729475.0,722019,738243,5956.8,cutlass3x_sm100_simt_sgemm_f32_f32_f32_f32_f32_128x128x16_1x1x1_3_tnn_align1_bias_f32_relu
PyTorch:BasicsTransformerLM.layers.11,PushPop,30,30,12,48,9222599,192137.5,191601.0,190945,194433,1038.8,cutlass3x_sm100_simt_sgemm_f32_f32_f32_f32_f32_64x128x16_1x1x1_3_tnn_align1_bias_f32_relu
PyTorch:BasicsTransformerLM.layers.11,PushPop,30,30,12,12,8766053,730504.4,730419.5,729219,731395,647.0,cutlass3x_sm100_simt_sgemm_f32_f32_f32_f32_f32_128x64x16_1x1x1_3_tnn_align1_bias_f32_relu
PyTorch:BasicsTransformerLM.layers.11,PushPop,30,30,12,12,7346525,612210.4,611938.5,611330,615874,1172.7,"void at::native::elementwise_kernel<(int)128, (int)2, void at::native::gpu_kernel_impl_nocast<at::native::BinaryFunctor<float, float, float, at::native::binary_internal::DivFunctor<float>>>(at::TensorIteratorBase &, const T1 &)::[lambda(int) (instance 1)]>(int, T3)"
PyTorch:BasicsTransformerLM.layers.11,PushPop,30,30,12,12,6411226,534268.8,533890.0,533442,538146,1273.9,"void at::native::elementwise_kernel<(int)128, (int)2, void at::native::gpu_kernel_impl_nocast<at::native::<unnamed>::where_kernel_impl(at::TensorIterator &)::[lambda() (instance 1)]::operator ()() const::[lambda() (instance 11)]::operator ()() const::[lambda(bool, float, float) (instance 1)]>(at::TensorIteratorBase &, const T1 &)::[lambda(int) (instance 1)]>(int, T3)"
PyTorch:BasicsTransformerLM.layers.11,PushPop,30,30,12,12,6347162,528930.2,528930.0,528098,530402,628.0,"void at::native::elementwise_kernel<(int)128, (int)2, void at::native::gpu_kernel_impl_nocast<at::native::CUDAFunctor_add<float>>(at::TensorIteratorBase &, const T1 &)::[lambda(int) (instance 1)]>(int, T3)"
PyTorch:BasicsTransformerLM.layers.11,PushPop,30,30,12,12,6257499,521458.3,521538.0,519330,523074,898.9,cutlass3x_sm100_simt_sgemm_f32_f32_f32_f32_f32_64x32x16_1x1x1_3_nnn_align1_bias_f32_relu
PyTorch:BasicsTransformerLM.layers.11,PushPop,30,30,12,12,2814185,234515.4,234752.5,233120,235713,929.6,"void at::native::vectorized_elementwise_kernel<(int)4, at::native::BUnaryFunctor<float, float, float, at::native::binary_internal::MulFunctor<float>>, std::array<char *, (unsigned long)2>>(int, T2, T3)"
PyTorch:BasicsTransformerLM.layers.11,PushPop,30,30,12,12,2771532,230961.0,230945.0,230017,231681,496.8,"void at::native::vectorized_elementwise_kernel<(int)4, at::native::exp_kernel_cuda(at::TensorIteratorBase &)::[lambda() (instance 2)]::operator ()() const::[lambda() (instance 2)]::operator ()() const::[lambda(float) (instance 1)], std::array<char *, (unsigned long)2>>(int, T2, T3)"
PyTorch:BasicsTransformerLM.layers.11,PushPop,30,30,12,12,2337128,194760.7,194544.5,194145,197344,840.4,"void at::native::reduce_kernel<(int)512, (int)1, at::native::ReduceOp<float, at::native::MaxOps<float>, unsigned int, float, (int)4, (int)4>>(T3)"
PyTorch:BasicsTransformerLM.layers.11,PushPop,30,30,12,12,1725030,143752.5,143632.5,143104,145825,697.3,"void at::native::reduce_kernel<(int)512, (int)1, at::native::ReduceOp<float, at::native::func_wrapper_t<float, at::native::sum_functor<float, float, float>::operator ()(at::TensorIterator &)::[lambda(float, float) (instance 1)]>, unsigned int, float, (int)4, (int)4>>(T3)"
PyTorch:BasicsTransformerLM.layers.11,PushPop,30,30,12,144,1704870,11839.4,11104.0,9504,15712,2261.1,"void at::native::elementwise_kernel<(int)128, (int)2, void at::native::gpu_kernel_impl_nocast<at::native::BinaryFunctor<float, float, float, at::native::binary_internal::MulFunctor<float>>>(at::TensorIteratorBase &, const T1 &)::[lambda(int) (instance 1)]>(int, T3)"
PyTorch:BasicsTransformerLM.layers.11,PushPop,30,30,12,24,1107461,46144.2,46112.0,45664,46752,273.1,"void at::native::vectorized_elementwise_kernel<(int)4, at::native::BinaryFunctor<float, float, float, at::native::binary_internal::MulFunctor<float>>, std::array<char *, (unsigned long)3>>(int, T2, T3)"
PyTorch:BasicsTransformerLM.layers.11,PushPop,30,30,12,24,783874,32661.4,32656.0,32384,32928,142.7,"void at::native::<unnamed>::CatArrayBatchedCopy<at::native::<unnamed>::OpaqueType<(unsigned int)4>, unsigned int, (int)4, (int)64, (int)64>(T1 *, at::native::<unnamed>::CatArrInputTensorMetadata<T1, T2, T4, T5>, at::native::<unnamed>::TensorSizeStride<T2, (unsigned int)4>, int, T2)"
PyTorch:BasicsTransformerLM.layers.11,PushPop,30,30,12,24,468576,19524.0,19584.0,18240,21088,1065.5,"void at::native::elementwise_kernel<(int)128, (int)2, void at::native::gpu_kernel_impl_nocast<at::native::direct_copy_kernel_cuda(at::TensorIteratorBase &)::[lambda() (instance 3)]::operator ()() const::[lambda() (instance 7)]::operator ()() const::[lambda(float) (instance 1)]>(at::TensorIteratorBase &, const T1 &)::[lambda(int) (instance 1)]>(int, T3)"
PyTorch:BasicsTransformerLM.layers.11,PushPop,30,30,12,72,434273,6031.6,4480.0,4160,10080,2329.9,"void at::native::vectorized_elementwise_kernel<(int)4, at::native::CUDAFunctor_add<float>, std::array<char *, (unsigned long)3>>(int, T2, T3)"
PyTorch:BasicsTransformerLM.layers.11,PushPop,30,30,12,12,377442,31453.5,31392.0,30912,32256,383.9,"void at::native::vectorized_elementwise_kernel<(int)4, at::native::sigmoid_kernel_cuda(at::TensorIteratorBase &)::[lambda() (instance 2)]::operator ()() const::[lambda() (instance 2)]::operator ()() const::[lambda(float) (instance 1)], std::array<char *, (unsigned long)2>>(int, T2, T3)"
PyTorch:BasicsTransformerLM.layers.11,PushPop,30,30,12,24,139489,5812.0,5792.0,5632,6176,106.3,"void at::native::vectorized_elementwise_kernel<(int)4, void at::native::<unnamed>::pow_tensor_scalar_kernel_impl<float, float>(at::TensorIteratorBase &, T2)::[lambda(float) (instance 1)], std::array<char *, (unsigned long)2>>(int, T2, T3)"
PyTorch:BasicsTransformerLM.layers.11,PushPop,30,30,12,24,133827,5576.1,5568.5,5472,5696,55.2,"void at::native::reduce_kernel<(int)512, (int)1, at::native::ReduceOp<float, at::native::MeanOps<float, float, float, float>, unsigned int, float, (int)4, (int)4>>(T3)"
PyTorch:BasicsTransformerLM.layers.11,PushPop,30,30,12,12,103904,8658.7,8640.0,8608,8800,63.2,"void at::native::elementwise_kernel<(int)128, (int)4, void at::native::gpu_kernel_impl_nocast<at::native::<unnamed>::CompareFunctor<long>>(at::TensorIteratorBase &, const T1 &)::[lambda(int) (instance 1)]>(int, T3)"
PyTorch:BasicsTransformerLM.layers.11,PushPop,30,30,12,24,39424,1642.7,1600.0,1536,1824,87.3,"void at::native::vectorized_elementwise_kernel<(int)4, at::native::CUDAFunctorOnSelf_add<float>, std::array<char *, (unsigned long)2>>(int, T2, T3)"
PyTorch:BasicsTransformerLM.layers.11,PushPop,30,30,12,24,36352,1514.7,1488.0,1440,1664,77.0,"void at::native::vectorized_elementwise_kernel<(int)4, at::native::rsqrt_kernel_cuda(at::TensorIteratorBase &)::[lambda() (instance 2)]::operator ()() const::[lambda() (instance 2)]::operator ()() const::[lambda(float) (instance 1)], std::array<char *, (unsigned long)2>>(int, T2, T3)"
PyTorch:BasicsTransformerLM.layers.11,PushPop,30,30,12,12,13792,1149.3,1152.0,1120,1152,9.2,"void <unnamed>::elementwise_kernel_with_index<int, at::native::arange_cuda_out(const c10::Scalar &, const c10::Scalar &, const c10::Scalar &, at::Tensor &)::[lambda() (instance 1)]::operator ()() const::[lambda() (instance 4)]::operator ()() const::[lambda(long) (instance 1)]>(T1, T2, function_traits<T2>::result_type *)"
PyTorch:BasicsTransformerLM.layers.11,PushPop,30,30,12,12,13761,1146.8,1136.0,929,1440,182.4,"void at::native::vectorized_elementwise_kernel<(int)4, at::native::FillFunctor<float>, std::array<char *, (unsigned long)1>>(int, T2, T3)"
PyTorch:BasicsTransformerLM.layers.11.attn,PushPop,30,30,12,48,9222599,192137.5,191601.0,190945,194433,1038.8,cutlass3x_sm100_simt_sgemm_f32_f32_f32_f32_f32_64x128x16_1x1x1_3_tnn_align1_bias_f32_relu
PyTorch:BasicsTransformerLM.layers.11.attn,PushPop,30,30,12,12,8845539,737128.3,736979.0,736291,738243,562.1,cutlass3x_sm100_simt_sgemm_f32_f32_f32_f32_f32_128x128x16_1x1x1_3_tnn_align1_bias_f32_relu
PyTorch:BasicsTransformerLM.layers.11.attn,PushPop,30,30,12,12,7346525,612210.4,611938.5,611330,615874,1172.7,"void at::native::elementwise_kernel<(int)128, (int)2, void at::native::gpu_kernel_impl_nocast<at::native::BinaryFunctor<float, float, float, at::native::binary_internal::DivFunctor<float>>>(at::TensorIteratorBase &, const T1 &)::[lambda(int) (instance 1)]>(int, T3)"
PyTorch:BasicsTransformerLM.layers.11.attn,PushPop,30,30,12,12,6411226,534268.8,533890.0,533442,538146,1273.9,"void at::native::elementwise_kernel<(int)128, (int)2, void at::native::gpu_kernel_impl_nocast<at::native::<unnamed>::where_kernel_impl(at::TensorIterator &)::[lambda() (instance 1)]::operator ()() const::[lambda() (instance 11)]::operator ()() const::[lambda(bool, float, float) (instance 1)]>(at::TensorIteratorBase &, const T1 &)::[lambda(int) (instance 1)]>(int, T3)"
PyTorch:BasicsTransformerLM.layers.11.attn,PushPop,30,30,12,12,6347162,528930.2,528930.0,528098,530402,628.0,"void at::native::elementwise_kernel<(int)128, (int)2, void at::native::gpu_kernel_impl_nocast<at::native::CUDAFunctor_add<float>>(at::TensorIteratorBase &, const T1 &)::[lambda(int) (instance 1)]>(int, T3)"
PyTorch:BasicsTransformerLM.layers.11.attn,PushPop,30,30,12,12,6257499,521458.3,521538.0,519330,523074,898.9,cutlass3x_sm100_simt_sgemm_f32_f32_f32_f32_f32_64x32x16_1x1x1_3_nnn_align1_bias_f32_relu
PyTorch:BasicsTransformerLM.layers.11.attn,PushPop,30,30,12,12,2814185,234515.4,234752.5,233120,235713,929.6,"void at::native::vectorized_elementwise_kernel<(int)4, at::native::BUnaryFunctor<float, float, float, at::native::binary_internal::MulFunctor<float>>, std::array<char *, (unsigned long)2>>(int, T2, T3)"
PyTorch:BasicsTransformerLM.layers.11.attn,PushPop,30,30,12,12,2771532,230961.0,230945.0,230017,231681,496.8,"void at::native::vectorized_elementwise_kernel<(int)4, at::native::exp_kernel_cuda(at::TensorIteratorBase &)::[lambda() (instance 2)]::operator ()() const::[lambda() (instance 2)]::operator ()() const::[lambda(float) (instance 1)], std::array<char *, (unsigned long)2>>(int, T2, T3)"
PyTorch:BasicsTransformerLM.layers.11.attn,PushPop,30,30,12,12,2337128,194760.7,194544.5,194145,197344,840.4,"void at::native::reduce_kernel<(int)512, (int)1, at::native::ReduceOp<float, at::native::MaxOps<float>, unsigned int, float, (int)4, (int)4>>(T3)"
PyTorch:BasicsTransformerLM.layers.11.attn,PushPop,30,30,12,12,1725030,143752.5,143632.5,143104,145825,697.3,"void at::native::reduce_kernel<(int)512, (int)1, at::native::ReduceOp<float, at::native::func_wrapper_t<float, at::native::sum_functor<float, float, float>::operator ()(at::TensorIterator &)::[lambda(float, float) (instance 1)]>, unsigned int, float, (int)4, (int)4>>(T3)"
PyTorch:BasicsTransformerLM.layers.11.attn,PushPop,30,30,12,96,996676,10382.0,9824.0,9504,12640,1113.6,"void at::native::elementwise_kernel<(int)128, (int)2, void at::native::gpu_kernel_impl_nocast<at::native::BinaryFunctor<float, float, float, at::native::binary_internal::MulFunctor<float>>>(at::TensorIteratorBase &, const T1 &)::[lambda(int) (instance 1)]>(int, T3)"
PyTorch:BasicsTransformerLM.layers.11.attn,PushPop,30,30,12,24,783874,32661.4,32656.0,32384,32928,142.7,"void at::native::<unnamed>::CatArrayBatchedCopy<at::native::<unnamed>::OpaqueType<(unsigned int)4>, unsigned int, (int)4, (int)64, (int)64>(T1 *, at::native::<unnamed>::CatArrInputTensorMetadata<T1, T2, T4, T5>, at::native::<unnamed>::TensorSizeStride<T2, (unsigned int)4>, int, T2)"
PyTorch:BasicsTransformerLM.layers.11.attn,PushPop,30,30,12,24,468576,19524.0,19584.0,18240,21088,1065.5,"void at::native::elementwise_kernel<(int)128, (int)2, void at::native::gpu_kernel_impl_nocast<at::native::direct_copy_kernel_cuda(at::TensorIteratorBase &)::[lambda() (instance 3)]::operator ()() const::[lambda() (instance 7)]::operator ()() const::[lambda(float) (instance 1)]>(at::TensorIteratorBase &, const T1 &)::[lambda(int) (instance 1)]>(int, T3)"
PyTorch:BasicsTransformerLM.layers.11.attn,PushPop,30,30,12,48,211681,4410.0,4416.0,4160,4704,125.5,"void at::native::vectorized_elementwise_kernel<(int)4, at::native::CUDAFunctor_add<float>, std::array<char *, (unsigned long)3>>(int, T2, T3)"
PyTorch:BasicsTransformerLM.layers.11.attn,PushPop,30,30,12,12,103904,8658.7,8640.0,8608,8800,63.2,"void at::native::elementwise_kernel<(int)128, (int)4, void at::native::gpu_kernel_impl_nocast<at::native::<unnamed>::CompareFunctor<long>>(at::TensorIteratorBase &, const T1 &)::[lambda(int) (instance 1)]>(int, T3)"
PyTorch:BasicsTransformerLM.layers.11.attn,PushPop,30,30,12,12,13792,1149.3,1152.0,1120,1152,9.2,"void <unnamed>::elementwise_kernel_with_index<int, at::native::arange_cuda_out(const c10::Scalar &, const c10::Scalar &, const c10::Scalar &, at::Tensor &)::[lambda() (instance 1)]::operator ()() const::[lambda() (instance 4)]::operator ()() const::[lambda(long) (instance 1)]>(T1, T2, function_traits<T2>::result_type *)"
PyTorch:BasicsTransformerLM.layers.11.attn,PushPop,30,30,12,12,13761,1146.8,1136.0,929,1440,182.4,"void at::native::vectorized_elementwise_kernel<(int)4, at::native::FillFunctor<float>, std::array<char *, (unsigned long)1>>(int, T2, T3)"
PyTorch:BasicsTransformerLM.layers.11.attn.k_proj,PushPop,30,30,12,12,2297257,191438.1,191456.5,191232,191617,111.5,cutlass3x_sm100_simt_sgemm_f32_f32_f32_f32_f32_64x128x16_1x1x1_3_tnn_align1_bias_f32_relu
PyTorch:BasicsTransformerLM.layers.11.attn.output_proj,PushPop,30,30,12,12,2325258,193771.5,193697.0,193377,194433,277.1,cutlass3x_sm100_simt_sgemm_f32_f32_f32_f32_f32_64x128x16_1x1x1_3_tnn_align1_bias_f32_relu
PyTorch:BasicsTransformerLM.layers.11.attn.q_proj,PushPop,30,30,12,12,2305416,192118.0,192097.0,191456,192705,350.4,cutlass3x_sm100_simt_sgemm_f32_f32_f32_f32_f32_64x128x16_1x1x1_3_tnn_align1_bias_f32_relu
PyTorch:BasicsTransformerLM.layers.11.attn.v_proj,PushPop,30,30,12,12,2294668,191222.3,191233.0,190945,191553,196.5,cutlass3x_sm100_simt_sgemm_f32_f32_f32_f32_f32_64x128x16_1x1x1_3_tnn_align1_bias_f32_relu
PyTorch:BasicsTransformerLM.layers.11.ffn,PushPop,30,30,12,24,17427335,726139.0,725971.0,722019,730339,3440.9,cutlass3x_sm100_simt_sgemm_f32_f32_f32_f32_f32_128x128x16_1x1x1_3_tnn_align1_bias_f32_relu
PyTorch:BasicsTransformerLM.layers.11.ffn,PushPop,30,30,12,12,8766053,730504.4,730419.5,729219,731395,647.0,cutlass3x_sm100_simt_sgemm_f32_f32_f32_f32_f32_128x64x16_1x1x1_3_tnn_align1_bias_f32_relu
PyTorch:BasicsTransformerLM.layers.11.ffn,PushPop,30,30,12,24,1107461,46144.2,46112.0,45664,46752,273.1,"void at::native::vectorized_elementwise_kernel<(int)4, at::native::BinaryFunctor<float, float, float, at::native::binary_internal::MulFunctor<float>>, std::array<char *, (unsigned long)3>>(int, T2, T3)"
PyTorch:BasicsTransformerLM.layers.11.ffn,PushPop,30,30,12,12,377442,31453.5,31392.0,30912,32256,383.9,"void at::native::vectorized_elementwise_kernel<(int)4, at::native::sigmoid_kernel_cuda(at::TensorIteratorBase &)::[lambda() (instance 2)]::operator ()() const::[lambda() (instance 2)]::operator ()() const::[lambda(float) (instance 1)], std::array<char *, (unsigned long)2>>(int, T2, T3)"
PyTorch:BasicsTransformerLM.layers.11.ffn.w1,PushPop,30,30,12,12,8753540,729461.7,729475.0,728163,730339,662.8,cutlass3x_sm100_simt_sgemm_f32_f32_f32_f32_f32_128x128x16_1x1x1_3_tnn_align1_bias_f32_relu
PyTorch:BasicsTransformerLM.layers.11.ffn.w2,PushPop,30,30,12,12,8766053,730504.4,730419.5,729219,731395,647.0,cutlass3x_sm100_simt_sgemm_f32_f32_f32_f32_f32_128x64x16_1x1x1_3_tnn_align1_bias_f32_relu
PyTorch:BasicsTransformerLM.layers.11.ffn.w3,PushPop,30,30,12,12,8673795,722816.3,722722.5,722019,723779,477.7,cutlass3x_sm100_simt_sgemm_f32_f32_f32_f32_f32_128x128x16_1x1x1_3_tnn_align1_bias_f32_relu
PyTorch:BasicsTransformerLM.layers.11.ln1,PushPop,30,30,12,24,352962,14706.8,14720.0,14528,15040,141.0,"void at::native::elementwise_kernel<(int)128, (int)2, void at::native::gpu_kernel_impl_nocast<at::native::BinaryFunctor<float, float, float, at::native::binary_internal::MulFunctor<float>>>(at::TensorIteratorBase &, const T1 &)::[lambda(int) (instance 1)]>(int, T3)"
PyTorch:BasicsTransformerLM.layers.11.ln1,PushPop,30,30,12,12,69408,5784.0,5776.0,5632,5920,74.9,"void at::native::vectorized_elementwise_kernel<(int)4, void at::native::<unnamed>::pow_tensor_scalar_kernel_impl<float, float>(at::TensorIteratorBase &, T2)::[lambda(float) (instance 1)], std::array<char *, (unsigned long)2>>(int, T2, T3)"
PyTorch:BasicsTransformerLM.layers.11.ln1,PushPop,30,30,12,12,66658,5554.8,5552.0,5472,5632,51.8,"void at::native::reduce_kernel<(int)512, (int)1, at::native::ReduceOp<float, at::native::MeanOps<float, float, float, float>, unsigned int, float, (int)4, (int)4>>(T3)"
PyTorch:BasicsTransformerLM.layers.11.ln1,PushPop,30,30,12,12,19424,1618.7,1600.0,1536,1824,85.7,"void at::native::vectorized_elementwise_kernel<(int)4, at::native::CUDAFunctorOnSelf_add<float>, std::array<char *, (unsigned long)2>>(int, T2, T3)"
PyTorch:BasicsTransformerLM.layers.11.ln1,PushPop,30,30,12,12,17952,1496.0,1472.0,1440,1600,56.5,"void at::native::vectorized_elementwise_kernel<(int)4, at::native::rsqrt_kernel_cuda(at::TensorIteratorBase &)::[lambda() (instance 2)]::operator ()() const::[lambda() (instance 2)]::operator ()() const::[lambda(float) (instance 1)], std::array<char *, (unsigned long)2>>(int, T2, T3)"
PyTorch:BasicsTransformerLM.layers.11.ln2,PushPop,30,30,12,24,355232,14801.3,14800.0,14592,15712,217.0,"void at::native::elementwise_kernel<(int)128, (int)2, void at::native::gpu_kernel_impl_nocast<at::native::BinaryFunctor<float, float, float, at::native::binary_internal::MulFunctor<float>>>(at::TensorIteratorBase &, const T1 &)::[lambda(int) (instance 1)]>(int, T3)"
PyTorch:BasicsTransformerLM.layers.11.ln2,PushPop,30,30,12,12,70081,5840.1,5808.5,5664,6176,127.6,"void at::native::vectorized_elementwise_kernel<(int)4, void at::native::<unnamed>::pow_tensor_scalar_kernel_impl<float, float>(at::TensorIteratorBase &, T2)::[lambda(float) (instance 1)], std::array<char *, (unsigned long)2>>(int, T2, T3)"
PyTorch:BasicsTransformerLM.layers.11.ln2,PushPop,30,30,12,12,67169,5597.4,5600.0,5504,5696,51.9,"void at::native::reduce_kernel<(int)512, (int)1, at::native::ReduceOp<float, at::native::MeanOps<float, float, float, float>, unsigned int, float, (int)4, (int)4>>(T3)"
PyTorch:BasicsTransformerLM.layers.11.ln2,PushPop,30,30,12,12,20000,1666.7,1616.0,1568,1792,85.7,"void at::native::vectorized_elementwise_kernel<(int)4, at::native::CUDAFunctorOnSelf_add<float>, std::array<char *, (unsigned long)2>>(int, T2, T3)"
PyTorch:BasicsTransformerLM.layers.11.ln2,PushPop,30,30,12,12,18400,1533.3,1504.0,1440,1664,92.0,"void at::native::vectorized_elementwise_kernel<(int)4, at::native::rsqrt_kernel_cuda(at::TensorIteratorBase &)::[lambda() (instance 2)]::operator ()() const::[lambda() (instance 2)]::operator ()() const::[lambda(float) (instance 1)], std::array<char *, (unsigned long)2>>(int, T2, T3)"
PyTorch:BasicsTransformerLM.layers.2,PushPop,30,30,12,36,26273514,729819.8,729763.0,721635,738371,6027.0,cutlass3x_sm100_simt_sgemm_f32_f32_f32_f32_f32_128x128x16_1x1x1_3_tnn_align1_bias_f32_relu
PyTorch:BasicsTransformerLM.layers.2,PushPop,30,30,12,48,9227110,192231.5,191729.0,191137,195297,1102.2,cutlass3x_sm100_simt_sgemm_f32_f32_f32_f32_f32_64x128x16_1x1x1_3_tnn_align1_bias_f32_relu
PyTorch:BasicsTransformerLM.layers.2,PushPop,30,30,12,12,8764644,730387.0,730115.0,729123,733091,1135.4,cutlass3x_sm100_simt_sgemm_f32_f32_f32_f32_f32_128x64x16_1x1x1_3_tnn_align1_bias_f32_relu
PyTorch:BasicsTransformerLM.layers.2,PushPop,30,30,12,12,7350717,612559.8,611586.0,610947,621698,2968.3,"void at::native::elementwise_kernel<(int)128, (int)2, void at::native::gpu_kernel_impl_nocast<at::native::BinaryFunctor<float, float, float, at::native::binary_internal::DivFunctor<float>>>(at::TensorIteratorBase &, const T1 &)::[lambda(int) (instance 1)]>(int, T3)"
PyTorch:BasicsTransformerLM.layers.2,PushPop,30,30,12,12,6410136,534178.0,534162.0,533858,534754,242.6,"void at::native::elementwise_kernel<(int)128, (int)2, void at::native::gpu_kernel_impl_nocast<at::native::<unnamed>::where_kernel_impl(at::TensorIterator &)::[lambda() (instance 1)]::operator ()() const::[lambda() (instance 11)]::operator ()() const::[lambda(bool, float, float) (instance 1)]>(at::TensorIteratorBase &, const T1 &)::[lambda(int) (instance 1)]>(int, T3)"
PyTorch:BasicsTransformerLM.layers.2,PushPop,30,30,12,12,6342968,528580.7,528514.0,527778,529250,445.4,"void at::native::elementwise_kernel<(int)128, (int)2, void at::native::gpu_kernel_impl_nocast<at::native::CUDAFunctor_add<float>>(at::TensorIteratorBase &, const T1 &)::[lambda(int) (instance 1)]>(int, T3)"
PyTorch:BasicsTransformerLM.layers.2,PushPop,30,30,12,12,6263930,521994.2,521938.5,520226,523778,1106.2,cutlass3x_sm100_simt_sgemm_f32_f32_f32_f32_f32_64x32x16_1x1x1_3_nnn_align1_bias_f32_relu
PyTorch:BasicsTransformerLM.layers.2,PushPop,30,30,12,12,2803212,233601.0,233665.0,232673,234369,572.4,"void at::native::vectorized_elementwise_kernel<(int)4, at::native::BUnaryFunctor<float, float, float, at::native::binary_internal::MulFunctor<float>>, std::array<char *, (unsigned long)2>>(int, T2, T3)"
PyTorch:BasicsTransformerLM.layers.2,PushPop,30,30,12,12,2774604,231217.0,231249.0,229857,232065,588.6,"void at::native::vectorized_elementwise_kernel<(int)4, at::native::exp_kernel_cuda(at::TensorIteratorBase &)::[lambda() (instance 2)]::operator ()() const::[lambda() (instance 2)]::operator ()() const::[lambda(float) (instance 1)], std::array<char *, (unsigned long)2>>(int, T2, T3)"
PyTorch:BasicsTransformerLM.layers.2,PushPop,30,30,12,12,2327756,193979.7,194049.0,193505,194369,323.7,"void at::native::reduce_kernel<(int)512, (int)1, at::native::ReduceOp<float, at::native::MaxOps<float>, unsigned int, float, (int)4, (int)4>>(T3)"
PyTorch:BasicsTransformerLM.layers.2,PushPop,30,30,12,12,1723816,143651.3,143553.0,143136,144192,310.3,"void at::native::reduce_kernel<(int)512, (int)1, at::native::ReduceOp<float, at::native::func_wrapper_t<float, at::native::sum_functor<float, float, float>::operator ()(at::TensorIterator &)::[lambda(float, float) (instance 1)]>, unsigned int, float, (int)4, (int)4>>(T3)"
PyTorch:BasicsTransformerLM.layers.2,PushPop,30,30,12,144,1704680,11838.1,11120.0,9504,15488,2257.8,"void at::native::elementwise_kernel<(int)128, (int)2, void at::native::gpu_kernel_impl_nocast<at::native::BinaryFunctor<float, float, float, at::native::binary_internal::MulFunctor<float>>>(at::TensorIteratorBase &, const T1 &)::[lambda(int) (instance 1)]>(int, T3)"
PyTorch:BasicsTransformerLM.layers.2,PushPop,30,30,12,24,1105475,46061.5,46176.0,45408,46528,320.9,"void at::native::vectorized_elementwise_kernel<(int)4, at::native::BinaryFunctor<float, float, float, at::native::binary_internal::MulFunctor<float>>, std::array<char *, (unsigned long)3>>(int, T2, T3)"
PyTorch:BasicsTransformerLM.layers.2,PushPop,30,30,12,24,781635,32568.1,32544.0,32288,33056,168.3,"void at::native::<unnamed>::CatArrayBatchedCopy<at::native::<unnamed>::OpaqueType<(unsigned int)4>, unsigned int, (int)4, (int)64, (int)64>(T1 *, at::native::<unnamed>::CatArrInputTensorMetadata<T1, T2, T4, T5>, at::native::<unnamed>::TensorSizeStride<T2, (unsigned int)4>, int, T2)"
PyTorch:BasicsTransformerLM.layers.2,PushPop,30,30,12,24,471968,19665.3,19536.0,18400,22304,1195.3,"void at::native::elementwise_kernel<(int)128, (int)2, void at::native::gpu_kernel_impl_nocast<at::native::direct_copy_kernel_cuda(at::TensorIteratorBase &)::[lambda() (instance 3)]::operator ()() const::[lambda() (instance 7)]::operator ()() const::[lambda(float) (instance 1)]>(at::TensorIteratorBase &, const T1 &)::[lambda(int) (instance 1)]>(int, T3)"
PyTorch:BasicsTransformerLM.layers.2,PushPop,30,30,12,72,440609,6119.6,4544.0,4288,10912,2343.5,"void at::native::vectorized_elementwise_kernel<(int)4, at::native::CUDAFunctor_add<float>, std::array<char *, (unsigned long)3>>(int, T2, T3)"
PyTorch:BasicsTransformerLM.layers.2,PushPop,30,30,12,12,377346,31445.5,31424.0,31169,31872,223.8,"void at::native::vectorized_elementwise_kernel<(int)4, at::native::sigmoid_kernel_cuda(at::TensorIteratorBase &)::[lambda() (instance 2)]::operator ()() const::[lambda() (instance 2)]::operator ()() const::[lambda(float) (instance 1)], std::array<char *, (unsigned long)2>>(int, T2, T3)"
PyTorch:BasicsTransformerLM.layers.2,PushPop,30,30,12,24,139488,5812.0,5760.0,5664,6240,141.5,"void at::native::vectorized_elementwise_kernel<(int)4, void at::native::<unnamed>::pow_tensor_scalar_kernel_impl<float, float>(at::TensorIteratorBase &, T2)::[lambda(float) (instance 1)], std::array<char *, (unsigned long)2>>(int, T2, T3)"
PyTorch:BasicsTransformerLM.layers.2,PushPop,30,30,12,24,133824,5576.0,5568.0,5504,5664,39.2,"void at::native::reduce_kernel<(int)512, (int)1, at::native::ReduceOp<float, at::native::MeanOps<float, float, float, float>, unsigned int, float, (int)4, (int)4>>(T3)"
PyTorch:BasicsTransformerLM.layers.2,PushPop,30,30,12,12,103810,8650.8,8640.0,8576,8833,66.1,"void at::native::elementwise_kernel<(int)128, (int)4, void at::native::gpu_kernel_impl_nocast<at::native::<unnamed>::CompareFunctor<long>>(at::TensorIteratorBase &, const T1 &)::[lambda(int) (instance 1)]>(int, T3)"
PyTorch:BasicsTransformerLM.layers.2,PushPop,30,30,12,24,39137,1630.7,1600.0,1536,1824,84.6,"void at::native::vectorized_elementwise_kernel<(int)4, at::native::CUDAFunctorOnSelf_add<float>, std::array<char *, (unsigned long)2>>(int, T2, T3)"
PyTorch:BasicsTransformerLM.layers.2,PushPop,30,30,12,24,35904,1496.0,1472.0,1440,1696,68.2,"void at::native::vectorized_elementwise_kernel<(int)4, at::native::rsqrt_kernel_cuda(at::TensorIteratorBase &)::[lambda() (instance 2)]::operator ()() const::[lambda() (instance 2)]::operator ()() const::[lambda(float) (instance 1)], std::array<char *, (unsigned long)2>>(int, T2, T3)"
PyTorch:BasicsTransformerLM.layers.2,PushPop,30,30,12,12,14144,1178.7,1152.0,1120,1312,65.2,"void <unnamed>::elementwise_kernel_with_index<int, at::native::arange_cuda_out(const c10::Scalar &, const c10::Scalar &, const c10::Scalar &, at::Tensor &)::[lambda() (instance 1)]::operator ()() const::[lambda() (instance 4)]::operator ()() const::[lambda(long) (instance 1)]>(T1, T2, function_traits<T2>::result_type *)"
PyTorch:BasicsTransformerLM.layers.2,PushPop,30,30,12,12,12832,1069.3,1104.0,928,1280,117.7,"void at::native::vectorized_elementwise_kernel<(int)4, at::native::FillFunctor<float>, std::array<char *, (unsigned long)1>>(int, T2, T3)"
PyTorch:BasicsTransformerLM.layers.2.attn,PushPop,30,30,12,48,9227110,192231.5,191729.0,191137,195297,1102.2,cutlass3x_sm100_simt_sgemm_f32_f32_f32_f32_f32_64x128x16_1x1x1_3_tnn_align1_bias_f32_relu
PyTorch:BasicsTransformerLM.layers.2.attn,PushPop,30,30,12,12,8845763,737146.9,737106.5,736323,738371,575.9,cutlass3x_sm100_simt_sgemm_f32_f32_f32_f32_f32_128x128x16_1x1x1_3_tnn_align1_bias_f32_relu
PyTorch:BasicsTransformerLM.layers.2.attn,PushPop,30,30,12,12,7350717,612559.8,611586.0,610947,621698,2968.3,"void at::native::elementwise_kernel<(int)128, (int)2, void at::native::gpu_kernel_impl_nocast<at::native::BinaryFunctor<float, float, float, at::native::binary_internal::DivFunctor<float>>>(at::TensorIteratorBase &, const T1 &)::[lambda(int) (instance 1)]>(int, T3)"
PyTorch:BasicsTransformerLM.layers.2.attn,PushPop,30,30,12,12,6410136,534178.0,534162.0,533858,534754,242.6,"void at::native::elementwise_kernel<(int)128, (int)2, void at::native::gpu_kernel_impl_nocast<at::native::<unnamed>::where_kernel_impl(at::TensorIterator &)::[lambda() (instance 1)]::operator ()() const::[lambda() (instance 11)]::operator ()() const::[lambda(bool, float, float) (instance 1)]>(at::TensorIteratorBase &, const T1 &)::[lambda(int) (instance 1)]>(int, T3)"
PyTorch:BasicsTransformerLM.layers.2.attn,PushPop,30,30,12,12,6342968,528580.7,528514.0,527778,529250,445.4,"void at::native::elementwise_kernel<(int)128, (int)2, void at::native::gpu_kernel_impl_nocast<at::native::CUDAFunctor_add<float>>(at::TensorIteratorBase &, const T1 &)::[lambda(int) (instance 1)]>(int, T3)"
PyTorch:BasicsTransformerLM.layers.2.attn,PushPop,30,30,12,12,6263930,521994.2,521938.5,520226,523778,1106.2,cutlass3x_sm100_simt_sgemm_f32_f32_f32_f32_f32_64x32x16_1x1x1_3_nnn_align1_bias_f32_relu
PyTorch:BasicsTransformerLM.layers.2.attn,PushPop,30,30,12,12,2803212,233601.0,233665.0,232673,234369,572.4,"void at::native::vectorized_elementwise_kernel<(int)4, at::native::BUnaryFunctor<float, float, float, at::native::binary_internal::MulFunctor<float>>, std::array<char *, (unsigned long)2>>(int, T2, T3)"
PyTorch:BasicsTransformerLM.layers.2.attn,PushPop,30,30,12,12,2774604,231217.0,231249.0,229857,232065,588.6,"void at::native::vectorized_elementwise_kernel<(int)4, at::native::exp_kernel_cuda(at::TensorIteratorBase &)::[lambda() (instance 2)]::operator ()() const::[lambda() (instance 2)]::operator ()() const::[lambda(float) (instance 1)], std::array<char *, (unsigned long)2>>(int, T2, T3)"
PyTorch:BasicsTransformerLM.layers.2.attn,PushPop,30,30,12,12,2327756,193979.7,194049.0,193505,194369,323.7,"void at::native::reduce_kernel<(int)512, (int)1, at::native::ReduceOp<float, at::native::MaxOps<float>, unsigned int, float, (int)4, (int)4>>(T3)"
PyTorch:BasicsTransformerLM.layers.2.attn,PushPop,30,30,12,12,1723816,143651.3,143553.0,143136,144192,310.3,"void at::native::reduce_kernel<(int)512, (int)1, at::native::ReduceOp<float, at::native::func_wrapper_t<float, at::native::sum_functor<float, float, float>::operator ()(at::TensorIterator &)::[lambda(float, float) (instance 1)]>, unsigned int, float, (int)4, (int)4>>(T3)"
PyTorch:BasicsTransformerLM.layers.2.attn,PushPop,30,30,12,96,996676,10382.0,9792.0,9504,12672,1106.8,"void at::native::elementwise_kernel<(int)128, (int)2, void at::native::gpu_kernel_impl_nocast<at::native::BinaryFunctor<float, float, float, at::native::binary_internal::MulFunctor<float>>>(at::TensorIteratorBase &, const T1 &)::[lambda(int) (instance 1)]>(int, T3)"
PyTorch:BasicsTransformerLM.layers.2.attn,PushPop,30,30,12,24,781635,32568.1,32544.0,32288,33056,168.3,"void at::native::<unnamed>::CatArrayBatchedCopy<at::native::<unnamed>::OpaqueType<(unsigned int)4>, unsigned int, (int)4, (int)64, (int)64>(T1 *, at::native::<unnamed>::CatArrInputTensorMetadata<T1, T2, T4, T5>, at::native::<unnamed>::TensorSizeStride<T2, (unsigned int)4>, int, T2)"
PyTorch:BasicsTransformerLM.layers.2.attn,PushPop,30,30,12,24,471968,19665.3,19536.0,18400,22304,1195.3,"void at::native::elementwise_kernel<(int)128, (int)2, void at::native::gpu_kernel_impl_nocast<at::native::direct_copy_kernel_cuda(at::TensorIteratorBase &)::[lambda() (instance 3)]::operator ()() const::[lambda() (instance 7)]::operator ()() const::[lambda(float) (instance 1)]>(at::TensorIteratorBase &, const T1 &)::[lambda(int) (instance 1)]>(int, T3)"
PyTorch:BasicsTransformerLM.layers.2.attn,PushPop,30,30,12,48,215521,4490.0,4448.0,4288,5088,164.8,"void at::native::vectorized_elementwise_kernel<(int)4, at::native::CUDAFunctor_add<float>, std::array<char *, (unsigned long)3>>(int, T2, T3)"
PyTorch:BasicsTransformerLM.layers.2.attn,PushPop,30,30,12,12,103810,8650.8,8640.0,8576,8833,66.1,"void at::native::elementwise_kernel<(int)128, (int)4, void at::native::gpu_kernel_impl_nocast<at::native::<unnamed>::CompareFunctor<long>>(at::TensorIteratorBase &, const T1 &)::[lambda(int) (instance 1)]>(int, T3)"
PyTorch:BasicsTransformerLM.layers.2.attn,PushPop,30,30,12,12,14144,1178.7,1152.0,1120,1312,65.2,"void <unnamed>::elementwise_kernel_with_index<int, at::native::arange_cuda_out(const c10::Scalar &, const c10::Scalar &, const c10::Scalar &, at::Tensor &)::[lambda() (instance 1)]::operator ()() const::[lambda() (instance 4)]::operator ()() const::[lambda(long) (instance 1)]>(T1, T2, function_traits<T2>::result_type *)"
PyTorch:BasicsTransformerLM.layers.2.attn,PushPop,30,30,12,12,12832,1069.3,1104.0,928,1280,117.7,"void at::native::vectorized_elementwise_kernel<(int)4, at::native::FillFunctor<float>, std::array<char *, (unsigned long)1>>(int, T2, T3)"
PyTorch:BasicsTransformerLM.layers.2.attn.k_proj,PushPop,30,30,12,12,2297225,191435.4,191393.0,191137,192033,247.0,cutlass3x_sm100_simt_sgemm_f32_f32_f32_f32_f32_64x128x16_1x1x1_3_tnn_align1_bias_f32_relu
PyTorch:BasicsTransformerLM.layers.2.attn.output_proj,PushPop,30,30,12,12,2327530,193960.8,193809.0,193409,195297,538.4,cutlass3x_sm100_simt_sgemm_f32_f32_f32_f32_f32_64x128x16_1x1x1_3_tnn_align1_bias_f32_relu
PyTorch:BasicsTransformerLM.layers.2.attn.q_proj,PushPop,30,30,12,12,2305704,192142.0,192145.0,191648,192513,264.1,cutlass3x_sm100_simt_sgemm_f32_f32_f32_f32_f32_64x128x16_1x1x1_3_tnn_align1_bias_f32_relu
PyTorch:BasicsTransformerLM.layers.2.attn.v_proj,PushPop,30,30,12,12,2296651,191387.6,191329.0,191201,191681,174.2,cutlass3x_sm100_simt_sgemm_f32_f32_f32_f32_f32_64x128x16_1x1x1_3_tnn_align1_bias_f32_relu
PyTorch:BasicsTransformerLM.layers.2.ffn,PushPop,30,30,12,24,17427751,726156.3,726275.0,721635,731651,3619.8,cutlass3x_sm100_simt_sgemm_f32_f32_f32_f32_f32_128x128x16_1x1x1_3_tnn_align1_bias_f32_relu
PyTorch:BasicsTransformerLM.layers.2.ffn,PushPop,30,30,12,12,8764644,730387.0,730115.0,729123,733091,1135.4,cutlass3x_sm100_simt_sgemm_f32_f32_f32_f32_f32_128x64x16_1x1x1_3_tnn_align1_bias_f32_relu
PyTorch:BasicsTransformerLM.layers.2.ffn,PushPop,30,30,12,24,1105475,46061.5,46176.0,45408,46528,320.9,"void at::native::vectorized_elementwise_kernel<(int)4, at::native::BinaryFunctor<float, float, float, at::native::binary_internal::MulFunctor<float>>, std::array<char *, (unsigned long)3>>(int, T2, T3)"
PyTorch:BasicsTransformerLM.layers.2.ffn,PushPop,30,30,12,12,377346,31445.5,31424.0,31169,31872,223.8,"void at::native::vectorized_elementwise_kernel<(int)4, at::native::sigmoid_kernel_cuda(at::TensorIteratorBase &)::[lambda() (instance 2)]::operator ()() const::[lambda() (instance 2)]::operator ()() const::[lambda(float) (instance 1)], std::array<char *, (unsigned long)2>>(int, T2, T3)"
PyTorch:BasicsTransformerLM.layers.2.ffn.w1,PushPop,30,30,12,12,8755172,729597.7,729763.0,727971,731651,979.4,cutlass3x_sm100_simt_sgemm_f32_f32_f32_f32_f32_128x128x16_1x1x1_3_tnn_align1_bias_f32_relu
PyTorch:BasicsTransformerLM.layers.2.ffn.w2,PushPop,30,30,12,12,8764644,730387.0,730115.0,729123,733091,1135.4,cutlass3x_sm100_simt_sgemm_f32_f32_f32_f32_f32_128x64x16_1x1x1_3_tnn_align1_bias_f32_relu
PyTorch:BasicsTransformerLM.layers.2.ffn.w3,PushPop,30,30,12,12,8672579,722714.9,722546.5,721635,724579,774.0,cutlass3x_sm100_simt_sgemm_f32_f32_f32_f32_f32_128x128x16_1x1x1_3_tnn_align1_bias_f32_relu
PyTorch:BasicsTransformerLM.layers.2.ln1,PushPop,30,30,12,24,353731,14738.8,14688.0,14432,15488,201.0,"void at::native::elementwise_kernel<(int)128, (int)2, void at::native::gpu_kernel_impl_nocast<at::native::BinaryFunctor<float, float, float, at::native::binary_internal::MulFunctor<float>>>(at::TensorIteratorBase &, const T1 &)::[lambda(int) (instance 1)]>(int, T3)"
PyTorch:BasicsTransformerLM.layers.2.ln1,PushPop,30,30,12,12,69664,5805.3,5760.0,5664,6080,138.1,"void at::native::vectorized_elementwise_kernel<(int)4, void at::native::<unnamed>::pow_tensor_scalar_kernel_impl<float, float>(at::TensorIteratorBase &, T2)::[lambda(float) (instance 1)], std::array<char *, (unsigned long)2>>(int, T2, T3)"
PyTorch:BasicsTransformerLM.layers.2.ln1,PushPop,30,30,12,12,66848,5570.7,5568.0,5504,5632,37.3,"void at::native::reduce_kernel<(int)512, (int)1, at::native::ReduceOp<float, at::native::MeanOps<float, float, float, float>, unsigned int, float, (int)4, (int)4>>(T3)"
PyTorch:BasicsTransformerLM.layers.2.ln1,PushPop,30,30,12,12,19360,1613.3,1600.0,1536,1760,68.8,"void at::native::vectorized_elementwise_kernel<(int)4, at::native::CUDAFunctorOnSelf_add<float>, std::array<char *, (unsigned long)2>>(int, T2, T3)"
PyTorch:BasicsTransformerLM.layers.2.ln1,PushPop,30,30,12,12,17856,1488.0,1472.0,1440,1632,52.0,"void at::native::vectorized_elementwise_kernel<(int)4, at::native::rsqrt_kernel_cuda(at::TensorIteratorBase &)::[lambda() (instance 2)]::operator ()() const::[lambda() (instance 2)]::operator ()() const::[lambda(float) (instance 1)], std::array<char *, (unsigned long)2>>(int, T2, T3)"
PyTorch:BasicsTransformerLM.layers.2.ln2,PushPop,30,30,12,24,354273,14761.4,14720.0,14496,15328,217.5,"void at::native::elementwise_kernel<(int)128, (int)2, void at::native::gpu_kernel_impl_nocast<at::native::BinaryFunctor<float, float, float, at::native::binary_internal::MulFunctor<float>>>(at::TensorIteratorBase &, const T1 &)::[lambda(int) (instance 1)]>(int, T3)"
PyTorch:BasicsTransformerLM.layers.2.ln2,PushPop,30,30,12,12,69824,5818.7,5776.0,5664,6240,150.6,"void at::native::vectorized_elementwise_kernel<(int)4, void at::native::<unnamed>::pow_tensor_scalar_kernel_impl<float, float>(at::TensorIteratorBase &, T2)::[lambda(float) (instance 1)], std::array<char *, (unsigned long)2>>(int, T2, T3)"
PyTorch:BasicsTransformerLM.layers.2.ln2,PushPop,30,30,12,12,66976,5581.3,5568.0,5504,5664,42.0,"void at::native::reduce_kernel<(int)512, (int)1, at::native::ReduceOp<float, at::native::MeanOps<float, float, float, float>, unsigned int, float, (int)4, (int)4>>(T3)"
PyTorch:BasicsTransformerLM.layers.2.ln2,PushPop,30,30,12,12,19777,1648.1,1600.0,1568,1824,97.8,"void at::native::vectorized_elementwise_kernel<(int)4, at::native::CUDAFunctorOnSelf_add<float>, std::array<char *, (unsigned long)2>>(int, T2, T3)"
PyTorch:BasicsTransformerLM.layers.2.ln2,PushPop,30,30,12,12,18048,1504.0,1488.0,1440,1696,83.0,"void at::native::vectorized_elementwise_kernel<(int)4, at::native::rsqrt_kernel_cuda(at::TensorIteratorBase &)::[lambda() (instance 2)]::operator ()() const::[lambda() (instance 2)]::operator ()() const::[lambda(float) (instance 1)], std::array<char *, (unsigned long)2>>(int, T2, T3)"
PyTorch:BasicsTransformerLM.layers.3,PushPop,30,30,12,36,26284206,730116.8,729795.5,722275,739075,6071.2,cutlass3x_sm100_simt_sgemm_f32_f32_f32_f32_f32_128x128x16_1x1x1_3_tnn_align1_bias_f32_relu
PyTorch:BasicsTransformerLM.layers.3,PushPop,30,30,12,48,9226186,192212.2,191952.5,190817,194305,1071.1,cutlass3x_sm100_simt_sgemm_f32_f32_f32_f32_f32_64x128x16_1x1x1_3_tnn_align1_bias_f32_relu
PyTorch:BasicsTransformerLM.layers.3,PushPop,30,30,12,12,8767076,730589.7,730419.0,729923,731331,446.1,cutlass3x_sm100_simt_sgemm_f32_f32_f32_f32_f32_128x64x16_1x1x1_3_tnn_align1_bias_f32_relu
PyTorch:BasicsTransformerLM.layers.3,PushPop,30,30,12,12,7343488,611957.3,612035.0,610882,612579,444.7,"void at::native::elementwise_kernel<(int)128, (int)2, void at::native::gpu_kernel_impl_nocast<at::native::BinaryFunctor<float, float, float, at::native::binary_internal::DivFunctor<float>>>(at::TensorIteratorBase &, const T1 &)::[lambda(int) (instance 1)]>(int, T3)"
PyTorch:BasicsTransformerLM.layers.3,PushPop,30,30,12,12,6413722,534476.8,534114.0,533794,538402,1252.0,"void at::native::elementwise_kernel<(int)128, (int)2, void at::native::gpu_kernel_impl_nocast<at::native::<unnamed>::where_kernel_impl(at::TensorIterator &)::[lambda() (instance 1)]::operator ()() const::[lambda() (instance 11)]::operator ()() const::[lambda(bool, float, float) (instance 1)]>(at::TensorIteratorBase &, const T1 &)::[lambda(int) (instance 1)]>(int, T3)"
PyTorch:BasicsTransformerLM.layers.3,PushPop,30,30,12,12,6346266,528855.5,528930.5,527651,529986,681.0,"void at::native::elementwise_kernel<(int)128, (int)2, void at::native::gpu_kernel_impl_nocast<at::native::CUDAFunctor_add<float>>(at::TensorIteratorBase &, const T1 &)::[lambda(int) (instance 1)]>(int, T3)"
PyTorch:BasicsTransformerLM.layers.3,PushPop,30,30,12,12,6259096,521591.3,521474.0,520578,523074,693.3,cutlass3x_sm100_simt_sgemm_f32_f32_f32_f32_f32_64x32x16_1x1x1_3_nnn_align1_bias_f32_relu
PyTorch:BasicsTransformerLM.layers.3,PushPop,30,30,12,12,2807690,233974.2,234145.0,233024,235169,774.9,"void at::native::vectorized_elementwise_kernel<(int)4, at::native::BUnaryFunctor<float, float, float, at::native::binary_internal::MulFunctor<float>>, std::array<char *, (unsigned long)2>>(int, T2, T3)"
PyTorch:BasicsTransformerLM.layers.3,PushPop,30,30,12,12,2771916,230993.0,230945.0,230241,232097,526.6,"void at::native::vectorized_elementwise_kernel<(int)4, at::native::exp_kernel_cuda(at::TensorIteratorBase &)::[lambda() (instance 2)]::operator ()() const::[lambda() (instance 2)]::operator ()() const::[lambda(float) (instance 1)], std::array<char *, (unsigned long)2>>(int, T2, T3)"
PyTorch:BasicsTransformerLM.layers.3,PushPop,30,30,12,12,2332810,194400.8,194128.5,193729,197121,919.9,"void at::native::reduce_kernel<(int)512, (int)1, at::native::ReduceOp<float, at::native::MaxOps<float>, unsigned int, float, (int)4, (int)4>>(T3)"
PyTorch:BasicsTransformerLM.layers.3,PushPop,30,30,12,12,1727876,143989.7,144017.0,143200,144576,408.3,"void at::native::reduce_kernel<(int)512, (int)1, at::native::ReduceOp<float, at::native::func_wrapper_t<float, at::native::sum_functor<float, float, float>::operator ()(at::TensorIterator &)::[lambda(float, float) (instance 1)]>, unsigned int, float, (int)4, (int)4>>(T3)"
PyTorch:BasicsTransformerLM.layers.3,PushPop,30,30,12,144,1709572,11872.0,11152.0,9536,15744,2271.9,"void at::native::elementwise_kernel<(int)128, (int)2, void at::native::gpu_kernel_impl_nocast<at::native::BinaryFunctor<float, float, float, at::native::binary_internal::MulFunctor<float>>>(at::TensorIteratorBase &, const T1 &)::[lambda(int) (instance 1)]>(int, T3)"
PyTorch:BasicsTransformerLM.layers.3,PushPop,30,30,12,24,1105284,46053.5,46001.0,45376,47680,516.4,"void at::native::vectorized_elementwise_kernel<(int)4, at::native::BinaryFunctor<float, float, float, at::native::binary_internal::MulFunctor<float>>, std::array<char *, (unsigned long)3>>(int, T2, T3)"
PyTorch:BasicsTransformerLM.layers.3,PushPop,30,30,12,24,781282,32553.4,32512.0,32320,32960,162.7,"void at::native::<unnamed>::CatArrayBatchedCopy<at::native::<unnamed>::OpaqueType<(unsigned int)4>, unsigned int, (int)4, (int)64, (int)64>(T1 *, at::native::<unnamed>::CatArrInputTensorMetadata<T1, T2, T4, T5>, at::native::<unnamed>::TensorSizeStride<T2, (unsigned int)4>, int, T2)"
PyTorch:BasicsTransformerLM.layers.3,PushPop,30,30,12,24,468898,19537.4,19568.0,18208,21088,1067.5,"void at::native::elementwise_kernel<(int)128, (int)2, void at::native::gpu_kernel_impl_nocast<at::native::direct_copy_kernel_cuda(at::TensorIteratorBase &)::[lambda() (instance 3)]::operator ()() const::[lambda() (instance 7)]::operator ()() const::[lambda(float) (instance 1)]>(at::TensorIteratorBase &, const T1 &)::[lambda(int) (instance 1)]>(int, T3)"
PyTorch:BasicsTransformerLM.layers.3,PushPop,30,30,12,72,439041,6097.8,4640.0,4224,10080,2284.7,"void at::native::vectorized_elementwise_kernel<(int)4, at::native::CUDAFunctor_add<float>, std::array<char *, (unsigned long)3>>(int, T2, T3)"
PyTorch:BasicsTransformerLM.layers.3,PushPop,30,30,12,12,377602,31466.8,31472.0,30944,32256,364.7,"void at::native::vectorized_elementwise_kernel<(int)4, at::native::sigmoid_kernel_cuda(at::TensorIteratorBase &)::[lambda() (instance 2)]::operator ()() const::[lambda() (instance 2)]::operator ()() const::[lambda(float) (instance 1)], std::array<char *, (unsigned long)2>>(int, T2, T3)"
PyTorch:BasicsTransformerLM.layers.3,PushPop,30,30,12,24,141120,5880.0,5808.0,5664,6976,254.8,"void at::native::vectorized_elementwise_kernel<(int)4, void at::native::<unnamed>::pow_tensor_scalar_kernel_impl<float, float>(at::TensorIteratorBase &, T2)::[lambda(float) (instance 1)], std::array<char *, (unsigned long)2>>(int, T2, T3)"
PyTorch:BasicsTransformerLM.layers.3,PushPop,30,30,12,24,133953,5581.4,5584.0,5472,5728,62.5,"void at::native::reduce_kernel<(int)512, (int)1, at::native::ReduceOp<float, at::native::MeanOps<float, float, float, float>, unsigned int, float, (int)4, (int)4>>(T3)"
PyTorch:BasicsTransformerLM.layers.3,PushPop,30,30,12,12,103936,8661.3,8656.0,8576,8864,77.6,"void at::native::elementwise_kernel<(int)128, (int)4, void at::native::gpu_kernel_impl_nocast<at::native::<unnamed>::CompareFunctor<long>>(at::TensorIteratorBase &, const T1 &)::[lambda(int) (instance 1)]>(int, T3)"
PyTorch:BasicsTransformerLM.layers.3,PushPop,30,30,12,24,38688,1612.0,1568.0,1568,1824,74.8,"void at::native::vectorized_elementwise_kernel<(int)4, at::native::CUDAFunctorOnSelf_add<float>, std::array<char *, (unsigned long)2>>(int, T2, T3)"
PyTorch:BasicsTransformerLM.layers.3,PushPop,30,30,12,24,35456,1477.3,1472.0,1408,1632,52.3,"void at::native::vectorized_elementwise_kernel<(int)4, at::native::rsqrt_kernel_cuda(at::TensorIteratorBase &)::[lambda() (instance 2)]::operator ()() const::[lambda() (instance 2)]::operator ()() const::[lambda(float) (instance 1)], std::array<char *, (unsigned long)2>>(int, T2, T3)"
PyTorch:BasicsTransformerLM.layers.3,PushPop,30,30,12,12,14496,1208.0,1168.0,1152,1408,87.5,"void <unnamed>::elementwise_kernel_with_index<int, at::native::arange_cuda_out(const c10::Scalar &, const c10::Scalar &, const c10::Scalar &, at::Tensor &)::[lambda() (instance 1)]::operator ()() const::[lambda() (instance 4)]::operator ()() const::[lambda(long) (instance 1)]>(T1, T2, function_traits<T2>::result_type *)"
PyTorch:BasicsTransformerLM.layers.3,PushPop,30,30,12,12,13056,1088.0,1136.0,928,1248,113.3,"void at::native::vectorized_elementwise_kernel<(int)4, at::native::FillFunctor<float>, std::array<char *, (unsigned long)1>>(int, T2, T3)"
PyTorch:BasicsTransformerLM.layers.3.attn,PushPop,30,30,12,48,9226186,192212.2,191952.5,190817,194305,1071.1,cutlass3x_sm100_simt_sgemm_f32_f32_f32_f32_f32_64x128x16_1x1x1_3_tnn_align1_bias_f32_relu
PyTorch:BasicsTransformerLM.layers.3.attn,PushPop,30,30,12,12,8850821,737568.4,737651.0,735747,739075,829.3,cutlass3x_sm100_simt_sgemm_f32_f32_f32_f32_f32_128x128x16_1x1x1_3_tnn_align1_bias_f32_relu
PyTorch:BasicsTransformerLM.layers.3.attn,PushPop,30,30,12,12,7343488,611957.3,612035.0,610882,612579,444.7,"void at::native::elementwise_kernel<(int)128, (int)2, void at::native::gpu_kernel_impl_nocast<at::native::BinaryFunctor<float, float, float, at::native::binary_internal::DivFunctor<float>>>(at::TensorIteratorBase &, const T1 &)::[lambda(int) (instance 1)]>(int, T3)"
PyTorch:BasicsTransformerLM.layers.3.attn,PushPop,30,30,12,12,6413722,534476.8,534114.0,533794,538402,1252.0,"void at::native::elementwise_kernel<(int)128, (int)2, void at::native::gpu_kernel_impl_nocast<at::native::<unnamed>::where_kernel_impl(at::TensorIterator &)::[lambda() (instance 1)]::operator ()() const::[lambda() (instance 11)]::operator ()() const::[lambda(bool, float, float) (instance 1)]>(at::TensorIteratorBase &, const T1 &)::[lambda(int) (instance 1)]>(int, T3)"
PyTorch:BasicsTransformerLM.layers.3.attn,PushPop,30,30,12,12,6346266,528855.5,528930.5,527651,529986,681.0,"void at::native::elementwise_kernel<(int)128, (int)2, void at::native::gpu_kernel_impl_nocast<at::native::CUDAFunctor_add<float>>(at::TensorIteratorBase &, const T1 &)::[lambda(int) (instance 1)]>(int, T3)"
PyTorch:BasicsTransformerLM.layers.3.attn,PushPop,30,30,12,12,6259096,521591.3,521474.0,520578,523074,693.3,cutlass3x_sm100_simt_sgemm_f32_f32_f32_f32_f32_64x32x16_1x1x1_3_nnn_align1_bias_f32_relu
PyTorch:BasicsTransformerLM.layers.3.attn,PushPop,30,30,12,12,2807690,233974.2,234145.0,233024,235169,774.9,"void at::native::vectorized_elementwise_kernel<(int)4, at::native::BUnaryFunctor<float, float, float, at::native::binary_internal::MulFunctor<float>>, std::array<char *, (unsigned long)2>>(int, T2, T3)"
PyTorch:BasicsTransformerLM.layers.3.attn,PushPop,30,30,12,12,2771916,230993.0,230945.0,230241,232097,526.6,"void at::native::vectorized_elementwise_kernel<(int)4, at::native::exp_kernel_cuda(at::TensorIteratorBase &)::[lambda() (instance 2)]::operator ()() const::[lambda() (instance 2)]::operator ()() const::[lambda(float) (instance 1)], std::array<char *, (unsigned long)2>>(int, T2, T3)"
PyTorch:BasicsTransformerLM.layers.3.attn,PushPop,30,30,12,12,2332810,194400.8,194128.5,193729,197121,919.9,"void at::native::reduce_kernel<(int)512, (int)1, at::native::ReduceOp<float, at::native::MaxOps<float>, unsigned int, float, (int)4, (int)4>>(T3)"
PyTorch:BasicsTransformerLM.layers.3.attn,PushPop,30,30,12,12,1727876,143989.7,144017.0,143200,144576,408.3,"void at::native::reduce_kernel<(int)512, (int)1, at::native::ReduceOp<float, at::native::func_wrapper_t<float, at::native::sum_functor<float, float, float>::operator ()(at::TensorIterator &)::[lambda(float, float) (instance 1)]>, unsigned int, float, (int)4, (int)4>>(T3)"
PyTorch:BasicsTransformerLM.layers.3.attn,PushPop,30,30,12,96,1000067,10417.4,9824.0,9536,13728,1152.2,"void at::native::elementwise_kernel<(int)128, (int)2, void at::native::gpu_kernel_impl_nocast<at::native::BinaryFunctor<float, float, float, at::native::binary_internal::MulFunctor<float>>>(at::TensorIteratorBase &, const T1 &)::[lambda(int) (instance 1)]>(int, T3)"
PyTorch:BasicsTransformerLM.layers.3.attn,PushPop,30,30,12,24,781282,32553.4,32512.0,32320,32960,162.7,"void at::native::<unnamed>::CatArrayBatchedCopy<at::native::<unnamed>::OpaqueType<(unsigned int)4>, unsigned int, (int)4, (int)64, (int)64>(T1 *, at::native::<unnamed>::CatArrInputTensorMetadata<T1, T2, T4, T5>, at::native::<unnamed>::TensorSizeStride<T2, (unsigned int)4>, int, T2)"
PyTorch:BasicsTransformerLM.layers.3.attn,PushPop,30,30,12,24,468898,19537.4,19568.0,18208,21088,1067.5,"void at::native::elementwise_kernel<(int)128, (int)2, void at::native::gpu_kernel_impl_nocast<at::native::direct_copy_kernel_cuda(at::TensorIteratorBase &)::[lambda() (instance 3)]::operator ()() const::[lambda() (instance 7)]::operator ()() const::[lambda(float) (instance 1)]>(at::TensorIteratorBase &, const T1 &)::[lambda(int) (instance 1)]>(int, T3)"
PyTorch:BasicsTransformerLM.layers.3.attn,PushPop,30,30,12,48,216225,4504.7,4480.0,4224,4832,145.4,"void at::native::vectorized_elementwise_kernel<(int)4, at::native::CUDAFunctor_add<float>, std::array<char *, (unsigned long)3>>(int, T2, T3)"
PyTorch:BasicsTransformerLM.layers.3.attn,PushPop,30,30,12,12,103936,8661.3,8656.0,8576,8864,77.6,"void at::native::elementwise_kernel<(int)128, (int)4, void at::native::gpu_kernel_impl_nocast<at::native::<unnamed>::CompareFunctor<long>>(at::TensorIteratorBase &, const T1 &)::[lambda(int) (instance 1)]>(int, T3)"
PyTorch:BasicsTransformerLM.layers.3.attn,PushPop,30,30,12,12,14496,1208.0,1168.0,1152,1408,87.5,"void <unnamed>::elementwise_kernel_with_index<int, at::native::arange_cuda_out(const c10::Scalar &, const c10::Scalar &, const c10::Scalar &, at::Tensor &)::[lambda() (instance 1)]::operator ()() const::[lambda() (instance 4)]::operator ()() const::[lambda(long) (instance 1)]>(T1, T2, function_traits<T2>::result_type *)"
PyTorch:BasicsTransformerLM.layers.3.attn,PushPop,30,30,12,12,13056,1088.0,1136.0,928,1248,113.3,"void at::native::vectorized_elementwise_kernel<(int)4, at::native::FillFunctor<float>, std::array<char *, (unsigned long)1>>(int, T2, T3)"
PyTorch:BasicsTransformerLM.layers.3.attn.k_proj,PushPop,30,30,12,12,2297356,191446.3,191393.0,191073,192193,292.8,cutlass3x_sm100_simt_sgemm_f32_f32_f32_f32_f32_64x128x16_1x1x1_3_tnn_align1_bias_f32_relu
PyTorch:BasicsTransformerLM.layers.3.attn.output_proj,PushPop,30,30,12,12,2325899,193824.9,193809.0,193377,194305,261.0,cutlass3x_sm100_simt_sgemm_f32_f32_f32_f32_f32_64x128x16_1x1x1_3_tnn_align1_bias_f32_relu
PyTorch:BasicsTransformerLM.layers.3.attn.q_proj,PushPop,30,30,12,12,2306474,192206.2,192049.0,191713,193153,388.5,cutlass3x_sm100_simt_sgemm_f32_f32_f32_f32_f32_64x128x16_1x1x1_3_tnn_align1_bias_f32_relu
PyTorch:BasicsTransformerLM.layers.3.attn.v_proj,PushPop,30,30,12,12,2296457,191371.4,191121.0,190817,193025,590.5,cutlass3x_sm100_simt_sgemm_f32_f32_f32_f32_f32_64x128x16_1x1x1_3_tnn_align1_bias_f32_relu
PyTorch:BasicsTransformerLM.layers.3.ffn,PushPop,30,30,12,24,17433385,726391.0,727203.0,722275,730659,3508.1,cutlass3x_sm100_simt_sgemm_f32_f32_f32_f32_f32_128x128x16_1x1x1_3_tnn_align1_bias_f32_relu
PyTorch:BasicsTransformerLM.layers.3.ffn,PushPop,30,30,12,12,8767076,730589.7,730419.0,729923,731331,446.1,cutlass3x_sm100_simt_sgemm_f32_f32_f32_f32_f32_128x64x16_1x1x1_3_tnn_align1_bias_f32_relu
PyTorch:BasicsTransformerLM.layers.3.ffn,PushPop,30,30,12,24,1105284,46053.5,46001.0,45376,47680,516.4,"void at::native::vectorized_elementwise_kernel<(int)4, at::native::BinaryFunctor<float, float, float, at::native::binary_internal::MulFunctor<float>>, std::array<char *, (unsigned long)3>>(int, T2, T3)"
PyTorch:BasicsTransformerLM.layers.3.ffn,PushPop,30,30,12,12,377602,31466.8,31472.0,30944,32256,364.7,"void at::native::vectorized_elementwise_kernel<(int)4, at::native::sigmoid_kernel_cuda(at::TensorIteratorBase &)::[lambda() (instance 2)]::operator ()() const::[lambda() (instance 2)]::operator ()() const::[lambda(float) (instance 1)], std::array<char *, (unsigned long)2>>(int, T2, T3)"
PyTorch:BasicsTransformerLM.layers.3.ffn.w1,PushPop,30,30,12,12,8757092,729757.7,729795.5,728995,730659,518.1,cutlass3x_sm100_simt_sgemm_f32_f32_f32_f32_f32_128x128x16_1x1x1_3_tnn_align1_bias_f32_relu
PyTorch:BasicsTransformerLM.layers.3.ffn.w2,PushPop,30,30,12,12,8767076,730589.7,730419.0,729923,731331,446.1,cutlass3x_sm100_simt_sgemm_f32_f32_f32_f32_f32_128x64x16_1x1x1_3_tnn_align1_bias_f32_relu
PyTorch:BasicsTransformerLM.layers.3.ffn.w3,PushPop,30,30,12,12,8676293,723024.4,722707.0,722275,725411,857.6,cutlass3x_sm100_simt_sgemm_f32_f32_f32_f32_f32_128x128x16_1x1x1_3_tnn_align1_bias_f32_relu
PyTorch:BasicsTransformerLM.layers.3.ln1,PushPop,30,30,12,24,355041,14793.4,14720.0,14496,15744,290.7,"void at::native::elementwise_kernel<(int)128, (int)2, void at::native::gpu_kernel_impl_nocast<at::native::BinaryFunctor<float, float, float, at::native::binary_internal::MulFunctor<float>>>(at::TensorIteratorBase &, const T1 &)::[lambda(int) (instance 1)]>(int, T3)"
PyTorch:BasicsTransformerLM.layers.3.ln1,PushPop,30,30,12,12,71264,5938.7,5808.0,5760,6976,343.2,"void at::native::vectorized_elementwise_kernel<(int)4, void at::native::<unnamed>::pow_tensor_scalar_kernel_impl<float, float>(at::TensorIteratorBase &, T2)::[lambda(float) (instance 1)], std::array<char *, (unsigned long)2>>(int, T2, T3)"
PyTorch:BasicsTransformerLM.layers.3.ln1,PushPop,30,30,12,12,66784,5565.3,5568.0,5472,5696,66.1,"void at::native::reduce_kernel<(int)512, (int)1, at::native::ReduceOp<float, at::native::MeanOps<float, float, float, float>, unsigned int, float, (int)4, (int)4>>(T3)"
PyTorch:BasicsTransformerLM.layers.3.ln1,PushPop,30,30,12,12,19520,1626.7,1584.0,1568,1824,90.3,"void at::native::vectorized_elementwise_kernel<(int)4, at::native::CUDAFunctorOnSelf_add<float>, std::array<char *, (unsigned long)2>>(int, T2, T3)"
PyTorch:BasicsTransformerLM.layers.3.ln1,PushPop,30,30,12,12,17568,1464.0,1472.0,1408,1536,45.5,"void at::native::vectorized_elementwise_kernel<(int)4, at::native::rsqrt_kernel_cuda(at::TensorIteratorBase &)::[lambda() (instance 2)]::operator ()() const::[lambda() (instance 2)]::operator ()() const::[lambda(float) (instance 1)], std::array<char *, (unsigned long)2>>(int, T2, T3)"
PyTorch:BasicsTransformerLM.layers.3.ln2,PushPop,30,30,12,24,354464,14769.3,14752.0,14464,15008,158.7,"void at::native::elementwise_kernel<(int)128, (int)2, void at::native::gpu_kernel_impl_nocast<at::native::BinaryFunctor<float, float, float, at::native::binary_internal::MulFunctor<float>>>(at::TensorIteratorBase &, const T1 &)::[lambda(int) (instance 1)]>(int, T3)"
PyTorch:BasicsTransformerLM.layers.3.ln2,PushPop,30,30,12,12,69856,5821.3,5808.0,5664,6016,102.5,"void at::native::vectorized_elementwise_kernel<(int)4, void at::native::<unnamed>::pow_tensor_scalar_kernel_impl<float, float>(at::TensorIteratorBase &, T2)::[lambda(float) (instance 1)], std::array<char *, (unsigned long)2>>(int, T2, T3)"
PyTorch:BasicsTransformerLM.layers.3.ln2,PushPop,30,30,12,12,67169,5597.4,5600.0,5536,5728,56.9,"void at::native::reduce_kernel<(int)512, (int)1, at::native::ReduceOp<float, at::native::MeanOps<float, float, float, float>, unsigned int, float, (int)4, (int)4>>(T3)"
PyTorch:BasicsTransformerLM.layers.3.ln2,PushPop,30,30,12,12,19168,1597.3,1568.0,1568,1760,55.4,"void at::native::vectorized_elementwise_kernel<(int)4, at::native::CUDAFunctorOnSelf_add<float>, std::array<char *, (unsigned long)2>>(int, T2, T3)"
PyTorch:BasicsTransformerLM.layers.3.ln2,PushPop,30,30,12,12,17888,1490.7,1472.0,1440,1632,57.0,"void at::native::vectorized_elementwise_kernel<(int)4, at::native::rsqrt_kernel_cuda(at::TensorIteratorBase &)::[lambda() (instance 2)]::operator ()() const::[lambda() (instance 2)]::operator ()() const::[lambda(float) (instance 1)], std::array<char *, (unsigned long)2>>(int, T2, T3)"
PyTorch:BasicsTransformerLM.layers.4,PushPop,30,30,12,36,26284107,730114.1,729779.0,722307,738051,5973.8,cutlass3x_sm100_simt_sgemm_f32_f32_f32_f32_f32_128x128x16_1x1x1_3_tnn_align1_bias_f32_relu
PyTorch:BasicsTransformerLM.layers.4,PushPop,30,30,12,48,9227331,192236.1,191776.5,191072,195713,1126.7,cutlass3x_sm100_simt_sgemm_f32_f32_f32_f32_f32_64x128x16_1x1x1_3_tnn_align1_bias_f32_relu
PyTorch:BasicsTransformerLM.layers.4,PushPop,30,30,12,12,8765059,730421.6,730099.0,729603,731683,678.0,cutlass3x_sm100_simt_sgemm_f32_f32_f32_f32_f32_128x64x16_1x1x1_3_tnn_align1_bias_f32_relu
PyTorch:BasicsTransformerLM.layers.4,PushPop,30,30,12,12,7354491,612874.3,612034.5,611139,622722,3147.3,"void at::native::elementwise_kernel<(int)128, (int)2, void at::native::gpu_kernel_impl_nocast<at::native::BinaryFunctor<float, float, float, at::native::binary_internal::DivFunctor<float>>>(at::TensorIteratorBase &, const T1 &)::[lambda(int) (instance 1)]>(int, T3)"
PyTorch:BasicsTransformerLM.layers.4,PushPop,30,30,12,12,6409594,534132.8,534114.0,533794,534530,265.6,"void at::native::elementwise_kernel<(int)128, (int)2, void at::native::gpu_kernel_impl_nocast<at::native::<unnamed>::where_kernel_impl(at::TensorIterator &)::[lambda() (instance 1)]::operator ()() const::[lambda() (instance 11)]::operator ()() const::[lambda(bool, float, float) (instance 1)]>(at::TensorIteratorBase &, const T1 &)::[lambda(int) (instance 1)]>(int, T3)"
PyTorch:BasicsTransformerLM.layers.4,PushPop,30,30,12,12,6349914,529159.5,528994.0,528450,530242,577.4,"void at::native::elementwise_kernel<(int)128, (int)2, void at::native::gpu_kernel_impl_nocast<at::native::CUDAFunctor_add<float>>(at::TensorIteratorBase &, const T1 &)::[lambda(int) (instance 1)]>(int, T3)"
PyTorch:BasicsTransformerLM.layers.4,PushPop,30,30,12,12,6269977,522498.1,522002.0,520802,527778,1788.0,cutlass3x_sm100_simt_sgemm_f32_f32_f32_f32_f32_64x32x16_1x1x1_3_nnn_align1_bias_f32_relu
PyTorch:BasicsTransformerLM.layers.4,PushPop,30,30,12,12,2801004,233417.0,233345.0,232353,234849,669.9,"void at::native::vectorized_elementwise_kernel<(int)4, at::native::BUnaryFunctor<float, float, float, at::native::binary_internal::MulFunctor<float>>, std::array<char *, (unsigned long)2>>(int, T2, T3)"
PyTorch:BasicsTransformerLM.layers.4,PushPop,30,30,12,12,2773642,231136.8,230945.0,230048,232545,817.8,"void at::native::vectorized_elementwise_kernel<(int)4, at::native::exp_kernel_cuda(at::TensorIteratorBase &)::[lambda() (instance 2)]::operator ()() const::[lambda() (instance 2)]::operator ()() const::[lambda(float) (instance 1)], std::array<char *, (unsigned long)2>>(int, T2, T3)"
PyTorch:BasicsTransformerLM.layers.4,PushPop,30,30,12,12,2328937,194078.1,193969.0,193600,194625,315.1,"void at::native::reduce_kernel<(int)512, (int)1, at::native::ReduceOp<float, at::native::MaxOps<float>, unsigned int, float, (int)4, (int)4>>(T3)"
PyTorch:BasicsTransformerLM.layers.4,PushPop,30,30,12,12,1725801,143816.8,143840.5,143265,144512,381.5,"void at::native::reduce_kernel<(int)512, (int)1, at::native::ReduceOp<float, at::native::func_wrapper_t<float, at::native::sum_functor<float, float, float>::operator ()(at::TensorIterator &)::[lambda(float, float) (instance 1)]>, unsigned int, float, (int)4, (int)4>>(T3)"
PyTorch:BasicsTransformerLM.layers.4,PushPop,30,30,12,144,1703273,11828.3,11040.0,9536,15904,2257.5,"void at::native::elementwise_kernel<(int)128, (int)2, void at::native::gpu_kernel_impl_nocast<at::native::BinaryFunctor<float, float, float, at::native::binary_internal::MulFunctor<float>>>(at::TensorIteratorBase &, const T1 &)::[lambda(int) (instance 1)]>(int, T3)"
PyTorch:BasicsTransformerLM.layers.4,PushPop,30,30,12,24,1103684,45986.8,45888.0,45344,46784,388.0,"void at::native::vectorized_elementwise_kernel<(int)4, at::native::BinaryFunctor<float, float, float, at::native::binary_internal::MulFunctor<float>>, std::array<char *, (unsigned long)3>>(int, T2, T3)"
PyTorch:BasicsTransformerLM.layers.4,PushPop,30,30,12,24,781378,32557.4,32544.0,32384,32960,122.3,"void at::native::<unnamed>::CatArrayBatchedCopy<at::native::<unnamed>::OpaqueType<(unsigned int)4>, unsigned int, (int)4, (int)64, (int)64>(T1 *, at::native::<unnamed>::CatArrInputTensorMetadata<T1, T2, T4, T5>, at::native::<unnamed>::TensorSizeStride<T2, (unsigned int)4>, int, T2)"
PyTorch:BasicsTransformerLM.layers.4,PushPop,30,30,12,24,468451,19518.8,19536.0,18208,21184,1050.0,"void at::native::elementwise_kernel<(int)128, (int)2, void at::native::gpu_kernel_impl_nocast<at::native::direct_copy_kernel_cuda(at::TensorIteratorBase &)::[lambda() (instance 3)]::operator ()() const::[lambda() (instance 7)]::operator ()() const::[lambda(float) (instance 1)]>(at::TensorIteratorBase &, const T1 &)::[lambda(int) (instance 1)]>(int, T3)"
PyTorch:BasicsTransformerLM.layers.4,PushPop,30,30,12,72,439971,6110.7,4608.0,4320,10688,2273.1,"void at::native::vectorized_elementwise_kernel<(int)4, at::native::CUDAFunctor_add<float>, std::array<char *, (unsigned long)3>>(int, T2, T3)"
PyTorch:BasicsTransformerLM.layers.4,PushPop,30,30,12,12,377344,31445.3,31424.0,31136,31808,243.4,"void at::native::vectorized_elementwise_kernel<(int)4, at::native::sigmoid_kernel_cuda(at::TensorIteratorBase &)::[lambda() (instance 2)]::operator ()() const::[lambda() (instance 2)]::operator ()() const::[lambda(float) (instance 1)], std::array<char *, (unsigned long)2>>(int, T2, T3)"
PyTorch:BasicsTransformerLM.layers.4,PushPop,30,30,12,24,139425,5809.4,5792.0,5632,6240,118.6,"void at::native::vectorized_elementwise_kernel<(int)4, void at::native::<unnamed>::pow_tensor_scalar_kernel_impl<float, float>(at::TensorIteratorBase &, T2)::[lambda(float) (instance 1)], std::array<char *, (unsigned long)2>>(int, T2, T3)"
PyTorch:BasicsTransformerLM.layers.4,PushPop,30,30,12,24,133376,5557.3,5568.0,5440,5632,42.9,"void at::native::reduce_kernel<(int)512, (int)1, at::native::ReduceOp<float, at::native::MeanOps<float, float, float, float>, unsigned int, float, (int)4, (int)4>>(T3)"
PyTorch:BasicsTransformerLM.layers.4,PushPop,30,30,12,12,104128,8677.3,8640.0,8576,8896,102.0,"void at::native::elementwise_kernel<(int)128, (int)4, void at::native::gpu_kernel_impl_nocast<at::native::<unnamed>::CompareFunctor<long>>(at::TensorIteratorBase &, const T1 &)::[lambda(int) (instance 1)]>(int, T3)"
PyTorch:BasicsTransformerLM.layers.4,PushPop,30,30,12,24,39040,1626.7,1600.0,1568,1856,89.9,"void at::native::vectorized_elementwise_kernel<(int)4, at::native::CUDAFunctorOnSelf_add<float>, std::array<char *, (unsigned long)2>>(int, T2, T3)"
PyTorch:BasicsTransformerLM.layers.4,PushPop,30,30,12,24,35744,1489.3,1472.0,1408,1696,71.9,"void at::native::vectorized_elementwise_kernel<(int)4, at::native::rsqrt_kernel_cuda(at::TensorIteratorBase &)::[lambda() (instance 2)]::operator ()() const::[lambda() (instance 2)]::operator ()() const::[lambda(float) (instance 1)], std::array<char *, (unsigned long)2>>(int, T2, T3)"
PyTorch:BasicsTransformerLM.layers.4,PushPop,30,30,12,12,14144,1178.7,1152.0,1120,1312,57.6,"void <unnamed>::elementwise_kernel_with_index<int, at::native::arange_cuda_out(const c10::Scalar &, const c10::Scalar &, const c10::Scalar &, at::Tensor &)::[lambda() (instance 1)]::operator ()() const::[lambda() (instance 4)]::operator ()() const::[lambda(long) (instance 1)]>(T1, T2, function_traits<T2>::result_type *)"
PyTorch:BasicsTransformerLM.layers.4,PushPop,30,30,12,12,13312,1109.3,1152.0,960,1248,98.7,"void at::native::vectorized_elementwise_kernel<(int)4, at::native::FillFunctor<float>, std::array<char *, (unsigned long)1>>(int, T2, T3)"
PyTorch:BasicsTransformerLM.layers.4.attn,PushPop,30,30,12,48,9227331,192236.1,191776.5,191072,195713,1126.7,cutlass3x_sm100_simt_sgemm_f32_f32_f32_f32_f32_64x128x16_1x1x1_3_tnn_align1_bias_f32_relu
PyTorch:BasicsTransformerLM.layers.4.attn,PushPop,30,30,12,12,8848421,737368.4,737219.0,736835,738051,376.2,cutlass3x_sm100_simt_sgemm_f32_f32_f32_f32_f32_128x128x16_1x1x1_3_tnn_align1_bias_f32_relu
PyTorch:BasicsTransformerLM.layers.4.attn,PushPop,30,30,12,12,7354491,612874.3,612034.5,611139,622722,3147.3,"void at::native::elementwise_kernel<(int)128, (int)2, void at::native::gpu_kernel_impl_nocast<at::native::BinaryFunctor<float, float, float, at::native::binary_internal::DivFunctor<float>>>(at::TensorIteratorBase &, const T1 &)::[lambda(int) (instance 1)]>(int, T3)"
PyTorch:BasicsTransformerLM.layers.4.attn,PushPop,30,30,12,12,6409594,534132.8,534114.0,533794,534530,265.6,"void at::native::elementwise_kernel<(int)128, (int)2, void at::native::gpu_kernel_impl_nocast<at::native::<unnamed>::where_kernel_impl(at::TensorIterator &)::[lambda() (instance 1)]::operator ()() const::[lambda() (instance 11)]::operator ()() const::[lambda(bool, float, float) (instance 1)]>(at::TensorIteratorBase &, const T1 &)::[lambda(int) (instance 1)]>(int, T3)"
PyTorch:BasicsTransformerLM.layers.4.attn,PushPop,30,30,12,12,6349914,529159.5,528994.0,528450,530242,577.4,"void at::native::elementwise_kernel<(int)128, (int)2, void at::native::gpu_kernel_impl_nocast<at::native::CUDAFunctor_add<float>>(at::TensorIteratorBase &, const T1 &)::[lambda(int) (instance 1)]>(int, T3)"
PyTorch:BasicsTransformerLM.layers.4.attn,PushPop,30,30,12,12,6269977,522498.1,522002.0,520802,527778,1788.0,cutlass3x_sm100_simt_sgemm_f32_f32_f32_f32_f32_64x32x16_1x1x1_3_nnn_align1_bias_f32_relu
PyTorch:BasicsTransformerLM.layers.4.attn,PushPop,30,30,12,12,2801004,233417.0,233345.0,232353,234849,669.9,"void at::native::vectorized_elementwise_kernel<(int)4, at::native::BUnaryFunctor<float, float, float, at::native::binary_internal::MulFunctor<float>>, std::array<char *, (unsigned long)2>>(int, T2, T3)"
PyTorch:BasicsTransformerLM.layers.4.attn,PushPop,30,30,12,12,2773642,231136.8,230945.0,230048,232545,817.8,"void at::native::vectorized_elementwise_kernel<(int)4, at::native::exp_kernel_cuda(at::TensorIteratorBase &)::[lambda() (instance 2)]::operator ()() const::[lambda() (instance 2)]::operator ()() const::[lambda(float) (instance 1)], std::array<char *, (unsigned long)2>>(int, T2, T3)"
PyTorch:BasicsTransformerLM.layers.4.attn,PushPop,30,30,12,12,2328937,194078.1,193969.0,193600,194625,315.1,"void at::native::reduce_kernel<(int)512, (int)1, at::native::ReduceOp<float, at::native::MaxOps<float>, unsigned int, float, (int)4, (int)4>>(T3)"
PyTorch:BasicsTransformerLM.layers.4.attn,PushPop,30,30,12,12,1725801,143816.8,143840.5,143265,144512,381.5,"void at::native::reduce_kernel<(int)512, (int)1, at::native::ReduceOp<float, at::native::func_wrapper_t<float, at::native::sum_functor<float, float, float>::operator ()(at::TensorIterator &)::[lambda(float, float) (instance 1)]>, unsigned int, float, (int)4, (int)4>>(T3)"
PyTorch:BasicsTransformerLM.layers.4.attn,PushPop,30,30,12,96,995877,10373.7,9792.0,9536,12672,1111.8,"void at::native::elementwise_kernel<(int)128, (int)2, void at::native::gpu_kernel_impl_nocast<at::native::BinaryFunctor<float, float, float, at::native::binary_internal::MulFunctor<float>>>(at::TensorIteratorBase &, const T1 &)::[lambda(int) (instance 1)]>(int, T3)"
PyTorch:BasicsTransformerLM.layers.4.attn,PushPop,30,30,12,24,781378,32557.4,32544.0,32384,32960,122.3,"void at::native::<unnamed>::CatArrayBatchedCopy<at::native::<unnamed>::OpaqueType<(unsigned int)4>, unsigned int, (int)4, (int)64, (int)64>(T1 *, at::native::<unnamed>::CatArrInputTensorMetadata<T1, T2, T4, T5>, at::native::<unnamed>::TensorSizeStride<T2, (unsigned int)4>, int, T2)"
PyTorch:BasicsTransformerLM.layers.4.attn,PushPop,30,30,12,24,468451,19518.8,19536.0,18208,21184,1050.0,"void at::native::elementwise_kernel<(int)128, (int)2, void at::native::gpu_kernel_impl_nocast<at::native::direct_copy_kernel_cuda(at::TensorIteratorBase &)::[lambda() (instance 3)]::operator ()() const::[lambda() (instance 7)]::operator ()() const::[lambda(float) (instance 1)]>(at::TensorIteratorBase &, const T1 &)::[lambda(int) (instance 1)]>(int, T3)"
PyTorch:BasicsTransformerLM.layers.4.attn,PushPop,30,30,12,48,217475,4530.7,4512.0,4320,4961,149.9,"void at::native::vectorized_elementwise_kernel<(int)4, at::native::CUDAFunctor_add<float>, std::array<char *, (unsigned long)3>>(int, T2, T3)"
PyTorch:BasicsTransformerLM.layers.4.attn,PushPop,30,30,12,12,104128,8677.3,8640.0,8576,8896,102.0,"void at::native::elementwise_kernel<(int)128, (int)4, void at::native::gpu_kernel_impl_nocast<at::native::<unnamed>::CompareFunctor<long>>(at::TensorIteratorBase &, const T1 &)::[lambda(int) (instance 1)]>(int, T3)"
PyTorch:BasicsTransformerLM.layers.4.attn,PushPop,30,30,12,12,14144,1178.7,1152.0,1120,1312,57.6,"void <unnamed>::elementwise_kernel_with_index<int, at::native::arange_cuda_out(const c10::Scalar &, const c10::Scalar &, const c10::Scalar &, at::Tensor &)::[lambda() (instance 1)]::operator ()() const::[lambda() (instance 4)]::operator ()() const::[lambda(long) (instance 1)]>(T1, T2, function_traits<T2>::result_type *)"
PyTorch:BasicsTransformerLM.layers.4.attn,PushPop,30,30,12,12,13312,1109.3,1152.0,960,1248,98.7,"void at::native::vectorized_elementwise_kernel<(int)4, at::native::FillFunctor<float>, std::array<char *, (unsigned long)1>>(int, T2, T3)"
PyTorch:BasicsTransformerLM.layers.4.attn.k_proj,PushPop,30,30,12,12,2296584,191382.0,191360.5,191073,191809,221.9,cutlass3x_sm100_simt_sgemm_f32_f32_f32_f32_f32_64x128x16_1x1x1_3_tnn_align1_bias_f32_relu
PyTorch:BasicsTransformerLM.layers.4.attn.output_proj,PushPop,30,30,12,12,2327370,193947.5,193840.5,193409,195713,593.2,cutlass3x_sm100_simt_sgemm_f32_f32_f32_f32_f32_64x128x16_1x1x1_3_tnn_align1_bias_f32_relu
PyTorch:BasicsTransformerLM.layers.4.attn.q_proj,PushPop,30,30,12,12,2307209,192267.4,192241.0,191616,192833,354.0,cutlass3x_sm100_simt_sgemm_f32_f32_f32_f32_f32_64x128x16_1x1x1_3_tnn_align1_bias_f32_relu
PyTorch:BasicsTransformerLM.layers.4.attn.v_proj,PushPop,30,30,12,12,2296168,191347.3,191297.0,191072,191776,208.9,cutlass3x_sm100_simt_sgemm_f32_f32_f32_f32_f32_64x128x16_1x1x1_3_tnn_align1_bias_f32_relu
PyTorch:BasicsTransformerLM.layers.4.ffn,PushPop,30,30,12,24,17435686,726486.9,726227.0,722307,732931,3612.7,cutlass3x_sm100_simt_sgemm_f32_f32_f32_f32_f32_128x128x16_1x1x1_3_tnn_align1_bias_f32_relu
PyTorch:BasicsTransformerLM.layers.4.ffn,PushPop,30,30,12,12,8765059,730421.6,730099.0,729603,731683,678.0,cutlass3x_sm100_simt_sgemm_f32_f32_f32_f32_f32_128x64x16_1x1x1_3_tnn_align1_bias_f32_relu
PyTorch:BasicsTransformerLM.layers.4.ffn,PushPop,30,30,12,24,1103684,45986.8,45888.0,45344,46784,388.0,"void at::native::vectorized_elementwise_kernel<(int)4, at::native::BinaryFunctor<float, float, float, at::native::binary_internal::MulFunctor<float>>, std::array<char *, (unsigned long)3>>(int, T2, T3)"
PyTorch:BasicsTransformerLM.layers.4.ffn,PushPop,30,30,12,12,377344,31445.3,31424.0,31136,31808,243.4,"void at::native::vectorized_elementwise_kernel<(int)4, at::native::sigmoid_kernel_cuda(at::TensorIteratorBase &)::[lambda() (instance 2)]::operator ()() const::[lambda() (instance 2)]::operator ()() const::[lambda(float) (instance 1)], std::array<char *, (unsigned long)2>>(int, T2, T3)"
PyTorch:BasicsTransformerLM.layers.4.ffn.w1,PushPop,30,30,12,12,8759139,729928.3,729779.0,728291,732931,1089.1,cutlass3x_sm100_simt_sgemm_f32_f32_f32_f32_f32_128x128x16_1x1x1_3_tnn_align1_bias_f32_relu
PyTorch:BasicsTransformerLM.layers.4.ffn.w2,PushPop,30,30,12,12,8765059,730421.6,730099.0,729603,731683,678.0,cutlass3x_sm100_simt_sgemm_f32_f32_f32_f32_f32_128x64x16_1x1x1_3_tnn_align1_bias_f32_relu
PyTorch:BasicsTransformerLM.layers.4.ffn.w3,PushPop,30,30,12,12,8676547,723045.6,722979.0,722307,724163,515.1,cutlass3x_sm100_simt_sgemm_f32_f32_f32_f32_f32_128x128x16_1x1x1_3_tnn_align1_bias_f32_relu
PyTorch:BasicsTransformerLM.layers.4.ln1,PushPop,30,30,12,24,353057,14710.7,14672.0,14592,15168,133.3,"void at::native::elementwise_kernel<(int)128, (int)2, void at::native::gpu_kernel_impl_nocast<at::native::BinaryFunctor<float, float, float, at::native::binary_internal::MulFunctor<float>>>(at::TensorIteratorBase &, const T1 &)::[lambda(int) (instance 1)]>(int, T3)"
PyTorch:BasicsTransformerLM.layers.4.ln1,PushPop,30,30,12,12,70048,5837.3,5824.0,5696,6240,151.6,"void at::native::vectorized_elementwise_kernel<(int)4, void at::native::<unnamed>::pow_tensor_scalar_kernel_impl<float, float>(at::TensorIteratorBase &, T2)::[lambda(float) (instance 1)], std::array<char *, (unsigned long)2>>(int, T2, T3)"
PyTorch:BasicsTransformerLM.layers.4.ln1,PushPop,30,30,12,12,66496,5541.3,5536.0,5440,5600,44.9,"void at::native::reduce_kernel<(int)512, (int)1, at::native::ReduceOp<float, at::native::MeanOps<float, float, float, float>, unsigned int, float, (int)4, (int)4>>(T3)"
PyTorch:BasicsTransformerLM.layers.4.ln1,PushPop,30,30,12,12,19488,1624.0,1600.0,1568,1856,89.6,"void at::native::vectorized_elementwise_kernel<(int)4, at::native::CUDAFunctorOnSelf_add<float>, std::array<char *, (unsigned long)2>>(int, T2, T3)"
PyTorch:BasicsTransformerLM.layers.4.ln1,PushPop,30,30,12,12,17792,1482.7,1440.0,1408,1696,85.6,"void at::native::vectorized_elementwise_kernel<(int)4, at::native::rsqrt_kernel_cuda(at::TensorIteratorBase &)::[lambda() (instance 2)]::operator ()() const::[lambda() (instance 2)]::operator ()() const::[lambda(float) (instance 1)], std::array<char *, (unsigned long)2>>(int, T2, T3)"
PyTorch:BasicsTransformerLM.layers.4.ln2,PushPop,30,30,12,24,354339,14764.1,14720.0,14529,15904,263.1,"void at::native::elementwise_kernel<(int)128, (int)2, void at::native::gpu_kernel_impl_nocast<at::native::BinaryFunctor<float, float, float, at::native::binary_internal::MulFunctor<float>>>(at::TensorIteratorBase &, const T1 &)::[lambda(int) (instance 1)]>(int, T3)"
PyTorch:BasicsTransformerLM.layers.4.ln2,PushPop,30,30,12,12,69377,5781.4,5792.0,5632,5889,68.8,"void at::native::vectorized_elementwise_kernel<(int)4, void at::native::<unnamed>::pow_tensor_scalar_kernel_impl<float, float>(at::TensorIteratorBase &, T2)::[lambda(float) (instance 1)], std::array<char *, (unsigned long)2>>(int, T2, T3)"
PyTorch:BasicsTransformerLM.layers.4.ln2,PushPop,30,30,12,12,66880,5573.3,5568.0,5504,5632,35.7,"void at::native::reduce_kernel<(int)512, (int)1, at::native::ReduceOp<float, at::native::MeanOps<float, float, float, float>, unsigned int, float, (int)4, (int)4>>(T3)"
PyTorch:BasicsTransformerLM.layers.4.ln2,PushPop,30,30,12,12,19552,1629.3,1600.0,1568,1824,94.0,"void at::native::vectorized_elementwise_kernel<(int)4, at::native::CUDAFunctorOnSelf_add<float>, std::array<char *, (unsigned long)2>>(int, T2, T3)"
PyTorch:BasicsTransformerLM.layers.4.ln2,PushPop,30,30,12,12,17952,1496.0,1472.0,1440,1664,58.1,"void at::native::vectorized_elementwise_kernel<(int)4, at::native::rsqrt_kernel_cuda(at::TensorIteratorBase &)::[lambda() (instance 2)]::operator ()() const::[lambda() (instance 2)]::operator ()() const::[lambda(float) (instance 1)], std::array<char *, (unsigned long)2>>(int, T2, T3)"
PyTorch:BasicsTransformerLM.layers.5,PushPop,30,30,12,36,26284426,730122.9,729939.0,721954,739299,6041.5,cutlass3x_sm100_simt_sgemm_f32_f32_f32_f32_f32_128x128x16_1x1x1_3_tnn_align1_bias_f32_relu
PyTorch:BasicsTransformerLM.layers.5,PushPop,30,30,12,48,9224006,192166.8,191792.5,190976,194401,1046.8,cutlass3x_sm100_simt_sgemm_f32_f32_f32_f32_f32_64x128x16_1x1x1_3_tnn_align1_bias_f32_relu
PyTorch:BasicsTransformerLM.layers.5,PushPop,30,30,12,12,8761284,730107.0,730147.0,729219,731651,689.6,cutlass3x_sm100_simt_sgemm_f32_f32_f32_f32_f32_128x64x16_1x1x1_3_tnn_align1_bias_f32_relu
PyTorch:BasicsTransformerLM.layers.5,PushPop,30,30,12,12,7346047,612170.6,611811.0,611138,615363,1218.7,"void at::native::elementwise_kernel<(int)128, (int)2, void at::native::gpu_kernel_impl_nocast<at::native::BinaryFunctor<float, float, float, at::native::binary_internal::DivFunctor<float>>>(at::TensorIteratorBase &, const T1 &)::[lambda(int) (instance 1)]>(int, T3)"
PyTorch:BasicsTransformerLM.layers.5,PushPop,30,30,12,12,6414073,534506.1,534162.0,533826,536930,979.9,"void at::native::elementwise_kernel<(int)128, (int)2, void at::native::gpu_kernel_impl_nocast<at::native::<unnamed>::where_kernel_impl(at::TensorIterator &)::[lambda() (instance 1)]::operator ()() const::[lambda() (instance 11)]::operator ()() const::[lambda(bool, float, float) (instance 1)]>(at::TensorIteratorBase &, const T1 &)::[lambda(int) (instance 1)]>(int, T3)"
PyTorch:BasicsTransformerLM.layers.5,PushPop,30,30,12,12,6344696,528724.7,528626.0,527490,530818,858.6,"void at::native::elementwise_kernel<(int)128, (int)2, void at::native::gpu_kernel_impl_nocast<at::native::CUDAFunctor_add<float>>(at::TensorIteratorBase &, const T1 &)::[lambda(int) (instance 1)]>(int, T3)"
PyTorch:BasicsTransformerLM.layers.5,PushPop,30,30,12,12,6258201,521516.8,521314.0,520258,523138,920.1,cutlass3x_sm100_simt_sgemm_f32_f32_f32_f32_f32_64x32x16_1x1x1_3_nnn_align1_bias_f32_relu
PyTorch:BasicsTransformerLM.layers.5,PushPop,30,30,12,12,2808332,234027.7,234049.0,232737,235585,897.5,"void at::native::vectorized_elementwise_kernel<(int)4, at::native::BUnaryFunctor<float, float, float, at::native::binary_internal::MulFunctor<float>>, std::array<char *, (unsigned long)2>>(int, T2, T3)"
PyTorch:BasicsTransformerLM.layers.5,PushPop,30,30,12,12,2774252,231187.7,230977.0,230241,232993,785.1,"void at::native::vectorized_elementwise_kernel<(int)4, at::native::exp_kernel_cuda(at::TensorIteratorBase &)::[lambda() (instance 2)]::operator ()() const::[lambda() (instance 2)]::operator ()() const::[lambda(float) (instance 1)], std::array<char *, (unsigned long)2>>(int, T2, T3)"
PyTorch:BasicsTransformerLM.layers.5,PushPop,30,30,12,12,2331660,194305.0,194337.0,193537,194881,406.6,"void at::native::reduce_kernel<(int)512, (int)1, at::native::ReduceOp<float, at::native::MaxOps<float>, unsigned int, float, (int)4, (int)4>>(T3)"
PyTorch:BasicsTransformerLM.layers.5,PushPop,30,30,12,12,1727047,143920.6,143873.0,142976,145505,615.4,"void at::native::reduce_kernel<(int)512, (int)1, at::native::ReduceOp<float, at::native::func_wrapper_t<float, at::native::sum_functor<float, float, float>::operator ()(at::TensorIterator &)::[lambda(float, float) (instance 1)]>, unsigned int, float, (int)4, (int)4>>(T3)"
PyTorch:BasicsTransformerLM.layers.5,PushPop,30,30,12,144,1703269,11828.3,11056.0,9536,15808,2280.2,"void at::native::elementwise_kernel<(int)128, (int)2, void at::native::gpu_kernel_impl_nocast<at::native::BinaryFunctor<float, float, float, at::native::binary_internal::MulFunctor<float>>>(at::TensorIteratorBase &, const T1 &)::[lambda(int) (instance 1)]>(int, T3)"
PyTorch:BasicsTransformerLM.layers.5,PushPop,30,30,12,24,1103108,45962.8,45968.0,45248,46848,413.5,"void at::native::vectorized_elementwise_kernel<(int)4, at::native::BinaryFunctor<float, float, float, at::native::binary_internal::MulFunctor<float>>, std::array<char *, (unsigned long)3>>(int, T2, T3)"
PyTorch:BasicsTransformerLM.layers.5,PushPop,30,30,12,24,781186,32549.4,32512.0,32352,33024,152.6,"void at::native::<unnamed>::CatArrayBatchedCopy<at::native::<unnamed>::OpaqueType<(unsigned int)4>, unsigned int, (int)4, (int)64, (int)64>(T1 *, at::native::<unnamed>::CatArrInputTensorMetadata<T1, T2, T4, T5>, at::native::<unnamed>::TensorSizeStride<T2, (unsigned int)4>, int, T2)"
PyTorch:BasicsTransformerLM.layers.5,PushPop,30,30,12,24,468417,19517.4,19504.0,18272,20896,1054.4,"void at::native::elementwise_kernel<(int)128, (int)2, void at::native::gpu_kernel_impl_nocast<at::native::direct_copy_kernel_cuda(at::TensorIteratorBase &)::[lambda() (instance 3)]::operator ()() const::[lambda() (instance 7)]::operator ()() const::[lambda(float) (instance 1)]>(at::TensorIteratorBase &, const T1 &)::[lambda(int) (instance 1)]>(int, T3)"
PyTorch:BasicsTransformerLM.layers.5,PushPop,30,30,12,72,439650,6106.3,4608.0,4224,10080,2310.7,"void at::native::vectorized_elementwise_kernel<(int)4, at::native::CUDAFunctor_add<float>, std::array<char *, (unsigned long)3>>(int, T2, T3)"
PyTorch:BasicsTransformerLM.layers.5,PushPop,30,30,12,12,378850,31570.8,31568.5,31360,31968,175.4,"void at::native::vectorized_elementwise_kernel<(int)4, at::native::sigmoid_kernel_cuda(at::TensorIteratorBase &)::[lambda() (instance 2)]::operator ()() const::[lambda() (instance 2)]::operator ()() const::[lambda(float) (instance 1)], std::array<char *, (unsigned long)2>>(int, T2, T3)"
PyTorch:BasicsTransformerLM.layers.5,PushPop,30,30,12,24,140704,5862.7,5840.0,5632,6336,153.9,"void at::native::vectorized_elementwise_kernel<(int)4, void at::native::<unnamed>::pow_tensor_scalar_kernel_impl<float, float>(at::TensorIteratorBase &, T2)::[lambda(float) (instance 1)], std::array<char *, (unsigned long)2>>(int, T2, T3)"
PyTorch:BasicsTransformerLM.layers.5,PushPop,30,30,12,24,134080,5586.7,5568.0,5504,5696,44.2,"void at::native::reduce_kernel<(int)512, (int)1, at::native::ReduceOp<float, at::native::MeanOps<float, float, float, float>, unsigned int, float, (int)4, (int)4>>(T3)"
PyTorch:BasicsTransformerLM.layers.5,PushPop,30,30,12,12,104033,8669.4,8656.5,8608,8800,60.1,"void at::native::elementwise_kernel<(int)128, (int)4, void at::native::gpu_kernel_impl_nocast<at::native::<unnamed>::CompareFunctor<long>>(at::TensorIteratorBase &, const T1 &)::[lambda(int) (instance 1)]>(int, T3)"
PyTorch:BasicsTransformerLM.layers.5,PushPop,30,30,12,24,38882,1620.1,1584.5,1536,1824,91.5,"void at::native::vectorized_elementwise_kernel<(int)4, at::native::CUDAFunctorOnSelf_add<float>, std::array<char *, (unsigned long)2>>(int, T2, T3)"
PyTorch:BasicsTransformerLM.layers.5,PushPop,30,30,12,24,35840,1493.3,1472.0,1408,1728,77.6,"void at::native::vectorized_elementwise_kernel<(int)4, at::native::rsqrt_kernel_cuda(at::TensorIteratorBase &)::[lambda() (instance 2)]::operator ()() const::[lambda() (instance 2)]::operator ()() const::[lambda(float) (instance 1)], std::array<char *, (unsigned long)2>>(int, T2, T3)"
PyTorch:BasicsTransformerLM.layers.5,PushPop,30,30,12,12,14049,1170.8,1152.0,1121,1312,48.1,"void <unnamed>::elementwise_kernel_with_index<int, at::native::arange_cuda_out(const c10::Scalar &, const c10::Scalar &, const c10::Scalar &, at::Tensor &)::[lambda() (instance 1)]::operator ()() const::[lambda() (instance 4)]::operator ()() const::[lambda(long) (instance 1)]>(T1, T2, function_traits<T2>::result_type *)"
PyTorch:BasicsTransformerLM.layers.5,PushPop,30,30,12,12,13440,1120.0,1120.0,928,1440,148.8,"void at::native::vectorized_elementwise_kernel<(int)4, at::native::FillFunctor<float>, std::array<char *, (unsigned long)1>>(int, T2, T3)"
PyTorch:BasicsTransformerLM.layers.5.attn,PushPop,30,30,12,48,9224006,192166.8,191792.5,190976,194401,1046.8,cutlass3x_sm100_simt_sgemm_f32_f32_f32_f32_f32_64x128x16_1x1x1_3_tnn_align1_bias_f32_relu
PyTorch:BasicsTransformerLM.layers.5.attn,PushPop,30,30,12,12,8849283,737440.3,737394.5,736419,739299,760.0,cutlass3x_sm100_simt_sgemm_f32_f32_f32_f32_f32_128x128x16_1x1x1_3_tnn_align1_bias_f32_relu
PyTorch:BasicsTransformerLM.layers.5.attn,PushPop,30,30,12,12,7346047,612170.6,611811.0,611138,615363,1218.7,"void at::native::elementwise_kernel<(int)128, (int)2, void at::native::gpu_kernel_impl_nocast<at::native::BinaryFunctor<float, float, float, at::native::binary_internal::DivFunctor<float>>>(at::TensorIteratorBase &, const T1 &)::[lambda(int) (instance 1)]>(int, T3)"
PyTorch:BasicsTransformerLM.layers.5.attn,PushPop,30,30,12,12,6414073,534506.1,534162.0,533826,536930,979.9,"void at::native::elementwise_kernel<(int)128, (int)2, void at::native::gpu_kernel_impl_nocast<at::native::<unnamed>::where_kernel_impl(at::TensorIterator &)::[lambda() (instance 1)]::operator ()() const::[lambda() (instance 11)]::operator ()() const::[lambda(bool, float, float) (instance 1)]>(at::TensorIteratorBase &, const T1 &)::[lambda(int) (instance 1)]>(int, T3)"
PyTorch:BasicsTransformerLM.layers.5.attn,PushPop,30,30,12,12,6344696,528724.7,528626.0,527490,530818,858.6,"void at::native::elementwise_kernel<(int)128, (int)2, void at::native::gpu_kernel_impl_nocast<at::native::CUDAFunctor_add<float>>(at::TensorIteratorBase &, const T1 &)::[lambda(int) (instance 1)]>(int, T3)"
PyTorch:BasicsTransformerLM.layers.5.attn,PushPop,30,30,12,12,6258201,521516.8,521314.0,520258,523138,920.1,cutlass3x_sm100_simt_sgemm_f32_f32_f32_f32_f32_64x32x16_1x1x1_3_nnn_align1_bias_f32_relu
PyTorch:BasicsTransformerLM.layers.5.attn,PushPop,30,30,12,12,2808332,234027.7,234049.0,232737,235585,897.5,"void at::native::vectorized_elementwise_kernel<(int)4, at::native::BUnaryFunctor<float, float, float, at::native::binary_internal::MulFunctor<float>>, std::array<char *, (unsigned long)2>>(int, T2, T3)"
PyTorch:BasicsTransformerLM.layers.5.attn,PushPop,30,30,12,12,2774252,231187.7,230977.0,230241,232993,785.1,"void at::native::vectorized_elementwise_kernel<(int)4, at::native::exp_kernel_cuda(at::TensorIteratorBase &)::[lambda() (instance 2)]::operator ()() const::[lambda() (instance 2)]::operator ()() const::[lambda(float) (instance 1)], std::array<char *, (unsigned long)2>>(int, T2, T3)"
PyTorch:BasicsTransformerLM.layers.5.attn,PushPop,30,30,12,12,2331660,194305.0,194337.0,193537,194881,406.6,"void at::native::reduce_kernel<(int)512, (int)1, at::native::ReduceOp<float, at::native::MaxOps<float>, unsigned int, float, (int)4, (int)4>>(T3)"
PyTorch:BasicsTransformerLM.layers.5.attn,PushPop,30,30,12,12,1727047,143920.6,143873.0,142976,145505,615.4,"void at::native::reduce_kernel<(int)512, (int)1, at::native::ReduceOp<float, at::native::func_wrapper_t<float, at::native::sum_functor<float, float, float>::operator ()(at::TensorIterator &)::[lambda(float, float) (instance 1)]>, unsigned int, float, (int)4, (int)4>>(T3)"
PyTorch:BasicsTransformerLM.layers.5.attn,PushPop,30,30,12,96,994242,10356.7,9792.0,9536,12672,1112.0,"void at::native::elementwise_kernel<(int)128, (int)2, void at::native::gpu_kernel_impl_nocast<at::native::BinaryFunctor<float, float, float, at::native::binary_internal::MulFunctor<float>>>(at::TensorIteratorBase &, const T1 &)::[lambda(int) (instance 1)]>(int, T3)"
PyTorch:BasicsTransformerLM.layers.5.attn,PushPop,30,30,12,24,781186,32549.4,32512.0,32352,33024,152.6,"void at::native::<unnamed>::CatArrayBatchedCopy<at::native::<unnamed>::OpaqueType<(unsigned int)4>, unsigned int, (int)4, (int)64, (int)64>(T1 *, at::native::<unnamed>::CatArrInputTensorMetadata<T1, T2, T4, T5>, at::native::<unnamed>::TensorSizeStride<T2, (unsigned int)4>, int, T2)"
PyTorch:BasicsTransformerLM.layers.5.attn,PushPop,30,30,12,24,468417,19517.4,19504.0,18272,20896,1054.4,"void at::native::elementwise_kernel<(int)128, (int)2, void at::native::gpu_kernel_impl_nocast<at::native::direct_copy_kernel_cuda(at::TensorIteratorBase &)::[lambda() (instance 3)]::operator ()() const::[lambda() (instance 7)]::operator ()() const::[lambda(float) (instance 1)]>(at::TensorIteratorBase &, const T1 &)::[lambda(int) (instance 1)]>(int, T3)"
PyTorch:BasicsTransformerLM.layers.5.attn,PushPop,30,30,12,48,215777,4495.4,4464.0,4224,4928,151.5,"void at::native::vectorized_elementwise_kernel<(int)4, at::native::CUDAFunctor_add<float>, std::array<char *, (unsigned long)3>>(int, T2, T3)"
PyTorch:BasicsTransformerLM.layers.5.attn,PushPop,30,30,12,12,104033,8669.4,8656.5,8608,8800,60.1,"void at::native::elementwise_kernel<(int)128, (int)4, void at::native::gpu_kernel_impl_nocast<at::native::<unnamed>::CompareFunctor<long>>(at::TensorIteratorBase &, const T1 &)::[lambda(int) (instance 1)]>(int, T3)"
PyTorch:BasicsTransformerLM.layers.5.attn,PushPop,30,30,12,12,14049,1170.8,1152.0,1121,1312,48.1,"void <unnamed>::elementwise_kernel_with_index<int, at::native::arange_cuda_out(const c10::Scalar &, const c10::Scalar &, const c10::Scalar &, at::Tensor &)::[lambda() (instance 1)]::operator ()() const::[lambda() (instance 4)]::operator ()() const::[lambda(long) (instance 1)]>(T1, T2, function_traits<T2>::result_type *)"
PyTorch:BasicsTransformerLM.layers.5.attn,PushPop,30,30,12,12,13440,1120.0,1120.0,928,1440,148.8,"void at::native::vectorized_elementwise_kernel<(int)4, at::native::FillFunctor<float>, std::array<char *, (unsigned long)1>>(int, T2, T3)"
PyTorch:BasicsTransformerLM.layers.5.attn.k_proj,PushPop,30,30,12,12,2297098,191424.8,191393.0,191265,191745,124.4,cutlass3x_sm100_simt_sgemm_f32_f32_f32_f32_f32_64x128x16_1x1x1_3_tnn_align1_bias_f32_relu
PyTorch:BasicsTransformerLM.layers.5.attn.output_proj,PushPop,30,30,12,12,2325386,193782.2,193776.5,193313,194401,297.5,cutlass3x_sm100_simt_sgemm_f32_f32_f32_f32_f32_64x128x16_1x1x1_3_tnn_align1_bias_f32_relu
PyTorch:BasicsTransformerLM.layers.5.attn.q_proj,PushPop,30,30,12,12,2306887,192240.6,192176.5,191840,192768,324.4,cutlass3x_sm100_simt_sgemm_f32_f32_f32_f32_f32_64x128x16_1x1x1_3_tnn_align1_bias_f32_relu
PyTorch:BasicsTransformerLM.layers.5.attn.v_proj,PushPop,30,30,12,12,2294635,191219.6,191217.0,190976,191489,201.3,cutlass3x_sm100_simt_sgemm_f32_f32_f32_f32_f32_64x128x16_1x1x1_3_tnn_align1_bias_f32_relu
PyTorch:BasicsTransformerLM.layers.5.ffn,PushPop,30,30,12,24,17435143,726464.3,726851.0,721954,730723,3655.7,cutlass3x_sm100_simt_sgemm_f32_f32_f32_f32_f32_128x128x16_1x1x1_3_tnn_align1_bias_f32_relu
PyTorch:BasicsTransformerLM.layers.5.ffn,PushPop,30,30,12,12,8761284,730107.0,730147.0,729219,731651,689.6,cutlass3x_sm100_simt_sgemm_f32_f32_f32_f32_f32_128x64x16_1x1x1_3_tnn_align1_bias_f32_relu
PyTorch:BasicsTransformerLM.layers.5.ffn,PushPop,30,30,12,24,1103108,45962.8,45968.0,45248,46848,413.5,"void at::native::vectorized_elementwise_kernel<(int)4, at::native::BinaryFunctor<float, float, float, at::native::binary_internal::MulFunctor<float>>, std::array<char *, (unsigned long)3>>(int, T2, T3)"
PyTorch:BasicsTransformerLM.layers.5.ffn,PushPop,30,30,12,12,378850,31570.8,31568.5,31360,31968,175.4,"void at::native::vectorized_elementwise_kernel<(int)4, at::native::sigmoid_kernel_cuda(at::TensorIteratorBase &)::[lambda() (instance 2)]::operator ()() const::[lambda() (instance 2)]::operator ()() const::[lambda(float) (instance 1)], std::array<char *, (unsigned long)2>>(int, T2, T3)"
PyTorch:BasicsTransformerLM.layers.5.ffn.w1,PushPop,30,30,12,12,8759813,729984.4,729939.0,728963,730723,504.0,cutlass3x_sm100_simt_sgemm_f32_f32_f32_f32_f32_128x128x16_1x1x1_3_tnn_align1_bias_f32_relu
PyTorch:BasicsTransformerLM.layers.5.ffn.w2,PushPop,30,30,12,12,8761284,730107.0,730147.0,729219,731651,689.6,cutlass3x_sm100_simt_sgemm_f32_f32_f32_f32_f32_128x64x16_1x1x1_3_tnn_align1_bias_f32_relu
PyTorch:BasicsTransformerLM.layers.5.ffn.w3,PushPop,30,30,12,12,8675330,722944.2,722803.0,721954,724739,808.4,cutlass3x_sm100_simt_sgemm_f32_f32_f32_f32_f32_128x128x16_1x1x1_3_tnn_align1_bias_f32_relu
PyTorch:BasicsTransformerLM.layers.5.ln1,PushPop,30,30,12,24,354210,14758.8,14720.5,14465,15424,205.2,"void at::native::elementwise_kernel<(int)128, (int)2, void at::native::gpu_kernel_impl_nocast<at::native::BinaryFunctor<float, float, float, at::native::binary_internal::MulFunctor<float>>>(at::TensorIteratorBase &, const T1 &)::[lambda(int) (instance 1)]>(int, T3)"
PyTorch:BasicsTransformerLM.layers.5.ln1,PushPop,30,30,12,12,69984,5832.0,5824.0,5632,6080,119.1,"void at::native::vectorized_elementwise_kernel<(int)4, void at::native::<unnamed>::pow_tensor_scalar_kernel_impl<float, float>(at::TensorIteratorBase &, T2)::[lambda(float) (instance 1)], std::array<char *, (unsigned long)2>>(int, T2, T3)"
PyTorch:BasicsTransformerLM.layers.5.ln1,PushPop,30,30,12,12,66784,5565.3,5568.0,5504,5632,31.9,"void at::native::reduce_kernel<(int)512, (int)1, at::native::ReduceOp<float, at::native::MeanOps<float, float, float, float>, unsigned int, float, (int)4, (int)4>>(T3)"
PyTorch:BasicsTransformerLM.layers.5.ln1,PushPop,30,30,12,12,19489,1624.1,1584.0,1536,1824,94.8,"void at::native::vectorized_elementwise_kernel<(int)4, at::native::CUDAFunctorOnSelf_add<float>, std::array<char *, (unsigned long)2>>(int, T2, T3)"
PyTorch:BasicsTransformerLM.layers.5.ln1,PushPop,30,30,12,12,18048,1504.0,1472.0,1408,1728,92.5,"void at::native::vectorized_elementwise_kernel<(int)4, at::native::rsqrt_kernel_cuda(at::TensorIteratorBase &)::[lambda() (instance 2)]::operator ()() const::[lambda() (instance 2)]::operator ()() const::[lambda(float) (instance 1)], std::array<char *, (unsigned long)2>>(int, T2, T3)"
PyTorch:BasicsTransformerLM.layers.5.ln2,PushPop,30,30,12,24,354817,14784.0,14736.0,14592,15808,245.0,"void at::native::elementwise_kernel<(int)128, (int)2, void at::native::gpu_kernel_impl_nocast<at::native::BinaryFunctor<float, float, float, at::native::binary_internal::MulFunctor<float>>>(at::TensorIteratorBase &, const T1 &)::[lambda(int) (instance 1)]>(int, T3)"
PyTorch:BasicsTransformerLM.layers.5.ln2,PushPop,30,30,12,12,70720,5893.3,5872.0,5664,6336,182.5,"void at::native::vectorized_elementwise_kernel<(int)4, void at::native::<unnamed>::pow_tensor_scalar_kernel_impl<float, float>(at::TensorIteratorBase &, T2)::[lambda(float) (instance 1)], std::array<char *, (unsigned long)2>>(int, T2, T3)"
PyTorch:BasicsTransformerLM.layers.5.ln2,PushPop,30,30,12,12,67296,5608.0,5600.0,5568,5696,45.5,"void at::native::reduce_kernel<(int)512, (int)1, at::native::ReduceOp<float, at::native::MeanOps<float, float, float, float>, unsigned int, float, (int)4, (int)4>>(T3)"
PyTorch:BasicsTransformerLM.layers.5.ln2,PushPop,30,30,12,12,19393,1616.1,1584.5,1536,1824,92.0,"void at::native::vectorized_elementwise_kernel<(int)4, at::native::CUDAFunctorOnSelf_add<float>, std::array<char *, (unsigned long)2>>(int, T2, T3)"
PyTorch:BasicsTransformerLM.layers.5.ln2,PushPop,30,30,12,12,17792,1482.7,1472.0,1440,1664,61.5,"void at::native::vectorized_elementwise_kernel<(int)4, at::native::rsqrt_kernel_cuda(at::TensorIteratorBase &)::[lambda() (instance 2)]::operator ()() const::[lambda() (instance 2)]::operator ()() const::[lambda(float) (instance 1)], std::array<char *, (unsigned long)2>>(int, T2, T3)"
PyTorch:BasicsTransformerLM.layers.6,PushPop,30,30,12,36,26282795,730077.6,729699.0,722371,738179,5945.2,cutlass3x_sm100_simt_sgemm_f32_f32_f32_f32_f32_128x128x16_1x1x1_3_tnn_align1_bias_f32_relu
PyTorch:BasicsTransformerLM.layers.6,PushPop,30,30,12,48,9224104,192168.8,191744.5,191008,194881,1065.4,cutlass3x_sm100_simt_sgemm_f32_f32_f32_f32_f32_64x128x16_1x1x1_3_tnn_align1_bias_f32_relu
PyTorch:BasicsTransformerLM.layers.6,PushPop,30,30,12,12,8764484,730373.7,730195.0,729347,731811,770.8,cutlass3x_sm100_simt_sgemm_f32_f32_f32_f32_f32_128x64x16_1x1x1_3_tnn_align1_bias_f32_relu
PyTorch:BasicsTransformerLM.layers.6,PushPop,30,30,12,12,7350175,612514.6,611938.5,610722,619363,2249.4,"void at::native::elementwise_kernel<(int)128, (int)2, void at::native::gpu_kernel_impl_nocast<at::native::BinaryFunctor<float, float, float, at::native::binary_internal::DivFunctor<float>>>(at::TensorIteratorBase &, const T1 &)::[lambda(int) (instance 1)]>(int, T3)"
PyTorch:BasicsTransformerLM.layers.6,PushPop,30,30,12,12,6414843,534570.3,534210.5,533571,537634,1194.6,"void at::native::elementwise_kernel<(int)128, (int)2, void at::native::gpu_kernel_impl_nocast<at::native::<unnamed>::where_kernel_impl(at::TensorIterator &)::[lambda() (instance 1)]::operator ()() const::[lambda() (instance 11)]::operator ()() const::[lambda(bool, float, float) (instance 1)]>(at::TensorIteratorBase &, const T1 &)::[lambda(int) (instance 1)]>(int, T3)"
PyTorch:BasicsTransformerLM.layers.6,PushPop,30,30,12,12,6344634,528719.5,528562.0,527330,530562,933.3,"void at::native::elementwise_kernel<(int)128, (int)2, void at::native::gpu_kernel_impl_nocast<at::native::CUDAFunctor_add<float>>(at::TensorIteratorBase &, const T1 &)::[lambda(int) (instance 1)]>(int, T3)"
PyTorch:BasicsTransformerLM.layers.6,PushPop,30,30,12,12,6259192,521599.3,521186.0,520642,523426,893.7,cutlass3x_sm100_simt_sgemm_f32_f32_f32_f32_f32_64x32x16_1x1x1_3_nnn_align1_bias_f32_relu
PyTorch:BasicsTransformerLM.layers.6,PushPop,30,30,12,12,2806604,233883.7,234001.0,232673,235457,795.1,"void at::native::vectorized_elementwise_kernel<(int)4, at::native::BUnaryFunctor<float, float, float, at::native::binary_internal::MulFunctor<float>>, std::array<char *, (unsigned long)2>>(int, T2, T3)"
PyTorch:BasicsTransformerLM.layers.6,PushPop,30,30,12,12,2773260,231105.0,230977.0,230433,232321,559.9,"void at::native::vectorized_elementwise_kernel<(int)4, at::native::exp_kernel_cuda(at::TensorIteratorBase &)::[lambda() (instance 2)]::operator ()() const::[lambda() (instance 2)]::operator ()() const::[lambda(float) (instance 1)], std::array<char *, (unsigned long)2>>(int, T2, T3)"
PyTorch:BasicsTransformerLM.layers.6,PushPop,30,30,12,12,2332554,194379.5,194129.0,193953,196833,798.6,"void at::native::reduce_kernel<(int)512, (int)1, at::native::ReduceOp<float, at::native::MaxOps<float>, unsigned int, float, (int)4, (int)4>>(T3)"
PyTorch:BasicsTransformerLM.layers.6,PushPop,30,30,12,12,1725508,143792.3,143696.5,143424,144288,308.2,"void at::native::reduce_kernel<(int)512, (int)1, at::native::ReduceOp<float, at::native::func_wrapper_t<float, at::native::sum_functor<float, float, float>::operator ()(at::TensorIterator &)::[lambda(float, float) (instance 1)]>, unsigned int, float, (int)4, (int)4>>(T3)"
PyTorch:BasicsTransformerLM.layers.6,PushPop,30,30,12,144,1703430,11829.4,11152.0,9504,15808,2263.8,"void at::native::elementwise_kernel<(int)128, (int)2, void at::native::gpu_kernel_impl_nocast<at::native::BinaryFunctor<float, float, float, at::native::binary_internal::MulFunctor<float>>>(at::TensorIteratorBase &, const T1 &)::[lambda(int) (instance 1)]>(int, T3)"
PyTorch:BasicsTransformerLM.layers.6,PushPop,30,30,12,24,1103270,45969.6,45936.0,45440,46753,353.0,"void at::native::vectorized_elementwise_kernel<(int)4, at::native::BinaryFunctor<float, float, float, at::native::binary_internal::MulFunctor<float>>, std::array<char *, (unsigned long)3>>(int, T2, T3)"
PyTorch:BasicsTransformerLM.layers.6,PushPop,30,30,12,24,780673,32528.0,32528.0,32352,32736,128.6,"void at::native::<unnamed>::CatArrayBatchedCopy<at::native::<unnamed>::OpaqueType<(unsigned int)4>, unsigned int, (int)4, (int)64, (int)64>(T1 *, at::native::<unnamed>::CatArrInputTensorMetadata<T1, T2, T4, T5>, at::native::<unnamed>::TensorSizeStride<T2, (unsigned int)4>, int, T2)"
PyTorch:BasicsTransformerLM.layers.6,PushPop,30,30,12,24,470340,19597.5,19584.5,18368,21248,1029.2,"void at::native::elementwise_kernel<(int)128, (int)2, void at::native::gpu_kernel_impl_nocast<at::native::direct_copy_kernel_cuda(at::TensorIteratorBase &)::[lambda() (instance 3)]::operator ()() const::[lambda() (instance 7)]::operator ()() const::[lambda(float) (instance 1)]>(at::TensorIteratorBase &, const T1 &)::[lambda(int) (instance 1)]>(int, T3)"
PyTorch:BasicsTransformerLM.layers.6,PushPop,30,30,12,72,440353,6116.0,4560.0,4320,10976,2316.5,"void at::native::vectorized_elementwise_kernel<(int)4, at::native::CUDAFunctor_add<float>, std::array<char *, (unsigned long)3>>(int, T2, T3)"
PyTorch:BasicsTransformerLM.layers.6,PushPop,30,30,12,12,378914,31576.2,31648.0,31104,31873,248.0,"void at::native::vectorized_elementwise_kernel<(int)4, at::native::sigmoid_kernel_cuda(at::TensorIteratorBase &)::[lambda() (instance 2)]::operator ()() const::[lambda() (instance 2)]::operator ()() const::[lambda(float) (instance 1)], std::array<char *, (unsigned long)2>>(int, T2, T3)"
PyTorch:BasicsTransformerLM.layers.6,PushPop,30,30,12,24,140352,5848.0,5824.0,5728,6144,103.5,"void at::native::vectorized_elementwise_kernel<(int)4, void at::native::<unnamed>::pow_tensor_scalar_kernel_impl<float, float>(at::TensorIteratorBase &, T2)::[lambda(float) (instance 1)], std::array<char *, (unsigned long)2>>(int, T2, T3)"
PyTorch:BasicsTransformerLM.layers.6,PushPop,30,30,12,24,134080,5586.7,5600.0,5472,5728,53.3,"void at::native::reduce_kernel<(int)512, (int)1, at::native::ReduceOp<float, at::native::MeanOps<float, float, float, float>, unsigned int, float, (int)4, (int)4>>(T3)"
PyTorch:BasicsTransformerLM.layers.6,PushPop,30,30,12,12,103969,8664.1,8640.0,8576,9024,116.7,"void at::native::elementwise_kernel<(int)128, (int)4, void at::native::gpu_kernel_impl_nocast<at::native::<unnamed>::CompareFunctor<long>>(at::TensorIteratorBase &, const T1 &)::[lambda(int) (instance 1)]>(int, T3)"
PyTorch:BasicsTransformerLM.layers.6,PushPop,30,30,12,24,38497,1604.0,1584.0,1568,1792,62.8,"void at::native::vectorized_elementwise_kernel<(int)4, at::native::CUDAFunctorOnSelf_add<float>, std::array<char *, (unsigned long)2>>(int, T2, T3)"
PyTorch:BasicsTransformerLM.layers.6,PushPop,30,30,12,24,36192,1508.0,1472.0,1440,1664,64.9,"void at::native::vectorized_elementwise_kernel<(int)4, at::native::rsqrt_kernel_cuda(at::TensorIteratorBase &)::[lambda() (instance 2)]::operator ()() const::[lambda() (instance 2)]::operator ()() const::[lambda(float) (instance 1)], std::array<char *, (unsigned long)2>>(int, T2, T3)"
PyTorch:BasicsTransformerLM.layers.6,PushPop,30,30,12,12,14336,1194.7,1168.0,1120,1344,65.9,"void <unnamed>::elementwise_kernel_with_index<int, at::native::arange_cuda_out(const c10::Scalar &, const c10::Scalar &, const c10::Scalar &, at::Tensor &)::[lambda() (instance 1)]::operator ()() const::[lambda() (instance 4)]::operator ()() const::[lambda(long) (instance 1)]>(T1, T2, function_traits<T2>::result_type *)"
PyTorch:BasicsTransformerLM.layers.6,PushPop,30,30,12,12,13632,1136.0,1152.0,928,1376,115.4,"void at::native::vectorized_elementwise_kernel<(int)4, at::native::FillFunctor<float>, std::array<char *, (unsigned long)1>>(int, T2, T3)"
PyTorch:BasicsTransformerLM.layers.6.attn,PushPop,30,30,12,48,9224104,192168.8,191744.5,191008,194881,1065.4,cutlass3x_sm100_simt_sgemm_f32_f32_f32_f32_f32_64x128x16_1x1x1_3_tnn_align1_bias_f32_relu
PyTorch:BasicsTransformerLM.layers.6.attn,PushPop,30,30,12,12,8847492,737291.0,737219.0,736803,738179,380.4,cutlass3x_sm100_simt_sgemm_f32_f32_f32_f32_f32_128x128x16_1x1x1_3_tnn_align1_bias_f32_relu
PyTorch:BasicsTransformerLM.layers.6.attn,PushPop,30,30,12,12,7350175,612514.6,611938.5,610722,619363,2249.4,"void at::native::elementwise_kernel<(int)128, (int)2, void at::native::gpu_kernel_impl_nocast<at::native::BinaryFunctor<float, float, float, at::native::binary_internal::DivFunctor<float>>>(at::TensorIteratorBase &, const T1 &)::[lambda(int) (instance 1)]>(int, T3)"
PyTorch:BasicsTransformerLM.layers.6.attn,PushPop,30,30,12,12,6414843,534570.3,534210.5,533571,537634,1194.6,"void at::native::elementwise_kernel<(int)128, (int)2, void at::native::gpu_kernel_impl_nocast<at::native::<unnamed>::where_kernel_impl(at::TensorIterator &)::[lambda() (instance 1)]::operator ()() const::[lambda() (instance 11)]::operator ()() const::[lambda(bool, float, float) (instance 1)]>(at::TensorIteratorBase &, const T1 &)::[lambda(int) (instance 1)]>(int, T3)"
PyTorch:BasicsTransformerLM.layers.6.attn,PushPop,30,30,12,12,6344634,528719.5,528562.0,527330,530562,933.3,"void at::native::elementwise_kernel<(int)128, (int)2, void at::native::gpu_kernel_impl_nocast<at::native::CUDAFunctor_add<float>>(at::TensorIteratorBase &, const T1 &)::[lambda(int) (instance 1)]>(int, T3)"
PyTorch:BasicsTransformerLM.layers.6.attn,PushPop,30,30,12,12,6259192,521599.3,521186.0,520642,523426,893.7,cutlass3x_sm100_simt_sgemm_f32_f32_f32_f32_f32_64x32x16_1x1x1_3_nnn_align1_bias_f32_relu
PyTorch:BasicsTransformerLM.layers.6.attn,PushPop,30,30,12,12,2806604,233883.7,234001.0,232673,235457,795.1,"void at::native::vectorized_elementwise_kernel<(int)4, at::native::BUnaryFunctor<float, float, float, at::native::binary_internal::MulFunctor<float>>, std::array<char *, (unsigned long)2>>(int, T2, T3)"
PyTorch:BasicsTransformerLM.layers.6.attn,PushPop,30,30,12,12,2773260,231105.0,230977.0,230433,232321,559.9,"void at::native::vectorized_elementwise_kernel<(int)4, at::native::exp_kernel_cuda(at::TensorIteratorBase &)::[lambda() (instance 2)]::operator ()() const::[lambda() (instance 2)]::operator ()() const::[lambda(float) (instance 1)], std::array<char *, (unsigned long)2>>(int, T2, T3)"
PyTorch:BasicsTransformerLM.layers.6.attn,PushPop,30,30,12,12,2332554,194379.5,194129.0,193953,196833,798.6,"void at::native::reduce_kernel<(int)512, (int)1, at::native::ReduceOp<float, at::native::MaxOps<float>, unsigned int, float, (int)4, (int)4>>(T3)"
PyTorch:BasicsTransformerLM.layers.6.attn,PushPop,30,30,12,12,1725508,143792.3,143696.5,143424,144288,308.2,"void at::native::reduce_kernel<(int)512, (int)1, at::native::ReduceOp<float, at::native::func_wrapper_t<float, at::native::sum_functor<float, float, float>::operator ()(at::TensorIterator &)::[lambda(float, float) (instance 1)]>, unsigned int, float, (int)4, (int)4>>(T3)"
PyTorch:BasicsTransformerLM.layers.6.attn,PushPop,30,30,12,96,995940,10374.4,9792.0,9504,12640,1127.5,"void at::native::elementwise_kernel<(int)128, (int)2, void at::native::gpu_kernel_impl_nocast<at::native::BinaryFunctor<float, float, float, at::native::binary_internal::MulFunctor<float>>>(at::TensorIteratorBase &, const T1 &)::[lambda(int) (instance 1)]>(int, T3)"
PyTorch:BasicsTransformerLM.layers.6.attn,PushPop,30,30,12,24,780673,32528.0,32528.0,32352,32736,128.6,"void at::native::<unnamed>::CatArrayBatchedCopy<at::native::<unnamed>::OpaqueType<(unsigned int)4>, unsigned int, (int)4, (int)64, (int)64>(T1 *, at::native::<unnamed>::CatArrInputTensorMetadata<T1, T2, T4, T5>, at::native::<unnamed>::TensorSizeStride<T2, (unsigned int)4>, int, T2)"
PyTorch:BasicsTransformerLM.layers.6.attn,PushPop,30,30,12,24,470340,19597.5,19584.5,18368,21248,1029.2,"void at::native::elementwise_kernel<(int)128, (int)2, void at::native::gpu_kernel_impl_nocast<at::native::direct_copy_kernel_cuda(at::TensorIteratorBase &)::[lambda() (instance 3)]::operator ()() const::[lambda() (instance 7)]::operator ()() const::[lambda(float) (instance 1)]>(at::TensorIteratorBase &, const T1 &)::[lambda(int) (instance 1)]>(int, T3)"
PyTorch:BasicsTransformerLM.layers.6.attn,PushPop,30,30,12,48,216257,4505.4,4512.0,4320,4864,119.2,"void at::native::vectorized_elementwise_kernel<(int)4, at::native::CUDAFunctor_add<float>, std::array<char *, (unsigned long)3>>(int, T2, T3)"
PyTorch:BasicsTransformerLM.layers.6.attn,PushPop,30,30,12,12,103969,8664.1,8640.0,8576,9024,116.7,"void at::native::elementwise_kernel<(int)128, (int)4, void at::native::gpu_kernel_impl_nocast<at::native::<unnamed>::CompareFunctor<long>>(at::TensorIteratorBase &, const T1 &)::[lambda(int) (instance 1)]>(int, T3)"
PyTorch:BasicsTransformerLM.layers.6.attn,PushPop,30,30,12,12,14336,1194.7,1168.0,1120,1344,65.9,"void <unnamed>::elementwise_kernel_with_index<int, at::native::arange_cuda_out(const c10::Scalar &, const c10::Scalar &, const c10::Scalar &, at::Tensor &)::[lambda() (instance 1)]::operator ()() const::[lambda() (instance 4)]::operator ()() const::[lambda(long) (instance 1)]>(T1, T2, function_traits<T2>::result_type *)"
PyTorch:BasicsTransformerLM.layers.6.attn,PushPop,30,30,12,12,13632,1136.0,1152.0,928,1376,115.4,"void at::native::vectorized_elementwise_kernel<(int)4, at::native::FillFunctor<float>, std::array<char *, (unsigned long)1>>(int, T2, T3)"
PyTorch:BasicsTransformerLM.layers.6.attn.k_proj,PushPop,30,30,12,12,2296876,191406.3,191409.0,191105,191937,218.9,cutlass3x_sm100_simt_sgemm_f32_f32_f32_f32_f32_64x128x16_1x1x1_3_tnn_align1_bias_f32_relu
PyTorch:BasicsTransformerLM.layers.6.attn.output_proj,PushPop,30,30,12,12,2325803,193816.9,193729.0,193153,194881,406.2,cutlass3x_sm100_simt_sgemm_f32_f32_f32_f32_f32_64x128x16_1x1x1_3_tnn_align1_bias_f32_relu
PyTorch:BasicsTransformerLM.layers.6.attn.q_proj,PushPop,30,30,12,12,2305834,192152.8,192016.5,191648,193185,418.9,cutlass3x_sm100_simt_sgemm_f32_f32_f32_f32_f32_64x128x16_1x1x1_3_tnn_align1_bias_f32_relu
PyTorch:BasicsTransformerLM.layers.6.attn.v_proj,PushPop,30,30,12,12,2295591,191299.3,191281.0,191008,191553,197.3,cutlass3x_sm100_simt_sgemm_f32_f32_f32_f32_f32_64x128x16_1x1x1_3_tnn_align1_bias_f32_relu
PyTorch:BasicsTransformerLM.layers.6.ffn,PushPop,30,30,12,24,17435303,726471.0,726659.0,722371,731651,3604.9,cutlass3x_sm100_simt_sgemm_f32_f32_f32_f32_f32_128x128x16_1x1x1_3_tnn_align1_bias_f32_relu
PyTorch:BasicsTransformerLM.layers.6.ffn,PushPop,30,30,12,12,8764484,730373.7,730195.0,729347,731811,770.8,cutlass3x_sm100_simt_sgemm_f32_f32_f32_f32_f32_128x64x16_1x1x1_3_tnn_align1_bias_f32_relu
PyTorch:BasicsTransformerLM.layers.6.ffn,PushPop,30,30,12,24,1103270,45969.6,45936.0,45440,46753,353.0,"void at::native::vectorized_elementwise_kernel<(int)4, at::native::BinaryFunctor<float, float, float, at::native::binary_internal::MulFunctor<float>>, std::array<char *, (unsigned long)3>>(int, T2, T3)"
PyTorch:BasicsTransformerLM.layers.6.ffn,PushPop,30,30,12,12,378914,31576.2,31648.0,31104,31873,248.0,"void at::native::vectorized_elementwise_kernel<(int)4, at::native::sigmoid_kernel_cuda(at::TensorIteratorBase &)::[lambda() (instance 2)]::operator ()() const::[lambda() (instance 2)]::operator ()() const::[lambda(float) (instance 1)], std::array<char *, (unsigned long)2>>(int, T2, T3)"
PyTorch:BasicsTransformerLM.layers.6.ffn.w1,PushPop,30,30,12,12,8759364,729947.0,729699.0,729251,731651,674.9,cutlass3x_sm100_simt_sgemm_f32_f32_f32_f32_f32_128x128x16_1x1x1_3_tnn_align1_bias_f32_relu
PyTorch:BasicsTransformerLM.layers.6.ffn.w2,PushPop,30,30,12,12,8764484,730373.7,730195.0,729347,731811,770.8,cutlass3x_sm100_simt_sgemm_f32_f32_f32_f32_f32_128x64x16_1x1x1_3_tnn_align1_bias_f32_relu
PyTorch:BasicsTransformerLM.layers.6.ffn.w3,PushPop,30,30,12,12,8675939,722994.9,722979.0,722371,724067,594.8,cutlass3x_sm100_simt_sgemm_f32_f32_f32_f32_f32_128x128x16_1x1x1_3_tnn_align1_bias_f32_relu
PyTorch:BasicsTransformerLM.layers.6.ln1,PushPop,30,30,12,24,353538,14730.8,14704.5,14496,15296,156.1,"void at::native::elementwise_kernel<(int)128, (int)2, void at::native::gpu_kernel_impl_nocast<at::native::BinaryFunctor<float, float, float, at::native::binary_internal::MulFunctor<float>>>(at::TensorIteratorBase &, const T1 &)::[lambda(int) (instance 1)]>(int, T3)"
PyTorch:BasicsTransformerLM.layers.6.ln1,PushPop,30,30,12,12,70368,5864.0,5824.0,5728,6144,109.3,"void at::native::vectorized_elementwise_kernel<(int)4, void at::native::<unnamed>::pow_tensor_scalar_kernel_impl<float, float>(at::TensorIteratorBase &, T2)::[lambda(float) (instance 1)], std::array<char *, (unsigned long)2>>(int, T2, T3)"
PyTorch:BasicsTransformerLM.layers.6.ln1,PushPop,30,30,12,12,67104,5592.0,5584.0,5504,5728,59.7,"void at::native::reduce_kernel<(int)512, (int)1, at::native::ReduceOp<float, at::native::MeanOps<float, float, float, float>, unsigned int, float, (int)4, (int)4>>(T3)"
PyTorch:BasicsTransformerLM.layers.6.ln1,PushPop,30,30,12,12,18944,1578.7,1568.0,1568,1632,20.8,"void at::native::vectorized_elementwise_kernel<(int)4, at::native::CUDAFunctorOnSelf_add<float>, std::array<char *, (unsigned long)2>>(int, T2, T3)"
PyTorch:BasicsTransformerLM.layers.6.ln1,PushPop,30,30,12,12,17728,1477.3,1472.0,1440,1568,46.9,"void at::native::vectorized_elementwise_kernel<(int)4, at::native::rsqrt_kernel_cuda(at::TensorIteratorBase &)::[lambda() (instance 2)]::operator ()() const::[lambda() (instance 2)]::operator ()() const::[lambda(float) (instance 1)], std::array<char *, (unsigned long)2>>(int, T2, T3)"
PyTorch:BasicsTransformerLM.layers.6.ln2,PushPop,30,30,12,24,353952,14748.0,14688.0,14496,15808,281.2,"void at::native::elementwise_kernel<(int)128, (int)2, void at::native::gpu_kernel_impl_nocast<at::native::BinaryFunctor<float, float, float, at::native::binary_internal::MulFunctor<float>>>(at::TensorIteratorBase &, const T1 &)::[lambda(int) (instance 1)]>(int, T3)"
PyTorch:BasicsTransformerLM.layers.6.ln2,PushPop,30,30,12,12,69984,5832.0,5792.0,5728,6016,99.5,"void at::native::vectorized_elementwise_kernel<(int)4, void at::native::<unnamed>::pow_tensor_scalar_kernel_impl<float, float>(at::TensorIteratorBase &, T2)::[lambda(float) (instance 1)], std::array<char *, (unsigned long)2>>(int, T2, T3)"
PyTorch:BasicsTransformerLM.layers.6.ln2,PushPop,30,30,12,12,66976,5581.3,5600.0,5472,5632,48.2,"void at::native::reduce_kernel<(int)512, (int)1, at::native::ReduceOp<float, at::native::MeanOps<float, float, float, float>, unsigned int, float, (int)4, (int)4>>(T3)"
PyTorch:BasicsTransformerLM.layers.6.ln2,PushPop,30,30,12,12,19553,1629.4,1600.0,1568,1792,80.1,"void at::native::vectorized_elementwise_kernel<(int)4, at::native::CUDAFunctorOnSelf_add<float>, std::array<char *, (unsigned long)2>>(int, T2, T3)"
PyTorch:BasicsTransformerLM.layers.6.ln2,PushPop,30,30,12,12,18464,1538.7,1520.0,1472,1664,67.5,"void at::native::vectorized_elementwise_kernel<(int)4, at::native::rsqrt_kernel_cuda(at::TensorIteratorBase &)::[lambda() (instance 2)]::operator ()() const::[lambda() (instance 2)]::operator ()() const::[lambda(float) (instance 1)], std::array<char *, (unsigned long)2>>(int, T2, T3)"
PyTorch:BasicsTransformerLM.layers.7,PushPop,30,30,12,36,26280586,730016.3,729539.0,722595,739075,5945.7,cutlass3x_sm100_simt_sgemm_f32_f32_f32_f32_f32_128x128x16_1x1x1_3_tnn_align1_bias_f32_relu
PyTorch:BasicsTransformerLM.layers.7,PushPop,30,30,12,48,9227586,192241.4,191920.5,190944,195649,1102.2,cutlass3x_sm100_simt_sgemm_f32_f32_f32_f32_f32_64x128x16_1x1x1_3_tnn_align1_bias_f32_relu
PyTorch:BasicsTransformerLM.layers.7,PushPop,30,30,12,12,8761155,730096.3,730259.0,728899,730659,525.6,cutlass3x_sm100_simt_sgemm_f32_f32_f32_f32_f32_128x64x16_1x1x1_3_tnn_align1_bias_f32_relu
PyTorch:BasicsTransformerLM.layers.7,PushPop,30,30,12,12,7353755,612812.9,611874.0,611522,622242,3007.3,"void at::native::elementwise_kernel<(int)128, (int)2, void at::native::gpu_kernel_impl_nocast<at::native::BinaryFunctor<float, float, float, at::native::binary_internal::DivFunctor<float>>>(at::TensorIteratorBase &, const T1 &)::[lambda(int) (instance 1)]>(int, T3)"
PyTorch:BasicsTransformerLM.layers.7,PushPop,30,30,12,12,6412187,534348.9,534258.0,533539,535778,586.2,"void at::native::elementwise_kernel<(int)128, (int)2, void at::native::gpu_kernel_impl_nocast<at::native::<unnamed>::where_kernel_impl(at::TensorIterator &)::[lambda() (instance 1)]::operator ()() const::[lambda() (instance 11)]::operator ()() const::[lambda(bool, float, float) (instance 1)]>(at::TensorIteratorBase &, const T1 &)::[lambda(int) (instance 1)]>(int, T3)"
PyTorch:BasicsTransformerLM.layers.7,PushPop,30,30,12,12,6347611,528967.6,528867.0,528034,529698,464.2,"void at::native::elementwise_kernel<(int)128, (int)2, void at::native::gpu_kernel_impl_nocast<at::native::CUDAFunctor_add<float>>(at::TensorIteratorBase &, const T1 &)::[lambda(int) (instance 1)]>(int, T3)"
PyTorch:BasicsTransformerLM.layers.7,PushPop,30,30,12,12,6257114,521426.2,521346.5,520034,524482,1149.8,cutlass3x_sm100_simt_sgemm_f32_f32_f32_f32_f32_64x32x16_1x1x1_3_nnn_align1_bias_f32_relu
PyTorch:BasicsTransformerLM.layers.7,PushPop,30,30,12,12,2807692,233974.3,234081.0,232737,234977,609.8,"void at::native::vectorized_elementwise_kernel<(int)4, at::native::BUnaryFunctor<float, float, float, at::native::binary_internal::MulFunctor<float>>, std::array<char *, (unsigned long)2>>(int, T2, T3)"
PyTorch:BasicsTransformerLM.layers.7,PushPop,30,30,12,12,2775403,231283.6,231089.0,230049,232417,720.2,"void at::native::vectorized_elementwise_kernel<(int)4, at::native::exp_kernel_cuda(at::TensorIteratorBase &)::[lambda() (instance 2)]::operator ()() const::[lambda() (instance 2)]::operator ()() const::[lambda(float) (instance 1)], std::array<char *, (unsigned long)2>>(int, T2, T3)"
PyTorch:BasicsTransformerLM.layers.7,PushPop,30,30,12,12,2330728,194227.3,194176.0,193664,195297,393.4,"void at::native::reduce_kernel<(int)512, (int)1, at::native::ReduceOp<float, at::native::MaxOps<float>, unsigned int, float, (int)4, (int)4>>(T3)"
PyTorch:BasicsTransformerLM.layers.7,PushPop,30,30,12,12,1722921,143576.8,143553.0,143328,143873,154.0,"void at::native::reduce_kernel<(int)512, (int)1, at::native::ReduceOp<float, at::native::func_wrapper_t<float, at::native::sum_functor<float, float, float>::operator ()(at::TensorIterator &)::[lambda(float, float) (instance 1)]>, unsigned int, float, (int)4, (int)4>>(T3)"
PyTorch:BasicsTransformerLM.layers.7,PushPop,30,30,12,144,1705450,11843.4,11216.0,9504,15712,2251.8,"void at::native::elementwise_kernel<(int)128, (int)2, void at::native::gpu_kernel_impl_nocast<at::native::BinaryFunctor<float, float, float, at::native::binary_internal::MulFunctor<float>>>(at::TensorIteratorBase &, const T1 &)::[lambda(int) (instance 1)]>(int, T3)"
PyTorch:BasicsTransformerLM.layers.7,PushPop,30,30,12,24,1105411,46058.8,46016.0,45568,46848,336.5,"void at::native::vectorized_elementwise_kernel<(int)4, at::native::BinaryFunctor<float, float, float, at::native::binary_internal::MulFunctor<float>>, std::array<char *, (unsigned long)3>>(int, T2, T3)"
PyTorch:BasicsTransformerLM.layers.7,PushPop,30,30,12,24,782019,32584.1,32560.5,32416,33217,169.6,"void at::native::<unnamed>::CatArrayBatchedCopy<at::native::<unnamed>::OpaqueType<(unsigned int)4>, unsigned int, (int)4, (int)64, (int)64>(T1 *, at::native::<unnamed>::CatArrInputTensorMetadata<T1, T2, T4, T5>, at::native::<unnamed>::TensorSizeStride<T2, (unsigned int)4>, int, T2)"
PyTorch:BasicsTransformerLM.layers.7,PushPop,30,30,12,24,469699,19570.8,19792.0,18272,21504,1058.7,"void at::native::elementwise_kernel<(int)128, (int)2, void at::native::gpu_kernel_impl_nocast<at::native::direct_copy_kernel_cuda(at::TensorIteratorBase &)::[lambda() (instance 3)]::operator ()() const::[lambda() (instance 7)]::operator ()() const::[lambda(float) (instance 1)]>(at::TensorIteratorBase &, const T1 &)::[lambda(int) (instance 1)]>(int, T3)"
PyTorch:BasicsTransformerLM.layers.7,PushPop,30,30,12,72,438563,6091.2,4544.0,4224,9984,2299.1,"void at::native::vectorized_elementwise_kernel<(int)4, at::native::CUDAFunctor_add<float>, std::array<char *, (unsigned long)3>>(int, T2, T3)"
PyTorch:BasicsTransformerLM.layers.7,PushPop,30,30,12,12,378627,31552.3,31504.0,31136,32160,341.7,"void at::native::vectorized_elementwise_kernel<(int)4, at::native::sigmoid_kernel_cuda(at::TensorIteratorBase &)::[lambda() (instance 2)]::operator ()() const::[lambda() (instance 2)]::operator ()() const::[lambda(float) (instance 1)], std::array<char *, (unsigned long)2>>(int, T2, T3)"
PyTorch:BasicsTransformerLM.layers.7,PushPop,30,30,12,24,139394,5808.1,5760.0,5664,6336,148.0,"void at::native::vectorized_elementwise_kernel<(int)4, void at::native::<unnamed>::pow_tensor_scalar_kernel_impl<float, float>(at::TensorIteratorBase &, T2)::[lambda(float) (instance 1)], std::array<char *, (unsigned long)2>>(int, T2, T3)"
PyTorch:BasicsTransformerLM.layers.7,PushPop,30,30,12,24,133728,5572.0,5568.0,5504,5696,45.6,"void at::native::reduce_kernel<(int)512, (int)1, at::native::ReduceOp<float, at::native::MeanOps<float, float, float, float>, unsigned int, float, (int)4, (int)4>>(T3)"
PyTorch:BasicsTransformerLM.layers.7,PushPop,30,30,12,12,103712,8642.7,8640.0,8576,8768,50.1,"void at::native::elementwise_kernel<(int)128, (int)4, void at::native::gpu_kernel_impl_nocast<at::native::<unnamed>::CompareFunctor<long>>(at::TensorIteratorBase &, const T1 &)::[lambda(int) (instance 1)]>(int, T3)"
PyTorch:BasicsTransformerLM.layers.7,PushPop,30,30,12,24,38112,1588.0,1568.0,1568,1696,29.6,"void at::native::vectorized_elementwise_kernel<(int)4, at::native::CUDAFunctorOnSelf_add<float>, std::array<char *, (unsigned long)2>>(int, T2, T3)"
PyTorch:BasicsTransformerLM.layers.7,PushPop,30,30,12,24,35808,1492.0,1472.0,1408,1632,65.2,"void at::native::vectorized_elementwise_kernel<(int)4, at::native::rsqrt_kernel_cuda(at::TensorIteratorBase &)::[lambda() (instance 2)]::operator ()() const::[lambda() (instance 2)]::operator ()() const::[lambda(float) (instance 1)], std::array<char *, (unsigned long)2>>(int, T2, T3)"
PyTorch:BasicsTransformerLM.layers.7,PushPop,30,30,12,12,13920,1160.0,1152.0,1152,1216,19.9,"void <unnamed>::elementwise_kernel_with_index<int, at::native::arange_cuda_out(const c10::Scalar &, const c10::Scalar &, const c10::Scalar &, at::Tensor &)::[lambda() (instance 1)]::operator ()() const::[lambda() (instance 4)]::operator ()() const::[lambda(long) (instance 1)]>(T1, T2, function_traits<T2>::result_type *)"
PyTorch:BasicsTransformerLM.layers.7,PushPop,30,30,12,12,13568,1130.7,1152.0,928,1376,120.8,"void at::native::vectorized_elementwise_kernel<(int)4, at::native::FillFunctor<float>, std::array<char *, (unsigned long)1>>(int, T2, T3)"
PyTorch:BasicsTransformerLM.layers.7.attn,PushPop,30,30,12,48,9227586,192241.4,191920.5,190944,195649,1102.2,cutlass3x_sm100_simt_sgemm_f32_f32_f32_f32_f32_64x128x16_1x1x1_3_tnn_align1_bias_f32_relu
PyTorch:BasicsTransformerLM.layers.7.attn,PushPop,30,30,12,12,8846916,737243.0,737171.0,736387,739075,766.9,cutlass3x_sm100_simt_sgemm_f32_f32_f32_f32_f32_128x128x16_1x1x1_3_tnn_align1_bias_f32_relu
PyTorch:BasicsTransformerLM.layers.7.attn,PushPop,30,30,12,12,7353755,612812.9,611874.0,611522,622242,3007.3,"void at::native::elementwise_kernel<(int)128, (int)2, void at::native::gpu_kernel_impl_nocast<at::native::BinaryFunctor<float, float, float, at::native::binary_internal::DivFunctor<float>>>(at::TensorIteratorBase &, const T1 &)::[lambda(int) (instance 1)]>(int, T3)"
PyTorch:BasicsTransformerLM.layers.7.attn,PushPop,30,30,12,12,6412187,534348.9,534258.0,533539,535778,586.2,"void at::native::elementwise_kernel<(int)128, (int)2, void at::native::gpu_kernel_impl_nocast<at::native::<unnamed>::where_kernel_impl(at::TensorIterator &)::[lambda() (instance 1)]::operator ()() const::[lambda() (instance 11)]::operator ()() const::[lambda(bool, float, float) (instance 1)]>(at::TensorIteratorBase &, const T1 &)::[lambda(int) (instance 1)]>(int, T3)"
PyTorch:BasicsTransformerLM.layers.7.attn,PushPop,30,30,12,12,6347611,528967.6,528867.0,528034,529698,464.2,"void at::native::elementwise_kernel<(int)128, (int)2, void at::native::gpu_kernel_impl_nocast<at::native::CUDAFunctor_add<float>>(at::TensorIteratorBase &, const T1 &)::[lambda(int) (instance 1)]>(int, T3)"
PyTorch:BasicsTransformerLM.layers.7.attn,PushPop,30,30,12,12,6257114,521426.2,521346.5,520034,524482,1149.8,cutlass3x_sm100_simt_sgemm_f32_f32_f32_f32_f32_64x32x16_1x1x1_3_nnn_align1_bias_f32_relu
PyTorch:BasicsTransformerLM.layers.7.attn,PushPop,30,30,12,12,2807692,233974.3,234081.0,232737,234977,609.8,"void at::native::vectorized_elementwise_kernel<(int)4, at::native::BUnaryFunctor<float, float, float, at::native::binary_internal::MulFunctor<float>>, std::array<char *, (unsigned long)2>>(int, T2, T3)"
PyTorch:BasicsTransformerLM.layers.7.attn,PushPop,30,30,12,12,2775403,231283.6,231089.0,230049,232417,720.2,"void at::native::vectorized_elementwise_kernel<(int)4, at::native::exp_kernel_cuda(at::TensorIteratorBase &)::[lambda() (instance 2)]::operator ()() const::[lambda() (instance 2)]::operator ()() const::[lambda(float) (instance 1)], std::array<char *, (unsigned long)2>>(int, T2, T3)"
PyTorch:BasicsTransformerLM.layers.7.attn,PushPop,30,30,12,12,2330728,194227.3,194176.0,193664,195297,393.4,"void at::native::reduce_kernel<(int)512, (int)1, at::native::ReduceOp<float, at::native::MaxOps<float>, unsigned int, float, (int)4, (int)4>>(T3)"
PyTorch:BasicsTransformerLM.layers.7.attn,PushPop,30,30,12,12,1722921,143576.8,143553.0,143328,143873,154.0,"void at::native::reduce_kernel<(int)512, (int)1, at::native::ReduceOp<float, at::native::func_wrapper_t<float, at::native::sum_functor<float, float, float>::operator ()(at::TensorIterator &)::[lambda(float, float) (instance 1)]>, unsigned int, float, (int)4, (int)4>>(T3)"
PyTorch:BasicsTransformerLM.layers.7.attn,PushPop,30,30,12,96,997702,10392.7,9824.0,9504,12800,1109.7,"void at::native::elementwise_kernel<(int)128, (int)2, void at::native::gpu_kernel_impl_nocast<at::native::BinaryFunctor<float, float, float, at::native::binary_internal::MulFunctor<float>>>(at::TensorIteratorBase &, const T1 &)::[lambda(int) (instance 1)]>(int, T3)"
PyTorch:BasicsTransformerLM.layers.7.attn,PushPop,30,30,12,24,782019,32584.1,32560.5,32416,33217,169.6,"void at::native::<unnamed>::CatArrayBatchedCopy<at::native::<unnamed>::OpaqueType<(unsigned int)4>, unsigned int, (int)4, (int)64, (int)64>(T1 *, at::native::<unnamed>::CatArrInputTensorMetadata<T1, T2, T4, T5>, at::native::<unnamed>::TensorSizeStride<T2, (unsigned int)4>, int, T2)"
PyTorch:BasicsTransformerLM.layers.7.attn,PushPop,30,30,12,24,469699,19570.8,19792.0,18272,21504,1058.7,"void at::native::elementwise_kernel<(int)128, (int)2, void at::native::gpu_kernel_impl_nocast<at::native::direct_copy_kernel_cuda(at::TensorIteratorBase &)::[lambda() (instance 3)]::operator ()() const::[lambda() (instance 7)]::operator ()() const::[lambda(float) (instance 1)]>(at::TensorIteratorBase &, const T1 &)::[lambda(int) (instance 1)]>(int, T3)"
PyTorch:BasicsTransformerLM.layers.7.attn,PushPop,30,30,12,48,215458,4488.7,4448.0,4224,4864,132.3,"void at::native::vectorized_elementwise_kernel<(int)4, at::native::CUDAFunctor_add<float>, std::array<char *, (unsigned long)3>>(int, T2, T3)"
PyTorch:BasicsTransformerLM.layers.7.attn,PushPop,30,30,12,12,103712,8642.7,8640.0,8576,8768,50.1,"void at::native::elementwise_kernel<(int)128, (int)4, void at::native::gpu_kernel_impl_nocast<at::native::<unnamed>::CompareFunctor<long>>(at::TensorIteratorBase &, const T1 &)::[lambda(int) (instance 1)]>(int, T3)"
PyTorch:BasicsTransformerLM.layers.7.attn,PushPop,30,30,12,12,13920,1160.0,1152.0,1152,1216,19.9,"void <unnamed>::elementwise_kernel_with_index<int, at::native::arange_cuda_out(const c10::Scalar &, const c10::Scalar &, const c10::Scalar &, at::Tensor &)::[lambda() (instance 1)]::operator ()() const::[lambda() (instance 4)]::operator ()() const::[lambda(long) (instance 1)]>(T1, T2, function_traits<T2>::result_type *)"
PyTorch:BasicsTransformerLM.layers.7.attn,PushPop,30,30,12,12,13568,1130.7,1152.0,928,1376,120.8,"void at::native::vectorized_elementwise_kernel<(int)4, at::native::FillFunctor<float>, std::array<char *, (unsigned long)1>>(int, T2, T3)"
PyTorch:BasicsTransformerLM.layers.7.attn.k_proj,PushPop,30,30,12,12,2297864,191488.7,191489.0,191233,191872,178.8,cutlass3x_sm100_simt_sgemm_f32_f32_f32_f32_f32_64x128x16_1x1x1_3_tnn_align1_bias_f32_relu
PyTorch:BasicsTransformerLM.layers.7.attn.output_proj,PushPop,30,30,12,12,2327177,193931.4,193760.5,193537,195649,569.5,cutlass3x_sm100_simt_sgemm_f32_f32_f32_f32_f32_64x128x16_1x1x1_3_tnn_align1_bias_f32_relu
PyTorch:BasicsTransformerLM.layers.7.attn.q_proj,PushPop,30,30,12,12,2306665,192222.1,192128.5,191969,193249,351.8,cutlass3x_sm100_simt_sgemm_f32_f32_f32_f32_f32_64x128x16_1x1x1_3_tnn_align1_bias_f32_relu
PyTorch:BasicsTransformerLM.layers.7.attn.v_proj,PushPop,30,30,12,12,2295880,191323.3,191312.5,190944,191713,238.2,cutlass3x_sm100_simt_sgemm_f32_f32_f32_f32_f32_64x128x16_1x1x1_3_tnn_align1_bias_f32_relu
PyTorch:BasicsTransformerLM.layers.7.ffn,PushPop,30,30,12,24,17433670,726402.9,726067.0,722595,732035,3555.7,cutlass3x_sm100_simt_sgemm_f32_f32_f32_f32_f32_128x128x16_1x1x1_3_tnn_align1_bias_f32_relu
PyTorch:BasicsTransformerLM.layers.7.ffn,PushPop,30,30,12,12,8761155,730096.3,730259.0,728899,730659,525.6,cutlass3x_sm100_simt_sgemm_f32_f32_f32_f32_f32_128x64x16_1x1x1_3_tnn_align1_bias_f32_relu
PyTorch:BasicsTransformerLM.layers.7.ffn,PushPop,30,30,12,24,1105411,46058.8,46016.0,45568,46848,336.5,"void at::native::vectorized_elementwise_kernel<(int)4, at::native::BinaryFunctor<float, float, float, at::native::binary_internal::MulFunctor<float>>, std::array<char *, (unsigned long)3>>(int, T2, T3)"
PyTorch:BasicsTransformerLM.layers.7.ffn,PushPop,30,30,12,12,378627,31552.3,31504.0,31136,32160,341.7,"void at::native::vectorized_elementwise_kernel<(int)4, at::native::sigmoid_kernel_cuda(at::TensorIteratorBase &)::[lambda() (instance 2)]::operator ()() const::[lambda() (instance 2)]::operator ()() const::[lambda(float) (instance 1)], std::array<char *, (unsigned long)2>>(int, T2, T3)"
PyTorch:BasicsTransformerLM.layers.7.ffn.w1,PushPop,30,30,12,12,8757859,729821.6,729539.0,728643,732035,920.0,cutlass3x_sm100_simt_sgemm_f32_f32_f32_f32_f32_128x128x16_1x1x1_3_tnn_align1_bias_f32_relu
PyTorch:BasicsTransformerLM.layers.7.ffn.w2,PushPop,30,30,12,12,8761155,730096.3,730259.0,728899,730659,525.6,cutlass3x_sm100_simt_sgemm_f32_f32_f32_f32_f32_128x64x16_1x1x1_3_tnn_align1_bias_f32_relu
PyTorch:BasicsTransformerLM.layers.7.ffn.w3,PushPop,30,30,12,12,8675811,722984.3,722995.0,722595,723491,298.5,cutlass3x_sm100_simt_sgemm_f32_f32_f32_f32_f32_128x128x16_1x1x1_3_tnn_align1_bias_f32_relu
PyTorch:BasicsTransformerLM.layers.7.ln1,PushPop,30,30,12,24,354146,14756.1,14720.0,14592,15328,155.9,"void at::native::elementwise_kernel<(int)128, (int)2, void at::native::gpu_kernel_impl_nocast<at::native::BinaryFunctor<float, float, float, at::native::binary_internal::MulFunctor<float>>>(at::TensorIteratorBase &, const T1 &)::[lambda(int) (instance 1)]>(int, T3)"
PyTorch:BasicsTransformerLM.layers.7.ln1,PushPop,30,30,12,12,69792,5816.0,5760.0,5664,6336,179.0,"void at::native::vectorized_elementwise_kernel<(int)4, void at::native::<unnamed>::pow_tensor_scalar_kernel_impl<float, float>(at::TensorIteratorBase &, T2)::[lambda(float) (instance 1)], std::array<char *, (unsigned long)2>>(int, T2, T3)"
PyTorch:BasicsTransformerLM.layers.7.ln1,PushPop,30,30,12,12,66912,5576.0,5568.0,5504,5696,54.8,"void at::native::reduce_kernel<(int)512, (int)1, at::native::ReduceOp<float, at::native::MeanOps<float, float, float, float>, unsigned int, float, (int)4, (int)4>>(T3)"
PyTorch:BasicsTransformerLM.layers.7.ln1,PushPop,30,30,12,12,19072,1589.3,1568.0,1568,1696,37.0,"void at::native::vectorized_elementwise_kernel<(int)4, at::native::CUDAFunctorOnSelf_add<float>, std::array<char *, (unsigned long)2>>(int, T2, T3)"
PyTorch:BasicsTransformerLM.layers.7.ln1,PushPop,30,30,12,12,17984,1498.7,1472.0,1440,1632,62.3,"void at::native::vectorized_elementwise_kernel<(int)4, at::native::rsqrt_kernel_cuda(at::TensorIteratorBase &)::[lambda() (instance 2)]::operator ()() const::[lambda() (instance 2)]::operator ()() const::[lambda(float) (instance 1)], std::array<char *, (unsigned long)2>>(int, T2, T3)"
PyTorch:BasicsTransformerLM.layers.7.ln2,PushPop,30,30,12,24,353602,14733.4,14720.0,14432,15712,250.0,"void at::native::elementwise_kernel<(int)128, (int)2, void at::native::gpu_kernel_impl_nocast<at::native::BinaryFunctor<float, float, float, at::native::binary_internal::MulFunctor<float>>>(at::TensorIteratorBase &, const T1 &)::[lambda(int) (instance 1)]>(int, T3)"
PyTorch:BasicsTransformerLM.layers.7.ln2,PushPop,30,30,12,12,69602,5800.2,5776.0,5665,6017,116.7,"void at::native::vectorized_elementwise_kernel<(int)4, void at::native::<unnamed>::pow_tensor_scalar_kernel_impl<float, float>(at::TensorIteratorBase &, T2)::[lambda(float) (instance 1)], std::array<char *, (unsigned long)2>>(int, T2, T3)"
PyTorch:BasicsTransformerLM.layers.7.ln2,PushPop,30,30,12,12,66816,5568.0,5584.0,5504,5600,36.1,"void at::native::reduce_kernel<(int)512, (int)1, at::native::ReduceOp<float, at::native::MeanOps<float, float, float, float>, unsigned int, float, (int)4, (int)4>>(T3)"
PyTorch:BasicsTransformerLM.layers.7.ln2,PushPop,30,30,12,12,19040,1586.7,1584.0,1568,1632,21.4,"void at::native::vectorized_elementwise_kernel<(int)4, at::native::CUDAFunctorOnSelf_add<float>, std::array<char *, (unsigned long)2>>(int, T2, T3)"
PyTorch:BasicsTransformerLM.layers.7.ln2,PushPop,30,30,12,12,17824,1485.3,1456.0,1408,1632,70.2,"void at::native::vectorized_elementwise_kernel<(int)4, at::native::rsqrt_kernel_cuda(at::TensorIteratorBase &)::[lambda() (instance 2)]::operator ()() const::[lambda() (instance 2)]::operator ()() const::[lambda(float) (instance 1)], std::array<char *, (unsigned long)2>>(int, T2, T3)"
PyTorch:BasicsTransformerLM.layers.8,PushPop,30,30,12,36,26281932,730053.7,729731.0,721635,738819,6100.9,cutlass3x_sm100_simt_sgemm_f32_f32_f32_f32_f32_128x128x16_1x1x1_3_tnn_align1_bias_f32_relu
PyTorch:BasicsTransformerLM.layers.8,PushPop,30,30,12,48,9222310,192131.5,191633.0,190976,195585,1133.8,cutlass3x_sm100_simt_sgemm_f32_f32_f32_f32_f32_64x128x16_1x1x1_3_tnn_align1_bias_f32_relu
PyTorch:BasicsTransformerLM.layers.8,PushPop,30,30,12,12,8765348,730445.7,730467.0,729603,731107,530.8,cutlass3x_sm100_simt_sgemm_f32_f32_f32_f32_f32_128x64x16_1x1x1_3_tnn_align1_bias_f32_relu
PyTorch:BasicsTransformerLM.layers.8,PushPop,30,30,12,12,7351166,612597.2,612003.0,611011,620546,2548.4,"void at::native::elementwise_kernel<(int)128, (int)2, void at::native::gpu_kernel_impl_nocast<at::native::BinaryFunctor<float, float, float, at::native::binary_internal::DivFunctor<float>>>(at::TensorIteratorBase &, const T1 &)::[lambda(int) (instance 1)]>(int, T3)"
PyTorch:BasicsTransformerLM.layers.8,PushPop,30,30,12,12,6415290,534607.5,534082.0,533635,540738,1949.0,"void at::native::elementwise_kernel<(int)128, (int)2, void at::native::gpu_kernel_impl_nocast<at::native::<unnamed>::where_kernel_impl(at::TensorIterator &)::[lambda() (instance 1)]::operator ()() const::[lambda() (instance 11)]::operator ()() const::[lambda(bool, float, float) (instance 1)]>(at::TensorIteratorBase &, const T1 &)::[lambda(int) (instance 1)]>(int, T3)"
PyTorch:BasicsTransformerLM.layers.8,PushPop,30,30,12,12,6344185,528682.1,528786.0,527298,530402,897.1,"void at::native::elementwise_kernel<(int)128, (int)2, void at::native::gpu_kernel_impl_nocast<at::native::CUDAFunctor_add<float>>(at::TensorIteratorBase &, const T1 &)::[lambda(int) (instance 1)]>(int, T3)"
PyTorch:BasicsTransformerLM.layers.8,PushPop,30,30,12,12,6264218,522018.2,521714.5,520482,525058,1245.6,cutlass3x_sm100_simt_sgemm_f32_f32_f32_f32_f32_64x32x16_1x1x1_3_nnn_align1_bias_f32_relu
PyTorch:BasicsTransformerLM.layers.8,PushPop,30,30,12,12,2810442,234203.5,234385.0,233281,234913,592.5,"void at::native::vectorized_elementwise_kernel<(int)4, at::native::BUnaryFunctor<float, float, float, at::native::binary_internal::MulFunctor<float>>, std::array<char *, (unsigned long)2>>(int, T2, T3)"
PyTorch:BasicsTransformerLM.layers.8,PushPop,30,30,12,12,2770668,230889.0,230673.0,230145,232097,599.2,"void at::native::vectorized_elementwise_kernel<(int)4, at::native::exp_kernel_cuda(at::TensorIteratorBase &)::[lambda() (instance 2)]::operator ()() const::[lambda() (instance 2)]::operator ()() const::[lambda(float) (instance 1)], std::array<char *, (unsigned long)2>>(int, T2, T3)"
PyTorch:BasicsTransformerLM.layers.8,PushPop,30,30,12,12,2331530,194294.2,194177.0,193632,195489,462.0,"void at::native::reduce_kernel<(int)512, (int)1, at::native::ReduceOp<float, at::native::MaxOps<float>, unsigned int, float, (int)4, (int)4>>(T3)"
PyTorch:BasicsTransformerLM.layers.8,PushPop,30,30,12,12,1725765,143813.8,143760.5,143169,144417,369.9,"void at::native::reduce_kernel<(int)512, (int)1, at::native::ReduceOp<float, at::native::func_wrapper_t<float, at::native::sum_functor<float, float, float>::operator ()(at::TensorIterator &)::[lambda(float, float) (instance 1)]>, unsigned int, float, (int)4, (int)4>>(T3)"
PyTorch:BasicsTransformerLM.layers.8,PushPop,30,30,12,144,1706984,11854.1,11072.0,9537,15488,2254.4,"void at::native::elementwise_kernel<(int)128, (int)2, void at::native::gpu_kernel_impl_nocast<at::native::BinaryFunctor<float, float, float, at::native::binary_internal::MulFunctor<float>>>(at::TensorIteratorBase &, const T1 &)::[lambda(int) (instance 1)]>(int, T3)"
PyTorch:BasicsTransformerLM.layers.8,PushPop,30,30,12,24,1105315,46054.8,46112.0,44928,46849,484.3,"void at::native::vectorized_elementwise_kernel<(int)4, at::native::BinaryFunctor<float, float, float, at::native::binary_internal::MulFunctor<float>>, std::array<char *, (unsigned long)3>>(int, T2, T3)"
PyTorch:BasicsTransformerLM.layers.8,PushPop,30,30,12,24,782817,32617.4,32656.5,32352,32864,125.4,"void at::native::<unnamed>::CatArrayBatchedCopy<at::native::<unnamed>::OpaqueType<(unsigned int)4>, unsigned int, (int)4, (int)64, (int)64>(T1 *, at::native::<unnamed>::CatArrInputTensorMetadata<T1, T2, T4, T5>, at::native::<unnamed>::TensorSizeStride<T2, (unsigned int)4>, int, T2)"
PyTorch:BasicsTransformerLM.layers.8,PushPop,30,30,12,24,468160,19506.7,19504.0,18400,20992,1042.7,"void at::native::elementwise_kernel<(int)128, (int)2, void at::native::gpu_kernel_impl_nocast<at::native::direct_copy_kernel_cuda(at::TensorIteratorBase &)::[lambda() (instance 3)]::operator ()() const::[lambda() (instance 7)]::operator ()() const::[lambda(float) (instance 1)]>(at::TensorIteratorBase &, const T1 &)::[lambda(int) (instance 1)]>(int, T3)"
PyTorch:BasicsTransformerLM.layers.8,PushPop,30,30,12,72,436418,6061.4,4544.0,4192,9824,2288.4,"void at::native::vectorized_elementwise_kernel<(int)4, at::native::CUDAFunctor_add<float>, std::array<char *, (unsigned long)3>>(int, T2, T3)"
PyTorch:BasicsTransformerLM.layers.8,PushPop,30,30,12,12,376996,31416.3,31360.5,31136,31872,230.5,"void at::native::vectorized_elementwise_kernel<(int)4, at::native::sigmoid_kernel_cuda(at::TensorIteratorBase &)::[lambda() (instance 2)]::operator ()() const::[lambda() (instance 2)]::operator ()() const::[lambda(float) (instance 1)], std::array<char *, (unsigned long)2>>(int, T2, T3)"
PyTorch:BasicsTransformerLM.layers.8,PushPop,30,30,12,24,139648,5818.7,5792.0,5632,6112,116.6,"void at::native::vectorized_elementwise_kernel<(int)4, void at::native::<unnamed>::pow_tensor_scalar_kernel_impl<float, float>(at::TensorIteratorBase &, T2)::[lambda(float) (instance 1)], std::array<char *, (unsigned long)2>>(int, T2, T3)"
PyTorch:BasicsTransformerLM.layers.8,PushPop,30,30,12,24,133984,5582.7,5568.0,5504,5728,67.4,"void at::native::reduce_kernel<(int)512, (int)1, at::native::ReduceOp<float, at::native::MeanOps<float, float, float, float>, unsigned int, float, (int)4, (int)4>>(T3)"
PyTorch:BasicsTransformerLM.layers.8,PushPop,30,30,12,12,103969,8664.1,8656.0,8608,8769,41.4,"void at::native::elementwise_kernel<(int)128, (int)4, void at::native::gpu_kernel_impl_nocast<at::native::<unnamed>::CompareFunctor<long>>(at::TensorIteratorBase &, const T1 &)::[lambda(int) (instance 1)]>(int, T3)"
PyTorch:BasicsTransformerLM.layers.8,PushPop,30,30,12,24,38145,1589.4,1584.5,1568,1664,26.1,"void at::native::vectorized_elementwise_kernel<(int)4, at::native::CUDAFunctorOnSelf_add<float>, std::array<char *, (unsigned long)2>>(int, T2, T3)"
PyTorch:BasicsTransformerLM.layers.8,PushPop,30,30,12,24,35648,1485.3,1472.0,1408,1632,49.9,"void at::native::vectorized_elementwise_kernel<(int)4, at::native::rsqrt_kernel_cuda(at::TensorIteratorBase &)::[lambda() (instance 2)]::operator ()() const::[lambda() (instance 2)]::operator ()() const::[lambda(float) (instance 1)], std::array<char *, (unsigned long)2>>(int, T2, T3)"
PyTorch:BasicsTransformerLM.layers.8,PushPop,30,30,12,12,14656,1221.3,1152.0,1120,1376,103.8,"void <unnamed>::elementwise_kernel_with_index<int, at::native::arange_cuda_out(const c10::Scalar &, const c10::Scalar &, const c10::Scalar &, at::Tensor &)::[lambda() (instance 1)]::operator ()() const::[lambda() (instance 4)]::operator ()() const::[lambda(long) (instance 1)]>(T1, T2, function_traits<T2>::result_type *)"
PyTorch:BasicsTransformerLM.layers.8,PushPop,30,30,12,12,14017,1168.1,1120.0,928,2272,364.7,"void at::native::vectorized_elementwise_kernel<(int)4, at::native::FillFunctor<float>, std::array<char *, (unsigned long)1>>(int, T2, T3)"
PyTorch:BasicsTransformerLM.layers.8.attn,PushPop,30,30,12,48,9222310,192131.5,191633.0,190976,195585,1133.8,cutlass3x_sm100_simt_sgemm_f32_f32_f32_f32_f32_64x128x16_1x1x1_3_tnn_align1_bias_f32_relu
PyTorch:BasicsTransformerLM.layers.8.attn,PushPop,30,30,12,12,8849861,737488.4,737251.0,736611,738819,597.3,cutlass3x_sm100_simt_sgemm_f32_f32_f32_f32_f32_128x128x16_1x1x1_3_tnn_align1_bias_f32_relu
PyTorch:BasicsTransformerLM.layers.8.attn,PushPop,30,30,12,12,7351166,612597.2,612003.0,611011,620546,2548.4,"void at::native::elementwise_kernel<(int)128, (int)2, void at::native::gpu_kernel_impl_nocast<at::native::BinaryFunctor<float, float, float, at::native::binary_internal::DivFunctor<float>>>(at::TensorIteratorBase &, const T1 &)::[lambda(int) (instance 1)]>(int, T3)"
PyTorch:BasicsTransformerLM.layers.8.attn,PushPop,30,30,12,12,6415290,534607.5,534082.0,533635,540738,1949.0,"void at::native::elementwise_kernel<(int)128, (int)2, void at::native::gpu_kernel_impl_nocast<at::native::<unnamed>::where_kernel_impl(at::TensorIterator &)::[lambda() (instance 1)]::operator ()() const::[lambda() (instance 11)]::operator ()() const::[lambda(bool, float, float) (instance 1)]>(at::TensorIteratorBase &, const T1 &)::[lambda(int) (instance 1)]>(int, T3)"
PyTorch:BasicsTransformerLM.layers.8.attn,PushPop,30,30,12,12,6344185,528682.1,528786.0,527298,530402,897.1,"void at::native::elementwise_kernel<(int)128, (int)2, void at::native::gpu_kernel_impl_nocast<at::native::CUDAFunctor_add<float>>(at::TensorIteratorBase &, const T1 &)::[lambda(int) (instance 1)]>(int, T3)"
PyTorch:BasicsTransformerLM.layers.8.attn,PushPop,30,30,12,12,6264218,522018.2,521714.5,520482,525058,1245.6,cutlass3x_sm100_simt_sgemm_f32_f32_f32_f32_f32_64x32x16_1x1x1_3_nnn_align1_bias_f32_relu
PyTorch:BasicsTransformerLM.layers.8.attn,PushPop,30,30,12,12,2810442,234203.5,234385.0,233281,234913,592.5,"void at::native::vectorized_elementwise_kernel<(int)4, at::native::BUnaryFunctor<float, float, float, at::native::binary_internal::MulFunctor<float>>, std::array<char *, (unsigned long)2>>(int, T2, T3)"
PyTorch:BasicsTransformerLM.layers.8.attn,PushPop,30,30,12,12,2770668,230889.0,230673.0,230145,232097,599.2,"void at::native::vectorized_elementwise_kernel<(int)4, at::native::exp_kernel_cuda(at::TensorIteratorBase &)::[lambda() (instance 2)]::operator ()() const::[lambda() (instance 2)]::operator ()() const::[lambda(float) (instance 1)], std::array<char *, (unsigned long)2>>(int, T2, T3)"
PyTorch:BasicsTransformerLM.layers.8.attn,PushPop,30,30,12,12,2331530,194294.2,194177.0,193632,195489,462.0,"void at::native::reduce_kernel<(int)512, (int)1, at::native::ReduceOp<float, at::native::MaxOps<float>, unsigned int, float, (int)4, (int)4>>(T3)"
PyTorch:BasicsTransformerLM.layers.8.attn,PushPop,30,30,12,12,1725765,143813.8,143760.5,143169,144417,369.9,"void at::native::reduce_kernel<(int)512, (int)1, at::native::ReduceOp<float, at::native::func_wrapper_t<float, at::native::sum_functor<float, float, float>::operator ()(at::TensorIterator &)::[lambda(float, float) (instance 1)]>, unsigned int, float, (int)4, (int)4>>(T3)"
PyTorch:BasicsTransformerLM.layers.8.attn,PushPop,30,30,12,96,998918,10405.4,9824.0,9537,12832,1128.4,"void at::native::elementwise_kernel<(int)128, (int)2, void at::native::gpu_kernel_impl_nocast<at::native::BinaryFunctor<float, float, float, at::native::binary_internal::MulFunctor<float>>>(at::TensorIteratorBase &, const T1 &)::[lambda(int) (instance 1)]>(int, T3)"
PyTorch:BasicsTransformerLM.layers.8.attn,PushPop,30,30,12,24,782817,32617.4,32656.5,32352,32864,125.4,"void at::native::<unnamed>::CatArrayBatchedCopy<at::native::<unnamed>::OpaqueType<(unsigned int)4>, unsigned int, (int)4, (int)64, (int)64>(T1 *, at::native::<unnamed>::CatArrInputTensorMetadata<T1, T2, T4, T5>, at::native::<unnamed>::TensorSizeStride<T2, (unsigned int)4>, int, T2)"
PyTorch:BasicsTransformerLM.layers.8.attn,PushPop,30,30,12,24,468160,19506.7,19504.0,18400,20992,1042.7,"void at::native::elementwise_kernel<(int)128, (int)2, void at::native::gpu_kernel_impl_nocast<at::native::direct_copy_kernel_cuda(at::TensorIteratorBase &)::[lambda() (instance 3)]::operator ()() const::[lambda() (instance 7)]::operator ()() const::[lambda(float) (instance 1)]>(at::TensorIteratorBase &, const T1 &)::[lambda(int) (instance 1)]>(int, T3)"
PyTorch:BasicsTransformerLM.layers.8.attn,PushPop,30,30,12,48,214338,4465.4,4448.0,4192,4832,133.0,"void at::native::vectorized_elementwise_kernel<(int)4, at::native::CUDAFunctor_add<float>, std::array<char *, (unsigned long)3>>(int, T2, T3)"
PyTorch:BasicsTransformerLM.layers.8.attn,PushPop,30,30,12,12,103969,8664.1,8656.0,8608,8769,41.4,"void at::native::elementwise_kernel<(int)128, (int)4, void at::native::gpu_kernel_impl_nocast<at::native::<unnamed>::CompareFunctor<long>>(at::TensorIteratorBase &, const T1 &)::[lambda(int) (instance 1)]>(int, T3)"
PyTorch:BasicsTransformerLM.layers.8.attn,PushPop,30,30,12,12,14656,1221.3,1152.0,1120,1376,103.8,"void <unnamed>::elementwise_kernel_with_index<int, at::native::arange_cuda_out(const c10::Scalar &, const c10::Scalar &, const c10::Scalar &, at::Tensor &)::[lambda() (instance 1)]::operator ()() const::[lambda() (instance 4)]::operator ()() const::[lambda(long) (instance 1)]>(T1, T2, function_traits<T2>::result_type *)"
PyTorch:BasicsTransformerLM.layers.8.attn,PushPop,30,30,12,12,14017,1168.1,1120.0,928,2272,364.7,"void at::native::vectorized_elementwise_kernel<(int)4, at::native::FillFunctor<float>, std::array<char *, (unsigned long)1>>(int, T2, T3)"
PyTorch:BasicsTransformerLM.layers.8.attn.k_proj,PushPop,30,30,12,12,2295562,191296.8,191280.5,191105,191553,129.5,cutlass3x_sm100_simt_sgemm_f32_f32_f32_f32_f32_64x128x16_1x1x1_3_tnn_align1_bias_f32_relu
PyTorch:BasicsTransformerLM.layers.8.attn.output_proj,PushPop,30,30,12,12,2326666,193888.8,193808.5,193249,195585,576.5,cutlass3x_sm100_simt_sgemm_f32_f32_f32_f32_f32_64x128x16_1x1x1_3_tnn_align1_bias_f32_relu
PyTorch:BasicsTransformerLM.layers.8.attn.q_proj,PushPop,30,30,12,12,2305512,192126.0,192145.0,191649,192608,259.6,cutlass3x_sm100_simt_sgemm_f32_f32_f32_f32_f32_64x128x16_1x1x1_3_tnn_align1_bias_f32_relu
PyTorch:BasicsTransformerLM.layers.8.attn.v_proj,PushPop,30,30,12,12,2294570,191214.2,191216.5,190976,191617,170.8,cutlass3x_sm100_simt_sgemm_f32_f32_f32_f32_f32_64x128x16_1x1x1_3_tnn_align1_bias_f32_relu
PyTorch:BasicsTransformerLM.layers.8.ffn,PushPop,30,30,12,24,17432071,726336.3,726275.0,721635,732323,3634.6,cutlass3x_sm100_simt_sgemm_f32_f32_f32_f32_f32_128x128x16_1x1x1_3_tnn_align1_bias_f32_relu
PyTorch:BasicsTransformerLM.layers.8.ffn,PushPop,30,30,12,12,8765348,730445.7,730467.0,729603,731107,530.8,cutlass3x_sm100_simt_sgemm_f32_f32_f32_f32_f32_128x64x16_1x1x1_3_tnn_align1_bias_f32_relu
PyTorch:BasicsTransformerLM.layers.8.ffn,PushPop,30,30,12,24,1105315,46054.8,46112.0,44928,46849,484.3,"void at::native::vectorized_elementwise_kernel<(int)4, at::native::BinaryFunctor<float, float, float, at::native::binary_internal::MulFunctor<float>>, std::array<char *, (unsigned long)3>>(int, T2, T3)"
PyTorch:BasicsTransformerLM.layers.8.ffn,PushPop,30,30,12,12,376996,31416.3,31360.5,31136,31872,230.5,"void at::native::vectorized_elementwise_kernel<(int)4, at::native::sigmoid_kernel_cuda(at::TensorIteratorBase &)::[lambda() (instance 2)]::operator ()() const::[lambda() (instance 2)]::operator ()() const::[lambda(float) (instance 1)], std::array<char *, (unsigned long)2>>(int, T2, T3)"
PyTorch:BasicsTransformerLM.layers.8.ffn.w1,PushPop,30,30,12,12,8757796,729816.3,729731.0,728931,732323,955.2,cutlass3x_sm100_simt_sgemm_f32_f32_f32_f32_f32_128x128x16_1x1x1_3_tnn_align1_bias_f32_relu
PyTorch:BasicsTransformerLM.layers.8.ffn.w2,PushPop,30,30,12,12,8765348,730445.7,730467.0,729603,731107,530.8,cutlass3x_sm100_simt_sgemm_f32_f32_f32_f32_f32_128x64x16_1x1x1_3_tnn_align1_bias_f32_relu
PyTorch:BasicsTransformerLM.layers.8.ffn.w3,PushPop,30,30,12,12,8674275,722856.3,722883.0,721635,723619,534.3,cutlass3x_sm100_simt_sgemm_f32_f32_f32_f32_f32_128x128x16_1x1x1_3_tnn_align1_bias_f32_relu
PyTorch:BasicsTransformerLM.layers.8.ln1,PushPop,30,30,12,24,353986,14749.4,14688.0,14592,15328,157.3,"void at::native::elementwise_kernel<(int)128, (int)2, void at::native::gpu_kernel_impl_nocast<at::native::BinaryFunctor<float, float, float, at::native::binary_internal::MulFunctor<float>>>(at::TensorIteratorBase &, const T1 &)::[lambda(int) (instance 1)]>(int, T3)"
PyTorch:BasicsTransformerLM.layers.8.ln1,PushPop,30,30,12,12,69952,5829.3,5792.0,5664,6112,123.4,"void at::native::vectorized_elementwise_kernel<(int)4, void at::native::<unnamed>::pow_tensor_scalar_kernel_impl<float, float>(at::TensorIteratorBase &, T2)::[lambda(float) (instance 1)], std::array<char *, (unsigned long)2>>(int, T2, T3)"
PyTorch:BasicsTransformerLM.layers.8.ln1,PushPop,30,30,12,12,66784,5565.3,5536.0,5504,5728,63.2,"void at::native::reduce_kernel<(int)512, (int)1, at::native::ReduceOp<float, at::native::MeanOps<float, float, float, float>, unsigned int, float, (int)4, (int)4>>(T3)"
PyTorch:BasicsTransformerLM.layers.8.ln1,PushPop,30,30,12,12,19008,1584.0,1568.0,1568,1632,21.6,"void at::native::vectorized_elementwise_kernel<(int)4, at::native::CUDAFunctorOnSelf_add<float>, std::array<char *, (unsigned long)2>>(int, T2, T3)"
PyTorch:BasicsTransformerLM.layers.8.ln1,PushPop,30,30,12,12,17984,1498.7,1472.0,1408,1632,63.8,"void at::native::vectorized_elementwise_kernel<(int)4, at::native::rsqrt_kernel_cuda(at::TensorIteratorBase &)::[lambda() (instance 2)]::operator ()() const::[lambda() (instance 2)]::operator ()() const::[lambda(float) (instance 1)], std::array<char *, (unsigned long)2>>(int, T2, T3)"
PyTorch:BasicsTransformerLM.layers.8.ln2,PushPop,30,30,12,24,354080,14753.3,14704.0,14528,15488,192.6,"void at::native::elementwise_kernel<(int)128, (int)2, void at::native::gpu_kernel_impl_nocast<at::native::BinaryFunctor<float, float, float, at::native::binary_internal::MulFunctor<float>>>(at::TensorIteratorBase &, const T1 &)::[lambda(int) (instance 1)]>(int, T3)"
PyTorch:BasicsTransformerLM.layers.8.ln2,PushPop,30,30,12,12,69696,5808.0,5792.0,5632,6048,113.8,"void at::native::vectorized_elementwise_kernel<(int)4, void at::native::<unnamed>::pow_tensor_scalar_kernel_impl<float, float>(at::TensorIteratorBase &, T2)::[lambda(float) (instance 1)], std::array<char *, (unsigned long)2>>(int, T2, T3)"
PyTorch:BasicsTransformerLM.layers.8.ln2,PushPop,30,30,12,12,67200,5600.0,5616.0,5504,5696,69.6,"void at::native::reduce_kernel<(int)512, (int)1, at::native::ReduceOp<float, at::native::MeanOps<float, float, float, float>, unsigned int, float, (int)4, (int)4>>(T3)"
PyTorch:BasicsTransformerLM.layers.8.ln2,PushPop,30,30,12,12,19137,1594.8,1600.0,1568,1664,29.9,"void at::native::vectorized_elementwise_kernel<(int)4, at::native::CUDAFunctorOnSelf_add<float>, std::array<char *, (unsigned long)2>>(int, T2, T3)"
PyTorch:BasicsTransformerLM.layers.8.ln2,PushPop,30,30,12,12,17664,1472.0,1472.0,1440,1504,27.3,"void at::native::vectorized_elementwise_kernel<(int)4, at::native::rsqrt_kernel_cuda(at::TensorIteratorBase &)::[lambda() (instance 2)]::operator ()() const::[lambda() (instance 2)]::operator ()() const::[lambda(float) (instance 1)], std::array<char *, (unsigned long)2>>(int, T2, T3)"
PyTorch:BasicsTransformerLM.layers.9,PushPop,30,30,12,36,26277002,729916.7,729763.0,721891,738179,6120.2,cutlass3x_sm100_simt_sgemm_f32_f32_f32_f32_f32_128x128x16_1x1x1_3_tnn_align1_bias_f32_relu
PyTorch:BasicsTransformerLM.layers.9,PushPop,30,30,12,48,9225418,192196.2,191729.0,190913,194081,1042.5,cutlass3x_sm100_simt_sgemm_f32_f32_f32_f32_f32_64x128x16_1x1x1_3_tnn_align1_bias_f32_relu
PyTorch:BasicsTransformerLM.layers.9,PushPop,30,30,12,12,8761380,730115.0,730403.0,727843,731491,958.9,cutlass3x_sm100_simt_sgemm_f32_f32_f32_f32_f32_128x64x16_1x1x1_3_tnn_align1_bias_f32_relu
PyTorch:BasicsTransformerLM.layers.9,PushPop,30,30,12,12,7352287,612690.6,611858.5,611683,620930,2604.3,"void at::native::elementwise_kernel<(int)128, (int)2, void at::native::gpu_kernel_impl_nocast<at::native::BinaryFunctor<float, float, float, at::native::binary_internal::DivFunctor<float>>>(at::TensorIteratorBase &, const T1 &)::[lambda(int) (instance 1)]>(int, T3)"
PyTorch:BasicsTransformerLM.layers.9,PushPop,30,30,12,12,6409276,534106.3,534114.0,533730,534723,275.3,"void at::native::elementwise_kernel<(int)128, (int)2, void at::native::gpu_kernel_impl_nocast<at::native::<unnamed>::where_kernel_impl(at::TensorIterator &)::[lambda() (instance 1)]::operator ()() const::[lambda() (instance 11)]::operator ()() const::[lambda(bool, float, float) (instance 1)]>(at::TensorIteratorBase &, const T1 &)::[lambda(int) (instance 1)]>(int, T3)"
PyTorch:BasicsTransformerLM.layers.9,PushPop,30,30,12,12,6347644,528970.3,528930.0,527906,529763,590.1,"void at::native::elementwise_kernel<(int)128, (int)2, void at::native::gpu_kernel_impl_nocast<at::native::CUDAFunctor_add<float>>(at::TensorIteratorBase &, const T1 &)::[lambda(int) (instance 1)]>(int, T3)"
PyTorch:BasicsTransformerLM.layers.9,PushPop,30,30,12,12,6262682,521890.2,521554.5,520418,524418,1139.3,cutlass3x_sm100_simt_sgemm_f32_f32_f32_f32_f32_64x32x16_1x1x1_3_nnn_align1_bias_f32_relu
PyTorch:BasicsTransformerLM.layers.9,PushPop,30,30,12,12,2810347,234195.6,233969.0,233153,235585,801.7,"void at::native::vectorized_elementwise_kernel<(int)4, at::native::BUnaryFunctor<float, float, float, at::native::binary_internal::MulFunctor<float>>, std::array<char *, (unsigned long)2>>(int, T2, T3)"
PyTorch:BasicsTransformerLM.layers.9,PushPop,30,30,12,12,2771596,230966.3,230977.0,229569,231809,703.0,"void at::native::vectorized_elementwise_kernel<(int)4, at::native::exp_kernel_cuda(at::TensorIteratorBase &)::[lambda() (instance 2)]::operator ()() const::[lambda() (instance 2)]::operator ()() const::[lambda(float) (instance 1)], std::array<char *, (unsigned long)2>>(int, T2, T3)"
PyTorch:BasicsTransformerLM.layers.9,PushPop,30,30,12,12,2333768,194480.7,194433.0,193664,195585,557.5,"void at::native::reduce_kernel<(int)512, (int)1, at::native::ReduceOp<float, at::native::MaxOps<float>, unsigned int, float, (int)4, (int)4>>(T3)"
PyTorch:BasicsTransformerLM.layers.9,PushPop,30,30,12,12,1726275,143856.3,143920.5,143200,144288,354.6,"void at::native::reduce_kernel<(int)512, (int)1, at::native::ReduceOp<float, at::native::func_wrapper_t<float, at::native::sum_functor<float, float, float>::operator ()(at::TensorIterator &)::[lambda(float, float) (instance 1)]>, unsigned int, float, (int)4, (int)4>>(T3)"
PyTorch:BasicsTransformerLM.layers.9,PushPop,30,30,12,144,1704871,11839.4,11040.0,9504,15232,2248.0,"void at::native::elementwise_kernel<(int)128, (int)2, void at::native::gpu_kernel_impl_nocast<at::native::BinaryFunctor<float, float, float, at::native::binary_internal::MulFunctor<float>>>(at::TensorIteratorBase &, const T1 &)::[lambda(int) (instance 1)]>(int, T3)"
PyTorch:BasicsTransformerLM.layers.9,PushPop,30,30,12,24,1107814,46158.9,46208.0,45408,46912,354.4,"void at::native::vectorized_elementwise_kernel<(int)4, at::native::BinaryFunctor<float, float, float, at::native::binary_internal::MulFunctor<float>>, std::array<char *, (unsigned long)3>>(int, T2, T3)"
PyTorch:BasicsTransformerLM.layers.9,PushPop,30,30,12,24,783553,32648.0,32608.0,32352,32896,143.2,"void at::native::<unnamed>::CatArrayBatchedCopy<at::native::<unnamed>::OpaqueType<(unsigned int)4>, unsigned int, (int)4, (int)64, (int)64>(T1 *, at::native::<unnamed>::CatArrInputTensorMetadata<T1, T2, T4, T5>, at::native::<unnamed>::TensorSizeStride<T2, (unsigned int)4>, int, T2)"
PyTorch:BasicsTransformerLM.layers.9,PushPop,30,30,12,24,467233,19468.0,19488.0,18304,20864,1027.8,"void at::native::elementwise_kernel<(int)128, (int)2, void at::native::gpu_kernel_impl_nocast<at::native::direct_copy_kernel_cuda(at::TensorIteratorBase &)::[lambda() (instance 3)]::operator ()() const::[lambda() (instance 7)]::operator ()() const::[lambda(float) (instance 1)]>(at::TensorIteratorBase &, const T1 &)::[lambda(int) (instance 1)]>(int, T3)"
PyTorch:BasicsTransformerLM.layers.9,PushPop,30,30,12,72,436480,6062.2,4512.0,4224,9984,2318.5,"void at::native::vectorized_elementwise_kernel<(int)4, at::native::CUDAFunctor_add<float>, std::array<char *, (unsigned long)3>>(int, T2, T3)"
PyTorch:BasicsTransformerLM.layers.9,PushPop,30,30,12,12,378531,31544.3,31504.5,30528,32288,530.7,"void at::native::vectorized_elementwise_kernel<(int)4, at::native::sigmoid_kernel_cuda(at::TensorIteratorBase &)::[lambda() (instance 2)]::operator ()() const::[lambda() (instance 2)]::operator ()() const::[lambda(float) (instance 1)], std::array<char *, (unsigned long)2>>(int, T2, T3)"
PyTorch:BasicsTransformerLM.layers.9,PushPop,30,30,12,24,139552,5814.7,5824.0,5632,5984,91.2,"void at::native::vectorized_elementwise_kernel<(int)4, void at::native::<unnamed>::pow_tensor_scalar_kernel_impl<float, float>(at::TensorIteratorBase &, T2)::[lambda(float) (instance 1)], std::array<char *, (unsigned long)2>>(int, T2, T3)"
PyTorch:BasicsTransformerLM.layers.9,PushPop,30,30,12,24,133825,5576.0,5568.0,5504,5728,59.8,"void at::native::reduce_kernel<(int)512, (int)1, at::native::ReduceOp<float, at::native::MeanOps<float, float, float, float>, unsigned int, float, (int)4, (int)4>>(T3)"
PyTorch:BasicsTransformerLM.layers.9,PushPop,30,30,12,12,103648,8637.3,8640.0,8608,8704,28.8,"void at::native::elementwise_kernel<(int)128, (int)4, void at::native::gpu_kernel_impl_nocast<at::native::<unnamed>::CompareFunctor<long>>(at::TensorIteratorBase &, const T1 &)::[lambda(int) (instance 1)]>(int, T3)"
PyTorch:BasicsTransformerLM.layers.9,PushPop,30,30,12,24,38944,1622.7,1600.0,1568,1824,76.9,"void at::native::vectorized_elementwise_kernel<(int)4, at::native::CUDAFunctorOnSelf_add<float>, std::array<char *, (unsigned long)2>>(int, T2, T3)"
PyTorch:BasicsTransformerLM.layers.9,PushPop,30,30,12,24,36672,1528.0,1504.0,1440,1696,82.9,"void at::native::vectorized_elementwise_kernel<(int)4, at::native::rsqrt_kernel_cuda(at::TensorIteratorBase &)::[lambda() (instance 2)]::operator ()() const::[lambda() (instance 2)]::operator ()() const::[lambda(float) (instance 1)], std::array<char *, (unsigned long)2>>(int, T2, T3)"
PyTorch:BasicsTransformerLM.layers.9,PushPop,30,30,12,12,13920,1160.0,1152.0,1120,1312,49.4,"void <unnamed>::elementwise_kernel_with_index<int, at::native::arange_cuda_out(const c10::Scalar &, const c10::Scalar &, const c10::Scalar &, at::Tensor &)::[lambda() (instance 1)]::operator ()() const::[lambda() (instance 4)]::operator ()() const::[lambda(long) (instance 1)]>(T1, T2, function_traits<T2>::result_type *)"
PyTorch:BasicsTransformerLM.layers.9,PushPop,30,30,12,12,13216,1101.3,1120.0,928,1312,109.5,"void at::native::vectorized_elementwise_kernel<(int)4, at::native::FillFunctor<float>, std::array<char *, (unsigned long)1>>(int, T2, T3)"
PyTorch:BasicsTransformerLM.layers.9.attn,PushPop,30,30,12,48,9225418,192196.2,191729.0,190913,194081,1042.5,cutlass3x_sm100_simt_sgemm_f32_f32_f32_f32_f32_64x128x16_1x1x1_3_tnn_align1_bias_f32_relu
PyTorch:BasicsTransformerLM.layers.9.attn,PushPop,30,30,12,12,8848996,737416.3,737411.0,736387,738179,574.0,cutlass3x_sm100_simt_sgemm_f32_f32_f32_f32_f32_128x128x16_1x1x1_3_tnn_align1_bias_f32_relu
PyTorch:BasicsTransformerLM.layers.9.attn,PushPop,30,30,12,12,7352287,612690.6,611858.5,611683,620930,2604.3,"void at::native::elementwise_kernel<(int)128, (int)2, void at::native::gpu_kernel_impl_nocast<at::native::BinaryFunctor<float, float, float, at::native::binary_internal::DivFunctor<float>>>(at::TensorIteratorBase &, const T1 &)::[lambda(int) (instance 1)]>(int, T3)"
PyTorch:BasicsTransformerLM.layers.9.attn,PushPop,30,30,12,12,6409276,534106.3,534114.0,533730,534723,275.3,"void at::native::elementwise_kernel<(int)128, (int)2, void at::native::gpu_kernel_impl_nocast<at::native::<unnamed>::where_kernel_impl(at::TensorIterator &)::[lambda() (instance 1)]::operator ()() const::[lambda() (instance 11)]::operator ()() const::[lambda(bool, float, float) (instance 1)]>(at::TensorIteratorBase &, const T1 &)::[lambda(int) (instance 1)]>(int, T3)"
PyTorch:BasicsTransformerLM.layers.9.attn,PushPop,30,30,12,12,6347644,528970.3,528930.0,527906,529763,590.1,"void at::native::elementwise_kernel<(int)128, (int)2, void at::native::gpu_kernel_impl_nocast<at::native::CUDAFunctor_add<float>>(at::TensorIteratorBase &, const T1 &)::[lambda(int) (instance 1)]>(int, T3)"
PyTorch:BasicsTransformerLM.layers.9.attn,PushPop,30,30,12,12,6262682,521890.2,521554.5,520418,524418,1139.3,cutlass3x_sm100_simt_sgemm_f32_f32_f32_f32_f32_64x32x16_1x1x1_3_nnn_align1_bias_f32_relu
PyTorch:BasicsTransformerLM.layers.9.attn,PushPop,30,30,12,12,2810347,234195.6,233969.0,233153,235585,801.7,"void at::native::vectorized_elementwise_kernel<(int)4, at::native::BUnaryFunctor<float, float, float, at::native::binary_internal::MulFunctor<float>>, std::array<char *, (unsigned long)2>>(int, T2, T3)"
PyTorch:BasicsTransformerLM.layers.9.attn,PushPop,30,30,12,12,2771596,230966.3,230977.0,229569,231809,703.0,"void at::native::vectorized_elementwise_kernel<(int)4, at::native::exp_kernel_cuda(at::TensorIteratorBase &)::[lambda() (instance 2)]::operator ()() const::[lambda() (instance 2)]::operator ()() const::[lambda(float) (instance 1)], std::array<char *, (unsigned long)2>>(int, T2, T3)"
PyTorch:BasicsTransformerLM.layers.9.attn,PushPop,30,30,12,12,2333768,194480.7,194433.0,193664,195585,557.5,"void at::native::reduce_kernel<(int)512, (int)1, at::native::ReduceOp<float, at::native::MaxOps<float>, unsigned int, float, (int)4, (int)4>>(T3)"
PyTorch:BasicsTransformerLM.layers.9.attn,PushPop,30,30,12,12,1726275,143856.3,143920.5,143200,144288,354.6,"void at::native::reduce_kernel<(int)512, (int)1, at::native::ReduceOp<float, at::native::func_wrapper_t<float, at::native::sum_functor<float, float, float>::operator ()(at::TensorIterator &)::[lambda(float, float) (instance 1)]>, unsigned int, float, (int)4, (int)4>>(T3)"
PyTorch:BasicsTransformerLM.layers.9.attn,PushPop,30,30,12,96,997798,10393.7,9792.0,9504,13120,1123.3,"void at::native::elementwise_kernel<(int)128, (int)2, void at::native::gpu_kernel_impl_nocast<at::native::BinaryFunctor<float, float, float, at::native::binary_internal::MulFunctor<float>>>(at::TensorIteratorBase &, const T1 &)::[lambda(int) (instance 1)]>(int, T3)"
PyTorch:BasicsTransformerLM.layers.9.attn,PushPop,30,30,12,24,783553,32648.0,32608.0,32352,32896,143.2,"void at::native::<unnamed>::CatArrayBatchedCopy<at::native::<unnamed>::OpaqueType<(unsigned int)4>, unsigned int, (int)4, (int)64, (int)64>(T1 *, at::native::<unnamed>::CatArrInputTensorMetadata<T1, T2, T4, T5>, at::native::<unnamed>::TensorSizeStride<T2, (unsigned int)4>, int, T2)"
PyTorch:BasicsTransformerLM.layers.9.attn,PushPop,30,30,12,24,467233,19468.0,19488.0,18304,20864,1027.8,"void at::native::elementwise_kernel<(int)128, (int)2, void at::native::gpu_kernel_impl_nocast<at::native::direct_copy_kernel_cuda(at::TensorIteratorBase &)::[lambda() (instance 3)]::operator ()() const::[lambda() (instance 7)]::operator ()() const::[lambda(float) (instance 1)]>(at::TensorIteratorBase &, const T1 &)::[lambda(int) (instance 1)]>(int, T3)"
PyTorch:BasicsTransformerLM.layers.9.attn,PushPop,30,30,12,48,213376,4445.3,4416.0,4224,4800,105.2,"void at::native::vectorized_elementwise_kernel<(int)4, at::native::CUDAFunctor_add<float>, std::array<char *, (unsigned long)3>>(int, T2, T3)"
PyTorch:BasicsTransformerLM.layers.9.attn,PushPop,30,30,12,12,103648,8637.3,8640.0,8608,8704,28.8,"void at::native::elementwise_kernel<(int)128, (int)4, void at::native::gpu_kernel_impl_nocast<at::native::<unnamed>::CompareFunctor<long>>(at::TensorIteratorBase &, const T1 &)::[lambda(int) (instance 1)]>(int, T3)"
PyTorch:BasicsTransformerLM.layers.9.attn,PushPop,30,30,12,12,13920,1160.0,1152.0,1120,1312,49.4,"void <unnamed>::elementwise_kernel_with_index<int, at::native::arange_cuda_out(const c10::Scalar &, const c10::Scalar &, const c10::Scalar &, at::Tensor &)::[lambda() (instance 1)]::operator ()() const::[lambda() (instance 4)]::operator ()() const::[lambda(long) (instance 1)]>(T1, T2, function_traits<T2>::result_type *)"
PyTorch:BasicsTransformerLM.layers.9.attn,PushPop,30,30,12,12,13216,1101.3,1120.0,928,1312,109.5,"void at::native::vectorized_elementwise_kernel<(int)4, at::native::FillFunctor<float>, std::array<char *, (unsigned long)1>>(int, T2, T3)"
PyTorch:BasicsTransformerLM.layers.9.attn.k_proj,PushPop,30,30,12,12,2297932,191494.3,191377.0,191137,192513,357.1,cutlass3x_sm100_simt_sgemm_f32_f32_f32_f32_f32_64x128x16_1x1x1_3_tnn_align1_bias_f32_relu
PyTorch:BasicsTransformerLM.layers.9.attn.output_proj,PushPop,30,30,12,12,2325067,193755.6,193825.0,193025,194081,294.5,cutlass3x_sm100_simt_sgemm_f32_f32_f32_f32_f32_64x128x16_1x1x1_3_tnn_align1_bias_f32_relu
PyTorch:BasicsTransformerLM.layers.9.attn.q_proj,PushPop,30,30,12,12,2307115,192259.6,192209.0,191521,193505,483.8,cutlass3x_sm100_simt_sgemm_f32_f32_f32_f32_f32_64x128x16_1x1x1_3_tnn_align1_bias_f32_relu
PyTorch:BasicsTransformerLM.layers.9.attn.v_proj,PushPop,30,30,12,12,2295304,191275.3,191361.0,190913,191585,275.7,cutlass3x_sm100_simt_sgemm_f32_f32_f32_f32_f32_64x128x16_1x1x1_3_tnn_align1_bias_f32_relu
PyTorch:BasicsTransformerLM.layers.9.ffn,PushPop,30,30,12,24,17428006,726166.9,725474.5,721891,731363,3581.2,cutlass3x_sm100_simt_sgemm_f32_f32_f32_f32_f32_128x128x16_1x1x1_3_tnn_align1_bias_f32_relu
PyTorch:BasicsTransformerLM.layers.9.ffn,PushPop,30,30,12,12,8761380,730115.0,730403.0,727843,731491,958.9,cutlass3x_sm100_simt_sgemm_f32_f32_f32_f32_f32_128x64x16_1x1x1_3_tnn_align1_bias_f32_relu
PyTorch:BasicsTransformerLM.layers.9.ffn,PushPop,30,30,12,24,1107814,46158.9,46208.0,45408,46912,354.4,"void at::native::vectorized_elementwise_kernel<(int)4, at::native::BinaryFunctor<float, float, float, at::native::binary_internal::MulFunctor<float>>, std::array<char *, (unsigned long)3>>(int, T2, T3)"
PyTorch:BasicsTransformerLM.layers.9.ffn,PushPop,30,30,12,12,378531,31544.3,31504.5,30528,32288,530.7,"void at::native::vectorized_elementwise_kernel<(int)4, at::native::sigmoid_kernel_cuda(at::TensorIteratorBase &)::[lambda() (instance 2)]::operator ()() const::[lambda() (instance 2)]::operator ()() const::[lambda(float) (instance 1)], std::array<char *, (unsigned long)2>>(int, T2, T3)"
PyTorch:BasicsTransformerLM.layers.9.ffn.w1,PushPop,30,30,12,12,8755363,729613.6,729763.0,727746,731363,850.3,cutlass3x_sm100_simt_sgemm_f32_f32_f32_f32_f32_128x128x16_1x1x1_3_tnn_align1_bias_f32_relu
PyTorch:BasicsTransformerLM.layers.9.ffn.w2,PushPop,30,30,12,12,8761380,730115.0,730403.0,727843,731491,958.9,cutlass3x_sm100_simt_sgemm_f32_f32_f32_f32_f32_128x64x16_1x1x1_3_tnn_align1_bias_f32_relu
PyTorch:BasicsTransformerLM.layers.9.ffn.w3,PushPop,30,30,12,12,8672643,722720.3,722898.5,721891,723203,416.6,cutlass3x_sm100_simt_sgemm_f32_f32_f32_f32_f32_128x128x16_1x1x1_3_tnn_align1_bias_f32_relu
PyTorch:BasicsTransformerLM.layers.9.ln1,PushPop,30,30,12,24,352673,14694.7,14720.0,14496,15040,133.8,"void at::native::elementwise_kernel<(int)128, (int)2, void at::native::gpu_kernel_impl_nocast<at::native::BinaryFunctor<float, float, float, at::native::binary_internal::MulFunctor<float>>>(at::TensorIteratorBase &, const T1 &)::[lambda(int) (instance 1)]>(int, T3)"
PyTorch:BasicsTransformerLM.layers.9.ln1,PushPop,30,30,12,12,69984,5832.0,5824.0,5760,5952,54.8,"void at::native::vectorized_elementwise_kernel<(int)4, void at::native::<unnamed>::pow_tensor_scalar_kernel_impl<float, float>(at::TensorIteratorBase &, T2)::[lambda(float) (instance 1)], std::array<char *, (unsigned long)2>>(int, T2, T3)"
PyTorch:BasicsTransformerLM.layers.9.ln1,PushPop,30,30,12,12,66752,5562.7,5552.0,5504,5664,48.9,"void at::native::reduce_kernel<(int)512, (int)1, at::native::ReduceOp<float, at::native::MeanOps<float, float, float, float>, unsigned int, float, (int)4, (int)4>>(T3)"
PyTorch:BasicsTransformerLM.layers.9.ln1,PushPop,30,30,12,12,19424,1618.7,1600.0,1568,1792,75.3,"void at::native::vectorized_elementwise_kernel<(int)4, at::native::CUDAFunctorOnSelf_add<float>, std::array<char *, (unsigned long)2>>(int, T2, T3)"
PyTorch:BasicsTransformerLM.layers.9.ln1,PushPop,30,30,12,12,18208,1517.3,1504.0,1440,1664,71.5,"void at::native::vectorized_elementwise_kernel<(int)4, at::native::rsqrt_kernel_cuda(at::TensorIteratorBase &)::[lambda() (instance 2)]::operator ()() const::[lambda() (instance 2)]::operator ()() const::[lambda(float) (instance 1)], std::array<char *, (unsigned long)2>>(int, T2, T3)"
PyTorch:BasicsTransformerLM.layers.9.ln2,PushPop,30,30,12,24,354400,14766.7,14752.0,14592,15232,131.1,"void at::native::elementwise_kernel<(int)128, (int)2, void at::native::gpu_kernel_impl_nocast<at::native::BinaryFunctor<float, float, float, at::native::binary_internal::MulFunctor<float>>>(at::TensorIteratorBase &, const T1 &)::[lambda(int) (instance 1)]>(int, T3)"
PyTorch:BasicsTransformerLM.layers.9.ln2,PushPop,30,30,12,12,69568,5797.3,5760.0,5632,5984,117.2,"void at::native::vectorized_elementwise_kernel<(int)4, void at::native::<unnamed>::pow_tensor_scalar_kernel_impl<float, float>(at::TensorIteratorBase &, T2)::[lambda(float) (instance 1)], std::array<char *, (unsigned long)2>>(int, T2, T3)"
PyTorch:BasicsTransformerLM.layers.9.ln2,PushPop,30,30,12,12,67073,5589.4,5568.0,5504,5728,68.6,"void at::native::reduce_kernel<(int)512, (int)1, at::native::ReduceOp<float, at::native::MeanOps<float, float, float, float>, unsigned int, float, (int)4, (int)4>>(T3)"
PyTorch:BasicsTransformerLM.layers.9.ln2,PushPop,30,30,12,12,19520,1626.7,1600.0,1568,1824,81.7,"void at::native::vectorized_elementwise_kernel<(int)4, at::native::CUDAFunctorOnSelf_add<float>, std::array<char *, (unsigned long)2>>(int, T2, T3)"
PyTorch:BasicsTransformerLM.layers.9.ln2,PushPop,30,30,12,12,18464,1538.7,1504.0,1440,1696,95.0,"void at::native::vectorized_elementwise_kernel<(int)4, at::native::rsqrt_kernel_cuda(at::TensorIteratorBase &)::[lambda() (instance 2)]::operator ()() const::[lambda() (instance 2)]::operator ()() const::[lambda(float) (instance 1)], std::array<char *, (unsigned long)2>>(int, T2, T3)"
PyTorch:BasicsTransformerLM.lm_head,PushPop,30,30,12,12,25938346,2161528.8,2166488.5,2111593,2169097,15975.3,cutlass3x_sm100_simt_sgemm_f32_f32_f32_f32_f32_128x128x16_1x1x1_3_tnn_align1_bias_f32_relu
PyTorch:BasicsTransformerLM.ln_final,PushPop,30,30,12,24,353249,14718.7,14720.0,14432,14976,143.9,"void at::native::elementwise_kernel<(int)128, (int)2, void at::native::gpu_kernel_impl_nocast<at::native::BinaryFunctor<float, float, float, at::native::binary_internal::MulFunctor<float>>>(at::TensorIteratorBase &, const T1 &)::[lambda(int) (instance 1)]>(int, T3)"
PyTorch:BasicsTransformerLM.ln_final,PushPop,30,30,12,12,69952,5829.3,5792.0,5728,6080,105.5,"void at::native::vectorized_elementwise_kernel<(int)4, void at::native::<unnamed>::pow_tensor_scalar_kernel_impl<float, float>(at::TensorIteratorBase &, T2)::[lambda(float) (instance 1)], std::array<char *, (unsigned long)2>>(int, T2, T3)"
PyTorch:BasicsTransformerLM.ln_final,PushPop,30,30,12,12,66720,5560.0,5552.0,5472,5632,51.3,"void at::native::reduce_kernel<(int)512, (int)1, at::native::ReduceOp<float, at::native::MeanOps<float, float, float, float>, unsigned int, float, (int)4, (int)4>>(T3)"
PyTorch:BasicsTransformerLM.ln_final,PushPop,30,30,12,12,19456,1621.3,1600.0,1568,1760,73.9,"void at::native::vectorized_elementwise_kernel<(int)4, at::native::CUDAFunctorOnSelf_add<float>, std::array<char *, (unsigned long)2>>(int, T2, T3)"
PyTorch:BasicsTransformerLM.ln_final,PushPop,30,30,12,12,17920,1493.3,1472.0,1440,1632,61.5,"void at::native::vectorized_elementwise_kernel<(int)4, at::native::rsqrt_kernel_cuda(at::TensorIteratorBase &)::[lambda() (instance 2)]::operator ()() const::[lambda() (instance 2)]::operator ()() const::[lambda(float) (instance 1)], std::array<char *, (unsigned long)2>>(int, T2, T3)"
PyTorch:BasicsTransformerLM.token_embeddings,PushPop,30,30,12,12,128480,10706.7,10880.0,8864,11200,598.3,"void at::native::vectorized_gather_kernel<(int)16, long>(char *, char *, T2 *, int, long, long, long, long, bool)"
PyTorch:torch.autograd.backward,PushPop,30,30,12,12,13536,1128.0,1136.0,928,1376,113.4,"void at::native::vectorized_elementwise_kernel<(int)4, at::native::FillFunctor<float>, std::array<char *, (unsigned long)1>>(int, T2, T3)"
