NVTX Range,Style,PID,TID,NVTX Inst,Kern Inst,Total Time (ns),Avg (ns),Med (ns),Min (ns),Max (ns),StdDev (ns),Kernel Name
,,30,51,0,504,76136922,151065.3,89216.5,21472,340418,121448.0,cutlass3x_sm100_simt_sgemm_f32_f32_f32_f32_f32_64x32x16_1x1x1_3_nnn_align1_bias_f32_relu
,,30,51,0,504,71742570,142346.4,69825.0,68512,242465,84694.0,cutlass3x_sm100_simt_sgemm_f32_f32_f32_f32_f32_64x64x16_1x1x1_3_ntn_align1_bias_f32_relu
,,30,51,0,72,18196892,252734.6,252705.0,252002,253506,277.6,cutlass3x_sm100_simt_sgemm_f32_f32_f32_f32_f32_64x64x16_1x1x1_3_nnn_align1_bias_f32_relu
,,30,51,0,938,11576598,12341.8,8928.0,4288,55232,10856.4,"void at::native::elementwise_kernel<(int)128, (int)2, void at::native::gpu_kernel_impl_nocast<at::native::direct_copy_kernel_cuda(at::TensorIteratorBase &)::[lambda() (instance 3)]::operator ()() const::[lambda() (instance 7)]::operator ()() const::[lambda(float) (instance 1)]>(at::TensorIteratorBase &, const T1 &)::[lambda(int) (instance 1)]>(int, T3)"
,,30,51,0,1016,4919954,4842.5,3168.0,768,10784,3034.3,"void at::native::vectorized_elementwise_kernel<(int)4, at::native::BinaryFunctor<float, float, float, at::native::binary_internal::MulFunctor<float>>, std::array<char *, (unsigned long)3>>(int, T2, T3)"
,,30,51,0,870,3774393,4338.4,4736.0,2880,27200,1385.5,"void at::native::elementwise_kernel<(int)128, (int)2, void at::native::gpu_kernel_impl_nocast<at::native::BinaryFunctor<float, float, float, at::native::binary_internal::MulFunctor<float>>>(at::TensorIteratorBase &, const T1 &)::[lambda(int) (instance 1)]>(int, T3)"
,,30,51,0,216,3552087,16444.8,15584.0,14848,19169,1677.3,"void at::native::elementwise_kernel<(int)128, (int)2, void at::native::gpu_kernel_impl_nocast<at::native::BinaryFunctor<float, float, float, at::native::binary_internal::DivFunctor<float>>>(at::TensorIteratorBase &, const T1 &)::[lambda(int) (instance 1)]>(int, T3)"
,,30,51,0,144,3038738,21102.3,21136.0,20544,21824,356.0,cutlass3x_sm100_simt_sgemm_f32_f32_f32_f32_f32_64x32x16_1x1x1_3_ntn_align1_bias_f32_relu
,,30,51,0,942,2882765,3060.3,2400.0,1856,13376,1435.3,"void at::native::vectorized_elementwise_kernel<(int)4, at::native::CUDAFunctor_add<float>, std::array<char *, (unsigned long)3>>(int, T2, T3)"
,,30,51,0,72,2025484,28131.7,28128.0,27744,28481,170.7,cutlass3x_sm100_simt_sgemm_f32_f32_f32_f32_f32_128x64x16_1x1x1_3_tnn_align1_bias_f32_relu
,,30,51,0,294,1912107,6503.8,6672.5,5792,8000,628.3,"void at::native::reduce_kernel<(int)512, (int)1, at::native::ReduceOp<float, at::native::func_wrapper_t<float, at::native::sum_functor<float, float, float>::operator ()(at::TensorIterator &)::[lambda(float, float) (instance 1)]>, unsigned int, float, (int)4, (int)4>>(T3)"
,,30,51,0,146,1444967,9897.0,9888.0,9504,10496,184.3,"void at::native::reduce_kernel<(int)128, (int)4, at::native::ReduceOp<float, at::native::func_wrapper_t<float, at::native::sum_functor<float, float, float>::operator ()(at::TensorIterator &)::[lambda(float, float) (instance 1)]>, unsigned int, float, (int)4, (int)4>>(T3)"
,,30,51,0,2,1203622,601811.0,601811.0,600483,603139,1878.1,void cutlass::Kernel2<cutlass_80_simt_sgemm_128x64_8x5_nn_align1>(T1::Params)
,,30,51,0,2,966342,483171.0,483171.0,482915,483427,362.0,cutlass3x_sm100_simt_sgemm_f32_f32_f32_f32_f32_64x128x16_1x1x1_3_ntn_align1_bias_f32_relu
,,30,51,0,72,944356,13116.1,13088.0,12992,13344,81.8,"void at::native::elementwise_kernel<(int)128, (int)2, void at::native::gpu_kernel_impl_nocast<at::native::<unnamed>::where_kernel_impl(at::TensorIterator &)::[lambda() (instance 1)]::operator ()() const::[lambda() (instance 11)]::operator ()() const::[lambda(bool, float, float) (instance 1)]>(at::TensorIteratorBase &, const T1 &)::[lambda(int) (instance 1)]>(int, T3)"
,,30,51,0,72,917157,12738.3,12704.5,12608,12960,81.6,"void at::native::elementwise_kernel<(int)128, (int)2, void at::native::gpu_kernel_impl_nocast<at::native::CUDAFunctor_add<float>>(at::TensorIteratorBase &, const T1 &)::[lambda(int) (instance 1)]>(int, T3)"
,,30,51,0,150,866851,5779.0,6048.0,4833,8704,830.8,"void at::native::vectorized_elementwise_kernel<(int)4, at::native::neg_kernel_cuda(at::TensorIteratorBase &)::[lambda() (instance 2)]::operator ()() const::[lambda() (instance 7)]::operator ()() const::[lambda(float) (instance 1)], std::array<char *, (unsigned long)2>>(int, T2, T3)"
,,30,51,0,72,681218,9461.4,9440.0,9280,9856,114.1,"void at::native::<unnamed>::CatArrayBatchedCopy<at::native::<unnamed>::OpaqueType<(unsigned int)4>, unsigned int, (int)4, (int)64, (int)64>(T1 *, at::native::<unnamed>::CatArrInputTensorMetadata<T1, T2, T4, T5>, at::native::<unnamed>::TensorSizeStride<T2, (unsigned int)4>, int, T2)"
,,30,51,0,74,661639,8941.1,8928.0,7872,9632,256.3,"void at::native::_scatter_gather_elementwise_kernel<(int)128, (int)8, void at::native::_cuda_scatter_gather_internal_kernel<(bool)1, at::native::OpaqueType<(int)4>, long>::operator ()<at::native::TensorAssign>(at::TensorIterator &, long, long, long, const T1 &)::[lambda(int) (instance 1)]>(int, T3)"
,,30,51,0,148,633795,4282.4,4320.0,1504,4544,322.3,"void at::native::elementwise_kernel<(int)128, (int)2, void at::native::gpu_kernel_impl_nocast<at::native::BUnaryFunctor<float, float, float, at::native::binary_internal::MulFunctor<float>>>(at::TensorIteratorBase &, const T1 &)::[lambda(int) (instance 1)]>(int, T3)"
,,30,51,0,292,507489,1738.0,1856.0,928,2208,412.2,"void at::native::vectorized_elementwise_kernel<(int)4, at::native::AUnaryFunctor<float, float, float, at::native::binary_internal::MulFunctor<float>>, std::array<char *, (unsigned long)2>>(int, T2, T3)"
,,30,51,0,72,474146,6585.4,6560.0,6240,7009,166.2,"void at::native::vectorized_elementwise_kernel<(int)4, at::native::sigmoid_backward_kernel_cuda(at::TensorIteratorBase &)::[lambda() (instance 2)]::operator ()() const::[lambda() (instance 2)]::operator ()() const::[lambda(float, float) (instance 1)], std::array<char *, (unsigned long)3>>(int, T2, T3)"
,,30,51,0,144,439235,3050.2,3072.0,2816,3392,162.8,"void at::native::elementwise_kernel<(int)128, (int)2, void at::native::gpu_kernel_impl_nocast<at::native::neg_kernel_cuda(at::TensorIteratorBase &)::[lambda() (instance 2)]::operator ()() const::[lambda() (instance 7)]::operator ()() const::[lambda(float) (instance 1)]>(at::TensorIteratorBase &, const T1 &)::[lambda(int) (instance 1)]>(int, T3)"
,,30,51,0,150,397504,2650.0,4128.0,544,8160,1941.3,"void at::native::vectorized_elementwise_kernel<(int)4, at::native::FillFunctor<float>, std::array<char *, (unsigned long)1>>(int, T2, T3)"
,,30,51,0,72,363329,5046.2,5024.0,4896,5312,86.2,"void at::native::vectorized_elementwise_kernel<(int)4, at::native::BUnaryFunctor<float, float, float, at::native::binary_internal::MulFunctor<float>>, std::array<char *, (unsigned long)2>>(int, T2, T3)"
,,30,51,0,72,213632,2967.1,2944.0,2912,3264,63.1,"void at::native::<unnamed>::CatArrayBatchedCopy_vectorized<at::native::<unnamed>::OpaqueType<(unsigned int)4>, unsigned int, (int)1, (int)128, (int)1, (int)16, (int)4>(char *, at::native::<unnamed>::CatArrInputTensorMetadata<T1, T2, T4, T5>, at::native::<unnamed>::TensorSizeStride<T2, (unsigned int)4>, int, T2)"
,,30,51,0,146,185664,1271.7,1248.0,1056,1600,101.5,"void at::native::vectorized_elementwise_kernel<(int)4, void at::native::<unnamed>::pow_tensor_scalar_kernel_impl<float, float>(at::TensorIteratorBase &, T2)::[lambda(float) (instance 2)], std::array<char *, (unsigned long)2>>(int, T2, T3)"
,,30,51,0,2,9856,4928.0,4928.0,4736,5120,271.5,"void <unnamed>::indexing_backward_kernel<float, (int)4>(const long *, const long *, const T1 *, T1 *, long, long, long, long, bool)"
,,30,51,0,2,9825,4912.5,4912.5,4832,4993,113.8,"void at::native::_scatter_gather_elementwise_kernel<(int)128, (int)8, void at::native::_cuda_scatter_gather_internal_kernel<(bool)1, float, long>::operator ()<at::native::ReduceAdd>(at::TensorIterator &, long, long, long, const T1 &)::[lambda(int) (instance 1)]>(int, T3)"
,,30,51,0,2,5216,2608.0,2608.0,2560,2656,67.9,"void at::native::vectorized_elementwise_kernel<(int)2, at::native::BUnaryFunctor<long, long, long, at::native::remainder_kernel_cuda(at::TensorIteratorBase &)::[lambda() (instance 1)]::operator ()() const::[lambda() (instance 4)]::operator ()() const::[lambda(long, long) (instance 1)]>, std::array<char *, (unsigned long)2>>(int, T2, T3)"
,,30,51,0,2,4320,2160.0,2160.0,2144,2176,22.6,"void at::native::vectorized_elementwise_kernel<(int)2, at::native::BUnaryFunctor<long, long, long, at::native::binary_internal::div_trunc_kernel_cuda(at::TensorIteratorBase &)::[lambda() (instance 1)]::operator ()() const::[lambda() (instance 4)]::operator ()() const::[lambda(long, long) (instance 1)]>, std::array<char *, (unsigned long)2>>(int, T2, T3)"
,,30,51,0,2,3680,1840.0,1840.0,1760,1920,113.1,"void at::native::vectorized_elementwise_kernel<(int)4, at::native::BinaryFunctor<float, float, float, at::native::binary_internal::DivFunctor<float>>, std::array<char *, (unsigned long)3>>(int, T2, T3)"
,,30,51,0,2,2880,1440.0,1440.0,1312,1568,181.0,"void at::native::vectorized_elementwise_kernel<(int)2, at::native::AUnaryFunctor<long, long, long, at::native::binary_internal::MulFunctor<long>>, std::array<char *, (unsigned long)2>>(int, T2, T3)"
,,30,51,0,2,2624,1312.0,1312.0,1280,1344,45.3,"void <unnamed>::elementwise_kernel_with_index<int, at::native::arange_cuda_out(const c10::Scalar &, const c10::Scalar &, const c10::Scalar &, at::Tensor &)::[lambda() (instance 1)]::operator ()() const::[lambda() (instance 4)]::operator ()() const::[lambda(long) (instance 1)]>(T1, T2, function_traits<T2>::result_type *)"
:BasicsTransformerLM.layers.0,PushPop,30,30,2,10,1508230,150823.0,97393.0,96576,365474,112938.4,cutlass3x_sm100_simt_sgemm_f32_f32_f32_f32_f32_64x32x16_1x1x1_3_tnn_align1_bias_f32_relu
:BasicsTransformerLM.layers.0,PushPop,30,30,2,4,1272902,318225.5,318225.5,316898,319553,1496.4,cutlass3x_sm100_simt_sgemm_f32_f32_f32_f32_f32_64x128x16_1x1x1_3_tnn_align1_bias_f32_relu
:BasicsTransformerLM.layers.0,PushPop,30,30,2,24,91104,3796.0,3520.0,3104,4736,591.0,"void at::native::elementwise_kernel<(int)128, (int)2, void at::native::gpu_kernel_impl_nocast<at::native::BinaryFunctor<float, float, float, at::native::binary_internal::MulFunctor<float>>>(at::TensorIteratorBase &, const T1 &)::[lambda(int) (instance 1)]>(int, T3)"
:BasicsTransformerLM.layers.0,PushPop,30,30,2,2,55072,27536.0,27536.0,27296,27776,339.4,cutlass3x_sm100_simt_sgemm_f32_f32_f32_f32_f32_128x64x16_1x1x1_3_tnn_align1_bias_f32_relu
:BasicsTransformerLM.layers.0,PushPop,30,30,2,2,43552,21776.0,21776.0,21728,21824,67.9,cutlass3x_sm100_simt_sgemm_f32_f32_f32_f32_f32_64x32x16_1x1x1_3_nnn_align1_bias_f32_relu
:BasicsTransformerLM.layers.0,PushPop,30,30,2,4,36738,9184.5,9168.0,8993,9409,175.3,"void at::native::<unnamed>::CatArrayBatchedCopy<at::native::<unnamed>::OpaqueType<(unsigned int)4>, unsigned int, (int)4, (int)64, (int)64>(T1 *, at::native::<unnamed>::CatArrInputTensorMetadata<T1, T2, T4, T5>, at::native::<unnamed>::TensorSizeStride<T2, (unsigned int)4>, int, T2)"
:BasicsTransformerLM.layers.0,PushPop,30,30,2,2,31008,15504.0,15504.0,15488,15520,22.6,"void at::native::elementwise_kernel<(int)128, (int)2, void at::native::gpu_kernel_impl_nocast<at::native::BinaryFunctor<float, float, float, at::native::binary_internal::DivFunctor<float>>>(at::TensorIteratorBase &, const T1 &)::[lambda(int) (instance 1)]>(int, T3)"
:BasicsTransformerLM.layers.0,PushPop,30,30,2,12,30368,2530.7,2144.0,2016,3488,633.9,"void at::native::vectorized_elementwise_kernel<(int)4, at::native::CUDAFunctor_add<float>, std::array<char *, (unsigned long)3>>(int, T2, T3)"
:BasicsTransformerLM.layers.0,PushPop,30,30,2,2,26688,13344.0,13344.0,13248,13440,135.8,"void at::native::reduce_kernel<(int)512, (int)1, at::native::ReduceOp<float, at::native::MaxOps<float>, unsigned int, float, (int)4, (int)4>>(T3)"
:BasicsTransformerLM.layers.0,PushPop,30,30,2,4,26080,6520.0,6560.0,5664,7296,881.2,"void at::native::vectorized_elementwise_kernel<(int)4, at::native::BinaryFunctor<float, float, float, at::native::binary_internal::MulFunctor<float>>, std::array<char *, (unsigned long)3>>(int, T2, T3)"
:BasicsTransformerLM.layers.0,PushPop,30,30,2,2,25760,12880.0,12880.0,12864,12896,22.6,"void at::native::elementwise_kernel<(int)128, (int)2, void at::native::gpu_kernel_impl_nocast<at::native::<unnamed>::where_kernel_impl(at::TensorIterator &)::[lambda() (instance 1)]::operator ()() const::[lambda() (instance 11)]::operator ()() const::[lambda(bool, float, float) (instance 1)]>(at::TensorIteratorBase &, const T1 &)::[lambda(int) (instance 1)]>(int, T3)"
:BasicsTransformerLM.layers.0,PushPop,30,30,2,2,25504,12752.0,12752.0,12672,12832,113.1,"void at::native::elementwise_kernel<(int)128, (int)2, void at::native::gpu_kernel_impl_nocast<at::native::CUDAFunctor_add<float>>(at::TensorIteratorBase &, const T1 &)::[lambda(int) (instance 1)]>(int, T3)"
:BasicsTransformerLM.layers.0,PushPop,30,30,2,4,23776,5944.0,5936.0,5888,6016,54.7,"void at::native::reduce_kernel<(int)512, (int)1, at::native::ReduceOp<float, at::native::MeanOps<float, float, float, float>, unsigned int, float, (int)4, (int)4>>(T3)"
:BasicsTransformerLM.layers.0,PushPop,30,30,2,4,22272,5568.0,5520.0,4736,6496,946.8,"void at::native::elementwise_kernel<(int)128, (int)2, void at::native::gpu_kernel_impl_nocast<at::native::direct_copy_kernel_cuda(at::TensorIteratorBase &)::[lambda() (instance 3)]::operator ()() const::[lambda() (instance 7)]::operator ()() const::[lambda(float) (instance 1)]>(at::TensorIteratorBase &, const T1 &)::[lambda(int) (instance 1)]>(int, T3)"
:BasicsTransformerLM.layers.0,PushPop,30,30,2,2,13984,6992.0,6992.0,6976,7008,22.6,"void at::native::reduce_kernel<(int)512, (int)1, at::native::ReduceOp<float, at::native::func_wrapper_t<float, at::native::sum_functor<float, float, float>::operator ()(at::TensorIterator &)::[lambda(float, float) (instance 1)]>, unsigned int, float, (int)4, (int)4>>(T3)"
:BasicsTransformerLM.layers.0,PushPop,30,30,2,2,11744,5872.0,5872.0,5824,5920,67.9,"void at::native::vectorized_elementwise_kernel<(int)4, at::native::sigmoid_kernel_cuda(at::TensorIteratorBase &)::[lambda() (instance 2)]::operator ()() const::[lambda() (instance 2)]::operator ()() const::[lambda(float) (instance 1)], std::array<char *, (unsigned long)2>>(int, T2, T3)"
:BasicsTransformerLM.layers.0,PushPop,30,30,2,2,10400,5200.0,5200.0,5024,5376,248.9,"void at::native::vectorized_elementwise_kernel<(int)4, at::native::exp_kernel_cuda(at::TensorIteratorBase &)::[lambda() (instance 2)]::operator ()() const::[lambda() (instance 2)]::operator ()() const::[lambda(float) (instance 1)], std::array<char *, (unsigned long)2>>(int, T2, T3)"
:BasicsTransformerLM.layers.0,PushPop,30,30,2,2,9920,4960.0,4960.0,4960,4960,0.0,"void at::native::vectorized_elementwise_kernel<(int)4, at::native::BUnaryFunctor<float, float, float, at::native::binary_internal::MulFunctor<float>>, std::array<char *, (unsigned long)2>>(int, T2, T3)"
:BasicsTransformerLM.layers.0,PushPop,30,30,2,4,9376,2344.0,2304.0,2240,2528,136.7,"void at::native::vectorized_elementwise_kernel<(int)4, void at::native::<unnamed>::pow_tensor_scalar_kernel_impl<float, float>(at::TensorIteratorBase &, T2)::[lambda(float) (instance 1)], std::array<char *, (unsigned long)2>>(int, T2, T3)"
:BasicsTransformerLM.layers.0,PushPop,30,30,2,4,5440,1360.0,1344.0,1312,1440,55.4,"void at::native::vectorized_elementwise_kernel<(int)4, at::native::CUDAFunctorOnSelf_add<float>, std::array<char *, (unsigned long)2>>(int, T2, T3)"
:BasicsTransformerLM.layers.0,PushPop,30,30,2,2,5056,2528.0,2528.0,2464,2592,90.5,"void at::native::elementwise_kernel<(int)128, (int)4, void at::native::gpu_kernel_impl_nocast<at::native::<unnamed>::CompareFunctor<long>>(at::TensorIteratorBase &, const T1 &)::[lambda(int) (instance 1)]>(int, T3)"
:BasicsTransformerLM.layers.0,PushPop,30,30,2,4,5024,1256.0,1264.0,1152,1344,102.4,"void at::native::vectorized_elementwise_kernel<(int)4, at::native::rsqrt_kernel_cuda(at::TensorIteratorBase &)::[lambda() (instance 2)]::operator ()() const::[lambda() (instance 2)]::operator ()() const::[lambda(float) (instance 1)], std::array<char *, (unsigned long)2>>(int, T2, T3)"
:BasicsTransformerLM.layers.0,PushPop,30,30,2,2,2080,1040.0,1040.0,928,1152,158.4,"void at::native::vectorized_elementwise_kernel<(int)4, at::native::FillFunctor<float>, std::array<char *, (unsigned long)1>>(int, T2, T3)"
:BasicsTransformerLM.layers.0,PushPop,30,30,2,2,1664,832.0,832.0,736,928,135.8,"void <unnamed>::elementwise_kernel_with_index<int, at::native::arange_cuda_out(const c10::Scalar &, const c10::Scalar &, const c10::Scalar &, at::Tensor &)::[lambda() (instance 1)]::operator ()() const::[lambda() (instance 4)]::operator ()() const::[lambda(long) (instance 1)]>(T1, T2, function_traits<T2>::result_type *)"
:BasicsTransformerLM.layers.0.attn,PushPop,30,30,2,8,778018,97252.3,97072.5,96576,98112,591.5,cutlass3x_sm100_simt_sgemm_f32_f32_f32_f32_f32_64x32x16_1x1x1_3_tnn_align1_bias_f32_relu
:BasicsTransformerLM.layers.0.attn,PushPop,30,30,2,2,55072,27536.0,27536.0,27296,27776,339.4,cutlass3x_sm100_simt_sgemm_f32_f32_f32_f32_f32_128x64x16_1x1x1_3_tnn_align1_bias_f32_relu
:BasicsTransformerLM.layers.0.attn,PushPop,30,30,2,16,54400,3400.0,3472.0,3104,3552,176.2,"void at::native::elementwise_kernel<(int)128, (int)2, void at::native::gpu_kernel_impl_nocast<at::native::BinaryFunctor<float, float, float, at::native::binary_internal::MulFunctor<float>>>(at::TensorIteratorBase &, const T1 &)::[lambda(int) (instance 1)]>(int, T3)"
:BasicsTransformerLM.layers.0.attn,PushPop,30,30,2,2,43552,21776.0,21776.0,21728,21824,67.9,cutlass3x_sm100_simt_sgemm_f32_f32_f32_f32_f32_64x32x16_1x1x1_3_nnn_align1_bias_f32_relu
:BasicsTransformerLM.layers.0.attn,PushPop,30,30,2,4,36738,9184.5,9168.0,8993,9409,175.3,"void at::native::<unnamed>::CatArrayBatchedCopy<at::native::<unnamed>::OpaqueType<(unsigned int)4>, unsigned int, (int)4, (int)64, (int)64>(T1 *, at::native::<unnamed>::CatArrInputTensorMetadata<T1, T2, T4, T5>, at::native::<unnamed>::TensorSizeStride<T2, (unsigned int)4>, int, T2)"
:BasicsTransformerLM.layers.0.attn,PushPop,30,30,2,2,31008,15504.0,15504.0,15488,15520,22.6,"void at::native::elementwise_kernel<(int)128, (int)2, void at::native::gpu_kernel_impl_nocast<at::native::BinaryFunctor<float, float, float, at::native::binary_internal::DivFunctor<float>>>(at::TensorIteratorBase &, const T1 &)::[lambda(int) (instance 1)]>(int, T3)"
:BasicsTransformerLM.layers.0.attn,PushPop,30,30,2,2,26688,13344.0,13344.0,13248,13440,135.8,"void at::native::reduce_kernel<(int)512, (int)1, at::native::ReduceOp<float, at::native::MaxOps<float>, unsigned int, float, (int)4, (int)4>>(T3)"
:BasicsTransformerLM.layers.0.attn,PushPop,30,30,2,2,25760,12880.0,12880.0,12864,12896,22.6,"void at::native::elementwise_kernel<(int)128, (int)2, void at::native::gpu_kernel_impl_nocast<at::native::<unnamed>::where_kernel_impl(at::TensorIterator &)::[lambda() (instance 1)]::operator ()() const::[lambda() (instance 11)]::operator ()() const::[lambda(bool, float, float) (instance 1)]>(at::TensorIteratorBase &, const T1 &)::[lambda(int) (instance 1)]>(int, T3)"
:BasicsTransformerLM.layers.0.attn,PushPop,30,30,2,2,25504,12752.0,12752.0,12672,12832,113.1,"void at::native::elementwise_kernel<(int)128, (int)2, void at::native::gpu_kernel_impl_nocast<at::native::CUDAFunctor_add<float>>(at::TensorIteratorBase &, const T1 &)::[lambda(int) (instance 1)]>(int, T3)"
:BasicsTransformerLM.layers.0.attn,PushPop,30,30,2,4,22272,5568.0,5520.0,4736,6496,946.8,"void at::native::elementwise_kernel<(int)128, (int)2, void at::native::gpu_kernel_impl_nocast<at::native::direct_copy_kernel_cuda(at::TensorIteratorBase &)::[lambda() (instance 3)]::operator ()() const::[lambda() (instance 7)]::operator ()() const::[lambda(float) (instance 1)]>(at::TensorIteratorBase &, const T1 &)::[lambda(int) (instance 1)]>(int, T3)"
:BasicsTransformerLM.layers.0.attn,PushPop,30,30,2,8,16832,2104.0,2112.0,2016,2144,47.6,"void at::native::vectorized_elementwise_kernel<(int)4, at::native::CUDAFunctor_add<float>, std::array<char *, (unsigned long)3>>(int, T2, T3)"
:BasicsTransformerLM.layers.0.attn,PushPop,30,30,2,2,13984,6992.0,6992.0,6976,7008,22.6,"void at::native::reduce_kernel<(int)512, (int)1, at::native::ReduceOp<float, at::native::func_wrapper_t<float, at::native::sum_functor<float, float, float>::operator ()(at::TensorIterator &)::[lambda(float, float) (instance 1)]>, unsigned int, float, (int)4, (int)4>>(T3)"
:BasicsTransformerLM.layers.0.attn,PushPop,30,30,2,2,10400,5200.0,5200.0,5024,5376,248.9,"void at::native::vectorized_elementwise_kernel<(int)4, at::native::exp_kernel_cuda(at::TensorIteratorBase &)::[lambda() (instance 2)]::operator ()() const::[lambda() (instance 2)]::operator ()() const::[lambda(float) (instance 1)], std::array<char *, (unsigned long)2>>(int, T2, T3)"
:BasicsTransformerLM.layers.0.attn,PushPop,30,30,2,2,9920,4960.0,4960.0,4960,4960,0.0,"void at::native::vectorized_elementwise_kernel<(int)4, at::native::BUnaryFunctor<float, float, float, at::native::binary_internal::MulFunctor<float>>, std::array<char *, (unsigned long)2>>(int, T2, T3)"
:BasicsTransformerLM.layers.0.attn,PushPop,30,30,2,2,5056,2528.0,2528.0,2464,2592,90.5,"void at::native::elementwise_kernel<(int)128, (int)4, void at::native::gpu_kernel_impl_nocast<at::native::<unnamed>::CompareFunctor<long>>(at::TensorIteratorBase &, const T1 &)::[lambda(int) (instance 1)]>(int, T3)"
:BasicsTransformerLM.layers.0.attn,PushPop,30,30,2,2,2080,1040.0,1040.0,928,1152,158.4,"void at::native::vectorized_elementwise_kernel<(int)4, at::native::FillFunctor<float>, std::array<char *, (unsigned long)1>>(int, T2, T3)"
:BasicsTransformerLM.layers.0.attn,PushPop,30,30,2,2,1664,832.0,832.0,736,928,135.8,"void <unnamed>::elementwise_kernel_with_index<int, at::native::arange_cuda_out(const c10::Scalar &, const c10::Scalar &, const c10::Scalar &, at::Tensor &)::[lambda() (instance 1)]::operator ()() const::[lambda() (instance 4)]::operator ()() const::[lambda(long) (instance 1)]>(T1, T2, function_traits<T2>::result_type *)"
:BasicsTransformerLM.layers.0.attn.k_proj,PushPop,30,30,2,2,194786,97393.0,97393.0,97249,97537,203.6,cutlass3x_sm100_simt_sgemm_f32_f32_f32_f32_f32_64x32x16_1x1x1_3_tnn_align1_bias_f32_relu
:BasicsTransformerLM.layers.0.attn.output_proj,PushPop,30,30,2,2,193600,96800.0,96800.0,96768,96832,45.3,cutlass3x_sm100_simt_sgemm_f32_f32_f32_f32_f32_64x32x16_1x1x1_3_tnn_align1_bias_f32_relu
:BasicsTransformerLM.layers.0.attn.positional_encoder,PushPop,30,30,144,576,1963917,3409.6,3456.0,3072,4032,156.6,"void at::native::elementwise_kernel<(int)128, (int)2, void at::native::gpu_kernel_impl_nocast<at::native::BinaryFunctor<float, float, float, at::native::binary_internal::MulFunctor<float>>>(at::TensorIteratorBase &, const T1 &)::[lambda(int) (instance 1)]>(int, T3)"
:BasicsTransformerLM.layers.0.attn.positional_encoder,PushPop,30,30,144,144,1306310,9071.6,9088.0,8864,9472,123.0,"void at::native::<unnamed>::CatArrayBatchedCopy<at::native::<unnamed>::OpaqueType<(unsigned int)4>, unsigned int, (int)4, (int)64, (int)64>(T1 *, at::native::<unnamed>::CatArrInputTensorMetadata<T1, T2, T4, T5>, at::native::<unnamed>::TensorSizeStride<T2, (unsigned int)4>, int, T2)"
:BasicsTransformerLM.layers.0.attn.positional_encoder,PushPop,30,30,144,288,591650,2054.3,2048.0,1888,2272,74.3,"void at::native::vectorized_elementwise_kernel<(int)4, at::native::CUDAFunctor_add<float>, std::array<char *, (unsigned long)3>>(int, T2, T3)"
:BasicsTransformerLM.layers.0.attn.q_proj,PushPop,30,30,2,2,196160,98080.0,98080.0,98048,98112,45.3,cutlass3x_sm100_simt_sgemm_f32_f32_f32_f32_f32_64x32x16_1x1x1_3_tnn_align1_bias_f32_relu
:BasicsTransformerLM.layers.0.attn.v_proj,PushPop,30,30,2,2,193472,96736.0,96736.0,96576,96896,226.3,cutlass3x_sm100_simt_sgemm_f32_f32_f32_f32_f32_64x32x16_1x1x1_3_tnn_align1_bias_f32_relu
:BasicsTransformerLM.layers.0.ffn,PushPop,30,30,2,4,1272902,318225.5,318225.5,316898,319553,1496.4,cutlass3x_sm100_simt_sgemm_f32_f32_f32_f32_f32_64x128x16_1x1x1_3_tnn_align1_bias_f32_relu
:BasicsTransformerLM.layers.0.ffn,PushPop,30,30,2,2,730212,365106.0,365106.0,364738,365474,520.4,cutlass3x_sm100_simt_sgemm_f32_f32_f32_f32_f32_64x32x16_1x1x1_3_tnn_align1_bias_f32_relu
:BasicsTransformerLM.layers.0.ffn,PushPop,30,30,2,4,26080,6520.0,6560.0,5664,7296,881.2,"void at::native::vectorized_elementwise_kernel<(int)4, at::native::BinaryFunctor<float, float, float, at::native::binary_internal::MulFunctor<float>>, std::array<char *, (unsigned long)3>>(int, T2, T3)"
:BasicsTransformerLM.layers.0.ffn,PushPop,30,30,2,2,11744,5872.0,5872.0,5824,5920,67.9,"void at::native::vectorized_elementwise_kernel<(int)4, at::native::sigmoid_kernel_cuda(at::TensorIteratorBase &)::[lambda() (instance 2)]::operator ()() const::[lambda() (instance 2)]::operator ()() const::[lambda(float) (instance 1)], std::array<char *, (unsigned long)2>>(int, T2, T3)"
:BasicsTransformerLM.layers.0.ffn.w1,PushPop,30,30,2,2,639042,319521.0,319521.0,319489,319553,45.3,cutlass3x_sm100_simt_sgemm_f32_f32_f32_f32_f32_64x128x16_1x1x1_3_tnn_align1_bias_f32_relu
:BasicsTransformerLM.layers.0.ffn.w2,PushPop,30,30,2,2,730212,365106.0,365106.0,364738,365474,520.4,cutlass3x_sm100_simt_sgemm_f32_f32_f32_f32_f32_64x32x16_1x1x1_3_tnn_align1_bias_f32_relu
:BasicsTransformerLM.layers.0.ffn.w3,PushPop,30,30,2,2,633860,316930.0,316930.0,316898,316962,45.3,cutlass3x_sm100_simt_sgemm_f32_f32_f32_f32_f32_64x128x16_1x1x1_3_tnn_align1_bias_f32_relu
:BasicsTransformerLM.layers.0.ln1,PushPop,30,30,2,4,18368,4592.0,4576.0,4480,4736,109.3,"void at::native::elementwise_kernel<(int)128, (int)2, void at::native::gpu_kernel_impl_nocast<at::native::BinaryFunctor<float, float, float, at::native::binary_internal::MulFunctor<float>>>(at::TensorIteratorBase &, const T1 &)::[lambda(int) (instance 1)]>(int, T3)"
:BasicsTransformerLM.layers.0.ln1,PushPop,30,30,2,2,11872,5936.0,5936.0,5920,5952,22.6,"void at::native::reduce_kernel<(int)512, (int)1, at::native::ReduceOp<float, at::native::MeanOps<float, float, float, float>, unsigned int, float, (int)4, (int)4>>(T3)"
:BasicsTransformerLM.layers.0.ln1,PushPop,30,30,2,2,4480,2240.0,2240.0,2240,2240,0.0,"void at::native::vectorized_elementwise_kernel<(int)4, void at::native::<unnamed>::pow_tensor_scalar_kernel_impl<float, float>(at::TensorIteratorBase &, T2)::[lambda(float) (instance 1)], std::array<char *, (unsigned long)2>>(int, T2, T3)"
:BasicsTransformerLM.layers.0.ln1,PushPop,30,30,2,2,2688,1344.0,1344.0,1344,1344,0.0,"void at::native::vectorized_elementwise_kernel<(int)4, at::native::rsqrt_kernel_cuda(at::TensorIteratorBase &)::[lambda() (instance 2)]::operator ()() const::[lambda() (instance 2)]::operator ()() const::[lambda(float) (instance 1)], std::array<char *, (unsigned long)2>>(int, T2, T3)"
:BasicsTransformerLM.layers.0.ln1,PushPop,30,30,2,2,2656,1328.0,1328.0,1312,1344,22.6,"void at::native::vectorized_elementwise_kernel<(int)4, at::native::CUDAFunctorOnSelf_add<float>, std::array<char *, (unsigned long)2>>(int, T2, T3)"
:BasicsTransformerLM.layers.0.ln2,PushPop,30,30,2,4,18336,4584.0,4576.0,4544,4640,40.3,"void at::native::elementwise_kernel<(int)128, (int)2, void at::native::gpu_kernel_impl_nocast<at::native::BinaryFunctor<float, float, float, at::native::binary_internal::MulFunctor<float>>>(at::TensorIteratorBase &, const T1 &)::[lambda(int) (instance 1)]>(int, T3)"
:BasicsTransformerLM.layers.0.ln2,PushPop,30,30,2,2,11904,5952.0,5952.0,5888,6016,90.5,"void at::native::reduce_kernel<(int)512, (int)1, at::native::ReduceOp<float, at::native::MeanOps<float, float, float, float>, unsigned int, float, (int)4, (int)4>>(T3)"
:BasicsTransformerLM.layers.0.ln2,PushPop,30,30,2,2,4896,2448.0,2448.0,2368,2528,113.1,"void at::native::vectorized_elementwise_kernel<(int)4, void at::native::<unnamed>::pow_tensor_scalar_kernel_impl<float, float>(at::TensorIteratorBase &, T2)::[lambda(float) (instance 1)], std::array<char *, (unsigned long)2>>(int, T2, T3)"
:BasicsTransformerLM.layers.0.ln2,PushPop,30,30,2,2,2784,1392.0,1392.0,1344,1440,67.9,"void at::native::vectorized_elementwise_kernel<(int)4, at::native::CUDAFunctorOnSelf_add<float>, std::array<char *, (unsigned long)2>>(int, T2, T3)"
:BasicsTransformerLM.layers.0.ln2,PushPop,30,30,2,2,2336,1168.0,1168.0,1152,1184,22.6,"void at::native::vectorized_elementwise_kernel<(int)4, at::native::rsqrt_kernel_cuda(at::TensorIteratorBase &)::[lambda() (instance 2)]::operator ()() const::[lambda() (instance 2)]::operator ()() const::[lambda(float) (instance 1)], std::array<char *, (unsigned long)2>>(int, T2, T3)"
:BasicsTransformerLM.layers.1,PushPop,30,30,2,10,1474500,147450.0,94352.0,94016,360129,112058.4,cutlass3x_sm100_simt_sgemm_f32_f32_f32_f32_f32_64x32x16_1x1x1_3_tnn_align1_bias_f32_relu
:BasicsTransformerLM.layers.1,PushPop,30,30,2,4,1250823,312705.8,312705.5,312098,313314,649.3,cutlass3x_sm100_simt_sgemm_f32_f32_f32_f32_f32_64x128x16_1x1x1_3_tnn_align1_bias_f32_relu
:BasicsTransformerLM.layers.1,PushPop,30,30,2,24,92225,3842.7,3488.0,3104,4800,634.7,"void at::native::elementwise_kernel<(int)128, (int)2, void at::native::gpu_kernel_impl_nocast<at::native::BinaryFunctor<float, float, float, at::native::binary_internal::MulFunctor<float>>>(at::TensorIteratorBase &, const T1 &)::[lambda(int) (instance 1)]>(int, T3)"
:BasicsTransformerLM.layers.1,PushPop,30,30,2,2,54112,27056.0,27056.0,26976,27136,113.1,cutlass3x_sm100_simt_sgemm_f32_f32_f32_f32_f32_128x64x16_1x1x1_3_tnn_align1_bias_f32_relu
:BasicsTransformerLM.layers.1,PushPop,30,30,2,2,42433,21216.5,21216.5,21121,21312,135.1,cutlass3x_sm100_simt_sgemm_f32_f32_f32_f32_f32_64x32x16_1x1x1_3_nnn_align1_bias_f32_relu
:BasicsTransformerLM.layers.1,PushPop,30,30,2,4,36224,9056.0,9040.0,8960,9184,113.9,"void at::native::<unnamed>::CatArrayBatchedCopy<at::native::<unnamed>::OpaqueType<(unsigned int)4>, unsigned int, (int)4, (int)64, (int)64>(T1 *, at::native::<unnamed>::CatArrInputTensorMetadata<T1, T2, T4, T5>, at::native::<unnamed>::TensorSizeStride<T2, (unsigned int)4>, int, T2)"
:BasicsTransformerLM.layers.1,PushPop,30,30,2,2,30528,15264.0,15264.0,15200,15328,90.5,"void at::native::elementwise_kernel<(int)128, (int)2, void at::native::gpu_kernel_impl_nocast<at::native::BinaryFunctor<float, float, float, at::native::binary_internal::DivFunctor<float>>>(at::TensorIteratorBase &, const T1 &)::[lambda(int) (instance 1)]>(int, T3)"
:BasicsTransformerLM.layers.1,PushPop,30,30,2,12,29728,2477.3,2080.0,1920,3520,666.0,"void at::native::vectorized_elementwise_kernel<(int)4, at::native::CUDAFunctor_add<float>, std::array<char *, (unsigned long)3>>(int, T2, T3)"
:BasicsTransformerLM.layers.1,PushPop,30,30,2,2,26240,13120.0,13120.0,13120,13120,0.0,"void at::native::reduce_kernel<(int)512, (int)1, at::native::ReduceOp<float, at::native::MaxOps<float>, unsigned int, float, (int)4, (int)4>>(T3)"
:BasicsTransformerLM.layers.1,PushPop,30,30,2,2,26112,13056.0,13056.0,12960,13152,135.8,"void at::native::elementwise_kernel<(int)128, (int)2, void at::native::gpu_kernel_impl_nocast<at::native::<unnamed>::where_kernel_impl(at::TensorIterator &)::[lambda() (instance 1)]::operator ()() const::[lambda() (instance 11)]::operator ()() const::[lambda(bool, float, float) (instance 1)]>(at::TensorIteratorBase &, const T1 &)::[lambda(int) (instance 1)]>(int, T3)"
:BasicsTransformerLM.layers.1,PushPop,30,30,2,2,25216,12608.0,12608.0,12608,12608,0.0,"void at::native::elementwise_kernel<(int)128, (int)2, void at::native::gpu_kernel_impl_nocast<at::native::CUDAFunctor_add<float>>(at::TensorIteratorBase &, const T1 &)::[lambda(int) (instance 1)]>(int, T3)"
:BasicsTransformerLM.layers.1,PushPop,30,30,2,4,25088,6272.0,6224.0,5632,7008,726.4,"void at::native::vectorized_elementwise_kernel<(int)4, at::native::BinaryFunctor<float, float, float, at::native::binary_internal::MulFunctor<float>>, std::array<char *, (unsigned long)3>>(int, T2, T3)"
:BasicsTransformerLM.layers.1,PushPop,30,30,2,4,23968,5992.0,6000.0,5920,6048,54.7,"void at::native::reduce_kernel<(int)512, (int)1, at::native::ReduceOp<float, at::native::MeanOps<float, float, float, float>, unsigned int, float, (int)4, (int)4>>(T3)"
:BasicsTransformerLM.layers.1,PushPop,30,30,2,4,22432,5608.0,5568.0,4640,6656,1119.7,"void at::native::elementwise_kernel<(int)128, (int)2, void at::native::gpu_kernel_impl_nocast<at::native::direct_copy_kernel_cuda(at::TensorIteratorBase &)::[lambda() (instance 3)]::operator ()() const::[lambda() (instance 7)]::operator ()() const::[lambda(float) (instance 1)]>(at::TensorIteratorBase &, const T1 &)::[lambda(int) (instance 1)]>(int, T3)"
:BasicsTransformerLM.layers.1,PushPop,30,30,2,2,14208,7104.0,7104.0,7040,7168,90.5,"void at::native::reduce_kernel<(int)512, (int)1, at::native::ReduceOp<float, at::native::func_wrapper_t<float, at::native::sum_functor<float, float, float>::operator ()(at::TensorIterator &)::[lambda(float, float) (instance 1)]>, unsigned int, float, (int)4, (int)4>>(T3)"
:BasicsTransformerLM.layers.1,PushPop,30,30,2,2,11552,5776.0,5776.0,5760,5792,22.6,"void at::native::vectorized_elementwise_kernel<(int)4, at::native::sigmoid_kernel_cuda(at::TensorIteratorBase &)::[lambda() (instance 2)]::operator ()() const::[lambda() (instance 2)]::operator ()() const::[lambda(float) (instance 1)], std::array<char *, (unsigned long)2>>(int, T2, T3)"
:BasicsTransformerLM.layers.1,PushPop,30,30,2,2,10400,5200.0,5200.0,5152,5248,67.9,"void at::native::vectorized_elementwise_kernel<(int)4, at::native::exp_kernel_cuda(at::TensorIteratorBase &)::[lambda() (instance 2)]::operator ()() const::[lambda() (instance 2)]::operator ()() const::[lambda(float) (instance 1)], std::array<char *, (unsigned long)2>>(int, T2, T3)"
:BasicsTransformerLM.layers.1,PushPop,30,30,2,2,10144,5072.0,5072.0,4992,5152,113.1,"void at::native::vectorized_elementwise_kernel<(int)4, at::native::BUnaryFunctor<float, float, float, at::native::binary_internal::MulFunctor<float>>, std::array<char *, (unsigned long)2>>(int, T2, T3)"
:BasicsTransformerLM.layers.1,PushPop,30,30,2,4,9888,2472.0,2448.0,2368,2624,108.9,"void at::native::vectorized_elementwise_kernel<(int)4, void at::native::<unnamed>::pow_tensor_scalar_kernel_impl<float, float>(at::TensorIteratorBase &, T2)::[lambda(float) (instance 1)], std::array<char *, (unsigned long)2>>(int, T2, T3)"
:BasicsTransformerLM.layers.1,PushPop,30,30,2,4,5600,1400.0,1440.0,1248,1472,102.4,"void at::native::vectorized_elementwise_kernel<(int)4, at::native::CUDAFunctorOnSelf_add<float>, std::array<char *, (unsigned long)2>>(int, T2, T3)"
:BasicsTransformerLM.layers.1,PushPop,30,30,2,2,5312,2656.0,2656.0,2528,2784,181.0,"void at::native::elementwise_kernel<(int)128, (int)4, void at::native::gpu_kernel_impl_nocast<at::native::<unnamed>::CompareFunctor<long>>(at::TensorIteratorBase &, const T1 &)::[lambda(int) (instance 1)]>(int, T3)"
:BasicsTransformerLM.layers.1,PushPop,30,30,2,4,4896,1224.0,1232.0,1184,1248,30.6,"void at::native::vectorized_elementwise_kernel<(int)4, at::native::rsqrt_kernel_cuda(at::TensorIteratorBase &)::[lambda() (instance 2)]::operator ()() const::[lambda() (instance 2)]::operator ()() const::[lambda(float) (instance 1)], std::array<char *, (unsigned long)2>>(int, T2, T3)"
:BasicsTransformerLM.layers.1,PushPop,30,30,2,2,1888,944.0,944.0,896,992,67.9,"void <unnamed>::elementwise_kernel_with_index<int, at::native::arange_cuda_out(const c10::Scalar &, const c10::Scalar &, const c10::Scalar &, at::Tensor &)::[lambda() (instance 1)]::operator ()() const::[lambda() (instance 4)]::operator ()() const::[lambda(long) (instance 1)]>(T1, T2, function_traits<T2>::result_type *)"
:BasicsTransformerLM.layers.1,PushPop,30,30,2,2,1792,896.0,896.0,896,896,0.0,"void at::native::vectorized_elementwise_kernel<(int)4, at::native::FillFunctor<float>, std::array<char *, (unsigned long)1>>(int, T2, T3)"
:BasicsTransformerLM.layers.1.attn,PushPop,30,30,2,8,754369,94296.1,94272.0,94016,94816,254.6,cutlass3x_sm100_simt_sgemm_f32_f32_f32_f32_f32_64x32x16_1x1x1_3_tnn_align1_bias_f32_relu
:BasicsTransformerLM.layers.1.attn,PushPop,30,30,2,16,54561,3410.1,3456.0,3104,3488,130.1,"void at::native::elementwise_kernel<(int)128, (int)2, void at::native::gpu_kernel_impl_nocast<at::native::BinaryFunctor<float, float, float, at::native::binary_internal::MulFunctor<float>>>(at::TensorIteratorBase &, const T1 &)::[lambda(int) (instance 1)]>(int, T3)"
:BasicsTransformerLM.layers.1.attn,PushPop,30,30,2,2,54112,27056.0,27056.0,26976,27136,113.1,cutlass3x_sm100_simt_sgemm_f32_f32_f32_f32_f32_128x64x16_1x1x1_3_tnn_align1_bias_f32_relu
:BasicsTransformerLM.layers.1.attn,PushPop,30,30,2,2,42433,21216.5,21216.5,21121,21312,135.1,cutlass3x_sm100_simt_sgemm_f32_f32_f32_f32_f32_64x32x16_1x1x1_3_nnn_align1_bias_f32_relu
:BasicsTransformerLM.layers.1.attn,PushPop,30,30,2,4,36224,9056.0,9040.0,8960,9184,113.9,"void at::native::<unnamed>::CatArrayBatchedCopy<at::native::<unnamed>::OpaqueType<(unsigned int)4>, unsigned int, (int)4, (int)64, (int)64>(T1 *, at::native::<unnamed>::CatArrInputTensorMetadata<T1, T2, T4, T5>, at::native::<unnamed>::TensorSizeStride<T2, (unsigned int)4>, int, T2)"
:BasicsTransformerLM.layers.1.attn,PushPop,30,30,2,2,30528,15264.0,15264.0,15200,15328,90.5,"void at::native::elementwise_kernel<(int)128, (int)2, void at::native::gpu_kernel_impl_nocast<at::native::BinaryFunctor<float, float, float, at::native::binary_internal::DivFunctor<float>>>(at::TensorIteratorBase &, const T1 &)::[lambda(int) (instance 1)]>(int, T3)"
:BasicsTransformerLM.layers.1.attn,PushPop,30,30,2,2,26240,13120.0,13120.0,13120,13120,0.0,"void at::native::reduce_kernel<(int)512, (int)1, at::native::ReduceOp<float, at::native::MaxOps<float>, unsigned int, float, (int)4, (int)4>>(T3)"
:BasicsTransformerLM.layers.1.attn,PushPop,30,30,2,2,26112,13056.0,13056.0,12960,13152,135.8,"void at::native::elementwise_kernel<(int)128, (int)2, void at::native::gpu_kernel_impl_nocast<at::native::<unnamed>::where_kernel_impl(at::TensorIterator &)::[lambda() (instance 1)]::operator ()() const::[lambda() (instance 11)]::operator ()() const::[lambda(bool, float, float) (instance 1)]>(at::TensorIteratorBase &, const T1 &)::[lambda(int) (instance 1)]>(int, T3)"
:BasicsTransformerLM.layers.1.attn,PushPop,30,30,2,2,25216,12608.0,12608.0,12608,12608,0.0,"void at::native::elementwise_kernel<(int)128, (int)2, void at::native::gpu_kernel_impl_nocast<at::native::CUDAFunctor_add<float>>(at::TensorIteratorBase &, const T1 &)::[lambda(int) (instance 1)]>(int, T3)"
:BasicsTransformerLM.layers.1.attn,PushPop,30,30,2,4,22432,5608.0,5568.0,4640,6656,1119.7,"void at::native::elementwise_kernel<(int)128, (int)2, void at::native::gpu_kernel_impl_nocast<at::native::direct_copy_kernel_cuda(at::TensorIteratorBase &)::[lambda() (instance 3)]::operator ()() const::[lambda() (instance 7)]::operator ()() const::[lambda(float) (instance 1)]>(at::TensorIteratorBase &, const T1 &)::[lambda(int) (instance 1)]>(int, T3)"
:BasicsTransformerLM.layers.1.attn,PushPop,30,30,2,8,16256,2032.0,2032.0,1920,2144,72.6,"void at::native::vectorized_elementwise_kernel<(int)4, at::native::CUDAFunctor_add<float>, std::array<char *, (unsigned long)3>>(int, T2, T3)"
:BasicsTransformerLM.layers.1.attn,PushPop,30,30,2,2,14208,7104.0,7104.0,7040,7168,90.5,"void at::native::reduce_kernel<(int)512, (int)1, at::native::ReduceOp<float, at::native::func_wrapper_t<float, at::native::sum_functor<float, float, float>::operator ()(at::TensorIterator &)::[lambda(float, float) (instance 1)]>, unsigned int, float, (int)4, (int)4>>(T3)"
:BasicsTransformerLM.layers.1.attn,PushPop,30,30,2,2,10400,5200.0,5200.0,5152,5248,67.9,"void at::native::vectorized_elementwise_kernel<(int)4, at::native::exp_kernel_cuda(at::TensorIteratorBase &)::[lambda() (instance 2)]::operator ()() const::[lambda() (instance 2)]::operator ()() const::[lambda(float) (instance 1)], std::array<char *, (unsigned long)2>>(int, T2, T3)"
:BasicsTransformerLM.layers.1.attn,PushPop,30,30,2,2,10144,5072.0,5072.0,4992,5152,113.1,"void at::native::vectorized_elementwise_kernel<(int)4, at::native::BUnaryFunctor<float, float, float, at::native::binary_internal::MulFunctor<float>>, std::array<char *, (unsigned long)2>>(int, T2, T3)"
:BasicsTransformerLM.layers.1.attn,PushPop,30,30,2,2,5312,2656.0,2656.0,2528,2784,181.0,"void at::native::elementwise_kernel<(int)128, (int)4, void at::native::gpu_kernel_impl_nocast<at::native::<unnamed>::CompareFunctor<long>>(at::TensorIteratorBase &, const T1 &)::[lambda(int) (instance 1)]>(int, T3)"
:BasicsTransformerLM.layers.1.attn,PushPop,30,30,2,2,1888,944.0,944.0,896,992,67.9,"void <unnamed>::elementwise_kernel_with_index<int, at::native::arange_cuda_out(const c10::Scalar &, const c10::Scalar &, const c10::Scalar &, at::Tensor &)::[lambda() (instance 1)]::operator ()() const::[lambda() (instance 4)]::operator ()() const::[lambda(long) (instance 1)]>(T1, T2, function_traits<T2>::result_type *)"
:BasicsTransformerLM.layers.1.attn,PushPop,30,30,2,2,1792,896.0,896.0,896,896,0.0,"void at::native::vectorized_elementwise_kernel<(int)4, at::native::FillFunctor<float>, std::array<char *, (unsigned long)1>>(int, T2, T3)"
:BasicsTransformerLM.layers.1.attn.k_proj,PushPop,30,30,2,2,188417,94208.5,94208.5,94113,94304,135.1,cutlass3x_sm100_simt_sgemm_f32_f32_f32_f32_f32_64x32x16_1x1x1_3_tnn_align1_bias_f32_relu
:BasicsTransformerLM.layers.1.attn.output_proj,PushPop,30,30,2,2,189056,94528.0,94528.0,94240,94816,407.3,cutlass3x_sm100_simt_sgemm_f32_f32_f32_f32_f32_64x32x16_1x1x1_3_tnn_align1_bias_f32_relu
:BasicsTransformerLM.layers.1.attn.q_proj,PushPop,30,30,2,2,188800,94400.0,94400.0,94400,94400,0.0,cutlass3x_sm100_simt_sgemm_f32_f32_f32_f32_f32_64x32x16_1x1x1_3_tnn_align1_bias_f32_relu
:BasicsTransformerLM.layers.1.attn.v_proj,PushPop,30,30,2,2,188096,94048.0,94048.0,94016,94080,45.3,cutlass3x_sm100_simt_sgemm_f32_f32_f32_f32_f32_64x32x16_1x1x1_3_tnn_align1_bias_f32_relu
:BasicsTransformerLM.layers.1.ffn,PushPop,30,30,2,4,1250823,312705.8,312705.5,312098,313314,649.3,cutlass3x_sm100_simt_sgemm_f32_f32_f32_f32_f32_64x128x16_1x1x1_3_tnn_align1_bias_f32_relu
:BasicsTransformerLM.layers.1.ffn,PushPop,30,30,2,2,720131,360065.5,360065.5,360002,360129,89.8,cutlass3x_sm100_simt_sgemm_f32_f32_f32_f32_f32_64x32x16_1x1x1_3_tnn_align1_bias_f32_relu
:BasicsTransformerLM.layers.1.ffn,PushPop,30,30,2,4,25088,6272.0,6224.0,5632,7008,726.4,"void at::native::vectorized_elementwise_kernel<(int)4, at::native::BinaryFunctor<float, float, float, at::native::binary_internal::MulFunctor<float>>, std::array<char *, (unsigned long)3>>(int, T2, T3)"
:BasicsTransformerLM.layers.1.ffn,PushPop,30,30,2,2,11552,5776.0,5776.0,5760,5792,22.6,"void at::native::vectorized_elementwise_kernel<(int)4, at::native::sigmoid_kernel_cuda(at::TensorIteratorBase &)::[lambda() (instance 2)]::operator ()() const::[lambda() (instance 2)]::operator ()() const::[lambda(float) (instance 1)], std::array<char *, (unsigned long)2>>(int, T2, T3)"
:BasicsTransformerLM.layers.1.ffn.w1,PushPop,30,30,2,2,626532,313266.0,313266.0,313218,313314,67.9,cutlass3x_sm100_simt_sgemm_f32_f32_f32_f32_f32_64x128x16_1x1x1_3_tnn_align1_bias_f32_relu
:BasicsTransformerLM.layers.1.ffn.w2,PushPop,30,30,2,2,720131,360065.5,360065.5,360002,360129,89.8,cutlass3x_sm100_simt_sgemm_f32_f32_f32_f32_f32_64x32x16_1x1x1_3_tnn_align1_bias_f32_relu
:BasicsTransformerLM.layers.1.ffn.w3,PushPop,30,30,2,2,624291,312145.5,312145.5,312098,312193,67.2,cutlass3x_sm100_simt_sgemm_f32_f32_f32_f32_f32_64x128x16_1x1x1_3_tnn_align1_bias_f32_relu
:BasicsTransformerLM.layers.1.ln1,PushPop,30,30,2,4,18720,4680.0,4672.0,4608,4768,66.0,"void at::native::elementwise_kernel<(int)128, (int)2, void at::native::gpu_kernel_impl_nocast<at::native::BinaryFunctor<float, float, float, at::native::binary_internal::MulFunctor<float>>>(at::TensorIteratorBase &, const T1 &)::[lambda(int) (instance 1)]>(int, T3)"
:BasicsTransformerLM.layers.1.ln1,PushPop,30,30,2,2,11968,5984.0,5984.0,5920,6048,90.5,"void at::native::reduce_kernel<(int)512, (int)1, at::native::ReduceOp<float, at::native::MeanOps<float, float, float, float>, unsigned int, float, (int)4, (int)4>>(T3)"
:BasicsTransformerLM.layers.1.ln1,PushPop,30,30,2,2,4896,2448.0,2448.0,2432,2464,22.6,"void at::native::vectorized_elementwise_kernel<(int)4, void at::native::<unnamed>::pow_tensor_scalar_kernel_impl<float, float>(at::TensorIteratorBase &, T2)::[lambda(float) (instance 1)], std::array<char *, (unsigned long)2>>(int, T2, T3)"
:BasicsTransformerLM.layers.1.ln1,PushPop,30,30,2,2,2688,1344.0,1344.0,1248,1440,135.8,"void at::native::vectorized_elementwise_kernel<(int)4, at::native::CUDAFunctorOnSelf_add<float>, std::array<char *, (unsigned long)2>>(int, T2, T3)"
:BasicsTransformerLM.layers.1.ln1,PushPop,30,30,2,2,2464,1232.0,1232.0,1216,1248,22.6,"void at::native::vectorized_elementwise_kernel<(int)4, at::native::rsqrt_kernel_cuda(at::TensorIteratorBase &)::[lambda() (instance 2)]::operator ()() const::[lambda() (instance 2)]::operator ()() const::[lambda(float) (instance 1)], std::array<char *, (unsigned long)2>>(int, T2, T3)"
:BasicsTransformerLM.layers.1.ln2,PushPop,30,30,2,4,18944,4736.0,4736.0,4672,4800,52.3,"void at::native::elementwise_kernel<(int)128, (int)2, void at::native::gpu_kernel_impl_nocast<at::native::BinaryFunctor<float, float, float, at::native::binary_internal::MulFunctor<float>>>(at::TensorIteratorBase &, const T1 &)::[lambda(int) (instance 1)]>(int, T3)"
:BasicsTransformerLM.layers.1.ln2,PushPop,30,30,2,2,12000,6000.0,6000.0,5984,6016,22.6,"void at::native::reduce_kernel<(int)512, (int)1, at::native::ReduceOp<float, at::native::MeanOps<float, float, float, float>, unsigned int, float, (int)4, (int)4>>(T3)"
:BasicsTransformerLM.layers.1.ln2,PushPop,30,30,2,2,4992,2496.0,2496.0,2368,2624,181.0,"void at::native::vectorized_elementwise_kernel<(int)4, void at::native::<unnamed>::pow_tensor_scalar_kernel_impl<float, float>(at::TensorIteratorBase &, T2)::[lambda(float) (instance 1)], std::array<char *, (unsigned long)2>>(int, T2, T3)"
:BasicsTransformerLM.layers.1.ln2,PushPop,30,30,2,2,2912,1456.0,1456.0,1440,1472,22.6,"void at::native::vectorized_elementwise_kernel<(int)4, at::native::CUDAFunctorOnSelf_add<float>, std::array<char *, (unsigned long)2>>(int, T2, T3)"
:BasicsTransformerLM.layers.1.ln2,PushPop,30,30,2,2,2432,1216.0,1216.0,1184,1248,45.3,"void at::native::vectorized_elementwise_kernel<(int)4, at::native::rsqrt_kernel_cuda(at::TensorIteratorBase &)::[lambda() (instance 2)]::operator ()() const::[lambda() (instance 2)]::operator ()() const::[lambda(float) (instance 1)], std::array<char *, (unsigned long)2>>(int, T2, T3)"
:BasicsTransformerLM.layers.10,PushPop,30,30,2,10,1470504,147050.4,93936.5,93409,360130,112277.9,cutlass3x_sm100_simt_sgemm_f32_f32_f32_f32_f32_64x32x16_1x1x1_3_tnn_align1_bias_f32_relu
:BasicsTransformerLM.layers.10,PushPop,30,30,2,4,1250022,312505.5,312482.0,312353,312705,146.2,cutlass3x_sm100_simt_sgemm_f32_f32_f32_f32_f32_64x128x16_1x1x1_3_tnn_align1_bias_f32_relu
:BasicsTransformerLM.layers.10,PushPop,30,30,2,24,91072,3794.7,3488.0,3104,4736,604.7,"void at::native::elementwise_kernel<(int)128, (int)2, void at::native::gpu_kernel_impl_nocast<at::native::BinaryFunctor<float, float, float, at::native::binary_internal::MulFunctor<float>>>(at::TensorIteratorBase &, const T1 &)::[lambda(int) (instance 1)]>(int, T3)"
:BasicsTransformerLM.layers.10,PushPop,30,30,2,2,53728,26864.0,26864.0,26720,27008,203.6,cutlass3x_sm100_simt_sgemm_f32_f32_f32_f32_f32_128x64x16_1x1x1_3_tnn_align1_bias_f32_relu
:BasicsTransformerLM.layers.10,PushPop,30,30,2,2,42368,21184.0,21184.0,21152,21216,45.3,cutlass3x_sm100_simt_sgemm_f32_f32_f32_f32_f32_64x32x16_1x1x1_3_nnn_align1_bias_f32_relu
:BasicsTransformerLM.layers.10,PushPop,30,30,2,4,36416,9104.0,9120.0,8992,9184,80.5,"void at::native::<unnamed>::CatArrayBatchedCopy<at::native::<unnamed>::OpaqueType<(unsigned int)4>, unsigned int, (int)4, (int)64, (int)64>(T1 *, at::native::<unnamed>::CatArrInputTensorMetadata<T1, T2, T4, T5>, at::native::<unnamed>::TensorSizeStride<T2, (unsigned int)4>, int, T2)"
:BasicsTransformerLM.layers.10,PushPop,30,30,2,2,30432,15216.0,15216.0,15168,15264,67.9,"void at::native::elementwise_kernel<(int)128, (int)2, void at::native::gpu_kernel_impl_nocast<at::native::BinaryFunctor<float, float, float, at::native::binary_internal::DivFunctor<float>>>(at::TensorIteratorBase &, const T1 &)::[lambda(int) (instance 1)]>(int, T3)"
:BasicsTransformerLM.layers.10,PushPop,30,30,2,12,30016,2501.3,2112.0,2016,3456,625.4,"void at::native::vectorized_elementwise_kernel<(int)4, at::native::CUDAFunctor_add<float>, std::array<char *, (unsigned long)3>>(int, T2, T3)"
:BasicsTransformerLM.layers.10,PushPop,30,30,2,2,26338,13169.0,13169.0,13025,13313,203.6,"void at::native::reduce_kernel<(int)512, (int)1, at::native::ReduceOp<float, at::native::MaxOps<float>, unsigned int, float, (int)4, (int)4>>(T3)"
:BasicsTransformerLM.layers.10,PushPop,30,30,2,2,25856,12928.0,12928.0,12864,12992,90.5,"void at::native::elementwise_kernel<(int)128, (int)2, void at::native::gpu_kernel_impl_nocast<at::native::<unnamed>::where_kernel_impl(at::TensorIterator &)::[lambda() (instance 1)]::operator ()() const::[lambda() (instance 11)]::operator ()() const::[lambda(bool, float, float) (instance 1)]>(at::TensorIteratorBase &, const T1 &)::[lambda(int) (instance 1)]>(int, T3)"
:BasicsTransformerLM.layers.10,PushPop,30,30,2,2,25376,12688.0,12688.0,12672,12704,22.6,"void at::native::elementwise_kernel<(int)128, (int)2, void at::native::gpu_kernel_impl_nocast<at::native::CUDAFunctor_add<float>>(at::TensorIteratorBase &, const T1 &)::[lambda(int) (instance 1)]>(int, T3)"
:BasicsTransformerLM.layers.10,PushPop,30,30,2,4,25024,6256.0,6224.0,5536,7040,815.6,"void at::native::vectorized_elementwise_kernel<(int)4, at::native::BinaryFunctor<float, float, float, at::native::binary_internal::MulFunctor<float>>, std::array<char *, (unsigned long)3>>(int, T2, T3)"
:BasicsTransformerLM.layers.10,PushPop,30,30,2,4,23969,5992.3,5984.5,5952,6048,40.2,"void at::native::reduce_kernel<(int)512, (int)1, at::native::ReduceOp<float, at::native::MeanOps<float, float, float, float>, unsigned int, float, (int)4, (int)4>>(T3)"
:BasicsTransformerLM.layers.10,PushPop,30,30,2,4,22048,5512.0,5504.0,4608,6432,1043.9,"void at::native::elementwise_kernel<(int)128, (int)2, void at::native::gpu_kernel_impl_nocast<at::native::direct_copy_kernel_cuda(at::TensorIteratorBase &)::[lambda() (instance 3)]::operator ()() const::[lambda() (instance 7)]::operator ()() const::[lambda(float) (instance 1)]>(at::TensorIteratorBase &, const T1 &)::[lambda(int) (instance 1)]>(int, T3)"
:BasicsTransformerLM.layers.10,PushPop,30,30,2,2,14112,7056.0,7056.0,6976,7136,113.1,"void at::native::reduce_kernel<(int)512, (int)1, at::native::ReduceOp<float, at::native::func_wrapper_t<float, at::native::sum_functor<float, float, float>::operator ()(at::TensorIterator &)::[lambda(float, float) (instance 1)]>, unsigned int, float, (int)4, (int)4>>(T3)"
:BasicsTransformerLM.layers.10,PushPop,30,30,2,2,11552,5776.0,5776.0,5760,5792,22.6,"void at::native::vectorized_elementwise_kernel<(int)4, at::native::sigmoid_kernel_cuda(at::TensorIteratorBase &)::[lambda() (instance 2)]::operator ()() const::[lambda() (instance 2)]::operator ()() const::[lambda(float) (instance 1)], std::array<char *, (unsigned long)2>>(int, T2, T3)"
:BasicsTransformerLM.layers.10,PushPop,30,30,2,2,10336,5168.0,5168.0,5120,5216,67.9,"void at::native::vectorized_elementwise_kernel<(int)4, at::native::exp_kernel_cuda(at::TensorIteratorBase &)::[lambda() (instance 2)]::operator ()() const::[lambda() (instance 2)]::operator ()() const::[lambda(float) (instance 1)], std::array<char *, (unsigned long)2>>(int, T2, T3)"
:BasicsTransformerLM.layers.10,PushPop,30,30,2,2,9856,4928.0,4928.0,4896,4960,45.3,"void at::native::vectorized_elementwise_kernel<(int)4, at::native::BUnaryFunctor<float, float, float, at::native::binary_internal::MulFunctor<float>>, std::array<char *, (unsigned long)2>>(int, T2, T3)"
:BasicsTransformerLM.layers.10,PushPop,30,30,2,4,9664,2416.0,2416.0,2368,2464,41.3,"void at::native::vectorized_elementwise_kernel<(int)4, void at::native::<unnamed>::pow_tensor_scalar_kernel_impl<float, float>(at::TensorIteratorBase &, T2)::[lambda(float) (instance 1)], std::array<char *, (unsigned long)2>>(int, T2, T3)"
:BasicsTransformerLM.layers.10,PushPop,30,30,2,4,6496,1624.0,1632.0,1472,1760,129.0,"void at::native::vectorized_elementwise_kernel<(int)4, at::native::CUDAFunctorOnSelf_add<float>, std::array<char *, (unsigned long)2>>(int, T2, T3)"
:BasicsTransformerLM.layers.10,PushPop,30,30,2,2,4960,2480.0,2480.0,2400,2560,113.1,"void at::native::elementwise_kernel<(int)128, (int)4, void at::native::gpu_kernel_impl_nocast<at::native::<unnamed>::CompareFunctor<long>>(at::TensorIteratorBase &, const T1 &)::[lambda(int) (instance 1)]>(int, T3)"
:BasicsTransformerLM.layers.10,PushPop,30,30,2,4,4768,1192.0,1152.0,1152,1312,80.0,"void at::native::vectorized_elementwise_kernel<(int)4, at::native::rsqrt_kernel_cuda(at::TensorIteratorBase &)::[lambda() (instance 2)]::operator ()() const::[lambda() (instance 2)]::operator ()() const::[lambda(float) (instance 1)], std::array<char *, (unsigned long)2>>(int, T2, T3)"
:BasicsTransformerLM.layers.10,PushPop,30,30,2,2,1728,864.0,864.0,864,864,0.0,"void at::native::vectorized_elementwise_kernel<(int)4, at::native::FillFunctor<float>, std::array<char *, (unsigned long)1>>(int, T2, T3)"
:BasicsTransformerLM.layers.10,PushPop,30,30,2,2,1632,816.0,816.0,736,896,113.1,"void <unnamed>::elementwise_kernel_with_index<int, at::native::arange_cuda_out(const c10::Scalar &, const c10::Scalar &, const c10::Scalar &, at::Tensor &)::[lambda() (instance 1)]::operator ()() const::[lambda() (instance 4)]::operator ()() const::[lambda(long) (instance 1)]>(T1, T2, function_traits<T2>::result_type *)"
:BasicsTransformerLM.layers.10.attn,PushPop,30,30,2,8,750340,93792.5,93793.0,93409,94368,321.1,cutlass3x_sm100_simt_sgemm_f32_f32_f32_f32_f32_64x32x16_1x1x1_3_tnn_align1_bias_f32_relu
:BasicsTransformerLM.layers.10.attn,PushPop,30,30,2,16,54208,3388.0,3456.0,3104,3680,172.1,"void at::native::elementwise_kernel<(int)128, (int)2, void at::native::gpu_kernel_impl_nocast<at::native::BinaryFunctor<float, float, float, at::native::binary_internal::MulFunctor<float>>>(at::TensorIteratorBase &, const T1 &)::[lambda(int) (instance 1)]>(int, T3)"
:BasicsTransformerLM.layers.10.attn,PushPop,30,30,2,2,53728,26864.0,26864.0,26720,27008,203.6,cutlass3x_sm100_simt_sgemm_f32_f32_f32_f32_f32_128x64x16_1x1x1_3_tnn_align1_bias_f32_relu
:BasicsTransformerLM.layers.10.attn,PushPop,30,30,2,2,42368,21184.0,21184.0,21152,21216,45.3,cutlass3x_sm100_simt_sgemm_f32_f32_f32_f32_f32_64x32x16_1x1x1_3_nnn_align1_bias_f32_relu
:BasicsTransformerLM.layers.10.attn,PushPop,30,30,2,4,36416,9104.0,9120.0,8992,9184,80.5,"void at::native::<unnamed>::CatArrayBatchedCopy<at::native::<unnamed>::OpaqueType<(unsigned int)4>, unsigned int, (int)4, (int)64, (int)64>(T1 *, at::native::<unnamed>::CatArrInputTensorMetadata<T1, T2, T4, T5>, at::native::<unnamed>::TensorSizeStride<T2, (unsigned int)4>, int, T2)"
:BasicsTransformerLM.layers.10.attn,PushPop,30,30,2,2,30432,15216.0,15216.0,15168,15264,67.9,"void at::native::elementwise_kernel<(int)128, (int)2, void at::native::gpu_kernel_impl_nocast<at::native::BinaryFunctor<float, float, float, at::native::binary_internal::DivFunctor<float>>>(at::TensorIteratorBase &, const T1 &)::[lambda(int) (instance 1)]>(int, T3)"
:BasicsTransformerLM.layers.10.attn,PushPop,30,30,2,2,26338,13169.0,13169.0,13025,13313,203.6,"void at::native::reduce_kernel<(int)512, (int)1, at::native::ReduceOp<float, at::native::MaxOps<float>, unsigned int, float, (int)4, (int)4>>(T3)"
:BasicsTransformerLM.layers.10.attn,PushPop,30,30,2,2,25856,12928.0,12928.0,12864,12992,90.5,"void at::native::elementwise_kernel<(int)128, (int)2, void at::native::gpu_kernel_impl_nocast<at::native::<unnamed>::where_kernel_impl(at::TensorIterator &)::[lambda() (instance 1)]::operator ()() const::[lambda() (instance 11)]::operator ()() const::[lambda(bool, float, float) (instance 1)]>(at::TensorIteratorBase &, const T1 &)::[lambda(int) (instance 1)]>(int, T3)"
:BasicsTransformerLM.layers.10.attn,PushPop,30,30,2,2,25376,12688.0,12688.0,12672,12704,22.6,"void at::native::elementwise_kernel<(int)128, (int)2, void at::native::gpu_kernel_impl_nocast<at::native::CUDAFunctor_add<float>>(at::TensorIteratorBase &, const T1 &)::[lambda(int) (instance 1)]>(int, T3)"
:BasicsTransformerLM.layers.10.attn,PushPop,30,30,2,4,22048,5512.0,5504.0,4608,6432,1043.9,"void at::native::elementwise_kernel<(int)128, (int)2, void at::native::gpu_kernel_impl_nocast<at::native::direct_copy_kernel_cuda(at::TensorIteratorBase &)::[lambda() (instance 3)]::operator ()() const::[lambda() (instance 7)]::operator ()() const::[lambda(float) (instance 1)]>(at::TensorIteratorBase &, const T1 &)::[lambda(int) (instance 1)]>(int, T3)"
:BasicsTransformerLM.layers.10.attn,PushPop,30,30,2,8,16640,2080.0,2080.0,2016,2144,45.3,"void at::native::vectorized_elementwise_kernel<(int)4, at::native::CUDAFunctor_add<float>, std::array<char *, (unsigned long)3>>(int, T2, T3)"
:BasicsTransformerLM.layers.10.attn,PushPop,30,30,2,2,14112,7056.0,7056.0,6976,7136,113.1,"void at::native::reduce_kernel<(int)512, (int)1, at::native::ReduceOp<float, at::native::func_wrapper_t<float, at::native::sum_functor<float, float, float>::operator ()(at::TensorIterator &)::[lambda(float, float) (instance 1)]>, unsigned int, float, (int)4, (int)4>>(T3)"
:BasicsTransformerLM.layers.10.attn,PushPop,30,30,2,2,10336,5168.0,5168.0,5120,5216,67.9,"void at::native::vectorized_elementwise_kernel<(int)4, at::native::exp_kernel_cuda(at::TensorIteratorBase &)::[lambda() (instance 2)]::operator ()() const::[lambda() (instance 2)]::operator ()() const::[lambda(float) (instance 1)], std::array<char *, (unsigned long)2>>(int, T2, T3)"
:BasicsTransformerLM.layers.10.attn,PushPop,30,30,2,2,9856,4928.0,4928.0,4896,4960,45.3,"void at::native::vectorized_elementwise_kernel<(int)4, at::native::BUnaryFunctor<float, float, float, at::native::binary_internal::MulFunctor<float>>, std::array<char *, (unsigned long)2>>(int, T2, T3)"
:BasicsTransformerLM.layers.10.attn,PushPop,30,30,2,2,4960,2480.0,2480.0,2400,2560,113.1,"void at::native::elementwise_kernel<(int)128, (int)4, void at::native::gpu_kernel_impl_nocast<at::native::<unnamed>::CompareFunctor<long>>(at::TensorIteratorBase &, const T1 &)::[lambda(int) (instance 1)]>(int, T3)"
:BasicsTransformerLM.layers.10.attn,PushPop,30,30,2,2,1728,864.0,864.0,864,864,0.0,"void at::native::vectorized_elementwise_kernel<(int)4, at::native::FillFunctor<float>, std::array<char *, (unsigned long)1>>(int, T2, T3)"
:BasicsTransformerLM.layers.10.attn,PushPop,30,30,2,2,1632,816.0,816.0,736,896,113.1,"void <unnamed>::elementwise_kernel_with_index<int, at::native::arange_cuda_out(const c10::Scalar &, const c10::Scalar &, const c10::Scalar &, at::Tensor &)::[lambda() (instance 1)]::operator ()() const::[lambda() (instance 4)]::operator ()() const::[lambda(long) (instance 1)]>(T1, T2, function_traits<T2>::result_type *)"
:BasicsTransformerLM.layers.10.attn.k_proj,PushPop,30,30,2,2,187456,93728.0,93728.0,93504,93952,316.8,cutlass3x_sm100_simt_sgemm_f32_f32_f32_f32_f32_64x32x16_1x1x1_3_tnn_align1_bias_f32_relu
:BasicsTransformerLM.layers.10.attn.output_proj,PushPop,30,30,2,2,188352,94176.0,94176.0,93984,94368,271.5,cutlass3x_sm100_simt_sgemm_f32_f32_f32_f32_f32_64x32x16_1x1x1_3_tnn_align1_bias_f32_relu
:BasicsTransformerLM.layers.10.attn.q_proj,PushPop,30,30,2,2,187074,93537.0,93537.0,93409,93665,181.0,cutlass3x_sm100_simt_sgemm_f32_f32_f32_f32_f32_64x32x16_1x1x1_3_tnn_align1_bias_f32_relu
:BasicsTransformerLM.layers.10.attn.v_proj,PushPop,30,30,2,2,187458,93729.0,93729.0,93537,93921,271.5,cutlass3x_sm100_simt_sgemm_f32_f32_f32_f32_f32_64x32x16_1x1x1_3_tnn_align1_bias_f32_relu
:BasicsTransformerLM.layers.10.ffn,PushPop,30,30,2,4,1250022,312505.5,312482.0,312353,312705,146.2,cutlass3x_sm100_simt_sgemm_f32_f32_f32_f32_f32_64x128x16_1x1x1_3_tnn_align1_bias_f32_relu
:BasicsTransformerLM.layers.10.ffn,PushPop,30,30,2,2,720164,360082.0,360082.0,360034,360130,67.9,cutlass3x_sm100_simt_sgemm_f32_f32_f32_f32_f32_64x32x16_1x1x1_3_tnn_align1_bias_f32_relu
:BasicsTransformerLM.layers.10.ffn,PushPop,30,30,2,4,25024,6256.0,6224.0,5536,7040,815.6,"void at::native::vectorized_elementwise_kernel<(int)4, at::native::BinaryFunctor<float, float, float, at::native::binary_internal::MulFunctor<float>>, std::array<char *, (unsigned long)3>>(int, T2, T3)"
:BasicsTransformerLM.layers.10.ffn,PushPop,30,30,2,2,11552,5776.0,5776.0,5760,5792,22.6,"void at::native::vectorized_elementwise_kernel<(int)4, at::native::sigmoid_kernel_cuda(at::TensorIteratorBase &)::[lambda() (instance 2)]::operator ()() const::[lambda() (instance 2)]::operator ()() const::[lambda(float) (instance 1)], std::array<char *, (unsigned long)2>>(int, T2, T3)"
:BasicsTransformerLM.layers.10.ffn.w1,PushPop,30,30,2,2,625058,312529.0,312529.0,312353,312705,248.9,cutlass3x_sm100_simt_sgemm_f32_f32_f32_f32_f32_64x128x16_1x1x1_3_tnn_align1_bias_f32_relu
:BasicsTransformerLM.layers.10.ffn.w2,PushPop,30,30,2,2,720164,360082.0,360082.0,360034,360130,67.9,cutlass3x_sm100_simt_sgemm_f32_f32_f32_f32_f32_64x32x16_1x1x1_3_tnn_align1_bias_f32_relu
:BasicsTransformerLM.layers.10.ffn.w3,PushPop,30,30,2,2,624964,312482.0,312482.0,312482,312482,0.0,cutlass3x_sm100_simt_sgemm_f32_f32_f32_f32_f32_64x128x16_1x1x1_3_tnn_align1_bias_f32_relu
:BasicsTransformerLM.layers.10.ln1,PushPop,30,30,2,4,18496,4624.0,4624.0,4512,4736,92.4,"void at::native::elementwise_kernel<(int)128, (int)2, void at::native::gpu_kernel_impl_nocast<at::native::BinaryFunctor<float, float, float, at::native::binary_internal::MulFunctor<float>>>(at::TensorIteratorBase &, const T1 &)::[lambda(int) (instance 1)]>(int, T3)"
:BasicsTransformerLM.layers.10.ln1,PushPop,30,30,2,2,11936,5968.0,5968.0,5952,5984,22.6,"void at::native::reduce_kernel<(int)512, (int)1, at::native::ReduceOp<float, at::native::MeanOps<float, float, float, float>, unsigned int, float, (int)4, (int)4>>(T3)"
:BasicsTransformerLM.layers.10.ln1,PushPop,30,30,2,2,4864,2432.0,2432.0,2400,2464,45.3,"void at::native::vectorized_elementwise_kernel<(int)4, void at::native::<unnamed>::pow_tensor_scalar_kernel_impl<float, float>(at::TensorIteratorBase &, T2)::[lambda(float) (instance 1)], std::array<char *, (unsigned long)2>>(int, T2, T3)"
:BasicsTransformerLM.layers.10.ln1,PushPop,30,30,2,2,3040,1520.0,1520.0,1472,1568,67.9,"void at::native::vectorized_elementwise_kernel<(int)4, at::native::CUDAFunctorOnSelf_add<float>, std::array<char *, (unsigned long)2>>(int, T2, T3)"
:BasicsTransformerLM.layers.10.ln1,PushPop,30,30,2,2,2304,1152.0,1152.0,1152,1152,0.0,"void at::native::vectorized_elementwise_kernel<(int)4, at::native::rsqrt_kernel_cuda(at::TensorIteratorBase &)::[lambda() (instance 2)]::operator ()() const::[lambda() (instance 2)]::operator ()() const::[lambda(float) (instance 1)], std::array<char *, (unsigned long)2>>(int, T2, T3)"
:BasicsTransformerLM.layers.10.ln2,PushPop,30,30,2,4,18368,4592.0,4592.0,4576,4608,18.5,"void at::native::elementwise_kernel<(int)128, (int)2, void at::native::gpu_kernel_impl_nocast<at::native::BinaryFunctor<float, float, float, at::native::binary_internal::MulFunctor<float>>>(at::TensorIteratorBase &, const T1 &)::[lambda(int) (instance 1)]>(int, T3)"
:BasicsTransformerLM.layers.10.ln2,PushPop,30,30,2,2,12033,6016.5,6016.5,5985,6048,44.5,"void at::native::reduce_kernel<(int)512, (int)1, at::native::ReduceOp<float, at::native::MeanOps<float, float, float, float>, unsigned int, float, (int)4, (int)4>>(T3)"
:BasicsTransformerLM.layers.10.ln2,PushPop,30,30,2,2,4800,2400.0,2400.0,2368,2432,45.3,"void at::native::vectorized_elementwise_kernel<(int)4, void at::native::<unnamed>::pow_tensor_scalar_kernel_impl<float, float>(at::TensorIteratorBase &, T2)::[lambda(float) (instance 1)], std::array<char *, (unsigned long)2>>(int, T2, T3)"
:BasicsTransformerLM.layers.10.ln2,PushPop,30,30,2,2,3456,1728.0,1728.0,1696,1760,45.3,"void at::native::vectorized_elementwise_kernel<(int)4, at::native::CUDAFunctorOnSelf_add<float>, std::array<char *, (unsigned long)2>>(int, T2, T3)"
:BasicsTransformerLM.layers.10.ln2,PushPop,30,30,2,2,2464,1232.0,1232.0,1152,1312,113.1,"void at::native::vectorized_elementwise_kernel<(int)4, at::native::rsqrt_kernel_cuda(at::TensorIteratorBase &)::[lambda() (instance 2)]::operator ()() const::[lambda() (instance 2)]::operator ()() const::[lambda(float) (instance 1)], std::array<char *, (unsigned long)2>>(int, T2, T3)"
:BasicsTransformerLM.layers.11,PushPop,30,30,2,10,1472104,147210.4,94016.0,93409,360386,112286.6,cutlass3x_sm100_simt_sgemm_f32_f32_f32_f32_f32_64x32x16_1x1x1_3_tnn_align1_bias_f32_relu
:BasicsTransformerLM.layers.11,PushPop,30,30,2,4,1250118,312529.5,312449.5,312289,312930,288.5,cutlass3x_sm100_simt_sgemm_f32_f32_f32_f32_f32_64x128x16_1x1x1_3_tnn_align1_bias_f32_relu
:BasicsTransformerLM.layers.11,PushPop,30,30,2,24,92096,3837.3,3488.0,3104,4704,599.8,"void at::native::elementwise_kernel<(int)128, (int)2, void at::native::gpu_kernel_impl_nocast<at::native::BinaryFunctor<float, float, float, at::native::binary_internal::MulFunctor<float>>>(at::TensorIteratorBase &, const T1 &)::[lambda(int) (instance 1)]>(int, T3)"
:BasicsTransformerLM.layers.11,PushPop,30,30,2,2,53536,26768.0,26768.0,26624,26912,203.6,cutlass3x_sm100_simt_sgemm_f32_f32_f32_f32_f32_128x64x16_1x1x1_3_tnn_align1_bias_f32_relu
:BasicsTransformerLM.layers.11,PushPop,30,30,2,2,42336,21168.0,21168.0,21152,21184,22.6,cutlass3x_sm100_simt_sgemm_f32_f32_f32_f32_f32_64x32x16_1x1x1_3_nnn_align1_bias_f32_relu
:BasicsTransformerLM.layers.11,PushPop,30,30,2,4,36161,9040.3,9040.0,8896,9185,134.9,"void at::native::<unnamed>::CatArrayBatchedCopy<at::native::<unnamed>::OpaqueType<(unsigned int)4>, unsigned int, (int)4, (int)64, (int)64>(T1 *, at::native::<unnamed>::CatArrInputTensorMetadata<T1, T2, T4, T5>, at::native::<unnamed>::TensorSizeStride<T2, (unsigned int)4>, int, T2)"
:BasicsTransformerLM.layers.11,PushPop,30,30,2,2,30528,15264.0,15264.0,15232,15296,45.3,"void at::native::elementwise_kernel<(int)128, (int)2, void at::native::gpu_kernel_impl_nocast<at::native::BinaryFunctor<float, float, float, at::native::binary_internal::DivFunctor<float>>>(at::TensorIteratorBase &, const T1 &)::[lambda(int) (instance 1)]>(int, T3)"
:BasicsTransformerLM.layers.11,PushPop,30,30,2,12,29632,2469.3,2048.0,1920,3584,683.4,"void at::native::vectorized_elementwise_kernel<(int)4, at::native::CUDAFunctor_add<float>, std::array<char *, (unsigned long)3>>(int, T2, T3)"
:BasicsTransformerLM.layers.11,PushPop,30,30,2,2,26400,13200.0,13200.0,13088,13312,158.4,"void at::native::reduce_kernel<(int)512, (int)1, at::native::ReduceOp<float, at::native::MaxOps<float>, unsigned int, float, (int)4, (int)4>>(T3)"
:BasicsTransformerLM.layers.11,PushPop,30,30,2,2,26016,13008.0,13008.0,12960,13056,67.9,"void at::native::elementwise_kernel<(int)128, (int)2, void at::native::gpu_kernel_impl_nocast<at::native::<unnamed>::where_kernel_impl(at::TensorIterator &)::[lambda() (instance 1)]::operator ()() const::[lambda() (instance 11)]::operator ()() const::[lambda(bool, float, float) (instance 1)]>(at::TensorIteratorBase &, const T1 &)::[lambda(int) (instance 1)]>(int, T3)"
:BasicsTransformerLM.layers.11,PushPop,30,30,2,2,25280,12640.0,12640.0,12640,12640,0.0,"void at::native::elementwise_kernel<(int)128, (int)2, void at::native::gpu_kernel_impl_nocast<at::native::CUDAFunctor_add<float>>(at::TensorIteratorBase &, const T1 &)::[lambda(int) (instance 1)]>(int, T3)"
:BasicsTransformerLM.layers.11,PushPop,30,30,2,4,25280,6320.0,6352.0,5504,7072,787.5,"void at::native::vectorized_elementwise_kernel<(int)4, at::native::BinaryFunctor<float, float, float, at::native::binary_internal::MulFunctor<float>>, std::array<char *, (unsigned long)3>>(int, T2, T3)"
:BasicsTransformerLM.layers.11,PushPop,30,30,2,4,23808,5952.0,5952.0,5920,5984,37.0,"void at::native::reduce_kernel<(int)512, (int)1, at::native::ReduceOp<float, at::native::MeanOps<float, float, float, float>, unsigned int, float, (int)4, (int)4>>(T3)"
:BasicsTransformerLM.layers.11,PushPop,30,30,2,4,22304,5576.0,5584.0,4672,6464,1007.3,"void at::native::elementwise_kernel<(int)128, (int)2, void at::native::gpu_kernel_impl_nocast<at::native::direct_copy_kernel_cuda(at::TensorIteratorBase &)::[lambda() (instance 3)]::operator ()() const::[lambda() (instance 7)]::operator ()() const::[lambda(float) (instance 1)]>(at::TensorIteratorBase &, const T1 &)::[lambda(int) (instance 1)]>(int, T3)"
:BasicsTransformerLM.layers.11,PushPop,30,30,2,2,13888,6944.0,6944.0,6912,6976,45.3,"void at::native::reduce_kernel<(int)512, (int)1, at::native::ReduceOp<float, at::native::func_wrapper_t<float, at::native::sum_functor<float, float, float>::operator ()(at::TensorIterator &)::[lambda(float, float) (instance 1)]>, unsigned int, float, (int)4, (int)4>>(T3)"
:BasicsTransformerLM.layers.11,PushPop,30,30,2,2,11712,5856.0,5856.0,5760,5952,135.8,"void at::native::vectorized_elementwise_kernel<(int)4, at::native::sigmoid_kernel_cuda(at::TensorIteratorBase &)::[lambda() (instance 2)]::operator ()() const::[lambda() (instance 2)]::operator ()() const::[lambda(float) (instance 1)], std::array<char *, (unsigned long)2>>(int, T2, T3)"
:BasicsTransformerLM.layers.11,PushPop,30,30,2,2,10368,5184.0,5184.0,5024,5344,226.3,"void at::native::vectorized_elementwise_kernel<(int)4, at::native::BUnaryFunctor<float, float, float, at::native::binary_internal::MulFunctor<float>>, std::array<char *, (unsigned long)2>>(int, T2, T3)"
:BasicsTransformerLM.layers.11,PushPop,30,30,2,2,10368,5184.0,5184.0,5184,5184,0.0,"void at::native::vectorized_elementwise_kernel<(int)4, at::native::exp_kernel_cuda(at::TensorIteratorBase &)::[lambda() (instance 2)]::operator ()() const::[lambda() (instance 2)]::operator ()() const::[lambda(float) (instance 1)], std::array<char *, (unsigned long)2>>(int, T2, T3)"
:BasicsTransformerLM.layers.11,PushPop,30,30,2,4,9504,2376.0,2368.0,2336,2432,48.0,"void at::native::vectorized_elementwise_kernel<(int)4, void at::native::<unnamed>::pow_tensor_scalar_kernel_impl<float, float>(at::TensorIteratorBase &, T2)::[lambda(float) (instance 1)], std::array<char *, (unsigned long)2>>(int, T2, T3)"
:BasicsTransformerLM.layers.11,PushPop,30,30,2,4,5312,1328.0,1376.0,1088,1472,183.8,"void at::native::vectorized_elementwise_kernel<(int)4, at::native::CUDAFunctorOnSelf_add<float>, std::array<char *, (unsigned long)2>>(int, T2, T3)"
:BasicsTransformerLM.layers.11,PushPop,30,30,2,2,5248,2624.0,2624.0,2528,2720,135.8,"void at::native::elementwise_kernel<(int)128, (int)4, void at::native::gpu_kernel_impl_nocast<at::native::<unnamed>::CompareFunctor<long>>(at::TensorIteratorBase &, const T1 &)::[lambda(int) (instance 1)]>(int, T3)"
:BasicsTransformerLM.layers.11,PushPop,30,30,2,4,4832,1208.0,1248.0,1056,1280,105.7,"void at::native::vectorized_elementwise_kernel<(int)4, at::native::rsqrt_kernel_cuda(at::TensorIteratorBase &)::[lambda() (instance 2)]::operator ()() const::[lambda() (instance 2)]::operator ()() const::[lambda(float) (instance 1)], std::array<char *, (unsigned long)2>>(int, T2, T3)"
:BasicsTransformerLM.layers.11,PushPop,30,30,2,2,1760,880.0,880.0,864,896,22.6,"void at::native::vectorized_elementwise_kernel<(int)4, at::native::FillFunctor<float>, std::array<char *, (unsigned long)1>>(int, T2, T3)"
:BasicsTransformerLM.layers.11,PushPop,30,30,2,2,1664,832.0,832.0,768,896,90.5,"void <unnamed>::elementwise_kernel_with_index<int, at::native::arange_cuda_out(const c10::Scalar &, const c10::Scalar &, const c10::Scalar &, at::Tensor &)::[lambda() (instance 1)]::operator ()() const::[lambda() (instance 4)]::operator ()() const::[lambda(long) (instance 1)]>(T1, T2, function_traits<T2>::result_type *)"
:BasicsTransformerLM.layers.11.attn,PushPop,30,30,2,8,751588,93948.5,93904.0,93409,94593,424.1,cutlass3x_sm100_simt_sgemm_f32_f32_f32_f32_f32_64x32x16_1x1x1_3_tnn_align1_bias_f32_relu
:BasicsTransformerLM.layers.11.attn,PushPop,30,30,2,16,54848,3428.0,3472.0,3104,3520,121.9,"void at::native::elementwise_kernel<(int)128, (int)2, void at::native::gpu_kernel_impl_nocast<at::native::BinaryFunctor<float, float, float, at::native::binary_internal::MulFunctor<float>>>(at::TensorIteratorBase &, const T1 &)::[lambda(int) (instance 1)]>(int, T3)"
:BasicsTransformerLM.layers.11.attn,PushPop,30,30,2,2,53536,26768.0,26768.0,26624,26912,203.6,cutlass3x_sm100_simt_sgemm_f32_f32_f32_f32_f32_128x64x16_1x1x1_3_tnn_align1_bias_f32_relu
:BasicsTransformerLM.layers.11.attn,PushPop,30,30,2,2,42336,21168.0,21168.0,21152,21184,22.6,cutlass3x_sm100_simt_sgemm_f32_f32_f32_f32_f32_64x32x16_1x1x1_3_nnn_align1_bias_f32_relu
:BasicsTransformerLM.layers.11.attn,PushPop,30,30,2,4,36161,9040.3,9040.0,8896,9185,134.9,"void at::native::<unnamed>::CatArrayBatchedCopy<at::native::<unnamed>::OpaqueType<(unsigned int)4>, unsigned int, (int)4, (int)64, (int)64>(T1 *, at::native::<unnamed>::CatArrInputTensorMetadata<T1, T2, T4, T5>, at::native::<unnamed>::TensorSizeStride<T2, (unsigned int)4>, int, T2)"
:BasicsTransformerLM.layers.11.attn,PushPop,30,30,2,2,30528,15264.0,15264.0,15232,15296,45.3,"void at::native::elementwise_kernel<(int)128, (int)2, void at::native::gpu_kernel_impl_nocast<at::native::BinaryFunctor<float, float, float, at::native::binary_internal::DivFunctor<float>>>(at::TensorIteratorBase &, const T1 &)::[lambda(int) (instance 1)]>(int, T3)"
:BasicsTransformerLM.layers.11.attn,PushPop,30,30,2,2,26400,13200.0,13200.0,13088,13312,158.4,"void at::native::reduce_kernel<(int)512, (int)1, at::native::ReduceOp<float, at::native::MaxOps<float>, unsigned int, float, (int)4, (int)4>>(T3)"
:BasicsTransformerLM.layers.11.attn,PushPop,30,30,2,2,26016,13008.0,13008.0,12960,13056,67.9,"void at::native::elementwise_kernel<(int)128, (int)2, void at::native::gpu_kernel_impl_nocast<at::native::<unnamed>::where_kernel_impl(at::TensorIterator &)::[lambda() (instance 1)]::operator ()() const::[lambda() (instance 11)]::operator ()() const::[lambda(bool, float, float) (instance 1)]>(at::TensorIteratorBase &, const T1 &)::[lambda(int) (instance 1)]>(int, T3)"
:BasicsTransformerLM.layers.11.attn,PushPop,30,30,2,2,25280,12640.0,12640.0,12640,12640,0.0,"void at::native::elementwise_kernel<(int)128, (int)2, void at::native::gpu_kernel_impl_nocast<at::native::CUDAFunctor_add<float>>(at::TensorIteratorBase &, const T1 &)::[lambda(int) (instance 1)]>(int, T3)"
:BasicsTransformerLM.layers.11.attn,PushPop,30,30,2,4,22304,5576.0,5584.0,4672,6464,1007.3,"void at::native::elementwise_kernel<(int)128, (int)2, void at::native::gpu_kernel_impl_nocast<at::native::direct_copy_kernel_cuda(at::TensorIteratorBase &)::[lambda() (instance 3)]::operator ()() const::[lambda() (instance 7)]::operator ()() const::[lambda(float) (instance 1)]>(at::TensorIteratorBase &, const T1 &)::[lambda(int) (instance 1)]>(int, T3)"
:BasicsTransformerLM.layers.11.attn,PushPop,30,30,2,8,16096,2012.0,2000.0,1920,2144,71.4,"void at::native::vectorized_elementwise_kernel<(int)4, at::native::CUDAFunctor_add<float>, std::array<char *, (unsigned long)3>>(int, T2, T3)"
:BasicsTransformerLM.layers.11.attn,PushPop,30,30,2,2,13888,6944.0,6944.0,6912,6976,45.3,"void at::native::reduce_kernel<(int)512, (int)1, at::native::ReduceOp<float, at::native::func_wrapper_t<float, at::native::sum_functor<float, float, float>::operator ()(at::TensorIterator &)::[lambda(float, float) (instance 1)]>, unsigned int, float, (int)4, (int)4>>(T3)"
:BasicsTransformerLM.layers.11.attn,PushPop,30,30,2,2,10368,5184.0,5184.0,5024,5344,226.3,"void at::native::vectorized_elementwise_kernel<(int)4, at::native::BUnaryFunctor<float, float, float, at::native::binary_internal::MulFunctor<float>>, std::array<char *, (unsigned long)2>>(int, T2, T3)"
:BasicsTransformerLM.layers.11.attn,PushPop,30,30,2,2,10368,5184.0,5184.0,5184,5184,0.0,"void at::native::vectorized_elementwise_kernel<(int)4, at::native::exp_kernel_cuda(at::TensorIteratorBase &)::[lambda() (instance 2)]::operator ()() const::[lambda() (instance 2)]::operator ()() const::[lambda(float) (instance 1)], std::array<char *, (unsigned long)2>>(int, T2, T3)"
:BasicsTransformerLM.layers.11.attn,PushPop,30,30,2,2,5248,2624.0,2624.0,2528,2720,135.8,"void at::native::elementwise_kernel<(int)128, (int)4, void at::native::gpu_kernel_impl_nocast<at::native::<unnamed>::CompareFunctor<long>>(at::TensorIteratorBase &, const T1 &)::[lambda(int) (instance 1)]>(int, T3)"
:BasicsTransformerLM.layers.11.attn,PushPop,30,30,2,2,1760,880.0,880.0,864,896,22.6,"void at::native::vectorized_elementwise_kernel<(int)4, at::native::FillFunctor<float>, std::array<char *, (unsigned long)1>>(int, T2, T3)"
:BasicsTransformerLM.layers.11.attn,PushPop,30,30,2,2,1664,832.0,832.0,768,896,90.5,"void <unnamed>::elementwise_kernel_with_index<int, at::native::arange_cuda_out(const c10::Scalar &, const c10::Scalar &, const c10::Scalar &, at::Tensor &)::[lambda() (instance 1)]::operator ()() const::[lambda() (instance 4)]::operator ()() const::[lambda(long) (instance 1)]>(T1, T2, function_traits<T2>::result_type *)"
:BasicsTransformerLM.layers.11.attn.k_proj,PushPop,30,30,2,2,186978,93489.0,93489.0,93409,93569,113.1,cutlass3x_sm100_simt_sgemm_f32_f32_f32_f32_f32_64x32x16_1x1x1_3_tnn_align1_bias_f32_relu
:BasicsTransformerLM.layers.11.attn.output_proj,PushPop,30,30,2,2,189090,94545.0,94545.0,94497,94593,67.9,cutlass3x_sm100_simt_sgemm_f32_f32_f32_f32_f32_64x32x16_1x1x1_3_tnn_align1_bias_f32_relu
:BasicsTransformerLM.layers.11.attn.q_proj,PushPop,30,30,2,2,187808,93904.0,93904.0,93824,93984,113.1,cutlass3x_sm100_simt_sgemm_f32_f32_f32_f32_f32_64x32x16_1x1x1_3_tnn_align1_bias_f32_relu
:BasicsTransformerLM.layers.11.attn.v_proj,PushPop,30,30,2,2,187712,93856.0,93856.0,93664,94048,271.5,cutlass3x_sm100_simt_sgemm_f32_f32_f32_f32_f32_64x32x16_1x1x1_3_tnn_align1_bias_f32_relu
:BasicsTransformerLM.layers.11.ffn,PushPop,30,30,2,4,1250118,312529.5,312449.5,312289,312930,288.5,cutlass3x_sm100_simt_sgemm_f32_f32_f32_f32_f32_64x128x16_1x1x1_3_tnn_align1_bias_f32_relu
:BasicsTransformerLM.layers.11.ffn,PushPop,30,30,2,2,720516,360258.0,360258.0,360130,360386,181.0,cutlass3x_sm100_simt_sgemm_f32_f32_f32_f32_f32_64x32x16_1x1x1_3_tnn_align1_bias_f32_relu
:BasicsTransformerLM.layers.11.ffn,PushPop,30,30,2,4,25280,6320.0,6352.0,5504,7072,787.5,"void at::native::vectorized_elementwise_kernel<(int)4, at::native::BinaryFunctor<float, float, float, at::native::binary_internal::MulFunctor<float>>, std::array<char *, (unsigned long)3>>(int, T2, T3)"
:BasicsTransformerLM.layers.11.ffn,PushPop,30,30,2,2,11712,5856.0,5856.0,5760,5952,135.8,"void at::native::vectorized_elementwise_kernel<(int)4, at::native::sigmoid_kernel_cuda(at::TensorIteratorBase &)::[lambda() (instance 2)]::operator ()() const::[lambda() (instance 2)]::operator ()() const::[lambda(float) (instance 1)], std::array<char *, (unsigned long)2>>(int, T2, T3)"
:BasicsTransformerLM.layers.11.ffn.w1,PushPop,30,30,2,2,625476,312738.0,312738.0,312546,312930,271.5,cutlass3x_sm100_simt_sgemm_f32_f32_f32_f32_f32_64x128x16_1x1x1_3_tnn_align1_bias_f32_relu
:BasicsTransformerLM.layers.11.ffn.w2,PushPop,30,30,2,2,720516,360258.0,360258.0,360130,360386,181.0,cutlass3x_sm100_simt_sgemm_f32_f32_f32_f32_f32_64x32x16_1x1x1_3_tnn_align1_bias_f32_relu
:BasicsTransformerLM.layers.11.ffn.w3,PushPop,30,30,2,2,624642,312321.0,312321.0,312289,312353,45.3,cutlass3x_sm100_simt_sgemm_f32_f32_f32_f32_f32_64x128x16_1x1x1_3_tnn_align1_bias_f32_relu
:BasicsTransformerLM.layers.11.ln1,PushPop,30,30,2,4,18592,4648.0,4640.0,4608,4704,40.3,"void at::native::elementwise_kernel<(int)128, (int)2, void at::native::gpu_kernel_impl_nocast<at::native::BinaryFunctor<float, float, float, at::native::binary_internal::MulFunctor<float>>>(at::TensorIteratorBase &, const T1 &)::[lambda(int) (instance 1)]>(int, T3)"
:BasicsTransformerLM.layers.11.ln1,PushPop,30,30,2,2,11904,5952.0,5952.0,5920,5984,45.3,"void at::native::reduce_kernel<(int)512, (int)1, at::native::ReduceOp<float, at::native::MeanOps<float, float, float, float>, unsigned int, float, (int)4, (int)4>>(T3)"
:BasicsTransformerLM.layers.11.ln1,PushPop,30,30,2,2,4736,2368.0,2368.0,2336,2400,45.3,"void at::native::vectorized_elementwise_kernel<(int)4, void at::native::<unnamed>::pow_tensor_scalar_kernel_impl<float, float>(at::TensorIteratorBase &, T2)::[lambda(float) (instance 1)], std::array<char *, (unsigned long)2>>(int, T2, T3)"
:BasicsTransformerLM.layers.11.ln1,PushPop,30,30,2,2,2752,1376.0,1376.0,1280,1472,135.8,"void at::native::vectorized_elementwise_kernel<(int)4, at::native::CUDAFunctorOnSelf_add<float>, std::array<char *, (unsigned long)2>>(int, T2, T3)"
:BasicsTransformerLM.layers.11.ln1,PushPop,30,30,2,2,2560,1280.0,1280.0,1280,1280,0.0,"void at::native::vectorized_elementwise_kernel<(int)4, at::native::rsqrt_kernel_cuda(at::TensorIteratorBase &)::[lambda() (instance 2)]::operator ()() const::[lambda() (instance 2)]::operator ()() const::[lambda(float) (instance 1)], std::array<char *, (unsigned long)2>>(int, T2, T3)"
:BasicsTransformerLM.layers.11.ln2,PushPop,30,30,2,4,18656,4664.0,4672.0,4608,4704,40.3,"void at::native::elementwise_kernel<(int)128, (int)2, void at::native::gpu_kernel_impl_nocast<at::native::BinaryFunctor<float, float, float, at::native::binary_internal::MulFunctor<float>>>(at::TensorIteratorBase &, const T1 &)::[lambda(int) (instance 1)]>(int, T3)"
:BasicsTransformerLM.layers.11.ln2,PushPop,30,30,2,2,11904,5952.0,5952.0,5920,5984,45.3,"void at::native::reduce_kernel<(int)512, (int)1, at::native::ReduceOp<float, at::native::MeanOps<float, float, float, float>, unsigned int, float, (int)4, (int)4>>(T3)"
:BasicsTransformerLM.layers.11.ln2,PushPop,30,30,2,2,4768,2384.0,2384.0,2336,2432,67.9,"void at::native::vectorized_elementwise_kernel<(int)4, void at::native::<unnamed>::pow_tensor_scalar_kernel_impl<float, float>(at::TensorIteratorBase &, T2)::[lambda(float) (instance 1)], std::array<char *, (unsigned long)2>>(int, T2, T3)"
:BasicsTransformerLM.layers.11.ln2,PushPop,30,30,2,2,2560,1280.0,1280.0,1088,1472,271.5,"void at::native::vectorized_elementwise_kernel<(int)4, at::native::CUDAFunctorOnSelf_add<float>, std::array<char *, (unsigned long)2>>(int, T2, T3)"
:BasicsTransformerLM.layers.11.ln2,PushPop,30,30,2,2,2272,1136.0,1136.0,1056,1216,113.1,"void at::native::vectorized_elementwise_kernel<(int)4, at::native::rsqrt_kernel_cuda(at::TensorIteratorBase &)::[lambda() (instance 2)]::operator ()() const::[lambda() (instance 2)]::operator ()() const::[lambda(float) (instance 1)], std::array<char *, (unsigned long)2>>(int, T2, T3)"
:BasicsTransformerLM.layers.12,PushPop,30,30,2,10,1469352,146935.2,93600.5,93377,360226,112330.2,cutlass3x_sm100_simt_sgemm_f32_f32_f32_f32_f32_64x32x16_1x1x1_3_tnn_align1_bias_f32_relu
:BasicsTransformerLM.layers.12,PushPop,30,30,2,4,1249766,312441.5,312513.0,312034,312706,291.2,cutlass3x_sm100_simt_sgemm_f32_f32_f32_f32_f32_64x128x16_1x1x1_3_tnn_align1_bias_f32_relu
:BasicsTransformerLM.layers.12,PushPop,30,30,2,24,90848,3785.3,3488.0,3104,4672,603.4,"void at::native::elementwise_kernel<(int)128, (int)2, void at::native::gpu_kernel_impl_nocast<at::native::BinaryFunctor<float, float, float, at::native::binary_internal::MulFunctor<float>>>(at::TensorIteratorBase &, const T1 &)::[lambda(int) (instance 1)]>(int, T3)"
:BasicsTransformerLM.layers.12,PushPop,30,30,2,2,53856,26928.0,26928.0,26816,27040,158.4,cutlass3x_sm100_simt_sgemm_f32_f32_f32_f32_f32_128x64x16_1x1x1_3_tnn_align1_bias_f32_relu
:BasicsTransformerLM.layers.12,PushPop,30,30,2,2,42464,21232.0,21232.0,21184,21280,67.9,cutlass3x_sm100_simt_sgemm_f32_f32_f32_f32_f32_64x32x16_1x1x1_3_nnn_align1_bias_f32_relu
:BasicsTransformerLM.layers.12,PushPop,30,30,2,4,36128,9032.0,9040.0,8896,9152,139.2,"void at::native::<unnamed>::CatArrayBatchedCopy<at::native::<unnamed>::OpaqueType<(unsigned int)4>, unsigned int, (int)4, (int)64, (int)64>(T1 *, at::native::<unnamed>::CatArrInputTensorMetadata<T1, T2, T4, T5>, at::native::<unnamed>::TensorSizeStride<T2, (unsigned int)4>, int, T2)"
:BasicsTransformerLM.layers.12,PushPop,30,30,2,2,30336,15168.0,15168.0,15168,15168,0.0,"void at::native::elementwise_kernel<(int)128, (int)2, void at::native::gpu_kernel_impl_nocast<at::native::BinaryFunctor<float, float, float, at::native::binary_internal::DivFunctor<float>>>(at::TensorIteratorBase &, const T1 &)::[lambda(int) (instance 1)]>(int, T3)"
:BasicsTransformerLM.layers.12,PushPop,30,30,2,12,29632,2469.3,2096.0,2016,3328,594.6,"void at::native::vectorized_elementwise_kernel<(int)4, at::native::CUDAFunctor_add<float>, std::array<char *, (unsigned long)3>>(int, T2, T3)"
:BasicsTransformerLM.layers.12,PushPop,30,30,2,2,26370,13185.0,13185.0,13153,13217,45.3,"void at::native::reduce_kernel<(int)512, (int)1, at::native::ReduceOp<float, at::native::MaxOps<float>, unsigned int, float, (int)4, (int)4>>(T3)"
:BasicsTransformerLM.layers.12,PushPop,30,30,2,2,26240,13120.0,13120.0,13056,13184,90.5,"void at::native::elementwise_kernel<(int)128, (int)2, void at::native::gpu_kernel_impl_nocast<at::native::<unnamed>::where_kernel_impl(at::TensorIterator &)::[lambda() (instance 1)]::operator ()() const::[lambda() (instance 11)]::operator ()() const::[lambda(bool, float, float) (instance 1)]>(at::TensorIteratorBase &, const T1 &)::[lambda(int) (instance 1)]>(int, T3)"
:BasicsTransformerLM.layers.12,PushPop,30,30,2,4,25536,6384.0,6368.0,5568,7232,924.7,"void at::native::vectorized_elementwise_kernel<(int)4, at::native::BinaryFunctor<float, float, float, at::native::binary_internal::MulFunctor<float>>, std::array<char *, (unsigned long)3>>(int, T2, T3)"
:BasicsTransformerLM.layers.12,PushPop,30,30,2,2,25344,12672.0,12672.0,12640,12704,45.3,"void at::native::elementwise_kernel<(int)128, (int)2, void at::native::gpu_kernel_impl_nocast<at::native::CUDAFunctor_add<float>>(at::TensorIteratorBase &, const T1 &)::[lambda(int) (instance 1)]>(int, T3)"
:BasicsTransformerLM.layers.12,PushPop,30,30,2,4,23841,5960.3,5952.5,5888,6048,71.1,"void at::native::reduce_kernel<(int)512, (int)1, at::native::ReduceOp<float, at::native::MeanOps<float, float, float, float>, unsigned int, float, (int)4, (int)4>>(T3)"
:BasicsTransformerLM.layers.12,PushPop,30,30,2,4,22112,5528.0,5520.0,4608,6464,1026.5,"void at::native::elementwise_kernel<(int)128, (int)2, void at::native::gpu_kernel_impl_nocast<at::native::direct_copy_kernel_cuda(at::TensorIteratorBase &)::[lambda() (instance 3)]::operator ()() const::[lambda() (instance 7)]::operator ()() const::[lambda(float) (instance 1)]>(at::TensorIteratorBase &, const T1 &)::[lambda(int) (instance 1)]>(int, T3)"
:BasicsTransformerLM.layers.12,PushPop,30,30,2,2,13952,6976.0,6976.0,6976,6976,0.0,"void at::native::reduce_kernel<(int)512, (int)1, at::native::ReduceOp<float, at::native::func_wrapper_t<float, at::native::sum_functor<float, float, float>::operator ()(at::TensorIterator &)::[lambda(float, float) (instance 1)]>, unsigned int, float, (int)4, (int)4>>(T3)"
:BasicsTransformerLM.layers.12,PushPop,30,30,2,2,11584,5792.0,5792.0,5792,5792,0.0,"void at::native::vectorized_elementwise_kernel<(int)4, at::native::sigmoid_kernel_cuda(at::TensorIteratorBase &)::[lambda() (instance 2)]::operator ()() const::[lambda() (instance 2)]::operator ()() const::[lambda(float) (instance 1)], std::array<char *, (unsigned long)2>>(int, T2, T3)"
:BasicsTransformerLM.layers.12,PushPop,30,30,2,2,10432,5216.0,5216.0,5152,5280,90.5,"void at::native::vectorized_elementwise_kernel<(int)4, at::native::exp_kernel_cuda(at::TensorIteratorBase &)::[lambda() (instance 2)]::operator ()() const::[lambda() (instance 2)]::operator ()() const::[lambda(float) (instance 1)], std::array<char *, (unsigned long)2>>(int, T2, T3)"
:BasicsTransformerLM.layers.12,PushPop,30,30,2,2,9952,4976.0,4976.0,4896,5056,113.1,"void at::native::vectorized_elementwise_kernel<(int)4, at::native::BUnaryFunctor<float, float, float, at::native::binary_internal::MulFunctor<float>>, std::array<char *, (unsigned long)2>>(int, T2, T3)"
:BasicsTransformerLM.layers.12,PushPop,30,30,2,4,9504,2376.0,2368.0,2336,2432,48.0,"void at::native::vectorized_elementwise_kernel<(int)4, void at::native::<unnamed>::pow_tensor_scalar_kernel_impl<float, float>(at::TensorIteratorBase &, T2)::[lambda(float) (instance 1)], std::array<char *, (unsigned long)2>>(int, T2, T3)"
:BasicsTransformerLM.layers.12,PushPop,30,30,2,4,5344,1336.0,1376.0,1088,1504,192.7,"void at::native::vectorized_elementwise_kernel<(int)4, at::native::CUDAFunctorOnSelf_add<float>, std::array<char *, (unsigned long)2>>(int, T2, T3)"
:BasicsTransformerLM.layers.12,PushPop,30,30,2,2,5088,2544.0,2544.0,2528,2560,22.6,"void at::native::elementwise_kernel<(int)128, (int)4, void at::native::gpu_kernel_impl_nocast<at::native::<unnamed>::CompareFunctor<long>>(at::TensorIteratorBase &, const T1 &)::[lambda(int) (instance 1)]>(int, T3)"
:BasicsTransformerLM.layers.12,PushPop,30,30,2,4,4576,1144.0,1168.0,1056,1184,60.6,"void at::native::vectorized_elementwise_kernel<(int)4, at::native::rsqrt_kernel_cuda(at::TensorIteratorBase &)::[lambda() (instance 2)]::operator ()() const::[lambda() (instance 2)]::operator ()() const::[lambda(float) (instance 1)], std::array<char *, (unsigned long)2>>(int, T2, T3)"
:BasicsTransformerLM.layers.12,PushPop,30,30,2,2,1760,880.0,880.0,864,896,22.6,"void at::native::vectorized_elementwise_kernel<(int)4, at::native::FillFunctor<float>, std::array<char *, (unsigned long)1>>(int, T2, T3)"
:BasicsTransformerLM.layers.12,PushPop,30,30,2,2,1696,848.0,848.0,768,928,113.1,"void <unnamed>::elementwise_kernel_with_index<int, at::native::arange_cuda_out(const c10::Scalar &, const c10::Scalar &, const c10::Scalar &, at::Tensor &)::[lambda() (instance 1)]::operator ()() const::[lambda() (instance 4)]::operator ()() const::[lambda(long) (instance 1)]>(T1, T2, function_traits<T2>::result_type *)"
:BasicsTransformerLM.layers.12.attn,PushPop,30,30,2,8,749220,93652.5,93504.0,93377,94240,322.4,cutlass3x_sm100_simt_sgemm_f32_f32_f32_f32_f32_64x32x16_1x1x1_3_tnn_align1_bias_f32_relu
:BasicsTransformerLM.layers.12.attn,PushPop,30,30,2,16,54048,3378.0,3424.0,3104,3584,163.2,"void at::native::elementwise_kernel<(int)128, (int)2, void at::native::gpu_kernel_impl_nocast<at::native::BinaryFunctor<float, float, float, at::native::binary_internal::MulFunctor<float>>>(at::TensorIteratorBase &, const T1 &)::[lambda(int) (instance 1)]>(int, T3)"
:BasicsTransformerLM.layers.12.attn,PushPop,30,30,2,2,53856,26928.0,26928.0,26816,27040,158.4,cutlass3x_sm100_simt_sgemm_f32_f32_f32_f32_f32_128x64x16_1x1x1_3_tnn_align1_bias_f32_relu
:BasicsTransformerLM.layers.12.attn,PushPop,30,30,2,2,42464,21232.0,21232.0,21184,21280,67.9,cutlass3x_sm100_simt_sgemm_f32_f32_f32_f32_f32_64x32x16_1x1x1_3_nnn_align1_bias_f32_relu
:BasicsTransformerLM.layers.12.attn,PushPop,30,30,2,4,36128,9032.0,9040.0,8896,9152,139.2,"void at::native::<unnamed>::CatArrayBatchedCopy<at::native::<unnamed>::OpaqueType<(unsigned int)4>, unsigned int, (int)4, (int)64, (int)64>(T1 *, at::native::<unnamed>::CatArrInputTensorMetadata<T1, T2, T4, T5>, at::native::<unnamed>::TensorSizeStride<T2, (unsigned int)4>, int, T2)"
:BasicsTransformerLM.layers.12.attn,PushPop,30,30,2,2,30336,15168.0,15168.0,15168,15168,0.0,"void at::native::elementwise_kernel<(int)128, (int)2, void at::native::gpu_kernel_impl_nocast<at::native::BinaryFunctor<float, float, float, at::native::binary_internal::DivFunctor<float>>>(at::TensorIteratorBase &, const T1 &)::[lambda(int) (instance 1)]>(int, T3)"
:BasicsTransformerLM.layers.12.attn,PushPop,30,30,2,2,26370,13185.0,13185.0,13153,13217,45.3,"void at::native::reduce_kernel<(int)512, (int)1, at::native::ReduceOp<float, at::native::MaxOps<float>, unsigned int, float, (int)4, (int)4>>(T3)"
:BasicsTransformerLM.layers.12.attn,PushPop,30,30,2,2,26240,13120.0,13120.0,13056,13184,90.5,"void at::native::elementwise_kernel<(int)128, (int)2, void at::native::gpu_kernel_impl_nocast<at::native::<unnamed>::where_kernel_impl(at::TensorIterator &)::[lambda() (instance 1)]::operator ()() const::[lambda() (instance 11)]::operator ()() const::[lambda(bool, float, float) (instance 1)]>(at::TensorIteratorBase &, const T1 &)::[lambda(int) (instance 1)]>(int, T3)"
:BasicsTransformerLM.layers.12.attn,PushPop,30,30,2,2,25344,12672.0,12672.0,12640,12704,45.3,"void at::native::elementwise_kernel<(int)128, (int)2, void at::native::gpu_kernel_impl_nocast<at::native::CUDAFunctor_add<float>>(at::TensorIteratorBase &, const T1 &)::[lambda(int) (instance 1)]>(int, T3)"
:BasicsTransformerLM.layers.12.attn,PushPop,30,30,2,4,22112,5528.0,5520.0,4608,6464,1026.5,"void at::native::elementwise_kernel<(int)128, (int)2, void at::native::gpu_kernel_impl_nocast<at::native::direct_copy_kernel_cuda(at::TensorIteratorBase &)::[lambda() (instance 3)]::operator ()() const::[lambda() (instance 7)]::operator ()() const::[lambda(float) (instance 1)]>(at::TensorIteratorBase &, const T1 &)::[lambda(int) (instance 1)]>(int, T3)"
:BasicsTransformerLM.layers.12.attn,PushPop,30,30,2,8,16544,2068.0,2064.0,2016,2144,45.1,"void at::native::vectorized_elementwise_kernel<(int)4, at::native::CUDAFunctor_add<float>, std::array<char *, (unsigned long)3>>(int, T2, T3)"
:BasicsTransformerLM.layers.12.attn,PushPop,30,30,2,2,13952,6976.0,6976.0,6976,6976,0.0,"void at::native::reduce_kernel<(int)512, (int)1, at::native::ReduceOp<float, at::native::func_wrapper_t<float, at::native::sum_functor<float, float, float>::operator ()(at::TensorIterator &)::[lambda(float, float) (instance 1)]>, unsigned int, float, (int)4, (int)4>>(T3)"
:BasicsTransformerLM.layers.12.attn,PushPop,30,30,2,2,10432,5216.0,5216.0,5152,5280,90.5,"void at::native::vectorized_elementwise_kernel<(int)4, at::native::exp_kernel_cuda(at::TensorIteratorBase &)::[lambda() (instance 2)]::operator ()() const::[lambda() (instance 2)]::operator ()() const::[lambda(float) (instance 1)], std::array<char *, (unsigned long)2>>(int, T2, T3)"
:BasicsTransformerLM.layers.12.attn,PushPop,30,30,2,2,9952,4976.0,4976.0,4896,5056,113.1,"void at::native::vectorized_elementwise_kernel<(int)4, at::native::BUnaryFunctor<float, float, float, at::native::binary_internal::MulFunctor<float>>, std::array<char *, (unsigned long)2>>(int, T2, T3)"
:BasicsTransformerLM.layers.12.attn,PushPop,30,30,2,2,5088,2544.0,2544.0,2528,2560,22.6,"void at::native::elementwise_kernel<(int)128, (int)4, void at::native::gpu_kernel_impl_nocast<at::native::<unnamed>::CompareFunctor<long>>(at::TensorIteratorBase &, const T1 &)::[lambda(int) (instance 1)]>(int, T3)"
:BasicsTransformerLM.layers.12.attn,PushPop,30,30,2,2,1760,880.0,880.0,864,896,22.6,"void at::native::vectorized_elementwise_kernel<(int)4, at::native::FillFunctor<float>, std::array<char *, (unsigned long)1>>(int, T2, T3)"
:BasicsTransformerLM.layers.12.attn,PushPop,30,30,2,2,1696,848.0,848.0,768,928,113.1,"void <unnamed>::elementwise_kernel_with_index<int, at::native::arange_cuda_out(const c10::Scalar &, const c10::Scalar &, const c10::Scalar &, at::Tensor &)::[lambda() (instance 1)]::operator ()() const::[lambda() (instance 4)]::operator ()() const::[lambda(long) (instance 1)]>(T1, T2, function_traits<T2>::result_type *)"
:BasicsTransformerLM.layers.12.attn.k_proj,PushPop,30,30,2,2,187008,93504.0,93504.0,93504,93504,0.0,cutlass3x_sm100_simt_sgemm_f32_f32_f32_f32_f32_64x32x16_1x1x1_3_tnn_align1_bias_f32_relu
:BasicsTransformerLM.layers.12.attn.output_proj,PushPop,30,30,2,2,188288,94144.0,94144.0,94048,94240,135.8,cutlass3x_sm100_simt_sgemm_f32_f32_f32_f32_f32_64x32x16_1x1x1_3_tnn_align1_bias_f32_relu
:BasicsTransformerLM.layers.12.attn.q_proj,PushPop,30,30,2,2,187138,93569.0,93569.0,93441,93697,181.0,cutlass3x_sm100_simt_sgemm_f32_f32_f32_f32_f32_64x32x16_1x1x1_3_tnn_align1_bias_f32_relu
:BasicsTransformerLM.layers.12.attn.v_proj,PushPop,30,30,2,2,186786,93393.0,93393.0,93377,93409,22.6,cutlass3x_sm100_simt_sgemm_f32_f32_f32_f32_f32_64x32x16_1x1x1_3_tnn_align1_bias_f32_relu
:BasicsTransformerLM.layers.12.ffn,PushPop,30,30,2,4,1249766,312441.5,312513.0,312034,312706,291.2,cutlass3x_sm100_simt_sgemm_f32_f32_f32_f32_f32_64x128x16_1x1x1_3_tnn_align1_bias_f32_relu
:BasicsTransformerLM.layers.12.ffn,PushPop,30,30,2,2,720132,360066.0,360066.0,359906,360226,226.3,cutlass3x_sm100_simt_sgemm_f32_f32_f32_f32_f32_64x32x16_1x1x1_3_tnn_align1_bias_f32_relu
:BasicsTransformerLM.layers.12.ffn,PushPop,30,30,2,4,25536,6384.0,6368.0,5568,7232,924.7,"void at::native::vectorized_elementwise_kernel<(int)4, at::native::BinaryFunctor<float, float, float, at::native::binary_internal::MulFunctor<float>>, std::array<char *, (unsigned long)3>>(int, T2, T3)"
:BasicsTransformerLM.layers.12.ffn,PushPop,30,30,2,2,11584,5792.0,5792.0,5792,5792,0.0,"void at::native::vectorized_elementwise_kernel<(int)4, at::native::sigmoid_kernel_cuda(at::TensorIteratorBase &)::[lambda() (instance 2)]::operator ()() const::[lambda() (instance 2)]::operator ()() const::[lambda(float) (instance 1)], std::array<char *, (unsigned long)2>>(int, T2, T3)"
:BasicsTransformerLM.layers.12.ffn.w1,PushPop,30,30,2,2,625026,312513.0,312513.0,312449,312577,90.5,cutlass3x_sm100_simt_sgemm_f32_f32_f32_f32_f32_64x128x16_1x1x1_3_tnn_align1_bias_f32_relu
:BasicsTransformerLM.layers.12.ffn.w2,PushPop,30,30,2,2,720132,360066.0,360066.0,359906,360226,226.3,cutlass3x_sm100_simt_sgemm_f32_f32_f32_f32_f32_64x32x16_1x1x1_3_tnn_align1_bias_f32_relu
:BasicsTransformerLM.layers.12.ffn.w3,PushPop,30,30,2,2,624740,312370.0,312370.0,312034,312706,475.2,cutlass3x_sm100_simt_sgemm_f32_f32_f32_f32_f32_64x128x16_1x1x1_3_tnn_align1_bias_f32_relu
:BasicsTransformerLM.layers.12.ln1,PushPop,30,30,2,4,18400,4600.0,4592.0,4544,4672,54.7,"void at::native::elementwise_kernel<(int)128, (int)2, void at::native::gpu_kernel_impl_nocast<at::native::BinaryFunctor<float, float, float, at::native::binary_internal::MulFunctor<float>>>(at::TensorIteratorBase &, const T1 &)::[lambda(int) (instance 1)]>(int, T3)"
:BasicsTransformerLM.layers.12.ln1,PushPop,30,30,2,2,11808,5904.0,5904.0,5888,5920,22.6,"void at::native::reduce_kernel<(int)512, (int)1, at::native::ReduceOp<float, at::native::MeanOps<float, float, float, float>, unsigned int, float, (int)4, (int)4>>(T3)"
:BasicsTransformerLM.layers.12.ln1,PushPop,30,30,2,2,4768,2384.0,2384.0,2336,2432,67.9,"void at::native::vectorized_elementwise_kernel<(int)4, void at::native::<unnamed>::pow_tensor_scalar_kernel_impl<float, float>(at::TensorIteratorBase &, T2)::[lambda(float) (instance 1)], std::array<char *, (unsigned long)2>>(int, T2, T3)"
:BasicsTransformerLM.layers.12.ln1,PushPop,30,30,2,2,2784,1392.0,1392.0,1280,1504,158.4,"void at::native::vectorized_elementwise_kernel<(int)4, at::native::CUDAFunctorOnSelf_add<float>, std::array<char *, (unsigned long)2>>(int, T2, T3)"
:BasicsTransformerLM.layers.12.ln1,PushPop,30,30,2,2,2336,1168.0,1168.0,1152,1184,22.6,"void at::native::vectorized_elementwise_kernel<(int)4, at::native::rsqrt_kernel_cuda(at::TensorIteratorBase &)::[lambda() (instance 2)]::operator ()() const::[lambda() (instance 2)]::operator ()() const::[lambda(float) (instance 1)], std::array<char *, (unsigned long)2>>(int, T2, T3)"
:BasicsTransformerLM.layers.12.ln2,PushPop,30,30,2,4,18400,4600.0,4608.0,4576,4608,16.0,"void at::native::elementwise_kernel<(int)128, (int)2, void at::native::gpu_kernel_impl_nocast<at::native::BinaryFunctor<float, float, float, at::native::binary_internal::MulFunctor<float>>>(at::TensorIteratorBase &, const T1 &)::[lambda(int) (instance 1)]>(int, T3)"
:BasicsTransformerLM.layers.12.ln2,PushPop,30,30,2,2,12033,6016.5,6016.5,5985,6048,44.5,"void at::native::reduce_kernel<(int)512, (int)1, at::native::ReduceOp<float, at::native::MeanOps<float, float, float, float>, unsigned int, float, (int)4, (int)4>>(T3)"
:BasicsTransformerLM.layers.12.ln2,PushPop,30,30,2,2,4736,2368.0,2368.0,2336,2400,45.3,"void at::native::vectorized_elementwise_kernel<(int)4, void at::native::<unnamed>::pow_tensor_scalar_kernel_impl<float, float>(at::TensorIteratorBase &, T2)::[lambda(float) (instance 1)], std::array<char *, (unsigned long)2>>(int, T2, T3)"
:BasicsTransformerLM.layers.12.ln2,PushPop,30,30,2,2,2560,1280.0,1280.0,1088,1472,271.5,"void at::native::vectorized_elementwise_kernel<(int)4, at::native::CUDAFunctorOnSelf_add<float>, std::array<char *, (unsigned long)2>>(int, T2, T3)"
:BasicsTransformerLM.layers.12.ln2,PushPop,30,30,2,2,2240,1120.0,1120.0,1056,1184,90.5,"void at::native::vectorized_elementwise_kernel<(int)4, at::native::rsqrt_kernel_cuda(at::TensorIteratorBase &)::[lambda() (instance 2)]::operator ()() const::[lambda() (instance 2)]::operator ()() const::[lambda(float) (instance 1)], std::array<char *, (unsigned long)2>>(int, T2, T3)"
:BasicsTransformerLM.layers.13,PushPop,30,30,2,10,1471720,147172.0,93536.5,93440,362274,112771.7,cutlass3x_sm100_simt_sgemm_f32_f32_f32_f32_f32_64x32x16_1x1x1_3_tnn_align1_bias_f32_relu
:BasicsTransformerLM.layers.13,PushPop,30,30,2,4,1249542,312385.5,312401.5,312161,312578,175.6,cutlass3x_sm100_simt_sgemm_f32_f32_f32_f32_f32_64x128x16_1x1x1_3_tnn_align1_bias_f32_relu
:BasicsTransformerLM.layers.13,PushPop,30,30,2,24,91809,3825.4,3520.0,3104,4672,596.6,"void at::native::elementwise_kernel<(int)128, (int)2, void at::native::gpu_kernel_impl_nocast<at::native::BinaryFunctor<float, float, float, at::native::binary_internal::MulFunctor<float>>>(at::TensorIteratorBase &, const T1 &)::[lambda(int) (instance 1)]>(int, T3)"
:BasicsTransformerLM.layers.13,PushPop,30,30,2,2,53792,26896.0,26896.0,26880,26912,22.6,cutlass3x_sm100_simt_sgemm_f32_f32_f32_f32_f32_128x64x16_1x1x1_3_tnn_align1_bias_f32_relu
:BasicsTransformerLM.layers.13,PushPop,30,30,2,2,42240,21120.0,21120.0,21120,21120,0.0,cutlass3x_sm100_simt_sgemm_f32_f32_f32_f32_f32_64x32x16_1x1x1_3_nnn_align1_bias_f32_relu
:BasicsTransformerLM.layers.13,PushPop,30,30,2,4,36256,9064.0,9072.0,8864,9248,170.1,"void at::native::<unnamed>::CatArrayBatchedCopy<at::native::<unnamed>::OpaqueType<(unsigned int)4>, unsigned int, (int)4, (int)64, (int)64>(T1 *, at::native::<unnamed>::CatArrInputTensorMetadata<T1, T2, T4, T5>, at::native::<unnamed>::TensorSizeStride<T2, (unsigned int)4>, int, T2)"
:BasicsTransformerLM.layers.13,PushPop,30,30,2,2,30496,15248.0,15248.0,15232,15264,22.6,"void at::native::elementwise_kernel<(int)128, (int)2, void at::native::gpu_kernel_impl_nocast<at::native::BinaryFunctor<float, float, float, at::native::binary_internal::DivFunctor<float>>>(at::TensorIteratorBase &, const T1 &)::[lambda(int) (instance 1)]>(int, T3)"
:BasicsTransformerLM.layers.13,PushPop,30,30,2,12,29856,2488.0,2128.0,1920,3584,649.1,"void at::native::vectorized_elementwise_kernel<(int)4, at::native::CUDAFunctor_add<float>, std::array<char *, (unsigned long)3>>(int, T2, T3)"
:BasicsTransformerLM.layers.13,PushPop,30,30,2,2,26240,13120.0,13120.0,13088,13152,45.3,"void at::native::reduce_kernel<(int)512, (int)1, at::native::ReduceOp<float, at::native::MaxOps<float>, unsigned int, float, (int)4, (int)4>>(T3)"
:BasicsTransformerLM.layers.13,PushPop,30,30,2,2,26176,13088.0,13088.0,13056,13120,45.3,"void at::native::elementwise_kernel<(int)128, (int)2, void at::native::gpu_kernel_impl_nocast<at::native::<unnamed>::where_kernel_impl(at::TensorIterator &)::[lambda() (instance 1)]::operator ()() const::[lambda() (instance 11)]::operator ()() const::[lambda(bool, float, float) (instance 1)]>(at::TensorIteratorBase &, const T1 &)::[lambda(int) (instance 1)]>(int, T3)"
:BasicsTransformerLM.layers.13,PushPop,30,30,2,4,25696,6424.0,6432.0,5664,7168,841.1,"void at::native::vectorized_elementwise_kernel<(int)4, at::native::BinaryFunctor<float, float, float, at::native::binary_internal::MulFunctor<float>>, std::array<char *, (unsigned long)3>>(int, T2, T3)"
:BasicsTransformerLM.layers.13,PushPop,30,30,2,2,25312,12656.0,12656.0,12608,12704,67.9,"void at::native::elementwise_kernel<(int)128, (int)2, void at::native::gpu_kernel_impl_nocast<at::native::CUDAFunctor_add<float>>(at::TensorIteratorBase &, const T1 &)::[lambda(int) (instance 1)]>(int, T3)"
:BasicsTransformerLM.layers.13,PushPop,30,30,2,4,23904,5976.0,5984.0,5952,5984,16.0,"void at::native::reduce_kernel<(int)512, (int)1, at::native::ReduceOp<float, at::native::MeanOps<float, float, float, float>, unsigned int, float, (int)4, (int)4>>(T3)"
:BasicsTransformerLM.layers.13,PushPop,30,30,2,4,22272,5568.0,5568.0,4640,6496,1053.2,"void at::native::elementwise_kernel<(int)128, (int)2, void at::native::gpu_kernel_impl_nocast<at::native::direct_copy_kernel_cuda(at::TensorIteratorBase &)::[lambda() (instance 3)]::operator ()() const::[lambda() (instance 7)]::operator ()() const::[lambda(float) (instance 1)]>(at::TensorIteratorBase &, const T1 &)::[lambda(int) (instance 1)]>(int, T3)"
:BasicsTransformerLM.layers.13,PushPop,30,30,2,2,13984,6992.0,6992.0,6976,7008,22.6,"void at::native::reduce_kernel<(int)512, (int)1, at::native::ReduceOp<float, at::native::func_wrapper_t<float, at::native::sum_functor<float, float, float>::operator ()(at::TensorIterator &)::[lambda(float, float) (instance 1)]>, unsigned int, float, (int)4, (int)4>>(T3)"
:BasicsTransformerLM.layers.13,PushPop,30,30,2,2,11616,5808.0,5808.0,5792,5824,22.6,"void at::native::vectorized_elementwise_kernel<(int)4, at::native::sigmoid_kernel_cuda(at::TensorIteratorBase &)::[lambda() (instance 2)]::operator ()() const::[lambda() (instance 2)]::operator ()() const::[lambda(float) (instance 1)], std::array<char *, (unsigned long)2>>(int, T2, T3)"
:BasicsTransformerLM.layers.13,PushPop,30,30,2,2,10208,5104.0,5104.0,5088,5120,22.6,"void at::native::vectorized_elementwise_kernel<(int)4, at::native::BUnaryFunctor<float, float, float, at::native::binary_internal::MulFunctor<float>>, std::array<char *, (unsigned long)2>>(int, T2, T3)"
:BasicsTransformerLM.layers.13,PushPop,30,30,2,2,10208,5104.0,5104.0,5056,5152,67.9,"void at::native::vectorized_elementwise_kernel<(int)4, at::native::exp_kernel_cuda(at::TensorIteratorBase &)::[lambda() (instance 2)]::operator ()() const::[lambda() (instance 2)]::operator ()() const::[lambda(float) (instance 1)], std::array<char *, (unsigned long)2>>(int, T2, T3)"
:BasicsTransformerLM.layers.13,PushPop,30,30,2,4,9600,2400.0,2400.0,2336,2464,58.4,"void at::native::vectorized_elementwise_kernel<(int)4, void at::native::<unnamed>::pow_tensor_scalar_kernel_impl<float, float>(at::TensorIteratorBase &, T2)::[lambda(float) (instance 1)], std::array<char *, (unsigned long)2>>(int, T2, T3)"
:BasicsTransformerLM.layers.13,PushPop,30,30,2,4,5920,1480.0,1456.0,1280,1728,185.4,"void at::native::vectorized_elementwise_kernel<(int)4, at::native::CUDAFunctorOnSelf_add<float>, std::array<char *, (unsigned long)2>>(int, T2, T3)"
:BasicsTransformerLM.layers.13,PushPop,30,30,2,2,5248,2624.0,2624.0,2496,2752,181.0,"void at::native::elementwise_kernel<(int)128, (int)4, void at::native::gpu_kernel_impl_nocast<at::native::<unnamed>::CompareFunctor<long>>(at::TensorIteratorBase &, const T1 &)::[lambda(int) (instance 1)]>(int, T3)"
:BasicsTransformerLM.layers.13,PushPop,30,30,2,4,4928,1232.0,1200.0,1184,1344,76.2,"void at::native::vectorized_elementwise_kernel<(int)4, at::native::rsqrt_kernel_cuda(at::TensorIteratorBase &)::[lambda() (instance 2)]::operator ()() const::[lambda() (instance 2)]::operator ()() const::[lambda(float) (instance 1)], std::array<char *, (unsigned long)2>>(int, T2, T3)"
:BasicsTransformerLM.layers.13,PushPop,30,30,2,2,1728,864.0,864.0,864,864,0.0,"void at::native::vectorized_elementwise_kernel<(int)4, at::native::FillFunctor<float>, std::array<char *, (unsigned long)1>>(int, T2, T3)"
:BasicsTransformerLM.layers.13,PushPop,30,30,2,2,1632,816.0,816.0,736,896,113.1,"void <unnamed>::elementwise_kernel_with_index<int, at::native::arange_cuda_out(const c10::Scalar &, const c10::Scalar &, const c10::Scalar &, at::Tensor &)::[lambda() (instance 1)]::operator ()() const::[lambda() (instance 4)]::operator ()() const::[lambda(long) (instance 1)]>(T1, T2, function_traits<T2>::result_type *)"
:BasicsTransformerLM.layers.13.attn,PushPop,30,30,2,8,749444,93680.5,93520.0,93440,94273,357.9,cutlass3x_sm100_simt_sgemm_f32_f32_f32_f32_f32_64x32x16_1x1x1_3_tnn_align1_bias_f32_relu
:BasicsTransformerLM.layers.13.attn,PushPop,30,30,2,16,54721,3420.1,3456.0,3104,3552,139.5,"void at::native::elementwise_kernel<(int)128, (int)2, void at::native::gpu_kernel_impl_nocast<at::native::BinaryFunctor<float, float, float, at::native::binary_internal::MulFunctor<float>>>(at::TensorIteratorBase &, const T1 &)::[lambda(int) (instance 1)]>(int, T3)"
:BasicsTransformerLM.layers.13.attn,PushPop,30,30,2,2,53792,26896.0,26896.0,26880,26912,22.6,cutlass3x_sm100_simt_sgemm_f32_f32_f32_f32_f32_128x64x16_1x1x1_3_tnn_align1_bias_f32_relu
:BasicsTransformerLM.layers.13.attn,PushPop,30,30,2,2,42240,21120.0,21120.0,21120,21120,0.0,cutlass3x_sm100_simt_sgemm_f32_f32_f32_f32_f32_64x32x16_1x1x1_3_nnn_align1_bias_f32_relu
:BasicsTransformerLM.layers.13.attn,PushPop,30,30,2,4,36256,9064.0,9072.0,8864,9248,170.1,"void at::native::<unnamed>::CatArrayBatchedCopy<at::native::<unnamed>::OpaqueType<(unsigned int)4>, unsigned int, (int)4, (int)64, (int)64>(T1 *, at::native::<unnamed>::CatArrInputTensorMetadata<T1, T2, T4, T5>, at::native::<unnamed>::TensorSizeStride<T2, (unsigned int)4>, int, T2)"
:BasicsTransformerLM.layers.13.attn,PushPop,30,30,2,2,30496,15248.0,15248.0,15232,15264,22.6,"void at::native::elementwise_kernel<(int)128, (int)2, void at::native::gpu_kernel_impl_nocast<at::native::BinaryFunctor<float, float, float, at::native::binary_internal::DivFunctor<float>>>(at::TensorIteratorBase &, const T1 &)::[lambda(int) (instance 1)]>(int, T3)"
:BasicsTransformerLM.layers.13.attn,PushPop,30,30,2,2,26240,13120.0,13120.0,13088,13152,45.3,"void at::native::reduce_kernel<(int)512, (int)1, at::native::ReduceOp<float, at::native::MaxOps<float>, unsigned int, float, (int)4, (int)4>>(T3)"
:BasicsTransformerLM.layers.13.attn,PushPop,30,30,2,2,26176,13088.0,13088.0,13056,13120,45.3,"void at::native::elementwise_kernel<(int)128, (int)2, void at::native::gpu_kernel_impl_nocast<at::native::<unnamed>::where_kernel_impl(at::TensorIterator &)::[lambda() (instance 1)]::operator ()() const::[lambda() (instance 11)]::operator ()() const::[lambda(bool, float, float) (instance 1)]>(at::TensorIteratorBase &, const T1 &)::[lambda(int) (instance 1)]>(int, T3)"
:BasicsTransformerLM.layers.13.attn,PushPop,30,30,2,2,25312,12656.0,12656.0,12608,12704,67.9,"void at::native::elementwise_kernel<(int)128, (int)2, void at::native::gpu_kernel_impl_nocast<at::native::CUDAFunctor_add<float>>(at::TensorIteratorBase &, const T1 &)::[lambda(int) (instance 1)]>(int, T3)"
:BasicsTransformerLM.layers.13.attn,PushPop,30,30,2,4,22272,5568.0,5568.0,4640,6496,1053.2,"void at::native::elementwise_kernel<(int)128, (int)2, void at::native::gpu_kernel_impl_nocast<at::native::direct_copy_kernel_cuda(at::TensorIteratorBase &)::[lambda() (instance 3)]::operator ()() const::[lambda() (instance 7)]::operator ()() const::[lambda(float) (instance 1)]>(at::TensorIteratorBase &, const T1 &)::[lambda(int) (instance 1)]>(int, T3)"
:BasicsTransformerLM.layers.13.attn,PushPop,30,30,2,8,16448,2056.0,2064.0,1920,2208,102.3,"void at::native::vectorized_elementwise_kernel<(int)4, at::native::CUDAFunctor_add<float>, std::array<char *, (unsigned long)3>>(int, T2, T3)"
:BasicsTransformerLM.layers.13.attn,PushPop,30,30,2,2,13984,6992.0,6992.0,6976,7008,22.6,"void at::native::reduce_kernel<(int)512, (int)1, at::native::ReduceOp<float, at::native::func_wrapper_t<float, at::native::sum_functor<float, float, float>::operator ()(at::TensorIterator &)::[lambda(float, float) (instance 1)]>, unsigned int, float, (int)4, (int)4>>(T3)"
:BasicsTransformerLM.layers.13.attn,PushPop,30,30,2,2,10208,5104.0,5104.0,5088,5120,22.6,"void at::native::vectorized_elementwise_kernel<(int)4, at::native::BUnaryFunctor<float, float, float, at::native::binary_internal::MulFunctor<float>>, std::array<char *, (unsigned long)2>>(int, T2, T3)"
:BasicsTransformerLM.layers.13.attn,PushPop,30,30,2,2,10208,5104.0,5104.0,5056,5152,67.9,"void at::native::vectorized_elementwise_kernel<(int)4, at::native::exp_kernel_cuda(at::TensorIteratorBase &)::[lambda() (instance 2)]::operator ()() const::[lambda() (instance 2)]::operator ()() const::[lambda(float) (instance 1)], std::array<char *, (unsigned long)2>>(int, T2, T3)"
:BasicsTransformerLM.layers.13.attn,PushPop,30,30,2,2,5248,2624.0,2624.0,2496,2752,181.0,"void at::native::elementwise_kernel<(int)128, (int)4, void at::native::gpu_kernel_impl_nocast<at::native::<unnamed>::CompareFunctor<long>>(at::TensorIteratorBase &, const T1 &)::[lambda(int) (instance 1)]>(int, T3)"
:BasicsTransformerLM.layers.13.attn,PushPop,30,30,2,2,1728,864.0,864.0,864,864,0.0,"void at::native::vectorized_elementwise_kernel<(int)4, at::native::FillFunctor<float>, std::array<char *, (unsigned long)1>>(int, T2, T3)"
:BasicsTransformerLM.layers.13.attn,PushPop,30,30,2,2,1632,816.0,816.0,736,896,113.1,"void <unnamed>::elementwise_kernel_with_index<int, at::native::arange_cuda_out(const c10::Scalar &, const c10::Scalar &, const c10::Scalar &, at::Tensor &)::[lambda() (instance 1)]::operator ()() const::[lambda() (instance 4)]::operator ()() const::[lambda(long) (instance 1)]>(T1, T2, function_traits<T2>::result_type *)"
:BasicsTransformerLM.layers.13.attn.k_proj,PushPop,30,30,2,2,187010,93505.0,93505.0,93473,93537,45.3,cutlass3x_sm100_simt_sgemm_f32_f32_f32_f32_f32_64x32x16_1x1x1_3_tnn_align1_bias_f32_relu
:BasicsTransformerLM.layers.13.attn.output_proj,PushPop,30,30,2,2,188514,94257.0,94257.0,94241,94273,22.6,cutlass3x_sm100_simt_sgemm_f32_f32_f32_f32_f32_64x32x16_1x1x1_3_tnn_align1_bias_f32_relu
:BasicsTransformerLM.layers.13.attn.q_proj,PushPop,30,30,2,2,186976,93488.0,93488.0,93440,93536,67.9,cutlass3x_sm100_simt_sgemm_f32_f32_f32_f32_f32_64x32x16_1x1x1_3_tnn_align1_bias_f32_relu
:BasicsTransformerLM.layers.13.attn.v_proj,PushPop,30,30,2,2,186944,93472.0,93472.0,93440,93504,45.3,cutlass3x_sm100_simt_sgemm_f32_f32_f32_f32_f32_64x32x16_1x1x1_3_tnn_align1_bias_f32_relu
:BasicsTransformerLM.layers.13.ffn,PushPop,30,30,2,4,1249542,312385.5,312401.5,312161,312578,175.6,cutlass3x_sm100_simt_sgemm_f32_f32_f32_f32_f32_64x128x16_1x1x1_3_tnn_align1_bias_f32_relu
:BasicsTransformerLM.layers.13.ffn,PushPop,30,30,2,2,722276,361138.0,361138.0,360002,362274,1606.5,cutlass3x_sm100_simt_sgemm_f32_f32_f32_f32_f32_64x32x16_1x1x1_3_tnn_align1_bias_f32_relu
:BasicsTransformerLM.layers.13.ffn,PushPop,30,30,2,4,25696,6424.0,6432.0,5664,7168,841.1,"void at::native::vectorized_elementwise_kernel<(int)4, at::native::BinaryFunctor<float, float, float, at::native::binary_internal::MulFunctor<float>>, std::array<char *, (unsigned long)3>>(int, T2, T3)"
:BasicsTransformerLM.layers.13.ffn,PushPop,30,30,2,2,11616,5808.0,5808.0,5792,5824,22.6,"void at::native::vectorized_elementwise_kernel<(int)4, at::native::sigmoid_kernel_cuda(at::TensorIteratorBase &)::[lambda() (instance 2)]::operator ()() const::[lambda() (instance 2)]::operator ()() const::[lambda(float) (instance 1)], std::array<char *, (unsigned long)2>>(int, T2, T3)"
:BasicsTransformerLM.layers.13.ffn.w1,PushPop,30,30,2,2,624932,312466.0,312466.0,312354,312578,158.4,cutlass3x_sm100_simt_sgemm_f32_f32_f32_f32_f32_64x128x16_1x1x1_3_tnn_align1_bias_f32_relu
:BasicsTransformerLM.layers.13.ffn.w2,PushPop,30,30,2,2,722276,361138.0,361138.0,360002,362274,1606.5,cutlass3x_sm100_simt_sgemm_f32_f32_f32_f32_f32_64x32x16_1x1x1_3_tnn_align1_bias_f32_relu
:BasicsTransformerLM.layers.13.ffn.w3,PushPop,30,30,2,2,624610,312305.0,312305.0,312161,312449,203.6,cutlass3x_sm100_simt_sgemm_f32_f32_f32_f32_f32_64x128x16_1x1x1_3_tnn_align1_bias_f32_relu
:BasicsTransformerLM.layers.13.ln1,PushPop,30,30,2,4,18560,4640.0,4640.0,4608,4672,26.1,"void at::native::elementwise_kernel<(int)128, (int)2, void at::native::gpu_kernel_impl_nocast<at::native::BinaryFunctor<float, float, float, at::native::binary_internal::MulFunctor<float>>>(at::TensorIteratorBase &, const T1 &)::[lambda(int) (instance 1)]>(int, T3)"
:BasicsTransformerLM.layers.13.ln1,PushPop,30,30,2,2,11968,5984.0,5984.0,5984,5984,0.0,"void at::native::reduce_kernel<(int)512, (int)1, at::native::ReduceOp<float, at::native::MeanOps<float, float, float, float>, unsigned int, float, (int)4, (int)4>>(T3)"
:BasicsTransformerLM.layers.13.ln1,PushPop,30,30,2,2,4800,2400.0,2400.0,2368,2432,45.3,"void at::native::vectorized_elementwise_kernel<(int)4, void at::native::<unnamed>::pow_tensor_scalar_kernel_impl<float, float>(at::TensorIteratorBase &, T2)::[lambda(float) (instance 1)], std::array<char *, (unsigned long)2>>(int, T2, T3)"
:BasicsTransformerLM.layers.13.ln1,PushPop,30,30,2,2,3008,1504.0,1504.0,1280,1728,316.8,"void at::native::vectorized_elementwise_kernel<(int)4, at::native::CUDAFunctorOnSelf_add<float>, std::array<char *, (unsigned long)2>>(int, T2, T3)"
:BasicsTransformerLM.layers.13.ln1,PushPop,30,30,2,2,2560,1280.0,1280.0,1216,1344,90.5,"void at::native::vectorized_elementwise_kernel<(int)4, at::native::rsqrt_kernel_cuda(at::TensorIteratorBase &)::[lambda() (instance 2)]::operator ()() const::[lambda() (instance 2)]::operator ()() const::[lambda(float) (instance 1)], std::array<char *, (unsigned long)2>>(int, T2, T3)"
:BasicsTransformerLM.layers.13.ln2,PushPop,30,30,2,4,18528,4632.0,4640.0,4576,4672,48.0,"void at::native::elementwise_kernel<(int)128, (int)2, void at::native::gpu_kernel_impl_nocast<at::native::BinaryFunctor<float, float, float, at::native::binary_internal::MulFunctor<float>>>(at::TensorIteratorBase &, const T1 &)::[lambda(int) (instance 1)]>(int, T3)"
:BasicsTransformerLM.layers.13.ln2,PushPop,30,30,2,2,11936,5968.0,5968.0,5952,5984,22.6,"void at::native::reduce_kernel<(int)512, (int)1, at::native::ReduceOp<float, at::native::MeanOps<float, float, float, float>, unsigned int, float, (int)4, (int)4>>(T3)"
:BasicsTransformerLM.layers.13.ln2,PushPop,30,30,2,2,4800,2400.0,2400.0,2336,2464,90.5,"void at::native::vectorized_elementwise_kernel<(int)4, void at::native::<unnamed>::pow_tensor_scalar_kernel_impl<float, float>(at::TensorIteratorBase &, T2)::[lambda(float) (instance 1)], std::array<char *, (unsigned long)2>>(int, T2, T3)"
:BasicsTransformerLM.layers.13.ln2,PushPop,30,30,2,2,2912,1456.0,1456.0,1440,1472,22.6,"void at::native::vectorized_elementwise_kernel<(int)4, at::native::CUDAFunctorOnSelf_add<float>, std::array<char *, (unsigned long)2>>(int, T2, T3)"
:BasicsTransformerLM.layers.13.ln2,PushPop,30,30,2,2,2368,1184.0,1184.0,1184,1184,0.0,"void at::native::vectorized_elementwise_kernel<(int)4, at::native::rsqrt_kernel_cuda(at::TensorIteratorBase &)::[lambda() (instance 2)]::operator ()() const::[lambda() (instance 2)]::operator ()() const::[lambda(float) (instance 1)], std::array<char *, (unsigned long)2>>(int, T2, T3)"
:BasicsTransformerLM.layers.14,PushPop,30,30,2,10,1470216,147021.6,93729.0,93376,360322,112352.2,cutlass3x_sm100_simt_sgemm_f32_f32_f32_f32_f32_64x32x16_1x1x1_3_tnn_align1_bias_f32_relu
:BasicsTransformerLM.layers.14,PushPop,30,30,2,4,1249830,312457.5,312465.5,312226,312673,204.1,cutlass3x_sm100_simt_sgemm_f32_f32_f32_f32_f32_64x128x16_1x1x1_3_tnn_align1_bias_f32_relu
:BasicsTransformerLM.layers.14,PushPop,30,30,2,24,91553,3814.7,3504.0,3104,4832,614.1,"void at::native::elementwise_kernel<(int)128, (int)2, void at::native::gpu_kernel_impl_nocast<at::native::BinaryFunctor<float, float, float, at::native::binary_internal::MulFunctor<float>>>(at::TensorIteratorBase &, const T1 &)::[lambda(int) (instance 1)]>(int, T3)"
:BasicsTransformerLM.layers.14,PushPop,30,30,2,2,53600,26800.0,26800.0,26720,26880,113.1,cutlass3x_sm100_simt_sgemm_f32_f32_f32_f32_f32_128x64x16_1x1x1_3_tnn_align1_bias_f32_relu
:BasicsTransformerLM.layers.14,PushPop,30,30,2,2,42496,21248.0,21248.0,21216,21280,45.3,cutlass3x_sm100_simt_sgemm_f32_f32_f32_f32_f32_64x32x16_1x1x1_3_nnn_align1_bias_f32_relu
:BasicsTransformerLM.layers.14,PushPop,30,30,2,4,36576,9144.0,9168.0,8992,9248,115.0,"void at::native::<unnamed>::CatArrayBatchedCopy<at::native::<unnamed>::OpaqueType<(unsigned int)4>, unsigned int, (int)4, (int)64, (int)64>(T1 *, at::native::<unnamed>::CatArrInputTensorMetadata<T1, T2, T4, T5>, at::native::<unnamed>::TensorSizeStride<T2, (unsigned int)4>, int, T2)"
:BasicsTransformerLM.layers.14,PushPop,30,30,2,2,30400,15200.0,15200.0,15168,15232,45.3,"void at::native::elementwise_kernel<(int)128, (int)2, void at::native::gpu_kernel_impl_nocast<at::native::BinaryFunctor<float, float, float, at::native::binary_internal::DivFunctor<float>>>(at::TensorIteratorBase &, const T1 &)::[lambda(int) (instance 1)]>(int, T3)"
:BasicsTransformerLM.layers.14,PushPop,30,30,2,12,29952,2496.0,2112.0,1984,3616,635.6,"void at::native::vectorized_elementwise_kernel<(int)4, at::native::CUDAFunctor_add<float>, std::array<char *, (unsigned long)3>>(int, T2, T3)"
:BasicsTransformerLM.layers.14,PushPop,30,30,2,2,26433,13216.5,13216.5,13184,13249,46.0,"void at::native::reduce_kernel<(int)512, (int)1, at::native::ReduceOp<float, at::native::MaxOps<float>, unsigned int, float, (int)4, (int)4>>(T3)"
:BasicsTransformerLM.layers.14,PushPop,30,30,2,2,26016,13008.0,13008.0,12992,13024,22.6,"void at::native::elementwise_kernel<(int)128, (int)2, void at::native::gpu_kernel_impl_nocast<at::native::<unnamed>::where_kernel_impl(at::TensorIterator &)::[lambda() (instance 1)]::operator ()() const::[lambda() (instance 11)]::operator ()() const::[lambda(bool, float, float) (instance 1)]>(at::TensorIteratorBase &, const T1 &)::[lambda(int) (instance 1)]>(int, T3)"
:BasicsTransformerLM.layers.14,PushPop,30,30,2,4,25664,6416.0,6336.0,5728,7264,759.3,"void at::native::vectorized_elementwise_kernel<(int)4, at::native::BinaryFunctor<float, float, float, at::native::binary_internal::MulFunctor<float>>, std::array<char *, (unsigned long)3>>(int, T2, T3)"
:BasicsTransformerLM.layers.14,PushPop,30,30,2,2,25377,12688.5,12688.5,12673,12704,21.9,"void at::native::elementwise_kernel<(int)128, (int)2, void at::native::gpu_kernel_impl_nocast<at::native::CUDAFunctor_add<float>>(at::TensorIteratorBase &, const T1 &)::[lambda(int) (instance 1)]>(int, T3)"
:BasicsTransformerLM.layers.14,PushPop,30,30,2,4,23840,5960.0,5984.0,5888,5984,48.0,"void at::native::reduce_kernel<(int)512, (int)1, at::native::ReduceOp<float, at::native::MeanOps<float, float, float, float>, unsigned int, float, (int)4, (int)4>>(T3)"
:BasicsTransformerLM.layers.14,PushPop,30,30,2,4,22336,5584.0,5552.0,4608,6624,1076.2,"void at::native::elementwise_kernel<(int)128, (int)2, void at::native::gpu_kernel_impl_nocast<at::native::direct_copy_kernel_cuda(at::TensorIteratorBase &)::[lambda() (instance 3)]::operator ()() const::[lambda() (instance 7)]::operator ()() const::[lambda(float) (instance 1)]>(at::TensorIteratorBase &, const T1 &)::[lambda(int) (instance 1)]>(int, T3)"
:BasicsTransformerLM.layers.14,PushPop,30,30,2,2,13888,6944.0,6944.0,6912,6976,45.3,"void at::native::reduce_kernel<(int)512, (int)1, at::native::ReduceOp<float, at::native::func_wrapper_t<float, at::native::sum_functor<float, float, float>::operator ()(at::TensorIterator &)::[lambda(float, float) (instance 1)]>, unsigned int, float, (int)4, (int)4>>(T3)"
:BasicsTransformerLM.layers.14,PushPop,30,30,2,2,11616,5808.0,5808.0,5760,5856,67.9,"void at::native::vectorized_elementwise_kernel<(int)4, at::native::sigmoid_kernel_cuda(at::TensorIteratorBase &)::[lambda() (instance 2)]::operator ()() const::[lambda() (instance 2)]::operator ()() const::[lambda(float) (instance 1)], std::array<char *, (unsigned long)2>>(int, T2, T3)"
:BasicsTransformerLM.layers.14,PushPop,30,30,2,2,10144,5072.0,5072.0,4992,5152,113.1,"void at::native::vectorized_elementwise_kernel<(int)4, at::native::BUnaryFunctor<float, float, float, at::native::binary_internal::MulFunctor<float>>, std::array<char *, (unsigned long)2>>(int, T2, T3)"
:BasicsTransformerLM.layers.14,PushPop,30,30,2,2,10112,5056.0,5056.0,4992,5120,90.5,"void at::native::vectorized_elementwise_kernel<(int)4, at::native::exp_kernel_cuda(at::TensorIteratorBase &)::[lambda() (instance 2)]::operator ()() const::[lambda() (instance 2)]::operator ()() const::[lambda(float) (instance 1)], std::array<char *, (unsigned long)2>>(int, T2, T3)"
:BasicsTransformerLM.layers.14,PushPop,30,30,2,4,9440,2360.0,2336.0,2304,2464,71.0,"void at::native::vectorized_elementwise_kernel<(int)4, void at::native::<unnamed>::pow_tensor_scalar_kernel_impl<float, float>(at::TensorIteratorBase &, T2)::[lambda(float) (instance 1)], std::array<char *, (unsigned long)2>>(int, T2, T3)"
:BasicsTransformerLM.layers.14,PushPop,30,30,2,4,6080,1520.0,1536.0,1280,1728,191.1,"void at::native::vectorized_elementwise_kernel<(int)4, at::native::CUDAFunctorOnSelf_add<float>, std::array<char *, (unsigned long)2>>(int, T2, T3)"
:BasicsTransformerLM.layers.14,PushPop,30,30,2,4,5152,1288.0,1328.0,1120,1376,120.8,"void at::native::vectorized_elementwise_kernel<(int)4, at::native::rsqrt_kernel_cuda(at::TensorIteratorBase &)::[lambda() (instance 2)]::operator ()() const::[lambda() (instance 2)]::operator ()() const::[lambda(float) (instance 1)], std::array<char *, (unsigned long)2>>(int, T2, T3)"
:BasicsTransformerLM.layers.14,PushPop,30,30,2,2,5088,2544.0,2544.0,2464,2624,113.1,"void at::native::elementwise_kernel<(int)128, (int)4, void at::native::gpu_kernel_impl_nocast<at::native::<unnamed>::CompareFunctor<long>>(at::TensorIteratorBase &, const T1 &)::[lambda(int) (instance 1)]>(int, T3)"
:BasicsTransformerLM.layers.14,PushPop,30,30,2,2,1760,880.0,880.0,864,896,22.6,"void at::native::vectorized_elementwise_kernel<(int)4, at::native::FillFunctor<float>, std::array<char *, (unsigned long)1>>(int, T2, T3)"
:BasicsTransformerLM.layers.14,PushPop,30,30,2,2,1632,816.0,816.0,736,896,113.1,"void <unnamed>::elementwise_kernel_with_index<int, at::native::arange_cuda_out(const c10::Scalar &, const c10::Scalar &, const c10::Scalar &, at::Tensor &)::[lambda() (instance 1)]::operator ()() const::[lambda() (instance 4)]::operator ()() const::[lambda(long) (instance 1)]>(T1, T2, function_traits<T2>::result_type *)"
:BasicsTransformerLM.layers.14.attn,PushPop,30,30,2,8,749828,93728.5,93617.0,93376,94432,349.5,cutlass3x_sm100_simt_sgemm_f32_f32_f32_f32_f32_64x32x16_1x1x1_3_tnn_align1_bias_f32_relu
:BasicsTransformerLM.layers.14.attn,PushPop,30,30,2,16,54432,3402.0,3456.0,3104,3648,169.2,"void at::native::elementwise_kernel<(int)128, (int)2, void at::native::gpu_kernel_impl_nocast<at::native::BinaryFunctor<float, float, float, at::native::binary_internal::MulFunctor<float>>>(at::TensorIteratorBase &, const T1 &)::[lambda(int) (instance 1)]>(int, T3)"
:BasicsTransformerLM.layers.14.attn,PushPop,30,30,2,2,53600,26800.0,26800.0,26720,26880,113.1,cutlass3x_sm100_simt_sgemm_f32_f32_f32_f32_f32_128x64x16_1x1x1_3_tnn_align1_bias_f32_relu
:BasicsTransformerLM.layers.14.attn,PushPop,30,30,2,2,42496,21248.0,21248.0,21216,21280,45.3,cutlass3x_sm100_simt_sgemm_f32_f32_f32_f32_f32_64x32x16_1x1x1_3_nnn_align1_bias_f32_relu
:BasicsTransformerLM.layers.14.attn,PushPop,30,30,2,4,36576,9144.0,9168.0,8992,9248,115.0,"void at::native::<unnamed>::CatArrayBatchedCopy<at::native::<unnamed>::OpaqueType<(unsigned int)4>, unsigned int, (int)4, (int)64, (int)64>(T1 *, at::native::<unnamed>::CatArrInputTensorMetadata<T1, T2, T4, T5>, at::native::<unnamed>::TensorSizeStride<T2, (unsigned int)4>, int, T2)"
:BasicsTransformerLM.layers.14.attn,PushPop,30,30,2,2,30400,15200.0,15200.0,15168,15232,45.3,"void at::native::elementwise_kernel<(int)128, (int)2, void at::native::gpu_kernel_impl_nocast<at::native::BinaryFunctor<float, float, float, at::native::binary_internal::DivFunctor<float>>>(at::TensorIteratorBase &, const T1 &)::[lambda(int) (instance 1)]>(int, T3)"
:BasicsTransformerLM.layers.14.attn,PushPop,30,30,2,2,26433,13216.5,13216.5,13184,13249,46.0,"void at::native::reduce_kernel<(int)512, (int)1, at::native::ReduceOp<float, at::native::MaxOps<float>, unsigned int, float, (int)4, (int)4>>(T3)"
:BasicsTransformerLM.layers.14.attn,PushPop,30,30,2,2,26016,13008.0,13008.0,12992,13024,22.6,"void at::native::elementwise_kernel<(int)128, (int)2, void at::native::gpu_kernel_impl_nocast<at::native::<unnamed>::where_kernel_impl(at::TensorIterator &)::[lambda() (instance 1)]::operator ()() const::[lambda() (instance 11)]::operator ()() const::[lambda(bool, float, float) (instance 1)]>(at::TensorIteratorBase &, const T1 &)::[lambda(int) (instance 1)]>(int, T3)"
:BasicsTransformerLM.layers.14.attn,PushPop,30,30,2,2,25377,12688.5,12688.5,12673,12704,21.9,"void at::native::elementwise_kernel<(int)128, (int)2, void at::native::gpu_kernel_impl_nocast<at::native::CUDAFunctor_add<float>>(at::TensorIteratorBase &, const T1 &)::[lambda(int) (instance 1)]>(int, T3)"
:BasicsTransformerLM.layers.14.attn,PushPop,30,30,2,4,22336,5584.0,5552.0,4608,6624,1076.2,"void at::native::elementwise_kernel<(int)128, (int)2, void at::native::gpu_kernel_impl_nocast<at::native::direct_copy_kernel_cuda(at::TensorIteratorBase &)::[lambda() (instance 3)]::operator ()() const::[lambda() (instance 7)]::operator ()() const::[lambda(float) (instance 1)]>(at::TensorIteratorBase &, const T1 &)::[lambda(int) (instance 1)]>(int, T3)"
:BasicsTransformerLM.layers.14.attn,PushPop,30,30,2,8,16576,2072.0,2080.0,1984,2176,65.7,"void at::native::vectorized_elementwise_kernel<(int)4, at::native::CUDAFunctor_add<float>, std::array<char *, (unsigned long)3>>(int, T2, T3)"
:BasicsTransformerLM.layers.14.attn,PushPop,30,30,2,2,13888,6944.0,6944.0,6912,6976,45.3,"void at::native::reduce_kernel<(int)512, (int)1, at::native::ReduceOp<float, at::native::func_wrapper_t<float, at::native::sum_functor<float, float, float>::operator ()(at::TensorIterator &)::[lambda(float, float) (instance 1)]>, unsigned int, float, (int)4, (int)4>>(T3)"
:BasicsTransformerLM.layers.14.attn,PushPop,30,30,2,2,10144,5072.0,5072.0,4992,5152,113.1,"void at::native::vectorized_elementwise_kernel<(int)4, at::native::BUnaryFunctor<float, float, float, at::native::binary_internal::MulFunctor<float>>, std::array<char *, (unsigned long)2>>(int, T2, T3)"
:BasicsTransformerLM.layers.14.attn,PushPop,30,30,2,2,10112,5056.0,5056.0,4992,5120,90.5,"void at::native::vectorized_elementwise_kernel<(int)4, at::native::exp_kernel_cuda(at::TensorIteratorBase &)::[lambda() (instance 2)]::operator ()() const::[lambda() (instance 2)]::operator ()() const::[lambda(float) (instance 1)], std::array<char *, (unsigned long)2>>(int, T2, T3)"
:BasicsTransformerLM.layers.14.attn,PushPop,30,30,2,2,5088,2544.0,2544.0,2464,2624,113.1,"void at::native::elementwise_kernel<(int)128, (int)4, void at::native::gpu_kernel_impl_nocast<at::native::<unnamed>::CompareFunctor<long>>(at::TensorIteratorBase &, const T1 &)::[lambda(int) (instance 1)]>(int, T3)"
:BasicsTransformerLM.layers.14.attn,PushPop,30,30,2,2,1760,880.0,880.0,864,896,22.6,"void at::native::vectorized_elementwise_kernel<(int)4, at::native::FillFunctor<float>, std::array<char *, (unsigned long)1>>(int, T2, T3)"
:BasicsTransformerLM.layers.14.attn,PushPop,30,30,2,2,1632,816.0,816.0,736,896,113.1,"void <unnamed>::elementwise_kernel_with_index<int, at::native::arange_cuda_out(const c10::Scalar &, const c10::Scalar &, const c10::Scalar &, at::Tensor &)::[lambda() (instance 1)]::operator ()() const::[lambda() (instance 4)]::operator ()() const::[lambda(long) (instance 1)]>(T1, T2, function_traits<T2>::result_type *)"
:BasicsTransformerLM.layers.14.attn.k_proj,PushPop,30,30,2,2,186912,93456.0,93456.0,93376,93536,113.1,cutlass3x_sm100_simt_sgemm_f32_f32_f32_f32_f32_64x32x16_1x1x1_3_tnn_align1_bias_f32_relu
:BasicsTransformerLM.layers.14.attn.output_proj,PushPop,30,30,2,2,188448,94224.0,94224.0,94016,94432,294.2,cutlass3x_sm100_simt_sgemm_f32_f32_f32_f32_f32_64x32x16_1x1x1_3_tnn_align1_bias_f32_relu
:BasicsTransformerLM.layers.14.attn.q_proj,PushPop,30,30,2,2,187106,93553.0,93553.0,93441,93665,158.4,cutlass3x_sm100_simt_sgemm_f32_f32_f32_f32_f32_64x32x16_1x1x1_3_tnn_align1_bias_f32_relu
:BasicsTransformerLM.layers.14.attn.v_proj,PushPop,30,30,2,2,187362,93681.0,93681.0,93569,93793,158.4,cutlass3x_sm100_simt_sgemm_f32_f32_f32_f32_f32_64x32x16_1x1x1_3_tnn_align1_bias_f32_relu
:BasicsTransformerLM.layers.14.ffn,PushPop,30,30,2,4,1249830,312457.5,312465.5,312226,312673,204.1,cutlass3x_sm100_simt_sgemm_f32_f32_f32_f32_f32_64x128x16_1x1x1_3_tnn_align1_bias_f32_relu
:BasicsTransformerLM.layers.14.ffn,PushPop,30,30,2,2,720388,360194.0,360194.0,360066,360322,181.0,cutlass3x_sm100_simt_sgemm_f32_f32_f32_f32_f32_64x32x16_1x1x1_3_tnn_align1_bias_f32_relu
:BasicsTransformerLM.layers.14.ffn,PushPop,30,30,2,4,25664,6416.0,6336.0,5728,7264,759.3,"void at::native::vectorized_elementwise_kernel<(int)4, at::native::BinaryFunctor<float, float, float, at::native::binary_internal::MulFunctor<float>>, std::array<char *, (unsigned long)3>>(int, T2, T3)"
:BasicsTransformerLM.layers.14.ffn,PushPop,30,30,2,2,11616,5808.0,5808.0,5760,5856,67.9,"void at::native::vectorized_elementwise_kernel<(int)4, at::native::sigmoid_kernel_cuda(at::TensorIteratorBase &)::[lambda() (instance 2)]::operator ()() const::[lambda() (instance 2)]::operator ()() const::[lambda(float) (instance 1)], std::array<char *, (unsigned long)2>>(int, T2, T3)"
:BasicsTransformerLM.layers.14.ffn.w1,PushPop,30,30,2,2,625250,312625.0,312625.0,312577,312673,67.9,cutlass3x_sm100_simt_sgemm_f32_f32_f32_f32_f32_64x128x16_1x1x1_3_tnn_align1_bias_f32_relu
:BasicsTransformerLM.layers.14.ffn.w2,PushPop,30,30,2,2,720388,360194.0,360194.0,360066,360322,181.0,cutlass3x_sm100_simt_sgemm_f32_f32_f32_f32_f32_64x32x16_1x1x1_3_tnn_align1_bias_f32_relu
:BasicsTransformerLM.layers.14.ffn.w3,PushPop,30,30,2,2,624580,312290.0,312290.0,312226,312354,90.5,cutlass3x_sm100_simt_sgemm_f32_f32_f32_f32_f32_64x128x16_1x1x1_3_tnn_align1_bias_f32_relu
:BasicsTransformerLM.layers.14.ln1,PushPop,30,30,2,4,18592,4648.0,4608.0,4544,4832,129.0,"void at::native::elementwise_kernel<(int)128, (int)2, void at::native::gpu_kernel_impl_nocast<at::native::BinaryFunctor<float, float, float, at::native::binary_internal::MulFunctor<float>>>(at::TensorIteratorBase &, const T1 &)::[lambda(int) (instance 1)]>(int, T3)"
:BasicsTransformerLM.layers.14.ln1,PushPop,30,30,2,2,11872,5936.0,5936.0,5888,5984,67.9,"void at::native::reduce_kernel<(int)512, (int)1, at::native::ReduceOp<float, at::native::MeanOps<float, float, float, float>, unsigned int, float, (int)4, (int)4>>(T3)"
:BasicsTransformerLM.layers.14.ln1,PushPop,30,30,2,2,4768,2384.0,2384.0,2304,2464,113.1,"void at::native::vectorized_elementwise_kernel<(int)4, void at::native::<unnamed>::pow_tensor_scalar_kernel_impl<float, float>(at::TensorIteratorBase &, T2)::[lambda(float) (instance 1)], std::array<char *, (unsigned long)2>>(int, T2, T3)"
:BasicsTransformerLM.layers.14.ln1,PushPop,30,30,2,2,3008,1504.0,1504.0,1280,1728,316.8,"void at::native::vectorized_elementwise_kernel<(int)4, at::native::CUDAFunctorOnSelf_add<float>, std::array<char *, (unsigned long)2>>(int, T2, T3)"
:BasicsTransformerLM.layers.14.ln1,PushPop,30,30,2,2,2496,1248.0,1248.0,1120,1376,181.0,"void at::native::vectorized_elementwise_kernel<(int)4, at::native::rsqrt_kernel_cuda(at::TensorIteratorBase &)::[lambda() (instance 2)]::operator ()() const::[lambda() (instance 2)]::operator ()() const::[lambda(float) (instance 1)], std::array<char *, (unsigned long)2>>(int, T2, T3)"
:BasicsTransformerLM.layers.14.ln2,PushPop,30,30,2,4,18529,4632.3,4608.0,4576,4737,76.1,"void at::native::elementwise_kernel<(int)128, (int)2, void at::native::gpu_kernel_impl_nocast<at::native::BinaryFunctor<float, float, float, at::native::binary_internal::MulFunctor<float>>>(at::TensorIteratorBase &, const T1 &)::[lambda(int) (instance 1)]>(int, T3)"
:BasicsTransformerLM.layers.14.ln2,PushPop,30,30,2,2,11968,5984.0,5984.0,5984,5984,0.0,"void at::native::reduce_kernel<(int)512, (int)1, at::native::ReduceOp<float, at::native::MeanOps<float, float, float, float>, unsigned int, float, (int)4, (int)4>>(T3)"
:BasicsTransformerLM.layers.14.ln2,PushPop,30,30,2,2,4672,2336.0,2336.0,2336,2336,0.0,"void at::native::vectorized_elementwise_kernel<(int)4, void at::native::<unnamed>::pow_tensor_scalar_kernel_impl<float, float>(at::TensorIteratorBase &, T2)::[lambda(float) (instance 1)], std::array<char *, (unsigned long)2>>(int, T2, T3)"
:BasicsTransformerLM.layers.14.ln2,PushPop,30,30,2,2,3072,1536.0,1536.0,1472,1600,90.5,"void at::native::vectorized_elementwise_kernel<(int)4, at::native::CUDAFunctorOnSelf_add<float>, std::array<char *, (unsigned long)2>>(int, T2, T3)"
:BasicsTransformerLM.layers.14.ln2,PushPop,30,30,2,2,2656,1328.0,1328.0,1280,1376,67.9,"void at::native::vectorized_elementwise_kernel<(int)4, at::native::rsqrt_kernel_cuda(at::TensorIteratorBase &)::[lambda() (instance 2)]::operator ()() const::[lambda() (instance 2)]::operator ()() const::[lambda(float) (instance 1)], std::array<char *, (unsigned long)2>>(int, T2, T3)"
:BasicsTransformerLM.layers.15,PushPop,30,30,2,10,1471176,147117.6,93792.5,93504,360418,112402.6,cutlass3x_sm100_simt_sgemm_f32_f32_f32_f32_f32_64x32x16_1x1x1_3_tnn_align1_bias_f32_relu
:BasicsTransformerLM.layers.15,PushPop,30,30,2,4,1249766,312441.5,312529.5,312129,312578,213.3,cutlass3x_sm100_simt_sgemm_f32_f32_f32_f32_f32_64x128x16_1x1x1_3_tnn_align1_bias_f32_relu
:BasicsTransformerLM.layers.15,PushPop,30,30,2,24,92000,3833.3,3504.0,3104,4736,612.3,"void at::native::elementwise_kernel<(int)128, (int)2, void at::native::gpu_kernel_impl_nocast<at::native::BinaryFunctor<float, float, float, at::native::binary_internal::MulFunctor<float>>>(at::TensorIteratorBase &, const T1 &)::[lambda(int) (instance 1)]>(int, T3)"
:BasicsTransformerLM.layers.15,PushPop,30,30,2,2,53664,26832.0,26832.0,26816,26848,22.6,cutlass3x_sm100_simt_sgemm_f32_f32_f32_f32_f32_128x64x16_1x1x1_3_tnn_align1_bias_f32_relu
:BasicsTransformerLM.layers.15,PushPop,30,30,2,2,42112,21056.0,21056.0,21056,21056,0.0,cutlass3x_sm100_simt_sgemm_f32_f32_f32_f32_f32_64x32x16_1x1x1_3_nnn_align1_bias_f32_relu
:BasicsTransformerLM.layers.15,PushPop,30,30,2,4,36256,9064.0,9040.0,8960,9216,126.3,"void at::native::<unnamed>::CatArrayBatchedCopy<at::native::<unnamed>::OpaqueType<(unsigned int)4>, unsigned int, (int)4, (int)64, (int)64>(T1 *, at::native::<unnamed>::CatArrInputTensorMetadata<T1, T2, T4, T5>, at::native::<unnamed>::TensorSizeStride<T2, (unsigned int)4>, int, T2)"
:BasicsTransformerLM.layers.15,PushPop,30,30,2,2,30528,15264.0,15264.0,15200,15328,90.5,"void at::native::elementwise_kernel<(int)128, (int)2, void at::native::gpu_kernel_impl_nocast<at::native::BinaryFunctor<float, float, float, at::native::binary_internal::DivFunctor<float>>>(at::TensorIteratorBase &, const T1 &)::[lambda(int) (instance 1)]>(int, T3)"
:BasicsTransformerLM.layers.15,PushPop,30,30,2,12,29920,2493.3,2080.0,1920,3744,708.8,"void at::native::vectorized_elementwise_kernel<(int)4, at::native::CUDAFunctor_add<float>, std::array<char *, (unsigned long)3>>(int, T2, T3)"
:BasicsTransformerLM.layers.15,PushPop,30,30,2,2,26464,13232.0,13232.0,13120,13344,158.4,"void at::native::reduce_kernel<(int)512, (int)1, at::native::ReduceOp<float, at::native::MaxOps<float>, unsigned int, float, (int)4, (int)4>>(T3)"
:BasicsTransformerLM.layers.15,PushPop,30,30,2,2,26080,13040.0,13040.0,13024,13056,22.6,"void at::native::elementwise_kernel<(int)128, (int)2, void at::native::gpu_kernel_impl_nocast<at::native::<unnamed>::where_kernel_impl(at::TensorIterator &)::[lambda() (instance 1)]::operator ()() const::[lambda() (instance 11)]::operator ()() const::[lambda(bool, float, float) (instance 1)]>(at::TensorIteratorBase &, const T1 &)::[lambda(int) (instance 1)]>(int, T3)"
:BasicsTransformerLM.layers.15,PushPop,30,30,2,2,25248,12624.0,12624.0,12608,12640,22.6,"void at::native::elementwise_kernel<(int)128, (int)2, void at::native::gpu_kernel_impl_nocast<at::native::CUDAFunctor_add<float>>(at::TensorIteratorBase &, const T1 &)::[lambda(int) (instance 1)]>(int, T3)"
:BasicsTransformerLM.layers.15,PushPop,30,30,2,4,25120,6280.0,6208.0,5472,7232,892.3,"void at::native::vectorized_elementwise_kernel<(int)4, at::native::BinaryFunctor<float, float, float, at::native::binary_internal::MulFunctor<float>>, std::array<char *, (unsigned long)3>>(int, T2, T3)"
:BasicsTransformerLM.layers.15,PushPop,30,30,2,4,23840,5960.0,5952.0,5952,5984,16.0,"void at::native::reduce_kernel<(int)512, (int)1, at::native::ReduceOp<float, at::native::MeanOps<float, float, float, float>, unsigned int, float, (int)4, (int)4>>(T3)"
:BasicsTransformerLM.layers.15,PushPop,30,30,2,4,22112,5528.0,5536.0,4640,6400,988.9,"void at::native::elementwise_kernel<(int)128, (int)2, void at::native::gpu_kernel_impl_nocast<at::native::direct_copy_kernel_cuda(at::TensorIteratorBase &)::[lambda() (instance 3)]::operator ()() const::[lambda() (instance 7)]::operator ()() const::[lambda(float) (instance 1)]>(at::TensorIteratorBase &, const T1 &)::[lambda(int) (instance 1)]>(int, T3)"
:BasicsTransformerLM.layers.15,PushPop,30,30,2,2,13952,6976.0,6976.0,6912,7040,90.5,"void at::native::reduce_kernel<(int)512, (int)1, at::native::ReduceOp<float, at::native::func_wrapper_t<float, at::native::sum_functor<float, float, float>::operator ()(at::TensorIterator &)::[lambda(float, float) (instance 1)]>, unsigned int, float, (int)4, (int)4>>(T3)"
:BasicsTransformerLM.layers.15,PushPop,30,30,2,2,11584,5792.0,5792.0,5728,5856,90.5,"void at::native::vectorized_elementwise_kernel<(int)4, at::native::sigmoid_kernel_cuda(at::TensorIteratorBase &)::[lambda() (instance 2)]::operator ()() const::[lambda() (instance 2)]::operator ()() const::[lambda(float) (instance 1)], std::array<char *, (unsigned long)2>>(int, T2, T3)"
:BasicsTransformerLM.layers.15,PushPop,30,30,2,2,10272,5136.0,5136.0,5056,5216,113.1,"void at::native::vectorized_elementwise_kernel<(int)4, at::native::exp_kernel_cuda(at::TensorIteratorBase &)::[lambda() (instance 2)]::operator ()() const::[lambda() (instance 2)]::operator ()() const::[lambda(float) (instance 1)], std::array<char *, (unsigned long)2>>(int, T2, T3)"
:BasicsTransformerLM.layers.15,PushPop,30,30,2,2,9952,4976.0,4976.0,4960,4992,22.6,"void at::native::vectorized_elementwise_kernel<(int)4, at::native::BUnaryFunctor<float, float, float, at::native::binary_internal::MulFunctor<float>>, std::array<char *, (unsigned long)2>>(int, T2, T3)"
:BasicsTransformerLM.layers.15,PushPop,30,30,2,4,9632,2408.0,2416.0,2368,2432,30.6,"void at::native::vectorized_elementwise_kernel<(int)4, void at::native::<unnamed>::pow_tensor_scalar_kernel_impl<float, float>(at::TensorIteratorBase &, T2)::[lambda(float) (instance 1)], std::array<char *, (unsigned long)2>>(int, T2, T3)"
:BasicsTransformerLM.layers.15,PushPop,30,30,2,4,5728,1432.0,1440.0,1248,1600,146.4,"void at::native::vectorized_elementwise_kernel<(int)4, at::native::CUDAFunctorOnSelf_add<float>, std::array<char *, (unsigned long)2>>(int, T2, T3)"
:BasicsTransformerLM.layers.15,PushPop,30,30,2,2,5344,2672.0,2672.0,2624,2720,67.9,"void at::native::elementwise_kernel<(int)128, (int)4, void at::native::gpu_kernel_impl_nocast<at::native::<unnamed>::CompareFunctor<long>>(at::TensorIteratorBase &, const T1 &)::[lambda(int) (instance 1)]>(int, T3)"
:BasicsTransformerLM.layers.15,PushPop,30,30,2,4,5152,1288.0,1296.0,1152,1408,105.7,"void at::native::vectorized_elementwise_kernel<(int)4, at::native::rsqrt_kernel_cuda(at::TensorIteratorBase &)::[lambda() (instance 2)]::operator ()() const::[lambda() (instance 2)]::operator ()() const::[lambda(float) (instance 1)], std::array<char *, (unsigned long)2>>(int, T2, T3)"
:BasicsTransformerLM.layers.15,PushPop,30,30,2,2,1760,880.0,880.0,864,896,22.6,"void at::native::vectorized_elementwise_kernel<(int)4, at::native::FillFunctor<float>, std::array<char *, (unsigned long)1>>(int, T2, T3)"
:BasicsTransformerLM.layers.15,PushPop,30,30,2,2,1632,816.0,816.0,736,896,113.1,"void <unnamed>::elementwise_kernel_with_index<int, at::native::arange_cuda_out(const c10::Scalar &, const c10::Scalar &, const c10::Scalar &, at::Tensor &)::[lambda() (instance 1)]::operator ()() const::[lambda() (instance 4)]::operator ()() const::[lambda(long) (instance 1)]>(T1, T2, function_traits<T2>::result_type *)"
:BasicsTransformerLM.layers.15.attn,PushPop,30,30,2,8,750404,93800.5,93760.5,93504,94337,293.9,cutlass3x_sm100_simt_sgemm_f32_f32_f32_f32_f32_64x32x16_1x1x1_3_tnn_align1_bias_f32_relu
:BasicsTransformerLM.layers.15.attn,PushPop,30,30,2,16,54656,3416.0,3456.0,3104,3520,130.4,"void at::native::elementwise_kernel<(int)128, (int)2, void at::native::gpu_kernel_impl_nocast<at::native::BinaryFunctor<float, float, float, at::native::binary_internal::MulFunctor<float>>>(at::TensorIteratorBase &, const T1 &)::[lambda(int) (instance 1)]>(int, T3)"
:BasicsTransformerLM.layers.15.attn,PushPop,30,30,2,2,53664,26832.0,26832.0,26816,26848,22.6,cutlass3x_sm100_simt_sgemm_f32_f32_f32_f32_f32_128x64x16_1x1x1_3_tnn_align1_bias_f32_relu
:BasicsTransformerLM.layers.15.attn,PushPop,30,30,2,2,42112,21056.0,21056.0,21056,21056,0.0,cutlass3x_sm100_simt_sgemm_f32_f32_f32_f32_f32_64x32x16_1x1x1_3_nnn_align1_bias_f32_relu
:BasicsTransformerLM.layers.15.attn,PushPop,30,30,2,4,36256,9064.0,9040.0,8960,9216,126.3,"void at::native::<unnamed>::CatArrayBatchedCopy<at::native::<unnamed>::OpaqueType<(unsigned int)4>, unsigned int, (int)4, (int)64, (int)64>(T1 *, at::native::<unnamed>::CatArrInputTensorMetadata<T1, T2, T4, T5>, at::native::<unnamed>::TensorSizeStride<T2, (unsigned int)4>, int, T2)"
:BasicsTransformerLM.layers.15.attn,PushPop,30,30,2,2,30528,15264.0,15264.0,15200,15328,90.5,"void at::native::elementwise_kernel<(int)128, (int)2, void at::native::gpu_kernel_impl_nocast<at::native::BinaryFunctor<float, float, float, at::native::binary_internal::DivFunctor<float>>>(at::TensorIteratorBase &, const T1 &)::[lambda(int) (instance 1)]>(int, T3)"
:BasicsTransformerLM.layers.15.attn,PushPop,30,30,2,2,26464,13232.0,13232.0,13120,13344,158.4,"void at::native::reduce_kernel<(int)512, (int)1, at::native::ReduceOp<float, at::native::MaxOps<float>, unsigned int, float, (int)4, (int)4>>(T3)"
:BasicsTransformerLM.layers.15.attn,PushPop,30,30,2,2,26080,13040.0,13040.0,13024,13056,22.6,"void at::native::elementwise_kernel<(int)128, (int)2, void at::native::gpu_kernel_impl_nocast<at::native::<unnamed>::where_kernel_impl(at::TensorIterator &)::[lambda() (instance 1)]::operator ()() const::[lambda() (instance 11)]::operator ()() const::[lambda(bool, float, float) (instance 1)]>(at::TensorIteratorBase &, const T1 &)::[lambda(int) (instance 1)]>(int, T3)"
:BasicsTransformerLM.layers.15.attn,PushPop,30,30,2,2,25248,12624.0,12624.0,12608,12640,22.6,"void at::native::elementwise_kernel<(int)128, (int)2, void at::native::gpu_kernel_impl_nocast<at::native::CUDAFunctor_add<float>>(at::TensorIteratorBase &, const T1 &)::[lambda(int) (instance 1)]>(int, T3)"
:BasicsTransformerLM.layers.15.attn,PushPop,30,30,2,4,22112,5528.0,5536.0,4640,6400,988.9,"void at::native::elementwise_kernel<(int)128, (int)2, void at::native::gpu_kernel_impl_nocast<at::native::direct_copy_kernel_cuda(at::TensorIteratorBase &)::[lambda() (instance 3)]::operator ()() const::[lambda() (instance 7)]::operator ()() const::[lambda(float) (instance 1)]>(at::TensorIteratorBase &, const T1 &)::[lambda(int) (instance 1)]>(int, T3)"
:BasicsTransformerLM.layers.15.attn,PushPop,30,30,2,8,16192,2024.0,2032.0,1920,2144,81.6,"void at::native::vectorized_elementwise_kernel<(int)4, at::native::CUDAFunctor_add<float>, std::array<char *, (unsigned long)3>>(int, T2, T3)"
:BasicsTransformerLM.layers.15.attn,PushPop,30,30,2,2,13952,6976.0,6976.0,6912,7040,90.5,"void at::native::reduce_kernel<(int)512, (int)1, at::native::ReduceOp<float, at::native::func_wrapper_t<float, at::native::sum_functor<float, float, float>::operator ()(at::TensorIterator &)::[lambda(float, float) (instance 1)]>, unsigned int, float, (int)4, (int)4>>(T3)"
:BasicsTransformerLM.layers.15.attn,PushPop,30,30,2,2,10272,5136.0,5136.0,5056,5216,113.1,"void at::native::vectorized_elementwise_kernel<(int)4, at::native::exp_kernel_cuda(at::TensorIteratorBase &)::[lambda() (instance 2)]::operator ()() const::[lambda() (instance 2)]::operator ()() const::[lambda(float) (instance 1)], std::array<char *, (unsigned long)2>>(int, T2, T3)"
:BasicsTransformerLM.layers.15.attn,PushPop,30,30,2,2,9952,4976.0,4976.0,4960,4992,22.6,"void at::native::vectorized_elementwise_kernel<(int)4, at::native::BUnaryFunctor<float, float, float, at::native::binary_internal::MulFunctor<float>>, std::array<char *, (unsigned long)2>>(int, T2, T3)"
:BasicsTransformerLM.layers.15.attn,PushPop,30,30,2,2,5344,2672.0,2672.0,2624,2720,67.9,"void at::native::elementwise_kernel<(int)128, (int)4, void at::native::gpu_kernel_impl_nocast<at::native::<unnamed>::CompareFunctor<long>>(at::TensorIteratorBase &, const T1 &)::[lambda(int) (instance 1)]>(int, T3)"
:BasicsTransformerLM.layers.15.attn,PushPop,30,30,2,2,1760,880.0,880.0,864,896,22.6,"void at::native::vectorized_elementwise_kernel<(int)4, at::native::FillFunctor<float>, std::array<char *, (unsigned long)1>>(int, T2, T3)"
:BasicsTransformerLM.layers.15.attn,PushPop,30,30,2,2,1632,816.0,816.0,736,896,113.1,"void <unnamed>::elementwise_kernel_with_index<int, at::native::arange_cuda_out(const c10::Scalar &, const c10::Scalar &, const c10::Scalar &, at::Tensor &)::[lambda() (instance 1)]::operator ()() const::[lambda() (instance 4)]::operator ()() const::[lambda(long) (instance 1)]>(T1, T2, function_traits<T2>::result_type *)"
:BasicsTransformerLM.layers.15.attn.k_proj,PushPop,30,30,2,2,187266,93633.0,93633.0,93505,93761,181.0,cutlass3x_sm100_simt_sgemm_f32_f32_f32_f32_f32_64x32x16_1x1x1_3_tnn_align1_bias_f32_relu
:BasicsTransformerLM.layers.15.attn.output_proj,PushPop,30,30,2,2,188450,94225.0,94225.0,94113,94337,158.4,cutlass3x_sm100_simt_sgemm_f32_f32_f32_f32_f32_64x32x16_1x1x1_3_tnn_align1_bias_f32_relu
:BasicsTransformerLM.layers.15.attn.q_proj,PushPop,30,30,2,2,187584,93792.0,93792.0,93760,93824,45.3,cutlass3x_sm100_simt_sgemm_f32_f32_f32_f32_f32_64x32x16_1x1x1_3_tnn_align1_bias_f32_relu
:BasicsTransformerLM.layers.15.attn.v_proj,PushPop,30,30,2,2,187104,93552.0,93552.0,93504,93600,67.9,cutlass3x_sm100_simt_sgemm_f32_f32_f32_f32_f32_64x32x16_1x1x1_3_tnn_align1_bias_f32_relu
:BasicsTransformerLM.layers.15.ffn,PushPop,30,30,2,4,1249766,312441.5,312529.5,312129,312578,213.3,cutlass3x_sm100_simt_sgemm_f32_f32_f32_f32_f32_64x128x16_1x1x1_3_tnn_align1_bias_f32_relu
:BasicsTransformerLM.layers.15.ffn,PushPop,30,30,2,2,720772,360386.0,360386.0,360354,360418,45.3,cutlass3x_sm100_simt_sgemm_f32_f32_f32_f32_f32_64x32x16_1x1x1_3_tnn_align1_bias_f32_relu
:BasicsTransformerLM.layers.15.ffn,PushPop,30,30,2,4,25120,6280.0,6208.0,5472,7232,892.3,"void at::native::vectorized_elementwise_kernel<(int)4, at::native::BinaryFunctor<float, float, float, at::native::binary_internal::MulFunctor<float>>, std::array<char *, (unsigned long)3>>(int, T2, T3)"
:BasicsTransformerLM.layers.15.ffn,PushPop,30,30,2,2,11584,5792.0,5792.0,5728,5856,90.5,"void at::native::vectorized_elementwise_kernel<(int)4, at::native::sigmoid_kernel_cuda(at::TensorIteratorBase &)::[lambda() (instance 2)]::operator ()() const::[lambda() (instance 2)]::operator ()() const::[lambda(float) (instance 1)], std::array<char *, (unsigned long)2>>(int, T2, T3)"
:BasicsTransformerLM.layers.15.ffn.w1,PushPop,30,30,2,2,625156,312578.0,312578.0,312578,312578,0.0,cutlass3x_sm100_simt_sgemm_f32_f32_f32_f32_f32_64x128x16_1x1x1_3_tnn_align1_bias_f32_relu
:BasicsTransformerLM.layers.15.ffn.w2,PushPop,30,30,2,2,720772,360386.0,360386.0,360354,360418,45.3,cutlass3x_sm100_simt_sgemm_f32_f32_f32_f32_f32_64x32x16_1x1x1_3_tnn_align1_bias_f32_relu
:BasicsTransformerLM.layers.15.ffn.w3,PushPop,30,30,2,2,624610,312305.0,312305.0,312129,312481,248.9,cutlass3x_sm100_simt_sgemm_f32_f32_f32_f32_f32_64x128x16_1x1x1_3_tnn_align1_bias_f32_relu
:BasicsTransformerLM.layers.15.ln1,PushPop,30,30,2,4,18752,4688.0,4672.0,4672,4736,32.0,"void at::native::elementwise_kernel<(int)128, (int)2, void at::native::gpu_kernel_impl_nocast<at::native::BinaryFunctor<float, float, float, at::native::binary_internal::MulFunctor<float>>>(at::TensorIteratorBase &, const T1 &)::[lambda(int) (instance 1)]>(int, T3)"
:BasicsTransformerLM.layers.15.ln1,PushPop,30,30,2,2,11904,5952.0,5952.0,5952,5952,0.0,"void at::native::reduce_kernel<(int)512, (int)1, at::native::ReduceOp<float, at::native::MeanOps<float, float, float, float>, unsigned int, float, (int)4, (int)4>>(T3)"
:BasicsTransformerLM.layers.15.ln1,PushPop,30,30,2,2,4800,2400.0,2400.0,2368,2432,45.3,"void at::native::vectorized_elementwise_kernel<(int)4, void at::native::<unnamed>::pow_tensor_scalar_kernel_impl<float, float>(at::TensorIteratorBase &, T2)::[lambda(float) (instance 1)], std::array<char *, (unsigned long)2>>(int, T2, T3)"
:BasicsTransformerLM.layers.15.ln1,PushPop,30,30,2,2,2720,1360.0,1360.0,1248,1472,158.4,"void at::native::vectorized_elementwise_kernel<(int)4, at::native::CUDAFunctorOnSelf_add<float>, std::array<char *, (unsigned long)2>>(int, T2, T3)"
:BasicsTransformerLM.layers.15.ln1,PushPop,30,30,2,2,2592,1296.0,1296.0,1280,1312,22.6,"void at::native::vectorized_elementwise_kernel<(int)4, at::native::rsqrt_kernel_cuda(at::TensorIteratorBase &)::[lambda() (instance 2)]::operator ()() const::[lambda() (instance 2)]::operator ()() const::[lambda(float) (instance 1)], std::array<char *, (unsigned long)2>>(int, T2, T3)"
:BasicsTransformerLM.layers.15.ln2,PushPop,30,30,2,4,18592,4648.0,4656.0,4608,4672,30.6,"void at::native::elementwise_kernel<(int)128, (int)2, void at::native::gpu_kernel_impl_nocast<at::native::BinaryFunctor<float, float, float, at::native::binary_internal::MulFunctor<float>>>(at::TensorIteratorBase &, const T1 &)::[lambda(int) (instance 1)]>(int, T3)"
:BasicsTransformerLM.layers.15.ln2,PushPop,30,30,2,2,11936,5968.0,5968.0,5952,5984,22.6,"void at::native::reduce_kernel<(int)512, (int)1, at::native::ReduceOp<float, at::native::MeanOps<float, float, float, float>, unsigned int, float, (int)4, (int)4>>(T3)"
:BasicsTransformerLM.layers.15.ln2,PushPop,30,30,2,2,4832,2416.0,2416.0,2400,2432,22.6,"void at::native::vectorized_elementwise_kernel<(int)4, void at::native::<unnamed>::pow_tensor_scalar_kernel_impl<float, float>(at::TensorIteratorBase &, T2)::[lambda(float) (instance 1)], std::array<char *, (unsigned long)2>>(int, T2, T3)"
:BasicsTransformerLM.layers.15.ln2,PushPop,30,30,2,2,3008,1504.0,1504.0,1408,1600,135.8,"void at::native::vectorized_elementwise_kernel<(int)4, at::native::CUDAFunctorOnSelf_add<float>, std::array<char *, (unsigned long)2>>(int, T2, T3)"
:BasicsTransformerLM.layers.15.ln2,PushPop,30,30,2,2,2560,1280.0,1280.0,1152,1408,181.0,"void at::native::vectorized_elementwise_kernel<(int)4, at::native::rsqrt_kernel_cuda(at::TensorIteratorBase &)::[lambda() (instance 2)]::operator ()() const::[lambda() (instance 2)]::operator ()() const::[lambda(float) (instance 1)], std::array<char *, (unsigned long)2>>(int, T2, T3)"
:BasicsTransformerLM.layers.16,PushPop,30,30,2,10,1471272,147127.2,93952.5,93536,360354,112287.9,cutlass3x_sm100_simt_sgemm_f32_f32_f32_f32_f32_64x32x16_1x1x1_3_tnn_align1_bias_f32_relu
:BasicsTransformerLM.layers.16,PushPop,30,30,2,4,1249414,312353.5,312353.5,312066,312641,314.0,cutlass3x_sm100_simt_sgemm_f32_f32_f32_f32_f32_64x128x16_1x1x1_3_tnn_align1_bias_f32_relu
:BasicsTransformerLM.layers.16,PushPop,30,30,2,24,91328,3805.3,3504.0,3104,4768,613.9,"void at::native::elementwise_kernel<(int)128, (int)2, void at::native::gpu_kernel_impl_nocast<at::native::BinaryFunctor<float, float, float, at::native::binary_internal::MulFunctor<float>>>(at::TensorIteratorBase &, const T1 &)::[lambda(int) (instance 1)]>(int, T3)"
:BasicsTransformerLM.layers.16,PushPop,30,30,2,2,54176,27088.0,27088.0,26944,27232,203.6,cutlass3x_sm100_simt_sgemm_f32_f32_f32_f32_f32_128x64x16_1x1x1_3_tnn_align1_bias_f32_relu
:BasicsTransformerLM.layers.16,PushPop,30,30,2,2,42432,21216.0,21216.0,21216,21216,0.0,cutlass3x_sm100_simt_sgemm_f32_f32_f32_f32_f32_64x32x16_1x1x1_3_nnn_align1_bias_f32_relu
:BasicsTransformerLM.layers.16,PushPop,30,30,2,4,36256,9064.0,9104.0,8896,9152,115.0,"void at::native::<unnamed>::CatArrayBatchedCopy<at::native::<unnamed>::OpaqueType<(unsigned int)4>, unsigned int, (int)4, (int)64, (int)64>(T1 *, at::native::<unnamed>::CatArrInputTensorMetadata<T1, T2, T4, T5>, at::native::<unnamed>::TensorSizeStride<T2, (unsigned int)4>, int, T2)"
:BasicsTransformerLM.layers.16,PushPop,30,30,2,2,30496,15248.0,15248.0,15232,15264,22.6,"void at::native::elementwise_kernel<(int)128, (int)2, void at::native::gpu_kernel_impl_nocast<at::native::BinaryFunctor<float, float, float, at::native::binary_internal::DivFunctor<float>>>(at::TensorIteratorBase &, const T1 &)::[lambda(int) (instance 1)]>(int, T3)"
:BasicsTransformerLM.layers.16,PushPop,30,30,2,12,30112,2509.3,2112.0,1984,3520,649.5,"void at::native::vectorized_elementwise_kernel<(int)4, at::native::CUDAFunctor_add<float>, std::array<char *, (unsigned long)3>>(int, T2, T3)"
:BasicsTransformerLM.layers.16,PushPop,30,30,2,2,26273,13136.5,13136.5,13057,13216,112.4,"void at::native::reduce_kernel<(int)512, (int)1, at::native::ReduceOp<float, at::native::MaxOps<float>, unsigned int, float, (int)4, (int)4>>(T3)"
:BasicsTransformerLM.layers.16,PushPop,30,30,2,2,25824,12912.0,12912.0,12864,12960,67.9,"void at::native::elementwise_kernel<(int)128, (int)2, void at::native::gpu_kernel_impl_nocast<at::native::<unnamed>::where_kernel_impl(at::TensorIterator &)::[lambda() (instance 1)]::operator ()() const::[lambda() (instance 11)]::operator ()() const::[lambda(bool, float, float) (instance 1)]>(at::TensorIteratorBase &, const T1 &)::[lambda(int) (instance 1)]>(int, T3)"
:BasicsTransformerLM.layers.16,PushPop,30,30,2,4,25728,6432.0,6448.0,5664,7168,850.3,"void at::native::vectorized_elementwise_kernel<(int)4, at::native::BinaryFunctor<float, float, float, at::native::binary_internal::MulFunctor<float>>, std::array<char *, (unsigned long)3>>(int, T2, T3)"
:BasicsTransformerLM.layers.16,PushPop,30,30,2,2,25345,12672.5,12672.5,12608,12737,91.2,"void at::native::elementwise_kernel<(int)128, (int)2, void at::native::gpu_kernel_impl_nocast<at::native::CUDAFunctor_add<float>>(at::TensorIteratorBase &, const T1 &)::[lambda(int) (instance 1)]>(int, T3)"
:BasicsTransformerLM.layers.16,PushPop,30,30,2,4,23872,5968.0,5968.0,5920,6016,41.3,"void at::native::reduce_kernel<(int)512, (int)1, at::native::ReduceOp<float, at::native::MeanOps<float, float, float, float>, unsigned int, float, (int)4, (int)4>>(T3)"
:BasicsTransformerLM.layers.16,PushPop,30,30,2,4,22176,5544.0,5488.0,4608,6592,1084.7,"void at::native::elementwise_kernel<(int)128, (int)2, void at::native::gpu_kernel_impl_nocast<at::native::direct_copy_kernel_cuda(at::TensorIteratorBase &)::[lambda() (instance 3)]::operator ()() const::[lambda() (instance 7)]::operator ()() const::[lambda(float) (instance 1)]>(at::TensorIteratorBase &, const T1 &)::[lambda(int) (instance 1)]>(int, T3)"
:BasicsTransformerLM.layers.16,PushPop,30,30,2,2,13888,6944.0,6944.0,6944,6944,0.0,"void at::native::reduce_kernel<(int)512, (int)1, at::native::ReduceOp<float, at::native::func_wrapper_t<float, at::native::sum_functor<float, float, float>::operator ()(at::TensorIterator &)::[lambda(float, float) (instance 1)]>, unsigned int, float, (int)4, (int)4>>(T3)"
:BasicsTransformerLM.layers.16,PushPop,30,30,2,2,11680,5840.0,5840.0,5824,5856,22.6,"void at::native::vectorized_elementwise_kernel<(int)4, at::native::sigmoid_kernel_cuda(at::TensorIteratorBase &)::[lambda() (instance 2)]::operator ()() const::[lambda() (instance 2)]::operator ()() const::[lambda(float) (instance 1)], std::array<char *, (unsigned long)2>>(int, T2, T3)"
:BasicsTransformerLM.layers.16,PushPop,30,30,2,2,10432,5216.0,5216.0,5184,5248,45.3,"void at::native::vectorized_elementwise_kernel<(int)4, at::native::exp_kernel_cuda(at::TensorIteratorBase &)::[lambda() (instance 2)]::operator ()() const::[lambda() (instance 2)]::operator ()() const::[lambda(float) (instance 1)], std::array<char *, (unsigned long)2>>(int, T2, T3)"
:BasicsTransformerLM.layers.16,PushPop,30,30,2,2,9888,4944.0,4944.0,4928,4960,22.6,"void at::native::vectorized_elementwise_kernel<(int)4, at::native::BUnaryFunctor<float, float, float, at::native::binary_internal::MulFunctor<float>>, std::array<char *, (unsigned long)2>>(int, T2, T3)"
:BasicsTransformerLM.layers.16,PushPop,30,30,2,4,9600,2400.0,2416.0,2336,2432,45.3,"void at::native::vectorized_elementwise_kernel<(int)4, void at::native::<unnamed>::pow_tensor_scalar_kernel_impl<float, float>(at::TensorIteratorBase &, T2)::[lambda(float) (instance 1)], std::array<char *, (unsigned long)2>>(int, T2, T3)"
:BasicsTransformerLM.layers.16,PushPop,30,30,2,4,5856,1464.0,1472.0,1280,1632,144.0,"void at::native::vectorized_elementwise_kernel<(int)4, at::native::CUDAFunctorOnSelf_add<float>, std::array<char *, (unsigned long)2>>(int, T2, T3)"
:BasicsTransformerLM.layers.16,PushPop,30,30,2,2,4992,2496.0,2496.0,2464,2528,45.3,"void at::native::elementwise_kernel<(int)128, (int)4, void at::native::gpu_kernel_impl_nocast<at::native::<unnamed>::CompareFunctor<long>>(at::TensorIteratorBase &, const T1 &)::[lambda(int) (instance 1)]>(int, T3)"
:BasicsTransformerLM.layers.16,PushPop,30,30,2,4,4865,1216.3,1168.5,1152,1376,107.5,"void at::native::vectorized_elementwise_kernel<(int)4, at::native::rsqrt_kernel_cuda(at::TensorIteratorBase &)::[lambda() (instance 2)]::operator ()() const::[lambda() (instance 2)]::operator ()() const::[lambda(float) (instance 1)], std::array<char *, (unsigned long)2>>(int, T2, T3)"
:BasicsTransformerLM.layers.16,PushPop,30,30,2,2,1760,880.0,880.0,864,896,22.6,"void at::native::vectorized_elementwise_kernel<(int)4, at::native::FillFunctor<float>, std::array<char *, (unsigned long)1>>(int, T2, T3)"
:BasicsTransformerLM.layers.16,PushPop,30,30,2,2,1664,832.0,832.0,736,928,135.8,"void <unnamed>::elementwise_kernel_with_index<int, at::native::arange_cuda_out(const c10::Scalar &, const c10::Scalar &, const c10::Scalar &, at::Tensor &)::[lambda() (instance 1)]::operator ()() const::[lambda() (instance 4)]::operator ()() const::[lambda(long) (instance 1)]>(T1, T2, function_traits<T2>::result_type *)"
:BasicsTransformerLM.layers.16.attn,PushPop,30,30,2,8,750916,93864.5,93792.5,93536,94272,285.4,cutlass3x_sm100_simt_sgemm_f32_f32_f32_f32_f32_64x32x16_1x1x1_3_tnn_align1_bias_f32_relu
:BasicsTransformerLM.layers.16.attn,PushPop,30,30,2,16,54272,3392.0,3456.0,3104,3584,168.1,"void at::native::elementwise_kernel<(int)128, (int)2, void at::native::gpu_kernel_impl_nocast<at::native::BinaryFunctor<float, float, float, at::native::binary_internal::MulFunctor<float>>>(at::TensorIteratorBase &, const T1 &)::[lambda(int) (instance 1)]>(int, T3)"
:BasicsTransformerLM.layers.16.attn,PushPop,30,30,2,2,54176,27088.0,27088.0,26944,27232,203.6,cutlass3x_sm100_simt_sgemm_f32_f32_f32_f32_f32_128x64x16_1x1x1_3_tnn_align1_bias_f32_relu
:BasicsTransformerLM.layers.16.attn,PushPop,30,30,2,2,42432,21216.0,21216.0,21216,21216,0.0,cutlass3x_sm100_simt_sgemm_f32_f32_f32_f32_f32_64x32x16_1x1x1_3_nnn_align1_bias_f32_relu
:BasicsTransformerLM.layers.16.attn,PushPop,30,30,2,4,36256,9064.0,9104.0,8896,9152,115.0,"void at::native::<unnamed>::CatArrayBatchedCopy<at::native::<unnamed>::OpaqueType<(unsigned int)4>, unsigned int, (int)4, (int)64, (int)64>(T1 *, at::native::<unnamed>::CatArrInputTensorMetadata<T1, T2, T4, T5>, at::native::<unnamed>::TensorSizeStride<T2, (unsigned int)4>, int, T2)"
:BasicsTransformerLM.layers.16.attn,PushPop,30,30,2,2,30496,15248.0,15248.0,15232,15264,22.6,"void at::native::elementwise_kernel<(int)128, (int)2, void at::native::gpu_kernel_impl_nocast<at::native::BinaryFunctor<float, float, float, at::native::binary_internal::DivFunctor<float>>>(at::TensorIteratorBase &, const T1 &)::[lambda(int) (instance 1)]>(int, T3)"
:BasicsTransformerLM.layers.16.attn,PushPop,30,30,2,2,26273,13136.5,13136.5,13057,13216,112.4,"void at::native::reduce_kernel<(int)512, (int)1, at::native::ReduceOp<float, at::native::MaxOps<float>, unsigned int, float, (int)4, (int)4>>(T3)"
:BasicsTransformerLM.layers.16.attn,PushPop,30,30,2,2,25824,12912.0,12912.0,12864,12960,67.9,"void at::native::elementwise_kernel<(int)128, (int)2, void at::native::gpu_kernel_impl_nocast<at::native::<unnamed>::where_kernel_impl(at::TensorIterator &)::[lambda() (instance 1)]::operator ()() const::[lambda() (instance 11)]::operator ()() const::[lambda(bool, float, float) (instance 1)]>(at::TensorIteratorBase &, const T1 &)::[lambda(int) (instance 1)]>(int, T3)"
:BasicsTransformerLM.layers.16.attn,PushPop,30,30,2,2,25345,12672.5,12672.5,12608,12737,91.2,"void at::native::elementwise_kernel<(int)128, (int)2, void at::native::gpu_kernel_impl_nocast<at::native::CUDAFunctor_add<float>>(at::TensorIteratorBase &, const T1 &)::[lambda(int) (instance 1)]>(int, T3)"
:BasicsTransformerLM.layers.16.attn,PushPop,30,30,2,4,22176,5544.0,5488.0,4608,6592,1084.7,"void at::native::elementwise_kernel<(int)128, (int)2, void at::native::gpu_kernel_impl_nocast<at::native::direct_copy_kernel_cuda(at::TensorIteratorBase &)::[lambda() (instance 3)]::operator ()() const::[lambda() (instance 7)]::operator ()() const::[lambda(float) (instance 1)]>(at::TensorIteratorBase &, const T1 &)::[lambda(int) (instance 1)]>(int, T3)"
:BasicsTransformerLM.layers.16.attn,PushPop,30,30,2,8,16576,2072.0,2080.0,1984,2144,53.4,"void at::native::vectorized_elementwise_kernel<(int)4, at::native::CUDAFunctor_add<float>, std::array<char *, (unsigned long)3>>(int, T2, T3)"
:BasicsTransformerLM.layers.16.attn,PushPop,30,30,2,2,13888,6944.0,6944.0,6944,6944,0.0,"void at::native::reduce_kernel<(int)512, (int)1, at::native::ReduceOp<float, at::native::func_wrapper_t<float, at::native::sum_functor<float, float, float>::operator ()(at::TensorIterator &)::[lambda(float, float) (instance 1)]>, unsigned int, float, (int)4, (int)4>>(T3)"
:BasicsTransformerLM.layers.16.attn,PushPop,30,30,2,2,10432,5216.0,5216.0,5184,5248,45.3,"void at::native::vectorized_elementwise_kernel<(int)4, at::native::exp_kernel_cuda(at::TensorIteratorBase &)::[lambda() (instance 2)]::operator ()() const::[lambda() (instance 2)]::operator ()() const::[lambda(float) (instance 1)], std::array<char *, (unsigned long)2>>(int, T2, T3)"
:BasicsTransformerLM.layers.16.attn,PushPop,30,30,2,2,9888,4944.0,4944.0,4928,4960,22.6,"void at::native::vectorized_elementwise_kernel<(int)4, at::native::BUnaryFunctor<float, float, float, at::native::binary_internal::MulFunctor<float>>, std::array<char *, (unsigned long)2>>(int, T2, T3)"
:BasicsTransformerLM.layers.16.attn,PushPop,30,30,2,2,4992,2496.0,2496.0,2464,2528,45.3,"void at::native::elementwise_kernel<(int)128, (int)4, void at::native::gpu_kernel_impl_nocast<at::native::<unnamed>::CompareFunctor<long>>(at::TensorIteratorBase &, const T1 &)::[lambda(int) (instance 1)]>(int, T3)"
:BasicsTransformerLM.layers.16.attn,PushPop,30,30,2,2,1760,880.0,880.0,864,896,22.6,"void at::native::vectorized_elementwise_kernel<(int)4, at::native::FillFunctor<float>, std::array<char *, (unsigned long)1>>(int, T2, T3)"
:BasicsTransformerLM.layers.16.attn,PushPop,30,30,2,2,1664,832.0,832.0,736,928,135.8,"void <unnamed>::elementwise_kernel_with_index<int, at::native::arange_cuda_out(const c10::Scalar &, const c10::Scalar &, const c10::Scalar &, at::Tensor &)::[lambda() (instance 1)]::operator ()() const::[lambda() (instance 4)]::operator ()() const::[lambda(long) (instance 1)]>(T1, T2, function_traits<T2>::result_type *)"
:BasicsTransformerLM.layers.16.attn.k_proj,PushPop,30,30,2,2,187328,93664.0,93664.0,93536,93792,181.0,cutlass3x_sm100_simt_sgemm_f32_f32_f32_f32_f32_64x32x16_1x1x1_3_tnn_align1_bias_f32_relu
:BasicsTransformerLM.layers.16.attn.output_proj,PushPop,30,30,2,2,188384,94192.0,94192.0,94112,94272,113.1,cutlass3x_sm100_simt_sgemm_f32_f32_f32_f32_f32_64x32x16_1x1x1_3_tnn_align1_bias_f32_relu
:BasicsTransformerLM.layers.16.attn.q_proj,PushPop,30,30,2,2,187362,93681.0,93681.0,93569,93793,158.4,cutlass3x_sm100_simt_sgemm_f32_f32_f32_f32_f32_64x32x16_1x1x1_3_tnn_align1_bias_f32_relu
:BasicsTransformerLM.layers.16.attn.v_proj,PushPop,30,30,2,2,187842,93921.0,93921.0,93665,94177,362.0,cutlass3x_sm100_simt_sgemm_f32_f32_f32_f32_f32_64x32x16_1x1x1_3_tnn_align1_bias_f32_relu
:BasicsTransformerLM.layers.16.ffn,PushPop,30,30,2,4,1249414,312353.5,312353.5,312066,312641,314.0,cutlass3x_sm100_simt_sgemm_f32_f32_f32_f32_f32_64x128x16_1x1x1_3_tnn_align1_bias_f32_relu
:BasicsTransformerLM.layers.16.ffn,PushPop,30,30,2,2,720356,360178.0,360178.0,360002,360354,248.9,cutlass3x_sm100_simt_sgemm_f32_f32_f32_f32_f32_64x32x16_1x1x1_3_tnn_align1_bias_f32_relu
:BasicsTransformerLM.layers.16.ffn,PushPop,30,30,2,4,25728,6432.0,6448.0,5664,7168,850.3,"void at::native::vectorized_elementwise_kernel<(int)4, at::native::BinaryFunctor<float, float, float, at::native::binary_internal::MulFunctor<float>>, std::array<char *, (unsigned long)3>>(int, T2, T3)"
:BasicsTransformerLM.layers.16.ffn,PushPop,30,30,2,2,11680,5840.0,5840.0,5824,5856,22.6,"void at::native::vectorized_elementwise_kernel<(int)4, at::native::sigmoid_kernel_cuda(at::TensorIteratorBase &)::[lambda() (instance 2)]::operator ()() const::[lambda() (instance 2)]::operator ()() const::[lambda(float) (instance 1)], std::array<char *, (unsigned long)2>>(int, T2, T3)"
:BasicsTransformerLM.layers.16.ffn.w1,PushPop,30,30,2,2,625250,312625.0,312625.0,312609,312641,22.6,cutlass3x_sm100_simt_sgemm_f32_f32_f32_f32_f32_64x128x16_1x1x1_3_tnn_align1_bias_f32_relu
:BasicsTransformerLM.layers.16.ffn.w2,PushPop,30,30,2,2,720356,360178.0,360178.0,360002,360354,248.9,cutlass3x_sm100_simt_sgemm_f32_f32_f32_f32_f32_64x32x16_1x1x1_3_tnn_align1_bias_f32_relu
:BasicsTransformerLM.layers.16.ffn.w3,PushPop,30,30,2,2,624164,312082.0,312082.0,312066,312098,22.6,cutlass3x_sm100_simt_sgemm_f32_f32_f32_f32_f32_64x128x16_1x1x1_3_tnn_align1_bias_f32_relu
:BasicsTransformerLM.layers.16.ln1,PushPop,30,30,2,4,18496,4624.0,4608.0,4544,4736,80.5,"void at::native::elementwise_kernel<(int)128, (int)2, void at::native::gpu_kernel_impl_nocast<at::native::BinaryFunctor<float, float, float, at::native::binary_internal::MulFunctor<float>>>(at::TensorIteratorBase &, const T1 &)::[lambda(int) (instance 1)]>(int, T3)"
:BasicsTransformerLM.layers.16.ln1,PushPop,30,30,2,2,11872,5936.0,5936.0,5920,5952,22.6,"void at::native::reduce_kernel<(int)512, (int)1, at::native::ReduceOp<float, at::native::MeanOps<float, float, float, float>, unsigned int, float, (int)4, (int)4>>(T3)"
:BasicsTransformerLM.layers.16.ln1,PushPop,30,30,2,2,4736,2368.0,2368.0,2336,2400,45.3,"void at::native::vectorized_elementwise_kernel<(int)4, void at::native::<unnamed>::pow_tensor_scalar_kernel_impl<float, float>(at::TensorIteratorBase &, T2)::[lambda(float) (instance 1)], std::array<char *, (unsigned long)2>>(int, T2, T3)"
:BasicsTransformerLM.layers.16.ln1,PushPop,30,30,2,2,2752,1376.0,1376.0,1280,1472,135.8,"void at::native::vectorized_elementwise_kernel<(int)4, at::native::CUDAFunctorOnSelf_add<float>, std::array<char *, (unsigned long)2>>(int, T2, T3)"
:BasicsTransformerLM.layers.16.ln1,PushPop,30,30,2,2,2336,1168.0,1168.0,1152,1184,22.6,"void at::native::vectorized_elementwise_kernel<(int)4, at::native::rsqrt_kernel_cuda(at::TensorIteratorBase &)::[lambda() (instance 2)]::operator ()() const::[lambda() (instance 2)]::operator ()() const::[lambda(float) (instance 1)], std::array<char *, (unsigned long)2>>(int, T2, T3)"
:BasicsTransformerLM.layers.16.ln2,PushPop,30,30,2,4,18560,4640.0,4608.0,4576,4768,90.5,"void at::native::elementwise_kernel<(int)128, (int)2, void at::native::gpu_kernel_impl_nocast<at::native::BinaryFunctor<float, float, float, at::native::binary_internal::MulFunctor<float>>>(at::TensorIteratorBase &, const T1 &)::[lambda(int) (instance 1)]>(int, T3)"
:BasicsTransformerLM.layers.16.ln2,PushPop,30,30,2,2,12000,6000.0,6000.0,5984,6016,22.6,"void at::native::reduce_kernel<(int)512, (int)1, at::native::ReduceOp<float, at::native::MeanOps<float, float, float, float>, unsigned int, float, (int)4, (int)4>>(T3)"
:BasicsTransformerLM.layers.16.ln2,PushPop,30,30,2,2,4864,2432.0,2432.0,2432,2432,0.0,"void at::native::vectorized_elementwise_kernel<(int)4, void at::native::<unnamed>::pow_tensor_scalar_kernel_impl<float, float>(at::TensorIteratorBase &, T2)::[lambda(float) (instance 1)], std::array<char *, (unsigned long)2>>(int, T2, T3)"
:BasicsTransformerLM.layers.16.ln2,PushPop,30,30,2,2,3104,1552.0,1552.0,1472,1632,113.1,"void at::native::vectorized_elementwise_kernel<(int)4, at::native::CUDAFunctorOnSelf_add<float>, std::array<char *, (unsigned long)2>>(int, T2, T3)"
:BasicsTransformerLM.layers.16.ln2,PushPop,30,30,2,2,2529,1264.5,1264.5,1153,1376,157.7,"void at::native::vectorized_elementwise_kernel<(int)4, at::native::rsqrt_kernel_cuda(at::TensorIteratorBase &)::[lambda() (instance 2)]::operator ()() const::[lambda() (instance 2)]::operator ()() const::[lambda(float) (instance 1)], std::array<char *, (unsigned long)2>>(int, T2, T3)"
:BasicsTransformerLM.layers.17,PushPop,30,30,2,10,1470824,147082.4,93728.5,93344,360386,112396.1,cutlass3x_sm100_simt_sgemm_f32_f32_f32_f32_f32_64x32x16_1x1x1_3_tnn_align1_bias_f32_relu
:BasicsTransformerLM.layers.17,PushPop,30,30,2,4,1249382,312345.5,312385.5,311873,312738,389.3,cutlass3x_sm100_simt_sgemm_f32_f32_f32_f32_f32_64x128x16_1x1x1_3_tnn_align1_bias_f32_relu
:BasicsTransformerLM.layers.17,PushPop,30,30,2,24,92128,3838.7,3520.0,3104,4768,604.3,"void at::native::elementwise_kernel<(int)128, (int)2, void at::native::gpu_kernel_impl_nocast<at::native::BinaryFunctor<float, float, float, at::native::binary_internal::MulFunctor<float>>>(at::TensorIteratorBase &, const T1 &)::[lambda(int) (instance 1)]>(int, T3)"
:BasicsTransformerLM.layers.17,PushPop,30,30,2,2,53760,26880.0,26880.0,26880,26880,0.0,cutlass3x_sm100_simt_sgemm_f32_f32_f32_f32_f32_128x64x16_1x1x1_3_tnn_align1_bias_f32_relu
:BasicsTransformerLM.layers.17,PushPop,30,30,2,2,42208,21104.0,21104.0,21088,21120,22.6,cutlass3x_sm100_simt_sgemm_f32_f32_f32_f32_f32_64x32x16_1x1x1_3_nnn_align1_bias_f32_relu
:BasicsTransformerLM.layers.17,PushPop,30,30,2,4,36352,9088.0,9104.0,8992,9152,69.1,"void at::native::<unnamed>::CatArrayBatchedCopy<at::native::<unnamed>::OpaqueType<(unsigned int)4>, unsigned int, (int)4, (int)64, (int)64>(T1 *, at::native::<unnamed>::CatArrInputTensorMetadata<T1, T2, T4, T5>, at::native::<unnamed>::TensorSizeStride<T2, (unsigned int)4>, int, T2)"
:BasicsTransformerLM.layers.17,PushPop,30,30,2,2,30336,15168.0,15168.0,15136,15200,45.3,"void at::native::elementwise_kernel<(int)128, (int)2, void at::native::gpu_kernel_impl_nocast<at::native::BinaryFunctor<float, float, float, at::native::binary_internal::DivFunctor<float>>>(at::TensorIteratorBase &, const T1 &)::[lambda(int) (instance 1)]>(int, T3)"
:BasicsTransformerLM.layers.17,PushPop,30,30,2,12,29216,2434.7,2064.0,1920,3328,622.2,"void at::native::vectorized_elementwise_kernel<(int)4, at::native::CUDAFunctor_add<float>, std::array<char *, (unsigned long)3>>(int, T2, T3)"
:BasicsTransformerLM.layers.17,PushPop,30,30,2,2,26368,13184.0,13184.0,13120,13248,90.5,"void at::native::reduce_kernel<(int)512, (int)1, at::native::ReduceOp<float, at::native::MaxOps<float>, unsigned int, float, (int)4, (int)4>>(T3)"
:BasicsTransformerLM.layers.17,PushPop,30,30,2,2,26016,13008.0,13008.0,12992,13024,22.6,"void at::native::elementwise_kernel<(int)128, (int)2, void at::native::gpu_kernel_impl_nocast<at::native::<unnamed>::where_kernel_impl(at::TensorIterator &)::[lambda() (instance 1)]::operator ()() const::[lambda() (instance 11)]::operator ()() const::[lambda(bool, float, float) (instance 1)]>(at::TensorIteratorBase &, const T1 &)::[lambda(int) (instance 1)]>(int, T3)"
:BasicsTransformerLM.layers.17,PushPop,30,30,2,4,25728,6432.0,6352.0,5728,7296,807.4,"void at::native::vectorized_elementwise_kernel<(int)4, at::native::BinaryFunctor<float, float, float, at::native::binary_internal::MulFunctor<float>>, std::array<char *, (unsigned long)3>>(int, T2, T3)"
:BasicsTransformerLM.layers.17,PushPop,30,30,2,2,25504,12752.0,12752.0,12608,12896,203.6,"void at::native::elementwise_kernel<(int)128, (int)2, void at::native::gpu_kernel_impl_nocast<at::native::CUDAFunctor_add<float>>(at::TensorIteratorBase &, const T1 &)::[lambda(int) (instance 1)]>(int, T3)"
:BasicsTransformerLM.layers.17,PushPop,30,30,2,4,23840,5960.0,5968.0,5920,5984,30.6,"void at::native::reduce_kernel<(int)512, (int)1, at::native::ReduceOp<float, at::native::MeanOps<float, float, float, float>, unsigned int, float, (int)4, (int)4>>(T3)"
:BasicsTransformerLM.layers.17,PushPop,30,30,2,4,22304,5576.0,5536.0,4640,6592,1082.8,"void at::native::elementwise_kernel<(int)128, (int)2, void at::native::gpu_kernel_impl_nocast<at::native::direct_copy_kernel_cuda(at::TensorIteratorBase &)::[lambda() (instance 3)]::operator ()() const::[lambda() (instance 7)]::operator ()() const::[lambda(float) (instance 1)]>(at::TensorIteratorBase &, const T1 &)::[lambda(int) (instance 1)]>(int, T3)"
:BasicsTransformerLM.layers.17,PushPop,30,30,2,2,13952,6976.0,6976.0,6944,7008,45.3,"void at::native::reduce_kernel<(int)512, (int)1, at::native::ReduceOp<float, at::native::func_wrapper_t<float, at::native::sum_functor<float, float, float>::operator ()(at::TensorIterator &)::[lambda(float, float) (instance 1)]>, unsigned int, float, (int)4, (int)4>>(T3)"
:BasicsTransformerLM.layers.17,PushPop,30,30,2,2,11712,5856.0,5856.0,5792,5920,90.5,"void at::native::vectorized_elementwise_kernel<(int)4, at::native::sigmoid_kernel_cuda(at::TensorIteratorBase &)::[lambda() (instance 2)]::operator ()() const::[lambda() (instance 2)]::operator ()() const::[lambda(float) (instance 1)], std::array<char *, (unsigned long)2>>(int, T2, T3)"
:BasicsTransformerLM.layers.17,PushPop,30,30,2,2,10240,5120.0,5120.0,5088,5152,45.3,"void at::native::vectorized_elementwise_kernel<(int)4, at::native::exp_kernel_cuda(at::TensorIteratorBase &)::[lambda() (instance 2)]::operator ()() const::[lambda() (instance 2)]::operator ()() const::[lambda(float) (instance 1)], std::array<char *, (unsigned long)2>>(int, T2, T3)"
:BasicsTransformerLM.layers.17,PushPop,30,30,2,2,10016,5008.0,5008.0,4960,5056,67.9,"void at::native::vectorized_elementwise_kernel<(int)4, at::native::BUnaryFunctor<float, float, float, at::native::binary_internal::MulFunctor<float>>, std::array<char *, (unsigned long)2>>(int, T2, T3)"
:BasicsTransformerLM.layers.17,PushPop,30,30,2,4,9568,2392.0,2400.0,2336,2432,48.0,"void at::native::vectorized_elementwise_kernel<(int)4, void at::native::<unnamed>::pow_tensor_scalar_kernel_impl<float, float>(at::TensorIteratorBase &, T2)::[lambda(float) (instance 1)], std::array<char *, (unsigned long)2>>(int, T2, T3)"
:BasicsTransformerLM.layers.17,PushPop,30,30,2,2,5216,2608.0,2608.0,2496,2720,158.4,"void at::native::elementwise_kernel<(int)128, (int)4, void at::native::gpu_kernel_impl_nocast<at::native::<unnamed>::CompareFunctor<long>>(at::TensorIteratorBase &, const T1 &)::[lambda(int) (instance 1)]>(int, T3)"
:BasicsTransformerLM.layers.17,PushPop,30,30,2,4,4768,1192.0,1168.0,1120,1312,84.2,"void at::native::vectorized_elementwise_kernel<(int)4, at::native::rsqrt_kernel_cuda(at::TensorIteratorBase &)::[lambda() (instance 2)]::operator ()() const::[lambda() (instance 2)]::operator ()() const::[lambda(float) (instance 1)], std::array<char *, (unsigned long)2>>(int, T2, T3)"
:BasicsTransformerLM.layers.17,PushPop,30,30,2,4,4704,1176.0,1168.0,1088,1280,88.1,"void at::native::vectorized_elementwise_kernel<(int)4, at::native::CUDAFunctorOnSelf_add<float>, std::array<char *, (unsigned long)2>>(int, T2, T3)"
:BasicsTransformerLM.layers.17,PushPop,30,30,2,2,1760,880.0,880.0,864,896,22.6,"void at::native::vectorized_elementwise_kernel<(int)4, at::native::FillFunctor<float>, std::array<char *, (unsigned long)1>>(int, T2, T3)"
:BasicsTransformerLM.layers.17,PushPop,30,30,2,2,1632,816.0,816.0,736,896,113.1,"void <unnamed>::elementwise_kernel_with_index<int, at::native::arange_cuda_out(const c10::Scalar &, const c10::Scalar &, const c10::Scalar &, at::Tensor &)::[lambda() (instance 1)]::operator ()() const::[lambda() (instance 4)]::operator ()() const::[lambda(long) (instance 1)]>(T1, T2, function_traits<T2>::result_type *)"
:BasicsTransformerLM.layers.17.attn,PushPop,30,30,2,8,750148,93768.5,93616.0,93344,94433,396.6,cutlass3x_sm100_simt_sgemm_f32_f32_f32_f32_f32_64x32x16_1x1x1_3_tnn_align1_bias_f32_relu
:BasicsTransformerLM.layers.17.attn,PushPop,30,30,2,16,54848,3428.0,3488.0,3104,3552,135.2,"void at::native::elementwise_kernel<(int)128, (int)2, void at::native::gpu_kernel_impl_nocast<at::native::BinaryFunctor<float, float, float, at::native::binary_internal::MulFunctor<float>>>(at::TensorIteratorBase &, const T1 &)::[lambda(int) (instance 1)]>(int, T3)"
:BasicsTransformerLM.layers.17.attn,PushPop,30,30,2,2,53760,26880.0,26880.0,26880,26880,0.0,cutlass3x_sm100_simt_sgemm_f32_f32_f32_f32_f32_128x64x16_1x1x1_3_tnn_align1_bias_f32_relu
:BasicsTransformerLM.layers.17.attn,PushPop,30,30,2,2,42208,21104.0,21104.0,21088,21120,22.6,cutlass3x_sm100_simt_sgemm_f32_f32_f32_f32_f32_64x32x16_1x1x1_3_nnn_align1_bias_f32_relu
:BasicsTransformerLM.layers.17.attn,PushPop,30,30,2,4,36352,9088.0,9104.0,8992,9152,69.1,"void at::native::<unnamed>::CatArrayBatchedCopy<at::native::<unnamed>::OpaqueType<(unsigned int)4>, unsigned int, (int)4, (int)64, (int)64>(T1 *, at::native::<unnamed>::CatArrInputTensorMetadata<T1, T2, T4, T5>, at::native::<unnamed>::TensorSizeStride<T2, (unsigned int)4>, int, T2)"
:BasicsTransformerLM.layers.17.attn,PushPop,30,30,2,2,30336,15168.0,15168.0,15136,15200,45.3,"void at::native::elementwise_kernel<(int)128, (int)2, void at::native::gpu_kernel_impl_nocast<at::native::BinaryFunctor<float, float, float, at::native::binary_internal::DivFunctor<float>>>(at::TensorIteratorBase &, const T1 &)::[lambda(int) (instance 1)]>(int, T3)"
:BasicsTransformerLM.layers.17.attn,PushPop,30,30,2,2,26368,13184.0,13184.0,13120,13248,90.5,"void at::native::reduce_kernel<(int)512, (int)1, at::native::ReduceOp<float, at::native::MaxOps<float>, unsigned int, float, (int)4, (int)4>>(T3)"
:BasicsTransformerLM.layers.17.attn,PushPop,30,30,2,2,26016,13008.0,13008.0,12992,13024,22.6,"void at::native::elementwise_kernel<(int)128, (int)2, void at::native::gpu_kernel_impl_nocast<at::native::<unnamed>::where_kernel_impl(at::TensorIterator &)::[lambda() (instance 1)]::operator ()() const::[lambda() (instance 11)]::operator ()() const::[lambda(bool, float, float) (instance 1)]>(at::TensorIteratorBase &, const T1 &)::[lambda(int) (instance 1)]>(int, T3)"
:BasicsTransformerLM.layers.17.attn,PushPop,30,30,2,2,25504,12752.0,12752.0,12608,12896,203.6,"void at::native::elementwise_kernel<(int)128, (int)2, void at::native::gpu_kernel_impl_nocast<at::native::CUDAFunctor_add<float>>(at::TensorIteratorBase &, const T1 &)::[lambda(int) (instance 1)]>(int, T3)"
:BasicsTransformerLM.layers.17.attn,PushPop,30,30,2,4,22304,5576.0,5536.0,4640,6592,1082.8,"void at::native::elementwise_kernel<(int)128, (int)2, void at::native::gpu_kernel_impl_nocast<at::native::direct_copy_kernel_cuda(at::TensorIteratorBase &)::[lambda() (instance 3)]::operator ()() const::[lambda() (instance 7)]::operator ()() const::[lambda(float) (instance 1)]>(at::TensorIteratorBase &, const T1 &)::[lambda(int) (instance 1)]>(int, T3)"
:BasicsTransformerLM.layers.17.attn,PushPop,30,30,2,8,16128,2016.0,2016.0,1920,2144,80.2,"void at::native::vectorized_elementwise_kernel<(int)4, at::native::CUDAFunctor_add<float>, std::array<char *, (unsigned long)3>>(int, T2, T3)"
:BasicsTransformerLM.layers.17.attn,PushPop,30,30,2,2,13952,6976.0,6976.0,6944,7008,45.3,"void at::native::reduce_kernel<(int)512, (int)1, at::native::ReduceOp<float, at::native::func_wrapper_t<float, at::native::sum_functor<float, float, float>::operator ()(at::TensorIterator &)::[lambda(float, float) (instance 1)]>, unsigned int, float, (int)4, (int)4>>(T3)"
:BasicsTransformerLM.layers.17.attn,PushPop,30,30,2,2,10240,5120.0,5120.0,5088,5152,45.3,"void at::native::vectorized_elementwise_kernel<(int)4, at::native::exp_kernel_cuda(at::TensorIteratorBase &)::[lambda() (instance 2)]::operator ()() const::[lambda() (instance 2)]::operator ()() const::[lambda(float) (instance 1)], std::array<char *, (unsigned long)2>>(int, T2, T3)"
:BasicsTransformerLM.layers.17.attn,PushPop,30,30,2,2,10016,5008.0,5008.0,4960,5056,67.9,"void at::native::vectorized_elementwise_kernel<(int)4, at::native::BUnaryFunctor<float, float, float, at::native::binary_internal::MulFunctor<float>>, std::array<char *, (unsigned long)2>>(int, T2, T3)"
:BasicsTransformerLM.layers.17.attn,PushPop,30,30,2,2,5216,2608.0,2608.0,2496,2720,158.4,"void at::native::elementwise_kernel<(int)128, (int)4, void at::native::gpu_kernel_impl_nocast<at::native::<unnamed>::CompareFunctor<long>>(at::TensorIteratorBase &, const T1 &)::[lambda(int) (instance 1)]>(int, T3)"
:BasicsTransformerLM.layers.17.attn,PushPop,30,30,2,2,1760,880.0,880.0,864,896,22.6,"void at::native::vectorized_elementwise_kernel<(int)4, at::native::FillFunctor<float>, std::array<char *, (unsigned long)1>>(int, T2, T3)"
:BasicsTransformerLM.layers.17.attn,PushPop,30,30,2,2,1632,816.0,816.0,736,896,113.1,"void <unnamed>::elementwise_kernel_with_index<int, at::native::arange_cuda_out(const c10::Scalar &, const c10::Scalar &, const c10::Scalar &, at::Tensor &)::[lambda() (instance 1)]::operator ()() const::[lambda() (instance 4)]::operator ()() const::[lambda(long) (instance 1)]>(T1, T2, function_traits<T2>::result_type *)"
:BasicsTransformerLM.layers.17.attn.k_proj,PushPop,30,30,2,2,187298,93649.0,93649.0,93473,93825,248.9,cutlass3x_sm100_simt_sgemm_f32_f32_f32_f32_f32_64x32x16_1x1x1_3_tnn_align1_bias_f32_relu
:BasicsTransformerLM.layers.17.attn.output_proj,PushPop,30,30,2,2,188738,94369.0,94369.0,94305,94433,90.5,cutlass3x_sm100_simt_sgemm_f32_f32_f32_f32_f32_64x32x16_1x1x1_3_tnn_align1_bias_f32_relu
:BasicsTransformerLM.layers.17.attn.q_proj,PushPop,30,30,2,2,187232,93616.0,93616.0,93600,93632,22.6,cutlass3x_sm100_simt_sgemm_f32_f32_f32_f32_f32_64x32x16_1x1x1_3_tnn_align1_bias_f32_relu
:BasicsTransformerLM.layers.17.attn.v_proj,PushPop,30,30,2,2,186880,93440.0,93440.0,93344,93536,135.8,cutlass3x_sm100_simt_sgemm_f32_f32_f32_f32_f32_64x32x16_1x1x1_3_tnn_align1_bias_f32_relu
:BasicsTransformerLM.layers.17.ffn,PushPop,30,30,2,4,1249382,312345.5,312385.5,311873,312738,389.3,cutlass3x_sm100_simt_sgemm_f32_f32_f32_f32_f32_64x128x16_1x1x1_3_tnn_align1_bias_f32_relu
:BasicsTransformerLM.layers.17.ffn,PushPop,30,30,2,2,720676,360338.0,360338.0,360290,360386,67.9,cutlass3x_sm100_simt_sgemm_f32_f32_f32_f32_f32_64x32x16_1x1x1_3_tnn_align1_bias_f32_relu
:BasicsTransformerLM.layers.17.ffn,PushPop,30,30,2,4,25728,6432.0,6352.0,5728,7296,807.4,"void at::native::vectorized_elementwise_kernel<(int)4, at::native::BinaryFunctor<float, float, float, at::native::binary_internal::MulFunctor<float>>, std::array<char *, (unsigned long)3>>(int, T2, T3)"
:BasicsTransformerLM.layers.17.ffn,PushPop,30,30,2,2,11712,5856.0,5856.0,5792,5920,90.5,"void at::native::vectorized_elementwise_kernel<(int)4, at::native::sigmoid_kernel_cuda(at::TensorIteratorBase &)::[lambda() (instance 2)]::operator ()() const::[lambda() (instance 2)]::operator ()() const::[lambda(float) (instance 1)], std::array<char *, (unsigned long)2>>(int, T2, T3)"
:BasicsTransformerLM.layers.17.ffn.w1,PushPop,30,30,2,2,625316,312658.0,312658.0,312578,312738,113.1,cutlass3x_sm100_simt_sgemm_f32_f32_f32_f32_f32_64x128x16_1x1x1_3_tnn_align1_bias_f32_relu
:BasicsTransformerLM.layers.17.ffn.w2,PushPop,30,30,2,2,720676,360338.0,360338.0,360290,360386,67.9,cutlass3x_sm100_simt_sgemm_f32_f32_f32_f32_f32_64x32x16_1x1x1_3_tnn_align1_bias_f32_relu
:BasicsTransformerLM.layers.17.ffn.w3,PushPop,30,30,2,2,624066,312033.0,312033.0,311873,312193,226.3,cutlass3x_sm100_simt_sgemm_f32_f32_f32_f32_f32_64x128x16_1x1x1_3_tnn_align1_bias_f32_relu
:BasicsTransformerLM.layers.17.ln1,PushPop,30,30,2,4,18624,4656.0,4656.0,4608,4704,41.3,"void at::native::elementwise_kernel<(int)128, (int)2, void at::native::gpu_kernel_impl_nocast<at::native::BinaryFunctor<float, float, float, at::native::binary_internal::MulFunctor<float>>>(at::TensorIteratorBase &, const T1 &)::[lambda(int) (instance 1)]>(int, T3)"
:BasicsTransformerLM.layers.17.ln1,PushPop,30,30,2,2,11872,5936.0,5936.0,5920,5952,22.6,"void at::native::reduce_kernel<(int)512, (int)1, at::native::ReduceOp<float, at::native::MeanOps<float, float, float, float>, unsigned int, float, (int)4, (int)4>>(T3)"
:BasicsTransformerLM.layers.17.ln1,PushPop,30,30,2,2,4864,2432.0,2432.0,2432,2432,0.0,"void at::native::vectorized_elementwise_kernel<(int)4, void at::native::<unnamed>::pow_tensor_scalar_kernel_impl<float, float>(at::TensorIteratorBase &, T2)::[lambda(float) (instance 1)], std::array<char *, (unsigned long)2>>(int, T2, T3)"
:BasicsTransformerLM.layers.17.ln1,PushPop,30,30,2,2,2496,1248.0,1248.0,1184,1312,90.5,"void at::native::vectorized_elementwise_kernel<(int)4, at::native::rsqrt_kernel_cuda(at::TensorIteratorBase &)::[lambda() (instance 2)]::operator ()() const::[lambda() (instance 2)]::operator ()() const::[lambda(float) (instance 1)], std::array<char *, (unsigned long)2>>(int, T2, T3)"
:BasicsTransformerLM.layers.17.ln1,PushPop,30,30,2,2,2208,1104.0,1104.0,1088,1120,22.6,"void at::native::vectorized_elementwise_kernel<(int)4, at::native::CUDAFunctorOnSelf_add<float>, std::array<char *, (unsigned long)2>>(int, T2, T3)"
:BasicsTransformerLM.layers.17.ln2,PushPop,30,30,2,4,18656,4664.0,4656.0,4576,4768,88.1,"void at::native::elementwise_kernel<(int)128, (int)2, void at::native::gpu_kernel_impl_nocast<at::native::BinaryFunctor<float, float, float, at::native::binary_internal::MulFunctor<float>>>(at::TensorIteratorBase &, const T1 &)::[lambda(int) (instance 1)]>(int, T3)"
:BasicsTransformerLM.layers.17.ln2,PushPop,30,30,2,2,11968,5984.0,5984.0,5984,5984,0.0,"void at::native::reduce_kernel<(int)512, (int)1, at::native::ReduceOp<float, at::native::MeanOps<float, float, float, float>, unsigned int, float, (int)4, (int)4>>(T3)"
:BasicsTransformerLM.layers.17.ln2,PushPop,30,30,2,2,4704,2352.0,2352.0,2336,2368,22.6,"void at::native::vectorized_elementwise_kernel<(int)4, void at::native::<unnamed>::pow_tensor_scalar_kernel_impl<float, float>(at::TensorIteratorBase &, T2)::[lambda(float) (instance 1)], std::array<char *, (unsigned long)2>>(int, T2, T3)"
:BasicsTransformerLM.layers.17.ln2,PushPop,30,30,2,2,2496,1248.0,1248.0,1216,1280,45.3,"void at::native::vectorized_elementwise_kernel<(int)4, at::native::CUDAFunctorOnSelf_add<float>, std::array<char *, (unsigned long)2>>(int, T2, T3)"
:BasicsTransformerLM.layers.17.ln2,PushPop,30,30,2,2,2272,1136.0,1136.0,1120,1152,22.6,"void at::native::vectorized_elementwise_kernel<(int)4, at::native::rsqrt_kernel_cuda(at::TensorIteratorBase &)::[lambda() (instance 2)]::operator ()() const::[lambda() (instance 2)]::operator ()() const::[lambda(float) (instance 1)], std::array<char *, (unsigned long)2>>(int, T2, T3)"
:BasicsTransformerLM.layers.18,PushPop,30,30,2,10,1471240,147124.0,93696.5,93441,361090,112551.3,cutlass3x_sm100_simt_sgemm_f32_f32_f32_f32_f32_64x32x16_1x1x1_3_tnn_align1_bias_f32_relu
:BasicsTransformerLM.layers.18,PushPop,30,30,2,4,1249702,312425.5,312401.5,312002,312897,457.5,cutlass3x_sm100_simt_sgemm_f32_f32_f32_f32_f32_64x128x16_1x1x1_3_tnn_align1_bias_f32_relu
:BasicsTransformerLM.layers.18,PushPop,30,30,2,24,91169,3798.7,3520.0,3104,4736,598.0,"void at::native::elementwise_kernel<(int)128, (int)2, void at::native::gpu_kernel_impl_nocast<at::native::BinaryFunctor<float, float, float, at::native::binary_internal::MulFunctor<float>>>(at::TensorIteratorBase &, const T1 &)::[lambda(int) (instance 1)]>(int, T3)"
:BasicsTransformerLM.layers.18,PushPop,30,30,2,2,53792,26896.0,26896.0,26880,26912,22.6,cutlass3x_sm100_simt_sgemm_f32_f32_f32_f32_f32_128x64x16_1x1x1_3_tnn_align1_bias_f32_relu
:BasicsTransformerLM.layers.18,PushPop,30,30,2,2,42464,21232.0,21232.0,21216,21248,22.6,cutlass3x_sm100_simt_sgemm_f32_f32_f32_f32_f32_64x32x16_1x1x1_3_nnn_align1_bias_f32_relu
:BasicsTransformerLM.layers.18,PushPop,30,30,2,4,36032,9008.0,8992.0,8864,9184,141.9,"void at::native::<unnamed>::CatArrayBatchedCopy<at::native::<unnamed>::OpaqueType<(unsigned int)4>, unsigned int, (int)4, (int)64, (int)64>(T1 *, at::native::<unnamed>::CatArrInputTensorMetadata<T1, T2, T4, T5>, at::native::<unnamed>::TensorSizeStride<T2, (unsigned int)4>, int, T2)"
:BasicsTransformerLM.layers.18,PushPop,30,30,2,2,30528,15264.0,15264.0,15232,15296,45.3,"void at::native::elementwise_kernel<(int)128, (int)2, void at::native::gpu_kernel_impl_nocast<at::native::BinaryFunctor<float, float, float, at::native::binary_internal::DivFunctor<float>>>(at::TensorIteratorBase &, const T1 &)::[lambda(int) (instance 1)]>(int, T3)"
:BasicsTransformerLM.layers.18,PushPop,30,30,2,12,29632,2469.3,2080.0,1984,3360,601.3,"void at::native::vectorized_elementwise_kernel<(int)4, at::native::CUDAFunctor_add<float>, std::array<char *, (unsigned long)3>>(int, T2, T3)"
:BasicsTransformerLM.layers.18,PushPop,30,30,2,4,26528,6632.0,6576.0,5856,7520,807.2,"void at::native::vectorized_elementwise_kernel<(int)4, at::native::BinaryFunctor<float, float, float, at::native::binary_internal::MulFunctor<float>>, std::array<char *, (unsigned long)3>>(int, T2, T3)"
:BasicsTransformerLM.layers.18,PushPop,30,30,2,2,26273,13136.5,13136.5,13089,13184,67.2,"void at::native::reduce_kernel<(int)512, (int)1, at::native::ReduceOp<float, at::native::MaxOps<float>, unsigned int, float, (int)4, (int)4>>(T3)"
:BasicsTransformerLM.layers.18,PushPop,30,30,2,2,26112,13056.0,13056.0,12992,13120,90.5,"void at::native::elementwise_kernel<(int)128, (int)2, void at::native::gpu_kernel_impl_nocast<at::native::<unnamed>::where_kernel_impl(at::TensorIterator &)::[lambda() (instance 1)]::operator ()() const::[lambda() (instance 11)]::operator ()() const::[lambda(bool, float, float) (instance 1)]>(at::TensorIteratorBase &, const T1 &)::[lambda(int) (instance 1)]>(int, T3)"
:BasicsTransformerLM.layers.18,PushPop,30,30,2,2,25281,12640.5,12640.5,12609,12672,44.5,"void at::native::elementwise_kernel<(int)128, (int)2, void at::native::gpu_kernel_impl_nocast<at::native::CUDAFunctor_add<float>>(at::TensorIteratorBase &, const T1 &)::[lambda(int) (instance 1)]>(int, T3)"
:BasicsTransformerLM.layers.18,PushPop,30,30,2,4,24096,6024.0,6016.0,5952,6112,66.0,"void at::native::reduce_kernel<(int)512, (int)1, at::native::ReduceOp<float, at::native::MeanOps<float, float, float, float>, unsigned int, float, (int)4, (int)4>>(T3)"
:BasicsTransformerLM.layers.18,PushPop,30,30,2,4,22048,5512.0,5520.0,4608,6400,1025.5,"void at::native::elementwise_kernel<(int)128, (int)2, void at::native::gpu_kernel_impl_nocast<at::native::direct_copy_kernel_cuda(at::TensorIteratorBase &)::[lambda() (instance 3)]::operator ()() const::[lambda() (instance 7)]::operator ()() const::[lambda(float) (instance 1)]>(at::TensorIteratorBase &, const T1 &)::[lambda(int) (instance 1)]>(int, T3)"
:BasicsTransformerLM.layers.18,PushPop,30,30,2,2,13984,6992.0,6992.0,6976,7008,22.6,"void at::native::reduce_kernel<(int)512, (int)1, at::native::ReduceOp<float, at::native::func_wrapper_t<float, at::native::sum_functor<float, float, float>::operator ()(at::TensorIterator &)::[lambda(float, float) (instance 1)]>, unsigned int, float, (int)4, (int)4>>(T3)"
:BasicsTransformerLM.layers.18,PushPop,30,30,2,2,11520,5760.0,5760.0,5760,5760,0.0,"void at::native::vectorized_elementwise_kernel<(int)4, at::native::sigmoid_kernel_cuda(at::TensorIteratorBase &)::[lambda() (instance 2)]::operator ()() const::[lambda() (instance 2)]::operator ()() const::[lambda(float) (instance 1)], std::array<char *, (unsigned long)2>>(int, T2, T3)"
:BasicsTransformerLM.layers.18,PushPop,30,30,2,2,10592,5296.0,5296.0,5216,5376,113.1,"void at::native::vectorized_elementwise_kernel<(int)4, at::native::exp_kernel_cuda(at::TensorIteratorBase &)::[lambda() (instance 2)]::operator ()() const::[lambda() (instance 2)]::operator ()() const::[lambda(float) (instance 1)], std::array<char *, (unsigned long)2>>(int, T2, T3)"
:BasicsTransformerLM.layers.18,PushPop,30,30,2,2,10080,5040.0,5040.0,5024,5056,22.6,"void at::native::vectorized_elementwise_kernel<(int)4, at::native::BUnaryFunctor<float, float, float, at::native::binary_internal::MulFunctor<float>>, std::array<char *, (unsigned long)2>>(int, T2, T3)"
:BasicsTransformerLM.layers.18,PushPop,30,30,2,4,9536,2384.0,2336.0,2304,2560,118.3,"void at::native::vectorized_elementwise_kernel<(int)4, void at::native::<unnamed>::pow_tensor_scalar_kernel_impl<float, float>(at::TensorIteratorBase &, T2)::[lambda(float) (instance 1)], std::array<char *, (unsigned long)2>>(int, T2, T3)"
:BasicsTransformerLM.layers.18,PushPop,30,30,2,4,5632,1408.0,1440.0,1280,1472,86.7,"void at::native::vectorized_elementwise_kernel<(int)4, at::native::CUDAFunctorOnSelf_add<float>, std::array<char *, (unsigned long)2>>(int, T2, T3)"
:BasicsTransformerLM.layers.18,PushPop,30,30,2,2,5056,2528.0,2528.0,2496,2560,45.3,"void at::native::elementwise_kernel<(int)128, (int)4, void at::native::gpu_kernel_impl_nocast<at::native::<unnamed>::CompareFunctor<long>>(at::TensorIteratorBase &, const T1 &)::[lambda(int) (instance 1)]>(int, T3)"
:BasicsTransformerLM.layers.18,PushPop,30,30,2,4,4673,1168.3,1168.0,1152,1185,18.8,"void at::native::vectorized_elementwise_kernel<(int)4, at::native::rsqrt_kernel_cuda(at::TensorIteratorBase &)::[lambda() (instance 2)]::operator ()() const::[lambda() (instance 2)]::operator ()() const::[lambda(float) (instance 1)], std::array<char *, (unsigned long)2>>(int, T2, T3)"
:BasicsTransformerLM.layers.18,PushPop,30,30,2,2,1792,896.0,896.0,896,896,0.0,"void at::native::vectorized_elementwise_kernel<(int)4, at::native::FillFunctor<float>, std::array<char *, (unsigned long)1>>(int, T2, T3)"
:BasicsTransformerLM.layers.18,PushPop,30,30,2,2,1696,848.0,848.0,768,928,113.1,"void <unnamed>::elementwise_kernel_with_index<int, at::native::arange_cuda_out(const c10::Scalar &, const c10::Scalar &, const c10::Scalar &, at::Tensor &)::[lambda() (instance 1)]::operator ()() const::[lambda() (instance 4)]::operator ()() const::[lambda(long) (instance 1)]>(T1, T2, function_traits<T2>::result_type *)"
:BasicsTransformerLM.layers.18.attn,PushPop,30,30,2,8,749892,93736.5,93649.0,93441,94400,338.2,cutlass3x_sm100_simt_sgemm_f32_f32_f32_f32_f32_64x32x16_1x1x1_3_tnn_align1_bias_f32_relu
:BasicsTransformerLM.layers.18.attn,PushPop,30,30,2,16,54368,3398.0,3472.0,3104,3648,178.4,"void at::native::elementwise_kernel<(int)128, (int)2, void at::native::gpu_kernel_impl_nocast<at::native::BinaryFunctor<float, float, float, at::native::binary_internal::MulFunctor<float>>>(at::TensorIteratorBase &, const T1 &)::[lambda(int) (instance 1)]>(int, T3)"
:BasicsTransformerLM.layers.18.attn,PushPop,30,30,2,2,53792,26896.0,26896.0,26880,26912,22.6,cutlass3x_sm100_simt_sgemm_f32_f32_f32_f32_f32_128x64x16_1x1x1_3_tnn_align1_bias_f32_relu
:BasicsTransformerLM.layers.18.attn,PushPop,30,30,2,2,42464,21232.0,21232.0,21216,21248,22.6,cutlass3x_sm100_simt_sgemm_f32_f32_f32_f32_f32_64x32x16_1x1x1_3_nnn_align1_bias_f32_relu
:BasicsTransformerLM.layers.18.attn,PushPop,30,30,2,4,36032,9008.0,8992.0,8864,9184,141.9,"void at::native::<unnamed>::CatArrayBatchedCopy<at::native::<unnamed>::OpaqueType<(unsigned int)4>, unsigned int, (int)4, (int)64, (int)64>(T1 *, at::native::<unnamed>::CatArrInputTensorMetadata<T1, T2, T4, T5>, at::native::<unnamed>::TensorSizeStride<T2, (unsigned int)4>, int, T2)"
:BasicsTransformerLM.layers.18.attn,PushPop,30,30,2,2,30528,15264.0,15264.0,15232,15296,45.3,"void at::native::elementwise_kernel<(int)128, (int)2, void at::native::gpu_kernel_impl_nocast<at::native::BinaryFunctor<float, float, float, at::native::binary_internal::DivFunctor<float>>>(at::TensorIteratorBase &, const T1 &)::[lambda(int) (instance 1)]>(int, T3)"
:BasicsTransformerLM.layers.18.attn,PushPop,30,30,2,2,26273,13136.5,13136.5,13089,13184,67.2,"void at::native::reduce_kernel<(int)512, (int)1, at::native::ReduceOp<float, at::native::MaxOps<float>, unsigned int, float, (int)4, (int)4>>(T3)"
:BasicsTransformerLM.layers.18.attn,PushPop,30,30,2,2,26112,13056.0,13056.0,12992,13120,90.5,"void at::native::elementwise_kernel<(int)128, (int)2, void at::native::gpu_kernel_impl_nocast<at::native::<unnamed>::where_kernel_impl(at::TensorIterator &)::[lambda() (instance 1)]::operator ()() const::[lambda() (instance 11)]::operator ()() const::[lambda(bool, float, float) (instance 1)]>(at::TensorIteratorBase &, const T1 &)::[lambda(int) (instance 1)]>(int, T3)"
:BasicsTransformerLM.layers.18.attn,PushPop,30,30,2,2,25281,12640.5,12640.5,12609,12672,44.5,"void at::native::elementwise_kernel<(int)128, (int)2, void at::native::gpu_kernel_impl_nocast<at::native::CUDAFunctor_add<float>>(at::TensorIteratorBase &, const T1 &)::[lambda(int) (instance 1)]>(int, T3)"
:BasicsTransformerLM.layers.18.attn,PushPop,30,30,2,4,22048,5512.0,5520.0,4608,6400,1025.5,"void at::native::elementwise_kernel<(int)128, (int)2, void at::native::gpu_kernel_impl_nocast<at::native::direct_copy_kernel_cuda(at::TensorIteratorBase &)::[lambda() (instance 3)]::operator ()() const::[lambda() (instance 7)]::operator ()() const::[lambda(float) (instance 1)]>(at::TensorIteratorBase &, const T1 &)::[lambda(int) (instance 1)]>(int, T3)"
:BasicsTransformerLM.layers.18.attn,PushPop,30,30,2,8,16512,2064.0,2080.0,1984,2144,48.4,"void at::native::vectorized_elementwise_kernel<(int)4, at::native::CUDAFunctor_add<float>, std::array<char *, (unsigned long)3>>(int, T2, T3)"
:BasicsTransformerLM.layers.18.attn,PushPop,30,30,2,2,13984,6992.0,6992.0,6976,7008,22.6,"void at::native::reduce_kernel<(int)512, (int)1, at::native::ReduceOp<float, at::native::func_wrapper_t<float, at::native::sum_functor<float, float, float>::operator ()(at::TensorIterator &)::[lambda(float, float) (instance 1)]>, unsigned int, float, (int)4, (int)4>>(T3)"
:BasicsTransformerLM.layers.18.attn,PushPop,30,30,2,2,10592,5296.0,5296.0,5216,5376,113.1,"void at::native::vectorized_elementwise_kernel<(int)4, at::native::exp_kernel_cuda(at::TensorIteratorBase &)::[lambda() (instance 2)]::operator ()() const::[lambda() (instance 2)]::operator ()() const::[lambda(float) (instance 1)], std::array<char *, (unsigned long)2>>(int, T2, T3)"
:BasicsTransformerLM.layers.18.attn,PushPop,30,30,2,2,10080,5040.0,5040.0,5024,5056,22.6,"void at::native::vectorized_elementwise_kernel<(int)4, at::native::BUnaryFunctor<float, float, float, at::native::binary_internal::MulFunctor<float>>, std::array<char *, (unsigned long)2>>(int, T2, T3)"
:BasicsTransformerLM.layers.18.attn,PushPop,30,30,2,2,5056,2528.0,2528.0,2496,2560,45.3,"void at::native::elementwise_kernel<(int)128, (int)4, void at::native::gpu_kernel_impl_nocast<at::native::<unnamed>::CompareFunctor<long>>(at::TensorIteratorBase &, const T1 &)::[lambda(int) (instance 1)]>(int, T3)"
:BasicsTransformerLM.layers.18.attn,PushPop,30,30,2,2,1792,896.0,896.0,896,896,0.0,"void at::native::vectorized_elementwise_kernel<(int)4, at::native::FillFunctor<float>, std::array<char *, (unsigned long)1>>(int, T2, T3)"
:BasicsTransformerLM.layers.18.attn,PushPop,30,30,2,2,1696,848.0,848.0,768,928,113.1,"void <unnamed>::elementwise_kernel_with_index<int, at::native::arange_cuda_out(const c10::Scalar &, const c10::Scalar &, const c10::Scalar &, at::Tensor &)::[lambda() (instance 1)]::operator ()() const::[lambda() (instance 4)]::operator ()() const::[lambda(long) (instance 1)]>(T1, T2, function_traits<T2>::result_type *)"
:BasicsTransformerLM.layers.18.attn.k_proj,PushPop,30,30,2,2,187200,93600.0,93600.0,93472,93728,181.0,cutlass3x_sm100_simt_sgemm_f32_f32_f32_f32_f32_64x32x16_1x1x1_3_tnn_align1_bias_f32_relu
:BasicsTransformerLM.layers.18.attn.output_proj,PushPop,30,30,2,2,188480,94240.0,94240.0,94080,94400,226.3,cutlass3x_sm100_simt_sgemm_f32_f32_f32_f32_f32_64x32x16_1x1x1_3_tnn_align1_bias_f32_relu
:BasicsTransformerLM.layers.18.attn.q_proj,PushPop,30,30,2,2,187106,93553.0,93553.0,93441,93665,158.4,cutlass3x_sm100_simt_sgemm_f32_f32_f32_f32_f32_64x32x16_1x1x1_3_tnn_align1_bias_f32_relu
:BasicsTransformerLM.layers.18.attn.v_proj,PushPop,30,30,2,2,187106,93553.0,93553.0,93473,93633,113.1,cutlass3x_sm100_simt_sgemm_f32_f32_f32_f32_f32_64x32x16_1x1x1_3_tnn_align1_bias_f32_relu
:BasicsTransformerLM.layers.18.ffn,PushPop,30,30,2,4,1249702,312425.5,312401.5,312002,312897,457.5,cutlass3x_sm100_simt_sgemm_f32_f32_f32_f32_f32_64x128x16_1x1x1_3_tnn_align1_bias_f32_relu
:BasicsTransformerLM.layers.18.ffn,PushPop,30,30,2,2,721348,360674.0,360674.0,360258,361090,588.3,cutlass3x_sm100_simt_sgemm_f32_f32_f32_f32_f32_64x32x16_1x1x1_3_tnn_align1_bias_f32_relu
:BasicsTransformerLM.layers.18.ffn,PushPop,30,30,2,4,26528,6632.0,6576.0,5856,7520,807.2,"void at::native::vectorized_elementwise_kernel<(int)4, at::native::BinaryFunctor<float, float, float, at::native::binary_internal::MulFunctor<float>>, std::array<char *, (unsigned long)3>>(int, T2, T3)"
:BasicsTransformerLM.layers.18.ffn,PushPop,30,30,2,2,11520,5760.0,5760.0,5760,5760,0.0,"void at::native::vectorized_elementwise_kernel<(int)4, at::native::sigmoid_kernel_cuda(at::TensorIteratorBase &)::[lambda() (instance 2)]::operator ()() const::[lambda() (instance 2)]::operator ()() const::[lambda(float) (instance 1)], std::array<char *, (unsigned long)2>>(int, T2, T3)"
:BasicsTransformerLM.layers.18.ffn.w1,PushPop,30,30,2,2,625634,312817.0,312817.0,312737,312897,113.1,cutlass3x_sm100_simt_sgemm_f32_f32_f32_f32_f32_64x128x16_1x1x1_3_tnn_align1_bias_f32_relu
:BasicsTransformerLM.layers.18.ffn.w2,PushPop,30,30,2,2,721348,360674.0,360674.0,360258,361090,588.3,cutlass3x_sm100_simt_sgemm_f32_f32_f32_f32_f32_64x32x16_1x1x1_3_tnn_align1_bias_f32_relu
:BasicsTransformerLM.layers.18.ffn.w3,PushPop,30,30,2,2,624068,312034.0,312034.0,312002,312066,45.3,cutlass3x_sm100_simt_sgemm_f32_f32_f32_f32_f32_64x128x16_1x1x1_3_tnn_align1_bias_f32_relu
:BasicsTransformerLM.layers.18.ln1,PushPop,30,30,2,4,18496,4624.0,4608.0,4544,4736,84.7,"void at::native::elementwise_kernel<(int)128, (int)2, void at::native::gpu_kernel_impl_nocast<at::native::BinaryFunctor<float, float, float, at::native::binary_internal::MulFunctor<float>>>(at::TensorIteratorBase &, const T1 &)::[lambda(int) (instance 1)]>(int, T3)"
:BasicsTransformerLM.layers.18.ln1,PushPop,30,30,2,2,12064,6032.0,6032.0,5952,6112,113.1,"void at::native::reduce_kernel<(int)512, (int)1, at::native::ReduceOp<float, at::native::MeanOps<float, float, float, float>, unsigned int, float, (int)4, (int)4>>(T3)"
:BasicsTransformerLM.layers.18.ln1,PushPop,30,30,2,2,4640,2320.0,2320.0,2304,2336,22.6,"void at::native::vectorized_elementwise_kernel<(int)4, void at::native::<unnamed>::pow_tensor_scalar_kernel_impl<float, float>(at::TensorIteratorBase &, T2)::[lambda(float) (instance 1)], std::array<char *, (unsigned long)2>>(int, T2, T3)"
:BasicsTransformerLM.layers.18.ln1,PushPop,30,30,2,2,2912,1456.0,1456.0,1440,1472,22.6,"void at::native::vectorized_elementwise_kernel<(int)4, at::native::CUDAFunctorOnSelf_add<float>, std::array<char *, (unsigned long)2>>(int, T2, T3)"
:BasicsTransformerLM.layers.18.ln1,PushPop,30,30,2,2,2336,1168.0,1168.0,1152,1184,22.6,"void at::native::vectorized_elementwise_kernel<(int)4, at::native::rsqrt_kernel_cuda(at::TensorIteratorBase &)::[lambda() (instance 2)]::operator ()() const::[lambda() (instance 2)]::operator ()() const::[lambda(float) (instance 1)], std::array<char *, (unsigned long)2>>(int, T2, T3)"
:BasicsTransformerLM.layers.18.ln2,PushPop,30,30,2,4,18305,4576.3,4560.0,4513,4672,68.8,"void at::native::elementwise_kernel<(int)128, (int)2, void at::native::gpu_kernel_impl_nocast<at::native::BinaryFunctor<float, float, float, at::native::binary_internal::MulFunctor<float>>>(at::TensorIteratorBase &, const T1 &)::[lambda(int) (instance 1)]>(int, T3)"
:BasicsTransformerLM.layers.18.ln2,PushPop,30,30,2,2,12032,6016.0,6016.0,6016,6016,0.0,"void at::native::reduce_kernel<(int)512, (int)1, at::native::ReduceOp<float, at::native::MeanOps<float, float, float, float>, unsigned int, float, (int)4, (int)4>>(T3)"
:BasicsTransformerLM.layers.18.ln2,PushPop,30,30,2,2,4896,2448.0,2448.0,2336,2560,158.4,"void at::native::vectorized_elementwise_kernel<(int)4, void at::native::<unnamed>::pow_tensor_scalar_kernel_impl<float, float>(at::TensorIteratorBase &, T2)::[lambda(float) (instance 1)], std::array<char *, (unsigned long)2>>(int, T2, T3)"
:BasicsTransformerLM.layers.18.ln2,PushPop,30,30,2,2,2720,1360.0,1360.0,1280,1440,113.1,"void at::native::vectorized_elementwise_kernel<(int)4, at::native::CUDAFunctorOnSelf_add<float>, std::array<char *, (unsigned long)2>>(int, T2, T3)"
:BasicsTransformerLM.layers.18.ln2,PushPop,30,30,2,2,2337,1168.5,1168.5,1152,1185,23.3,"void at::native::vectorized_elementwise_kernel<(int)4, at::native::rsqrt_kernel_cuda(at::TensorIteratorBase &)::[lambda() (instance 2)]::operator ()() const::[lambda() (instance 2)]::operator ()() const::[lambda(float) (instance 1)], std::array<char *, (unsigned long)2>>(int, T2, T3)"
:BasicsTransformerLM.layers.19,PushPop,30,30,2,10,1471176,147117.6,93728.5,93440,360546,112419.6,cutlass3x_sm100_simt_sgemm_f32_f32_f32_f32_f32_64x32x16_1x1x1_3_tnn_align1_bias_f32_relu
:BasicsTransformerLM.layers.19,PushPop,30,30,2,4,1249510,312377.5,312225.5,312065,312994,425.3,cutlass3x_sm100_simt_sgemm_f32_f32_f32_f32_f32_64x128x16_1x1x1_3_tnn_align1_bias_f32_relu
:BasicsTransformerLM.layers.19,PushPop,30,30,2,24,92224,3842.7,3504.0,3136,4768,606.0,"void at::native::elementwise_kernel<(int)128, (int)2, void at::native::gpu_kernel_impl_nocast<at::native::BinaryFunctor<float, float, float, at::native::binary_internal::MulFunctor<float>>>(at::TensorIteratorBase &, const T1 &)::[lambda(int) (instance 1)]>(int, T3)"
:BasicsTransformerLM.layers.19,PushPop,30,30,2,2,53696,26848.0,26848.0,26816,26880,45.3,cutlass3x_sm100_simt_sgemm_f32_f32_f32_f32_f32_128x64x16_1x1x1_3_tnn_align1_bias_f32_relu
:BasicsTransformerLM.layers.19,PushPop,30,30,2,2,42208,21104.0,21104.0,21088,21120,22.6,cutlass3x_sm100_simt_sgemm_f32_f32_f32_f32_f32_64x32x16_1x1x1_3_nnn_align1_bias_f32_relu
:BasicsTransformerLM.layers.19,PushPop,30,30,2,4,36192,9048.0,9024.0,8896,9248,166.0,"void at::native::<unnamed>::CatArrayBatchedCopy<at::native::<unnamed>::OpaqueType<(unsigned int)4>, unsigned int, (int)4, (int)64, (int)64>(T1 *, at::native::<unnamed>::CatArrInputTensorMetadata<T1, T2, T4, T5>, at::native::<unnamed>::TensorSizeStride<T2, (unsigned int)4>, int, T2)"
:BasicsTransformerLM.layers.19,PushPop,30,30,2,2,30432,15216.0,15216.0,15200,15232,22.6,"void at::native::elementwise_kernel<(int)128, (int)2, void at::native::gpu_kernel_impl_nocast<at::native::BinaryFunctor<float, float, float, at::native::binary_internal::DivFunctor<float>>>(at::TensorIteratorBase &, const T1 &)::[lambda(int) (instance 1)]>(int, T3)"
:BasicsTransformerLM.layers.19,PushPop,30,30,2,12,28993,2416.1,2048.0,1888,3424,622.5,"void at::native::vectorized_elementwise_kernel<(int)4, at::native::CUDAFunctor_add<float>, std::array<char *, (unsigned long)3>>(int, T2, T3)"
:BasicsTransformerLM.layers.19,PushPop,30,30,2,2,26336,13168.0,13168.0,13120,13216,67.9,"void at::native::reduce_kernel<(int)512, (int)1, at::native::ReduceOp<float, at::native::MaxOps<float>, unsigned int, float, (int)4, (int)4>>(T3)"
:BasicsTransformerLM.layers.19,PushPop,30,30,2,2,26176,13088.0,13088.0,13056,13120,45.3,"void at::native::elementwise_kernel<(int)128, (int)2, void at::native::gpu_kernel_impl_nocast<at::native::<unnamed>::where_kernel_impl(at::TensorIterator &)::[lambda() (instance 1)]::operator ()() const::[lambda() (instance 11)]::operator ()() const::[lambda(bool, float, float) (instance 1)]>(at::TensorIteratorBase &, const T1 &)::[lambda(int) (instance 1)]>(int, T3)"
:BasicsTransformerLM.layers.19,PushPop,30,30,2,4,25920,6480.0,6464.0,5664,7328,873.4,"void at::native::vectorized_elementwise_kernel<(int)4, at::native::BinaryFunctor<float, float, float, at::native::binary_internal::MulFunctor<float>>, std::array<char *, (unsigned long)3>>(int, T2, T3)"
:BasicsTransformerLM.layers.19,PushPop,30,30,2,2,25280,12640.0,12640.0,12640,12640,0.0,"void at::native::elementwise_kernel<(int)128, (int)2, void at::native::gpu_kernel_impl_nocast<at::native::CUDAFunctor_add<float>>(at::TensorIteratorBase &, const T1 &)::[lambda(int) (instance 1)]>(int, T3)"
:BasicsTransformerLM.layers.19,PushPop,30,30,2,4,24000,6000.0,5984.0,5952,6080,55.4,"void at::native::reduce_kernel<(int)512, (int)1, at::native::ReduceOp<float, at::native::MeanOps<float, float, float, float>, unsigned int, float, (int)4, (int)4>>(T3)"
:BasicsTransformerLM.layers.19,PushPop,30,30,2,4,22688,5672.0,5616.0,4640,6816,1195.2,"void at::native::elementwise_kernel<(int)128, (int)2, void at::native::gpu_kernel_impl_nocast<at::native::direct_copy_kernel_cuda(at::TensorIteratorBase &)::[lambda() (instance 3)]::operator ()() const::[lambda() (instance 7)]::operator ()() const::[lambda(float) (instance 1)]>(at::TensorIteratorBase &, const T1 &)::[lambda(int) (instance 1)]>(int, T3)"
:BasicsTransformerLM.layers.19,PushPop,30,30,2,2,14208,7104.0,7104.0,7040,7168,90.5,"void at::native::reduce_kernel<(int)512, (int)1, at::native::ReduceOp<float, at::native::func_wrapper_t<float, at::native::sum_functor<float, float, float>::operator ()(at::TensorIterator &)::[lambda(float, float) (instance 1)]>, unsigned int, float, (int)4, (int)4>>(T3)"
:BasicsTransformerLM.layers.19,PushPop,30,30,2,2,11584,5792.0,5792.0,5760,5824,45.3,"void at::native::vectorized_elementwise_kernel<(int)4, at::native::sigmoid_kernel_cuda(at::TensorIteratorBase &)::[lambda() (instance 2)]::operator ()() const::[lambda() (instance 2)]::operator ()() const::[lambda(float) (instance 1)], std::array<char *, (unsigned long)2>>(int, T2, T3)"
:BasicsTransformerLM.layers.19,PushPop,30,30,2,2,10336,5168.0,5168.0,5120,5216,67.9,"void at::native::vectorized_elementwise_kernel<(int)4, at::native::exp_kernel_cuda(at::TensorIteratorBase &)::[lambda() (instance 2)]::operator ()() const::[lambda() (instance 2)]::operator ()() const::[lambda(float) (instance 1)], std::array<char *, (unsigned long)2>>(int, T2, T3)"
:BasicsTransformerLM.layers.19,PushPop,30,30,2,2,10112,5056.0,5056.0,4960,5152,135.8,"void at::native::vectorized_elementwise_kernel<(int)4, at::native::BUnaryFunctor<float, float, float, at::native::binary_internal::MulFunctor<float>>, std::array<char *, (unsigned long)2>>(int, T2, T3)"
:BasicsTransformerLM.layers.19,PushPop,30,30,2,4,9856,2464.0,2480.0,2336,2560,101.2,"void at::native::vectorized_elementwise_kernel<(int)4, void at::native::<unnamed>::pow_tensor_scalar_kernel_impl<float, float>(at::TensorIteratorBase &, T2)::[lambda(float) (instance 1)], std::array<char *, (unsigned long)2>>(int, T2, T3)"
:BasicsTransformerLM.layers.19,PushPop,30,30,2,4,6016,1504.0,1488.0,1440,1600,69.1,"void at::native::vectorized_elementwise_kernel<(int)4, at::native::CUDAFunctorOnSelf_add<float>, std::array<char *, (unsigned long)2>>(int, T2, T3)"
:BasicsTransformerLM.layers.19,PushPop,30,30,2,2,5472,2736.0,2736.0,2720,2752,22.6,"void at::native::elementwise_kernel<(int)128, (int)4, void at::native::gpu_kernel_impl_nocast<at::native::<unnamed>::CompareFunctor<long>>(at::TensorIteratorBase &, const T1 &)::[lambda(int) (instance 1)]>(int, T3)"
:BasicsTransformerLM.layers.19,PushPop,30,30,2,4,4896,1224.0,1216.0,1152,1312,71.0,"void at::native::vectorized_elementwise_kernel<(int)4, at::native::rsqrt_kernel_cuda(at::TensorIteratorBase &)::[lambda() (instance 2)]::operator ()() const::[lambda() (instance 2)]::operator ()() const::[lambda(float) (instance 1)], std::array<char *, (unsigned long)2>>(int, T2, T3)"
:BasicsTransformerLM.layers.19,PushPop,30,30,2,2,2048,1024.0,1024.0,896,1152,181.0,"void at::native::vectorized_elementwise_kernel<(int)4, at::native::FillFunctor<float>, std::array<char *, (unsigned long)1>>(int, T2, T3)"
:BasicsTransformerLM.layers.19,PushPop,30,30,2,2,1664,832.0,832.0,736,928,135.8,"void <unnamed>::elementwise_kernel_with_index<int, at::native::arange_cuda_out(const c10::Scalar &, const c10::Scalar &, const c10::Scalar &, at::Tensor &)::[lambda() (instance 1)]::operator ()() const::[lambda() (instance 4)]::operator ()() const::[lambda(long) (instance 1)]>(T1, T2, function_traits<T2>::result_type *)"
:BasicsTransformerLM.layers.19.attn,PushPop,30,30,2,8,750340,93792.5,93648.0,93440,94433,354.6,cutlass3x_sm100_simt_sgemm_f32_f32_f32_f32_f32_64x32x16_1x1x1_3_tnn_align1_bias_f32_relu
:BasicsTransformerLM.layers.19.attn,PushPop,30,30,2,16,54880,3430.0,3488.0,3136,3552,130.2,"void at::native::elementwise_kernel<(int)128, (int)2, void at::native::gpu_kernel_impl_nocast<at::native::BinaryFunctor<float, float, float, at::native::binary_internal::MulFunctor<float>>>(at::TensorIteratorBase &, const T1 &)::[lambda(int) (instance 1)]>(int, T3)"
:BasicsTransformerLM.layers.19.attn,PushPop,30,30,2,2,53696,26848.0,26848.0,26816,26880,45.3,cutlass3x_sm100_simt_sgemm_f32_f32_f32_f32_f32_128x64x16_1x1x1_3_tnn_align1_bias_f32_relu
:BasicsTransformerLM.layers.19.attn,PushPop,30,30,2,2,42208,21104.0,21104.0,21088,21120,22.6,cutlass3x_sm100_simt_sgemm_f32_f32_f32_f32_f32_64x32x16_1x1x1_3_nnn_align1_bias_f32_relu
:BasicsTransformerLM.layers.19.attn,PushPop,30,30,2,4,36192,9048.0,9024.0,8896,9248,166.0,"void at::native::<unnamed>::CatArrayBatchedCopy<at::native::<unnamed>::OpaqueType<(unsigned int)4>, unsigned int, (int)4, (int)64, (int)64>(T1 *, at::native::<unnamed>::CatArrInputTensorMetadata<T1, T2, T4, T5>, at::native::<unnamed>::TensorSizeStride<T2, (unsigned int)4>, int, T2)"
:BasicsTransformerLM.layers.19.attn,PushPop,30,30,2,2,30432,15216.0,15216.0,15200,15232,22.6,"void at::native::elementwise_kernel<(int)128, (int)2, void at::native::gpu_kernel_impl_nocast<at::native::BinaryFunctor<float, float, float, at::native::binary_internal::DivFunctor<float>>>(at::TensorIteratorBase &, const T1 &)::[lambda(int) (instance 1)]>(int, T3)"
:BasicsTransformerLM.layers.19.attn,PushPop,30,30,2,2,26336,13168.0,13168.0,13120,13216,67.9,"void at::native::reduce_kernel<(int)512, (int)1, at::native::ReduceOp<float, at::native::MaxOps<float>, unsigned int, float, (int)4, (int)4>>(T3)"
:BasicsTransformerLM.layers.19.attn,PushPop,30,30,2,2,26176,13088.0,13088.0,13056,13120,45.3,"void at::native::elementwise_kernel<(int)128, (int)2, void at::native::gpu_kernel_impl_nocast<at::native::<unnamed>::where_kernel_impl(at::TensorIterator &)::[lambda() (instance 1)]::operator ()() const::[lambda() (instance 11)]::operator ()() const::[lambda(bool, float, float) (instance 1)]>(at::TensorIteratorBase &, const T1 &)::[lambda(int) (instance 1)]>(int, T3)"
:BasicsTransformerLM.layers.19.attn,PushPop,30,30,2,2,25280,12640.0,12640.0,12640,12640,0.0,"void at::native::elementwise_kernel<(int)128, (int)2, void at::native::gpu_kernel_impl_nocast<at::native::CUDAFunctor_add<float>>(at::TensorIteratorBase &, const T1 &)::[lambda(int) (instance 1)]>(int, T3)"
:BasicsTransformerLM.layers.19.attn,PushPop,30,30,2,4,22688,5672.0,5616.0,4640,6816,1195.2,"void at::native::elementwise_kernel<(int)128, (int)2, void at::native::gpu_kernel_impl_nocast<at::native::direct_copy_kernel_cuda(at::TensorIteratorBase &)::[lambda() (instance 3)]::operator ()() const::[lambda() (instance 7)]::operator ()() const::[lambda(float) (instance 1)]>(at::TensorIteratorBase &, const T1 &)::[lambda(int) (instance 1)]>(int, T3)"
:BasicsTransformerLM.layers.19.attn,PushPop,30,30,2,8,16001,2000.1,2000.0,1888,2145,84.0,"void at::native::vectorized_elementwise_kernel<(int)4, at::native::CUDAFunctor_add<float>, std::array<char *, (unsigned long)3>>(int, T2, T3)"
:BasicsTransformerLM.layers.19.attn,PushPop,30,30,2,2,14208,7104.0,7104.0,7040,7168,90.5,"void at::native::reduce_kernel<(int)512, (int)1, at::native::ReduceOp<float, at::native::func_wrapper_t<float, at::native::sum_functor<float, float, float>::operator ()(at::TensorIterator &)::[lambda(float, float) (instance 1)]>, unsigned int, float, (int)4, (int)4>>(T3)"
:BasicsTransformerLM.layers.19.attn,PushPop,30,30,2,2,10336,5168.0,5168.0,5120,5216,67.9,"void at::native::vectorized_elementwise_kernel<(int)4, at::native::exp_kernel_cuda(at::TensorIteratorBase &)::[lambda() (instance 2)]::operator ()() const::[lambda() (instance 2)]::operator ()() const::[lambda(float) (instance 1)], std::array<char *, (unsigned long)2>>(int, T2, T3)"
:BasicsTransformerLM.layers.19.attn,PushPop,30,30,2,2,10112,5056.0,5056.0,4960,5152,135.8,"void at::native::vectorized_elementwise_kernel<(int)4, at::native::BUnaryFunctor<float, float, float, at::native::binary_internal::MulFunctor<float>>, std::array<char *, (unsigned long)2>>(int, T2, T3)"
:BasicsTransformerLM.layers.19.attn,PushPop,30,30,2,2,5472,2736.0,2736.0,2720,2752,22.6,"void at::native::elementwise_kernel<(int)128, (int)4, void at::native::gpu_kernel_impl_nocast<at::native::<unnamed>::CompareFunctor<long>>(at::TensorIteratorBase &, const T1 &)::[lambda(int) (instance 1)]>(int, T3)"
:BasicsTransformerLM.layers.19.attn,PushPop,30,30,2,2,2048,1024.0,1024.0,896,1152,181.0,"void at::native::vectorized_elementwise_kernel<(int)4, at::native::FillFunctor<float>, std::array<char *, (unsigned long)1>>(int, T2, T3)"
:BasicsTransformerLM.layers.19.attn,PushPop,30,30,2,2,1664,832.0,832.0,736,928,135.8,"void <unnamed>::elementwise_kernel_with_index<int, at::native::arange_cuda_out(const c10::Scalar &, const c10::Scalar &, const c10::Scalar &, at::Tensor &)::[lambda() (instance 1)]::operator ()() const::[lambda() (instance 4)]::operator ()() const::[lambda(long) (instance 1)]>(T1, T2, function_traits<T2>::result_type *)"
:BasicsTransformerLM.layers.19.attn.k_proj,PushPop,30,30,2,2,187330,93665.0,93665.0,93537,93793,181.0,cutlass3x_sm100_simt_sgemm_f32_f32_f32_f32_f32_64x32x16_1x1x1_3_tnn_align1_bias_f32_relu
:BasicsTransformerLM.layers.19.attn.output_proj,PushPop,30,30,2,2,188674,94337.0,94337.0,94241,94433,135.8,cutlass3x_sm100_simt_sgemm_f32_f32_f32_f32_f32_64x32x16_1x1x1_3_tnn_align1_bias_f32_relu
:BasicsTransformerLM.layers.19.attn.q_proj,PushPop,30,30,2,2,187264,93632.0,93632.0,93600,93664,45.3,cutlass3x_sm100_simt_sgemm_f32_f32_f32_f32_f32_64x32x16_1x1x1_3_tnn_align1_bias_f32_relu
:BasicsTransformerLM.layers.19.attn.v_proj,PushPop,30,30,2,2,187072,93536.0,93536.0,93440,93632,135.8,cutlass3x_sm100_simt_sgemm_f32_f32_f32_f32_f32_64x32x16_1x1x1_3_tnn_align1_bias_f32_relu
:BasicsTransformerLM.layers.19.ffn,PushPop,30,30,2,4,1249510,312377.5,312225.5,312065,312994,425.3,cutlass3x_sm100_simt_sgemm_f32_f32_f32_f32_f32_64x128x16_1x1x1_3_tnn_align1_bias_f32_relu
:BasicsTransformerLM.layers.19.ffn,PushPop,30,30,2,2,720836,360418.0,360418.0,360290,360546,181.0,cutlass3x_sm100_simt_sgemm_f32_f32_f32_f32_f32_64x32x16_1x1x1_3_tnn_align1_bias_f32_relu
:BasicsTransformerLM.layers.19.ffn,PushPop,30,30,2,4,25920,6480.0,6464.0,5664,7328,873.4,"void at::native::vectorized_elementwise_kernel<(int)4, at::native::BinaryFunctor<float, float, float, at::native::binary_internal::MulFunctor<float>>, std::array<char *, (unsigned long)3>>(int, T2, T3)"
:BasicsTransformerLM.layers.19.ffn,PushPop,30,30,2,2,11584,5792.0,5792.0,5760,5824,45.3,"void at::native::vectorized_elementwise_kernel<(int)4, at::native::sigmoid_kernel_cuda(at::TensorIteratorBase &)::[lambda() (instance 2)]::operator ()() const::[lambda() (instance 2)]::operator ()() const::[lambda(float) (instance 1)], std::array<char *, (unsigned long)2>>(int, T2, T3)"
:BasicsTransformerLM.layers.19.ffn.w1,PushPop,30,30,2,2,625316,312658.0,312658.0,312322,312994,475.2,cutlass3x_sm100_simt_sgemm_f32_f32_f32_f32_f32_64x128x16_1x1x1_3_tnn_align1_bias_f32_relu
:BasicsTransformerLM.layers.19.ffn.w2,PushPop,30,30,2,2,720836,360418.0,360418.0,360290,360546,181.0,cutlass3x_sm100_simt_sgemm_f32_f32_f32_f32_f32_64x32x16_1x1x1_3_tnn_align1_bias_f32_relu
:BasicsTransformerLM.layers.19.ffn.w3,PushPop,30,30,2,2,624194,312097.0,312097.0,312065,312129,45.3,cutlass3x_sm100_simt_sgemm_f32_f32_f32_f32_f32_64x128x16_1x1x1_3_tnn_align1_bias_f32_relu
:BasicsTransformerLM.layers.19.ln1,PushPop,30,30,2,4,18720,4680.0,4672.0,4608,4768,66.0,"void at::native::elementwise_kernel<(int)128, (int)2, void at::native::gpu_kernel_impl_nocast<at::native::BinaryFunctor<float, float, float, at::native::binary_internal::MulFunctor<float>>>(at::TensorIteratorBase &, const T1 &)::[lambda(int) (instance 1)]>(int, T3)"
:BasicsTransformerLM.layers.19.ln1,PushPop,30,30,2,2,11936,5968.0,5968.0,5952,5984,22.6,"void at::native::reduce_kernel<(int)512, (int)1, at::native::ReduceOp<float, at::native::MeanOps<float, float, float, float>, unsigned int, float, (int)4, (int)4>>(T3)"
:BasicsTransformerLM.layers.19.ln1,PushPop,30,30,2,2,4960,2480.0,2480.0,2432,2528,67.9,"void at::native::vectorized_elementwise_kernel<(int)4, void at::native::<unnamed>::pow_tensor_scalar_kernel_impl<float, float>(at::TensorIteratorBase &, T2)::[lambda(float) (instance 1)], std::array<char *, (unsigned long)2>>(int, T2, T3)"
:BasicsTransformerLM.layers.19.ln1,PushPop,30,30,2,2,3072,1536.0,1536.0,1472,1600,90.5,"void at::native::vectorized_elementwise_kernel<(int)4, at::native::CUDAFunctorOnSelf_add<float>, std::array<char *, (unsigned long)2>>(int, T2, T3)"
:BasicsTransformerLM.layers.19.ln1,PushPop,30,30,2,2,2560,1280.0,1280.0,1248,1312,45.3,"void at::native::vectorized_elementwise_kernel<(int)4, at::native::rsqrt_kernel_cuda(at::TensorIteratorBase &)::[lambda() (instance 2)]::operator ()() const::[lambda() (instance 2)]::operator ()() const::[lambda(float) (instance 1)], std::array<char *, (unsigned long)2>>(int, T2, T3)"
:BasicsTransformerLM.layers.19.ln2,PushPop,30,30,2,4,18624,4656.0,4672.0,4608,4672,32.0,"void at::native::elementwise_kernel<(int)128, (int)2, void at::native::gpu_kernel_impl_nocast<at::native::BinaryFunctor<float, float, float, at::native::binary_internal::MulFunctor<float>>>(at::TensorIteratorBase &, const T1 &)::[lambda(int) (instance 1)]>(int, T3)"
:BasicsTransformerLM.layers.19.ln2,PushPop,30,30,2,2,12064,6032.0,6032.0,5984,6080,67.9,"void at::native::reduce_kernel<(int)512, (int)1, at::native::ReduceOp<float, at::native::MeanOps<float, float, float, float>, unsigned int, float, (int)4, (int)4>>(T3)"
:BasicsTransformerLM.layers.19.ln2,PushPop,30,30,2,2,4896,2448.0,2448.0,2336,2560,158.4,"void at::native::vectorized_elementwise_kernel<(int)4, void at::native::<unnamed>::pow_tensor_scalar_kernel_impl<float, float>(at::TensorIteratorBase &, T2)::[lambda(float) (instance 1)], std::array<char *, (unsigned long)2>>(int, T2, T3)"
:BasicsTransformerLM.layers.19.ln2,PushPop,30,30,2,2,2944,1472.0,1472.0,1440,1504,45.3,"void at::native::vectorized_elementwise_kernel<(int)4, at::native::CUDAFunctorOnSelf_add<float>, std::array<char *, (unsigned long)2>>(int, T2, T3)"
:BasicsTransformerLM.layers.19.ln2,PushPop,30,30,2,2,2336,1168.0,1168.0,1152,1184,22.6,"void at::native::vectorized_elementwise_kernel<(int)4, at::native::rsqrt_kernel_cuda(at::TensorIteratorBase &)::[lambda() (instance 2)]::operator ()() const::[lambda() (instance 2)]::operator ()() const::[lambda(float) (instance 1)], std::array<char *, (unsigned long)2>>(int, T2, T3)"
:BasicsTransformerLM.layers.2,PushPop,30,30,2,10,1468073,146807.3,93648.5,93281,359842,112136.1,cutlass3x_sm100_simt_sgemm_f32_f32_f32_f32_f32_64x32x16_1x1x1_3_tnn_align1_bias_f32_relu
:BasicsTransformerLM.layers.2,PushPop,30,30,2,4,1245990,311497.5,311345.5,311266,312033,361.1,cutlass3x_sm100_simt_sgemm_f32_f32_f32_f32_f32_64x128x16_1x1x1_3_tnn_align1_bias_f32_relu
:BasicsTransformerLM.layers.2,PushPop,30,30,2,24,91713,3821.4,3520.0,3104,4896,629.7,"void at::native::elementwise_kernel<(int)128, (int)2, void at::native::gpu_kernel_impl_nocast<at::native::BinaryFunctor<float, float, float, at::native::binary_internal::MulFunctor<float>>>(at::TensorIteratorBase &, const T1 &)::[lambda(int) (instance 1)]>(int, T3)"
:BasicsTransformerLM.layers.2,PushPop,30,30,2,2,53953,26976.5,26976.5,26881,27072,135.1,cutlass3x_sm100_simt_sgemm_f32_f32_f32_f32_f32_128x64x16_1x1x1_3_tnn_align1_bias_f32_relu
:BasicsTransformerLM.layers.2,PushPop,30,30,2,2,42176,21088.0,21088.0,21088,21088,0.0,cutlass3x_sm100_simt_sgemm_f32_f32_f32_f32_f32_64x32x16_1x1x1_3_nnn_align1_bias_f32_relu
:BasicsTransformerLM.layers.2,PushPop,30,30,2,4,36192,9048.0,9056.0,8928,9152,105.7,"void at::native::<unnamed>::CatArrayBatchedCopy<at::native::<unnamed>::OpaqueType<(unsigned int)4>, unsigned int, (int)4, (int)64, (int)64>(T1 *, at::native::<unnamed>::CatArrInputTensorMetadata<T1, T2, T4, T5>, at::native::<unnamed>::TensorSizeStride<T2, (unsigned int)4>, int, T2)"
:BasicsTransformerLM.layers.2,PushPop,30,30,2,2,30464,15232.0,15232.0,15168,15296,90.5,"void at::native::elementwise_kernel<(int)128, (int)2, void at::native::gpu_kernel_impl_nocast<at::native::BinaryFunctor<float, float, float, at::native::binary_internal::DivFunctor<float>>>(at::TensorIteratorBase &, const T1 &)::[lambda(int) (instance 1)]>(int, T3)"
:BasicsTransformerLM.layers.2,PushPop,30,30,2,12,30176,2514.7,2128.0,1984,3584,637.4,"void at::native::vectorized_elementwise_kernel<(int)4, at::native::CUDAFunctor_add<float>, std::array<char *, (unsigned long)3>>(int, T2, T3)"
:BasicsTransformerLM.layers.2,PushPop,30,30,2,2,26400,13200.0,13200.0,13056,13344,203.6,"void at::native::reduce_kernel<(int)512, (int)1, at::native::ReduceOp<float, at::native::MaxOps<float>, unsigned int, float, (int)4, (int)4>>(T3)"
:BasicsTransformerLM.layers.2,PushPop,30,30,2,2,25856,12928.0,12928.0,12896,12960,45.3,"void at::native::elementwise_kernel<(int)128, (int)2, void at::native::gpu_kernel_impl_nocast<at::native::<unnamed>::where_kernel_impl(at::TensorIterator &)::[lambda() (instance 1)]::operator ()() const::[lambda() (instance 11)]::operator ()() const::[lambda(bool, float, float) (instance 1)]>(at::TensorIteratorBase &, const T1 &)::[lambda(int) (instance 1)]>(int, T3)"
:BasicsTransformerLM.layers.2,PushPop,30,30,2,4,25760,6440.0,6368.0,5632,7392,892.3,"void at::native::vectorized_elementwise_kernel<(int)4, at::native::BinaryFunctor<float, float, float, at::native::binary_internal::MulFunctor<float>>, std::array<char *, (unsigned long)3>>(int, T2, T3)"
:BasicsTransformerLM.layers.2,PushPop,30,30,2,2,25440,12720.0,12720.0,12640,12800,113.1,"void at::native::elementwise_kernel<(int)128, (int)2, void at::native::gpu_kernel_impl_nocast<at::native::CUDAFunctor_add<float>>(at::TensorIteratorBase &, const T1 &)::[lambda(int) (instance 1)]>(int, T3)"
:BasicsTransformerLM.layers.2,PushPop,30,30,2,4,24032,6008.0,6000.0,5952,6080,66.0,"void at::native::reduce_kernel<(int)512, (int)1, at::native::ReduceOp<float, at::native::MeanOps<float, float, float, float>, unsigned int, float, (int)4, (int)4>>(T3)"
:BasicsTransformerLM.layers.2,PushPop,30,30,2,4,22208,5552.0,5536.0,4640,6496,1053.4,"void at::native::elementwise_kernel<(int)128, (int)2, void at::native::gpu_kernel_impl_nocast<at::native::direct_copy_kernel_cuda(at::TensorIteratorBase &)::[lambda() (instance 3)]::operator ()() const::[lambda() (instance 7)]::operator ()() const::[lambda(float) (instance 1)]>(at::TensorIteratorBase &, const T1 &)::[lambda(int) (instance 1)]>(int, T3)"
:BasicsTransformerLM.layers.2,PushPop,30,30,2,2,13888,6944.0,6944.0,6944,6944,0.0,"void at::native::reduce_kernel<(int)512, (int)1, at::native::ReduceOp<float, at::native::func_wrapper_t<float, at::native::sum_functor<float, float, float>::operator ()(at::TensorIterator &)::[lambda(float, float) (instance 1)]>, unsigned int, float, (int)4, (int)4>>(T3)"
:BasicsTransformerLM.layers.2,PushPop,30,30,2,2,11616,5808.0,5808.0,5792,5824,22.6,"void at::native::vectorized_elementwise_kernel<(int)4, at::native::sigmoid_kernel_cuda(at::TensorIteratorBase &)::[lambda() (instance 2)]::operator ()() const::[lambda() (instance 2)]::operator ()() const::[lambda(float) (instance 1)], std::array<char *, (unsigned long)2>>(int, T2, T3)"
:BasicsTransformerLM.layers.2,PushPop,30,30,2,2,10496,5248.0,5248.0,5184,5312,90.5,"void at::native::vectorized_elementwise_kernel<(int)4, at::native::exp_kernel_cuda(at::TensorIteratorBase &)::[lambda() (instance 2)]::operator ()() const::[lambda() (instance 2)]::operator ()() const::[lambda(float) (instance 1)], std::array<char *, (unsigned long)2>>(int, T2, T3)"
:BasicsTransformerLM.layers.2,PushPop,30,30,2,2,9921,4960.5,4960.5,4929,4992,44.5,"void at::native::vectorized_elementwise_kernel<(int)4, at::native::BUnaryFunctor<float, float, float, at::native::binary_internal::MulFunctor<float>>, std::array<char *, (unsigned long)2>>(int, T2, T3)"
:BasicsTransformerLM.layers.2,PushPop,30,30,2,4,9600,2400.0,2416.0,2336,2432,45.3,"void at::native::vectorized_elementwise_kernel<(int)4, void at::native::<unnamed>::pow_tensor_scalar_kernel_impl<float, float>(at::TensorIteratorBase &, T2)::[lambda(float) (instance 1)], std::array<char *, (unsigned long)2>>(int, T2, T3)"
:BasicsTransformerLM.layers.2,PushPop,30,30,2,4,5344,1336.0,1360.0,1152,1472,148.7,"void at::native::vectorized_elementwise_kernel<(int)4, at::native::CUDAFunctorOnSelf_add<float>, std::array<char *, (unsigned long)2>>(int, T2, T3)"
:BasicsTransformerLM.layers.2,PushPop,30,30,2,2,5024,2512.0,2512.0,2432,2592,113.1,"void at::native::elementwise_kernel<(int)128, (int)4, void at::native::gpu_kernel_impl_nocast<at::native::<unnamed>::CompareFunctor<long>>(at::TensorIteratorBase &, const T1 &)::[lambda(int) (instance 1)]>(int, T3)"
:BasicsTransformerLM.layers.2,PushPop,30,30,2,4,4768,1192.0,1184.0,1152,1248,40.3,"void at::native::vectorized_elementwise_kernel<(int)4, at::native::rsqrt_kernel_cuda(at::TensorIteratorBase &)::[lambda() (instance 2)]::operator ()() const::[lambda() (instance 2)]::operator ()() const::[lambda(float) (instance 1)], std::array<char *, (unsigned long)2>>(int, T2, T3)"
:BasicsTransformerLM.layers.2,PushPop,30,30,2,2,1888,944.0,944.0,928,960,22.6,"void <unnamed>::elementwise_kernel_with_index<int, at::native::arange_cuda_out(const c10::Scalar &, const c10::Scalar &, const c10::Scalar &, at::Tensor &)::[lambda() (instance 1)]::operator ()() const::[lambda() (instance 4)]::operator ()() const::[lambda(long) (instance 1)]>(T1, T2, function_traits<T2>::result_type *)"
:BasicsTransformerLM.layers.2,PushPop,30,30,2,2,1760,880.0,880.0,864,896,22.6,"void at::native::vectorized_elementwise_kernel<(int)4, at::native::FillFunctor<float>, std::array<char *, (unsigned long)1>>(int, T2, T3)"
:BasicsTransformerLM.layers.2.attn,PushPop,30,30,2,8,748933,93616.6,93504.5,93281,94081,265.6,cutlass3x_sm100_simt_sgemm_f32_f32_f32_f32_f32_64x32x16_1x1x1_3_tnn_align1_bias_f32_relu
:BasicsTransformerLM.layers.2.attn,PushPop,30,30,2,16,54368,3398.0,3472.0,3104,3552,170.2,"void at::native::elementwise_kernel<(int)128, (int)2, void at::native::gpu_kernel_impl_nocast<at::native::BinaryFunctor<float, float, float, at::native::binary_internal::MulFunctor<float>>>(at::TensorIteratorBase &, const T1 &)::[lambda(int) (instance 1)]>(int, T3)"
:BasicsTransformerLM.layers.2.attn,PushPop,30,30,2,2,53953,26976.5,26976.5,26881,27072,135.1,cutlass3x_sm100_simt_sgemm_f32_f32_f32_f32_f32_128x64x16_1x1x1_3_tnn_align1_bias_f32_relu
:BasicsTransformerLM.layers.2.attn,PushPop,30,30,2,2,42176,21088.0,21088.0,21088,21088,0.0,cutlass3x_sm100_simt_sgemm_f32_f32_f32_f32_f32_64x32x16_1x1x1_3_nnn_align1_bias_f32_relu
:BasicsTransformerLM.layers.2.attn,PushPop,30,30,2,4,36192,9048.0,9056.0,8928,9152,105.7,"void at::native::<unnamed>::CatArrayBatchedCopy<at::native::<unnamed>::OpaqueType<(unsigned int)4>, unsigned int, (int)4, (int)64, (int)64>(T1 *, at::native::<unnamed>::CatArrInputTensorMetadata<T1, T2, T4, T5>, at::native::<unnamed>::TensorSizeStride<T2, (unsigned int)4>, int, T2)"
:BasicsTransformerLM.layers.2.attn,PushPop,30,30,2,2,30464,15232.0,15232.0,15168,15296,90.5,"void at::native::elementwise_kernel<(int)128, (int)2, void at::native::gpu_kernel_impl_nocast<at::native::BinaryFunctor<float, float, float, at::native::binary_internal::DivFunctor<float>>>(at::TensorIteratorBase &, const T1 &)::[lambda(int) (instance 1)]>(int, T3)"
:BasicsTransformerLM.layers.2.attn,PushPop,30,30,2,2,26400,13200.0,13200.0,13056,13344,203.6,"void at::native::reduce_kernel<(int)512, (int)1, at::native::ReduceOp<float, at::native::MaxOps<float>, unsigned int, float, (int)4, (int)4>>(T3)"
:BasicsTransformerLM.layers.2.attn,PushPop,30,30,2,2,25856,12928.0,12928.0,12896,12960,45.3,"void at::native::elementwise_kernel<(int)128, (int)2, void at::native::gpu_kernel_impl_nocast<at::native::<unnamed>::where_kernel_impl(at::TensorIterator &)::[lambda() (instance 1)]::operator ()() const::[lambda() (instance 11)]::operator ()() const::[lambda(bool, float, float) (instance 1)]>(at::TensorIteratorBase &, const T1 &)::[lambda(int) (instance 1)]>(int, T3)"
:BasicsTransformerLM.layers.2.attn,PushPop,30,30,2,2,25440,12720.0,12720.0,12640,12800,113.1,"void at::native::elementwise_kernel<(int)128, (int)2, void at::native::gpu_kernel_impl_nocast<at::native::CUDAFunctor_add<float>>(at::TensorIteratorBase &, const T1 &)::[lambda(int) (instance 1)]>(int, T3)"
:BasicsTransformerLM.layers.2.attn,PushPop,30,30,2,4,22208,5552.0,5536.0,4640,6496,1053.4,"void at::native::elementwise_kernel<(int)128, (int)2, void at::native::gpu_kernel_impl_nocast<at::native::direct_copy_kernel_cuda(at::TensorIteratorBase &)::[lambda() (instance 3)]::operator ()() const::[lambda() (instance 7)]::operator ()() const::[lambda(float) (instance 1)]>(at::TensorIteratorBase &, const T1 &)::[lambda(int) (instance 1)]>(int, T3)"
:BasicsTransformerLM.layers.2.attn,PushPop,30,30,2,8,16704,2088.0,2096.0,1984,2208,72.1,"void at::native::vectorized_elementwise_kernel<(int)4, at::native::CUDAFunctor_add<float>, std::array<char *, (unsigned long)3>>(int, T2, T3)"
:BasicsTransformerLM.layers.2.attn,PushPop,30,30,2,2,13888,6944.0,6944.0,6944,6944,0.0,"void at::native::reduce_kernel<(int)512, (int)1, at::native::ReduceOp<float, at::native::func_wrapper_t<float, at::native::sum_functor<float, float, float>::operator ()(at::TensorIterator &)::[lambda(float, float) (instance 1)]>, unsigned int, float, (int)4, (int)4>>(T3)"
:BasicsTransformerLM.layers.2.attn,PushPop,30,30,2,2,10496,5248.0,5248.0,5184,5312,90.5,"void at::native::vectorized_elementwise_kernel<(int)4, at::native::exp_kernel_cuda(at::TensorIteratorBase &)::[lambda() (instance 2)]::operator ()() const::[lambda() (instance 2)]::operator ()() const::[lambda(float) (instance 1)], std::array<char *, (unsigned long)2>>(int, T2, T3)"
:BasicsTransformerLM.layers.2.attn,PushPop,30,30,2,2,9921,4960.5,4960.5,4929,4992,44.5,"void at::native::vectorized_elementwise_kernel<(int)4, at::native::BUnaryFunctor<float, float, float, at::native::binary_internal::MulFunctor<float>>, std::array<char *, (unsigned long)2>>(int, T2, T3)"
:BasicsTransformerLM.layers.2.attn,PushPop,30,30,2,2,5024,2512.0,2512.0,2432,2592,113.1,"void at::native::elementwise_kernel<(int)128, (int)4, void at::native::gpu_kernel_impl_nocast<at::native::<unnamed>::CompareFunctor<long>>(at::TensorIteratorBase &, const T1 &)::[lambda(int) (instance 1)]>(int, T3)"
:BasicsTransformerLM.layers.2.attn,PushPop,30,30,2,2,1888,944.0,944.0,928,960,22.6,"void <unnamed>::elementwise_kernel_with_index<int, at::native::arange_cuda_out(const c10::Scalar &, const c10::Scalar &, const c10::Scalar &, at::Tensor &)::[lambda() (instance 1)]::operator ()() const::[lambda() (instance 4)]::operator ()() const::[lambda(long) (instance 1)]>(T1, T2, function_traits<T2>::result_type *)"
:BasicsTransformerLM.layers.2.attn,PushPop,30,30,2,2,1760,880.0,880.0,864,896,22.6,"void at::native::vectorized_elementwise_kernel<(int)4, at::native::FillFunctor<float>, std::array<char *, (unsigned long)1>>(int, T2, T3)"
:BasicsTransformerLM.layers.2.attn.k_proj,PushPop,30,30,2,2,187296,93648.0,93648.0,93504,93792,203.6,cutlass3x_sm100_simt_sgemm_f32_f32_f32_f32_f32_64x32x16_1x1x1_3_tnn_align1_bias_f32_relu
:BasicsTransformerLM.layers.2.attn.output_proj,PushPop,30,30,2,2,187938,93969.0,93969.0,93857,94081,158.4,cutlass3x_sm100_simt_sgemm_f32_f32_f32_f32_f32_64x32x16_1x1x1_3_tnn_align1_bias_f32_relu
:BasicsTransformerLM.layers.2.attn.q_proj,PushPop,30,30,2,2,186913,93456.5,93456.5,93440,93473,23.3,cutlass3x_sm100_simt_sgemm_f32_f32_f32_f32_f32_64x32x16_1x1x1_3_tnn_align1_bias_f32_relu
:BasicsTransformerLM.layers.2.attn.v_proj,PushPop,30,30,2,2,186786,93393.0,93393.0,93281,93505,158.4,cutlass3x_sm100_simt_sgemm_f32_f32_f32_f32_f32_64x32x16_1x1x1_3_tnn_align1_bias_f32_relu
:BasicsTransformerLM.layers.2.ffn,PushPop,30,30,2,4,1245990,311497.5,311345.5,311266,312033,361.1,cutlass3x_sm100_simt_sgemm_f32_f32_f32_f32_f32_64x128x16_1x1x1_3_tnn_align1_bias_f32_relu
:BasicsTransformerLM.layers.2.ffn,PushPop,30,30,2,2,719140,359570.0,359570.0,359298,359842,384.7,cutlass3x_sm100_simt_sgemm_f32_f32_f32_f32_f32_64x32x16_1x1x1_3_tnn_align1_bias_f32_relu
:BasicsTransformerLM.layers.2.ffn,PushPop,30,30,2,4,25760,6440.0,6368.0,5632,7392,892.3,"void at::native::vectorized_elementwise_kernel<(int)4, at::native::BinaryFunctor<float, float, float, at::native::binary_internal::MulFunctor<float>>, std::array<char *, (unsigned long)3>>(int, T2, T3)"
:BasicsTransformerLM.layers.2.ffn,PushPop,30,30,2,2,11616,5808.0,5808.0,5792,5824,22.6,"void at::native::vectorized_elementwise_kernel<(int)4, at::native::sigmoid_kernel_cuda(at::TensorIteratorBase &)::[lambda() (instance 2)]::operator ()() const::[lambda() (instance 2)]::operator ()() const::[lambda(float) (instance 1)], std::array<char *, (unsigned long)2>>(int, T2, T3)"
:BasicsTransformerLM.layers.2.ffn.w1,PushPop,30,30,2,2,623426,311713.0,311713.0,311393,312033,452.5,cutlass3x_sm100_simt_sgemm_f32_f32_f32_f32_f32_64x128x16_1x1x1_3_tnn_align1_bias_f32_relu
:BasicsTransformerLM.layers.2.ffn.w2,PushPop,30,30,2,2,719140,359570.0,359570.0,359298,359842,384.7,cutlass3x_sm100_simt_sgemm_f32_f32_f32_f32_f32_64x32x16_1x1x1_3_tnn_align1_bias_f32_relu
:BasicsTransformerLM.layers.2.ffn.w3,PushPop,30,30,2,2,622564,311282.0,311282.0,311266,311298,22.6,cutlass3x_sm100_simt_sgemm_f32_f32_f32_f32_f32_64x128x16_1x1x1_3_tnn_align1_bias_f32_relu
:BasicsTransformerLM.layers.2.ln1,PushPop,30,30,2,4,18529,4632.3,4656.0,4513,4704,83.7,"void at::native::elementwise_kernel<(int)128, (int)2, void at::native::gpu_kernel_impl_nocast<at::native::BinaryFunctor<float, float, float, at::native::binary_internal::MulFunctor<float>>>(at::TensorIteratorBase &, const T1 &)::[lambda(int) (instance 1)]>(int, T3)"
:BasicsTransformerLM.layers.2.ln1,PushPop,30,30,2,2,11904,5952.0,5952.0,5952,5952,0.0,"void at::native::reduce_kernel<(int)512, (int)1, at::native::ReduceOp<float, at::native::MeanOps<float, float, float, float>, unsigned int, float, (int)4, (int)4>>(T3)"
:BasicsTransformerLM.layers.2.ln1,PushPop,30,30,2,2,4768,2384.0,2384.0,2336,2432,67.9,"void at::native::vectorized_elementwise_kernel<(int)4, void at::native::<unnamed>::pow_tensor_scalar_kernel_impl<float, float>(at::TensorIteratorBase &, T2)::[lambda(float) (instance 1)], std::array<char *, (unsigned long)2>>(int, T2, T3)"
:BasicsTransformerLM.layers.2.ln1,PushPop,30,30,2,2,2624,1312.0,1312.0,1152,1472,226.3,"void at::native::vectorized_elementwise_kernel<(int)4, at::native::CUDAFunctorOnSelf_add<float>, std::array<char *, (unsigned long)2>>(int, T2, T3)"
:BasicsTransformerLM.layers.2.ln1,PushPop,30,30,2,2,2336,1168.0,1168.0,1152,1184,22.6,"void at::native::vectorized_elementwise_kernel<(int)4, at::native::rsqrt_kernel_cuda(at::TensorIteratorBase &)::[lambda() (instance 2)]::operator ()() const::[lambda() (instance 2)]::operator ()() const::[lambda(float) (instance 1)], std::array<char *, (unsigned long)2>>(int, T2, T3)"
:BasicsTransformerLM.layers.2.ln2,PushPop,30,30,2,4,18816,4704.0,4656.0,4608,4896,130.6,"void at::native::elementwise_kernel<(int)128, (int)2, void at::native::gpu_kernel_impl_nocast<at::native::BinaryFunctor<float, float, float, at::native::binary_internal::MulFunctor<float>>>(at::TensorIteratorBase &, const T1 &)::[lambda(int) (instance 1)]>(int, T3)"
:BasicsTransformerLM.layers.2.ln2,PushPop,30,30,2,2,12128,6064.0,6064.0,6048,6080,22.6,"void at::native::reduce_kernel<(int)512, (int)1, at::native::ReduceOp<float, at::native::MeanOps<float, float, float, float>, unsigned int, float, (int)4, (int)4>>(T3)"
:BasicsTransformerLM.layers.2.ln2,PushPop,30,30,2,2,4832,2416.0,2416.0,2400,2432,22.6,"void at::native::vectorized_elementwise_kernel<(int)4, void at::native::<unnamed>::pow_tensor_scalar_kernel_impl<float, float>(at::TensorIteratorBase &, T2)::[lambda(float) (instance 1)], std::array<char *, (unsigned long)2>>(int, T2, T3)"
:BasicsTransformerLM.layers.2.ln2,PushPop,30,30,2,2,2720,1360.0,1360.0,1280,1440,113.1,"void at::native::vectorized_elementwise_kernel<(int)4, at::native::CUDAFunctorOnSelf_add<float>, std::array<char *, (unsigned long)2>>(int, T2, T3)"
:BasicsTransformerLM.layers.2.ln2,PushPop,30,30,2,2,2432,1216.0,1216.0,1184,1248,45.3,"void at::native::vectorized_elementwise_kernel<(int)4, at::native::rsqrt_kernel_cuda(at::TensorIteratorBase &)::[lambda() (instance 2)]::operator ()() const::[lambda() (instance 2)]::operator ()() const::[lambda(float) (instance 1)], std::array<char *, (unsigned long)2>>(int, T2, T3)"
:BasicsTransformerLM.layers.20,PushPop,30,30,2,10,1471496,147149.6,93888.5,93472,360706,112512.4,cutlass3x_sm100_simt_sgemm_f32_f32_f32_f32_f32_64x32x16_1x1x1_3_tnn_align1_bias_f32_relu
:BasicsTransformerLM.layers.20,PushPop,30,30,2,4,1249446,312361.5,312289.5,312098,312769,314.5,cutlass3x_sm100_simt_sgemm_f32_f32_f32_f32_f32_64x128x16_1x1x1_3_tnn_align1_bias_f32_relu
:BasicsTransformerLM.layers.20,PushPop,30,30,2,24,91136,3797.3,3472.0,3104,4800,613.3,"void at::native::elementwise_kernel<(int)128, (int)2, void at::native::gpu_kernel_impl_nocast<at::native::BinaryFunctor<float, float, float, at::native::binary_internal::MulFunctor<float>>>(at::TensorIteratorBase &, const T1 &)::[lambda(int) (instance 1)]>(int, T3)"
:BasicsTransformerLM.layers.20,PushPop,30,30,2,2,53888,26944.0,26944.0,26912,26976,45.3,cutlass3x_sm100_simt_sgemm_f32_f32_f32_f32_f32_128x64x16_1x1x1_3_tnn_align1_bias_f32_relu
:BasicsTransformerLM.layers.20,PushPop,30,30,2,2,42368,21184.0,21184.0,21120,21248,90.5,cutlass3x_sm100_simt_sgemm_f32_f32_f32_f32_f32_64x32x16_1x1x1_3_nnn_align1_bias_f32_relu
:BasicsTransformerLM.layers.20,PushPop,30,30,2,4,36160,9040.0,9024.0,8960,9152,84.7,"void at::native::<unnamed>::CatArrayBatchedCopy<at::native::<unnamed>::OpaqueType<(unsigned int)4>, unsigned int, (int)4, (int)64, (int)64>(T1 *, at::native::<unnamed>::CatArrInputTensorMetadata<T1, T2, T4, T5>, at::native::<unnamed>::TensorSizeStride<T2, (unsigned int)4>, int, T2)"
:BasicsTransformerLM.layers.20,PushPop,30,30,2,2,30272,15136.0,15136.0,15136,15136,0.0,"void at::native::elementwise_kernel<(int)128, (int)2, void at::native::gpu_kernel_impl_nocast<at::native::BinaryFunctor<float, float, float, at::native::binary_internal::DivFunctor<float>>>(at::TensorIteratorBase &, const T1 &)::[lambda(int) (instance 1)]>(int, T3)"
:BasicsTransformerLM.layers.20,PushPop,30,30,2,12,30144,2512.0,2096.0,2016,3520,652.2,"void at::native::vectorized_elementwise_kernel<(int)4, at::native::CUDAFunctor_add<float>, std::array<char *, (unsigned long)3>>(int, T2, T3)"
:BasicsTransformerLM.layers.20,PushPop,30,30,2,2,26336,13168.0,13168.0,13152,13184,22.6,"void at::native::reduce_kernel<(int)512, (int)1, at::native::ReduceOp<float, at::native::MaxOps<float>, unsigned int, float, (int)4, (int)4>>(T3)"
:BasicsTransformerLM.layers.20,PushPop,30,30,2,2,26016,13008.0,13008.0,12992,13024,22.6,"void at::native::elementwise_kernel<(int)128, (int)2, void at::native::gpu_kernel_impl_nocast<at::native::<unnamed>::where_kernel_impl(at::TensorIterator &)::[lambda() (instance 1)]::operator ()() const::[lambda() (instance 11)]::operator ()() const::[lambda(bool, float, float) (instance 1)]>(at::TensorIteratorBase &, const T1 &)::[lambda(int) (instance 1)]>(int, T3)"
:BasicsTransformerLM.layers.20,PushPop,30,30,2,4,25600,6400.0,6416.0,5600,7168,851.9,"void at::native::vectorized_elementwise_kernel<(int)4, at::native::BinaryFunctor<float, float, float, at::native::binary_internal::MulFunctor<float>>, std::array<char *, (unsigned long)3>>(int, T2, T3)"
:BasicsTransformerLM.layers.20,PushPop,30,30,2,2,25442,12721.0,12721.0,12673,12769,67.9,"void at::native::elementwise_kernel<(int)128, (int)2, void at::native::gpu_kernel_impl_nocast<at::native::CUDAFunctor_add<float>>(at::TensorIteratorBase &, const T1 &)::[lambda(int) (instance 1)]>(int, T3)"
:BasicsTransformerLM.layers.20,PushPop,30,30,2,4,24032,6008.0,6032.0,5888,6080,84.2,"void at::native::reduce_kernel<(int)512, (int)1, at::native::ReduceOp<float, at::native::MeanOps<float, float, float, float>, unsigned int, float, (int)4, (int)4>>(T3)"
:BasicsTransformerLM.layers.20,PushPop,30,30,2,4,22496,5624.0,5584.0,4640,6688,1138.1,"void at::native::elementwise_kernel<(int)128, (int)2, void at::native::gpu_kernel_impl_nocast<at::native::direct_copy_kernel_cuda(at::TensorIteratorBase &)::[lambda() (instance 3)]::operator ()() const::[lambda() (instance 7)]::operator ()() const::[lambda(float) (instance 1)]>(at::TensorIteratorBase &, const T1 &)::[lambda(int) (instance 1)]>(int, T3)"
:BasicsTransformerLM.layers.20,PushPop,30,30,2,2,13920,6960.0,6960.0,6944,6976,22.6,"void at::native::reduce_kernel<(int)512, (int)1, at::native::ReduceOp<float, at::native::func_wrapper_t<float, at::native::sum_functor<float, float, float>::operator ()(at::TensorIterator &)::[lambda(float, float) (instance 1)]>, unsigned int, float, (int)4, (int)4>>(T3)"
:BasicsTransformerLM.layers.20,PushPop,30,30,2,2,11584,5792.0,5792.0,5760,5824,45.3,"void at::native::vectorized_elementwise_kernel<(int)4, at::native::sigmoid_kernel_cuda(at::TensorIteratorBase &)::[lambda() (instance 2)]::operator ()() const::[lambda() (instance 2)]::operator ()() const::[lambda(float) (instance 1)], std::array<char *, (unsigned long)2>>(int, T2, T3)"
:BasicsTransformerLM.layers.20,PushPop,30,30,2,2,10432,5216.0,5216.0,5120,5312,135.8,"void at::native::vectorized_elementwise_kernel<(int)4, at::native::exp_kernel_cuda(at::TensorIteratorBase &)::[lambda() (instance 2)]::operator ()() const::[lambda() (instance 2)]::operator ()() const::[lambda(float) (instance 1)], std::array<char *, (unsigned long)2>>(int, T2, T3)"
:BasicsTransformerLM.layers.20,PushPop,30,30,2,2,10208,5104.0,5104.0,5024,5184,113.1,"void at::native::vectorized_elementwise_kernel<(int)4, at::native::BUnaryFunctor<float, float, float, at::native::binary_internal::MulFunctor<float>>, std::array<char *, (unsigned long)2>>(int, T2, T3)"
:BasicsTransformerLM.layers.20,PushPop,30,30,2,4,9632,2408.0,2416.0,2272,2528,105.7,"void at::native::vectorized_elementwise_kernel<(int)4, void at::native::<unnamed>::pow_tensor_scalar_kernel_impl<float, float>(at::TensorIteratorBase &, T2)::[lambda(float) (instance 1)], std::array<char *, (unsigned long)2>>(int, T2, T3)"
:BasicsTransformerLM.layers.20,PushPop,30,30,2,4,5984,1496.0,1488.0,1440,1568,54.7,"void at::native::vectorized_elementwise_kernel<(int)4, at::native::CUDAFunctorOnSelf_add<float>, std::array<char *, (unsigned long)2>>(int, T2, T3)"
:BasicsTransformerLM.layers.20,PushPop,30,30,2,2,5088,2544.0,2544.0,2496,2592,67.9,"void at::native::elementwise_kernel<(int)128, (int)4, void at::native::gpu_kernel_impl_nocast<at::native::<unnamed>::CompareFunctor<long>>(at::TensorIteratorBase &, const T1 &)::[lambda(int) (instance 1)]>(int, T3)"
:BasicsTransformerLM.layers.20,PushPop,30,30,2,4,5025,1256.3,1248.5,1184,1344,83.9,"void at::native::vectorized_elementwise_kernel<(int)4, at::native::rsqrt_kernel_cuda(at::TensorIteratorBase &)::[lambda() (instance 2)]::operator ()() const::[lambda() (instance 2)]::operator ()() const::[lambda(float) (instance 1)], std::array<char *, (unsigned long)2>>(int, T2, T3)"
:BasicsTransformerLM.layers.20,PushPop,30,30,2,2,1888,944.0,944.0,736,1152,294.2,"void <unnamed>::elementwise_kernel_with_index<int, at::native::arange_cuda_out(const c10::Scalar &, const c10::Scalar &, const c10::Scalar &, at::Tensor &)::[lambda() (instance 1)]::operator ()() const::[lambda() (instance 4)]::operator ()() const::[lambda(long) (instance 1)]>(T1, T2, function_traits<T2>::result_type *)"
:BasicsTransformerLM.layers.20,PushPop,30,30,2,2,1760,880.0,880.0,864,896,22.6,"void at::native::vectorized_elementwise_kernel<(int)4, at::native::FillFunctor<float>, std::array<char *, (unsigned long)1>>(int, T2, T3)"
:BasicsTransformerLM.layers.20.attn,PushPop,30,30,2,8,750244,93780.5,93600.5,93472,94304,363.4,cutlass3x_sm100_simt_sgemm_f32_f32_f32_f32_f32_64x32x16_1x1x1_3_tnn_align1_bias_f32_relu
:BasicsTransformerLM.layers.20.attn,PushPop,30,30,2,16,54144,3384.0,3456.0,3104,3552,161.3,"void at::native::elementwise_kernel<(int)128, (int)2, void at::native::gpu_kernel_impl_nocast<at::native::BinaryFunctor<float, float, float, at::native::binary_internal::MulFunctor<float>>>(at::TensorIteratorBase &, const T1 &)::[lambda(int) (instance 1)]>(int, T3)"
:BasicsTransformerLM.layers.20.attn,PushPop,30,30,2,2,53888,26944.0,26944.0,26912,26976,45.3,cutlass3x_sm100_simt_sgemm_f32_f32_f32_f32_f32_128x64x16_1x1x1_3_tnn_align1_bias_f32_relu
:BasicsTransformerLM.layers.20.attn,PushPop,30,30,2,2,42368,21184.0,21184.0,21120,21248,90.5,cutlass3x_sm100_simt_sgemm_f32_f32_f32_f32_f32_64x32x16_1x1x1_3_nnn_align1_bias_f32_relu
:BasicsTransformerLM.layers.20.attn,PushPop,30,30,2,4,36160,9040.0,9024.0,8960,9152,84.7,"void at::native::<unnamed>::CatArrayBatchedCopy<at::native::<unnamed>::OpaqueType<(unsigned int)4>, unsigned int, (int)4, (int)64, (int)64>(T1 *, at::native::<unnamed>::CatArrInputTensorMetadata<T1, T2, T4, T5>, at::native::<unnamed>::TensorSizeStride<T2, (unsigned int)4>, int, T2)"
:BasicsTransformerLM.layers.20.attn,PushPop,30,30,2,2,30272,15136.0,15136.0,15136,15136,0.0,"void at::native::elementwise_kernel<(int)128, (int)2, void at::native::gpu_kernel_impl_nocast<at::native::BinaryFunctor<float, float, float, at::native::binary_internal::DivFunctor<float>>>(at::TensorIteratorBase &, const T1 &)::[lambda(int) (instance 1)]>(int, T3)"
:BasicsTransformerLM.layers.20.attn,PushPop,30,30,2,2,26336,13168.0,13168.0,13152,13184,22.6,"void at::native::reduce_kernel<(int)512, (int)1, at::native::ReduceOp<float, at::native::MaxOps<float>, unsigned int, float, (int)4, (int)4>>(T3)"
:BasicsTransformerLM.layers.20.attn,PushPop,30,30,2,2,26016,13008.0,13008.0,12992,13024,22.6,"void at::native::elementwise_kernel<(int)128, (int)2, void at::native::gpu_kernel_impl_nocast<at::native::<unnamed>::where_kernel_impl(at::TensorIterator &)::[lambda() (instance 1)]::operator ()() const::[lambda() (instance 11)]::operator ()() const::[lambda(bool, float, float) (instance 1)]>(at::TensorIteratorBase &, const T1 &)::[lambda(int) (instance 1)]>(int, T3)"
:BasicsTransformerLM.layers.20.attn,PushPop,30,30,2,2,25442,12721.0,12721.0,12673,12769,67.9,"void at::native::elementwise_kernel<(int)128, (int)2, void at::native::gpu_kernel_impl_nocast<at::native::CUDAFunctor_add<float>>(at::TensorIteratorBase &, const T1 &)::[lambda(int) (instance 1)]>(int, T3)"
:BasicsTransformerLM.layers.20.attn,PushPop,30,30,2,4,22496,5624.0,5584.0,4640,6688,1138.1,"void at::native::elementwise_kernel<(int)128, (int)2, void at::native::gpu_kernel_impl_nocast<at::native::direct_copy_kernel_cuda(at::TensorIteratorBase &)::[lambda() (instance 3)]::operator ()() const::[lambda() (instance 7)]::operator ()() const::[lambda(float) (instance 1)]>(at::TensorIteratorBase &, const T1 &)::[lambda(int) (instance 1)]>(int, T3)"
:BasicsTransformerLM.layers.20.attn,PushPop,30,30,2,8,16576,2072.0,2080.0,2016,2112,37.3,"void at::native::vectorized_elementwise_kernel<(int)4, at::native::CUDAFunctor_add<float>, std::array<char *, (unsigned long)3>>(int, T2, T3)"
:BasicsTransformerLM.layers.20.attn,PushPop,30,30,2,2,13920,6960.0,6960.0,6944,6976,22.6,"void at::native::reduce_kernel<(int)512, (int)1, at::native::ReduceOp<float, at::native::func_wrapper_t<float, at::native::sum_functor<float, float, float>::operator ()(at::TensorIterator &)::[lambda(float, float) (instance 1)]>, unsigned int, float, (int)4, (int)4>>(T3)"
:BasicsTransformerLM.layers.20.attn,PushPop,30,30,2,2,10432,5216.0,5216.0,5120,5312,135.8,"void at::native::vectorized_elementwise_kernel<(int)4, at::native::exp_kernel_cuda(at::TensorIteratorBase &)::[lambda() (instance 2)]::operator ()() const::[lambda() (instance 2)]::operator ()() const::[lambda(float) (instance 1)], std::array<char *, (unsigned long)2>>(int, T2, T3)"
:BasicsTransformerLM.layers.20.attn,PushPop,30,30,2,2,10208,5104.0,5104.0,5024,5184,113.1,"void at::native::vectorized_elementwise_kernel<(int)4, at::native::BUnaryFunctor<float, float, float, at::native::binary_internal::MulFunctor<float>>, std::array<char *, (unsigned long)2>>(int, T2, T3)"
:BasicsTransformerLM.layers.20.attn,PushPop,30,30,2,2,5088,2544.0,2544.0,2496,2592,67.9,"void at::native::elementwise_kernel<(int)128, (int)4, void at::native::gpu_kernel_impl_nocast<at::native::<unnamed>::CompareFunctor<long>>(at::TensorIteratorBase &, const T1 &)::[lambda(int) (instance 1)]>(int, T3)"
:BasicsTransformerLM.layers.20.attn,PushPop,30,30,2,2,1888,944.0,944.0,736,1152,294.2,"void <unnamed>::elementwise_kernel_with_index<int, at::native::arange_cuda_out(const c10::Scalar &, const c10::Scalar &, const c10::Scalar &, at::Tensor &)::[lambda() (instance 1)]::operator ()() const::[lambda() (instance 4)]::operator ()() const::[lambda(long) (instance 1)]>(T1, T2, function_traits<T2>::result_type *)"
:BasicsTransformerLM.layers.20.attn,PushPop,30,30,2,2,1760,880.0,880.0,864,896,22.6,"void at::native::vectorized_elementwise_kernel<(int)4, at::native::FillFunctor<float>, std::array<char *, (unsigned long)1>>(int, T2, T3)"
:BasicsTransformerLM.layers.20.attn.k_proj,PushPop,30,30,2,2,187136,93568.0,93568.0,93472,93664,135.8,cutlass3x_sm100_simt_sgemm_f32_f32_f32_f32_f32_64x32x16_1x1x1_3_tnn_align1_bias_f32_relu
:BasicsTransformerLM.layers.20.attn.output_proj,PushPop,30,30,2,2,188512,94256.0,94256.0,94208,94304,67.9,cutlass3x_sm100_simt_sgemm_f32_f32_f32_f32_f32_64x32x16_1x1x1_3_tnn_align1_bias_f32_relu
:BasicsTransformerLM.layers.20.attn.q_proj,PushPop,30,30,2,2,187586,93793.0,93793.0,93473,94113,452.5,cutlass3x_sm100_simt_sgemm_f32_f32_f32_f32_f32_64x32x16_1x1x1_3_tnn_align1_bias_f32_relu
:BasicsTransformerLM.layers.20.attn.v_proj,PushPop,30,30,2,2,187010,93505.0,93505.0,93473,93537,45.3,cutlass3x_sm100_simt_sgemm_f32_f32_f32_f32_f32_64x32x16_1x1x1_3_tnn_align1_bias_f32_relu
:BasicsTransformerLM.layers.20.ffn,PushPop,30,30,2,4,1249446,312361.5,312289.5,312098,312769,314.5,cutlass3x_sm100_simt_sgemm_f32_f32_f32_f32_f32_64x128x16_1x1x1_3_tnn_align1_bias_f32_relu
:BasicsTransformerLM.layers.20.ffn,PushPop,30,30,2,2,721252,360626.0,360626.0,360546,360706,113.1,cutlass3x_sm100_simt_sgemm_f32_f32_f32_f32_f32_64x32x16_1x1x1_3_tnn_align1_bias_f32_relu
:BasicsTransformerLM.layers.20.ffn,PushPop,30,30,2,4,25600,6400.0,6416.0,5600,7168,851.9,"void at::native::vectorized_elementwise_kernel<(int)4, at::native::BinaryFunctor<float, float, float, at::native::binary_internal::MulFunctor<float>>, std::array<char *, (unsigned long)3>>(int, T2, T3)"
:BasicsTransformerLM.layers.20.ffn,PushPop,30,30,2,2,11584,5792.0,5792.0,5760,5824,45.3,"void at::native::vectorized_elementwise_kernel<(int)4, at::native::sigmoid_kernel_cuda(at::TensorIteratorBase &)::[lambda() (instance 2)]::operator ()() const::[lambda() (instance 2)]::operator ()() const::[lambda(float) (instance 1)], std::array<char *, (unsigned long)2>>(int, T2, T3)"
:BasicsTransformerLM.layers.20.ffn.w1,PushPop,30,30,2,2,625218,312609.0,312609.0,312449,312769,226.3,cutlass3x_sm100_simt_sgemm_f32_f32_f32_f32_f32_64x128x16_1x1x1_3_tnn_align1_bias_f32_relu
:BasicsTransformerLM.layers.20.ffn.w2,PushPop,30,30,2,2,721252,360626.0,360626.0,360546,360706,113.1,cutlass3x_sm100_simt_sgemm_f32_f32_f32_f32_f32_64x32x16_1x1x1_3_tnn_align1_bias_f32_relu
:BasicsTransformerLM.layers.20.ffn.w3,PushPop,30,30,2,2,624228,312114.0,312114.0,312098,312130,22.6,cutlass3x_sm100_simt_sgemm_f32_f32_f32_f32_f32_64x128x16_1x1x1_3_tnn_align1_bias_f32_relu
:BasicsTransformerLM.layers.20.ln1,PushPop,30,30,2,4,18560,4640.0,4592.0,4576,4800,107.7,"void at::native::elementwise_kernel<(int)128, (int)2, void at::native::gpu_kernel_impl_nocast<at::native::BinaryFunctor<float, float, float, at::native::binary_internal::MulFunctor<float>>>(at::TensorIteratorBase &, const T1 &)::[lambda(int) (instance 1)]>(int, T3)"
:BasicsTransformerLM.layers.20.ln1,PushPop,30,30,2,2,11904,5952.0,5952.0,5888,6016,90.5,"void at::native::reduce_kernel<(int)512, (int)1, at::native::ReduceOp<float, at::native::MeanOps<float, float, float, float>, unsigned int, float, (int)4, (int)4>>(T3)"
:BasicsTransformerLM.layers.20.ln1,PushPop,30,30,2,2,4672,2336.0,2336.0,2272,2400,90.5,"void at::native::vectorized_elementwise_kernel<(int)4, void at::native::<unnamed>::pow_tensor_scalar_kernel_impl<float, float>(at::TensorIteratorBase &, T2)::[lambda(float) (instance 1)], std::array<char *, (unsigned long)2>>(int, T2, T3)"
:BasicsTransformerLM.layers.20.ln1,PushPop,30,30,2,2,3072,1536.0,1536.0,1504,1568,45.3,"void at::native::vectorized_elementwise_kernel<(int)4, at::native::CUDAFunctorOnSelf_add<float>, std::array<char *, (unsigned long)2>>(int, T2, T3)"
:BasicsTransformerLM.layers.20.ln1,PushPop,30,30,2,2,2528,1264.0,1264.0,1184,1344,113.1,"void at::native::vectorized_elementwise_kernel<(int)4, at::native::rsqrt_kernel_cuda(at::TensorIteratorBase &)::[lambda() (instance 2)]::operator ()() const::[lambda() (instance 2)]::operator ()() const::[lambda(float) (instance 1)], std::array<char *, (unsigned long)2>>(int, T2, T3)"
:BasicsTransformerLM.layers.20.ln2,PushPop,30,30,2,4,18432,4608.0,4576.0,4544,4736,90.5,"void at::native::elementwise_kernel<(int)128, (int)2, void at::native::gpu_kernel_impl_nocast<at::native::BinaryFunctor<float, float, float, at::native::binary_internal::MulFunctor<float>>>(at::TensorIteratorBase &, const T1 &)::[lambda(int) (instance 1)]>(int, T3)"
:BasicsTransformerLM.layers.20.ln2,PushPop,30,30,2,2,12128,6064.0,6064.0,6048,6080,22.6,"void at::native::reduce_kernel<(int)512, (int)1, at::native::ReduceOp<float, at::native::MeanOps<float, float, float, float>, unsigned int, float, (int)4, (int)4>>(T3)"
:BasicsTransformerLM.layers.20.ln2,PushPop,30,30,2,2,4960,2480.0,2480.0,2432,2528,67.9,"void at::native::vectorized_elementwise_kernel<(int)4, void at::native::<unnamed>::pow_tensor_scalar_kernel_impl<float, float>(at::TensorIteratorBase &, T2)::[lambda(float) (instance 1)], std::array<char *, (unsigned long)2>>(int, T2, T3)"
:BasicsTransformerLM.layers.20.ln2,PushPop,30,30,2,2,2912,1456.0,1456.0,1440,1472,22.6,"void at::native::vectorized_elementwise_kernel<(int)4, at::native::CUDAFunctorOnSelf_add<float>, std::array<char *, (unsigned long)2>>(int, T2, T3)"
:BasicsTransformerLM.layers.20.ln2,PushPop,30,30,2,2,2497,1248.5,1248.5,1185,1312,89.8,"void at::native::vectorized_elementwise_kernel<(int)4, at::native::rsqrt_kernel_cuda(at::TensorIteratorBase &)::[lambda() (instance 2)]::operator ()() const::[lambda() (instance 2)]::operator ()() const::[lambda(float) (instance 1)], std::array<char *, (unsigned long)2>>(int, T2, T3)"
:BasicsTransformerLM.layers.21,PushPop,30,30,2,10,1471208,147120.8,93904.0,93281,360386,112375.9,cutlass3x_sm100_simt_sgemm_f32_f32_f32_f32_f32_64x32x16_1x1x1_3_tnn_align1_bias_f32_relu
:BasicsTransformerLM.layers.21,PushPop,30,30,2,4,1249894,312473.5,312465.5,312193,312770,253.0,cutlass3x_sm100_simt_sgemm_f32_f32_f32_f32_f32_64x128x16_1x1x1_3_tnn_align1_bias_f32_relu
:BasicsTransformerLM.layers.21,PushPop,30,30,2,24,92449,3852.0,3504.0,3105,4864,630.3,"void at::native::elementwise_kernel<(int)128, (int)2, void at::native::gpu_kernel_impl_nocast<at::native::BinaryFunctor<float, float, float, at::native::binary_internal::MulFunctor<float>>>(at::TensorIteratorBase &, const T1 &)::[lambda(int) (instance 1)]>(int, T3)"
:BasicsTransformerLM.layers.21,PushPop,30,30,2,2,53792,26896.0,26896.0,26816,26976,113.1,cutlass3x_sm100_simt_sgemm_f32_f32_f32_f32_f32_128x64x16_1x1x1_3_tnn_align1_bias_f32_relu
:BasicsTransformerLM.layers.21,PushPop,30,30,2,2,42240,21120.0,21120.0,21120,21120,0.0,cutlass3x_sm100_simt_sgemm_f32_f32_f32_f32_f32_64x32x16_1x1x1_3_nnn_align1_bias_f32_relu
:BasicsTransformerLM.layers.21,PushPop,30,30,2,4,36288,9072.0,9072.0,8960,9184,99.5,"void at::native::<unnamed>::CatArrayBatchedCopy<at::native::<unnamed>::OpaqueType<(unsigned int)4>, unsigned int, (int)4, (int)64, (int)64>(T1 *, at::native::<unnamed>::CatArrInputTensorMetadata<T1, T2, T4, T5>, at::native::<unnamed>::TensorSizeStride<T2, (unsigned int)4>, int, T2)"
:BasicsTransformerLM.layers.21,PushPop,30,30,2,2,30496,15248.0,15248.0,15200,15296,67.9,"void at::native::elementwise_kernel<(int)128, (int)2, void at::native::gpu_kernel_impl_nocast<at::native::BinaryFunctor<float, float, float, at::native::binary_internal::DivFunctor<float>>>(at::TensorIteratorBase &, const T1 &)::[lambda(int) (instance 1)]>(int, T3)"
:BasicsTransformerLM.layers.21,PushPop,30,30,2,12,30464,2538.7,2192.0,1984,3520,666.6,"void at::native::vectorized_elementwise_kernel<(int)4, at::native::CUDAFunctor_add<float>, std::array<char *, (unsigned long)3>>(int, T2, T3)"
:BasicsTransformerLM.layers.21,PushPop,30,30,2,2,26272,13136.0,13136.0,13120,13152,22.6,"void at::native::reduce_kernel<(int)512, (int)1, at::native::ReduceOp<float, at::native::MaxOps<float>, unsigned int, float, (int)4, (int)4>>(T3)"
:BasicsTransformerLM.layers.21,PushPop,30,30,2,2,26176,13088.0,13088.0,13024,13152,90.5,"void at::native::elementwise_kernel<(int)128, (int)2, void at::native::gpu_kernel_impl_nocast<at::native::<unnamed>::where_kernel_impl(at::TensorIterator &)::[lambda() (instance 1)]::operator ()() const::[lambda() (instance 11)]::operator ()() const::[lambda(bool, float, float) (instance 1)]>(at::TensorIteratorBase &, const T1 &)::[lambda(int) (instance 1)]>(int, T3)"
:BasicsTransformerLM.layers.21,PushPop,30,30,2,2,25248,12624.0,12624.0,12608,12640,22.6,"void at::native::elementwise_kernel<(int)128, (int)2, void at::native::gpu_kernel_impl_nocast<at::native::CUDAFunctor_add<float>>(at::TensorIteratorBase &, const T1 &)::[lambda(int) (instance 1)]>(int, T3)"
:BasicsTransformerLM.layers.21,PushPop,30,30,2,4,24960,6240.0,6272.0,5600,6816,650.1,"void at::native::vectorized_elementwise_kernel<(int)4, at::native::BinaryFunctor<float, float, float, at::native::binary_internal::MulFunctor<float>>, std::array<char *, (unsigned long)3>>(int, T2, T3)"
:BasicsTransformerLM.layers.21,PushPop,30,30,2,4,23808,5952.0,5952.0,5920,5984,26.1,"void at::native::reduce_kernel<(int)512, (int)1, at::native::ReduceOp<float, at::native::MeanOps<float, float, float, float>, unsigned int, float, (int)4, (int)4>>(T3)"
:BasicsTransformerLM.layers.21,PushPop,30,30,2,4,22208,5552.0,5520.0,4640,6528,1036.8,"void at::native::elementwise_kernel<(int)128, (int)2, void at::native::gpu_kernel_impl_nocast<at::native::direct_copy_kernel_cuda(at::TensorIteratorBase &)::[lambda() (instance 3)]::operator ()() const::[lambda() (instance 7)]::operator ()() const::[lambda(float) (instance 1)]>(at::TensorIteratorBase &, const T1 &)::[lambda(int) (instance 1)]>(int, T3)"
:BasicsTransformerLM.layers.21,PushPop,30,30,2,2,14080,7040.0,7040.0,7008,7072,45.3,"void at::native::reduce_kernel<(int)512, (int)1, at::native::ReduceOp<float, at::native::func_wrapper_t<float, at::native::sum_functor<float, float, float>::operator ()(at::TensorIterator &)::[lambda(float, float) (instance 1)]>, unsigned int, float, (int)4, (int)4>>(T3)"
:BasicsTransformerLM.layers.21,PushPop,30,30,2,2,11520,5760.0,5760.0,5728,5792,45.3,"void at::native::vectorized_elementwise_kernel<(int)4, at::native::sigmoid_kernel_cuda(at::TensorIteratorBase &)::[lambda() (instance 2)]::operator ()() const::[lambda() (instance 2)]::operator ()() const::[lambda(float) (instance 1)], std::array<char *, (unsigned long)2>>(int, T2, T3)"
:BasicsTransformerLM.layers.21,PushPop,30,30,2,2,10208,5104.0,5104.0,5056,5152,67.9,"void at::native::vectorized_elementwise_kernel<(int)4, at::native::exp_kernel_cuda(at::TensorIteratorBase &)::[lambda() (instance 2)]::operator ()() const::[lambda() (instance 2)]::operator ()() const::[lambda(float) (instance 1)], std::array<char *, (unsigned long)2>>(int, T2, T3)"
:BasicsTransformerLM.layers.21,PushPop,30,30,2,2,10080,5040.0,5040.0,5024,5056,22.6,"void at::native::vectorized_elementwise_kernel<(int)4, at::native::BUnaryFunctor<float, float, float, at::native::binary_internal::MulFunctor<float>>, std::array<char *, (unsigned long)2>>(int, T2, T3)"
:BasicsTransformerLM.layers.21,PushPop,30,30,2,4,9600,2400.0,2400.0,2368,2432,26.1,"void at::native::vectorized_elementwise_kernel<(int)4, void at::native::<unnamed>::pow_tensor_scalar_kernel_impl<float, float>(at::TensorIteratorBase &, T2)::[lambda(float) (instance 1)], std::array<char *, (unsigned long)2>>(int, T2, T3)"
:BasicsTransformerLM.layers.21,PushPop,30,30,2,4,5664,1416.0,1408.0,1312,1536,120.8,"void at::native::vectorized_elementwise_kernel<(int)4, at::native::CUDAFunctorOnSelf_add<float>, std::array<char *, (unsigned long)2>>(int, T2, T3)"
:BasicsTransformerLM.layers.21,PushPop,30,30,2,2,5216,2608.0,2608.0,2496,2720,158.4,"void at::native::elementwise_kernel<(int)128, (int)4, void at::native::gpu_kernel_impl_nocast<at::native::<unnamed>::CompareFunctor<long>>(at::TensorIteratorBase &, const T1 &)::[lambda(int) (instance 1)]>(int, T3)"
:BasicsTransformerLM.layers.21,PushPop,30,30,2,4,5024,1256.0,1232.0,1152,1408,115.0,"void at::native::vectorized_elementwise_kernel<(int)4, at::native::rsqrt_kernel_cuda(at::TensorIteratorBase &)::[lambda() (instance 2)]::operator ()() const::[lambda() (instance 2)]::operator ()() const::[lambda(float) (instance 1)], std::array<char *, (unsigned long)2>>(int, T2, T3)"
:BasicsTransformerLM.layers.21,PushPop,30,30,2,2,1792,896.0,896.0,864,928,45.3,"void at::native::vectorized_elementwise_kernel<(int)4, at::native::FillFunctor<float>, std::array<char *, (unsigned long)1>>(int, T2, T3)"
:BasicsTransformerLM.layers.21,PushPop,30,30,2,2,1632,816.0,816.0,736,896,113.1,"void <unnamed>::elementwise_kernel_with_index<int, at::native::arange_cuda_out(const c10::Scalar &, const c10::Scalar &, const c10::Scalar &, at::Tensor &)::[lambda() (instance 1)]::operator ()() const::[lambda() (instance 4)]::operator ()() const::[lambda(long) (instance 1)]>(T1, T2, function_traits<T2>::result_type *)"
:BasicsTransformerLM.layers.21.attn,PushPop,30,30,2,8,750532,93816.5,93728.0,93281,94497,401.2,cutlass3x_sm100_simt_sgemm_f32_f32_f32_f32_f32_64x32x16_1x1x1_3_tnn_align1_bias_f32_relu
:BasicsTransformerLM.layers.21.attn,PushPop,30,30,2,16,54785,3424.1,3488.0,3105,3552,137.6,"void at::native::elementwise_kernel<(int)128, (int)2, void at::native::gpu_kernel_impl_nocast<at::native::BinaryFunctor<float, float, float, at::native::binary_internal::MulFunctor<float>>>(at::TensorIteratorBase &, const T1 &)::[lambda(int) (instance 1)]>(int, T3)"
:BasicsTransformerLM.layers.21.attn,PushPop,30,30,2,2,53792,26896.0,26896.0,26816,26976,113.1,cutlass3x_sm100_simt_sgemm_f32_f32_f32_f32_f32_128x64x16_1x1x1_3_tnn_align1_bias_f32_relu
:BasicsTransformerLM.layers.21.attn,PushPop,30,30,2,2,42240,21120.0,21120.0,21120,21120,0.0,cutlass3x_sm100_simt_sgemm_f32_f32_f32_f32_f32_64x32x16_1x1x1_3_nnn_align1_bias_f32_relu
:BasicsTransformerLM.layers.21.attn,PushPop,30,30,2,4,36288,9072.0,9072.0,8960,9184,99.5,"void at::native::<unnamed>::CatArrayBatchedCopy<at::native::<unnamed>::OpaqueType<(unsigned int)4>, unsigned int, (int)4, (int)64, (int)64>(T1 *, at::native::<unnamed>::CatArrInputTensorMetadata<T1, T2, T4, T5>, at::native::<unnamed>::TensorSizeStride<T2, (unsigned int)4>, int, T2)"
:BasicsTransformerLM.layers.21.attn,PushPop,30,30,2,2,30496,15248.0,15248.0,15200,15296,67.9,"void at::native::elementwise_kernel<(int)128, (int)2, void at::native::gpu_kernel_impl_nocast<at::native::BinaryFunctor<float, float, float, at::native::binary_internal::DivFunctor<float>>>(at::TensorIteratorBase &, const T1 &)::[lambda(int) (instance 1)]>(int, T3)"
:BasicsTransformerLM.layers.21.attn,PushPop,30,30,2,2,26272,13136.0,13136.0,13120,13152,22.6,"void at::native::reduce_kernel<(int)512, (int)1, at::native::ReduceOp<float, at::native::MaxOps<float>, unsigned int, float, (int)4, (int)4>>(T3)"
:BasicsTransformerLM.layers.21.attn,PushPop,30,30,2,2,26176,13088.0,13088.0,13024,13152,90.5,"void at::native::elementwise_kernel<(int)128, (int)2, void at::native::gpu_kernel_impl_nocast<at::native::<unnamed>::where_kernel_impl(at::TensorIterator &)::[lambda() (instance 1)]::operator ()() const::[lambda() (instance 11)]::operator ()() const::[lambda(bool, float, float) (instance 1)]>(at::TensorIteratorBase &, const T1 &)::[lambda(int) (instance 1)]>(int, T3)"
:BasicsTransformerLM.layers.21.attn,PushPop,30,30,2,2,25248,12624.0,12624.0,12608,12640,22.6,"void at::native::elementwise_kernel<(int)128, (int)2, void at::native::gpu_kernel_impl_nocast<at::native::CUDAFunctor_add<float>>(at::TensorIteratorBase &, const T1 &)::[lambda(int) (instance 1)]>(int, T3)"
:BasicsTransformerLM.layers.21.attn,PushPop,30,30,2,4,22208,5552.0,5520.0,4640,6528,1036.8,"void at::native::elementwise_kernel<(int)128, (int)2, void at::native::gpu_kernel_impl_nocast<at::native::direct_copy_kernel_cuda(at::TensorIteratorBase &)::[lambda() (instance 3)]::operator ()() const::[lambda() (instance 7)]::operator ()() const::[lambda(float) (instance 1)]>(at::TensorIteratorBase &, const T1 &)::[lambda(int) (instance 1)]>(int, T3)"
:BasicsTransformerLM.layers.21.attn,PushPop,30,30,2,8,16736,2092.0,2048.0,1984,2272,112.1,"void at::native::vectorized_elementwise_kernel<(int)4, at::native::CUDAFunctor_add<float>, std::array<char *, (unsigned long)3>>(int, T2, T3)"
:BasicsTransformerLM.layers.21.attn,PushPop,30,30,2,2,14080,7040.0,7040.0,7008,7072,45.3,"void at::native::reduce_kernel<(int)512, (int)1, at::native::ReduceOp<float, at::native::func_wrapper_t<float, at::native::sum_functor<float, float, float>::operator ()(at::TensorIterator &)::[lambda(float, float) (instance 1)]>, unsigned int, float, (int)4, (int)4>>(T3)"
:BasicsTransformerLM.layers.21.attn,PushPop,30,30,2,2,10208,5104.0,5104.0,5056,5152,67.9,"void at::native::vectorized_elementwise_kernel<(int)4, at::native::exp_kernel_cuda(at::TensorIteratorBase &)::[lambda() (instance 2)]::operator ()() const::[lambda() (instance 2)]::operator ()() const::[lambda(float) (instance 1)], std::array<char *, (unsigned long)2>>(int, T2, T3)"
:BasicsTransformerLM.layers.21.attn,PushPop,30,30,2,2,10080,5040.0,5040.0,5024,5056,22.6,"void at::native::vectorized_elementwise_kernel<(int)4, at::native::BUnaryFunctor<float, float, float, at::native::binary_internal::MulFunctor<float>>, std::array<char *, (unsigned long)2>>(int, T2, T3)"
:BasicsTransformerLM.layers.21.attn,PushPop,30,30,2,2,5216,2608.0,2608.0,2496,2720,158.4,"void at::native::elementwise_kernel<(int)128, (int)4, void at::native::gpu_kernel_impl_nocast<at::native::<unnamed>::CompareFunctor<long>>(at::TensorIteratorBase &, const T1 &)::[lambda(int) (instance 1)]>(int, T3)"
:BasicsTransformerLM.layers.21.attn,PushPop,30,30,2,2,1792,896.0,896.0,864,928,45.3,"void at::native::vectorized_elementwise_kernel<(int)4, at::native::FillFunctor<float>, std::array<char *, (unsigned long)1>>(int, T2, T3)"
:BasicsTransformerLM.layers.21.attn,PushPop,30,30,2,2,1632,816.0,816.0,736,896,113.1,"void <unnamed>::elementwise_kernel_with_index<int, at::native::arange_cuda_out(const c10::Scalar &, const c10::Scalar &, const c10::Scalar &, at::Tensor &)::[lambda() (instance 1)]::operator ()() const::[lambda() (instance 4)]::operator ()() const::[lambda(long) (instance 1)]>(T1, T2, function_traits<T2>::result_type *)"
:BasicsTransformerLM.layers.21.attn.k_proj,PushPop,30,30,2,2,186850,93425.0,93425.0,93281,93569,203.6,cutlass3x_sm100_simt_sgemm_f32_f32_f32_f32_f32_64x32x16_1x1x1_3_tnn_align1_bias_f32_relu
:BasicsTransformerLM.layers.21.attn.output_proj,PushPop,30,30,2,2,188706,94353.0,94353.0,94209,94497,203.6,cutlass3x_sm100_simt_sgemm_f32_f32_f32_f32_f32_64x32x16_1x1x1_3_tnn_align1_bias_f32_relu
:BasicsTransformerLM.layers.21.attn.q_proj,PushPop,30,30,2,2,187168,93584.0,93584.0,93504,93664,113.1,cutlass3x_sm100_simt_sgemm_f32_f32_f32_f32_f32_64x32x16_1x1x1_3_tnn_align1_bias_f32_relu
:BasicsTransformerLM.layers.21.attn.v_proj,PushPop,30,30,2,2,187808,93904.0,93904.0,93792,94016,158.4,cutlass3x_sm100_simt_sgemm_f32_f32_f32_f32_f32_64x32x16_1x1x1_3_tnn_align1_bias_f32_relu
:BasicsTransformerLM.layers.21.ffn,PushPop,30,30,2,4,1249894,312473.5,312465.5,312193,312770,253.0,cutlass3x_sm100_simt_sgemm_f32_f32_f32_f32_f32_64x128x16_1x1x1_3_tnn_align1_bias_f32_relu
:BasicsTransformerLM.layers.21.ffn,PushPop,30,30,2,2,720676,360338.0,360338.0,360290,360386,67.9,cutlass3x_sm100_simt_sgemm_f32_f32_f32_f32_f32_64x32x16_1x1x1_3_tnn_align1_bias_f32_relu
:BasicsTransformerLM.layers.21.ffn,PushPop,30,30,2,4,24960,6240.0,6272.0,5600,6816,650.1,"void at::native::vectorized_elementwise_kernel<(int)4, at::native::BinaryFunctor<float, float, float, at::native::binary_internal::MulFunctor<float>>, std::array<char *, (unsigned long)3>>(int, T2, T3)"
:BasicsTransformerLM.layers.21.ffn,PushPop,30,30,2,2,11520,5760.0,5760.0,5728,5792,45.3,"void at::native::vectorized_elementwise_kernel<(int)4, at::native::sigmoid_kernel_cuda(at::TensorIteratorBase &)::[lambda() (instance 2)]::operator ()() const::[lambda() (instance 2)]::operator ()() const::[lambda(float) (instance 1)], std::array<char *, (unsigned long)2>>(int, T2, T3)"
:BasicsTransformerLM.layers.21.ffn.w1,PushPop,30,30,2,2,625348,312674.0,312674.0,312578,312770,135.8,cutlass3x_sm100_simt_sgemm_f32_f32_f32_f32_f32_64x128x16_1x1x1_3_tnn_align1_bias_f32_relu
:BasicsTransformerLM.layers.21.ffn.w2,PushPop,30,30,2,2,720676,360338.0,360338.0,360290,360386,67.9,cutlass3x_sm100_simt_sgemm_f32_f32_f32_f32_f32_64x32x16_1x1x1_3_tnn_align1_bias_f32_relu
:BasicsTransformerLM.layers.21.ffn.w3,PushPop,30,30,2,2,624546,312273.0,312273.0,312193,312353,113.1,cutlass3x_sm100_simt_sgemm_f32_f32_f32_f32_f32_64x128x16_1x1x1_3_tnn_align1_bias_f32_relu
:BasicsTransformerLM.layers.21.ln1,PushPop,30,30,2,4,18784,4696.0,4704.0,4608,4768,71.0,"void at::native::elementwise_kernel<(int)128, (int)2, void at::native::gpu_kernel_impl_nocast<at::native::BinaryFunctor<float, float, float, at::native::binary_internal::MulFunctor<float>>>(at::TensorIteratorBase &, const T1 &)::[lambda(int) (instance 1)]>(int, T3)"
:BasicsTransformerLM.layers.21.ln1,PushPop,30,30,2,2,11872,5936.0,5936.0,5920,5952,22.6,"void at::native::reduce_kernel<(int)512, (int)1, at::native::ReduceOp<float, at::native::MeanOps<float, float, float, float>, unsigned int, float, (int)4, (int)4>>(T3)"
:BasicsTransformerLM.layers.21.ln1,PushPop,30,30,2,2,4800,2400.0,2400.0,2400,2400,0.0,"void at::native::vectorized_elementwise_kernel<(int)4, void at::native::<unnamed>::pow_tensor_scalar_kernel_impl<float, float>(at::TensorIteratorBase &, T2)::[lambda(float) (instance 1)], std::array<char *, (unsigned long)2>>(int, T2, T3)"
:BasicsTransformerLM.layers.21.ln1,PushPop,30,30,2,2,2816,1408.0,1408.0,1312,1504,135.8,"void at::native::vectorized_elementwise_kernel<(int)4, at::native::CUDAFunctorOnSelf_add<float>, std::array<char *, (unsigned long)2>>(int, T2, T3)"
:BasicsTransformerLM.layers.21.ln1,PushPop,30,30,2,2,2688,1344.0,1344.0,1280,1408,90.5,"void at::native::vectorized_elementwise_kernel<(int)4, at::native::rsqrt_kernel_cuda(at::TensorIteratorBase &)::[lambda() (instance 2)]::operator ()() const::[lambda() (instance 2)]::operator ()() const::[lambda(float) (instance 1)], std::array<char *, (unsigned long)2>>(int, T2, T3)"
:BasicsTransformerLM.layers.21.ln2,PushPop,30,30,2,4,18880,4720.0,4720.0,4576,4864,123.9,"void at::native::elementwise_kernel<(int)128, (int)2, void at::native::gpu_kernel_impl_nocast<at::native::BinaryFunctor<float, float, float, at::native::binary_internal::MulFunctor<float>>>(at::TensorIteratorBase &, const T1 &)::[lambda(int) (instance 1)]>(int, T3)"
:BasicsTransformerLM.layers.21.ln2,PushPop,30,30,2,2,11936,5968.0,5968.0,5952,5984,22.6,"void at::native::reduce_kernel<(int)512, (int)1, at::native::ReduceOp<float, at::native::MeanOps<float, float, float, float>, unsigned int, float, (int)4, (int)4>>(T3)"
:BasicsTransformerLM.layers.21.ln2,PushPop,30,30,2,2,4800,2400.0,2400.0,2368,2432,45.3,"void at::native::vectorized_elementwise_kernel<(int)4, void at::native::<unnamed>::pow_tensor_scalar_kernel_impl<float, float>(at::TensorIteratorBase &, T2)::[lambda(float) (instance 1)], std::array<char *, (unsigned long)2>>(int, T2, T3)"
:BasicsTransformerLM.layers.21.ln2,PushPop,30,30,2,2,2848,1424.0,1424.0,1312,1536,158.4,"void at::native::vectorized_elementwise_kernel<(int)4, at::native::CUDAFunctorOnSelf_add<float>, std::array<char *, (unsigned long)2>>(int, T2, T3)"
:BasicsTransformerLM.layers.21.ln2,PushPop,30,30,2,2,2336,1168.0,1168.0,1152,1184,22.6,"void at::native::vectorized_elementwise_kernel<(int)4, at::native::rsqrt_kernel_cuda(at::TensorIteratorBase &)::[lambda() (instance 2)]::operator ()() const::[lambda() (instance 2)]::operator ()() const::[lambda(float) (instance 1)], std::array<char *, (unsigned long)2>>(int, T2, T3)"
:BasicsTransformerLM.layers.22,PushPop,30,30,2,10,1471528,147152.8,94177.0,93313,360162,112258.0,cutlass3x_sm100_simt_sgemm_f32_f32_f32_f32_f32_64x32x16_1x1x1_3_tnn_align1_bias_f32_relu
:BasicsTransformerLM.layers.22,PushPop,30,30,2,4,1249222,312305.5,312257.5,312002,312705,310.3,cutlass3x_sm100_simt_sgemm_f32_f32_f32_f32_f32_64x128x16_1x1x1_3_tnn_align1_bias_f32_relu
:BasicsTransformerLM.layers.22,PushPop,30,30,2,24,91905,3829.4,3552.0,3104,4768,598.9,"void at::native::elementwise_kernel<(int)128, (int)2, void at::native::gpu_kernel_impl_nocast<at::native::BinaryFunctor<float, float, float, at::native::binary_internal::MulFunctor<float>>>(at::TensorIteratorBase &, const T1 &)::[lambda(int) (instance 1)]>(int, T3)"
:BasicsTransformerLM.layers.22,PushPop,30,30,2,2,53632,26816.0,26816.0,26752,26880,90.5,cutlass3x_sm100_simt_sgemm_f32_f32_f32_f32_f32_128x64x16_1x1x1_3_tnn_align1_bias_f32_relu
:BasicsTransformerLM.layers.22,PushPop,30,30,2,2,42400,21200.0,21200.0,21184,21216,22.6,cutlass3x_sm100_simt_sgemm_f32_f32_f32_f32_f32_64x32x16_1x1x1_3_nnn_align1_bias_f32_relu
:BasicsTransformerLM.layers.22,PushPop,30,30,2,4,36512,9128.0,9104.0,9056,9248,84.2,"void at::native::<unnamed>::CatArrayBatchedCopy<at::native::<unnamed>::OpaqueType<(unsigned int)4>, unsigned int, (int)4, (int)64, (int)64>(T1 *, at::native::<unnamed>::CatArrInputTensorMetadata<T1, T2, T4, T5>, at::native::<unnamed>::TensorSizeStride<T2, (unsigned int)4>, int, T2)"
:BasicsTransformerLM.layers.22,PushPop,30,30,2,2,30336,15168.0,15168.0,15168,15168,0.0,"void at::native::elementwise_kernel<(int)128, (int)2, void at::native::gpu_kernel_impl_nocast<at::native::BinaryFunctor<float, float, float, at::native::binary_internal::DivFunctor<float>>>(at::TensorIteratorBase &, const T1 &)::[lambda(int) (instance 1)]>(int, T3)"
:BasicsTransformerLM.layers.22,PushPop,30,30,2,12,29952,2496.0,2112.0,2016,3392,599.3,"void at::native::vectorized_elementwise_kernel<(int)4, at::native::CUDAFunctor_add<float>, std::array<char *, (unsigned long)3>>(int, T2, T3)"
:BasicsTransformerLM.layers.22,PushPop,30,30,2,2,26209,13104.5,13104.5,13089,13120,21.9,"void at::native::reduce_kernel<(int)512, (int)1, at::native::ReduceOp<float, at::native::MaxOps<float>, unsigned int, float, (int)4, (int)4>>(T3)"
:BasicsTransformerLM.layers.22,PushPop,30,30,2,2,26080,13040.0,13040.0,12992,13088,67.9,"void at::native::elementwise_kernel<(int)128, (int)2, void at::native::gpu_kernel_impl_nocast<at::native::<unnamed>::where_kernel_impl(at::TensorIterator &)::[lambda() (instance 1)]::operator ()() const::[lambda() (instance 11)]::operator ()() const::[lambda(bool, float, float) (instance 1)]>(at::TensorIteratorBase &, const T1 &)::[lambda(int) (instance 1)]>(int, T3)"
:BasicsTransformerLM.layers.22,PushPop,30,30,2,4,25728,6432.0,6416.0,5536,7360,917.5,"void at::native::vectorized_elementwise_kernel<(int)4, at::native::BinaryFunctor<float, float, float, at::native::binary_internal::MulFunctor<float>>, std::array<char *, (unsigned long)3>>(int, T2, T3)"
:BasicsTransformerLM.layers.22,PushPop,30,30,2,2,25505,12752.5,12752.5,12704,12801,68.6,"void at::native::elementwise_kernel<(int)128, (int)2, void at::native::gpu_kernel_impl_nocast<at::native::CUDAFunctor_add<float>>(at::TensorIteratorBase &, const T1 &)::[lambda(int) (instance 1)]>(int, T3)"
:BasicsTransformerLM.layers.22,PushPop,30,30,2,4,23872,5968.0,5968.0,5952,5984,18.5,"void at::native::reduce_kernel<(int)512, (int)1, at::native::ReduceOp<float, at::native::MeanOps<float, float, float, float>, unsigned int, float, (int)4, (int)4>>(T3)"
:BasicsTransformerLM.layers.22,PushPop,30,30,2,4,22112,5528.0,5504.0,4640,6464,1026.1,"void at::native::elementwise_kernel<(int)128, (int)2, void at::native::gpu_kernel_impl_nocast<at::native::direct_copy_kernel_cuda(at::TensorIteratorBase &)::[lambda() (instance 3)]::operator ()() const::[lambda() (instance 7)]::operator ()() const::[lambda(float) (instance 1)]>(at::TensorIteratorBase &, const T1 &)::[lambda(int) (instance 1)]>(int, T3)"
:BasicsTransformerLM.layers.22,PushPop,30,30,2,2,14144,7072.0,7072.0,6944,7200,181.0,"void at::native::reduce_kernel<(int)512, (int)1, at::native::ReduceOp<float, at::native::func_wrapper_t<float, at::native::sum_functor<float, float, float>::operator ()(at::TensorIterator &)::[lambda(float, float) (instance 1)]>, unsigned int, float, (int)4, (int)4>>(T3)"
:BasicsTransformerLM.layers.22,PushPop,30,30,2,2,11648,5824.0,5824.0,5760,5888,90.5,"void at::native::vectorized_elementwise_kernel<(int)4, at::native::sigmoid_kernel_cuda(at::TensorIteratorBase &)::[lambda() (instance 2)]::operator ()() const::[lambda() (instance 2)]::operator ()() const::[lambda(float) (instance 1)], std::array<char *, (unsigned long)2>>(int, T2, T3)"
:BasicsTransformerLM.layers.22,PushPop,30,30,2,2,10176,5088.0,5088.0,5056,5120,45.3,"void at::native::vectorized_elementwise_kernel<(int)4, at::native::exp_kernel_cuda(at::TensorIteratorBase &)::[lambda() (instance 2)]::operator ()() const::[lambda() (instance 2)]::operator ()() const::[lambda(float) (instance 1)], std::array<char *, (unsigned long)2>>(int, T2, T3)"
:BasicsTransformerLM.layers.22,PushPop,30,30,2,2,10016,5008.0,5008.0,4992,5024,22.6,"void at::native::vectorized_elementwise_kernel<(int)4, at::native::BUnaryFunctor<float, float, float, at::native::binary_internal::MulFunctor<float>>, std::array<char *, (unsigned long)2>>(int, T2, T3)"
:BasicsTransformerLM.layers.22,PushPop,30,30,2,4,9632,2408.0,2400.0,2304,2528,105.7,"void at::native::vectorized_elementwise_kernel<(int)4, void at::native::<unnamed>::pow_tensor_scalar_kernel_impl<float, float>(at::TensorIteratorBase &, T2)::[lambda(float) (instance 1)], std::array<char *, (unsigned long)2>>(int, T2, T3)"
:BasicsTransformerLM.layers.22,PushPop,30,30,2,4,5729,1432.3,1424.0,1344,1537,88.5,"void at::native::vectorized_elementwise_kernel<(int)4, at::native::CUDAFunctorOnSelf_add<float>, std::array<char *, (unsigned long)2>>(int, T2, T3)"
:BasicsTransformerLM.layers.22,PushPop,30,30,2,2,4992,2496.0,2496.0,2400,2592,135.8,"void at::native::elementwise_kernel<(int)128, (int)4, void at::native::gpu_kernel_impl_nocast<at::native::<unnamed>::CompareFunctor<long>>(at::TensorIteratorBase &, const T1 &)::[lambda(int) (instance 1)]>(int, T3)"
:BasicsTransformerLM.layers.22,PushPop,30,30,2,4,4736,1184.0,1184.0,1184,1184,0.0,"void at::native::vectorized_elementwise_kernel<(int)4, at::native::rsqrt_kernel_cuda(at::TensorIteratorBase &)::[lambda() (instance 2)]::operator ()() const::[lambda() (instance 2)]::operator ()() const::[lambda(float) (instance 1)], std::array<char *, (unsigned long)2>>(int, T2, T3)"
:BasicsTransformerLM.layers.22,PushPop,30,30,2,2,1760,880.0,880.0,864,896,22.6,"void at::native::vectorized_elementwise_kernel<(int)4, at::native::FillFunctor<float>, std::array<char *, (unsigned long)1>>(int, T2, T3)"
:BasicsTransformerLM.layers.22,PushPop,30,30,2,2,1696,848.0,848.0,768,928,113.1,"void <unnamed>::elementwise_kernel_with_index<int, at::native::arange_cuda_out(const c10::Scalar &, const c10::Scalar &, const c10::Scalar &, at::Tensor &)::[lambda() (instance 1)]::operator ()() const::[lambda() (instance 4)]::operator ()() const::[lambda(long) (instance 1)]>(T1, T2, function_traits<T2>::result_type *)"
:BasicsTransformerLM.layers.22.attn,PushPop,30,30,2,8,751236,93904.5,93921.0,93313,94496,470.2,cutlass3x_sm100_simt_sgemm_f32_f32_f32_f32_f32_64x32x16_1x1x1_3_tnn_align1_bias_f32_relu
:BasicsTransformerLM.layers.22.attn,PushPop,30,30,2,16,54944,3434.0,3456.0,3104,3904,214.4,"void at::native::elementwise_kernel<(int)128, (int)2, void at::native::gpu_kernel_impl_nocast<at::native::BinaryFunctor<float, float, float, at::native::binary_internal::MulFunctor<float>>>(at::TensorIteratorBase &, const T1 &)::[lambda(int) (instance 1)]>(int, T3)"
:BasicsTransformerLM.layers.22.attn,PushPop,30,30,2,2,53632,26816.0,26816.0,26752,26880,90.5,cutlass3x_sm100_simt_sgemm_f32_f32_f32_f32_f32_128x64x16_1x1x1_3_tnn_align1_bias_f32_relu
:BasicsTransformerLM.layers.22.attn,PushPop,30,30,2,2,42400,21200.0,21200.0,21184,21216,22.6,cutlass3x_sm100_simt_sgemm_f32_f32_f32_f32_f32_64x32x16_1x1x1_3_nnn_align1_bias_f32_relu
:BasicsTransformerLM.layers.22.attn,PushPop,30,30,2,4,36512,9128.0,9104.0,9056,9248,84.2,"void at::native::<unnamed>::CatArrayBatchedCopy<at::native::<unnamed>::OpaqueType<(unsigned int)4>, unsigned int, (int)4, (int)64, (int)64>(T1 *, at::native::<unnamed>::CatArrInputTensorMetadata<T1, T2, T4, T5>, at::native::<unnamed>::TensorSizeStride<T2, (unsigned int)4>, int, T2)"
:BasicsTransformerLM.layers.22.attn,PushPop,30,30,2,2,30336,15168.0,15168.0,15168,15168,0.0,"void at::native::elementwise_kernel<(int)128, (int)2, void at::native::gpu_kernel_impl_nocast<at::native::BinaryFunctor<float, float, float, at::native::binary_internal::DivFunctor<float>>>(at::TensorIteratorBase &, const T1 &)::[lambda(int) (instance 1)]>(int, T3)"
:BasicsTransformerLM.layers.22.attn,PushPop,30,30,2,2,26209,13104.5,13104.5,13089,13120,21.9,"void at::native::reduce_kernel<(int)512, (int)1, at::native::ReduceOp<float, at::native::MaxOps<float>, unsigned int, float, (int)4, (int)4>>(T3)"
:BasicsTransformerLM.layers.22.attn,PushPop,30,30,2,2,26080,13040.0,13040.0,12992,13088,67.9,"void at::native::elementwise_kernel<(int)128, (int)2, void at::native::gpu_kernel_impl_nocast<at::native::<unnamed>::where_kernel_impl(at::TensorIterator &)::[lambda() (instance 1)]::operator ()() const::[lambda() (instance 11)]::operator ()() const::[lambda(bool, float, float) (instance 1)]>(at::TensorIteratorBase &, const T1 &)::[lambda(int) (instance 1)]>(int, T3)"
:BasicsTransformerLM.layers.22.attn,PushPop,30,30,2,2,25505,12752.5,12752.5,12704,12801,68.6,"void at::native::elementwise_kernel<(int)128, (int)2, void at::native::gpu_kernel_impl_nocast<at::native::CUDAFunctor_add<float>>(at::TensorIteratorBase &, const T1 &)::[lambda(int) (instance 1)]>(int, T3)"
:BasicsTransformerLM.layers.22.attn,PushPop,30,30,2,4,22112,5528.0,5504.0,4640,6464,1026.1,"void at::native::elementwise_kernel<(int)128, (int)2, void at::native::gpu_kernel_impl_nocast<at::native::direct_copy_kernel_cuda(at::TensorIteratorBase &)::[lambda() (instance 3)]::operator ()() const::[lambda() (instance 7)]::operator ()() const::[lambda(float) (instance 1)]>(at::TensorIteratorBase &, const T1 &)::[lambda(int) (instance 1)]>(int, T3)"
:BasicsTransformerLM.layers.22.attn,PushPop,30,30,2,8,16736,2092.0,2080.0,2016,2208,56.6,"void at::native::vectorized_elementwise_kernel<(int)4, at::native::CUDAFunctor_add<float>, std::array<char *, (unsigned long)3>>(int, T2, T3)"
:BasicsTransformerLM.layers.22.attn,PushPop,30,30,2,2,14144,7072.0,7072.0,6944,7200,181.0,"void at::native::reduce_kernel<(int)512, (int)1, at::native::ReduceOp<float, at::native::func_wrapper_t<float, at::native::sum_functor<float, float, float>::operator ()(at::TensorIterator &)::[lambda(float, float) (instance 1)]>, unsigned int, float, (int)4, (int)4>>(T3)"
:BasicsTransformerLM.layers.22.attn,PushPop,30,30,2,2,10176,5088.0,5088.0,5056,5120,45.3,"void at::native::vectorized_elementwise_kernel<(int)4, at::native::exp_kernel_cuda(at::TensorIteratorBase &)::[lambda() (instance 2)]::operator ()() const::[lambda() (instance 2)]::operator ()() const::[lambda(float) (instance 1)], std::array<char *, (unsigned long)2>>(int, T2, T3)"
:BasicsTransformerLM.layers.22.attn,PushPop,30,30,2,2,10016,5008.0,5008.0,4992,5024,22.6,"void at::native::vectorized_elementwise_kernel<(int)4, at::native::BUnaryFunctor<float, float, float, at::native::binary_internal::MulFunctor<float>>, std::array<char *, (unsigned long)2>>(int, T2, T3)"
:BasicsTransformerLM.layers.22.attn,PushPop,30,30,2,2,4992,2496.0,2496.0,2400,2592,135.8,"void at::native::elementwise_kernel<(int)128, (int)4, void at::native::gpu_kernel_impl_nocast<at::native::<unnamed>::CompareFunctor<long>>(at::TensorIteratorBase &, const T1 &)::[lambda(int) (instance 1)]>(int, T3)"
:BasicsTransformerLM.layers.22.attn,PushPop,30,30,2,2,1760,880.0,880.0,864,896,22.6,"void at::native::vectorized_elementwise_kernel<(int)4, at::native::FillFunctor<float>, std::array<char *, (unsigned long)1>>(int, T2, T3)"
:BasicsTransformerLM.layers.22.attn,PushPop,30,30,2,2,1696,848.0,848.0,768,928,113.1,"void <unnamed>::elementwise_kernel_with_index<int, at::native::arange_cuda_out(const c10::Scalar &, const c10::Scalar &, const c10::Scalar &, at::Tensor &)::[lambda() (instance 1)]::operator ()() const::[lambda() (instance 4)]::operator ()() const::[lambda(long) (instance 1)]>(T1, T2, function_traits<T2>::result_type *)"
:BasicsTransformerLM.layers.22.attn.k_proj,PushPop,30,30,2,2,186944,93472.0,93472.0,93440,93504,45.3,cutlass3x_sm100_simt_sgemm_f32_f32_f32_f32_f32_64x32x16_1x1x1_3_tnn_align1_bias_f32_relu
:BasicsTransformerLM.layers.22.attn.output_proj,PushPop,30,30,2,2,188928,94464.0,94464.0,94432,94496,45.3,cutlass3x_sm100_simt_sgemm_f32_f32_f32_f32_f32_64x32x16_1x1x1_3_tnn_align1_bias_f32_relu
:BasicsTransformerLM.layers.22.attn.q_proj,PushPop,30,30,2,2,187458,93729.0,93729.0,93313,94145,588.3,cutlass3x_sm100_simt_sgemm_f32_f32_f32_f32_f32_64x32x16_1x1x1_3_tnn_align1_bias_f32_relu
:BasicsTransformerLM.layers.22.attn.v_proj,PushPop,30,30,2,2,187906,93953.0,93953.0,93697,94209,362.0,cutlass3x_sm100_simt_sgemm_f32_f32_f32_f32_f32_64x32x16_1x1x1_3_tnn_align1_bias_f32_relu
:BasicsTransformerLM.layers.22.ffn,PushPop,30,30,2,4,1249222,312305.5,312257.5,312002,312705,310.3,cutlass3x_sm100_simt_sgemm_f32_f32_f32_f32_f32_64x128x16_1x1x1_3_tnn_align1_bias_f32_relu
:BasicsTransformerLM.layers.22.ffn,PushPop,30,30,2,2,720292,360146.0,360146.0,360130,360162,22.6,cutlass3x_sm100_simt_sgemm_f32_f32_f32_f32_f32_64x32x16_1x1x1_3_tnn_align1_bias_f32_relu
:BasicsTransformerLM.layers.22.ffn,PushPop,30,30,2,4,25728,6432.0,6416.0,5536,7360,917.5,"void at::native::vectorized_elementwise_kernel<(int)4, at::native::BinaryFunctor<float, float, float, at::native::binary_internal::MulFunctor<float>>, std::array<char *, (unsigned long)3>>(int, T2, T3)"
:BasicsTransformerLM.layers.22.ffn,PushPop,30,30,2,2,11648,5824.0,5824.0,5760,5888,90.5,"void at::native::vectorized_elementwise_kernel<(int)4, at::native::sigmoid_kernel_cuda(at::TensorIteratorBase &)::[lambda() (instance 2)]::operator ()() const::[lambda() (instance 2)]::operator ()() const::[lambda(float) (instance 1)], std::array<char *, (unsigned long)2>>(int, T2, T3)"
:BasicsTransformerLM.layers.22.ffn.w1,PushPop,30,30,2,2,625090,312545.0,312545.0,312385,312705,226.3,cutlass3x_sm100_simt_sgemm_f32_f32_f32_f32_f32_64x128x16_1x1x1_3_tnn_align1_bias_f32_relu
:BasicsTransformerLM.layers.22.ffn.w2,PushPop,30,30,2,2,720292,360146.0,360146.0,360130,360162,22.6,cutlass3x_sm100_simt_sgemm_f32_f32_f32_f32_f32_64x32x16_1x1x1_3_tnn_align1_bias_f32_relu
:BasicsTransformerLM.layers.22.ffn.w3,PushPop,30,30,2,2,624132,312066.0,312066.0,312002,312130,90.5,cutlass3x_sm100_simt_sgemm_f32_f32_f32_f32_f32_64x128x16_1x1x1_3_tnn_align1_bias_f32_relu
:BasicsTransformerLM.layers.22.ln1,PushPop,30,30,2,4,18496,4624.0,4624.0,4544,4704,92.4,"void at::native::elementwise_kernel<(int)128, (int)2, void at::native::gpu_kernel_impl_nocast<at::native::BinaryFunctor<float, float, float, at::native::binary_internal::MulFunctor<float>>>(at::TensorIteratorBase &, const T1 &)::[lambda(int) (instance 1)]>(int, T3)"
:BasicsTransformerLM.layers.22.ln1,PushPop,30,30,2,2,11904,5952.0,5952.0,5952,5952,0.0,"void at::native::reduce_kernel<(int)512, (int)1, at::native::ReduceOp<float, at::native::MeanOps<float, float, float, float>, unsigned int, float, (int)4, (int)4>>(T3)"
:BasicsTransformerLM.layers.22.ln1,PushPop,30,30,2,2,4768,2384.0,2384.0,2304,2464,113.1,"void at::native::vectorized_elementwise_kernel<(int)4, void at::native::<unnamed>::pow_tensor_scalar_kernel_impl<float, float>(at::TensorIteratorBase &, T2)::[lambda(float) (instance 1)], std::array<char *, (unsigned long)2>>(int, T2, T3)"
:BasicsTransformerLM.layers.22.ln1,PushPop,30,30,2,2,2816,1408.0,1408.0,1344,1472,90.5,"void at::native::vectorized_elementwise_kernel<(int)4, at::native::CUDAFunctorOnSelf_add<float>, std::array<char *, (unsigned long)2>>(int, T2, T3)"
:BasicsTransformerLM.layers.22.ln1,PushPop,30,30,2,2,2368,1184.0,1184.0,1184,1184,0.0,"void at::native::vectorized_elementwise_kernel<(int)4, at::native::rsqrt_kernel_cuda(at::TensorIteratorBase &)::[lambda() (instance 2)]::operator ()() const::[lambda() (instance 2)]::operator ()() const::[lambda(float) (instance 1)], std::array<char *, (unsigned long)2>>(int, T2, T3)"
:BasicsTransformerLM.layers.22.ln2,PushPop,30,30,2,4,18465,4616.3,4576.5,4544,4768,102.3,"void at::native::elementwise_kernel<(int)128, (int)2, void at::native::gpu_kernel_impl_nocast<at::native::BinaryFunctor<float, float, float, at::native::binary_internal::MulFunctor<float>>>(at::TensorIteratorBase &, const T1 &)::[lambda(int) (instance 1)]>(int, T3)"
:BasicsTransformerLM.layers.22.ln2,PushPop,30,30,2,2,11968,5984.0,5984.0,5984,5984,0.0,"void at::native::reduce_kernel<(int)512, (int)1, at::native::ReduceOp<float, at::native::MeanOps<float, float, float, float>, unsigned int, float, (int)4, (int)4>>(T3)"
:BasicsTransformerLM.layers.22.ln2,PushPop,30,30,2,2,4864,2432.0,2432.0,2336,2528,135.8,"void at::native::vectorized_elementwise_kernel<(int)4, void at::native::<unnamed>::pow_tensor_scalar_kernel_impl<float, float>(at::TensorIteratorBase &, T2)::[lambda(float) (instance 1)], std::array<char *, (unsigned long)2>>(int, T2, T3)"
:BasicsTransformerLM.layers.22.ln2,PushPop,30,30,2,2,2913,1456.5,1456.5,1376,1537,113.8,"void at::native::vectorized_elementwise_kernel<(int)4, at::native::CUDAFunctorOnSelf_add<float>, std::array<char *, (unsigned long)2>>(int, T2, T3)"
:BasicsTransformerLM.layers.22.ln2,PushPop,30,30,2,2,2368,1184.0,1184.0,1184,1184,0.0,"void at::native::vectorized_elementwise_kernel<(int)4, at::native::rsqrt_kernel_cuda(at::TensorIteratorBase &)::[lambda() (instance 2)]::operator ()() const::[lambda() (instance 2)]::operator ()() const::[lambda(float) (instance 1)], std::array<char *, (unsigned long)2>>(int, T2, T3)"
:BasicsTransformerLM.layers.23,PushPop,30,30,2,10,1470760,147076.0,93760.5,93440,360354,112340.4,cutlass3x_sm100_simt_sgemm_f32_f32_f32_f32_f32_64x32x16_1x1x1_3_tnn_align1_bias_f32_relu
:BasicsTransformerLM.layers.23,PushPop,30,30,2,4,1249478,312369.5,312417.5,311969,312674,321.1,cutlass3x_sm100_simt_sgemm_f32_f32_f32_f32_f32_64x128x16_1x1x1_3_tnn_align1_bias_f32_relu
:BasicsTransformerLM.layers.23,PushPop,30,30,2,24,92322,3846.8,3536.5,3104,4768,605.6,"void at::native::elementwise_kernel<(int)128, (int)2, void at::native::gpu_kernel_impl_nocast<at::native::BinaryFunctor<float, float, float, at::native::binary_internal::MulFunctor<float>>>(at::TensorIteratorBase &, const T1 &)::[lambda(int) (instance 1)]>(int, T3)"
:BasicsTransformerLM.layers.23,PushPop,30,30,2,2,53760,26880.0,26880.0,26848,26912,45.3,cutlass3x_sm100_simt_sgemm_f32_f32_f32_f32_f32_128x64x16_1x1x1_3_tnn_align1_bias_f32_relu
:BasicsTransformerLM.layers.23,PushPop,30,30,2,2,42144,21072.0,21072.0,21056,21088,22.6,cutlass3x_sm100_simt_sgemm_f32_f32_f32_f32_f32_64x32x16_1x1x1_3_nnn_align1_bias_f32_relu
:BasicsTransformerLM.layers.23,PushPop,30,30,2,4,36352,9088.0,9104.0,8960,9184,94.2,"void at::native::<unnamed>::CatArrayBatchedCopy<at::native::<unnamed>::OpaqueType<(unsigned int)4>, unsigned int, (int)4, (int)64, (int)64>(T1 *, at::native::<unnamed>::CatArrInputTensorMetadata<T1, T2, T4, T5>, at::native::<unnamed>::TensorSizeStride<T2, (unsigned int)4>, int, T2)"
:BasicsTransformerLM.layers.23,PushPop,30,30,2,2,30496,15248.0,15248.0,15200,15296,67.9,"void at::native::elementwise_kernel<(int)128, (int)2, void at::native::gpu_kernel_impl_nocast<at::native::BinaryFunctor<float, float, float, at::native::binary_internal::DivFunctor<float>>>(at::TensorIteratorBase &, const T1 &)::[lambda(int) (instance 1)]>(int, T3)"
:BasicsTransformerLM.layers.23,PushPop,30,30,2,12,30400,2533.3,2064.0,1920,3872,779.4,"void at::native::vectorized_elementwise_kernel<(int)4, at::native::CUDAFunctor_add<float>, std::array<char *, (unsigned long)3>>(int, T2, T3)"
:BasicsTransformerLM.layers.23,PushPop,30,30,2,2,26400,13200.0,13200.0,13120,13280,113.1,"void at::native::reduce_kernel<(int)512, (int)1, at::native::ReduceOp<float, at::native::MaxOps<float>, unsigned int, float, (int)4, (int)4>>(T3)"
:BasicsTransformerLM.layers.23,PushPop,30,30,2,2,26048,13024.0,13024.0,13024,13024,0.0,"void at::native::elementwise_kernel<(int)128, (int)2, void at::native::gpu_kernel_impl_nocast<at::native::<unnamed>::where_kernel_impl(at::TensorIterator &)::[lambda() (instance 1)]::operator ()() const::[lambda() (instance 11)]::operator ()() const::[lambda(bool, float, float) (instance 1)]>(at::TensorIteratorBase &, const T1 &)::[lambda(int) (instance 1)]>(int, T3)"
:BasicsTransformerLM.layers.23,PushPop,30,30,2,2,25280,12640.0,12640.0,12608,12672,45.3,"void at::native::elementwise_kernel<(int)128, (int)2, void at::native::gpu_kernel_impl_nocast<at::native::CUDAFunctor_add<float>>(at::TensorIteratorBase &, const T1 &)::[lambda(int) (instance 1)]>(int, T3)"
:BasicsTransformerLM.layers.23,PushPop,30,30,2,4,25152,6288.0,6288.0,5536,7040,868.3,"void at::native::vectorized_elementwise_kernel<(int)4, at::native::BinaryFunctor<float, float, float, at::native::binary_internal::MulFunctor<float>>, std::array<char *, (unsigned long)3>>(int, T2, T3)"
:BasicsTransformerLM.layers.23,PushPop,30,30,2,4,23840,5960.0,5968.0,5920,5984,30.6,"void at::native::reduce_kernel<(int)512, (int)1, at::native::ReduceOp<float, at::native::MeanOps<float, float, float, float>, unsigned int, float, (int)4, (int)4>>(T3)"
:BasicsTransformerLM.layers.23,PushPop,30,30,2,4,22464,5616.0,5616.0,4672,6560,1090.0,"void at::native::elementwise_kernel<(int)128, (int)2, void at::native::gpu_kernel_impl_nocast<at::native::direct_copy_kernel_cuda(at::TensorIteratorBase &)::[lambda() (instance 3)]::operator ()() const::[lambda() (instance 7)]::operator ()() const::[lambda(float) (instance 1)]>(at::TensorIteratorBase &, const T1 &)::[lambda(int) (instance 1)]>(int, T3)"
:BasicsTransformerLM.layers.23,PushPop,30,30,2,2,13952,6976.0,6976.0,6976,6976,0.0,"void at::native::reduce_kernel<(int)512, (int)1, at::native::ReduceOp<float, at::native::func_wrapper_t<float, at::native::sum_functor<float, float, float>::operator ()(at::TensorIterator &)::[lambda(float, float) (instance 1)]>, unsigned int, float, (int)4, (int)4>>(T3)"
:BasicsTransformerLM.layers.23,PushPop,30,30,2,2,11680,5840.0,5840.0,5760,5920,113.1,"void at::native::vectorized_elementwise_kernel<(int)4, at::native::sigmoid_kernel_cuda(at::TensorIteratorBase &)::[lambda() (instance 2)]::operator ()() const::[lambda() (instance 2)]::operator ()() const::[lambda(float) (instance 1)], std::array<char *, (unsigned long)2>>(int, T2, T3)"
:BasicsTransformerLM.layers.23,PushPop,30,30,2,2,10144,5072.0,5072.0,5024,5120,67.9,"void at::native::vectorized_elementwise_kernel<(int)4, at::native::exp_kernel_cuda(at::TensorIteratorBase &)::[lambda() (instance 2)]::operator ()() const::[lambda() (instance 2)]::operator ()() const::[lambda(float) (instance 1)], std::array<char *, (unsigned long)2>>(int, T2, T3)"
:BasicsTransformerLM.layers.23,PushPop,30,30,2,2,10080,5040.0,5040.0,4960,5120,113.1,"void at::native::vectorized_elementwise_kernel<(int)4, at::native::BUnaryFunctor<float, float, float, at::native::binary_internal::MulFunctor<float>>, std::array<char *, (unsigned long)2>>(int, T2, T3)"
:BasicsTransformerLM.layers.23,PushPop,30,30,2,4,9568,2392.0,2384.0,2368,2432,30.6,"void at::native::vectorized_elementwise_kernel<(int)4, void at::native::<unnamed>::pow_tensor_scalar_kernel_impl<float, float>(at::TensorIteratorBase &, T2)::[lambda(float) (instance 1)], std::array<char *, (unsigned long)2>>(int, T2, T3)"
:BasicsTransformerLM.layers.23,PushPop,30,30,2,4,5664,1416.0,1456.0,1280,1472,91.9,"void at::native::vectorized_elementwise_kernel<(int)4, at::native::CUDAFunctorOnSelf_add<float>, std::array<char *, (unsigned long)2>>(int, T2, T3)"
:BasicsTransformerLM.layers.23,PushPop,30,30,2,2,5216,2608.0,2608.0,2496,2720,158.4,"void at::native::elementwise_kernel<(int)128, (int)4, void at::native::gpu_kernel_impl_nocast<at::native::<unnamed>::CompareFunctor<long>>(at::TensorIteratorBase &, const T1 &)::[lambda(int) (instance 1)]>(int, T3)"
:BasicsTransformerLM.layers.23,PushPop,30,30,2,4,4864,1216.0,1216.0,1152,1280,58.4,"void at::native::vectorized_elementwise_kernel<(int)4, at::native::rsqrt_kernel_cuda(at::TensorIteratorBase &)::[lambda() (instance 2)]::operator ()() const::[lambda() (instance 2)]::operator ()() const::[lambda(float) (instance 1)], std::array<char *, (unsigned long)2>>(int, T2, T3)"
:BasicsTransformerLM.layers.23,PushPop,30,30,2,2,1792,896.0,896.0,864,928,45.3,"void at::native::vectorized_elementwise_kernel<(int)4, at::native::FillFunctor<float>, std::array<char *, (unsigned long)1>>(int, T2, T3)"
:BasicsTransformerLM.layers.23,PushPop,30,30,2,2,1632,816.0,816.0,736,896,113.1,"void <unnamed>::elementwise_kernel_with_index<int, at::native::arange_cuda_out(const c10::Scalar &, const c10::Scalar &, const c10::Scalar &, at::Tensor &)::[lambda() (instance 1)]::operator ()() const::[lambda() (instance 4)]::operator ()() const::[lambda(long) (instance 1)]>(T1, T2, function_traits<T2>::result_type *)"
:BasicsTransformerLM.layers.23.attn,PushPop,30,30,2,8,750308,93788.5,93696.5,93440,94369,350.6,cutlass3x_sm100_simt_sgemm_f32_f32_f32_f32_f32_64x32x16_1x1x1_3_tnn_align1_bias_f32_relu
:BasicsTransformerLM.layers.23.attn,PushPop,30,30,2,16,54978,3436.1,3488.0,3104,3584,144.8,"void at::native::elementwise_kernel<(int)128, (int)2, void at::native::gpu_kernel_impl_nocast<at::native::BinaryFunctor<float, float, float, at::native::binary_internal::MulFunctor<float>>>(at::TensorIteratorBase &, const T1 &)::[lambda(int) (instance 1)]>(int, T3)"
:BasicsTransformerLM.layers.23.attn,PushPop,30,30,2,2,53760,26880.0,26880.0,26848,26912,45.3,cutlass3x_sm100_simt_sgemm_f32_f32_f32_f32_f32_128x64x16_1x1x1_3_tnn_align1_bias_f32_relu
:BasicsTransformerLM.layers.23.attn,PushPop,30,30,2,2,42144,21072.0,21072.0,21056,21088,22.6,cutlass3x_sm100_simt_sgemm_f32_f32_f32_f32_f32_64x32x16_1x1x1_3_nnn_align1_bias_f32_relu
:BasicsTransformerLM.layers.23.attn,PushPop,30,30,2,4,36352,9088.0,9104.0,8960,9184,94.2,"void at::native::<unnamed>::CatArrayBatchedCopy<at::native::<unnamed>::OpaqueType<(unsigned int)4>, unsigned int, (int)4, (int)64, (int)64>(T1 *, at::native::<unnamed>::CatArrInputTensorMetadata<T1, T2, T4, T5>, at::native::<unnamed>::TensorSizeStride<T2, (unsigned int)4>, int, T2)"
:BasicsTransformerLM.layers.23.attn,PushPop,30,30,2,2,30496,15248.0,15248.0,15200,15296,67.9,"void at::native::elementwise_kernel<(int)128, (int)2, void at::native::gpu_kernel_impl_nocast<at::native::BinaryFunctor<float, float, float, at::native::binary_internal::DivFunctor<float>>>(at::TensorIteratorBase &, const T1 &)::[lambda(int) (instance 1)]>(int, T3)"
:BasicsTransformerLM.layers.23.attn,PushPop,30,30,2,2,26400,13200.0,13200.0,13120,13280,113.1,"void at::native::reduce_kernel<(int)512, (int)1, at::native::ReduceOp<float, at::native::MaxOps<float>, unsigned int, float, (int)4, (int)4>>(T3)"
:BasicsTransformerLM.layers.23.attn,PushPop,30,30,2,2,26048,13024.0,13024.0,13024,13024,0.0,"void at::native::elementwise_kernel<(int)128, (int)2, void at::native::gpu_kernel_impl_nocast<at::native::<unnamed>::where_kernel_impl(at::TensorIterator &)::[lambda() (instance 1)]::operator ()() const::[lambda() (instance 11)]::operator ()() const::[lambda(bool, float, float) (instance 1)]>(at::TensorIteratorBase &, const T1 &)::[lambda(int) (instance 1)]>(int, T3)"
:BasicsTransformerLM.layers.23.attn,PushPop,30,30,2,2,25280,12640.0,12640.0,12608,12672,45.3,"void at::native::elementwise_kernel<(int)128, (int)2, void at::native::gpu_kernel_impl_nocast<at::native::CUDAFunctor_add<float>>(at::TensorIteratorBase &, const T1 &)::[lambda(int) (instance 1)]>(int, T3)"
:BasicsTransformerLM.layers.23.attn,PushPop,30,30,2,4,22464,5616.0,5616.0,4672,6560,1090.0,"void at::native::elementwise_kernel<(int)128, (int)2, void at::native::gpu_kernel_impl_nocast<at::native::direct_copy_kernel_cuda(at::TensorIteratorBase &)::[lambda() (instance 3)]::operator ()() const::[lambda() (instance 7)]::operator ()() const::[lambda(float) (instance 1)]>(at::TensorIteratorBase &, const T1 &)::[lambda(int) (instance 1)]>(int, T3)"
:BasicsTransformerLM.layers.23.attn,PushPop,30,30,2,8,16128,2016.0,2000.0,1920,2144,76.5,"void at::native::vectorized_elementwise_kernel<(int)4, at::native::CUDAFunctor_add<float>, std::array<char *, (unsigned long)3>>(int, T2, T3)"
:BasicsTransformerLM.layers.23.attn,PushPop,30,30,2,2,13952,6976.0,6976.0,6976,6976,0.0,"void at::native::reduce_kernel<(int)512, (int)1, at::native::ReduceOp<float, at::native::func_wrapper_t<float, at::native::sum_functor<float, float, float>::operator ()(at::TensorIterator &)::[lambda(float, float) (instance 1)]>, unsigned int, float, (int)4, (int)4>>(T3)"
:BasicsTransformerLM.layers.23.attn,PushPop,30,30,2,2,10144,5072.0,5072.0,5024,5120,67.9,"void at::native::vectorized_elementwise_kernel<(int)4, at::native::exp_kernel_cuda(at::TensorIteratorBase &)::[lambda() (instance 2)]::operator ()() const::[lambda() (instance 2)]::operator ()() const::[lambda(float) (instance 1)], std::array<char *, (unsigned long)2>>(int, T2, T3)"
:BasicsTransformerLM.layers.23.attn,PushPop,30,30,2,2,10080,5040.0,5040.0,4960,5120,113.1,"void at::native::vectorized_elementwise_kernel<(int)4, at::native::BUnaryFunctor<float, float, float, at::native::binary_internal::MulFunctor<float>>, std::array<char *, (unsigned long)2>>(int, T2, T3)"
:BasicsTransformerLM.layers.23.attn,PushPop,30,30,2,2,5216,2608.0,2608.0,2496,2720,158.4,"void at::native::elementwise_kernel<(int)128, (int)4, void at::native::gpu_kernel_impl_nocast<at::native::<unnamed>::CompareFunctor<long>>(at::TensorIteratorBase &, const T1 &)::[lambda(int) (instance 1)]>(int, T3)"
:BasicsTransformerLM.layers.23.attn,PushPop,30,30,2,2,1792,896.0,896.0,864,928,45.3,"void at::native::vectorized_elementwise_kernel<(int)4, at::native::FillFunctor<float>, std::array<char *, (unsigned long)1>>(int, T2, T3)"
:BasicsTransformerLM.layers.23.attn,PushPop,30,30,2,2,1632,816.0,816.0,736,896,113.1,"void <unnamed>::elementwise_kernel_with_index<int, at::native::arange_cuda_out(const c10::Scalar &, const c10::Scalar &, const c10::Scalar &, at::Tensor &)::[lambda() (instance 1)]::operator ()() const::[lambda() (instance 4)]::operator ()() const::[lambda(long) (instance 1)]>(T1, T2, function_traits<T2>::result_type *)"
:BasicsTransformerLM.layers.23.attn.k_proj,PushPop,30,30,2,2,187298,93649.0,93649.0,93569,93729,113.1,cutlass3x_sm100_simt_sgemm_f32_f32_f32_f32_f32_64x32x16_1x1x1_3_tnn_align1_bias_f32_relu
:BasicsTransformerLM.layers.23.attn.output_proj,PushPop,30,30,2,2,188642,94321.0,94321.0,94273,94369,67.9,cutlass3x_sm100_simt_sgemm_f32_f32_f32_f32_f32_64x32x16_1x1x1_3_tnn_align1_bias_f32_relu
:BasicsTransformerLM.layers.23.attn.q_proj,PushPop,30,30,2,2,187264,93632.0,93632.0,93472,93792,226.3,cutlass3x_sm100_simt_sgemm_f32_f32_f32_f32_f32_64x32x16_1x1x1_3_tnn_align1_bias_f32_relu
:BasicsTransformerLM.layers.23.attn.v_proj,PushPop,30,30,2,2,187104,93552.0,93552.0,93440,93664,158.4,cutlass3x_sm100_simt_sgemm_f32_f32_f32_f32_f32_64x32x16_1x1x1_3_tnn_align1_bias_f32_relu
:BasicsTransformerLM.layers.23.ffn,PushPop,30,30,2,4,1249478,312369.5,312417.5,311969,312674,321.1,cutlass3x_sm100_simt_sgemm_f32_f32_f32_f32_f32_64x128x16_1x1x1_3_tnn_align1_bias_f32_relu
:BasicsTransformerLM.layers.23.ffn,PushPop,30,30,2,2,720452,360226.0,360226.0,360098,360354,181.0,cutlass3x_sm100_simt_sgemm_f32_f32_f32_f32_f32_64x32x16_1x1x1_3_tnn_align1_bias_f32_relu
:BasicsTransformerLM.layers.23.ffn,PushPop,30,30,2,4,25152,6288.0,6288.0,5536,7040,868.3,"void at::native::vectorized_elementwise_kernel<(int)4, at::native::BinaryFunctor<float, float, float, at::native::binary_internal::MulFunctor<float>>, std::array<char *, (unsigned long)3>>(int, T2, T3)"
:BasicsTransformerLM.layers.23.ffn,PushPop,30,30,2,2,11680,5840.0,5840.0,5760,5920,113.1,"void at::native::vectorized_elementwise_kernel<(int)4, at::native::sigmoid_kernel_cuda(at::TensorIteratorBase &)::[lambda() (instance 2)]::operator ()() const::[lambda() (instance 2)]::operator ()() const::[lambda(float) (instance 1)], std::array<char *, (unsigned long)2>>(int, T2, T3)"
:BasicsTransformerLM.layers.23.ffn.w1,PushPop,30,30,2,2,625252,312626.0,312626.0,312578,312674,67.9,cutlass3x_sm100_simt_sgemm_f32_f32_f32_f32_f32_64x128x16_1x1x1_3_tnn_align1_bias_f32_relu
:BasicsTransformerLM.layers.23.ffn.w2,PushPop,30,30,2,2,720452,360226.0,360226.0,360098,360354,181.0,cutlass3x_sm100_simt_sgemm_f32_f32_f32_f32_f32_64x32x16_1x1x1_3_tnn_align1_bias_f32_relu
:BasicsTransformerLM.layers.23.ffn.w3,PushPop,30,30,2,2,624226,312113.0,312113.0,311969,312257,203.6,cutlass3x_sm100_simt_sgemm_f32_f32_f32_f32_f32_64x128x16_1x1x1_3_tnn_align1_bias_f32_relu
:BasicsTransformerLM.layers.23.ln1,PushPop,30,30,2,4,18720,4680.0,4688.0,4576,4768,88.1,"void at::native::elementwise_kernel<(int)128, (int)2, void at::native::gpu_kernel_impl_nocast<at::native::BinaryFunctor<float, float, float, at::native::binary_internal::MulFunctor<float>>>(at::TensorIteratorBase &, const T1 &)::[lambda(int) (instance 1)]>(int, T3)"
:BasicsTransformerLM.layers.23.ln1,PushPop,30,30,2,2,11872,5936.0,5936.0,5920,5952,22.6,"void at::native::reduce_kernel<(int)512, (int)1, at::native::ReduceOp<float, at::native::MeanOps<float, float, float, float>, unsigned int, float, (int)4, (int)4>>(T3)"
:BasicsTransformerLM.layers.23.ln1,PushPop,30,30,2,2,4768,2384.0,2384.0,2368,2400,22.6,"void at::native::vectorized_elementwise_kernel<(int)4, void at::native::<unnamed>::pow_tensor_scalar_kernel_impl<float, float>(at::TensorIteratorBase &, T2)::[lambda(float) (instance 1)], std::array<char *, (unsigned long)2>>(int, T2, T3)"
:BasicsTransformerLM.layers.23.ln1,PushPop,30,30,2,2,2752,1376.0,1376.0,1280,1472,135.8,"void at::native::vectorized_elementwise_kernel<(int)4, at::native::CUDAFunctorOnSelf_add<float>, std::array<char *, (unsigned long)2>>(int, T2, T3)"
:BasicsTransformerLM.layers.23.ln1,PushPop,30,30,2,2,2528,1264.0,1264.0,1248,1280,22.6,"void at::native::vectorized_elementwise_kernel<(int)4, at::native::rsqrt_kernel_cuda(at::TensorIteratorBase &)::[lambda() (instance 2)]::operator ()() const::[lambda() (instance 2)]::operator ()() const::[lambda(float) (instance 1)], std::array<char *, (unsigned long)2>>(int, T2, T3)"
:BasicsTransformerLM.layers.23.ln2,PushPop,30,30,2,4,18624,4656.0,4640.0,4640,4704,32.0,"void at::native::elementwise_kernel<(int)128, (int)2, void at::native::gpu_kernel_impl_nocast<at::native::BinaryFunctor<float, float, float, at::native::binary_internal::MulFunctor<float>>>(at::TensorIteratorBase &, const T1 &)::[lambda(int) (instance 1)]>(int, T3)"
:BasicsTransformerLM.layers.23.ln2,PushPop,30,30,2,2,11968,5984.0,5984.0,5984,5984,0.0,"void at::native::reduce_kernel<(int)512, (int)1, at::native::ReduceOp<float, at::native::MeanOps<float, float, float, float>, unsigned int, float, (int)4, (int)4>>(T3)"
:BasicsTransformerLM.layers.23.ln2,PushPop,30,30,2,2,4800,2400.0,2400.0,2368,2432,45.3,"void at::native::vectorized_elementwise_kernel<(int)4, void at::native::<unnamed>::pow_tensor_scalar_kernel_impl<float, float>(at::TensorIteratorBase &, T2)::[lambda(float) (instance 1)], std::array<char *, (unsigned long)2>>(int, T2, T3)"
:BasicsTransformerLM.layers.23.ln2,PushPop,30,30,2,2,2912,1456.0,1456.0,1440,1472,22.6,"void at::native::vectorized_elementwise_kernel<(int)4, at::native::CUDAFunctorOnSelf_add<float>, std::array<char *, (unsigned long)2>>(int, T2, T3)"
:BasicsTransformerLM.layers.23.ln2,PushPop,30,30,2,2,2336,1168.0,1168.0,1152,1184,22.6,"void at::native::vectorized_elementwise_kernel<(int)4, at::native::rsqrt_kernel_cuda(at::TensorIteratorBase &)::[lambda() (instance 2)]::operator ()() const::[lambda() (instance 2)]::operator ()() const::[lambda(float) (instance 1)], std::array<char *, (unsigned long)2>>(int, T2, T3)"
:BasicsTransformerLM.layers.24,PushPop,30,30,2,10,1473192,147319.2,93984.5,93441,361186,112676.1,cutlass3x_sm100_simt_sgemm_f32_f32_f32_f32_f32_64x32x16_1x1x1_3_tnn_align1_bias_f32_relu
:BasicsTransformerLM.layers.24,PushPop,30,30,2,4,1249894,312473.5,312465.5,312162,312801,286.1,cutlass3x_sm100_simt_sgemm_f32_f32_f32_f32_f32_64x128x16_1x1x1_3_tnn_align1_bias_f32_relu
:BasicsTransformerLM.layers.24,PushPop,30,30,2,24,91201,3800.0,3504.0,3136,4736,610.4,"void at::native::elementwise_kernel<(int)128, (int)2, void at::native::gpu_kernel_impl_nocast<at::native::BinaryFunctor<float, float, float, at::native::binary_internal::MulFunctor<float>>>(at::TensorIteratorBase &, const T1 &)::[lambda(int) (instance 1)]>(int, T3)"
:BasicsTransformerLM.layers.24,PushPop,30,30,2,2,53920,26960.0,26960.0,26944,26976,22.6,cutlass3x_sm100_simt_sgemm_f32_f32_f32_f32_f32_128x64x16_1x1x1_3_tnn_align1_bias_f32_relu
:BasicsTransformerLM.layers.24,PushPop,30,30,2,2,42496,21248.0,21248.0,21184,21312,90.5,cutlass3x_sm100_simt_sgemm_f32_f32_f32_f32_f32_64x32x16_1x1x1_3_nnn_align1_bias_f32_relu
:BasicsTransformerLM.layers.24,PushPop,30,30,2,4,36352,9088.0,9088.0,8928,9248,140.7,"void at::native::<unnamed>::CatArrayBatchedCopy<at::native::<unnamed>::OpaqueType<(unsigned int)4>, unsigned int, (int)4, (int)64, (int)64>(T1 *, at::native::<unnamed>::CatArrInputTensorMetadata<T1, T2, T4, T5>, at::native::<unnamed>::TensorSizeStride<T2, (unsigned int)4>, int, T2)"
:BasicsTransformerLM.layers.24,PushPop,30,30,2,2,30368,15184.0,15184.0,15168,15200,22.6,"void at::native::elementwise_kernel<(int)128, (int)2, void at::native::gpu_kernel_impl_nocast<at::native::BinaryFunctor<float, float, float, at::native::binary_internal::DivFunctor<float>>>(at::TensorIteratorBase &, const T1 &)::[lambda(int) (instance 1)]>(int, T3)"
:BasicsTransformerLM.layers.24,PushPop,30,30,2,12,29856,2488.0,2112.0,1984,3520,625.9,"void at::native::vectorized_elementwise_kernel<(int)4, at::native::CUDAFunctor_add<float>, std::array<char *, (unsigned long)3>>(int, T2, T3)"
:BasicsTransformerLM.layers.24,PushPop,30,30,2,2,26432,13216.0,13216.0,13216,13216,0.0,"void at::native::reduce_kernel<(int)512, (int)1, at::native::ReduceOp<float, at::native::MaxOps<float>, unsigned int, float, (int)4, (int)4>>(T3)"
:BasicsTransformerLM.layers.24,PushPop,30,30,2,2,26176,13088.0,13088.0,12992,13184,135.8,"void at::native::elementwise_kernel<(int)128, (int)2, void at::native::gpu_kernel_impl_nocast<at::native::<unnamed>::where_kernel_impl(at::TensorIterator &)::[lambda() (instance 1)]::operator ()() const::[lambda() (instance 11)]::operator ()() const::[lambda(bool, float, float) (instance 1)]>(at::TensorIteratorBase &, const T1 &)::[lambda(int) (instance 1)]>(int, T3)"
:BasicsTransformerLM.layers.24,PushPop,30,30,2,4,25792,6448.0,6304.0,5696,7488,885.5,"void at::native::vectorized_elementwise_kernel<(int)4, at::native::BinaryFunctor<float, float, float, at::native::binary_internal::MulFunctor<float>>, std::array<char *, (unsigned long)3>>(int, T2, T3)"
:BasicsTransformerLM.layers.24,PushPop,30,30,2,2,25537,12768.5,12768.5,12705,12832,89.8,"void at::native::elementwise_kernel<(int)128, (int)2, void at::native::gpu_kernel_impl_nocast<at::native::CUDAFunctor_add<float>>(at::TensorIteratorBase &, const T1 &)::[lambda(int) (instance 1)]>(int, T3)"
:BasicsTransformerLM.layers.24,PushPop,30,30,2,4,23904,5976.0,5984.0,5920,6016,48.0,"void at::native::reduce_kernel<(int)512, (int)1, at::native::ReduceOp<float, at::native::MeanOps<float, float, float, float>, unsigned int, float, (int)4, (int)4>>(T3)"
:BasicsTransformerLM.layers.24,PushPop,30,30,2,4,21888,5472.0,5440.0,4672,6336,925.2,"void at::native::elementwise_kernel<(int)128, (int)2, void at::native::gpu_kernel_impl_nocast<at::native::direct_copy_kernel_cuda(at::TensorIteratorBase &)::[lambda() (instance 3)]::operator ()() const::[lambda() (instance 7)]::operator ()() const::[lambda(float) (instance 1)]>(at::TensorIteratorBase &, const T1 &)::[lambda(int) (instance 1)]>(int, T3)"
:BasicsTransformerLM.layers.24,PushPop,30,30,2,2,13952,6976.0,6976.0,6944,7008,45.3,"void at::native::reduce_kernel<(int)512, (int)1, at::native::ReduceOp<float, at::native::func_wrapper_t<float, at::native::sum_functor<float, float, float>::operator ()(at::TensorIterator &)::[lambda(float, float) (instance 1)]>, unsigned int, float, (int)4, (int)4>>(T3)"
:BasicsTransformerLM.layers.24,PushPop,30,30,2,2,11552,5776.0,5776.0,5696,5856,113.1,"void at::native::vectorized_elementwise_kernel<(int)4, at::native::sigmoid_kernel_cuda(at::TensorIteratorBase &)::[lambda() (instance 2)]::operator ()() const::[lambda() (instance 2)]::operator ()() const::[lambda(float) (instance 1)], std::array<char *, (unsigned long)2>>(int, T2, T3)"
:BasicsTransformerLM.layers.24,PushPop,30,30,2,2,10272,5136.0,5136.0,5120,5152,22.6,"void at::native::vectorized_elementwise_kernel<(int)4, at::native::exp_kernel_cuda(at::TensorIteratorBase &)::[lambda() (instance 2)]::operator ()() const::[lambda() (instance 2)]::operator ()() const::[lambda(float) (instance 1)], std::array<char *, (unsigned long)2>>(int, T2, T3)"
:BasicsTransformerLM.layers.24,PushPop,30,30,2,2,10080,5040.0,5040.0,4928,5152,158.4,"void at::native::vectorized_elementwise_kernel<(int)4, at::native::BUnaryFunctor<float, float, float, at::native::binary_internal::MulFunctor<float>>, std::array<char *, (unsigned long)2>>(int, T2, T3)"
:BasicsTransformerLM.layers.24,PushPop,30,30,2,4,9600,2400.0,2368.0,2304,2560,113.9,"void at::native::vectorized_elementwise_kernel<(int)4, void at::native::<unnamed>::pow_tensor_scalar_kernel_impl<float, float>(at::TensorIteratorBase &, T2)::[lambda(float) (instance 1)], std::array<char *, (unsigned long)2>>(int, T2, T3)"
:BasicsTransformerLM.layers.24,PushPop,30,30,2,4,5312,1328.0,1280.0,1280,1472,96.0,"void at::native::vectorized_elementwise_kernel<(int)4, at::native::CUDAFunctorOnSelf_add<float>, std::array<char *, (unsigned long)2>>(int, T2, T3)"
:BasicsTransformerLM.layers.24,PushPop,30,30,2,2,5024,2512.0,2512.0,2432,2592,113.1,"void at::native::elementwise_kernel<(int)128, (int)4, void at::native::gpu_kernel_impl_nocast<at::native::<unnamed>::CompareFunctor<long>>(at::TensorIteratorBase &, const T1 &)::[lambda(int) (instance 1)]>(int, T3)"
:BasicsTransformerLM.layers.24,PushPop,30,30,2,4,4832,1208.0,1184.0,1152,1312,71.0,"void at::native::vectorized_elementwise_kernel<(int)4, at::native::rsqrt_kernel_cuda(at::TensorIteratorBase &)::[lambda() (instance 2)]::operator ()() const::[lambda() (instance 2)]::operator ()() const::[lambda(float) (instance 1)], std::array<char *, (unsigned long)2>>(int, T2, T3)"
:BasicsTransformerLM.layers.24,PushPop,30,30,2,2,1760,880.0,880.0,864,896,22.6,"void at::native::vectorized_elementwise_kernel<(int)4, at::native::FillFunctor<float>, std::array<char *, (unsigned long)1>>(int, T2, T3)"
:BasicsTransformerLM.layers.24,PushPop,30,30,2,2,1664,832.0,832.0,736,928,135.8,"void <unnamed>::elementwise_kernel_with_index<int, at::native::arange_cuda_out(const c10::Scalar &, const c10::Scalar &, const c10::Scalar &, at::Tensor &)::[lambda() (instance 1)]::operator ()() const::[lambda() (instance 4)]::operator ()() const::[lambda(long) (instance 1)]>(T1, T2, function_traits<T2>::result_type *)"
:BasicsTransformerLM.layers.24.attn,PushPop,30,30,2,8,750980,93872.5,93808.5,93441,94496,385.6,cutlass3x_sm100_simt_sgemm_f32_f32_f32_f32_f32_64x32x16_1x1x1_3_tnn_align1_bias_f32_relu
:BasicsTransformerLM.layers.24.attn,PushPop,30,30,2,16,54208,3388.0,3440.0,3136,3584,161.4,"void at::native::elementwise_kernel<(int)128, (int)2, void at::native::gpu_kernel_impl_nocast<at::native::BinaryFunctor<float, float, float, at::native::binary_internal::MulFunctor<float>>>(at::TensorIteratorBase &, const T1 &)::[lambda(int) (instance 1)]>(int, T3)"
:BasicsTransformerLM.layers.24.attn,PushPop,30,30,2,2,53920,26960.0,26960.0,26944,26976,22.6,cutlass3x_sm100_simt_sgemm_f32_f32_f32_f32_f32_128x64x16_1x1x1_3_tnn_align1_bias_f32_relu
:BasicsTransformerLM.layers.24.attn,PushPop,30,30,2,2,42496,21248.0,21248.0,21184,21312,90.5,cutlass3x_sm100_simt_sgemm_f32_f32_f32_f32_f32_64x32x16_1x1x1_3_nnn_align1_bias_f32_relu
:BasicsTransformerLM.layers.24.attn,PushPop,30,30,2,4,36352,9088.0,9088.0,8928,9248,140.7,"void at::native::<unnamed>::CatArrayBatchedCopy<at::native::<unnamed>::OpaqueType<(unsigned int)4>, unsigned int, (int)4, (int)64, (int)64>(T1 *, at::native::<unnamed>::CatArrInputTensorMetadata<T1, T2, T4, T5>, at::native::<unnamed>::TensorSizeStride<T2, (unsigned int)4>, int, T2)"
:BasicsTransformerLM.layers.24.attn,PushPop,30,30,2,2,30368,15184.0,15184.0,15168,15200,22.6,"void at::native::elementwise_kernel<(int)128, (int)2, void at::native::gpu_kernel_impl_nocast<at::native::BinaryFunctor<float, float, float, at::native::binary_internal::DivFunctor<float>>>(at::TensorIteratorBase &, const T1 &)::[lambda(int) (instance 1)]>(int, T3)"
:BasicsTransformerLM.layers.24.attn,PushPop,30,30,2,2,26432,13216.0,13216.0,13216,13216,0.0,"void at::native::reduce_kernel<(int)512, (int)1, at::native::ReduceOp<float, at::native::MaxOps<float>, unsigned int, float, (int)4, (int)4>>(T3)"
:BasicsTransformerLM.layers.24.attn,PushPop,30,30,2,2,26176,13088.0,13088.0,12992,13184,135.8,"void at::native::elementwise_kernel<(int)128, (int)2, void at::native::gpu_kernel_impl_nocast<at::native::<unnamed>::where_kernel_impl(at::TensorIterator &)::[lambda() (instance 1)]::operator ()() const::[lambda() (instance 11)]::operator ()() const::[lambda(bool, float, float) (instance 1)]>(at::TensorIteratorBase &, const T1 &)::[lambda(int) (instance 1)]>(int, T3)"
:BasicsTransformerLM.layers.24.attn,PushPop,30,30,2,2,25537,12768.5,12768.5,12705,12832,89.8,"void at::native::elementwise_kernel<(int)128, (int)2, void at::native::gpu_kernel_impl_nocast<at::native::CUDAFunctor_add<float>>(at::TensorIteratorBase &, const T1 &)::[lambda(int) (instance 1)]>(int, T3)"
:BasicsTransformerLM.layers.24.attn,PushPop,30,30,2,4,21888,5472.0,5440.0,4672,6336,925.2,"void at::native::elementwise_kernel<(int)128, (int)2, void at::native::gpu_kernel_impl_nocast<at::native::direct_copy_kernel_cuda(at::TensorIteratorBase &)::[lambda() (instance 3)]::operator ()() const::[lambda() (instance 7)]::operator ()() const::[lambda(float) (instance 1)]>(at::TensorIteratorBase &, const T1 &)::[lambda(int) (instance 1)]>(int, T3)"
:BasicsTransformerLM.layers.24.attn,PushPop,30,30,2,8,16544,2068.0,2080.0,1984,2144,59.1,"void at::native::vectorized_elementwise_kernel<(int)4, at::native::CUDAFunctor_add<float>, std::array<char *, (unsigned long)3>>(int, T2, T3)"
:BasicsTransformerLM.layers.24.attn,PushPop,30,30,2,2,13952,6976.0,6976.0,6944,7008,45.3,"void at::native::reduce_kernel<(int)512, (int)1, at::native::ReduceOp<float, at::native::func_wrapper_t<float, at::native::sum_functor<float, float, float>::operator ()(at::TensorIterator &)::[lambda(float, float) (instance 1)]>, unsigned int, float, (int)4, (int)4>>(T3)"
:BasicsTransformerLM.layers.24.attn,PushPop,30,30,2,2,10272,5136.0,5136.0,5120,5152,22.6,"void at::native::vectorized_elementwise_kernel<(int)4, at::native::exp_kernel_cuda(at::TensorIteratorBase &)::[lambda() (instance 2)]::operator ()() const::[lambda() (instance 2)]::operator ()() const::[lambda(float) (instance 1)], std::array<char *, (unsigned long)2>>(int, T2, T3)"
:BasicsTransformerLM.layers.24.attn,PushPop,30,30,2,2,10080,5040.0,5040.0,4928,5152,158.4,"void at::native::vectorized_elementwise_kernel<(int)4, at::native::BUnaryFunctor<float, float, float, at::native::binary_internal::MulFunctor<float>>, std::array<char *, (unsigned long)2>>(int, T2, T3)"
:BasicsTransformerLM.layers.24.attn,PushPop,30,30,2,2,5024,2512.0,2512.0,2432,2592,113.1,"void at::native::elementwise_kernel<(int)128, (int)4, void at::native::gpu_kernel_impl_nocast<at::native::<unnamed>::CompareFunctor<long>>(at::TensorIteratorBase &, const T1 &)::[lambda(int) (instance 1)]>(int, T3)"
:BasicsTransformerLM.layers.24.attn,PushPop,30,30,2,2,1760,880.0,880.0,864,896,22.6,"void at::native::vectorized_elementwise_kernel<(int)4, at::native::FillFunctor<float>, std::array<char *, (unsigned long)1>>(int, T2, T3)"
:BasicsTransformerLM.layers.24.attn,PushPop,30,30,2,2,1664,832.0,832.0,736,928,135.8,"void <unnamed>::elementwise_kernel_with_index<int, at::native::arange_cuda_out(const c10::Scalar &, const c10::Scalar &, const c10::Scalar &, at::Tensor &)::[lambda() (instance 1)]::operator ()() const::[lambda() (instance 4)]::operator ()() const::[lambda(long) (instance 1)]>(T1, T2, function_traits<T2>::result_type *)"
:BasicsTransformerLM.layers.24.attn.k_proj,PushPop,30,30,2,2,187552,93776.0,93776.0,93600,93952,248.9,cutlass3x_sm100_simt_sgemm_f32_f32_f32_f32_f32_64x32x16_1x1x1_3_tnn_align1_bias_f32_relu
:BasicsTransformerLM.layers.24.attn.output_proj,PushPop,30,30,2,2,188800,94400.0,94400.0,94304,94496,135.8,cutlass3x_sm100_simt_sgemm_f32_f32_f32_f32_f32_64x32x16_1x1x1_3_tnn_align1_bias_f32_relu
:BasicsTransformerLM.layers.24.attn.q_proj,PushPop,30,30,2,2,187106,93553.0,93553.0,93441,93665,158.4,cutlass3x_sm100_simt_sgemm_f32_f32_f32_f32_f32_64x32x16_1x1x1_3_tnn_align1_bias_f32_relu
:BasicsTransformerLM.layers.24.attn.v_proj,PushPop,30,30,2,2,187522,93761.0,93761.0,93505,94017,362.0,cutlass3x_sm100_simt_sgemm_f32_f32_f32_f32_f32_64x32x16_1x1x1_3_tnn_align1_bias_f32_relu
:BasicsTransformerLM.layers.24.ffn,PushPop,30,30,2,4,1249894,312473.5,312465.5,312162,312801,286.1,cutlass3x_sm100_simt_sgemm_f32_f32_f32_f32_f32_64x128x16_1x1x1_3_tnn_align1_bias_f32_relu
:BasicsTransformerLM.layers.24.ffn,PushPop,30,30,2,2,722212,361106.0,361106.0,361026,361186,113.1,cutlass3x_sm100_simt_sgemm_f32_f32_f32_f32_f32_64x32x16_1x1x1_3_tnn_align1_bias_f32_relu
:BasicsTransformerLM.layers.24.ffn,PushPop,30,30,2,4,25792,6448.0,6304.0,5696,7488,885.5,"void at::native::vectorized_elementwise_kernel<(int)4, at::native::BinaryFunctor<float, float, float, at::native::binary_internal::MulFunctor<float>>, std::array<char *, (unsigned long)3>>(int, T2, T3)"
:BasicsTransformerLM.layers.24.ffn,PushPop,30,30,2,2,11552,5776.0,5776.0,5696,5856,113.1,"void at::native::vectorized_elementwise_kernel<(int)4, at::native::sigmoid_kernel_cuda(at::TensorIteratorBase &)::[lambda() (instance 2)]::operator ()() const::[lambda() (instance 2)]::operator ()() const::[lambda(float) (instance 1)], std::array<char *, (unsigned long)2>>(int, T2, T3)"
:BasicsTransformerLM.layers.24.ffn.w1,PushPop,30,30,2,2,625410,312705.0,312705.0,312609,312801,135.8,cutlass3x_sm100_simt_sgemm_f32_f32_f32_f32_f32_64x128x16_1x1x1_3_tnn_align1_bias_f32_relu
:BasicsTransformerLM.layers.24.ffn.w2,PushPop,30,30,2,2,722212,361106.0,361106.0,361026,361186,113.1,cutlass3x_sm100_simt_sgemm_f32_f32_f32_f32_f32_64x32x16_1x1x1_3_tnn_align1_bias_f32_relu
:BasicsTransformerLM.layers.24.ffn.w3,PushPop,30,30,2,2,624484,312242.0,312242.0,312162,312322,113.1,cutlass3x_sm100_simt_sgemm_f32_f32_f32_f32_f32_64x128x16_1x1x1_3_tnn_align1_bias_f32_relu
:BasicsTransformerLM.layers.24.ln1,PushPop,30,30,2,4,18368,4592.0,4592.0,4544,4640,41.3,"void at::native::elementwise_kernel<(int)128, (int)2, void at::native::gpu_kernel_impl_nocast<at::native::BinaryFunctor<float, float, float, at::native::binary_internal::MulFunctor<float>>>(at::TensorIteratorBase &, const T1 &)::[lambda(int) (instance 1)]>(int, T3)"
:BasicsTransformerLM.layers.24.ln1,PushPop,30,30,2,2,11872,5936.0,5936.0,5920,5952,22.6,"void at::native::reduce_kernel<(int)512, (int)1, at::native::ReduceOp<float, at::native::MeanOps<float, float, float, float>, unsigned int, float, (int)4, (int)4>>(T3)"
:BasicsTransformerLM.layers.24.ln1,PushPop,30,30,2,2,4704,2352.0,2352.0,2304,2400,67.9,"void at::native::vectorized_elementwise_kernel<(int)4, void at::native::<unnamed>::pow_tensor_scalar_kernel_impl<float, float>(at::TensorIteratorBase &, T2)::[lambda(float) (instance 1)], std::array<char *, (unsigned long)2>>(int, T2, T3)"
:BasicsTransformerLM.layers.24.ln1,PushPop,30,30,2,2,2560,1280.0,1280.0,1280,1280,0.0,"void at::native::vectorized_elementwise_kernel<(int)4, at::native::CUDAFunctorOnSelf_add<float>, std::array<char *, (unsigned long)2>>(int, T2, T3)"
:BasicsTransformerLM.layers.24.ln1,PushPop,30,30,2,2,2496,1248.0,1248.0,1184,1312,90.5,"void at::native::vectorized_elementwise_kernel<(int)4, at::native::rsqrt_kernel_cuda(at::TensorIteratorBase &)::[lambda() (instance 2)]::operator ()() const::[lambda() (instance 2)]::operator ()() const::[lambda(float) (instance 1)], std::array<char *, (unsigned long)2>>(int, T2, T3)"
:BasicsTransformerLM.layers.24.ln2,PushPop,30,30,2,4,18625,4656.3,4656.0,4577,4736,75.8,"void at::native::elementwise_kernel<(int)128, (int)2, void at::native::gpu_kernel_impl_nocast<at::native::BinaryFunctor<float, float, float, at::native::binary_internal::MulFunctor<float>>>(at::TensorIteratorBase &, const T1 &)::[lambda(int) (instance 1)]>(int, T3)"
:BasicsTransformerLM.layers.24.ln2,PushPop,30,30,2,2,12032,6016.0,6016.0,6016,6016,0.0,"void at::native::reduce_kernel<(int)512, (int)1, at::native::ReduceOp<float, at::native::MeanOps<float, float, float, float>, unsigned int, float, (int)4, (int)4>>(T3)"
:BasicsTransformerLM.layers.24.ln2,PushPop,30,30,2,2,4896,2448.0,2448.0,2336,2560,158.4,"void at::native::vectorized_elementwise_kernel<(int)4, void at::native::<unnamed>::pow_tensor_scalar_kernel_impl<float, float>(at::TensorIteratorBase &, T2)::[lambda(float) (instance 1)], std::array<char *, (unsigned long)2>>(int, T2, T3)"
:BasicsTransformerLM.layers.24.ln2,PushPop,30,30,2,2,2752,1376.0,1376.0,1280,1472,135.8,"void at::native::vectorized_elementwise_kernel<(int)4, at::native::CUDAFunctorOnSelf_add<float>, std::array<char *, (unsigned long)2>>(int, T2, T3)"
:BasicsTransformerLM.layers.24.ln2,PushPop,30,30,2,2,2336,1168.0,1168.0,1152,1184,22.6,"void at::native::vectorized_elementwise_kernel<(int)4, at::native::rsqrt_kernel_cuda(at::TensorIteratorBase &)::[lambda() (instance 2)]::operator ()() const::[lambda() (instance 2)]::operator ()() const::[lambda(float) (instance 1)], std::array<char *, (unsigned long)2>>(int, T2, T3)"
:BasicsTransformerLM.layers.25,PushPop,30,30,2,10,1471688,147168.8,93840.5,93408,361218,112637.1,cutlass3x_sm100_simt_sgemm_f32_f32_f32_f32_f32_64x32x16_1x1x1_3_tnn_align1_bias_f32_relu
:BasicsTransformerLM.layers.25,PushPop,30,30,2,4,1250022,312505.5,312561.5,312065,312834,375.9,cutlass3x_sm100_simt_sgemm_f32_f32_f32_f32_f32_64x128x16_1x1x1_3_tnn_align1_bias_f32_relu
:BasicsTransformerLM.layers.25,PushPop,30,30,2,24,91841,3826.7,3504.5,3104,4704,603.7,"void at::native::elementwise_kernel<(int)128, (int)2, void at::native::gpu_kernel_impl_nocast<at::native::BinaryFunctor<float, float, float, at::native::binary_internal::MulFunctor<float>>>(at::TensorIteratorBase &, const T1 &)::[lambda(int) (instance 1)]>(int, T3)"
:BasicsTransformerLM.layers.25,PushPop,30,30,2,2,53856,26928.0,26928.0,26720,27136,294.2,cutlass3x_sm100_simt_sgemm_f32_f32_f32_f32_f32_128x64x16_1x1x1_3_tnn_align1_bias_f32_relu
:BasicsTransformerLM.layers.25,PushPop,30,30,2,2,42240,21120.0,21120.0,21088,21152,45.3,cutlass3x_sm100_simt_sgemm_f32_f32_f32_f32_f32_64x32x16_1x1x1_3_nnn_align1_bias_f32_relu
:BasicsTransformerLM.layers.25,PushPop,30,30,2,4,36384,9096.0,9072.0,9024,9216,91.9,"void at::native::<unnamed>::CatArrayBatchedCopy<at::native::<unnamed>::OpaqueType<(unsigned int)4>, unsigned int, (int)4, (int)64, (int)64>(T1 *, at::native::<unnamed>::CatArrInputTensorMetadata<T1, T2, T4, T5>, at::native::<unnamed>::TensorSizeStride<T2, (unsigned int)4>, int, T2)"
:BasicsTransformerLM.layers.25,PushPop,30,30,2,2,30496,15248.0,15248.0,15232,15264,22.6,"void at::native::elementwise_kernel<(int)128, (int)2, void at::native::gpu_kernel_impl_nocast<at::native::BinaryFunctor<float, float, float, at::native::binary_internal::DivFunctor<float>>>(at::TensorIteratorBase &, const T1 &)::[lambda(int) (instance 1)]>(int, T3)"
:BasicsTransformerLM.layers.25,PushPop,30,30,2,12,29569,2464.1,2080.5,1920,3456,643.1,"void at::native::vectorized_elementwise_kernel<(int)4, at::native::CUDAFunctor_add<float>, std::array<char *, (unsigned long)3>>(int, T2, T3)"
:BasicsTransformerLM.layers.25,PushPop,30,30,2,2,26272,13136.0,13136.0,13120,13152,22.6,"void at::native::reduce_kernel<(int)512, (int)1, at::native::ReduceOp<float, at::native::MaxOps<float>, unsigned int, float, (int)4, (int)4>>(T3)"
:BasicsTransformerLM.layers.25,PushPop,30,30,2,2,26240,13120.0,13120.0,13088,13152,45.3,"void at::native::elementwise_kernel<(int)128, (int)2, void at::native::gpu_kernel_impl_nocast<at::native::<unnamed>::where_kernel_impl(at::TensorIterator &)::[lambda() (instance 1)]::operator ()() const::[lambda() (instance 11)]::operator ()() const::[lambda(bool, float, float) (instance 1)]>(at::TensorIteratorBase &, const T1 &)::[lambda(int) (instance 1)]>(int, T3)"
:BasicsTransformerLM.layers.25,PushPop,30,30,2,4,25440,6360.0,6400.0,5600,7040,693.9,"void at::native::vectorized_elementwise_kernel<(int)4, at::native::BinaryFunctor<float, float, float, at::native::binary_internal::MulFunctor<float>>, std::array<char *, (unsigned long)3>>(int, T2, T3)"
:BasicsTransformerLM.layers.25,PushPop,30,30,2,2,25344,12672.0,12672.0,12640,12704,45.3,"void at::native::elementwise_kernel<(int)128, (int)2, void at::native::gpu_kernel_impl_nocast<at::native::CUDAFunctor_add<float>>(at::TensorIteratorBase &, const T1 &)::[lambda(int) (instance 1)]>(int, T3)"
:BasicsTransformerLM.layers.25,PushPop,30,30,2,4,23936,5984.0,5984.0,5952,6016,37.0,"void at::native::reduce_kernel<(int)512, (int)1, at::native::ReduceOp<float, at::native::MeanOps<float, float, float, float>, unsigned int, float, (int)4, (int)4>>(T3)"
:BasicsTransformerLM.layers.25,PushPop,30,30,2,4,22400,5600.0,5536.0,4640,6688,1113.4,"void at::native::elementwise_kernel<(int)128, (int)2, void at::native::gpu_kernel_impl_nocast<at::native::direct_copy_kernel_cuda(at::TensorIteratorBase &)::[lambda() (instance 3)]::operator ()() const::[lambda() (instance 7)]::operator ()() const::[lambda(float) (instance 1)]>(at::TensorIteratorBase &, const T1 &)::[lambda(int) (instance 1)]>(int, T3)"
:BasicsTransformerLM.layers.25,PushPop,30,30,2,2,13952,6976.0,6976.0,6976,6976,0.0,"void at::native::reduce_kernel<(int)512, (int)1, at::native::ReduceOp<float, at::native::func_wrapper_t<float, at::native::sum_functor<float, float, float>::operator ()(at::TensorIterator &)::[lambda(float, float) (instance 1)]>, unsigned int, float, (int)4, (int)4>>(T3)"
:BasicsTransformerLM.layers.25,PushPop,30,30,2,2,11552,5776.0,5776.0,5760,5792,22.6,"void at::native::vectorized_elementwise_kernel<(int)4, at::native::sigmoid_kernel_cuda(at::TensorIteratorBase &)::[lambda() (instance 2)]::operator ()() const::[lambda() (instance 2)]::operator ()() const::[lambda(float) (instance 1)], std::array<char *, (unsigned long)2>>(int, T2, T3)"
:BasicsTransformerLM.layers.25,PushPop,30,30,2,2,10432,5216.0,5216.0,5152,5280,90.5,"void at::native::vectorized_elementwise_kernel<(int)4, at::native::exp_kernel_cuda(at::TensorIteratorBase &)::[lambda() (instance 2)]::operator ()() const::[lambda() (instance 2)]::operator ()() const::[lambda(float) (instance 1)], std::array<char *, (unsigned long)2>>(int, T2, T3)"
:BasicsTransformerLM.layers.25,PushPop,30,30,2,2,10240,5120.0,5120.0,5056,5184,90.5,"void at::native::vectorized_elementwise_kernel<(int)4, at::native::BUnaryFunctor<float, float, float, at::native::binary_internal::MulFunctor<float>>, std::array<char *, (unsigned long)2>>(int, T2, T3)"
:BasicsTransformerLM.layers.25,PushPop,30,30,2,4,9760,2440.0,2432.0,2368,2528,66.0,"void at::native::vectorized_elementwise_kernel<(int)4, void at::native::<unnamed>::pow_tensor_scalar_kernel_impl<float, float>(at::TensorIteratorBase &, T2)::[lambda(float) (instance 1)], std::array<char *, (unsigned long)2>>(int, T2, T3)"
:BasicsTransformerLM.layers.25,PushPop,30,30,2,2,5408,2704.0,2704.0,2624,2784,113.1,"void at::native::elementwise_kernel<(int)128, (int)4, void at::native::gpu_kernel_impl_nocast<at::native::<unnamed>::CompareFunctor<long>>(at::TensorIteratorBase &, const T1 &)::[lambda(int) (instance 1)]>(int, T3)"
:BasicsTransformerLM.layers.25,PushPop,30,30,2,4,5408,1352.0,1312.0,1280,1504,105.7,"void at::native::vectorized_elementwise_kernel<(int)4, at::native::CUDAFunctorOnSelf_add<float>, std::array<char *, (unsigned long)2>>(int, T2, T3)"
:BasicsTransformerLM.layers.25,PushPop,30,30,2,4,4800,1200.0,1168.0,1152,1312,76.2,"void at::native::vectorized_elementwise_kernel<(int)4, at::native::rsqrt_kernel_cuda(at::TensorIteratorBase &)::[lambda() (instance 2)]::operator ()() const::[lambda() (instance 2)]::operator ()() const::[lambda(float) (instance 1)], std::array<char *, (unsigned long)2>>(int, T2, T3)"
:BasicsTransformerLM.layers.25,PushPop,30,30,2,2,1952,976.0,976.0,864,1088,158.4,"void at::native::vectorized_elementwise_kernel<(int)4, at::native::FillFunctor<float>, std::array<char *, (unsigned long)1>>(int, T2, T3)"
:BasicsTransformerLM.layers.25,PushPop,30,30,2,2,1664,832.0,832.0,736,928,135.8,"void <unnamed>::elementwise_kernel_with_index<int, at::native::arange_cuda_out(const c10::Scalar &, const c10::Scalar &, const c10::Scalar &, at::Tensor &)::[lambda() (instance 1)]::operator ()() const::[lambda() (instance 4)]::operator ()() const::[lambda(long) (instance 1)]>(T1, T2, function_traits<T2>::result_type *)"
:BasicsTransformerLM.layers.25.attn,PushPop,30,30,2,8,749924,93740.5,93728.5,93408,94145,271.3,cutlass3x_sm100_simt_sgemm_f32_f32_f32_f32_f32_64x32x16_1x1x1_3_tnn_align1_bias_f32_relu
:BasicsTransformerLM.layers.25.attn,PushPop,30,30,2,16,54657,3416.1,3456.0,3104,3520,134.5,"void at::native::elementwise_kernel<(int)128, (int)2, void at::native::gpu_kernel_impl_nocast<at::native::BinaryFunctor<float, float, float, at::native::binary_internal::MulFunctor<float>>>(at::TensorIteratorBase &, const T1 &)::[lambda(int) (instance 1)]>(int, T3)"
:BasicsTransformerLM.layers.25.attn,PushPop,30,30,2,2,53856,26928.0,26928.0,26720,27136,294.2,cutlass3x_sm100_simt_sgemm_f32_f32_f32_f32_f32_128x64x16_1x1x1_3_tnn_align1_bias_f32_relu
:BasicsTransformerLM.layers.25.attn,PushPop,30,30,2,2,42240,21120.0,21120.0,21088,21152,45.3,cutlass3x_sm100_simt_sgemm_f32_f32_f32_f32_f32_64x32x16_1x1x1_3_nnn_align1_bias_f32_relu
:BasicsTransformerLM.layers.25.attn,PushPop,30,30,2,4,36384,9096.0,9072.0,9024,9216,91.9,"void at::native::<unnamed>::CatArrayBatchedCopy<at::native::<unnamed>::OpaqueType<(unsigned int)4>, unsigned int, (int)4, (int)64, (int)64>(T1 *, at::native::<unnamed>::CatArrInputTensorMetadata<T1, T2, T4, T5>, at::native::<unnamed>::TensorSizeStride<T2, (unsigned int)4>, int, T2)"
:BasicsTransformerLM.layers.25.attn,PushPop,30,30,2,2,30496,15248.0,15248.0,15232,15264,22.6,"void at::native::elementwise_kernel<(int)128, (int)2, void at::native::gpu_kernel_impl_nocast<at::native::BinaryFunctor<float, float, float, at::native::binary_internal::DivFunctor<float>>>(at::TensorIteratorBase &, const T1 &)::[lambda(int) (instance 1)]>(int, T3)"
:BasicsTransformerLM.layers.25.attn,PushPop,30,30,2,2,26272,13136.0,13136.0,13120,13152,22.6,"void at::native::reduce_kernel<(int)512, (int)1, at::native::ReduceOp<float, at::native::MaxOps<float>, unsigned int, float, (int)4, (int)4>>(T3)"
:BasicsTransformerLM.layers.25.attn,PushPop,30,30,2,2,26240,13120.0,13120.0,13088,13152,45.3,"void at::native::elementwise_kernel<(int)128, (int)2, void at::native::gpu_kernel_impl_nocast<at::native::<unnamed>::where_kernel_impl(at::TensorIterator &)::[lambda() (instance 1)]::operator ()() const::[lambda() (instance 11)]::operator ()() const::[lambda(bool, float, float) (instance 1)]>(at::TensorIteratorBase &, const T1 &)::[lambda(int) (instance 1)]>(int, T3)"
:BasicsTransformerLM.layers.25.attn,PushPop,30,30,2,2,25344,12672.0,12672.0,12640,12704,45.3,"void at::native::elementwise_kernel<(int)128, (int)2, void at::native::gpu_kernel_impl_nocast<at::native::CUDAFunctor_add<float>>(at::TensorIteratorBase &, const T1 &)::[lambda(int) (instance 1)]>(int, T3)"
:BasicsTransformerLM.layers.25.attn,PushPop,30,30,2,4,22400,5600.0,5536.0,4640,6688,1113.4,"void at::native::elementwise_kernel<(int)128, (int)2, void at::native::gpu_kernel_impl_nocast<at::native::direct_copy_kernel_cuda(at::TensorIteratorBase &)::[lambda() (instance 3)]::operator ()() const::[lambda() (instance 7)]::operator ()() const::[lambda(float) (instance 1)]>(at::TensorIteratorBase &, const T1 &)::[lambda(int) (instance 1)]>(int, T3)"
:BasicsTransformerLM.layers.25.attn,PushPop,30,30,2,8,16257,2032.1,2032.0,1920,2144,72.7,"void at::native::vectorized_elementwise_kernel<(int)4, at::native::CUDAFunctor_add<float>, std::array<char *, (unsigned long)3>>(int, T2, T3)"
:BasicsTransformerLM.layers.25.attn,PushPop,30,30,2,2,13952,6976.0,6976.0,6976,6976,0.0,"void at::native::reduce_kernel<(int)512, (int)1, at::native::ReduceOp<float, at::native::func_wrapper_t<float, at::native::sum_functor<float, float, float>::operator ()(at::TensorIterator &)::[lambda(float, float) (instance 1)]>, unsigned int, float, (int)4, (int)4>>(T3)"
:BasicsTransformerLM.layers.25.attn,PushPop,30,30,2,2,10432,5216.0,5216.0,5152,5280,90.5,"void at::native::vectorized_elementwise_kernel<(int)4, at::native::exp_kernel_cuda(at::TensorIteratorBase &)::[lambda() (instance 2)]::operator ()() const::[lambda() (instance 2)]::operator ()() const::[lambda(float) (instance 1)], std::array<char *, (unsigned long)2>>(int, T2, T3)"
:BasicsTransformerLM.layers.25.attn,PushPop,30,30,2,2,10240,5120.0,5120.0,5056,5184,90.5,"void at::native::vectorized_elementwise_kernel<(int)4, at::native::BUnaryFunctor<float, float, float, at::native::binary_internal::MulFunctor<float>>, std::array<char *, (unsigned long)2>>(int, T2, T3)"
:BasicsTransformerLM.layers.25.attn,PushPop,30,30,2,2,5408,2704.0,2704.0,2624,2784,113.1,"void at::native::elementwise_kernel<(int)128, (int)4, void at::native::gpu_kernel_impl_nocast<at::native::<unnamed>::CompareFunctor<long>>(at::TensorIteratorBase &, const T1 &)::[lambda(int) (instance 1)]>(int, T3)"
:BasicsTransformerLM.layers.25.attn,PushPop,30,30,2,2,1952,976.0,976.0,864,1088,158.4,"void at::native::vectorized_elementwise_kernel<(int)4, at::native::FillFunctor<float>, std::array<char *, (unsigned long)1>>(int, T2, T3)"
:BasicsTransformerLM.layers.25.attn,PushPop,30,30,2,2,1664,832.0,832.0,736,928,135.8,"void <unnamed>::elementwise_kernel_with_index<int, at::native::arange_cuda_out(const c10::Scalar &, const c10::Scalar &, const c10::Scalar &, at::Tensor &)::[lambda() (instance 1)]::operator ()() const::[lambda() (instance 4)]::operator ()() const::[lambda(long) (instance 1)]>(T1, T2, function_traits<T2>::result_type *)"
:BasicsTransformerLM.layers.25.attn.k_proj,PushPop,30,30,2,2,187362,93681.0,93681.0,93537,93825,203.6,cutlass3x_sm100_simt_sgemm_f32_f32_f32_f32_f32_64x32x16_1x1x1_3_tnn_align1_bias_f32_relu
:BasicsTransformerLM.layers.25.attn.output_proj,PushPop,30,30,2,2,188194,94097.0,94097.0,94049,94145,67.9,cutlass3x_sm100_simt_sgemm_f32_f32_f32_f32_f32_64x32x16_1x1x1_3_tnn_align1_bias_f32_relu
:BasicsTransformerLM.layers.25.attn.q_proj,PushPop,30,30,2,2,187488,93744.0,93744.0,93632,93856,158.4,cutlass3x_sm100_simt_sgemm_f32_f32_f32_f32_f32_64x32x16_1x1x1_3_tnn_align1_bias_f32_relu
:BasicsTransformerLM.layers.25.attn.v_proj,PushPop,30,30,2,2,186880,93440.0,93440.0,93408,93472,45.3,cutlass3x_sm100_simt_sgemm_f32_f32_f32_f32_f32_64x32x16_1x1x1_3_tnn_align1_bias_f32_relu
:BasicsTransformerLM.layers.25.ffn,PushPop,30,30,2,4,1250022,312505.5,312561.5,312065,312834,375.9,cutlass3x_sm100_simt_sgemm_f32_f32_f32_f32_f32_64x128x16_1x1x1_3_tnn_align1_bias_f32_relu
:BasicsTransformerLM.layers.25.ffn,PushPop,30,30,2,2,721764,360882.0,360882.0,360546,361218,475.2,cutlass3x_sm100_simt_sgemm_f32_f32_f32_f32_f32_64x32x16_1x1x1_3_tnn_align1_bias_f32_relu
:BasicsTransformerLM.layers.25.ffn,PushPop,30,30,2,4,25440,6360.0,6400.0,5600,7040,693.9,"void at::native::vectorized_elementwise_kernel<(int)4, at::native::BinaryFunctor<float, float, float, at::native::binary_internal::MulFunctor<float>>, std::array<char *, (unsigned long)3>>(int, T2, T3)"
:BasicsTransformerLM.layers.25.ffn,PushPop,30,30,2,2,11552,5776.0,5776.0,5760,5792,22.6,"void at::native::vectorized_elementwise_kernel<(int)4, at::native::sigmoid_kernel_cuda(at::TensorIteratorBase &)::[lambda() (instance 2)]::operator ()() const::[lambda() (instance 2)]::operator ()() const::[lambda(float) (instance 1)], std::array<char *, (unsigned long)2>>(int, T2, T3)"
:BasicsTransformerLM.layers.25.ffn.w1,PushPop,30,30,2,2,625636,312818.0,312818.0,312802,312834,22.6,cutlass3x_sm100_simt_sgemm_f32_f32_f32_f32_f32_64x128x16_1x1x1_3_tnn_align1_bias_f32_relu
:BasicsTransformerLM.layers.25.ffn.w2,PushPop,30,30,2,2,721764,360882.0,360882.0,360546,361218,475.2,cutlass3x_sm100_simt_sgemm_f32_f32_f32_f32_f32_64x32x16_1x1x1_3_tnn_align1_bias_f32_relu
:BasicsTransformerLM.layers.25.ffn.w3,PushPop,30,30,2,2,624386,312193.0,312193.0,312065,312321,181.0,cutlass3x_sm100_simt_sgemm_f32_f32_f32_f32_f32_64x128x16_1x1x1_3_tnn_align1_bias_f32_relu
:BasicsTransformerLM.layers.25.ln1,PushPop,30,30,2,4,18432,4608.0,4608.0,4576,4640,26.1,"void at::native::elementwise_kernel<(int)128, (int)2, void at::native::gpu_kernel_impl_nocast<at::native::BinaryFunctor<float, float, float, at::native::binary_internal::MulFunctor<float>>>(at::TensorIteratorBase &, const T1 &)::[lambda(int) (instance 1)]>(int, T3)"
:BasicsTransformerLM.layers.25.ln1,PushPop,30,30,2,2,11904,5952.0,5952.0,5952,5952,0.0,"void at::native::reduce_kernel<(int)512, (int)1, at::native::ReduceOp<float, at::native::MeanOps<float, float, float, float>, unsigned int, float, (int)4, (int)4>>(T3)"
:BasicsTransformerLM.layers.25.ln1,PushPop,30,30,2,2,4960,2480.0,2480.0,2432,2528,67.9,"void at::native::vectorized_elementwise_kernel<(int)4, void at::native::<unnamed>::pow_tensor_scalar_kernel_impl<float, float>(at::TensorIteratorBase &, T2)::[lambda(float) (instance 1)], std::array<char *, (unsigned long)2>>(int, T2, T3)"
:BasicsTransformerLM.layers.25.ln1,PushPop,30,30,2,2,2848,1424.0,1424.0,1344,1504,113.1,"void at::native::vectorized_elementwise_kernel<(int)4, at::native::CUDAFunctorOnSelf_add<float>, std::array<char *, (unsigned long)2>>(int, T2, T3)"
:BasicsTransformerLM.layers.25.ln1,PushPop,30,30,2,2,2464,1232.0,1232.0,1152,1312,113.1,"void at::native::vectorized_elementwise_kernel<(int)4, at::native::rsqrt_kernel_cuda(at::TensorIteratorBase &)::[lambda() (instance 2)]::operator ()() const::[lambda() (instance 2)]::operator ()() const::[lambda(float) (instance 1)], std::array<char *, (unsigned long)2>>(int, T2, T3)"
:BasicsTransformerLM.layers.25.ln2,PushPop,30,30,2,4,18752,4688.0,4704.0,4640,4704,32.0,"void at::native::elementwise_kernel<(int)128, (int)2, void at::native::gpu_kernel_impl_nocast<at::native::BinaryFunctor<float, float, float, at::native::binary_internal::MulFunctor<float>>>(at::TensorIteratorBase &, const T1 &)::[lambda(int) (instance 1)]>(int, T3)"
:BasicsTransformerLM.layers.25.ln2,PushPop,30,30,2,2,12032,6016.0,6016.0,6016,6016,0.0,"void at::native::reduce_kernel<(int)512, (int)1, at::native::ReduceOp<float, at::native::MeanOps<float, float, float, float>, unsigned int, float, (int)4, (int)4>>(T3)"
:BasicsTransformerLM.layers.25.ln2,PushPop,30,30,2,2,4800,2400.0,2400.0,2368,2432,45.3,"void at::native::vectorized_elementwise_kernel<(int)4, void at::native::<unnamed>::pow_tensor_scalar_kernel_impl<float, float>(at::TensorIteratorBase &, T2)::[lambda(float) (instance 1)], std::array<char *, (unsigned long)2>>(int, T2, T3)"
:BasicsTransformerLM.layers.25.ln2,PushPop,30,30,2,2,2560,1280.0,1280.0,1280,1280,0.0,"void at::native::vectorized_elementwise_kernel<(int)4, at::native::CUDAFunctorOnSelf_add<float>, std::array<char *, (unsigned long)2>>(int, T2, T3)"
:BasicsTransformerLM.layers.25.ln2,PushPop,30,30,2,2,2336,1168.0,1168.0,1152,1184,22.6,"void at::native::vectorized_elementwise_kernel<(int)4, at::native::rsqrt_kernel_cuda(at::TensorIteratorBase &)::[lambda() (instance 2)]::operator ()() const::[lambda() (instance 2)]::operator ()() const::[lambda(float) (instance 1)], std::array<char *, (unsigned long)2>>(int, T2, T3)"
:BasicsTransformerLM.layers.26,PushPop,30,30,2,10,1470824,147082.4,93713.0,93504,360322,112379.1,cutlass3x_sm100_simt_sgemm_f32_f32_f32_f32_f32_64x32x16_1x1x1_3_tnn_align1_bias_f32_relu
:BasicsTransformerLM.layers.26,PushPop,30,30,2,4,1249670,312417.5,312353.5,312162,312801,276.0,cutlass3x_sm100_simt_sgemm_f32_f32_f32_f32_f32_64x128x16_1x1x1_3_tnn_align1_bias_f32_relu
:BasicsTransformerLM.layers.26,PushPop,30,30,2,24,91393,3808.0,3488.0,3104,4737,620.3,"void at::native::elementwise_kernel<(int)128, (int)2, void at::native::gpu_kernel_impl_nocast<at::native::BinaryFunctor<float, float, float, at::native::binary_internal::MulFunctor<float>>>(at::TensorIteratorBase &, const T1 &)::[lambda(int) (instance 1)]>(int, T3)"
:BasicsTransformerLM.layers.26,PushPop,30,30,2,2,53728,26864.0,26864.0,26752,26976,158.4,cutlass3x_sm100_simt_sgemm_f32_f32_f32_f32_f32_128x64x16_1x1x1_3_tnn_align1_bias_f32_relu
:BasicsTransformerLM.layers.26,PushPop,30,30,2,2,42432,21216.0,21216.0,21184,21248,45.3,cutlass3x_sm100_simt_sgemm_f32_f32_f32_f32_f32_64x32x16_1x1x1_3_nnn_align1_bias_f32_relu
:BasicsTransformerLM.layers.26,PushPop,30,30,2,4,36384,9096.0,9088.0,8928,9280,146.4,"void at::native::<unnamed>::CatArrayBatchedCopy<at::native::<unnamed>::OpaqueType<(unsigned int)4>, unsigned int, (int)4, (int)64, (int)64>(T1 *, at::native::<unnamed>::CatArrInputTensorMetadata<T1, T2, T4, T5>, at::native::<unnamed>::TensorSizeStride<T2, (unsigned int)4>, int, T2)"
:BasicsTransformerLM.layers.26,PushPop,30,30,2,2,30368,15184.0,15184.0,15136,15232,67.9,"void at::native::elementwise_kernel<(int)128, (int)2, void at::native::gpu_kernel_impl_nocast<at::native::BinaryFunctor<float, float, float, at::native::binary_internal::DivFunctor<float>>>(at::TensorIteratorBase &, const T1 &)::[lambda(int) (instance 1)]>(int, T3)"
:BasicsTransformerLM.layers.26,PushPop,30,30,2,12,29952,2496.0,2112.0,2016,3392,599.4,"void at::native::vectorized_elementwise_kernel<(int)4, at::native::CUDAFunctor_add<float>, std::array<char *, (unsigned long)3>>(int, T2, T3)"
:BasicsTransformerLM.layers.26,PushPop,30,30,2,2,26176,13088.0,13088.0,13056,13120,45.3,"void at::native::reduce_kernel<(int)512, (int)1, at::native::ReduceOp<float, at::native::MaxOps<float>, unsigned int, float, (int)4, (int)4>>(T3)"
:BasicsTransformerLM.layers.26,PushPop,30,30,2,2,26080,13040.0,13040.0,12960,13120,113.1,"void at::native::elementwise_kernel<(int)128, (int)2, void at::native::gpu_kernel_impl_nocast<at::native::<unnamed>::where_kernel_impl(at::TensorIterator &)::[lambda() (instance 1)]::operator ()() const::[lambda() (instance 11)]::operator ()() const::[lambda(bool, float, float) (instance 1)]>(at::TensorIteratorBase &, const T1 &)::[lambda(int) (instance 1)]>(int, T3)"
:BasicsTransformerLM.layers.26,PushPop,30,30,2,4,25760,6440.0,6416.0,5664,7264,797.8,"void at::native::vectorized_elementwise_kernel<(int)4, at::native::BinaryFunctor<float, float, float, at::native::binary_internal::MulFunctor<float>>, std::array<char *, (unsigned long)3>>(int, T2, T3)"
:BasicsTransformerLM.layers.26,PushPop,30,30,2,2,25473,12736.5,12736.5,12736,12737,0.7,"void at::native::elementwise_kernel<(int)128, (int)2, void at::native::gpu_kernel_impl_nocast<at::native::CUDAFunctor_add<float>>(at::TensorIteratorBase &, const T1 &)::[lambda(int) (instance 1)]>(int, T3)"
:BasicsTransformerLM.layers.26,PushPop,30,30,2,4,24096,6024.0,6000.0,5952,6144,91.9,"void at::native::reduce_kernel<(int)512, (int)1, at::native::ReduceOp<float, at::native::MeanOps<float, float, float, float>, unsigned int, float, (int)4, (int)4>>(T3)"
:BasicsTransformerLM.layers.26,PushPop,30,30,2,4,22304,5576.0,5552.0,4608,6592,1118.4,"void at::native::elementwise_kernel<(int)128, (int)2, void at::native::gpu_kernel_impl_nocast<at::native::direct_copy_kernel_cuda(at::TensorIteratorBase &)::[lambda() (instance 3)]::operator ()() const::[lambda() (instance 7)]::operator ()() const::[lambda(float) (instance 1)]>(at::TensorIteratorBase &, const T1 &)::[lambda(int) (instance 1)]>(int, T3)"
:BasicsTransformerLM.layers.26,PushPop,30,30,2,2,13952,6976.0,6976.0,6912,7040,90.5,"void at::native::reduce_kernel<(int)512, (int)1, at::native::ReduceOp<float, at::native::func_wrapper_t<float, at::native::sum_functor<float, float, float>::operator ()(at::TensorIterator &)::[lambda(float, float) (instance 1)]>, unsigned int, float, (int)4, (int)4>>(T3)"
:BasicsTransformerLM.layers.26,PushPop,30,30,2,2,11520,5760.0,5760.0,5728,5792,45.3,"void at::native::vectorized_elementwise_kernel<(int)4, at::native::sigmoid_kernel_cuda(at::TensorIteratorBase &)::[lambda() (instance 2)]::operator ()() const::[lambda() (instance 2)]::operator ()() const::[lambda(float) (instance 1)], std::array<char *, (unsigned long)2>>(int, T2, T3)"
:BasicsTransformerLM.layers.26,PushPop,30,30,2,2,10496,5248.0,5248.0,5056,5440,271.5,"void at::native::vectorized_elementwise_kernel<(int)4, at::native::exp_kernel_cuda(at::TensorIteratorBase &)::[lambda() (instance 2)]::operator ()() const::[lambda() (instance 2)]::operator ()() const::[lambda(float) (instance 1)], std::array<char *, (unsigned long)2>>(int, T2, T3)"
:BasicsTransformerLM.layers.26,PushPop,30,30,2,2,9952,4976.0,4976.0,4928,5024,67.9,"void at::native::vectorized_elementwise_kernel<(int)4, at::native::BUnaryFunctor<float, float, float, at::native::binary_internal::MulFunctor<float>>, std::array<char *, (unsigned long)2>>(int, T2, T3)"
:BasicsTransformerLM.layers.26,PushPop,30,30,2,4,9472,2368.0,2336.0,2304,2496,90.5,"void at::native::vectorized_elementwise_kernel<(int)4, void at::native::<unnamed>::pow_tensor_scalar_kernel_impl<float, float>(at::TensorIteratorBase &, T2)::[lambda(float) (instance 1)], std::array<char *, (unsigned long)2>>(int, T2, T3)"
:BasicsTransformerLM.layers.26,PushPop,30,30,2,4,6144,1536.0,1472.0,1440,1760,150.1,"void at::native::vectorized_elementwise_kernel<(int)4, at::native::CUDAFunctorOnSelf_add<float>, std::array<char *, (unsigned long)2>>(int, T2, T3)"
:BasicsTransformerLM.layers.26,PushPop,30,30,2,2,5088,2544.0,2544.0,2496,2592,67.9,"void at::native::elementwise_kernel<(int)128, (int)4, void at::native::gpu_kernel_impl_nocast<at::native::<unnamed>::CompareFunctor<long>>(at::TensorIteratorBase &, const T1 &)::[lambda(int) (instance 1)]>(int, T3)"
:BasicsTransformerLM.layers.26,PushPop,30,30,2,4,4928,1232.0,1216.0,1152,1344,96.0,"void at::native::vectorized_elementwise_kernel<(int)4, at::native::rsqrt_kernel_cuda(at::TensorIteratorBase &)::[lambda() (instance 2)]::operator ()() const::[lambda() (instance 2)]::operator ()() const::[lambda(float) (instance 1)], std::array<char *, (unsigned long)2>>(int, T2, T3)"
:BasicsTransformerLM.layers.26,PushPop,30,30,2,2,1984,992.0,992.0,960,1024,45.3,"void at::native::vectorized_elementwise_kernel<(int)4, at::native::FillFunctor<float>, std::array<char *, (unsigned long)1>>(int, T2, T3)"
:BasicsTransformerLM.layers.26,PushPop,30,30,2,2,1856,928.0,928.0,736,1120,271.5,"void <unnamed>::elementwise_kernel_with_index<int, at::native::arange_cuda_out(const c10::Scalar &, const c10::Scalar &, const c10::Scalar &, at::Tensor &)::[lambda() (instance 1)]::operator ()() const::[lambda() (instance 4)]::operator ()() const::[lambda(long) (instance 1)]>(T1, T2, function_traits<T2>::result_type *)"
:BasicsTransformerLM.layers.26.attn,PushPop,30,30,2,8,750212,93776.5,93632.5,93504,94368,355.7,cutlass3x_sm100_simt_sgemm_f32_f32_f32_f32_f32_64x32x16_1x1x1_3_tnn_align1_bias_f32_relu
:BasicsTransformerLM.layers.26.attn,PushPop,30,30,2,16,54240,3390.0,3456.0,3104,3584,169.1,"void at::native::elementwise_kernel<(int)128, (int)2, void at::native::gpu_kernel_impl_nocast<at::native::BinaryFunctor<float, float, float, at::native::binary_internal::MulFunctor<float>>>(at::TensorIteratorBase &, const T1 &)::[lambda(int) (instance 1)]>(int, T3)"
:BasicsTransformerLM.layers.26.attn,PushPop,30,30,2,2,53728,26864.0,26864.0,26752,26976,158.4,cutlass3x_sm100_simt_sgemm_f32_f32_f32_f32_f32_128x64x16_1x1x1_3_tnn_align1_bias_f32_relu
:BasicsTransformerLM.layers.26.attn,PushPop,30,30,2,2,42432,21216.0,21216.0,21184,21248,45.3,cutlass3x_sm100_simt_sgemm_f32_f32_f32_f32_f32_64x32x16_1x1x1_3_nnn_align1_bias_f32_relu
:BasicsTransformerLM.layers.26.attn,PushPop,30,30,2,4,36384,9096.0,9088.0,8928,9280,146.4,"void at::native::<unnamed>::CatArrayBatchedCopy<at::native::<unnamed>::OpaqueType<(unsigned int)4>, unsigned int, (int)4, (int)64, (int)64>(T1 *, at::native::<unnamed>::CatArrInputTensorMetadata<T1, T2, T4, T5>, at::native::<unnamed>::TensorSizeStride<T2, (unsigned int)4>, int, T2)"
:BasicsTransformerLM.layers.26.attn,PushPop,30,30,2,2,30368,15184.0,15184.0,15136,15232,67.9,"void at::native::elementwise_kernel<(int)128, (int)2, void at::native::gpu_kernel_impl_nocast<at::native::BinaryFunctor<float, float, float, at::native::binary_internal::DivFunctor<float>>>(at::TensorIteratorBase &, const T1 &)::[lambda(int) (instance 1)]>(int, T3)"
:BasicsTransformerLM.layers.26.attn,PushPop,30,30,2,2,26176,13088.0,13088.0,13056,13120,45.3,"void at::native::reduce_kernel<(int)512, (int)1, at::native::ReduceOp<float, at::native::MaxOps<float>, unsigned int, float, (int)4, (int)4>>(T3)"
:BasicsTransformerLM.layers.26.attn,PushPop,30,30,2,2,26080,13040.0,13040.0,12960,13120,113.1,"void at::native::elementwise_kernel<(int)128, (int)2, void at::native::gpu_kernel_impl_nocast<at::native::<unnamed>::where_kernel_impl(at::TensorIterator &)::[lambda() (instance 1)]::operator ()() const::[lambda() (instance 11)]::operator ()() const::[lambda(bool, float, float) (instance 1)]>(at::TensorIteratorBase &, const T1 &)::[lambda(int) (instance 1)]>(int, T3)"
:BasicsTransformerLM.layers.26.attn,PushPop,30,30,2,2,25473,12736.5,12736.5,12736,12737,0.7,"void at::native::elementwise_kernel<(int)128, (int)2, void at::native::gpu_kernel_impl_nocast<at::native::CUDAFunctor_add<float>>(at::TensorIteratorBase &, const T1 &)::[lambda(int) (instance 1)]>(int, T3)"
:BasicsTransformerLM.layers.26.attn,PushPop,30,30,2,4,22304,5576.0,5552.0,4608,6592,1118.4,"void at::native::elementwise_kernel<(int)128, (int)2, void at::native::gpu_kernel_impl_nocast<at::native::direct_copy_kernel_cuda(at::TensorIteratorBase &)::[lambda() (instance 3)]::operator ()() const::[lambda() (instance 7)]::operator ()() const::[lambda(float) (instance 1)]>(at::TensorIteratorBase &, const T1 &)::[lambda(int) (instance 1)]>(int, T3)"
:BasicsTransformerLM.layers.26.attn,PushPop,30,30,2,8,16736,2092.0,2096.0,2016,2176,48.2,"void at::native::vectorized_elementwise_kernel<(int)4, at::native::CUDAFunctor_add<float>, std::array<char *, (unsigned long)3>>(int, T2, T3)"
:BasicsTransformerLM.layers.26.attn,PushPop,30,30,2,2,13952,6976.0,6976.0,6912,7040,90.5,"void at::native::reduce_kernel<(int)512, (int)1, at::native::ReduceOp<float, at::native::func_wrapper_t<float, at::native::sum_functor<float, float, float>::operator ()(at::TensorIterator &)::[lambda(float, float) (instance 1)]>, unsigned int, float, (int)4, (int)4>>(T3)"
:BasicsTransformerLM.layers.26.attn,PushPop,30,30,2,2,10496,5248.0,5248.0,5056,5440,271.5,"void at::native::vectorized_elementwise_kernel<(int)4, at::native::exp_kernel_cuda(at::TensorIteratorBase &)::[lambda() (instance 2)]::operator ()() const::[lambda() (instance 2)]::operator ()() const::[lambda(float) (instance 1)], std::array<char *, (unsigned long)2>>(int, T2, T3)"
:BasicsTransformerLM.layers.26.attn,PushPop,30,30,2,2,9952,4976.0,4976.0,4928,5024,67.9,"void at::native::vectorized_elementwise_kernel<(int)4, at::native::BUnaryFunctor<float, float, float, at::native::binary_internal::MulFunctor<float>>, std::array<char *, (unsigned long)2>>(int, T2, T3)"
:BasicsTransformerLM.layers.26.attn,PushPop,30,30,2,2,5088,2544.0,2544.0,2496,2592,67.9,"void at::native::elementwise_kernel<(int)128, (int)4, void at::native::gpu_kernel_impl_nocast<at::native::<unnamed>::CompareFunctor<long>>(at::TensorIteratorBase &, const T1 &)::[lambda(int) (instance 1)]>(int, T3)"
:BasicsTransformerLM.layers.26.attn,PushPop,30,30,2,2,1984,992.0,992.0,960,1024,45.3,"void at::native::vectorized_elementwise_kernel<(int)4, at::native::FillFunctor<float>, std::array<char *, (unsigned long)1>>(int, T2, T3)"
:BasicsTransformerLM.layers.26.attn,PushPop,30,30,2,2,1856,928.0,928.0,736,1120,271.5,"void <unnamed>::elementwise_kernel_with_index<int, at::native::arange_cuda_out(const c10::Scalar &, const c10::Scalar &, const c10::Scalar &, at::Tensor &)::[lambda() (instance 1)]::operator ()() const::[lambda() (instance 4)]::operator ()() const::[lambda(long) (instance 1)]>(T1, T2, function_traits<T2>::result_type *)"
:BasicsTransformerLM.layers.26.attn.k_proj,PushPop,30,30,2,2,187072,93536.0,93536.0,93504,93568,45.3,cutlass3x_sm100_simt_sgemm_f32_f32_f32_f32_f32_64x32x16_1x1x1_3_tnn_align1_bias_f32_relu
:BasicsTransformerLM.layers.26.attn.output_proj,PushPop,30,30,2,2,188672,94336.0,94336.0,94304,94368,45.3,cutlass3x_sm100_simt_sgemm_f32_f32_f32_f32_f32_64x32x16_1x1x1_3_tnn_align1_bias_f32_relu
:BasicsTransformerLM.layers.26.attn.q_proj,PushPop,30,30,2,2,187426,93713.0,93713.0,93697,93729,22.6,cutlass3x_sm100_simt_sgemm_f32_f32_f32_f32_f32_64x32x16_1x1x1_3_tnn_align1_bias_f32_relu
:BasicsTransformerLM.layers.26.attn.v_proj,PushPop,30,30,2,2,187042,93521.0,93521.0,93505,93537,22.6,cutlass3x_sm100_simt_sgemm_f32_f32_f32_f32_f32_64x32x16_1x1x1_3_tnn_align1_bias_f32_relu
:BasicsTransformerLM.layers.26.ffn,PushPop,30,30,2,4,1249670,312417.5,312353.5,312162,312801,276.0,cutlass3x_sm100_simt_sgemm_f32_f32_f32_f32_f32_64x128x16_1x1x1_3_tnn_align1_bias_f32_relu
:BasicsTransformerLM.layers.26.ffn,PushPop,30,30,2,2,720612,360306.0,360306.0,360290,360322,22.6,cutlass3x_sm100_simt_sgemm_f32_f32_f32_f32_f32_64x32x16_1x1x1_3_tnn_align1_bias_f32_relu
:BasicsTransformerLM.layers.26.ffn,PushPop,30,30,2,4,25760,6440.0,6416.0,5664,7264,797.8,"void at::native::vectorized_elementwise_kernel<(int)4, at::native::BinaryFunctor<float, float, float, at::native::binary_internal::MulFunctor<float>>, std::array<char *, (unsigned long)3>>(int, T2, T3)"
:BasicsTransformerLM.layers.26.ffn,PushPop,30,30,2,2,11520,5760.0,5760.0,5728,5792,45.3,"void at::native::vectorized_elementwise_kernel<(int)4, at::native::sigmoid_kernel_cuda(at::TensorIteratorBase &)::[lambda() (instance 2)]::operator ()() const::[lambda() (instance 2)]::operator ()() const::[lambda(float) (instance 1)], std::array<char *, (unsigned long)2>>(int, T2, T3)"
:BasicsTransformerLM.layers.26.ffn.w1,PushPop,30,30,2,2,625218,312609.0,312609.0,312417,312801,271.5,cutlass3x_sm100_simt_sgemm_f32_f32_f32_f32_f32_64x128x16_1x1x1_3_tnn_align1_bias_f32_relu
:BasicsTransformerLM.layers.26.ffn.w2,PushPop,30,30,2,2,720612,360306.0,360306.0,360290,360322,22.6,cutlass3x_sm100_simt_sgemm_f32_f32_f32_f32_f32_64x32x16_1x1x1_3_tnn_align1_bias_f32_relu
:BasicsTransformerLM.layers.26.ffn.w3,PushPop,30,30,2,2,624452,312226.0,312226.0,312162,312290,90.5,cutlass3x_sm100_simt_sgemm_f32_f32_f32_f32_f32_64x128x16_1x1x1_3_tnn_align1_bias_f32_relu
:BasicsTransformerLM.layers.26.ln1,PushPop,30,30,2,4,18624,4656.0,4656.0,4576,4736,66.6,"void at::native::elementwise_kernel<(int)128, (int)2, void at::native::gpu_kernel_impl_nocast<at::native::BinaryFunctor<float, float, float, at::native::binary_internal::MulFunctor<float>>>(at::TensorIteratorBase &, const T1 &)::[lambda(int) (instance 1)]>(int, T3)"
:BasicsTransformerLM.layers.26.ln1,PushPop,30,30,2,2,11904,5952.0,5952.0,5952,5952,0.0,"void at::native::reduce_kernel<(int)512, (int)1, at::native::ReduceOp<float, at::native::MeanOps<float, float, float, float>, unsigned int, float, (int)4, (int)4>>(T3)"
:BasicsTransformerLM.layers.26.ln1,PushPop,30,30,2,2,4608,2304.0,2304.0,2304,2304,0.0,"void at::native::vectorized_elementwise_kernel<(int)4, void at::native::<unnamed>::pow_tensor_scalar_kernel_impl<float, float>(at::TensorIteratorBase &, T2)::[lambda(float) (instance 1)], std::array<char *, (unsigned long)2>>(int, T2, T3)"
:BasicsTransformerLM.layers.26.ln1,PushPop,30,30,2,2,3232,1616.0,1616.0,1472,1760,203.6,"void at::native::vectorized_elementwise_kernel<(int)4, at::native::CUDAFunctorOnSelf_add<float>, std::array<char *, (unsigned long)2>>(int, T2, T3)"
:BasicsTransformerLM.layers.26.ln1,PushPop,30,30,2,2,2496,1248.0,1248.0,1152,1344,135.8,"void at::native::vectorized_elementwise_kernel<(int)4, at::native::rsqrt_kernel_cuda(at::TensorIteratorBase &)::[lambda() (instance 2)]::operator ()() const::[lambda() (instance 2)]::operator ()() const::[lambda(float) (instance 1)], std::array<char *, (unsigned long)2>>(int, T2, T3)"
:BasicsTransformerLM.layers.26.ln2,PushPop,30,30,2,4,18529,4632.3,4608.0,4576,4737,76.1,"void at::native::elementwise_kernel<(int)128, (int)2, void at::native::gpu_kernel_impl_nocast<at::native::BinaryFunctor<float, float, float, at::native::binary_internal::MulFunctor<float>>>(at::TensorIteratorBase &, const T1 &)::[lambda(int) (instance 1)]>(int, T3)"
:BasicsTransformerLM.layers.26.ln2,PushPop,30,30,2,2,12192,6096.0,6096.0,6048,6144,67.9,"void at::native::reduce_kernel<(int)512, (int)1, at::native::ReduceOp<float, at::native::MeanOps<float, float, float, float>, unsigned int, float, (int)4, (int)4>>(T3)"
:BasicsTransformerLM.layers.26.ln2,PushPop,30,30,2,2,4864,2432.0,2432.0,2368,2496,90.5,"void at::native::vectorized_elementwise_kernel<(int)4, void at::native::<unnamed>::pow_tensor_scalar_kernel_impl<float, float>(at::TensorIteratorBase &, T2)::[lambda(float) (instance 1)], std::array<char *, (unsigned long)2>>(int, T2, T3)"
:BasicsTransformerLM.layers.26.ln2,PushPop,30,30,2,2,2912,1456.0,1456.0,1440,1472,22.6,"void at::native::vectorized_elementwise_kernel<(int)4, at::native::CUDAFunctorOnSelf_add<float>, std::array<char *, (unsigned long)2>>(int, T2, T3)"
:BasicsTransformerLM.layers.26.ln2,PushPop,30,30,2,2,2432,1216.0,1216.0,1152,1280,90.5,"void at::native::vectorized_elementwise_kernel<(int)4, at::native::rsqrt_kernel_cuda(at::TensorIteratorBase &)::[lambda() (instance 2)]::operator ()() const::[lambda() (instance 2)]::operator ()() const::[lambda(float) (instance 1)], std::array<char *, (unsigned long)2>>(int, T2, T3)"
:BasicsTransformerLM.layers.27,PushPop,30,30,2,10,1471336,147133.6,93824.5,93408,360514,112402.8,cutlass3x_sm100_simt_sgemm_f32_f32_f32_f32_f32_64x32x16_1x1x1_3_tnn_align1_bias_f32_relu
:BasicsTransformerLM.layers.27,PushPop,30,30,2,4,1249318,312329.5,312353.5,311937,312674,367.6,cutlass3x_sm100_simt_sgemm_f32_f32_f32_f32_f32_64x128x16_1x1x1_3_tnn_align1_bias_f32_relu
:BasicsTransformerLM.layers.27,PushPop,30,30,2,24,92002,3833.4,3504.0,3104,4832,623.4,"void at::native::elementwise_kernel<(int)128, (int)2, void at::native::gpu_kernel_impl_nocast<at::native::BinaryFunctor<float, float, float, at::native::binary_internal::MulFunctor<float>>>(at::TensorIteratorBase &, const T1 &)::[lambda(int) (instance 1)]>(int, T3)"
:BasicsTransformerLM.layers.27,PushPop,30,30,2,2,53696,26848.0,26848.0,26752,26944,135.8,cutlass3x_sm100_simt_sgemm_f32_f32_f32_f32_f32_128x64x16_1x1x1_3_tnn_align1_bias_f32_relu
:BasicsTransformerLM.layers.27,PushPop,30,30,2,2,42208,21104.0,21104.0,21088,21120,22.6,cutlass3x_sm100_simt_sgemm_f32_f32_f32_f32_f32_64x32x16_1x1x1_3_nnn_align1_bias_f32_relu
:BasicsTransformerLM.layers.27,PushPop,30,30,2,4,36256,9064.0,9072.0,8960,9152,102.4,"void at::native::<unnamed>::CatArrayBatchedCopy<at::native::<unnamed>::OpaqueType<(unsigned int)4>, unsigned int, (int)4, (int)64, (int)64>(T1 *, at::native::<unnamed>::CatArrInputTensorMetadata<T1, T2, T4, T5>, at::native::<unnamed>::TensorSizeStride<T2, (unsigned int)4>, int, T2)"
:BasicsTransformerLM.layers.27,PushPop,30,30,2,2,30624,15312.0,15312.0,15296,15328,22.6,"void at::native::elementwise_kernel<(int)128, (int)2, void at::native::gpu_kernel_impl_nocast<at::native::BinaryFunctor<float, float, float, at::native::binary_internal::DivFunctor<float>>>(at::TensorIteratorBase &, const T1 &)::[lambda(int) (instance 1)]>(int, T3)"
:BasicsTransformerLM.layers.27,PushPop,30,30,2,12,29696,2474.7,2064.0,1888,3584,697.8,"void at::native::vectorized_elementwise_kernel<(int)4, at::native::CUDAFunctor_add<float>, std::array<char *, (unsigned long)3>>(int, T2, T3)"
:BasicsTransformerLM.layers.27,PushPop,30,30,2,2,26304,13152.0,13152.0,13088,13216,90.5,"void at::native::reduce_kernel<(int)512, (int)1, at::native::ReduceOp<float, at::native::MaxOps<float>, unsigned int, float, (int)4, (int)4>>(T3)"
:BasicsTransformerLM.layers.27,PushPop,30,30,2,2,26112,13056.0,13056.0,13056,13056,0.0,"void at::native::elementwise_kernel<(int)128, (int)2, void at::native::gpu_kernel_impl_nocast<at::native::<unnamed>::where_kernel_impl(at::TensorIterator &)::[lambda() (instance 1)]::operator ()() const::[lambda() (instance 11)]::operator ()() const::[lambda(bool, float, float) (instance 1)]>(at::TensorIteratorBase &, const T1 &)::[lambda(int) (instance 1)]>(int, T3)"
:BasicsTransformerLM.layers.27,PushPop,30,30,2,4,25408,6352.0,6304.0,5536,7264,895.4,"void at::native::vectorized_elementwise_kernel<(int)4, at::native::BinaryFunctor<float, float, float, at::native::binary_internal::MulFunctor<float>>, std::array<char *, (unsigned long)3>>(int, T2, T3)"
:BasicsTransformerLM.layers.27,PushPop,30,30,2,2,25312,12656.0,12656.0,12640,12672,22.6,"void at::native::elementwise_kernel<(int)128, (int)2, void at::native::gpu_kernel_impl_nocast<at::native::CUDAFunctor_add<float>>(at::TensorIteratorBase &, const T1 &)::[lambda(int) (instance 1)]>(int, T3)"
:BasicsTransformerLM.layers.27,PushPop,30,30,2,4,23840,5960.0,5952.0,5952,5984,16.0,"void at::native::reduce_kernel<(int)512, (int)1, at::native::ReduceOp<float, at::native::MeanOps<float, float, float, float>, unsigned int, float, (int)4, (int)4>>(T3)"
:BasicsTransformerLM.layers.27,PushPop,30,30,2,4,22240,5560.0,5568.0,4640,6464,1025.8,"void at::native::elementwise_kernel<(int)128, (int)2, void at::native::gpu_kernel_impl_nocast<at::native::direct_copy_kernel_cuda(at::TensorIteratorBase &)::[lambda() (instance 3)]::operator ()() const::[lambda() (instance 7)]::operator ()() const::[lambda(float) (instance 1)]>(at::TensorIteratorBase &, const T1 &)::[lambda(int) (instance 1)]>(int, T3)"
:BasicsTransformerLM.layers.27,PushPop,30,30,2,2,13920,6960.0,6960.0,6880,7040,113.1,"void at::native::reduce_kernel<(int)512, (int)1, at::native::ReduceOp<float, at::native::func_wrapper_t<float, at::native::sum_functor<float, float, float>::operator ()(at::TensorIterator &)::[lambda(float, float) (instance 1)]>, unsigned int, float, (int)4, (int)4>>(T3)"
:BasicsTransformerLM.layers.27,PushPop,30,30,2,2,11616,5808.0,5808.0,5728,5888,113.1,"void at::native::vectorized_elementwise_kernel<(int)4, at::native::sigmoid_kernel_cuda(at::TensorIteratorBase &)::[lambda() (instance 2)]::operator ()() const::[lambda() (instance 2)]::operator ()() const::[lambda(float) (instance 1)], std::array<char *, (unsigned long)2>>(int, T2, T3)"
:BasicsTransformerLM.layers.27,PushPop,30,30,2,2,10272,5136.0,5136.0,5088,5184,67.9,"void at::native::vectorized_elementwise_kernel<(int)4, at::native::exp_kernel_cuda(at::TensorIteratorBase &)::[lambda() (instance 2)]::operator ()() const::[lambda() (instance 2)]::operator ()() const::[lambda(float) (instance 1)], std::array<char *, (unsigned long)2>>(int, T2, T3)"
:BasicsTransformerLM.layers.27,PushPop,30,30,2,2,10144,5072.0,5072.0,4960,5184,158.4,"void at::native::vectorized_elementwise_kernel<(int)4, at::native::BUnaryFunctor<float, float, float, at::native::binary_internal::MulFunctor<float>>, std::array<char *, (unsigned long)2>>(int, T2, T3)"
:BasicsTransformerLM.layers.27,PushPop,30,30,2,4,9856,2464.0,2480.0,2400,2496,45.3,"void at::native::vectorized_elementwise_kernel<(int)4, void at::native::<unnamed>::pow_tensor_scalar_kernel_impl<float, float>(at::TensorIteratorBase &, T2)::[lambda(float) (instance 1)], std::array<char *, (unsigned long)2>>(int, T2, T3)"
:BasicsTransformerLM.layers.27,PushPop,30,30,2,4,5856,1464.0,1472.0,1440,1472,16.0,"void at::native::vectorized_elementwise_kernel<(int)4, at::native::CUDAFunctorOnSelf_add<float>, std::array<char *, (unsigned long)2>>(int, T2, T3)"
:BasicsTransformerLM.layers.27,PushPop,30,30,2,2,5248,2624.0,2624.0,2528,2720,135.8,"void at::native::elementwise_kernel<(int)128, (int)4, void at::native::gpu_kernel_impl_nocast<at::native::<unnamed>::CompareFunctor<long>>(at::TensorIteratorBase &, const T1 &)::[lambda(int) (instance 1)]>(int, T3)"
:BasicsTransformerLM.layers.27,PushPop,30,30,2,4,5088,1272.0,1248.0,1152,1440,120.8,"void at::native::vectorized_elementwise_kernel<(int)4, at::native::rsqrt_kernel_cuda(at::TensorIteratorBase &)::[lambda() (instance 2)]::operator ()() const::[lambda() (instance 2)]::operator ()() const::[lambda(float) (instance 1)], std::array<char *, (unsigned long)2>>(int, T2, T3)"
:BasicsTransformerLM.layers.27,PushPop,30,30,2,2,2016,1008.0,1008.0,992,1024,22.6,"void at::native::vectorized_elementwise_kernel<(int)4, at::native::FillFunctor<float>, std::array<char *, (unsigned long)1>>(int, T2, T3)"
:BasicsTransformerLM.layers.27,PushPop,30,30,2,2,1632,816.0,816.0,736,896,113.1,"void <unnamed>::elementwise_kernel_with_index<int, at::native::arange_cuda_out(const c10::Scalar &, const c10::Scalar &, const c10::Scalar &, at::Tensor &)::[lambda() (instance 1)]::operator ()() const::[lambda() (instance 4)]::operator ()() const::[lambda(long) (instance 1)]>(T1, T2, function_traits<T2>::result_type *)"
:BasicsTransformerLM.layers.27.attn,PushPop,30,30,2,8,750532,93816.5,93776.5,93408,94433,365.0,cutlass3x_sm100_simt_sgemm_f32_f32_f32_f32_f32_64x32x16_1x1x1_3_tnn_align1_bias_f32_relu
:BasicsTransformerLM.layers.27.attn,PushPop,30,30,2,16,54562,3410.1,3456.0,3104,3552,139.6,"void at::native::elementwise_kernel<(int)128, (int)2, void at::native::gpu_kernel_impl_nocast<at::native::BinaryFunctor<float, float, float, at::native::binary_internal::MulFunctor<float>>>(at::TensorIteratorBase &, const T1 &)::[lambda(int) (instance 1)]>(int, T3)"
:BasicsTransformerLM.layers.27.attn,PushPop,30,30,2,2,53696,26848.0,26848.0,26752,26944,135.8,cutlass3x_sm100_simt_sgemm_f32_f32_f32_f32_f32_128x64x16_1x1x1_3_tnn_align1_bias_f32_relu
:BasicsTransformerLM.layers.27.attn,PushPop,30,30,2,2,42208,21104.0,21104.0,21088,21120,22.6,cutlass3x_sm100_simt_sgemm_f32_f32_f32_f32_f32_64x32x16_1x1x1_3_nnn_align1_bias_f32_relu
:BasicsTransformerLM.layers.27.attn,PushPop,30,30,2,4,36256,9064.0,9072.0,8960,9152,102.4,"void at::native::<unnamed>::CatArrayBatchedCopy<at::native::<unnamed>::OpaqueType<(unsigned int)4>, unsigned int, (int)4, (int)64, (int)64>(T1 *, at::native::<unnamed>::CatArrInputTensorMetadata<T1, T2, T4, T5>, at::native::<unnamed>::TensorSizeStride<T2, (unsigned int)4>, int, T2)"
:BasicsTransformerLM.layers.27.attn,PushPop,30,30,2,2,30624,15312.0,15312.0,15296,15328,22.6,"void at::native::elementwise_kernel<(int)128, (int)2, void at::native::gpu_kernel_impl_nocast<at::native::BinaryFunctor<float, float, float, at::native::binary_internal::DivFunctor<float>>>(at::TensorIteratorBase &, const T1 &)::[lambda(int) (instance 1)]>(int, T3)"
:BasicsTransformerLM.layers.27.attn,PushPop,30,30,2,2,26304,13152.0,13152.0,13088,13216,90.5,"void at::native::reduce_kernel<(int)512, (int)1, at::native::ReduceOp<float, at::native::MaxOps<float>, unsigned int, float, (int)4, (int)4>>(T3)"
:BasicsTransformerLM.layers.27.attn,PushPop,30,30,2,2,26112,13056.0,13056.0,13056,13056,0.0,"void at::native::elementwise_kernel<(int)128, (int)2, void at::native::gpu_kernel_impl_nocast<at::native::<unnamed>::where_kernel_impl(at::TensorIterator &)::[lambda() (instance 1)]::operator ()() const::[lambda() (instance 11)]::operator ()() const::[lambda(bool, float, float) (instance 1)]>(at::TensorIteratorBase &, const T1 &)::[lambda(int) (instance 1)]>(int, T3)"
:BasicsTransformerLM.layers.27.attn,PushPop,30,30,2,2,25312,12656.0,12656.0,12640,12672,22.6,"void at::native::elementwise_kernel<(int)128, (int)2, void at::native::gpu_kernel_impl_nocast<at::native::CUDAFunctor_add<float>>(at::TensorIteratorBase &, const T1 &)::[lambda(int) (instance 1)]>(int, T3)"
:BasicsTransformerLM.layers.27.attn,PushPop,30,30,2,4,22240,5560.0,5568.0,4640,6464,1025.8,"void at::native::elementwise_kernel<(int)128, (int)2, void at::native::gpu_kernel_impl_nocast<at::native::direct_copy_kernel_cuda(at::TensorIteratorBase &)::[lambda() (instance 3)]::operator ()() const::[lambda() (instance 7)]::operator ()() const::[lambda(float) (instance 1)]>(at::TensorIteratorBase &, const T1 &)::[lambda(int) (instance 1)]>(int, T3)"
:BasicsTransformerLM.layers.27.attn,PushPop,30,30,2,8,16064,2008.0,2000.0,1888,2144,86.8,"void at::native::vectorized_elementwise_kernel<(int)4, at::native::CUDAFunctor_add<float>, std::array<char *, (unsigned long)3>>(int, T2, T3)"
:BasicsTransformerLM.layers.27.attn,PushPop,30,30,2,2,13920,6960.0,6960.0,6880,7040,113.1,"void at::native::reduce_kernel<(int)512, (int)1, at::native::ReduceOp<float, at::native::func_wrapper_t<float, at::native::sum_functor<float, float, float>::operator ()(at::TensorIterator &)::[lambda(float, float) (instance 1)]>, unsigned int, float, (int)4, (int)4>>(T3)"
:BasicsTransformerLM.layers.27.attn,PushPop,30,30,2,2,10272,5136.0,5136.0,5088,5184,67.9,"void at::native::vectorized_elementwise_kernel<(int)4, at::native::exp_kernel_cuda(at::TensorIteratorBase &)::[lambda() (instance 2)]::operator ()() const::[lambda() (instance 2)]::operator ()() const::[lambda(float) (instance 1)], std::array<char *, (unsigned long)2>>(int, T2, T3)"
:BasicsTransformerLM.layers.27.attn,PushPop,30,30,2,2,10144,5072.0,5072.0,4960,5184,158.4,"void at::native::vectorized_elementwise_kernel<(int)4, at::native::BUnaryFunctor<float, float, float, at::native::binary_internal::MulFunctor<float>>, std::array<char *, (unsigned long)2>>(int, T2, T3)"
:BasicsTransformerLM.layers.27.attn,PushPop,30,30,2,2,5248,2624.0,2624.0,2528,2720,135.8,"void at::native::elementwise_kernel<(int)128, (int)4, void at::native::gpu_kernel_impl_nocast<at::native::<unnamed>::CompareFunctor<long>>(at::TensorIteratorBase &, const T1 &)::[lambda(int) (instance 1)]>(int, T3)"
:BasicsTransformerLM.layers.27.attn,PushPop,30,30,2,2,2016,1008.0,1008.0,992,1024,22.6,"void at::native::vectorized_elementwise_kernel<(int)4, at::native::FillFunctor<float>, std::array<char *, (unsigned long)1>>(int, T2, T3)"
:BasicsTransformerLM.layers.27.attn,PushPop,30,30,2,2,1632,816.0,816.0,736,896,113.1,"void <unnamed>::elementwise_kernel_with_index<int, at::native::arange_cuda_out(const c10::Scalar &, const c10::Scalar &, const c10::Scalar &, at::Tensor &)::[lambda() (instance 1)]::operator ()() const::[lambda() (instance 4)]::operator ()() const::[lambda(long) (instance 1)]>(T1, T2, function_traits<T2>::result_type *)"
:BasicsTransformerLM.layers.27.attn.k_proj,PushPop,30,30,2,2,187202,93601.0,93601.0,93409,93793,271.5,cutlass3x_sm100_simt_sgemm_f32_f32_f32_f32_f32_64x32x16_1x1x1_3_tnn_align1_bias_f32_relu
:BasicsTransformerLM.layers.27.attn.output_proj,PushPop,30,30,2,2,188674,94337.0,94337.0,94241,94433,135.8,cutlass3x_sm100_simt_sgemm_f32_f32_f32_f32_f32_64x32x16_1x1x1_3_tnn_align1_bias_f32_relu
:BasicsTransformerLM.layers.27.attn.q_proj,PushPop,30,30,2,2,187616,93808.0,93808.0,93760,93856,67.9,cutlass3x_sm100_simt_sgemm_f32_f32_f32_f32_f32_64x32x16_1x1x1_3_tnn_align1_bias_f32_relu
:BasicsTransformerLM.layers.27.attn.v_proj,PushPop,30,30,2,2,187040,93520.0,93520.0,93408,93632,158.4,cutlass3x_sm100_simt_sgemm_f32_f32_f32_f32_f32_64x32x16_1x1x1_3_tnn_align1_bias_f32_relu
:BasicsTransformerLM.layers.27.ffn,PushPop,30,30,2,4,1249318,312329.5,312353.5,311937,312674,367.6,cutlass3x_sm100_simt_sgemm_f32_f32_f32_f32_f32_64x128x16_1x1x1_3_tnn_align1_bias_f32_relu
:BasicsTransformerLM.layers.27.ffn,PushPop,30,30,2,2,720804,360402.0,360402.0,360290,360514,158.4,cutlass3x_sm100_simt_sgemm_f32_f32_f32_f32_f32_64x32x16_1x1x1_3_tnn_align1_bias_f32_relu
:BasicsTransformerLM.layers.27.ffn,PushPop,30,30,2,4,25408,6352.0,6304.0,5536,7264,895.4,"void at::native::vectorized_elementwise_kernel<(int)4, at::native::BinaryFunctor<float, float, float, at::native::binary_internal::MulFunctor<float>>, std::array<char *, (unsigned long)3>>(int, T2, T3)"
:BasicsTransformerLM.layers.27.ffn,PushPop,30,30,2,2,11616,5808.0,5808.0,5728,5888,113.1,"void at::native::vectorized_elementwise_kernel<(int)4, at::native::sigmoid_kernel_cuda(at::TensorIteratorBase &)::[lambda() (instance 2)]::operator ()() const::[lambda() (instance 2)]::operator ()() const::[lambda(float) (instance 1)], std::array<char *, (unsigned long)2>>(int, T2, T3)"
:BasicsTransformerLM.layers.27.ffn.w1,PushPop,30,30,2,2,625284,312642.0,312642.0,312610,312674,45.3,cutlass3x_sm100_simt_sgemm_f32_f32_f32_f32_f32_64x128x16_1x1x1_3_tnn_align1_bias_f32_relu
:BasicsTransformerLM.layers.27.ffn.w2,PushPop,30,30,2,2,720804,360402.0,360402.0,360290,360514,158.4,cutlass3x_sm100_simt_sgemm_f32_f32_f32_f32_f32_64x32x16_1x1x1_3_tnn_align1_bias_f32_relu
:BasicsTransformerLM.layers.27.ffn.w3,PushPop,30,30,2,2,624034,312017.0,312017.0,311937,312097,113.1,cutlass3x_sm100_simt_sgemm_f32_f32_f32_f32_f32_64x128x16_1x1x1_3_tnn_align1_bias_f32_relu
:BasicsTransformerLM.layers.27.ln1,PushPop,30,30,2,4,18752,4688.0,4656.0,4608,4832,99.5,"void at::native::elementwise_kernel<(int)128, (int)2, void at::native::gpu_kernel_impl_nocast<at::native::BinaryFunctor<float, float, float, at::native::binary_internal::MulFunctor<float>>>(at::TensorIteratorBase &, const T1 &)::[lambda(int) (instance 1)]>(int, T3)"
:BasicsTransformerLM.layers.27.ln1,PushPop,30,30,2,2,11904,5952.0,5952.0,5952,5952,0.0,"void at::native::reduce_kernel<(int)512, (int)1, at::native::ReduceOp<float, at::native::MeanOps<float, float, float, float>, unsigned int, float, (int)4, (int)4>>(T3)"
:BasicsTransformerLM.layers.27.ln1,PushPop,30,30,2,2,4896,2448.0,2448.0,2400,2496,67.9,"void at::native::vectorized_elementwise_kernel<(int)4, void at::native::<unnamed>::pow_tensor_scalar_kernel_impl<float, float>(at::TensorIteratorBase &, T2)::[lambda(float) (instance 1)], std::array<char *, (unsigned long)2>>(int, T2, T3)"
:BasicsTransformerLM.layers.27.ln1,PushPop,30,30,2,2,2912,1456.0,1456.0,1440,1472,22.6,"void at::native::vectorized_elementwise_kernel<(int)4, at::native::CUDAFunctorOnSelf_add<float>, std::array<char *, (unsigned long)2>>(int, T2, T3)"
:BasicsTransformerLM.layers.27.ln1,PushPop,30,30,2,2,2496,1248.0,1248.0,1248,1248,0.0,"void at::native::vectorized_elementwise_kernel<(int)4, at::native::rsqrt_kernel_cuda(at::TensorIteratorBase &)::[lambda() (instance 2)]::operator ()() const::[lambda() (instance 2)]::operator ()() const::[lambda(float) (instance 1)], std::array<char *, (unsigned long)2>>(int, T2, T3)"
:BasicsTransformerLM.layers.27.ln2,PushPop,30,30,2,4,18688,4672.0,4656.0,4608,4768,69.1,"void at::native::elementwise_kernel<(int)128, (int)2, void at::native::gpu_kernel_impl_nocast<at::native::BinaryFunctor<float, float, float, at::native::binary_internal::MulFunctor<float>>>(at::TensorIteratorBase &, const T1 &)::[lambda(int) (instance 1)]>(int, T3)"
:BasicsTransformerLM.layers.27.ln2,PushPop,30,30,2,2,11936,5968.0,5968.0,5952,5984,22.6,"void at::native::reduce_kernel<(int)512, (int)1, at::native::ReduceOp<float, at::native::MeanOps<float, float, float, float>, unsigned int, float, (int)4, (int)4>>(T3)"
:BasicsTransformerLM.layers.27.ln2,PushPop,30,30,2,2,4960,2480.0,2480.0,2464,2496,22.6,"void at::native::vectorized_elementwise_kernel<(int)4, void at::native::<unnamed>::pow_tensor_scalar_kernel_impl<float, float>(at::TensorIteratorBase &, T2)::[lambda(float) (instance 1)], std::array<char *, (unsigned long)2>>(int, T2, T3)"
:BasicsTransformerLM.layers.27.ln2,PushPop,30,30,2,2,2944,1472.0,1472.0,1472,1472,0.0,"void at::native::vectorized_elementwise_kernel<(int)4, at::native::CUDAFunctorOnSelf_add<float>, std::array<char *, (unsigned long)2>>(int, T2, T3)"
:BasicsTransformerLM.layers.27.ln2,PushPop,30,30,2,2,2592,1296.0,1296.0,1152,1440,203.6,"void at::native::vectorized_elementwise_kernel<(int)4, at::native::rsqrt_kernel_cuda(at::TensorIteratorBase &)::[lambda() (instance 2)]::operator ()() const::[lambda() (instance 2)]::operator ()() const::[lambda(float) (instance 1)], std::array<char *, (unsigned long)2>>(int, T2, T3)"
:BasicsTransformerLM.layers.28,PushPop,30,30,2,10,1471080,147108.0,93777.0,93473,360290,112340.4,cutlass3x_sm100_simt_sgemm_f32_f32_f32_f32_f32_64x32x16_1x1x1_3_tnn_align1_bias_f32_relu
:BasicsTransformerLM.layers.28,PushPop,30,30,2,4,1250150,312537.5,312545.5,312130,312929,434.6,cutlass3x_sm100_simt_sgemm_f32_f32_f32_f32_f32_64x128x16_1x1x1_3_tnn_align1_bias_f32_relu
:BasicsTransformerLM.layers.28,PushPop,30,30,2,24,91648,3818.7,3488.0,3104,4736,624.4,"void at::native::elementwise_kernel<(int)128, (int)2, void at::native::gpu_kernel_impl_nocast<at::native::BinaryFunctor<float, float, float, at::native::binary_internal::MulFunctor<float>>>(at::TensorIteratorBase &, const T1 &)::[lambda(int) (instance 1)]>(int, T3)"
:BasicsTransformerLM.layers.28,PushPop,30,30,2,2,53920,26960.0,26960.0,26880,27040,113.1,cutlass3x_sm100_simt_sgemm_f32_f32_f32_f32_f32_128x64x16_1x1x1_3_tnn_align1_bias_f32_relu
:BasicsTransformerLM.layers.28,PushPop,30,30,2,2,42400,21200.0,21200.0,21184,21216,22.6,cutlass3x_sm100_simt_sgemm_f32_f32_f32_f32_f32_64x32x16_1x1x1_3_nnn_align1_bias_f32_relu
:BasicsTransformerLM.layers.28,PushPop,30,30,2,4,36256,9064.0,9056.0,8960,9184,91.9,"void at::native::<unnamed>::CatArrayBatchedCopy<at::native::<unnamed>::OpaqueType<(unsigned int)4>, unsigned int, (int)4, (int)64, (int)64>(T1 *, at::native::<unnamed>::CatArrInputTensorMetadata<T1, T2, T4, T5>, at::native::<unnamed>::TensorSizeStride<T2, (unsigned int)4>, int, T2)"
:BasicsTransformerLM.layers.28,PushPop,30,30,2,12,30784,2565.3,2112.0,2016,3648,706.5,"void at::native::vectorized_elementwise_kernel<(int)4, at::native::CUDAFunctor_add<float>, std::array<char *, (unsigned long)3>>(int, T2, T3)"
:BasicsTransformerLM.layers.28,PushPop,30,30,2,2,30304,15152.0,15152.0,15136,15168,22.6,"void at::native::elementwise_kernel<(int)128, (int)2, void at::native::gpu_kernel_impl_nocast<at::native::BinaryFunctor<float, float, float, at::native::binary_internal::DivFunctor<float>>>(at::TensorIteratorBase &, const T1 &)::[lambda(int) (instance 1)]>(int, T3)"
:BasicsTransformerLM.layers.28,PushPop,30,30,2,2,26336,13168.0,13168.0,13120,13216,67.9,"void at::native::reduce_kernel<(int)512, (int)1, at::native::ReduceOp<float, at::native::MaxOps<float>, unsigned int, float, (int)4, (int)4>>(T3)"
:BasicsTransformerLM.layers.28,PushPop,30,30,2,2,25952,12976.0,12976.0,12960,12992,22.6,"void at::native::elementwise_kernel<(int)128, (int)2, void at::native::gpu_kernel_impl_nocast<at::native::<unnamed>::where_kernel_impl(at::TensorIterator &)::[lambda() (instance 1)]::operator ()() const::[lambda() (instance 11)]::operator ()() const::[lambda(bool, float, float) (instance 1)]>(at::TensorIteratorBase &, const T1 &)::[lambda(int) (instance 1)]>(int, T3)"
:BasicsTransformerLM.layers.28,PushPop,30,30,2,4,25824,6456.0,6432.0,5728,7232,823.9,"void at::native::vectorized_elementwise_kernel<(int)4, at::native::BinaryFunctor<float, float, float, at::native::binary_internal::MulFunctor<float>>, std::array<char *, (unsigned long)3>>(int, T2, T3)"
:BasicsTransformerLM.layers.28,PushPop,30,30,2,2,25537,12768.5,12768.5,12704,12833,91.2,"void at::native::elementwise_kernel<(int)128, (int)2, void at::native::gpu_kernel_impl_nocast<at::native::CUDAFunctor_add<float>>(at::TensorIteratorBase &, const T1 &)::[lambda(int) (instance 1)]>(int, T3)"
:BasicsTransformerLM.layers.28,PushPop,30,30,2,4,23776,5944.0,5936.0,5920,5984,30.6,"void at::native::reduce_kernel<(int)512, (int)1, at::native::ReduceOp<float, at::native::MeanOps<float, float, float, float>, unsigned int, float, (int)4, (int)4>>(T3)"
:BasicsTransformerLM.layers.28,PushPop,30,30,2,4,22144,5536.0,5520.0,4608,6496,1036.3,"void at::native::elementwise_kernel<(int)128, (int)2, void at::native::gpu_kernel_impl_nocast<at::native::direct_copy_kernel_cuda(at::TensorIteratorBase &)::[lambda() (instance 3)]::operator ()() const::[lambda() (instance 7)]::operator ()() const::[lambda(float) (instance 1)]>(at::TensorIteratorBase &, const T1 &)::[lambda(int) (instance 1)]>(int, T3)"
:BasicsTransformerLM.layers.28,PushPop,30,30,2,2,14272,7136.0,7136.0,7008,7264,181.0,"void at::native::reduce_kernel<(int)512, (int)1, at::native::ReduceOp<float, at::native::func_wrapper_t<float, at::native::sum_functor<float, float, float>::operator ()(at::TensorIterator &)::[lambda(float, float) (instance 1)]>, unsigned int, float, (int)4, (int)4>>(T3)"
:BasicsTransformerLM.layers.28,PushPop,30,30,2,2,11648,5824.0,5824.0,5760,5888,90.5,"void at::native::vectorized_elementwise_kernel<(int)4, at::native::sigmoid_kernel_cuda(at::TensorIteratorBase &)::[lambda() (instance 2)]::operator ()() const::[lambda() (instance 2)]::operator ()() const::[lambda(float) (instance 1)], std::array<char *, (unsigned long)2>>(int, T2, T3)"
:BasicsTransformerLM.layers.28,PushPop,30,30,2,2,10272,5136.0,5136.0,5120,5152,22.6,"void at::native::vectorized_elementwise_kernel<(int)4, at::native::exp_kernel_cuda(at::TensorIteratorBase &)::[lambda() (instance 2)]::operator ()() const::[lambda() (instance 2)]::operator ()() const::[lambda(float) (instance 1)], std::array<char *, (unsigned long)2>>(int, T2, T3)"
:BasicsTransformerLM.layers.28,PushPop,30,30,2,2,9984,4992.0,4992.0,4960,5024,45.3,"void at::native::vectorized_elementwise_kernel<(int)4, at::native::BUnaryFunctor<float, float, float, at::native::binary_internal::MulFunctor<float>>, std::array<char *, (unsigned long)2>>(int, T2, T3)"
:BasicsTransformerLM.layers.28,PushPop,30,30,2,4,9568,2392.0,2400.0,2336,2432,48.0,"void at::native::vectorized_elementwise_kernel<(int)4, void at::native::<unnamed>::pow_tensor_scalar_kernel_impl<float, float>(at::TensorIteratorBase &, T2)::[lambda(float) (instance 1)], std::array<char *, (unsigned long)2>>(int, T2, T3)"
:BasicsTransformerLM.layers.28,PushPop,30,30,2,4,5216,1304.0,1248.0,1088,1632,232.8,"void at::native::vectorized_elementwise_kernel<(int)4, at::native::CUDAFunctorOnSelf_add<float>, std::array<char *, (unsigned long)2>>(int, T2, T3)"
:BasicsTransformerLM.layers.28,PushPop,30,30,2,2,5056,2528.0,2528.0,2432,2624,135.8,"void at::native::elementwise_kernel<(int)128, (int)4, void at::native::gpu_kernel_impl_nocast<at::native::<unnamed>::CompareFunctor<long>>(at::TensorIteratorBase &, const T1 &)::[lambda(int) (instance 1)]>(int, T3)"
:BasicsTransformerLM.layers.28,PushPop,30,30,2,4,4832,1208.0,1168.0,1056,1440,164.0,"void at::native::vectorized_elementwise_kernel<(int)4, at::native::rsqrt_kernel_cuda(at::TensorIteratorBase &)::[lambda() (instance 2)]::operator ()() const::[lambda() (instance 2)]::operator ()() const::[lambda(float) (instance 1)], std::array<char *, (unsigned long)2>>(int, T2, T3)"
:BasicsTransformerLM.layers.28,PushPop,30,30,2,2,1888,944.0,944.0,864,1024,113.1,"void at::native::vectorized_elementwise_kernel<(int)4, at::native::FillFunctor<float>, std::array<char *, (unsigned long)1>>(int, T2, T3)"
:BasicsTransformerLM.layers.28,PushPop,30,30,2,2,1760,880.0,880.0,832,928,67.9,"void <unnamed>::elementwise_kernel_with_index<int, at::native::arange_cuda_out(const c10::Scalar &, const c10::Scalar &, const c10::Scalar &, at::Tensor &)::[lambda() (instance 1)]::operator ()() const::[lambda() (instance 4)]::operator ()() const::[lambda(long) (instance 1)]>(T1, T2, function_traits<T2>::result_type *)"
:BasicsTransformerLM.layers.28.attn,PushPop,30,30,2,8,750564,93820.5,93696.5,93473,94432,376.2,cutlass3x_sm100_simt_sgemm_f32_f32_f32_f32_f32_64x32x16_1x1x1_3_tnn_align1_bias_f32_relu
:BasicsTransformerLM.layers.28.attn,PushPop,30,30,2,16,54432,3402.0,3424.0,3104,3840,197.2,"void at::native::elementwise_kernel<(int)128, (int)2, void at::native::gpu_kernel_impl_nocast<at::native::BinaryFunctor<float, float, float, at::native::binary_internal::MulFunctor<float>>>(at::TensorIteratorBase &, const T1 &)::[lambda(int) (instance 1)]>(int, T3)"
:BasicsTransformerLM.layers.28.attn,PushPop,30,30,2,2,53920,26960.0,26960.0,26880,27040,113.1,cutlass3x_sm100_simt_sgemm_f32_f32_f32_f32_f32_128x64x16_1x1x1_3_tnn_align1_bias_f32_relu
:BasicsTransformerLM.layers.28.attn,PushPop,30,30,2,2,42400,21200.0,21200.0,21184,21216,22.6,cutlass3x_sm100_simt_sgemm_f32_f32_f32_f32_f32_64x32x16_1x1x1_3_nnn_align1_bias_f32_relu
:BasicsTransformerLM.layers.28.attn,PushPop,30,30,2,4,36256,9064.0,9056.0,8960,9184,91.9,"void at::native::<unnamed>::CatArrayBatchedCopy<at::native::<unnamed>::OpaqueType<(unsigned int)4>, unsigned int, (int)4, (int)64, (int)64>(T1 *, at::native::<unnamed>::CatArrInputTensorMetadata<T1, T2, T4, T5>, at::native::<unnamed>::TensorSizeStride<T2, (unsigned int)4>, int, T2)"
:BasicsTransformerLM.layers.28.attn,PushPop,30,30,2,2,30304,15152.0,15152.0,15136,15168,22.6,"void at::native::elementwise_kernel<(int)128, (int)2, void at::native::gpu_kernel_impl_nocast<at::native::BinaryFunctor<float, float, float, at::native::binary_internal::DivFunctor<float>>>(at::TensorIteratorBase &, const T1 &)::[lambda(int) (instance 1)]>(int, T3)"
:BasicsTransformerLM.layers.28.attn,PushPop,30,30,2,2,26336,13168.0,13168.0,13120,13216,67.9,"void at::native::reduce_kernel<(int)512, (int)1, at::native::ReduceOp<float, at::native::MaxOps<float>, unsigned int, float, (int)4, (int)4>>(T3)"
:BasicsTransformerLM.layers.28.attn,PushPop,30,30,2,2,25952,12976.0,12976.0,12960,12992,22.6,"void at::native::elementwise_kernel<(int)128, (int)2, void at::native::gpu_kernel_impl_nocast<at::native::<unnamed>::where_kernel_impl(at::TensorIterator &)::[lambda() (instance 1)]::operator ()() const::[lambda() (instance 11)]::operator ()() const::[lambda(bool, float, float) (instance 1)]>(at::TensorIteratorBase &, const T1 &)::[lambda(int) (instance 1)]>(int, T3)"
:BasicsTransformerLM.layers.28.attn,PushPop,30,30,2,2,25537,12768.5,12768.5,12704,12833,91.2,"void at::native::elementwise_kernel<(int)128, (int)2, void at::native::gpu_kernel_impl_nocast<at::native::CUDAFunctor_add<float>>(at::TensorIteratorBase &, const T1 &)::[lambda(int) (instance 1)]>(int, T3)"
:BasicsTransformerLM.layers.28.attn,PushPop,30,30,2,4,22144,5536.0,5520.0,4608,6496,1036.3,"void at::native::elementwise_kernel<(int)128, (int)2, void at::native::gpu_kernel_impl_nocast<at::native::direct_copy_kernel_cuda(at::TensorIteratorBase &)::[lambda() (instance 3)]::operator ()() const::[lambda() (instance 7)]::operator ()() const::[lambda(float) (instance 1)]>(at::TensorIteratorBase &, const T1 &)::[lambda(int) (instance 1)]>(int, T3)"
:BasicsTransformerLM.layers.28.attn,PushPop,30,30,2,8,16736,2092.0,2096.0,2016,2208,61.5,"void at::native::vectorized_elementwise_kernel<(int)4, at::native::CUDAFunctor_add<float>, std::array<char *, (unsigned long)3>>(int, T2, T3)"
:BasicsTransformerLM.layers.28.attn,PushPop,30,30,2,2,14272,7136.0,7136.0,7008,7264,181.0,"void at::native::reduce_kernel<(int)512, (int)1, at::native::ReduceOp<float, at::native::func_wrapper_t<float, at::native::sum_functor<float, float, float>::operator ()(at::TensorIterator &)::[lambda(float, float) (instance 1)]>, unsigned int, float, (int)4, (int)4>>(T3)"
:BasicsTransformerLM.layers.28.attn,PushPop,30,30,2,2,10272,5136.0,5136.0,5120,5152,22.6,"void at::native::vectorized_elementwise_kernel<(int)4, at::native::exp_kernel_cuda(at::TensorIteratorBase &)::[lambda() (instance 2)]::operator ()() const::[lambda() (instance 2)]::operator ()() const::[lambda(float) (instance 1)], std::array<char *, (unsigned long)2>>(int, T2, T3)"
:BasicsTransformerLM.layers.28.attn,PushPop,30,30,2,2,9984,4992.0,4992.0,4960,5024,45.3,"void at::native::vectorized_elementwise_kernel<(int)4, at::native::BUnaryFunctor<float, float, float, at::native::binary_internal::MulFunctor<float>>, std::array<char *, (unsigned long)2>>(int, T2, T3)"
:BasicsTransformerLM.layers.28.attn,PushPop,30,30,2,2,5056,2528.0,2528.0,2432,2624,135.8,"void at::native::elementwise_kernel<(int)128, (int)4, void at::native::gpu_kernel_impl_nocast<at::native::<unnamed>::CompareFunctor<long>>(at::TensorIteratorBase &, const T1 &)::[lambda(int) (instance 1)]>(int, T3)"
:BasicsTransformerLM.layers.28.attn,PushPop,30,30,2,2,1888,944.0,944.0,864,1024,113.1,"void at::native::vectorized_elementwise_kernel<(int)4, at::native::FillFunctor<float>, std::array<char *, (unsigned long)1>>(int, T2, T3)"
:BasicsTransformerLM.layers.28.attn,PushPop,30,30,2,2,1760,880.0,880.0,832,928,67.9,"void <unnamed>::elementwise_kernel_with_index<int, at::native::arange_cuda_out(const c10::Scalar &, const c10::Scalar &, const c10::Scalar &, at::Tensor &)::[lambda() (instance 1)]::operator ()() const::[lambda() (instance 4)]::operator ()() const::[lambda(long) (instance 1)]>(T1, T2, function_traits<T2>::result_type *)"
:BasicsTransformerLM.layers.28.attn.k_proj,PushPop,30,30,2,2,187232,93616.0,93616.0,93568,93664,67.9,cutlass3x_sm100_simt_sgemm_f32_f32_f32_f32_f32_64x32x16_1x1x1_3_tnn_align1_bias_f32_relu
:BasicsTransformerLM.layers.28.attn.output_proj,PushPop,30,30,2,2,188800,94400.0,94400.0,94368,94432,45.3,cutlass3x_sm100_simt_sgemm_f32_f32_f32_f32_f32_64x32x16_1x1x1_3_tnn_align1_bias_f32_relu
:BasicsTransformerLM.layers.28.attn.q_proj,PushPop,30,30,2,2,187234,93617.0,93617.0,93505,93729,158.4,cutlass3x_sm100_simt_sgemm_f32_f32_f32_f32_f32_64x32x16_1x1x1_3_tnn_align1_bias_f32_relu
:BasicsTransformerLM.layers.28.attn.v_proj,PushPop,30,30,2,2,187298,93649.0,93649.0,93473,93825,248.9,cutlass3x_sm100_simt_sgemm_f32_f32_f32_f32_f32_64x32x16_1x1x1_3_tnn_align1_bias_f32_relu
:BasicsTransformerLM.layers.28.ffn,PushPop,30,30,2,4,1250150,312537.5,312545.5,312130,312929,434.6,cutlass3x_sm100_simt_sgemm_f32_f32_f32_f32_f32_64x128x16_1x1x1_3_tnn_align1_bias_f32_relu
:BasicsTransformerLM.layers.28.ffn,PushPop,30,30,2,2,720516,360258.0,360258.0,360226,360290,45.3,cutlass3x_sm100_simt_sgemm_f32_f32_f32_f32_f32_64x32x16_1x1x1_3_tnn_align1_bias_f32_relu
:BasicsTransformerLM.layers.28.ffn,PushPop,30,30,2,4,25824,6456.0,6432.0,5728,7232,823.9,"void at::native::vectorized_elementwise_kernel<(int)4, at::native::BinaryFunctor<float, float, float, at::native::binary_internal::MulFunctor<float>>, std::array<char *, (unsigned long)3>>(int, T2, T3)"
:BasicsTransformerLM.layers.28.ffn,PushPop,30,30,2,2,11648,5824.0,5824.0,5760,5888,90.5,"void at::native::vectorized_elementwise_kernel<(int)4, at::native::sigmoid_kernel_cuda(at::TensorIteratorBase &)::[lambda() (instance 2)]::operator ()() const::[lambda() (instance 2)]::operator ()() const::[lambda(float) (instance 1)], std::array<char *, (unsigned long)2>>(int, T2, T3)"
:BasicsTransformerLM.layers.28.ffn.w1,PushPop,30,30,2,2,625826,312913.0,312913.0,312897,312929,22.6,cutlass3x_sm100_simt_sgemm_f32_f32_f32_f32_f32_64x128x16_1x1x1_3_tnn_align1_bias_f32_relu
:BasicsTransformerLM.layers.28.ffn.w2,PushPop,30,30,2,2,720516,360258.0,360258.0,360226,360290,45.3,cutlass3x_sm100_simt_sgemm_f32_f32_f32_f32_f32_64x32x16_1x1x1_3_tnn_align1_bias_f32_relu
:BasicsTransformerLM.layers.28.ffn.w3,PushPop,30,30,2,2,624324,312162.0,312162.0,312130,312194,45.3,cutlass3x_sm100_simt_sgemm_f32_f32_f32_f32_f32_64x128x16_1x1x1_3_tnn_align1_bias_f32_relu
:BasicsTransformerLM.layers.28.ln1,PushPop,30,30,2,4,18336,4584.0,4576.0,4512,4672,66.0,"void at::native::elementwise_kernel<(int)128, (int)2, void at::native::gpu_kernel_impl_nocast<at::native::BinaryFunctor<float, float, float, at::native::binary_internal::MulFunctor<float>>>(at::TensorIteratorBase &, const T1 &)::[lambda(int) (instance 1)]>(int, T3)"
:BasicsTransformerLM.layers.28.ln1,PushPop,30,30,2,2,11872,5936.0,5936.0,5920,5952,22.6,"void at::native::reduce_kernel<(int)512, (int)1, at::native::ReduceOp<float, at::native::MeanOps<float, float, float, float>, unsigned int, float, (int)4, (int)4>>(T3)"
:BasicsTransformerLM.layers.28.ln1,PushPop,30,30,2,2,4704,2352.0,2352.0,2336,2368,22.6,"void at::native::vectorized_elementwise_kernel<(int)4, void at::native::<unnamed>::pow_tensor_scalar_kernel_impl<float, float>(at::TensorIteratorBase &, T2)::[lambda(float) (instance 1)], std::array<char *, (unsigned long)2>>(int, T2, T3)"
:BasicsTransformerLM.layers.28.ln1,PushPop,30,30,2,2,2720,1360.0,1360.0,1088,1632,384.7,"void at::native::vectorized_elementwise_kernel<(int)4, at::native::CUDAFunctorOnSelf_add<float>, std::array<char *, (unsigned long)2>>(int, T2, T3)"
:BasicsTransformerLM.layers.28.ln1,PushPop,30,30,2,2,2240,1120.0,1120.0,1056,1184,90.5,"void at::native::vectorized_elementwise_kernel<(int)4, at::native::rsqrt_kernel_cuda(at::TensorIteratorBase &)::[lambda() (instance 2)]::operator ()() const::[lambda() (instance 2)]::operator ()() const::[lambda(float) (instance 1)], std::array<char *, (unsigned long)2>>(int, T2, T3)"
:BasicsTransformerLM.layers.28.ln2,PushPop,30,30,2,4,18880,4720.0,4720.0,4704,4736,18.5,"void at::native::elementwise_kernel<(int)128, (int)2, void at::native::gpu_kernel_impl_nocast<at::native::BinaryFunctor<float, float, float, at::native::binary_internal::MulFunctor<float>>>(at::TensorIteratorBase &, const T1 &)::[lambda(int) (instance 1)]>(int, T3)"
:BasicsTransformerLM.layers.28.ln2,PushPop,30,30,2,2,11904,5952.0,5952.0,5920,5984,45.3,"void at::native::reduce_kernel<(int)512, (int)1, at::native::ReduceOp<float, at::native::MeanOps<float, float, float, float>, unsigned int, float, (int)4, (int)4>>(T3)"
:BasicsTransformerLM.layers.28.ln2,PushPop,30,30,2,2,4864,2432.0,2432.0,2432,2432,0.0,"void at::native::vectorized_elementwise_kernel<(int)4, void at::native::<unnamed>::pow_tensor_scalar_kernel_impl<float, float>(at::TensorIteratorBase &, T2)::[lambda(float) (instance 1)], std::array<char *, (unsigned long)2>>(int, T2, T3)"
:BasicsTransformerLM.layers.28.ln2,PushPop,30,30,2,2,2592,1296.0,1296.0,1152,1440,203.6,"void at::native::vectorized_elementwise_kernel<(int)4, at::native::rsqrt_kernel_cuda(at::TensorIteratorBase &)::[lambda() (instance 2)]::operator ()() const::[lambda() (instance 2)]::operator ()() const::[lambda(float) (instance 1)], std::array<char *, (unsigned long)2>>(int, T2, T3)"
:BasicsTransformerLM.layers.28.ln2,PushPop,30,30,2,2,2496,1248.0,1248.0,1216,1280,45.3,"void at::native::vectorized_elementwise_kernel<(int)4, at::native::CUDAFunctorOnSelf_add<float>, std::array<char *, (unsigned long)2>>(int, T2, T3)"
:BasicsTransformerLM.layers.29,PushPop,30,30,2,10,1471208,147120.8,93760.5,93505,360258,112291.7,cutlass3x_sm100_simt_sgemm_f32_f32_f32_f32_f32_64x32x16_1x1x1_3_tnn_align1_bias_f32_relu
:BasicsTransformerLM.layers.29,PushPop,30,30,2,4,1250534,312633.5,312545.5,312386,313057,293.4,cutlass3x_sm100_simt_sgemm_f32_f32_f32_f32_f32_64x128x16_1x1x1_3_tnn_align1_bias_f32_relu
:BasicsTransformerLM.layers.29,PushPop,30,30,2,24,93313,3888.0,3520.0,3104,4800,619.4,"void at::native::elementwise_kernel<(int)128, (int)2, void at::native::gpu_kernel_impl_nocast<at::native::BinaryFunctor<float, float, float, at::native::binary_internal::MulFunctor<float>>>(at::TensorIteratorBase &, const T1 &)::[lambda(int) (instance 1)]>(int, T3)"
:BasicsTransformerLM.layers.29,PushPop,30,30,2,2,53600,26800.0,26800.0,26688,26912,158.4,cutlass3x_sm100_simt_sgemm_f32_f32_f32_f32_f32_128x64x16_1x1x1_3_tnn_align1_bias_f32_relu
:BasicsTransformerLM.layers.29,PushPop,30,30,2,2,42240,21120.0,21120.0,21120,21120,0.0,cutlass3x_sm100_simt_sgemm_f32_f32_f32_f32_f32_64x32x16_1x1x1_3_nnn_align1_bias_f32_relu
:BasicsTransformerLM.layers.29,PushPop,30,30,2,4,36256,9064.0,9056.0,8928,9216,157.6,"void at::native::<unnamed>::CatArrayBatchedCopy<at::native::<unnamed>::OpaqueType<(unsigned int)4>, unsigned int, (int)4, (int)64, (int)64>(T1 *, at::native::<unnamed>::CatArrInputTensorMetadata<T1, T2, T4, T5>, at::native::<unnamed>::TensorSizeStride<T2, (unsigned int)4>, int, T2)"
:BasicsTransformerLM.layers.29,PushPop,30,30,2,2,30496,15248.0,15248.0,15168,15328,113.1,"void at::native::elementwise_kernel<(int)128, (int)2, void at::native::gpu_kernel_impl_nocast<at::native::BinaryFunctor<float, float, float, at::native::binary_internal::DivFunctor<float>>>(at::TensorIteratorBase &, const T1 &)::[lambda(int) (instance 1)]>(int, T3)"
:BasicsTransformerLM.layers.29,PushPop,30,30,2,12,30400,2533.3,2080.0,1984,3680,715.5,"void at::native::vectorized_elementwise_kernel<(int)4, at::native::CUDAFunctor_add<float>, std::array<char *, (unsigned long)3>>(int, T2, T3)"
:BasicsTransformerLM.layers.29,PushPop,30,30,2,2,26240,13120.0,13120.0,13088,13152,45.3,"void at::native::reduce_kernel<(int)512, (int)1, at::native::ReduceOp<float, at::native::MaxOps<float>, unsigned int, float, (int)4, (int)4>>(T3)"
:BasicsTransformerLM.layers.29,PushPop,30,30,2,2,26112,13056.0,13056.0,13024,13088,45.3,"void at::native::elementwise_kernel<(int)128, (int)2, void at::native::gpu_kernel_impl_nocast<at::native::<unnamed>::where_kernel_impl(at::TensorIterator &)::[lambda() (instance 1)]::operator ()() const::[lambda() (instance 11)]::operator ()() const::[lambda(bool, float, float) (instance 1)]>(at::TensorIteratorBase &, const T1 &)::[lambda(int) (instance 1)]>(int, T3)"
:BasicsTransformerLM.layers.29,PushPop,30,30,2,4,25504,6376.0,6352.0,5664,7136,823.1,"void at::native::vectorized_elementwise_kernel<(int)4, at::native::BinaryFunctor<float, float, float, at::native::binary_internal::MulFunctor<float>>, std::array<char *, (unsigned long)3>>(int, T2, T3)"
:BasicsTransformerLM.layers.29,PushPop,30,30,2,2,25344,12672.0,12672.0,12672,12672,0.0,"void at::native::elementwise_kernel<(int)128, (int)2, void at::native::gpu_kernel_impl_nocast<at::native::CUDAFunctor_add<float>>(at::TensorIteratorBase &, const T1 &)::[lambda(int) (instance 1)]>(int, T3)"
:BasicsTransformerLM.layers.29,PushPop,30,30,2,4,23904,5976.0,5984.0,5952,5984,16.0,"void at::native::reduce_kernel<(int)512, (int)1, at::native::ReduceOp<float, at::native::MeanOps<float, float, float, float>, unsigned int, float, (int)4, (int)4>>(T3)"
:BasicsTransformerLM.layers.29,PushPop,30,30,2,4,22368,5592.0,5552.0,4640,6624,1066.6,"void at::native::elementwise_kernel<(int)128, (int)2, void at::native::gpu_kernel_impl_nocast<at::native::direct_copy_kernel_cuda(at::TensorIteratorBase &)::[lambda() (instance 3)]::operator ()() const::[lambda() (instance 7)]::operator ()() const::[lambda(float) (instance 1)]>(at::TensorIteratorBase &, const T1 &)::[lambda(int) (instance 1)]>(int, T3)"
:BasicsTransformerLM.layers.29,PushPop,30,30,2,2,14016,7008.0,7008.0,6976,7040,45.3,"void at::native::reduce_kernel<(int)512, (int)1, at::native::ReduceOp<float, at::native::func_wrapper_t<float, at::native::sum_functor<float, float, float>::operator ()(at::TensorIterator &)::[lambda(float, float) (instance 1)]>, unsigned int, float, (int)4, (int)4>>(T3)"
:BasicsTransformerLM.layers.29,PushPop,30,30,2,2,11456,5728.0,5728.0,5728,5728,0.0,"void at::native::vectorized_elementwise_kernel<(int)4, at::native::sigmoid_kernel_cuda(at::TensorIteratorBase &)::[lambda() (instance 2)]::operator ()() const::[lambda() (instance 2)]::operator ()() const::[lambda(float) (instance 1)], std::array<char *, (unsigned long)2>>(int, T2, T3)"
:BasicsTransformerLM.layers.29,PushPop,30,30,2,2,10304,5152.0,5152.0,5152,5152,0.0,"void at::native::vectorized_elementwise_kernel<(int)4, at::native::exp_kernel_cuda(at::TensorIteratorBase &)::[lambda() (instance 2)]::operator ()() const::[lambda() (instance 2)]::operator ()() const::[lambda(float) (instance 1)], std::array<char *, (unsigned long)2>>(int, T2, T3)"
:BasicsTransformerLM.layers.29,PushPop,30,30,2,2,9952,4976.0,4976.0,4960,4992,22.6,"void at::native::vectorized_elementwise_kernel<(int)4, at::native::BUnaryFunctor<float, float, float, at::native::binary_internal::MulFunctor<float>>, std::array<char *, (unsigned long)2>>(int, T2, T3)"
:BasicsTransformerLM.layers.29,PushPop,30,30,2,4,9792,2448.0,2448.0,2432,2464,18.5,"void at::native::vectorized_elementwise_kernel<(int)4, void at::native::<unnamed>::pow_tensor_scalar_kernel_impl<float, float>(at::TensorIteratorBase &, T2)::[lambda(float) (instance 1)], std::array<char *, (unsigned long)2>>(int, T2, T3)"
:BasicsTransformerLM.layers.29,PushPop,30,30,2,4,5760,1440.0,1472.0,1344,1472,64.0,"void at::native::vectorized_elementwise_kernel<(int)4, at::native::CUDAFunctorOnSelf_add<float>, std::array<char *, (unsigned long)2>>(int, T2, T3)"
:BasicsTransformerLM.layers.29,PushPop,30,30,2,2,5248,2624.0,2624.0,2528,2720,135.8,"void at::native::elementwise_kernel<(int)128, (int)4, void at::native::gpu_kernel_impl_nocast<at::native::<unnamed>::CompareFunctor<long>>(at::TensorIteratorBase &, const T1 &)::[lambda(int) (instance 1)]>(int, T3)"
:BasicsTransformerLM.layers.29,PushPop,30,30,2,4,4896,1224.0,1232.0,1184,1248,30.6,"void at::native::vectorized_elementwise_kernel<(int)4, at::native::rsqrt_kernel_cuda(at::TensorIteratorBase &)::[lambda() (instance 2)]::operator ()() const::[lambda() (instance 2)]::operator ()() const::[lambda(float) (instance 1)], std::array<char *, (unsigned long)2>>(int, T2, T3)"
:BasicsTransformerLM.layers.29,PushPop,30,30,2,2,2048,1024.0,1024.0,1024,1024,0.0,"void at::native::vectorized_elementwise_kernel<(int)4, at::native::FillFunctor<float>, std::array<char *, (unsigned long)1>>(int, T2, T3)"
:BasicsTransformerLM.layers.29,PushPop,30,30,2,2,1600,800.0,800.0,704,896,135.8,"void <unnamed>::elementwise_kernel_with_index<int, at::native::arange_cuda_out(const c10::Scalar &, const c10::Scalar &, const c10::Scalar &, at::Tensor &)::[lambda() (instance 1)]::operator ()() const::[lambda() (instance 4)]::operator ()() const::[lambda(long) (instance 1)]>(T1, T2, function_traits<T2>::result_type *)"
:BasicsTransformerLM.layers.29.attn,PushPop,30,30,2,8,750852,93856.5,93648.5,93505,94753,430.3,cutlass3x_sm100_simt_sgemm_f32_f32_f32_f32_f32_64x32x16_1x1x1_3_tnn_align1_bias_f32_relu
:BasicsTransformerLM.layers.29.attn,PushPop,30,30,2,16,55649,3478.1,3488.0,3104,4032,219.3,"void at::native::elementwise_kernel<(int)128, (int)2, void at::native::gpu_kernel_impl_nocast<at::native::BinaryFunctor<float, float, float, at::native::binary_internal::MulFunctor<float>>>(at::TensorIteratorBase &, const T1 &)::[lambda(int) (instance 1)]>(int, T3)"
:BasicsTransformerLM.layers.29.attn,PushPop,30,30,2,2,53600,26800.0,26800.0,26688,26912,158.4,cutlass3x_sm100_simt_sgemm_f32_f32_f32_f32_f32_128x64x16_1x1x1_3_tnn_align1_bias_f32_relu
:BasicsTransformerLM.layers.29.attn,PushPop,30,30,2,2,42240,21120.0,21120.0,21120,21120,0.0,cutlass3x_sm100_simt_sgemm_f32_f32_f32_f32_f32_64x32x16_1x1x1_3_nnn_align1_bias_f32_relu
:BasicsTransformerLM.layers.29.attn,PushPop,30,30,2,4,36256,9064.0,9056.0,8928,9216,157.6,"void at::native::<unnamed>::CatArrayBatchedCopy<at::native::<unnamed>::OpaqueType<(unsigned int)4>, unsigned int, (int)4, (int)64, (int)64>(T1 *, at::native::<unnamed>::CatArrInputTensorMetadata<T1, T2, T4, T5>, at::native::<unnamed>::TensorSizeStride<T2, (unsigned int)4>, int, T2)"
:BasicsTransformerLM.layers.29.attn,PushPop,30,30,2,2,30496,15248.0,15248.0,15168,15328,113.1,"void at::native::elementwise_kernel<(int)128, (int)2, void at::native::gpu_kernel_impl_nocast<at::native::BinaryFunctor<float, float, float, at::native::binary_internal::DivFunctor<float>>>(at::TensorIteratorBase &, const T1 &)::[lambda(int) (instance 1)]>(int, T3)"
:BasicsTransformerLM.layers.29.attn,PushPop,30,30,2,2,26240,13120.0,13120.0,13088,13152,45.3,"void at::native::reduce_kernel<(int)512, (int)1, at::native::ReduceOp<float, at::native::MaxOps<float>, unsigned int, float, (int)4, (int)4>>(T3)"
:BasicsTransformerLM.layers.29.attn,PushPop,30,30,2,2,26112,13056.0,13056.0,13024,13088,45.3,"void at::native::elementwise_kernel<(int)128, (int)2, void at::native::gpu_kernel_impl_nocast<at::native::<unnamed>::where_kernel_impl(at::TensorIterator &)::[lambda() (instance 1)]::operator ()() const::[lambda() (instance 11)]::operator ()() const::[lambda(bool, float, float) (instance 1)]>(at::TensorIteratorBase &, const T1 &)::[lambda(int) (instance 1)]>(int, T3)"
:BasicsTransformerLM.layers.29.attn,PushPop,30,30,2,2,25344,12672.0,12672.0,12672,12672,0.0,"void at::native::elementwise_kernel<(int)128, (int)2, void at::native::gpu_kernel_impl_nocast<at::native::CUDAFunctor_add<float>>(at::TensorIteratorBase &, const T1 &)::[lambda(int) (instance 1)]>(int, T3)"
:BasicsTransformerLM.layers.29.attn,PushPop,30,30,2,4,22368,5592.0,5552.0,4640,6624,1066.6,"void at::native::elementwise_kernel<(int)128, (int)2, void at::native::gpu_kernel_impl_nocast<at::native::direct_copy_kernel_cuda(at::TensorIteratorBase &)::[lambda() (instance 3)]::operator ()() const::[lambda() (instance 7)]::operator ()() const::[lambda(float) (instance 1)]>(at::TensorIteratorBase &, const T1 &)::[lambda(int) (instance 1)]>(int, T3)"
:BasicsTransformerLM.layers.29.attn,PushPop,30,30,2,8,16416,2052.0,2064.0,1984,2112,46.6,"void at::native::vectorized_elementwise_kernel<(int)4, at::native::CUDAFunctor_add<float>, std::array<char *, (unsigned long)3>>(int, T2, T3)"
:BasicsTransformerLM.layers.29.attn,PushPop,30,30,2,2,14016,7008.0,7008.0,6976,7040,45.3,"void at::native::reduce_kernel<(int)512, (int)1, at::native::ReduceOp<float, at::native::func_wrapper_t<float, at::native::sum_functor<float, float, float>::operator ()(at::TensorIterator &)::[lambda(float, float) (instance 1)]>, unsigned int, float, (int)4, (int)4>>(T3)"
:BasicsTransformerLM.layers.29.attn,PushPop,30,30,2,2,10304,5152.0,5152.0,5152,5152,0.0,"void at::native::vectorized_elementwise_kernel<(int)4, at::native::exp_kernel_cuda(at::TensorIteratorBase &)::[lambda() (instance 2)]::operator ()() const::[lambda() (instance 2)]::operator ()() const::[lambda(float) (instance 1)], std::array<char *, (unsigned long)2>>(int, T2, T3)"
:BasicsTransformerLM.layers.29.attn,PushPop,30,30,2,2,9952,4976.0,4976.0,4960,4992,22.6,"void at::native::vectorized_elementwise_kernel<(int)4, at::native::BUnaryFunctor<float, float, float, at::native::binary_internal::MulFunctor<float>>, std::array<char *, (unsigned long)2>>(int, T2, T3)"
:BasicsTransformerLM.layers.29.attn,PushPop,30,30,2,2,5248,2624.0,2624.0,2528,2720,135.8,"void at::native::elementwise_kernel<(int)128, (int)4, void at::native::gpu_kernel_impl_nocast<at::native::<unnamed>::CompareFunctor<long>>(at::TensorIteratorBase &, const T1 &)::[lambda(int) (instance 1)]>(int, T3)"
:BasicsTransformerLM.layers.29.attn,PushPop,30,30,2,2,2048,1024.0,1024.0,1024,1024,0.0,"void at::native::vectorized_elementwise_kernel<(int)4, at::native::FillFunctor<float>, std::array<char *, (unsigned long)1>>(int, T2, T3)"
:BasicsTransformerLM.layers.29.attn,PushPop,30,30,2,2,1600,800.0,800.0,704,896,135.8,"void <unnamed>::elementwise_kernel_with_index<int, at::native::arange_cuda_out(const c10::Scalar &, const c10::Scalar &, const c10::Scalar &, at::Tensor &)::[lambda() (instance 1)]::operator ()() const::[lambda() (instance 4)]::operator ()() const::[lambda(long) (instance 1)]>(T1, T2, function_traits<T2>::result_type *)"
:BasicsTransformerLM.layers.29.attn.k_proj,PushPop,30,30,2,2,187170,93585.0,93585.0,93505,93665,113.1,cutlass3x_sm100_simt_sgemm_f32_f32_f32_f32_f32_64x32x16_1x1x1_3_tnn_align1_bias_f32_relu
:BasicsTransformerLM.layers.29.attn.output_proj,PushPop,30,30,2,2,188994,94497.0,94497.0,94241,94753,362.0,cutlass3x_sm100_simt_sgemm_f32_f32_f32_f32_f32_64x32x16_1x1x1_3_tnn_align1_bias_f32_relu
:BasicsTransformerLM.layers.29.attn.q_proj,PushPop,30,30,2,2,187200,93600.0,93600.0,93568,93632,45.3,cutlass3x_sm100_simt_sgemm_f32_f32_f32_f32_f32_64x32x16_1x1x1_3_tnn_align1_bias_f32_relu
:BasicsTransformerLM.layers.29.attn.v_proj,PushPop,30,30,2,2,187488,93744.0,93744.0,93632,93856,158.4,cutlass3x_sm100_simt_sgemm_f32_f32_f32_f32_f32_64x32x16_1x1x1_3_tnn_align1_bias_f32_relu
:BasicsTransformerLM.layers.29.ffn,PushPop,30,30,2,4,1250534,312633.5,312545.5,312386,313057,293.4,cutlass3x_sm100_simt_sgemm_f32_f32_f32_f32_f32_64x128x16_1x1x1_3_tnn_align1_bias_f32_relu
:BasicsTransformerLM.layers.29.ffn,PushPop,30,30,2,2,720356,360178.0,360178.0,360098,360258,113.1,cutlass3x_sm100_simt_sgemm_f32_f32_f32_f32_f32_64x32x16_1x1x1_3_tnn_align1_bias_f32_relu
:BasicsTransformerLM.layers.29.ffn,PushPop,30,30,2,4,25504,6376.0,6352.0,5664,7136,823.1,"void at::native::vectorized_elementwise_kernel<(int)4, at::native::BinaryFunctor<float, float, float, at::native::binary_internal::MulFunctor<float>>, std::array<char *, (unsigned long)3>>(int, T2, T3)"
:BasicsTransformerLM.layers.29.ffn,PushPop,30,30,2,2,11456,5728.0,5728.0,5728,5728,0.0,"void at::native::vectorized_elementwise_kernel<(int)4, at::native::sigmoid_kernel_cuda(at::TensorIteratorBase &)::[lambda() (instance 2)]::operator ()() const::[lambda() (instance 2)]::operator ()() const::[lambda(float) (instance 1)], std::array<char *, (unsigned long)2>>(int, T2, T3)"
:BasicsTransformerLM.layers.29.ffn.w1,PushPop,30,30,2,2,624964,312482.0,312482.0,312386,312578,135.8,cutlass3x_sm100_simt_sgemm_f32_f32_f32_f32_f32_64x128x16_1x1x1_3_tnn_align1_bias_f32_relu
:BasicsTransformerLM.layers.29.ffn.w2,PushPop,30,30,2,2,720356,360178.0,360178.0,360098,360258,113.1,cutlass3x_sm100_simt_sgemm_f32_f32_f32_f32_f32_64x32x16_1x1x1_3_tnn_align1_bias_f32_relu
:BasicsTransformerLM.layers.29.ffn.w3,PushPop,30,30,2,2,625570,312785.0,312785.0,312513,313057,384.7,cutlass3x_sm100_simt_sgemm_f32_f32_f32_f32_f32_64x128x16_1x1x1_3_tnn_align1_bias_f32_relu
:BasicsTransformerLM.layers.29.ln1,PushPop,30,30,2,4,18816,4704.0,4688.0,4672,4768,45.3,"void at::native::elementwise_kernel<(int)128, (int)2, void at::native::gpu_kernel_impl_nocast<at::native::BinaryFunctor<float, float, float, at::native::binary_internal::MulFunctor<float>>>(at::TensorIteratorBase &, const T1 &)::[lambda(int) (instance 1)]>(int, T3)"
:BasicsTransformerLM.layers.29.ln1,PushPop,30,30,2,2,11936,5968.0,5968.0,5952,5984,22.6,"void at::native::reduce_kernel<(int)512, (int)1, at::native::ReduceOp<float, at::native::MeanOps<float, float, float, float>, unsigned int, float, (int)4, (int)4>>(T3)"
:BasicsTransformerLM.layers.29.ln1,PushPop,30,30,2,2,4896,2448.0,2448.0,2432,2464,22.6,"void at::native::vectorized_elementwise_kernel<(int)4, void at::native::<unnamed>::pow_tensor_scalar_kernel_impl<float, float>(at::TensorIteratorBase &, T2)::[lambda(float) (instance 1)], std::array<char *, (unsigned long)2>>(int, T2, T3)"
:BasicsTransformerLM.layers.29.ln1,PushPop,30,30,2,2,2816,1408.0,1408.0,1344,1472,90.5,"void at::native::vectorized_elementwise_kernel<(int)4, at::native::CUDAFunctorOnSelf_add<float>, std::array<char *, (unsigned long)2>>(int, T2, T3)"
:BasicsTransformerLM.layers.29.ln1,PushPop,30,30,2,2,2496,1248.0,1248.0,1248,1248,0.0,"void at::native::vectorized_elementwise_kernel<(int)4, at::native::rsqrt_kernel_cuda(at::TensorIteratorBase &)::[lambda() (instance 2)]::operator ()() const::[lambda() (instance 2)]::operator ()() const::[lambda(float) (instance 1)], std::array<char *, (unsigned long)2>>(int, T2, T3)"
:BasicsTransformerLM.layers.29.ln2,PushPop,30,30,2,4,18848,4712.0,4736.0,4576,4800,95.6,"void at::native::elementwise_kernel<(int)128, (int)2, void at::native::gpu_kernel_impl_nocast<at::native::BinaryFunctor<float, float, float, at::native::binary_internal::MulFunctor<float>>>(at::TensorIteratorBase &, const T1 &)::[lambda(int) (instance 1)]>(int, T3)"
:BasicsTransformerLM.layers.29.ln2,PushPop,30,30,2,2,11968,5984.0,5984.0,5984,5984,0.0,"void at::native::reduce_kernel<(int)512, (int)1, at::native::ReduceOp<float, at::native::MeanOps<float, float, float, float>, unsigned int, float, (int)4, (int)4>>(T3)"
:BasicsTransformerLM.layers.29.ln2,PushPop,30,30,2,2,4896,2448.0,2448.0,2432,2464,22.6,"void at::native::vectorized_elementwise_kernel<(int)4, void at::native::<unnamed>::pow_tensor_scalar_kernel_impl<float, float>(at::TensorIteratorBase &, T2)::[lambda(float) (instance 1)], std::array<char *, (unsigned long)2>>(int, T2, T3)"
:BasicsTransformerLM.layers.29.ln2,PushPop,30,30,2,2,2944,1472.0,1472.0,1472,1472,0.0,"void at::native::vectorized_elementwise_kernel<(int)4, at::native::CUDAFunctorOnSelf_add<float>, std::array<char *, (unsigned long)2>>(int, T2, T3)"
:BasicsTransformerLM.layers.29.ln2,PushPop,30,30,2,2,2400,1200.0,1200.0,1184,1216,22.6,"void at::native::vectorized_elementwise_kernel<(int)4, at::native::rsqrt_kernel_cuda(at::TensorIteratorBase &)::[lambda() (instance 2)]::operator ()() const::[lambda() (instance 2)]::operator ()() const::[lambda(float) (instance 1)], std::array<char *, (unsigned long)2>>(int, T2, T3)"
:BasicsTransformerLM.layers.3,PushPop,30,30,2,10,1466022,146602.2,93408.5,93121,359554,112067.2,cutlass3x_sm100_simt_sgemm_f32_f32_f32_f32_f32_64x32x16_1x1x1_3_tnn_align1_bias_f32_relu
:BasicsTransformerLM.layers.3,PushPop,30,30,2,4,1244390,311097.5,311041.5,310977,311330,158.0,cutlass3x_sm100_simt_sgemm_f32_f32_f32_f32_f32_64x128x16_1x1x1_3_tnn_align1_bias_f32_relu
:BasicsTransformerLM.layers.3,PushPop,30,30,2,24,92129,3838.7,3488.0,3104,4768,612.0,"void at::native::elementwise_kernel<(int)128, (int)2, void at::native::gpu_kernel_impl_nocast<at::native::BinaryFunctor<float, float, float, at::native::binary_internal::MulFunctor<float>>>(at::TensorIteratorBase &, const T1 &)::[lambda(int) (instance 1)]>(int, T3)"
:BasicsTransformerLM.layers.3,PushPop,30,30,2,2,53408,26704.0,26704.0,26688,26720,22.6,cutlass3x_sm100_simt_sgemm_f32_f32_f32_f32_f32_128x64x16_1x1x1_3_tnn_align1_bias_f32_relu
:BasicsTransformerLM.layers.3,PushPop,30,30,2,2,42050,21025.0,21025.0,20993,21057,45.3,cutlass3x_sm100_simt_sgemm_f32_f32_f32_f32_f32_64x32x16_1x1x1_3_nnn_align1_bias_f32_relu
:BasicsTransformerLM.layers.3,PushPop,30,30,2,4,36448,9112.0,9088.0,8928,9344,189.1,"void at::native::<unnamed>::CatArrayBatchedCopy<at::native::<unnamed>::OpaqueType<(unsigned int)4>, unsigned int, (int)4, (int)64, (int)64>(T1 *, at::native::<unnamed>::CatArrInputTensorMetadata<T1, T2, T4, T5>, at::native::<unnamed>::TensorSizeStride<T2, (unsigned int)4>, int, T2)"
:BasicsTransformerLM.layers.3,PushPop,30,30,2,2,30496,15248.0,15248.0,15232,15264,22.6,"void at::native::elementwise_kernel<(int)128, (int)2, void at::native::gpu_kernel_impl_nocast<at::native::BinaryFunctor<float, float, float, at::native::binary_internal::DivFunctor<float>>>(at::TensorIteratorBase &, const T1 &)::[lambda(int) (instance 1)]>(int, T3)"
:BasicsTransformerLM.layers.3,PushPop,30,30,2,12,29280,2440.0,2064.0,1888,3360,653.4,"void at::native::vectorized_elementwise_kernel<(int)4, at::native::CUDAFunctor_add<float>, std::array<char *, (unsigned long)3>>(int, T2, T3)"
:BasicsTransformerLM.layers.3,PushPop,30,30,2,2,26432,13216.0,13216.0,13216,13216,0.0,"void at::native::reduce_kernel<(int)512, (int)1, at::native::ReduceOp<float, at::native::MaxOps<float>, unsigned int, float, (int)4, (int)4>>(T3)"
:BasicsTransformerLM.layers.3,PushPop,30,30,2,2,26240,13120.0,13120.0,12992,13248,181.0,"void at::native::elementwise_kernel<(int)128, (int)2, void at::native::gpu_kernel_impl_nocast<at::native::<unnamed>::where_kernel_impl(at::TensorIterator &)::[lambda() (instance 1)]::operator ()() const::[lambda() (instance 11)]::operator ()() const::[lambda(bool, float, float) (instance 1)]>(at::TensorIteratorBase &, const T1 &)::[lambda(int) (instance 1)]>(int, T3)"
:BasicsTransformerLM.layers.3,PushPop,30,30,2,2,25504,12752.0,12752.0,12672,12832,113.1,"void at::native::elementwise_kernel<(int)128, (int)2, void at::native::gpu_kernel_impl_nocast<at::native::CUDAFunctor_add<float>>(at::TensorIteratorBase &, const T1 &)::[lambda(int) (instance 1)]>(int, T3)"
:BasicsTransformerLM.layers.3,PushPop,30,30,2,4,25248,6312.0,6272.0,5568,7136,811.4,"void at::native::vectorized_elementwise_kernel<(int)4, at::native::BinaryFunctor<float, float, float, at::native::binary_internal::MulFunctor<float>>, std::array<char *, (unsigned long)3>>(int, T2, T3)"
:BasicsTransformerLM.layers.3,PushPop,30,30,2,4,23968,5992.0,6000.0,5920,6048,54.7,"void at::native::reduce_kernel<(int)512, (int)1, at::native::ReduceOp<float, at::native::MeanOps<float, float, float, float>, unsigned int, float, (int)4, (int)4>>(T3)"
:BasicsTransformerLM.layers.3,PushPop,30,30,2,4,22880,5720.0,5712.0,4672,6784,1192.0,"void at::native::elementwise_kernel<(int)128, (int)2, void at::native::gpu_kernel_impl_nocast<at::native::direct_copy_kernel_cuda(at::TensorIteratorBase &)::[lambda() (instance 3)]::operator ()() const::[lambda() (instance 7)]::operator ()() const::[lambda(float) (instance 1)]>(at::TensorIteratorBase &, const T1 &)::[lambda(int) (instance 1)]>(int, T3)"
:BasicsTransformerLM.layers.3,PushPop,30,30,2,2,14048,7024.0,7024.0,7008,7040,22.6,"void at::native::reduce_kernel<(int)512, (int)1, at::native::ReduceOp<float, at::native::func_wrapper_t<float, at::native::sum_functor<float, float, float>::operator ()(at::TensorIterator &)::[lambda(float, float) (instance 1)]>, unsigned int, float, (int)4, (int)4>>(T3)"
:BasicsTransformerLM.layers.3,PushPop,30,30,2,2,11712,5856.0,5856.0,5760,5952,135.8,"void at::native::vectorized_elementwise_kernel<(int)4, at::native::sigmoid_kernel_cuda(at::TensorIteratorBase &)::[lambda() (instance 2)]::operator ()() const::[lambda() (instance 2)]::operator ()() const::[lambda(float) (instance 1)], std::array<char *, (unsigned long)2>>(int, T2, T3)"
:BasicsTransformerLM.layers.3,PushPop,30,30,2,2,10240,5120.0,5120.0,5056,5184,90.5,"void at::native::vectorized_elementwise_kernel<(int)4, at::native::exp_kernel_cuda(at::TensorIteratorBase &)::[lambda() (instance 2)]::operator ()() const::[lambda() (instance 2)]::operator ()() const::[lambda(float) (instance 1)], std::array<char *, (unsigned long)2>>(int, T2, T3)"
:BasicsTransformerLM.layers.3,PushPop,30,30,2,2,9792,4896.0,4896.0,4864,4928,45.3,"void at::native::vectorized_elementwise_kernel<(int)4, at::native::BUnaryFunctor<float, float, float, at::native::binary_internal::MulFunctor<float>>, std::array<char *, (unsigned long)2>>(int, T2, T3)"
:BasicsTransformerLM.layers.3,PushPop,30,30,2,4,9696,2424.0,2352.0,2336,2656,155.4,"void at::native::vectorized_elementwise_kernel<(int)4, void at::native::<unnamed>::pow_tensor_scalar_kernel_impl<float, float>(at::TensorIteratorBase &, T2)::[lambda(float) (instance 1)], std::array<char *, (unsigned long)2>>(int, T2, T3)"
:BasicsTransformerLM.layers.3,PushPop,30,30,2,4,5760,1440.0,1472.0,1312,1504,90.5,"void at::native::vectorized_elementwise_kernel<(int)4, at::native::CUDAFunctorOnSelf_add<float>, std::array<char *, (unsigned long)2>>(int, T2, T3)"
:BasicsTransformerLM.layers.3,PushPop,30,30,2,2,5216,2608.0,2608.0,2528,2688,113.1,"void at::native::elementwise_kernel<(int)128, (int)4, void at::native::gpu_kernel_impl_nocast<at::native::<unnamed>::CompareFunctor<long>>(at::TensorIteratorBase &, const T1 &)::[lambda(int) (instance 1)]>(int, T3)"
:BasicsTransformerLM.layers.3,PushPop,30,30,2,4,4928,1232.0,1232.0,1152,1312,76.2,"void at::native::vectorized_elementwise_kernel<(int)4, at::native::rsqrt_kernel_cuda(at::TensorIteratorBase &)::[lambda() (instance 2)]::operator ()() const::[lambda() (instance 2)]::operator ()() const::[lambda(float) (instance 1)], std::array<char *, (unsigned long)2>>(int, T2, T3)"
:BasicsTransformerLM.layers.3,PushPop,30,30,2,2,1760,880.0,880.0,864,896,22.6,"void at::native::vectorized_elementwise_kernel<(int)4, at::native::FillFunctor<float>, std::array<char *, (unsigned long)1>>(int, T2, T3)"
:BasicsTransformerLM.layers.3,PushPop,30,30,2,2,1632,816.0,816.0,736,896,113.1,"void <unnamed>::elementwise_kernel_with_index<int, at::native::arange_cuda_out(const c10::Scalar &, const c10::Scalar &, const c10::Scalar &, at::Tensor &)::[lambda() (instance 1)]::operator ()() const::[lambda() (instance 4)]::operator ()() const::[lambda(long) (instance 1)]>(T1, T2, function_traits<T2>::result_type *)"
:BasicsTransformerLM.layers.3.attn,PushPop,30,30,2,8,747554,93444.3,93312.5,93121,93984,315.9,cutlass3x_sm100_simt_sgemm_f32_f32_f32_f32_f32_64x32x16_1x1x1_3_tnn_align1_bias_f32_relu
:BasicsTransformerLM.layers.3.attn,PushPop,30,30,2,16,54753,3422.1,3488.0,3104,3520,131.4,"void at::native::elementwise_kernel<(int)128, (int)2, void at::native::gpu_kernel_impl_nocast<at::native::BinaryFunctor<float, float, float, at::native::binary_internal::MulFunctor<float>>>(at::TensorIteratorBase &, const T1 &)::[lambda(int) (instance 1)]>(int, T3)"
:BasicsTransformerLM.layers.3.attn,PushPop,30,30,2,2,53408,26704.0,26704.0,26688,26720,22.6,cutlass3x_sm100_simt_sgemm_f32_f32_f32_f32_f32_128x64x16_1x1x1_3_tnn_align1_bias_f32_relu
:BasicsTransformerLM.layers.3.attn,PushPop,30,30,2,2,42050,21025.0,21025.0,20993,21057,45.3,cutlass3x_sm100_simt_sgemm_f32_f32_f32_f32_f32_64x32x16_1x1x1_3_nnn_align1_bias_f32_relu
:BasicsTransformerLM.layers.3.attn,PushPop,30,30,2,4,36448,9112.0,9088.0,8928,9344,189.1,"void at::native::<unnamed>::CatArrayBatchedCopy<at::native::<unnamed>::OpaqueType<(unsigned int)4>, unsigned int, (int)4, (int)64, (int)64>(T1 *, at::native::<unnamed>::CatArrInputTensorMetadata<T1, T2, T4, T5>, at::native::<unnamed>::TensorSizeStride<T2, (unsigned int)4>, int, T2)"
:BasicsTransformerLM.layers.3.attn,PushPop,30,30,2,2,30496,15248.0,15248.0,15232,15264,22.6,"void at::native::elementwise_kernel<(int)128, (int)2, void at::native::gpu_kernel_impl_nocast<at::native::BinaryFunctor<float, float, float, at::native::binary_internal::DivFunctor<float>>>(at::TensorIteratorBase &, const T1 &)::[lambda(int) (instance 1)]>(int, T3)"
:BasicsTransformerLM.layers.3.attn,PushPop,30,30,2,2,26432,13216.0,13216.0,13216,13216,0.0,"void at::native::reduce_kernel<(int)512, (int)1, at::native::ReduceOp<float, at::native::MaxOps<float>, unsigned int, float, (int)4, (int)4>>(T3)"
:BasicsTransformerLM.layers.3.attn,PushPop,30,30,2,2,26240,13120.0,13120.0,12992,13248,181.0,"void at::native::elementwise_kernel<(int)128, (int)2, void at::native::gpu_kernel_impl_nocast<at::native::<unnamed>::where_kernel_impl(at::TensorIterator &)::[lambda() (instance 1)]::operator ()() const::[lambda() (instance 11)]::operator ()() const::[lambda(bool, float, float) (instance 1)]>(at::TensorIteratorBase &, const T1 &)::[lambda(int) (instance 1)]>(int, T3)"
:BasicsTransformerLM.layers.3.attn,PushPop,30,30,2,2,25504,12752.0,12752.0,12672,12832,113.1,"void at::native::elementwise_kernel<(int)128, (int)2, void at::native::gpu_kernel_impl_nocast<at::native::CUDAFunctor_add<float>>(at::TensorIteratorBase &, const T1 &)::[lambda(int) (instance 1)]>(int, T3)"
:BasicsTransformerLM.layers.3.attn,PushPop,30,30,2,4,22880,5720.0,5712.0,4672,6784,1192.0,"void at::native::elementwise_kernel<(int)128, (int)2, void at::native::gpu_kernel_impl_nocast<at::native::direct_copy_kernel_cuda(at::TensorIteratorBase &)::[lambda() (instance 3)]::operator ()() const::[lambda() (instance 7)]::operator ()() const::[lambda(float) (instance 1)]>(at::TensorIteratorBase &, const T1 &)::[lambda(int) (instance 1)]>(int, T3)"
:BasicsTransformerLM.layers.3.attn,PushPop,30,30,2,8,16000,2000.0,1984.0,1888,2112,80.2,"void at::native::vectorized_elementwise_kernel<(int)4, at::native::CUDAFunctor_add<float>, std::array<char *, (unsigned long)3>>(int, T2, T3)"
:BasicsTransformerLM.layers.3.attn,PushPop,30,30,2,2,14048,7024.0,7024.0,7008,7040,22.6,"void at::native::reduce_kernel<(int)512, (int)1, at::native::ReduceOp<float, at::native::func_wrapper_t<float, at::native::sum_functor<float, float, float>::operator ()(at::TensorIterator &)::[lambda(float, float) (instance 1)]>, unsigned int, float, (int)4, (int)4>>(T3)"
:BasicsTransformerLM.layers.3.attn,PushPop,30,30,2,2,10240,5120.0,5120.0,5056,5184,90.5,"void at::native::vectorized_elementwise_kernel<(int)4, at::native::exp_kernel_cuda(at::TensorIteratorBase &)::[lambda() (instance 2)]::operator ()() const::[lambda() (instance 2)]::operator ()() const::[lambda(float) (instance 1)], std::array<char *, (unsigned long)2>>(int, T2, T3)"
:BasicsTransformerLM.layers.3.attn,PushPop,30,30,2,2,9792,4896.0,4896.0,4864,4928,45.3,"void at::native::vectorized_elementwise_kernel<(int)4, at::native::BUnaryFunctor<float, float, float, at::native::binary_internal::MulFunctor<float>>, std::array<char *, (unsigned long)2>>(int, T2, T3)"
:BasicsTransformerLM.layers.3.attn,PushPop,30,30,2,2,5216,2608.0,2608.0,2528,2688,113.1,"void at::native::elementwise_kernel<(int)128, (int)4, void at::native::gpu_kernel_impl_nocast<at::native::<unnamed>::CompareFunctor<long>>(at::TensorIteratorBase &, const T1 &)::[lambda(int) (instance 1)]>(int, T3)"
:BasicsTransformerLM.layers.3.attn,PushPop,30,30,2,2,1760,880.0,880.0,864,896,22.6,"void at::native::vectorized_elementwise_kernel<(int)4, at::native::FillFunctor<float>, std::array<char *, (unsigned long)1>>(int, T2, T3)"
:BasicsTransformerLM.layers.3.attn,PushPop,30,30,2,2,1632,816.0,816.0,736,896,113.1,"void <unnamed>::elementwise_kernel_with_index<int, at::native::arange_cuda_out(const c10::Scalar &, const c10::Scalar &, const c10::Scalar &, at::Tensor &)::[lambda() (instance 1)]::operator ()() const::[lambda() (instance 4)]::operator ()() const::[lambda(long) (instance 1)]>(T1, T2, function_traits<T2>::result_type *)"
:BasicsTransformerLM.layers.3.attn.k_proj,PushPop,30,30,2,2,186434,93217.0,93217.0,93121,93313,135.8,cutlass3x_sm100_simt_sgemm_f32_f32_f32_f32_f32_64x32x16_1x1x1_3_tnn_align1_bias_f32_relu
:BasicsTransformerLM.layers.3.attn.output_proj,PushPop,30,30,2,2,187840,93920.0,93920.0,93856,93984,90.5,cutlass3x_sm100_simt_sgemm_f32_f32_f32_f32_f32_64x32x16_1x1x1_3_tnn_align1_bias_f32_relu
:BasicsTransformerLM.layers.3.attn.q_proj,PushPop,30,30,2,2,186784,93392.0,93392.0,93280,93504,158.4,cutlass3x_sm100_simt_sgemm_f32_f32_f32_f32_f32_64x32x16_1x1x1_3_tnn_align1_bias_f32_relu
:BasicsTransformerLM.layers.3.attn.v_proj,PushPop,30,30,2,2,186496,93248.0,93248.0,93184,93312,90.5,cutlass3x_sm100_simt_sgemm_f32_f32_f32_f32_f32_64x32x16_1x1x1_3_tnn_align1_bias_f32_relu
:BasicsTransformerLM.layers.3.ffn,PushPop,30,30,2,4,1244390,311097.5,311041.5,310977,311330,158.0,cutlass3x_sm100_simt_sgemm_f32_f32_f32_f32_f32_64x128x16_1x1x1_3_tnn_align1_bias_f32_relu
:BasicsTransformerLM.layers.3.ffn,PushPop,30,30,2,2,718468,359234.0,359234.0,358914,359554,452.5,cutlass3x_sm100_simt_sgemm_f32_f32_f32_f32_f32_64x32x16_1x1x1_3_tnn_align1_bias_f32_relu
:BasicsTransformerLM.layers.3.ffn,PushPop,30,30,2,4,25248,6312.0,6272.0,5568,7136,811.4,"void at::native::vectorized_elementwise_kernel<(int)4, at::native::BinaryFunctor<float, float, float, at::native::binary_internal::MulFunctor<float>>, std::array<char *, (unsigned long)3>>(int, T2, T3)"
:BasicsTransformerLM.layers.3.ffn,PushPop,30,30,2,2,11712,5856.0,5856.0,5760,5952,135.8,"void at::native::vectorized_elementwise_kernel<(int)4, at::native::sigmoid_kernel_cuda(at::TensorIteratorBase &)::[lambda() (instance 2)]::operator ()() const::[lambda() (instance 2)]::operator ()() const::[lambda(float) (instance 1)], std::array<char *, (unsigned long)2>>(int, T2, T3)"
:BasicsTransformerLM.layers.3.ffn.w1,PushPop,30,30,2,2,622372,311186.0,311186.0,311042,311330,203.6,cutlass3x_sm100_simt_sgemm_f32_f32_f32_f32_f32_64x128x16_1x1x1_3_tnn_align1_bias_f32_relu
:BasicsTransformerLM.layers.3.ffn.w2,PushPop,30,30,2,2,718468,359234.0,359234.0,358914,359554,452.5,cutlass3x_sm100_simt_sgemm_f32_f32_f32_f32_f32_64x32x16_1x1x1_3_tnn_align1_bias_f32_relu
:BasicsTransformerLM.layers.3.ffn.w3,PushPop,30,30,2,2,622018,311009.0,311009.0,310977,311041,45.3,cutlass3x_sm100_simt_sgemm_f32_f32_f32_f32_f32_64x128x16_1x1x1_3_tnn_align1_bias_f32_relu
:BasicsTransformerLM.layers.3.ln1,PushPop,30,30,2,4,18688,4672.0,4672.0,4576,4768,82.6,"void at::native::elementwise_kernel<(int)128, (int)2, void at::native::gpu_kernel_impl_nocast<at::native::BinaryFunctor<float, float, float, at::native::binary_internal::MulFunctor<float>>>(at::TensorIteratorBase &, const T1 &)::[lambda(int) (instance 1)]>(int, T3)"
:BasicsTransformerLM.layers.3.ln1,PushPop,30,30,2,2,12032,6016.0,6016.0,5984,6048,45.3,"void at::native::reduce_kernel<(int)512, (int)1, at::native::ReduceOp<float, at::native::MeanOps<float, float, float, float>, unsigned int, float, (int)4, (int)4>>(T3)"
:BasicsTransformerLM.layers.3.ln1,PushPop,30,30,2,2,4992,2496.0,2496.0,2336,2656,226.3,"void at::native::vectorized_elementwise_kernel<(int)4, void at::native::<unnamed>::pow_tensor_scalar_kernel_impl<float, float>(at::TensorIteratorBase &, T2)::[lambda(float) (instance 1)], std::array<char *, (unsigned long)2>>(int, T2, T3)"
:BasicsTransformerLM.layers.3.ln1,PushPop,30,30,2,2,3008,1504.0,1504.0,1504,1504,0.0,"void at::native::vectorized_elementwise_kernel<(int)4, at::native::CUDAFunctorOnSelf_add<float>, std::array<char *, (unsigned long)2>>(int, T2, T3)"
:BasicsTransformerLM.layers.3.ln1,PushPop,30,30,2,2,2592,1296.0,1296.0,1280,1312,22.6,"void at::native::vectorized_elementwise_kernel<(int)4, at::native::rsqrt_kernel_cuda(at::TensorIteratorBase &)::[lambda() (instance 2)]::operator ()() const::[lambda() (instance 2)]::operator ()() const::[lambda(float) (instance 1)], std::array<char *, (unsigned long)2>>(int, T2, T3)"
:BasicsTransformerLM.layers.3.ln2,PushPop,30,30,2,4,18688,4672.0,4672.0,4640,4704,26.1,"void at::native::elementwise_kernel<(int)128, (int)2, void at::native::gpu_kernel_impl_nocast<at::native::BinaryFunctor<float, float, float, at::native::binary_internal::MulFunctor<float>>>(at::TensorIteratorBase &, const T1 &)::[lambda(int) (instance 1)]>(int, T3)"
:BasicsTransformerLM.layers.3.ln2,PushPop,30,30,2,2,11936,5968.0,5968.0,5920,6016,67.9,"void at::native::reduce_kernel<(int)512, (int)1, at::native::ReduceOp<float, at::native::MeanOps<float, float, float, float>, unsigned int, float, (int)4, (int)4>>(T3)"
:BasicsTransformerLM.layers.3.ln2,PushPop,30,30,2,2,4704,2352.0,2352.0,2336,2368,22.6,"void at::native::vectorized_elementwise_kernel<(int)4, void at::native::<unnamed>::pow_tensor_scalar_kernel_impl<float, float>(at::TensorIteratorBase &, T2)::[lambda(float) (instance 1)], std::array<char *, (unsigned long)2>>(int, T2, T3)"
:BasicsTransformerLM.layers.3.ln2,PushPop,30,30,2,2,2752,1376.0,1376.0,1312,1440,90.5,"void at::native::vectorized_elementwise_kernel<(int)4, at::native::CUDAFunctorOnSelf_add<float>, std::array<char *, (unsigned long)2>>(int, T2, T3)"
:BasicsTransformerLM.layers.3.ln2,PushPop,30,30,2,2,2336,1168.0,1168.0,1152,1184,22.6,"void at::native::vectorized_elementwise_kernel<(int)4, at::native::rsqrt_kernel_cuda(at::TensorIteratorBase &)::[lambda() (instance 2)]::operator ()() const::[lambda() (instance 2)]::operator ()() const::[lambda(float) (instance 1)], std::array<char *, (unsigned long)2>>(int, T2, T3)"
:BasicsTransformerLM.layers.30,PushPop,30,30,2,10,1470440,147044.0,93633.0,93312,360738,112416.9,cutlass3x_sm100_simt_sgemm_f32_f32_f32_f32_f32_64x32x16_1x1x1_3_tnn_align1_bias_f32_relu
:BasicsTransformerLM.layers.30,PushPop,30,30,2,4,1250182,312545.5,312497.5,312354,312833,206.9,cutlass3x_sm100_simt_sgemm_f32_f32_f32_f32_f32_64x128x16_1x1x1_3_tnn_align1_bias_f32_relu
:BasicsTransformerLM.layers.30,PushPop,30,30,2,24,91424,3809.3,3520.0,3104,4704,598.1,"void at::native::elementwise_kernel<(int)128, (int)2, void at::native::gpu_kernel_impl_nocast<at::native::BinaryFunctor<float, float, float, at::native::binary_internal::MulFunctor<float>>>(at::TensorIteratorBase &, const T1 &)::[lambda(int) (instance 1)]>(int, T3)"
:BasicsTransformerLM.layers.30,PushPop,30,30,2,2,53536,26768.0,26768.0,26752,26784,22.6,cutlass3x_sm100_simt_sgemm_f32_f32_f32_f32_f32_128x64x16_1x1x1_3_tnn_align1_bias_f32_relu
:BasicsTransformerLM.layers.30,PushPop,30,30,2,2,42304,21152.0,21152.0,21120,21184,45.3,cutlass3x_sm100_simt_sgemm_f32_f32_f32_f32_f32_64x32x16_1x1x1_3_nnn_align1_bias_f32_relu
:BasicsTransformerLM.layers.30,PushPop,30,30,2,4,36192,9048.0,9040.0,8960,9152,102.4,"void at::native::<unnamed>::CatArrayBatchedCopy<at::native::<unnamed>::OpaqueType<(unsigned int)4>, unsigned int, (int)4, (int)64, (int)64>(T1 *, at::native::<unnamed>::CatArrInputTensorMetadata<T1, T2, T4, T5>, at::native::<unnamed>::TensorSizeStride<T2, (unsigned int)4>, int, T2)"
:BasicsTransformerLM.layers.30,PushPop,30,30,2,2,30432,15216.0,15216.0,15200,15232,22.6,"void at::native::elementwise_kernel<(int)128, (int)2, void at::native::gpu_kernel_impl_nocast<at::native::BinaryFunctor<float, float, float, at::native::binary_internal::DivFunctor<float>>>(at::TensorIteratorBase &, const T1 &)::[lambda(int) (instance 1)]>(int, T3)"
:BasicsTransformerLM.layers.30,PushPop,30,30,2,12,29920,2493.3,2112.0,2016,3456,604.9,"void at::native::vectorized_elementwise_kernel<(int)4, at::native::CUDAFunctor_add<float>, std::array<char *, (unsigned long)3>>(int, T2, T3)"
:BasicsTransformerLM.layers.30,PushPop,30,30,2,2,26336,13168.0,13168.0,13120,13216,67.9,"void at::native::elementwise_kernel<(int)128, (int)2, void at::native::gpu_kernel_impl_nocast<at::native::<unnamed>::where_kernel_impl(at::TensorIterator &)::[lambda() (instance 1)]::operator ()() const::[lambda() (instance 11)]::operator ()() const::[lambda(bool, float, float) (instance 1)]>(at::TensorIteratorBase &, const T1 &)::[lambda(int) (instance 1)]>(int, T3)"
:BasicsTransformerLM.layers.30,PushPop,30,30,2,2,26272,13136.0,13136.0,13120,13152,22.6,"void at::native::reduce_kernel<(int)512, (int)1, at::native::ReduceOp<float, at::native::MaxOps<float>, unsigned int, float, (int)4, (int)4>>(T3)"
:BasicsTransformerLM.layers.30,PushPop,30,30,2,2,25378,12689.0,12689.0,12641,12737,67.9,"void at::native::elementwise_kernel<(int)128, (int)2, void at::native::gpu_kernel_impl_nocast<at::native::CUDAFunctor_add<float>>(at::TensorIteratorBase &, const T1 &)::[lambda(int) (instance 1)]>(int, T3)"
:BasicsTransformerLM.layers.30,PushPop,30,30,2,4,25344,6336.0,6384.0,5536,7040,767.6,"void at::native::vectorized_elementwise_kernel<(int)4, at::native::BinaryFunctor<float, float, float, at::native::binary_internal::MulFunctor<float>>, std::array<char *, (unsigned long)3>>(int, T2, T3)"
:BasicsTransformerLM.layers.30,PushPop,30,30,2,4,23808,5952.0,5936.0,5920,6016,45.3,"void at::native::reduce_kernel<(int)512, (int)1, at::native::ReduceOp<float, at::native::MeanOps<float, float, float, float>, unsigned int, float, (int)4, (int)4>>(T3)"
:BasicsTransformerLM.layers.30,PushPop,30,30,2,4,22112,5528.0,5504.0,4608,6496,1027.8,"void at::native::elementwise_kernel<(int)128, (int)2, void at::native::gpu_kernel_impl_nocast<at::native::direct_copy_kernel_cuda(at::TensorIteratorBase &)::[lambda() (instance 3)]::operator ()() const::[lambda() (instance 7)]::operator ()() const::[lambda(float) (instance 1)]>(at::TensorIteratorBase &, const T1 &)::[lambda(int) (instance 1)]>(int, T3)"
:BasicsTransformerLM.layers.30,PushPop,30,30,2,2,13984,6992.0,6992.0,6976,7008,22.6,"void at::native::reduce_kernel<(int)512, (int)1, at::native::ReduceOp<float, at::native::func_wrapper_t<float, at::native::sum_functor<float, float, float>::operator ()(at::TensorIterator &)::[lambda(float, float) (instance 1)]>, unsigned int, float, (int)4, (int)4>>(T3)"
:BasicsTransformerLM.layers.30,PushPop,30,30,2,2,11616,5808.0,5808.0,5760,5856,67.9,"void at::native::vectorized_elementwise_kernel<(int)4, at::native::sigmoid_kernel_cuda(at::TensorIteratorBase &)::[lambda() (instance 2)]::operator ()() const::[lambda() (instance 2)]::operator ()() const::[lambda(float) (instance 1)], std::array<char *, (unsigned long)2>>(int, T2, T3)"
:BasicsTransformerLM.layers.30,PushPop,30,30,2,2,10368,5184.0,5184.0,5120,5248,90.5,"void at::native::vectorized_elementwise_kernel<(int)4, at::native::exp_kernel_cuda(at::TensorIteratorBase &)::[lambda() (instance 2)]::operator ()() const::[lambda() (instance 2)]::operator ()() const::[lambda(float) (instance 1)], std::array<char *, (unsigned long)2>>(int, T2, T3)"
:BasicsTransformerLM.layers.30,PushPop,30,30,2,2,10016,5008.0,5008.0,4960,5056,67.9,"void at::native::vectorized_elementwise_kernel<(int)4, at::native::BUnaryFunctor<float, float, float, at::native::binary_internal::MulFunctor<float>>, std::array<char *, (unsigned long)2>>(int, T2, T3)"
:BasicsTransformerLM.layers.30,PushPop,30,30,2,4,9344,2336.0,2304.0,2304,2432,64.0,"void at::native::vectorized_elementwise_kernel<(int)4, void at::native::<unnamed>::pow_tensor_scalar_kernel_impl<float, float>(at::TensorIteratorBase &, T2)::[lambda(float) (instance 1)], std::array<char *, (unsigned long)2>>(int, T2, T3)"
:BasicsTransformerLM.layers.30,PushPop,30,30,2,4,5344,1336.0,1376.0,1088,1504,192.7,"void at::native::vectorized_elementwise_kernel<(int)4, at::native::CUDAFunctorOnSelf_add<float>, std::array<char *, (unsigned long)2>>(int, T2, T3)"
:BasicsTransformerLM.layers.30,PushPop,30,30,2,2,5120,2560.0,2560.0,2528,2592,45.3,"void at::native::elementwise_kernel<(int)128, (int)4, void at::native::gpu_kernel_impl_nocast<at::native::<unnamed>::CompareFunctor<long>>(at::TensorIteratorBase &, const T1 &)::[lambda(int) (instance 1)]>(int, T3)"
:BasicsTransformerLM.layers.30,PushPop,30,30,2,4,4576,1144.0,1136.0,1088,1216,54.7,"void at::native::vectorized_elementwise_kernel<(int)4, at::native::rsqrt_kernel_cuda(at::TensorIteratorBase &)::[lambda() (instance 2)]::operator ()() const::[lambda() (instance 2)]::operator ()() const::[lambda(float) (instance 1)], std::array<char *, (unsigned long)2>>(int, T2, T3)"
:BasicsTransformerLM.layers.30,PushPop,30,30,2,2,2112,1056.0,1056.0,1056,1056,0.0,"void at::native::vectorized_elementwise_kernel<(int)4, at::native::FillFunctor<float>, std::array<char *, (unsigned long)1>>(int, T2, T3)"
:BasicsTransformerLM.layers.30,PushPop,30,30,2,2,1632,816.0,816.0,736,896,113.1,"void <unnamed>::elementwise_kernel_with_index<int, at::native::arange_cuda_out(const c10::Scalar &, const c10::Scalar &, const c10::Scalar &, at::Tensor &)::[lambda() (instance 1)]::operator ()() const::[lambda() (instance 4)]::operator ()() const::[lambda(long) (instance 1)]>(T1, T2, function_traits<T2>::result_type *)"
:BasicsTransformerLM.layers.30.attn,PushPop,30,30,2,8,749764,93720.5,93504.5,93312,94656,506.8,cutlass3x_sm100_simt_sgemm_f32_f32_f32_f32_f32_64x32x16_1x1x1_3_tnn_align1_bias_f32_relu
:BasicsTransformerLM.layers.30.attn,PushPop,30,30,2,16,54592,3412.0,3456.0,3104,3872,204.7,"void at::native::elementwise_kernel<(int)128, (int)2, void at::native::gpu_kernel_impl_nocast<at::native::BinaryFunctor<float, float, float, at::native::binary_internal::MulFunctor<float>>>(at::TensorIteratorBase &, const T1 &)::[lambda(int) (instance 1)]>(int, T3)"
:BasicsTransformerLM.layers.30.attn,PushPop,30,30,2,2,53536,26768.0,26768.0,26752,26784,22.6,cutlass3x_sm100_simt_sgemm_f32_f32_f32_f32_f32_128x64x16_1x1x1_3_tnn_align1_bias_f32_relu
:BasicsTransformerLM.layers.30.attn,PushPop,30,30,2,2,42304,21152.0,21152.0,21120,21184,45.3,cutlass3x_sm100_simt_sgemm_f32_f32_f32_f32_f32_64x32x16_1x1x1_3_nnn_align1_bias_f32_relu
:BasicsTransformerLM.layers.30.attn,PushPop,30,30,2,4,36192,9048.0,9040.0,8960,9152,102.4,"void at::native::<unnamed>::CatArrayBatchedCopy<at::native::<unnamed>::OpaqueType<(unsigned int)4>, unsigned int, (int)4, (int)64, (int)64>(T1 *, at::native::<unnamed>::CatArrInputTensorMetadata<T1, T2, T4, T5>, at::native::<unnamed>::TensorSizeStride<T2, (unsigned int)4>, int, T2)"
:BasicsTransformerLM.layers.30.attn,PushPop,30,30,2,2,30432,15216.0,15216.0,15200,15232,22.6,"void at::native::elementwise_kernel<(int)128, (int)2, void at::native::gpu_kernel_impl_nocast<at::native::BinaryFunctor<float, float, float, at::native::binary_internal::DivFunctor<float>>>(at::TensorIteratorBase &, const T1 &)::[lambda(int) (instance 1)]>(int, T3)"
:BasicsTransformerLM.layers.30.attn,PushPop,30,30,2,2,26336,13168.0,13168.0,13120,13216,67.9,"void at::native::elementwise_kernel<(int)128, (int)2, void at::native::gpu_kernel_impl_nocast<at::native::<unnamed>::where_kernel_impl(at::TensorIterator &)::[lambda() (instance 1)]::operator ()() const::[lambda() (instance 11)]::operator ()() const::[lambda(bool, float, float) (instance 1)]>(at::TensorIteratorBase &, const T1 &)::[lambda(int) (instance 1)]>(int, T3)"
:BasicsTransformerLM.layers.30.attn,PushPop,30,30,2,2,26272,13136.0,13136.0,13120,13152,22.6,"void at::native::reduce_kernel<(int)512, (int)1, at::native::ReduceOp<float, at::native::MaxOps<float>, unsigned int, float, (int)4, (int)4>>(T3)"
:BasicsTransformerLM.layers.30.attn,PushPop,30,30,2,2,25378,12689.0,12689.0,12641,12737,67.9,"void at::native::elementwise_kernel<(int)128, (int)2, void at::native::gpu_kernel_impl_nocast<at::native::CUDAFunctor_add<float>>(at::TensorIteratorBase &, const T1 &)::[lambda(int) (instance 1)]>(int, T3)"
:BasicsTransformerLM.layers.30.attn,PushPop,30,30,2,4,22112,5528.0,5504.0,4608,6496,1027.8,"void at::native::elementwise_kernel<(int)128, (int)2, void at::native::gpu_kernel_impl_nocast<at::native::direct_copy_kernel_cuda(at::TensorIteratorBase &)::[lambda() (instance 3)]::operator ()() const::[lambda() (instance 7)]::operator ()() const::[lambda(float) (instance 1)]>(at::TensorIteratorBase &, const T1 &)::[lambda(int) (instance 1)]>(int, T3)"
:BasicsTransformerLM.layers.30.attn,PushPop,30,30,2,8,16704,2088.0,2064.0,2016,2272,83.4,"void at::native::vectorized_elementwise_kernel<(int)4, at::native::CUDAFunctor_add<float>, std::array<char *, (unsigned long)3>>(int, T2, T3)"
:BasicsTransformerLM.layers.30.attn,PushPop,30,30,2,2,13984,6992.0,6992.0,6976,7008,22.6,"void at::native::reduce_kernel<(int)512, (int)1, at::native::ReduceOp<float, at::native::func_wrapper_t<float, at::native::sum_functor<float, float, float>::operator ()(at::TensorIterator &)::[lambda(float, float) (instance 1)]>, unsigned int, float, (int)4, (int)4>>(T3)"
:BasicsTransformerLM.layers.30.attn,PushPop,30,30,2,2,10368,5184.0,5184.0,5120,5248,90.5,"void at::native::vectorized_elementwise_kernel<(int)4, at::native::exp_kernel_cuda(at::TensorIteratorBase &)::[lambda() (instance 2)]::operator ()() const::[lambda() (instance 2)]::operator ()() const::[lambda(float) (instance 1)], std::array<char *, (unsigned long)2>>(int, T2, T3)"
:BasicsTransformerLM.layers.30.attn,PushPop,30,30,2,2,10016,5008.0,5008.0,4960,5056,67.9,"void at::native::vectorized_elementwise_kernel<(int)4, at::native::BUnaryFunctor<float, float, float, at::native::binary_internal::MulFunctor<float>>, std::array<char *, (unsigned long)2>>(int, T2, T3)"
:BasicsTransformerLM.layers.30.attn,PushPop,30,30,2,2,5120,2560.0,2560.0,2528,2592,45.3,"void at::native::elementwise_kernel<(int)128, (int)4, void at::native::gpu_kernel_impl_nocast<at::native::<unnamed>::CompareFunctor<long>>(at::TensorIteratorBase &, const T1 &)::[lambda(int) (instance 1)]>(int, T3)"
:BasicsTransformerLM.layers.30.attn,PushPop,30,30,2,2,2112,1056.0,1056.0,1056,1056,0.0,"void at::native::vectorized_elementwise_kernel<(int)4, at::native::FillFunctor<float>, std::array<char *, (unsigned long)1>>(int, T2, T3)"
:BasicsTransformerLM.layers.30.attn,PushPop,30,30,2,2,1632,816.0,816.0,736,896,113.1,"void <unnamed>::elementwise_kernel_with_index<int, at::native::arange_cuda_out(const c10::Scalar &, const c10::Scalar &, const c10::Scalar &, at::Tensor &)::[lambda() (instance 1)]::operator ()() const::[lambda() (instance 4)]::operator ()() const::[lambda(long) (instance 1)]>(T1, T2, function_traits<T2>::result_type *)"
:BasicsTransformerLM.layers.30.attn.k_proj,PushPop,30,30,2,2,186816,93408.0,93408.0,93312,93504,135.8,cutlass3x_sm100_simt_sgemm_f32_f32_f32_f32_f32_64x32x16_1x1x1_3_tnn_align1_bias_f32_relu
:BasicsTransformerLM.layers.30.attn.output_proj,PushPop,30,30,2,2,188992,94496.0,94496.0,94336,94656,226.3,cutlass3x_sm100_simt_sgemm_f32_f32_f32_f32_f32_64x32x16_1x1x1_3_tnn_align1_bias_f32_relu
:BasicsTransformerLM.layers.30.attn.q_proj,PushPop,30,30,2,2,186850,93425.0,93425.0,93345,93505,113.1,cutlass3x_sm100_simt_sgemm_f32_f32_f32_f32_f32_64x32x16_1x1x1_3_tnn_align1_bias_f32_relu
:BasicsTransformerLM.layers.30.attn.v_proj,PushPop,30,30,2,2,187106,93553.0,93553.0,93345,93761,294.2,cutlass3x_sm100_simt_sgemm_f32_f32_f32_f32_f32_64x32x16_1x1x1_3_tnn_align1_bias_f32_relu
:BasicsTransformerLM.layers.30.ffn,PushPop,30,30,2,4,1250182,312545.5,312497.5,312354,312833,206.9,cutlass3x_sm100_simt_sgemm_f32_f32_f32_f32_f32_64x128x16_1x1x1_3_tnn_align1_bias_f32_relu
:BasicsTransformerLM.layers.30.ffn,PushPop,30,30,2,2,720676,360338.0,360338.0,359938,360738,565.7,cutlass3x_sm100_simt_sgemm_f32_f32_f32_f32_f32_64x32x16_1x1x1_3_tnn_align1_bias_f32_relu
:BasicsTransformerLM.layers.30.ffn,PushPop,30,30,2,4,25344,6336.0,6384.0,5536,7040,767.6,"void at::native::vectorized_elementwise_kernel<(int)4, at::native::BinaryFunctor<float, float, float, at::native::binary_internal::MulFunctor<float>>, std::array<char *, (unsigned long)3>>(int, T2, T3)"
:BasicsTransformerLM.layers.30.ffn,PushPop,30,30,2,2,11616,5808.0,5808.0,5760,5856,67.9,"void at::native::vectorized_elementwise_kernel<(int)4, at::native::sigmoid_kernel_cuda(at::TensorIteratorBase &)::[lambda() (instance 2)]::operator ()() const::[lambda() (instance 2)]::operator ()() const::[lambda(float) (instance 1)], std::array<char *, (unsigned long)2>>(int, T2, T3)"
:BasicsTransformerLM.layers.30.ffn.w1,PushPop,30,30,2,2,625378,312689.0,312689.0,312545,312833,203.6,cutlass3x_sm100_simt_sgemm_f32_f32_f32_f32_f32_64x128x16_1x1x1_3_tnn_align1_bias_f32_relu
:BasicsTransformerLM.layers.30.ffn.w2,PushPop,30,30,2,2,720676,360338.0,360338.0,359938,360738,565.7,cutlass3x_sm100_simt_sgemm_f32_f32_f32_f32_f32_64x32x16_1x1x1_3_tnn_align1_bias_f32_relu
:BasicsTransformerLM.layers.30.ffn.w3,PushPop,30,30,2,2,624804,312402.0,312402.0,312354,312450,67.9,cutlass3x_sm100_simt_sgemm_f32_f32_f32_f32_f32_64x128x16_1x1x1_3_tnn_align1_bias_f32_relu
:BasicsTransformerLM.layers.30.ln1,PushPop,30,30,2,4,18304,4576.0,4576.0,4544,4608,26.1,"void at::native::elementwise_kernel<(int)128, (int)2, void at::native::gpu_kernel_impl_nocast<at::native::BinaryFunctor<float, float, float, at::native::binary_internal::MulFunctor<float>>>(at::TensorIteratorBase &, const T1 &)::[lambda(int) (instance 1)]>(int, T3)"
:BasicsTransformerLM.layers.30.ln1,PushPop,30,30,2,2,11872,5936.0,5936.0,5920,5952,22.6,"void at::native::reduce_kernel<(int)512, (int)1, at::native::ReduceOp<float, at::native::MeanOps<float, float, float, float>, unsigned int, float, (int)4, (int)4>>(T3)"
:BasicsTransformerLM.layers.30.ln1,PushPop,30,30,2,2,4608,2304.0,2304.0,2304,2304,0.0,"void at::native::vectorized_elementwise_kernel<(int)4, void at::native::<unnamed>::pow_tensor_scalar_kernel_impl<float, float>(at::TensorIteratorBase &, T2)::[lambda(float) (instance 1)], std::array<char *, (unsigned long)2>>(int, T2, T3)"
:BasicsTransformerLM.layers.30.ln1,PushPop,30,30,2,2,2592,1296.0,1296.0,1088,1504,294.2,"void at::native::vectorized_elementwise_kernel<(int)4, at::native::CUDAFunctorOnSelf_add<float>, std::array<char *, (unsigned long)2>>(int, T2, T3)"
:BasicsTransformerLM.layers.30.ln1,PushPop,30,30,2,2,2304,1152.0,1152.0,1088,1216,90.5,"void at::native::vectorized_elementwise_kernel<(int)4, at::native::rsqrt_kernel_cuda(at::TensorIteratorBase &)::[lambda() (instance 2)]::operator ()() const::[lambda() (instance 2)]::operator ()() const::[lambda(float) (instance 1)], std::array<char *, (unsigned long)2>>(int, T2, T3)"
:BasicsTransformerLM.layers.30.ln2,PushPop,30,30,2,4,18528,4632.0,4624.0,4576,4704,66.0,"void at::native::elementwise_kernel<(int)128, (int)2, void at::native::gpu_kernel_impl_nocast<at::native::BinaryFunctor<float, float, float, at::native::binary_internal::MulFunctor<float>>>(at::TensorIteratorBase &, const T1 &)::[lambda(int) (instance 1)]>(int, T3)"
:BasicsTransformerLM.layers.30.ln2,PushPop,30,30,2,2,11936,5968.0,5968.0,5920,6016,67.9,"void at::native::reduce_kernel<(int)512, (int)1, at::native::ReduceOp<float, at::native::MeanOps<float, float, float, float>, unsigned int, float, (int)4, (int)4>>(T3)"
:BasicsTransformerLM.layers.30.ln2,PushPop,30,30,2,2,4736,2368.0,2368.0,2304,2432,90.5,"void at::native::vectorized_elementwise_kernel<(int)4, void at::native::<unnamed>::pow_tensor_scalar_kernel_impl<float, float>(at::TensorIteratorBase &, T2)::[lambda(float) (instance 1)], std::array<char *, (unsigned long)2>>(int, T2, T3)"
:BasicsTransformerLM.layers.30.ln2,PushPop,30,30,2,2,2752,1376.0,1376.0,1280,1472,135.8,"void at::native::vectorized_elementwise_kernel<(int)4, at::native::CUDAFunctorOnSelf_add<float>, std::array<char *, (unsigned long)2>>(int, T2, T3)"
:BasicsTransformerLM.layers.30.ln2,PushPop,30,30,2,2,2272,1136.0,1136.0,1120,1152,22.6,"void at::native::vectorized_elementwise_kernel<(int)4, at::native::rsqrt_kernel_cuda(at::TensorIteratorBase &)::[lambda() (instance 2)]::operator ()() const::[lambda() (instance 2)]::operator ()() const::[lambda(float) (instance 1)], std::array<char *, (unsigned long)2>>(int, T2, T3)"
:BasicsTransformerLM.layers.31,PushPop,30,30,2,10,1471656,147165.6,93808.5,93441,360930,112386.3,cutlass3x_sm100_simt_sgemm_f32_f32_f32_f32_f32_64x32x16_1x1x1_3_tnn_align1_bias_f32_relu
:BasicsTransformerLM.layers.31,PushPop,30,30,2,4,1249734,312433.5,312450.0,312225,312609,176.3,cutlass3x_sm100_simt_sgemm_f32_f32_f32_f32_f32_64x128x16_1x1x1_3_tnn_align1_bias_f32_relu
:BasicsTransformerLM.layers.31,PushPop,30,30,2,24,91457,3810.7,3488.0,3072,4672,600.3,"void at::native::elementwise_kernel<(int)128, (int)2, void at::native::gpu_kernel_impl_nocast<at::native::BinaryFunctor<float, float, float, at::native::binary_internal::MulFunctor<float>>>(at::TensorIteratorBase &, const T1 &)::[lambda(int) (instance 1)]>(int, T3)"
:BasicsTransformerLM.layers.31,PushPop,30,30,2,2,53888,26944.0,26944.0,26912,26976,45.3,cutlass3x_sm100_simt_sgemm_f32_f32_f32_f32_f32_128x64x16_1x1x1_3_tnn_align1_bias_f32_relu
:BasicsTransformerLM.layers.31,PushPop,30,30,2,2,42304,21152.0,21152.0,21120,21184,45.3,cutlass3x_sm100_simt_sgemm_f32_f32_f32_f32_f32_64x32x16_1x1x1_3_nnn_align1_bias_f32_relu
:BasicsTransformerLM.layers.31,PushPop,30,30,2,4,36224,9056.0,9056.0,8928,9184,116.8,"void at::native::<unnamed>::CatArrayBatchedCopy<at::native::<unnamed>::OpaqueType<(unsigned int)4>, unsigned int, (int)4, (int)64, (int)64>(T1 *, at::native::<unnamed>::CatArrInputTensorMetadata<T1, T2, T4, T5>, at::native::<unnamed>::TensorSizeStride<T2, (unsigned int)4>, int, T2)"
:BasicsTransformerLM.layers.31,PushPop,30,30,2,2,30496,15248.0,15248.0,15232,15264,22.6,"void at::native::elementwise_kernel<(int)128, (int)2, void at::native::gpu_kernel_impl_nocast<at::native::BinaryFunctor<float, float, float, at::native::binary_internal::DivFunctor<float>>>(at::TensorIteratorBase &, const T1 &)::[lambda(int) (instance 1)]>(int, T3)"
:BasicsTransformerLM.layers.31,PushPop,30,30,2,12,29888,2490.7,2064.0,1920,3776,703.2,"void at::native::vectorized_elementwise_kernel<(int)4, at::native::CUDAFunctor_add<float>, std::array<char *, (unsigned long)3>>(int, T2, T3)"
:BasicsTransformerLM.layers.31,PushPop,30,30,2,2,26496,13248.0,13248.0,13184,13312,90.5,"void at::native::elementwise_kernel<(int)128, (int)2, void at::native::gpu_kernel_impl_nocast<at::native::<unnamed>::where_kernel_impl(at::TensorIterator &)::[lambda() (instance 1)]::operator ()() const::[lambda() (instance 11)]::operator ()() const::[lambda(bool, float, float) (instance 1)]>(at::TensorIteratorBase &, const T1 &)::[lambda(int) (instance 1)]>(int, T3)"
:BasicsTransformerLM.layers.31,PushPop,30,30,2,2,26304,13152.0,13152.0,13152,13152,0.0,"void at::native::reduce_kernel<(int)512, (int)1, at::native::ReduceOp<float, at::native::MaxOps<float>, unsigned int, float, (int)4, (int)4>>(T3)"
:BasicsTransformerLM.layers.31,PushPop,30,30,2,4,25728,6432.0,6464.0,5728,7072,723.6,"void at::native::vectorized_elementwise_kernel<(int)4, at::native::BinaryFunctor<float, float, float, at::native::binary_internal::MulFunctor<float>>, std::array<char *, (unsigned long)3>>(int, T2, T3)"
:BasicsTransformerLM.layers.31,PushPop,30,30,2,2,25248,12624.0,12624.0,12608,12640,22.6,"void at::native::elementwise_kernel<(int)128, (int)2, void at::native::gpu_kernel_impl_nocast<at::native::CUDAFunctor_add<float>>(at::TensorIteratorBase &, const T1 &)::[lambda(int) (instance 1)]>(int, T3)"
:BasicsTransformerLM.layers.31,PushPop,30,30,2,4,23904,5976.0,5984.0,5952,5984,16.0,"void at::native::reduce_kernel<(int)512, (int)1, at::native::ReduceOp<float, at::native::MeanOps<float, float, float, float>, unsigned int, float, (int)4, (int)4>>(T3)"
:BasicsTransformerLM.layers.31,PushPop,30,30,2,4,22496,5624.0,5584.0,4672,6656,1101.2,"void at::native::elementwise_kernel<(int)128, (int)2, void at::native::gpu_kernel_impl_nocast<at::native::direct_copy_kernel_cuda(at::TensorIteratorBase &)::[lambda() (instance 3)]::operator ()() const::[lambda() (instance 7)]::operator ()() const::[lambda(float) (instance 1)]>(at::TensorIteratorBase &, const T1 &)::[lambda(int) (instance 1)]>(int, T3)"
:BasicsTransformerLM.layers.31,PushPop,30,30,2,2,13920,6960.0,6960.0,6944,6976,22.6,"void at::native::reduce_kernel<(int)512, (int)1, at::native::ReduceOp<float, at::native::func_wrapper_t<float, at::native::sum_functor<float, float, float>::operator ()(at::TensorIterator &)::[lambda(float, float) (instance 1)]>, unsigned int, float, (int)4, (int)4>>(T3)"
:BasicsTransformerLM.layers.31,PushPop,30,30,2,2,11840,5920.0,5920.0,5824,6016,135.8,"void at::native::vectorized_elementwise_kernel<(int)4, at::native::sigmoid_kernel_cuda(at::TensorIteratorBase &)::[lambda() (instance 2)]::operator ()() const::[lambda() (instance 2)]::operator ()() const::[lambda(float) (instance 1)], std::array<char *, (unsigned long)2>>(int, T2, T3)"
:BasicsTransformerLM.layers.31,PushPop,30,30,2,2,10336,5168.0,5168.0,5120,5216,67.9,"void at::native::vectorized_elementwise_kernel<(int)4, at::native::BUnaryFunctor<float, float, float, at::native::binary_internal::MulFunctor<float>>, std::array<char *, (unsigned long)2>>(int, T2, T3)"
:BasicsTransformerLM.layers.31,PushPop,30,30,2,2,10304,5152.0,5152.0,5120,5184,45.3,"void at::native::vectorized_elementwise_kernel<(int)4, at::native::exp_kernel_cuda(at::TensorIteratorBase &)::[lambda() (instance 2)]::operator ()() const::[lambda() (instance 2)]::operator ()() const::[lambda(float) (instance 1)], std::array<char *, (unsigned long)2>>(int, T2, T3)"
:BasicsTransformerLM.layers.31,PushPop,30,30,2,4,9568,2392.0,2400.0,2336,2432,48.0,"void at::native::vectorized_elementwise_kernel<(int)4, void at::native::<unnamed>::pow_tensor_scalar_kernel_impl<float, float>(at::TensorIteratorBase &, T2)::[lambda(float) (instance 1)], std::array<char *, (unsigned long)2>>(int, T2, T3)"
:BasicsTransformerLM.layers.31,PushPop,30,30,2,4,5536,1384.0,1472.0,1120,1472,176.0,"void at::native::vectorized_elementwise_kernel<(int)4, at::native::CUDAFunctorOnSelf_add<float>, std::array<char *, (unsigned long)2>>(int, T2, T3)"
:BasicsTransformerLM.layers.31,PushPop,30,30,2,2,5408,2704.0,2704.0,2656,2752,67.9,"void at::native::elementwise_kernel<(int)128, (int)4, void at::native::gpu_kernel_impl_nocast<at::native::<unnamed>::CompareFunctor<long>>(at::TensorIteratorBase &, const T1 &)::[lambda(int) (instance 1)]>(int, T3)"
:BasicsTransformerLM.layers.31,PushPop,30,30,2,4,4992,1248.0,1216.0,1184,1376,90.5,"void at::native::vectorized_elementwise_kernel<(int)4, at::native::rsqrt_kernel_cuda(at::TensorIteratorBase &)::[lambda() (instance 2)]::operator ()() const::[lambda() (instance 2)]::operator ()() const::[lambda(float) (instance 1)], std::array<char *, (unsigned long)2>>(int, T2, T3)"
:BasicsTransformerLM.layers.31,PushPop,30,30,2,2,2272,1136.0,1136.0,1024,1248,158.4,"void at::native::vectorized_elementwise_kernel<(int)4, at::native::FillFunctor<float>, std::array<char *, (unsigned long)1>>(int, T2, T3)"
:BasicsTransformerLM.layers.31,PushPop,30,30,2,2,1664,832.0,832.0,736,928,135.8,"void <unnamed>::elementwise_kernel_with_index<int, at::native::arange_cuda_out(const c10::Scalar &, const c10::Scalar &, const c10::Scalar &, at::Tensor &)::[lambda() (instance 1)]::operator ()() const::[lambda() (instance 4)]::operator ()() const::[lambda(long) (instance 1)]>(T1, T2, function_traits<T2>::result_type *)"
:BasicsTransformerLM.layers.31.attn,PushPop,30,30,2,8,750852,93856.5,93744.0,93441,94593,394.8,cutlass3x_sm100_simt_sgemm_f32_f32_f32_f32_f32_64x32x16_1x1x1_3_tnn_align1_bias_f32_relu
:BasicsTransformerLM.layers.31.attn,PushPop,30,30,2,16,54433,3402.1,3456.0,3072,3521,133.1,"void at::native::elementwise_kernel<(int)128, (int)2, void at::native::gpu_kernel_impl_nocast<at::native::BinaryFunctor<float, float, float, at::native::binary_internal::MulFunctor<float>>>(at::TensorIteratorBase &, const T1 &)::[lambda(int) (instance 1)]>(int, T3)"
:BasicsTransformerLM.layers.31.attn,PushPop,30,30,2,2,53888,26944.0,26944.0,26912,26976,45.3,cutlass3x_sm100_simt_sgemm_f32_f32_f32_f32_f32_128x64x16_1x1x1_3_tnn_align1_bias_f32_relu
:BasicsTransformerLM.layers.31.attn,PushPop,30,30,2,2,42304,21152.0,21152.0,21120,21184,45.3,cutlass3x_sm100_simt_sgemm_f32_f32_f32_f32_f32_64x32x16_1x1x1_3_nnn_align1_bias_f32_relu
:BasicsTransformerLM.layers.31.attn,PushPop,30,30,2,4,36224,9056.0,9056.0,8928,9184,116.8,"void at::native::<unnamed>::CatArrayBatchedCopy<at::native::<unnamed>::OpaqueType<(unsigned int)4>, unsigned int, (int)4, (int)64, (int)64>(T1 *, at::native::<unnamed>::CatArrInputTensorMetadata<T1, T2, T4, T5>, at::native::<unnamed>::TensorSizeStride<T2, (unsigned int)4>, int, T2)"
:BasicsTransformerLM.layers.31.attn,PushPop,30,30,2,2,30496,15248.0,15248.0,15232,15264,22.6,"void at::native::elementwise_kernel<(int)128, (int)2, void at::native::gpu_kernel_impl_nocast<at::native::BinaryFunctor<float, float, float, at::native::binary_internal::DivFunctor<float>>>(at::TensorIteratorBase &, const T1 &)::[lambda(int) (instance 1)]>(int, T3)"
:BasicsTransformerLM.layers.31.attn,PushPop,30,30,2,2,26496,13248.0,13248.0,13184,13312,90.5,"void at::native::elementwise_kernel<(int)128, (int)2, void at::native::gpu_kernel_impl_nocast<at::native::<unnamed>::where_kernel_impl(at::TensorIterator &)::[lambda() (instance 1)]::operator ()() const::[lambda() (instance 11)]::operator ()() const::[lambda(bool, float, float) (instance 1)]>(at::TensorIteratorBase &, const T1 &)::[lambda(int) (instance 1)]>(int, T3)"
:BasicsTransformerLM.layers.31.attn,PushPop,30,30,2,2,26304,13152.0,13152.0,13152,13152,0.0,"void at::native::reduce_kernel<(int)512, (int)1, at::native::ReduceOp<float, at::native::MaxOps<float>, unsigned int, float, (int)4, (int)4>>(T3)"
:BasicsTransformerLM.layers.31.attn,PushPop,30,30,2,2,25248,12624.0,12624.0,12608,12640,22.6,"void at::native::elementwise_kernel<(int)128, (int)2, void at::native::gpu_kernel_impl_nocast<at::native::CUDAFunctor_add<float>>(at::TensorIteratorBase &, const T1 &)::[lambda(int) (instance 1)]>(int, T3)"
:BasicsTransformerLM.layers.31.attn,PushPop,30,30,2,4,22496,5624.0,5584.0,4672,6656,1101.2,"void at::native::elementwise_kernel<(int)128, (int)2, void at::native::gpu_kernel_impl_nocast<at::native::direct_copy_kernel_cuda(at::TensorIteratorBase &)::[lambda() (instance 3)]::operator ()() const::[lambda() (instance 7)]::operator ()() const::[lambda(float) (instance 1)]>(at::TensorIteratorBase &, const T1 &)::[lambda(int) (instance 1)]>(int, T3)"
:BasicsTransformerLM.layers.31.attn,PushPop,30,30,2,8,16192,2024.0,2016.0,1920,2144,74.1,"void at::native::vectorized_elementwise_kernel<(int)4, at::native::CUDAFunctor_add<float>, std::array<char *, (unsigned long)3>>(int, T2, T3)"
:BasicsTransformerLM.layers.31.attn,PushPop,30,30,2,2,13920,6960.0,6960.0,6944,6976,22.6,"void at::native::reduce_kernel<(int)512, (int)1, at::native::ReduceOp<float, at::native::func_wrapper_t<float, at::native::sum_functor<float, float, float>::operator ()(at::TensorIterator &)::[lambda(float, float) (instance 1)]>, unsigned int, float, (int)4, (int)4>>(T3)"
:BasicsTransformerLM.layers.31.attn,PushPop,30,30,2,2,10336,5168.0,5168.0,5120,5216,67.9,"void at::native::vectorized_elementwise_kernel<(int)4, at::native::BUnaryFunctor<float, float, float, at::native::binary_internal::MulFunctor<float>>, std::array<char *, (unsigned long)2>>(int, T2, T3)"
:BasicsTransformerLM.layers.31.attn,PushPop,30,30,2,2,10304,5152.0,5152.0,5120,5184,45.3,"void at::native::vectorized_elementwise_kernel<(int)4, at::native::exp_kernel_cuda(at::TensorIteratorBase &)::[lambda() (instance 2)]::operator ()() const::[lambda() (instance 2)]::operator ()() const::[lambda(float) (instance 1)], std::array<char *, (unsigned long)2>>(int, T2, T3)"
:BasicsTransformerLM.layers.31.attn,PushPop,30,30,2,2,5408,2704.0,2704.0,2656,2752,67.9,"void at::native::elementwise_kernel<(int)128, (int)4, void at::native::gpu_kernel_impl_nocast<at::native::<unnamed>::CompareFunctor<long>>(at::TensorIteratorBase &, const T1 &)::[lambda(int) (instance 1)]>(int, T3)"
:BasicsTransformerLM.layers.31.attn,PushPop,30,30,2,2,2272,1136.0,1136.0,1024,1248,158.4,"void at::native::vectorized_elementwise_kernel<(int)4, at::native::FillFunctor<float>, std::array<char *, (unsigned long)1>>(int, T2, T3)"
:BasicsTransformerLM.layers.31.attn,PushPop,30,30,2,2,1664,832.0,832.0,736,928,135.8,"void <unnamed>::elementwise_kernel_with_index<int, at::native::arange_cuda_out(const c10::Scalar &, const c10::Scalar &, const c10::Scalar &, at::Tensor &)::[lambda() (instance 1)]::operator ()() const::[lambda() (instance 4)]::operator ()() const::[lambda(long) (instance 1)]>(T1, T2, function_traits<T2>::result_type *)"
:BasicsTransformerLM.layers.31.attn.k_proj,PushPop,30,30,2,2,187298,93649.0,93649.0,93441,93857,294.2,cutlass3x_sm100_simt_sgemm_f32_f32_f32_f32_f32_64x32x16_1x1x1_3_tnn_align1_bias_f32_relu
:BasicsTransformerLM.layers.31.attn.output_proj,PushPop,30,30,2,2,188898,94449.0,94449.0,94305,94593,203.6,cutlass3x_sm100_simt_sgemm_f32_f32_f32_f32_f32_64x32x16_1x1x1_3_tnn_align1_bias_f32_relu
:BasicsTransformerLM.layers.31.attn.q_proj,PushPop,30,30,2,2,187296,93648.0,93648.0,93568,93728,113.1,cutlass3x_sm100_simt_sgemm_f32_f32_f32_f32_f32_64x32x16_1x1x1_3_tnn_align1_bias_f32_relu
:BasicsTransformerLM.layers.31.attn.v_proj,PushPop,30,30,2,2,187360,93680.0,93680.0,93600,93760,113.1,cutlass3x_sm100_simt_sgemm_f32_f32_f32_f32_f32_64x32x16_1x1x1_3_tnn_align1_bias_f32_relu
:BasicsTransformerLM.layers.31.ffn,PushPop,30,30,2,4,1249734,312433.5,312450.0,312225,312609,176.3,cutlass3x_sm100_simt_sgemm_f32_f32_f32_f32_f32_64x128x16_1x1x1_3_tnn_align1_bias_f32_relu
:BasicsTransformerLM.layers.31.ffn,PushPop,30,30,2,2,720804,360402.0,360402.0,359874,360930,746.7,cutlass3x_sm100_simt_sgemm_f32_f32_f32_f32_f32_64x32x16_1x1x1_3_tnn_align1_bias_f32_relu
:BasicsTransformerLM.layers.31.ffn,PushPop,30,30,2,4,25728,6432.0,6464.0,5728,7072,723.6,"void at::native::vectorized_elementwise_kernel<(int)4, at::native::BinaryFunctor<float, float, float, at::native::binary_internal::MulFunctor<float>>, std::array<char *, (unsigned long)3>>(int, T2, T3)"
:BasicsTransformerLM.layers.31.ffn,PushPop,30,30,2,2,11840,5920.0,5920.0,5824,6016,135.8,"void at::native::vectorized_elementwise_kernel<(int)4, at::native::sigmoid_kernel_cuda(at::TensorIteratorBase &)::[lambda() (instance 2)]::operator ()() const::[lambda() (instance 2)]::operator ()() const::[lambda(float) (instance 1)], std::array<char *, (unsigned long)2>>(int, T2, T3)"
:BasicsTransformerLM.layers.31.ffn.w1,PushPop,30,30,2,2,624900,312450.0,312450.0,312354,312546,135.8,cutlass3x_sm100_simt_sgemm_f32_f32_f32_f32_f32_64x128x16_1x1x1_3_tnn_align1_bias_f32_relu
:BasicsTransformerLM.layers.31.ffn.w2,PushPop,30,30,2,2,720804,360402.0,360402.0,359874,360930,746.7,cutlass3x_sm100_simt_sgemm_f32_f32_f32_f32_f32_64x32x16_1x1x1_3_tnn_align1_bias_f32_relu
:BasicsTransformerLM.layers.31.ffn.w3,PushPop,30,30,2,2,624834,312417.0,312417.0,312225,312609,271.5,cutlass3x_sm100_simt_sgemm_f32_f32_f32_f32_f32_64x128x16_1x1x1_3_tnn_align1_bias_f32_relu
:BasicsTransformerLM.layers.31.ln1,PushPop,30,30,2,4,18496,4624.0,4608.0,4608,4672,32.0,"void at::native::elementwise_kernel<(int)128, (int)2, void at::native::gpu_kernel_impl_nocast<at::native::BinaryFunctor<float, float, float, at::native::binary_internal::MulFunctor<float>>>(at::TensorIteratorBase &, const T1 &)::[lambda(int) (instance 1)]>(int, T3)"
:BasicsTransformerLM.layers.31.ln1,PushPop,30,30,2,2,11936,5968.0,5968.0,5952,5984,22.6,"void at::native::reduce_kernel<(int)512, (int)1, at::native::ReduceOp<float, at::native::MeanOps<float, float, float, float>, unsigned int, float, (int)4, (int)4>>(T3)"
:BasicsTransformerLM.layers.31.ln1,PushPop,30,30,2,2,4768,2384.0,2384.0,2336,2432,67.9,"void at::native::vectorized_elementwise_kernel<(int)4, void at::native::<unnamed>::pow_tensor_scalar_kernel_impl<float, float>(at::TensorIteratorBase &, T2)::[lambda(float) (instance 1)], std::array<char *, (unsigned long)2>>(int, T2, T3)"
:BasicsTransformerLM.layers.31.ln1,PushPop,30,30,2,2,2624,1312.0,1312.0,1248,1376,90.5,"void at::native::vectorized_elementwise_kernel<(int)4, at::native::rsqrt_kernel_cuda(at::TensorIteratorBase &)::[lambda() (instance 2)]::operator ()() const::[lambda() (instance 2)]::operator ()() const::[lambda(float) (instance 1)], std::array<char *, (unsigned long)2>>(int, T2, T3)"
:BasicsTransformerLM.layers.31.ln1,PushPop,30,30,2,2,2592,1296.0,1296.0,1120,1472,248.9,"void at::native::vectorized_elementwise_kernel<(int)4, at::native::CUDAFunctorOnSelf_add<float>, std::array<char *, (unsigned long)2>>(int, T2, T3)"
:BasicsTransformerLM.layers.31.ln2,PushPop,30,30,2,4,18528,4632.0,4624.0,4608,4672,30.6,"void at::native::elementwise_kernel<(int)128, (int)2, void at::native::gpu_kernel_impl_nocast<at::native::BinaryFunctor<float, float, float, at::native::binary_internal::MulFunctor<float>>>(at::TensorIteratorBase &, const T1 &)::[lambda(int) (instance 1)]>(int, T3)"
:BasicsTransformerLM.layers.31.ln2,PushPop,30,30,2,2,11968,5984.0,5984.0,5984,5984,0.0,"void at::native::reduce_kernel<(int)512, (int)1, at::native::ReduceOp<float, at::native::MeanOps<float, float, float, float>, unsigned int, float, (int)4, (int)4>>(T3)"
:BasicsTransformerLM.layers.31.ln2,PushPop,30,30,2,2,4800,2400.0,2400.0,2368,2432,45.3,"void at::native::vectorized_elementwise_kernel<(int)4, void at::native::<unnamed>::pow_tensor_scalar_kernel_impl<float, float>(at::TensorIteratorBase &, T2)::[lambda(float) (instance 1)], std::array<char *, (unsigned long)2>>(int, T2, T3)"
:BasicsTransformerLM.layers.31.ln2,PushPop,30,30,2,2,2944,1472.0,1472.0,1472,1472,0.0,"void at::native::vectorized_elementwise_kernel<(int)4, at::native::CUDAFunctorOnSelf_add<float>, std::array<char *, (unsigned long)2>>(int, T2, T3)"
:BasicsTransformerLM.layers.31.ln2,PushPop,30,30,2,2,2368,1184.0,1184.0,1184,1184,0.0,"void at::native::vectorized_elementwise_kernel<(int)4, at::native::rsqrt_kernel_cuda(at::TensorIteratorBase &)::[lambda() (instance 2)]::operator ()() const::[lambda() (instance 2)]::operator ()() const::[lambda(float) (instance 1)], std::array<char *, (unsigned long)2>>(int, T2, T3)"
:BasicsTransformerLM.layers.32,PushPop,30,30,2,10,1470888,147088.8,93632.5,93281,360834,112595.1,cutlass3x_sm100_simt_sgemm_f32_f32_f32_f32_f32_64x32x16_1x1x1_3_tnn_align1_bias_f32_relu
:BasicsTransformerLM.layers.32,PushPop,30,30,2,4,1249447,312361.8,312322.0,312257,312546,129.3,cutlass3x_sm100_simt_sgemm_f32_f32_f32_f32_f32_64x128x16_1x1x1_3_tnn_align1_bias_f32_relu
:BasicsTransformerLM.layers.32,PushPop,30,30,2,24,91521,3813.4,3504.0,3104,4768,625.2,"void at::native::elementwise_kernel<(int)128, (int)2, void at::native::gpu_kernel_impl_nocast<at::native::BinaryFunctor<float, float, float, at::native::binary_internal::MulFunctor<float>>>(at::TensorIteratorBase &, const T1 &)::[lambda(int) (instance 1)]>(int, T3)"
:BasicsTransformerLM.layers.32,PushPop,30,30,2,2,53856,26928.0,26928.0,26880,26976,67.9,cutlass3x_sm100_simt_sgemm_f32_f32_f32_f32_f32_128x64x16_1x1x1_3_tnn_align1_bias_f32_relu
:BasicsTransformerLM.layers.32,PushPop,30,30,2,2,42336,21168.0,21168.0,21152,21184,22.6,cutlass3x_sm100_simt_sgemm_f32_f32_f32_f32_f32_64x32x16_1x1x1_3_nnn_align1_bias_f32_relu
:BasicsTransformerLM.layers.32,PushPop,30,30,2,4,36064,9016.0,9024.0,8928,9088,71.0,"void at::native::<unnamed>::CatArrayBatchedCopy<at::native::<unnamed>::OpaqueType<(unsigned int)4>, unsigned int, (int)4, (int)64, (int)64>(T1 *, at::native::<unnamed>::CatArrInputTensorMetadata<T1, T2, T4, T5>, at::native::<unnamed>::TensorSizeStride<T2, (unsigned int)4>, int, T2)"
:BasicsTransformerLM.layers.32,PushPop,30,30,2,12,30656,2554.7,2096.0,2016,3776,722.4,"void at::native::vectorized_elementwise_kernel<(int)4, at::native::CUDAFunctor_add<float>, std::array<char *, (unsigned long)3>>(int, T2, T3)"
:BasicsTransformerLM.layers.32,PushPop,30,30,2,2,30464,15232.0,15232.0,15136,15328,135.8,"void at::native::elementwise_kernel<(int)128, (int)2, void at::native::gpu_kernel_impl_nocast<at::native::BinaryFunctor<float, float, float, at::native::binary_internal::DivFunctor<float>>>(at::TensorIteratorBase &, const T1 &)::[lambda(int) (instance 1)]>(int, T3)"
:BasicsTransformerLM.layers.32,PushPop,30,30,2,2,26464,13232.0,13232.0,13184,13280,67.9,"void at::native::reduce_kernel<(int)512, (int)1, at::native::ReduceOp<float, at::native::MaxOps<float>, unsigned int, float, (int)4, (int)4>>(T3)"
:BasicsTransformerLM.layers.32,PushPop,30,30,2,2,26016,13008.0,13008.0,12992,13024,22.6,"void at::native::elementwise_kernel<(int)128, (int)2, void at::native::gpu_kernel_impl_nocast<at::native::<unnamed>::where_kernel_impl(at::TensorIterator &)::[lambda() (instance 1)]::operator ()() const::[lambda() (instance 11)]::operator ()() const::[lambda(bool, float, float) (instance 1)]>(at::TensorIteratorBase &, const T1 &)::[lambda(int) (instance 1)]>(int, T3)"
:BasicsTransformerLM.layers.32,PushPop,30,30,2,4,25472,6368.0,6352.0,5632,7136,765.8,"void at::native::vectorized_elementwise_kernel<(int)4, at::native::BinaryFunctor<float, float, float, at::native::binary_internal::MulFunctor<float>>, std::array<char *, (unsigned long)3>>(int, T2, T3)"
:BasicsTransformerLM.layers.32,PushPop,30,30,2,2,25377,12688.5,12688.5,12673,12704,21.9,"void at::native::elementwise_kernel<(int)128, (int)2, void at::native::gpu_kernel_impl_nocast<at::native::CUDAFunctor_add<float>>(at::TensorIteratorBase &, const T1 &)::[lambda(int) (instance 1)]>(int, T3)"
:BasicsTransformerLM.layers.32,PushPop,30,30,2,4,24064,6016.0,5968.0,5952,6176,107.7,"void at::native::reduce_kernel<(int)512, (int)1, at::native::ReduceOp<float, at::native::MeanOps<float, float, float, float>, unsigned int, float, (int)4, (int)4>>(T3)"
:BasicsTransformerLM.layers.32,PushPop,30,30,2,4,22208,5552.0,5552.0,4608,6496,1071.7,"void at::native::elementwise_kernel<(int)128, (int)2, void at::native::gpu_kernel_impl_nocast<at::native::direct_copy_kernel_cuda(at::TensorIteratorBase &)::[lambda() (instance 3)]::operator ()() const::[lambda() (instance 7)]::operator ()() const::[lambda(float) (instance 1)]>(at::TensorIteratorBase &, const T1 &)::[lambda(int) (instance 1)]>(int, T3)"
:BasicsTransformerLM.layers.32,PushPop,30,30,2,2,13952,6976.0,6976.0,6976,6976,0.0,"void at::native::reduce_kernel<(int)512, (int)1, at::native::ReduceOp<float, at::native::func_wrapper_t<float, at::native::sum_functor<float, float, float>::operator ()(at::TensorIterator &)::[lambda(float, float) (instance 1)]>, unsigned int, float, (int)4, (int)4>>(T3)"
:BasicsTransformerLM.layers.32,PushPop,30,30,2,2,11648,5824.0,5824.0,5824,5824,0.0,"void at::native::vectorized_elementwise_kernel<(int)4, at::native::sigmoid_kernel_cuda(at::TensorIteratorBase &)::[lambda() (instance 2)]::operator ()() const::[lambda() (instance 2)]::operator ()() const::[lambda(float) (instance 1)], std::array<char *, (unsigned long)2>>(int, T2, T3)"
:BasicsTransformerLM.layers.32,PushPop,30,30,2,2,10369,5184.5,5184.5,5153,5216,44.5,"void at::native::vectorized_elementwise_kernel<(int)4, at::native::exp_kernel_cuda(at::TensorIteratorBase &)::[lambda() (instance 2)]::operator ()() const::[lambda() (instance 2)]::operator ()() const::[lambda(float) (instance 1)], std::array<char *, (unsigned long)2>>(int, T2, T3)"
:BasicsTransformerLM.layers.32,PushPop,30,30,2,2,9984,4992.0,4992.0,4864,5120,181.0,"void at::native::vectorized_elementwise_kernel<(int)4, at::native::BUnaryFunctor<float, float, float, at::native::binary_internal::MulFunctor<float>>, std::array<char *, (unsigned long)2>>(int, T2, T3)"
:BasicsTransformerLM.layers.32,PushPop,30,30,2,4,9856,2464.0,2480.0,2304,2592,125.3,"void at::native::vectorized_elementwise_kernel<(int)4, void at::native::<unnamed>::pow_tensor_scalar_kernel_impl<float, float>(at::TensorIteratorBase &, T2)::[lambda(float) (instance 1)], std::array<char *, (unsigned long)2>>(int, T2, T3)"
:BasicsTransformerLM.layers.32,PushPop,30,30,2,4,5312,1328.0,1360.0,1088,1504,185.7,"void at::native::vectorized_elementwise_kernel<(int)4, at::native::CUDAFunctorOnSelf_add<float>, std::array<char *, (unsigned long)2>>(int, T2, T3)"
:BasicsTransformerLM.layers.32,PushPop,30,30,2,2,5216,2608.0,2608.0,2528,2688,113.1,"void at::native::elementwise_kernel<(int)128, (int)4, void at::native::gpu_kernel_impl_nocast<at::native::<unnamed>::CompareFunctor<long>>(at::TensorIteratorBase &, const T1 &)::[lambda(int) (instance 1)]>(int, T3)"
:BasicsTransformerLM.layers.32,PushPop,30,30,2,4,4736,1184.0,1168.0,1056,1344,119.7,"void at::native::vectorized_elementwise_kernel<(int)4, at::native::rsqrt_kernel_cuda(at::TensorIteratorBase &)::[lambda() (instance 2)]::operator ()() const::[lambda() (instance 2)]::operator ()() const::[lambda(float) (instance 1)], std::array<char *, (unsigned long)2>>(int, T2, T3)"
:BasicsTransformerLM.layers.32,PushPop,30,30,2,2,2080,1040.0,1040.0,1024,1056,22.6,"void at::native::vectorized_elementwise_kernel<(int)4, at::native::FillFunctor<float>, std::array<char *, (unsigned long)1>>(int, T2, T3)"
:BasicsTransformerLM.layers.32,PushPop,30,30,2,2,1920,960.0,960.0,896,1024,90.5,"void <unnamed>::elementwise_kernel_with_index<int, at::native::arange_cuda_out(const c10::Scalar &, const c10::Scalar &, const c10::Scalar &, at::Tensor &)::[lambda() (instance 1)]::operator ()() const::[lambda() (instance 4)]::operator ()() const::[lambda(long) (instance 1)]>(T1, T2, function_traits<T2>::result_type *)"
:BasicsTransformerLM.layers.32.attn,PushPop,30,30,2,8,749444,93680.5,93552.5,93281,94400,398.3,cutlass3x_sm100_simt_sgemm_f32_f32_f32_f32_f32_64x32x16_1x1x1_3_tnn_align1_bias_f32_relu
:BasicsTransformerLM.layers.32.attn,PushPop,30,30,2,16,54272,3392.0,3456.0,3104,3552,166.9,"void at::native::elementwise_kernel<(int)128, (int)2, void at::native::gpu_kernel_impl_nocast<at::native::BinaryFunctor<float, float, float, at::native::binary_internal::MulFunctor<float>>>(at::TensorIteratorBase &, const T1 &)::[lambda(int) (instance 1)]>(int, T3)"
:BasicsTransformerLM.layers.32.attn,PushPop,30,30,2,2,53856,26928.0,26928.0,26880,26976,67.9,cutlass3x_sm100_simt_sgemm_f32_f32_f32_f32_f32_128x64x16_1x1x1_3_tnn_align1_bias_f32_relu
:BasicsTransformerLM.layers.32.attn,PushPop,30,30,2,2,42336,21168.0,21168.0,21152,21184,22.6,cutlass3x_sm100_simt_sgemm_f32_f32_f32_f32_f32_64x32x16_1x1x1_3_nnn_align1_bias_f32_relu
:BasicsTransformerLM.layers.32.attn,PushPop,30,30,2,4,36064,9016.0,9024.0,8928,9088,71.0,"void at::native::<unnamed>::CatArrayBatchedCopy<at::native::<unnamed>::OpaqueType<(unsigned int)4>, unsigned int, (int)4, (int)64, (int)64>(T1 *, at::native::<unnamed>::CatArrInputTensorMetadata<T1, T2, T4, T5>, at::native::<unnamed>::TensorSizeStride<T2, (unsigned int)4>, int, T2)"
:BasicsTransformerLM.layers.32.attn,PushPop,30,30,2,2,30464,15232.0,15232.0,15136,15328,135.8,"void at::native::elementwise_kernel<(int)128, (int)2, void at::native::gpu_kernel_impl_nocast<at::native::BinaryFunctor<float, float, float, at::native::binary_internal::DivFunctor<float>>>(at::TensorIteratorBase &, const T1 &)::[lambda(int) (instance 1)]>(int, T3)"
:BasicsTransformerLM.layers.32.attn,PushPop,30,30,2,2,26464,13232.0,13232.0,13184,13280,67.9,"void at::native::reduce_kernel<(int)512, (int)1, at::native::ReduceOp<float, at::native::MaxOps<float>, unsigned int, float, (int)4, (int)4>>(T3)"
:BasicsTransformerLM.layers.32.attn,PushPop,30,30,2,2,26016,13008.0,13008.0,12992,13024,22.6,"void at::native::elementwise_kernel<(int)128, (int)2, void at::native::gpu_kernel_impl_nocast<at::native::<unnamed>::where_kernel_impl(at::TensorIterator &)::[lambda() (instance 1)]::operator ()() const::[lambda() (instance 11)]::operator ()() const::[lambda(bool, float, float) (instance 1)]>(at::TensorIteratorBase &, const T1 &)::[lambda(int) (instance 1)]>(int, T3)"
:BasicsTransformerLM.layers.32.attn,PushPop,30,30,2,2,25377,12688.5,12688.5,12673,12704,21.9,"void at::native::elementwise_kernel<(int)128, (int)2, void at::native::gpu_kernel_impl_nocast<at::native::CUDAFunctor_add<float>>(at::TensorIteratorBase &, const T1 &)::[lambda(int) (instance 1)]>(int, T3)"
:BasicsTransformerLM.layers.32.attn,PushPop,30,30,2,4,22208,5552.0,5552.0,4608,6496,1071.7,"void at::native::elementwise_kernel<(int)128, (int)2, void at::native::gpu_kernel_impl_nocast<at::native::direct_copy_kernel_cuda(at::TensorIteratorBase &)::[lambda() (instance 3)]::operator ()() const::[lambda() (instance 7)]::operator ()() const::[lambda(float) (instance 1)]>(at::TensorIteratorBase &, const T1 &)::[lambda(int) (instance 1)]>(int, T3)"
:BasicsTransformerLM.layers.32.attn,PushPop,30,30,2,8,16576,2072.0,2080.0,2016,2112,33.1,"void at::native::vectorized_elementwise_kernel<(int)4, at::native::CUDAFunctor_add<float>, std::array<char *, (unsigned long)3>>(int, T2, T3)"
:BasicsTransformerLM.layers.32.attn,PushPop,30,30,2,2,13952,6976.0,6976.0,6976,6976,0.0,"void at::native::reduce_kernel<(int)512, (int)1, at::native::ReduceOp<float, at::native::func_wrapper_t<float, at::native::sum_functor<float, float, float>::operator ()(at::TensorIterator &)::[lambda(float, float) (instance 1)]>, unsigned int, float, (int)4, (int)4>>(T3)"
:BasicsTransformerLM.layers.32.attn,PushPop,30,30,2,2,10369,5184.5,5184.5,5153,5216,44.5,"void at::native::vectorized_elementwise_kernel<(int)4, at::native::exp_kernel_cuda(at::TensorIteratorBase &)::[lambda() (instance 2)]::operator ()() const::[lambda() (instance 2)]::operator ()() const::[lambda(float) (instance 1)], std::array<char *, (unsigned long)2>>(int, T2, T3)"
:BasicsTransformerLM.layers.32.attn,PushPop,30,30,2,2,9984,4992.0,4992.0,4864,5120,181.0,"void at::native::vectorized_elementwise_kernel<(int)4, at::native::BUnaryFunctor<float, float, float, at::native::binary_internal::MulFunctor<float>>, std::array<char *, (unsigned long)2>>(int, T2, T3)"
:BasicsTransformerLM.layers.32.attn,PushPop,30,30,2,2,5216,2608.0,2608.0,2528,2688,113.1,"void at::native::elementwise_kernel<(int)128, (int)4, void at::native::gpu_kernel_impl_nocast<at::native::<unnamed>::CompareFunctor<long>>(at::TensorIteratorBase &, const T1 &)::[lambda(int) (instance 1)]>(int, T3)"
:BasicsTransformerLM.layers.32.attn,PushPop,30,30,2,2,2080,1040.0,1040.0,1024,1056,22.6,"void at::native::vectorized_elementwise_kernel<(int)4, at::native::FillFunctor<float>, std::array<char *, (unsigned long)1>>(int, T2, T3)"
:BasicsTransformerLM.layers.32.attn,PushPop,30,30,2,2,1920,960.0,960.0,896,1024,90.5,"void <unnamed>::elementwise_kernel_with_index<int, at::native::arange_cuda_out(const c10::Scalar &, const c10::Scalar &, const c10::Scalar &, at::Tensor &)::[lambda() (instance 1)]::operator ()() const::[lambda() (instance 4)]::operator ()() const::[lambda(long) (instance 1)]>(T1, T2, function_traits<T2>::result_type *)"
:BasicsTransformerLM.layers.32.attn.k_proj,PushPop,30,30,2,2,186976,93488.0,93488.0,93376,93600,158.4,cutlass3x_sm100_simt_sgemm_f32_f32_f32_f32_f32_64x32x16_1x1x1_3_tnn_align1_bias_f32_relu
:BasicsTransformerLM.layers.32.attn.output_proj,PushPop,30,30,2,2,188576,94288.0,94288.0,94176,94400,158.4,cutlass3x_sm100_simt_sgemm_f32_f32_f32_f32_f32_64x32x16_1x1x1_3_tnn_align1_bias_f32_relu
:BasicsTransformerLM.layers.32.attn.q_proj,PushPop,30,30,2,2,186946,93473.0,93473.0,93281,93665,271.5,cutlass3x_sm100_simt_sgemm_f32_f32_f32_f32_f32_64x32x16_1x1x1_3_tnn_align1_bias_f32_relu
:BasicsTransformerLM.layers.32.attn.v_proj,PushPop,30,30,2,2,186946,93473.0,93473.0,93441,93505,45.3,cutlass3x_sm100_simt_sgemm_f32_f32_f32_f32_f32_64x32x16_1x1x1_3_tnn_align1_bias_f32_relu
:BasicsTransformerLM.layers.32.ffn,PushPop,30,30,2,4,1249447,312361.8,312322.0,312257,312546,129.3,cutlass3x_sm100_simt_sgemm_f32_f32_f32_f32_f32_64x128x16_1x1x1_3_tnn_align1_bias_f32_relu
:BasicsTransformerLM.layers.32.ffn,PushPop,30,30,2,2,721444,360722.0,360722.0,360610,360834,158.4,cutlass3x_sm100_simt_sgemm_f32_f32_f32_f32_f32_64x32x16_1x1x1_3_tnn_align1_bias_f32_relu
:BasicsTransformerLM.layers.32.ffn,PushPop,30,30,2,4,25472,6368.0,6352.0,5632,7136,765.8,"void at::native::vectorized_elementwise_kernel<(int)4, at::native::BinaryFunctor<float, float, float, at::native::binary_internal::MulFunctor<float>>, std::array<char *, (unsigned long)3>>(int, T2, T3)"
:BasicsTransformerLM.layers.32.ffn,PushPop,30,30,2,2,11648,5824.0,5824.0,5824,5824,0.0,"void at::native::vectorized_elementwise_kernel<(int)4, at::native::sigmoid_kernel_cuda(at::TensorIteratorBase &)::[lambda() (instance 2)]::operator ()() const::[lambda() (instance 2)]::operator ()() const::[lambda(float) (instance 1)], std::array<char *, (unsigned long)2>>(int, T2, T3)"
:BasicsTransformerLM.layers.32.ffn.w1,PushPop,30,30,2,2,624803,312401.5,312401.5,312257,312546,204.4,cutlass3x_sm100_simt_sgemm_f32_f32_f32_f32_f32_64x128x16_1x1x1_3_tnn_align1_bias_f32_relu
:BasicsTransformerLM.layers.32.ffn.w2,PushPop,30,30,2,2,721444,360722.0,360722.0,360610,360834,158.4,cutlass3x_sm100_simt_sgemm_f32_f32_f32_f32_f32_64x32x16_1x1x1_3_tnn_align1_bias_f32_relu
:BasicsTransformerLM.layers.32.ffn.w3,PushPop,30,30,2,2,624644,312322.0,312322.0,312290,312354,45.3,cutlass3x_sm100_simt_sgemm_f32_f32_f32_f32_f32_64x128x16_1x1x1_3_tnn_align1_bias_f32_relu
:BasicsTransformerLM.layers.32.ln1,PushPop,30,30,2,4,18560,4640.0,4624.0,4576,4736,78.4,"void at::native::elementwise_kernel<(int)128, (int)2, void at::native::gpu_kernel_impl_nocast<at::native::BinaryFunctor<float, float, float, at::native::binary_internal::MulFunctor<float>>>(at::TensorIteratorBase &, const T1 &)::[lambda(int) (instance 1)]>(int, T3)"
:BasicsTransformerLM.layers.32.ln1,PushPop,30,30,2,2,11936,5968.0,5968.0,5952,5984,22.6,"void at::native::reduce_kernel<(int)512, (int)1, at::native::ReduceOp<float, at::native::MeanOps<float, float, float, float>, unsigned int, float, (int)4, (int)4>>(T3)"
:BasicsTransformerLM.layers.32.ln1,PushPop,30,30,2,2,4832,2416.0,2416.0,2304,2528,158.4,"void at::native::vectorized_elementwise_kernel<(int)4, void at::native::<unnamed>::pow_tensor_scalar_kernel_impl<float, float>(at::TensorIteratorBase &, T2)::[lambda(float) (instance 1)], std::array<char *, (unsigned long)2>>(int, T2, T3)"
:BasicsTransformerLM.layers.32.ln1,PushPop,30,30,2,2,2592,1296.0,1296.0,1088,1504,294.2,"void at::native::vectorized_elementwise_kernel<(int)4, at::native::CUDAFunctorOnSelf_add<float>, std::array<char *, (unsigned long)2>>(int, T2, T3)"
:BasicsTransformerLM.layers.32.ln1,PushPop,30,30,2,2,2400,1200.0,1200.0,1056,1344,203.6,"void at::native::vectorized_elementwise_kernel<(int)4, at::native::rsqrt_kernel_cuda(at::TensorIteratorBase &)::[lambda() (instance 2)]::operator ()() const::[lambda() (instance 2)]::operator ()() const::[lambda(float) (instance 1)], std::array<char *, (unsigned long)2>>(int, T2, T3)"
:BasicsTransformerLM.layers.32.ln2,PushPop,30,30,2,4,18689,4672.3,4688.0,4545,4768,100.8,"void at::native::elementwise_kernel<(int)128, (int)2, void at::native::gpu_kernel_impl_nocast<at::native::BinaryFunctor<float, float, float, at::native::binary_internal::MulFunctor<float>>>(at::TensorIteratorBase &, const T1 &)::[lambda(int) (instance 1)]>(int, T3)"
:BasicsTransformerLM.layers.32.ln2,PushPop,30,30,2,2,12128,6064.0,6064.0,5952,6176,158.4,"void at::native::reduce_kernel<(int)512, (int)1, at::native::ReduceOp<float, at::native::MeanOps<float, float, float, float>, unsigned int, float, (int)4, (int)4>>(T3)"
:BasicsTransformerLM.layers.32.ln2,PushPop,30,30,2,2,5024,2512.0,2512.0,2432,2592,113.1,"void at::native::vectorized_elementwise_kernel<(int)4, void at::native::<unnamed>::pow_tensor_scalar_kernel_impl<float, float>(at::TensorIteratorBase &, T2)::[lambda(float) (instance 1)], std::array<char *, (unsigned long)2>>(int, T2, T3)"
:BasicsTransformerLM.layers.32.ln2,PushPop,30,30,2,2,2720,1360.0,1360.0,1280,1440,113.1,"void at::native::vectorized_elementwise_kernel<(int)4, at::native::CUDAFunctorOnSelf_add<float>, std::array<char *, (unsigned long)2>>(int, T2, T3)"
:BasicsTransformerLM.layers.32.ln2,PushPop,30,30,2,2,2336,1168.0,1168.0,1152,1184,22.6,"void at::native::vectorized_elementwise_kernel<(int)4, at::native::rsqrt_kernel_cuda(at::TensorIteratorBase &)::[lambda() (instance 2)]::operator ()() const::[lambda() (instance 2)]::operator ()() const::[lambda(float) (instance 1)], std::array<char *, (unsigned long)2>>(int, T2, T3)"
:BasicsTransformerLM.layers.33,PushPop,30,30,2,10,1471016,147101.6,93632.0,93440,360802,112621.9,cutlass3x_sm100_simt_sgemm_f32_f32_f32_f32_f32_64x32x16_1x1x1_3_tnn_align1_bias_f32_relu
:BasicsTransformerLM.layers.33,PushPop,30,30,2,4,1249158,312289.5,312305.5,312001,312546,241.4,cutlass3x_sm100_simt_sgemm_f32_f32_f32_f32_f32_64x128x16_1x1x1_3_tnn_align1_bias_f32_relu
:BasicsTransformerLM.layers.33,PushPop,30,30,2,24,91905,3829.4,3488.5,3104,4672,594.7,"void at::native::elementwise_kernel<(int)128, (int)2, void at::native::gpu_kernel_impl_nocast<at::native::BinaryFunctor<float, float, float, at::native::binary_internal::MulFunctor<float>>>(at::TensorIteratorBase &, const T1 &)::[lambda(int) (instance 1)]>(int, T3)"
:BasicsTransformerLM.layers.33,PushPop,30,30,2,2,53632,26816.0,26816.0,26816,26816,0.0,cutlass3x_sm100_simt_sgemm_f32_f32_f32_f32_f32_128x64x16_1x1x1_3_tnn_align1_bias_f32_relu
:BasicsTransformerLM.layers.33,PushPop,30,30,2,2,42080,21040.0,21040.0,21024,21056,22.6,cutlass3x_sm100_simt_sgemm_f32_f32_f32_f32_f32_64x32x16_1x1x1_3_nnn_align1_bias_f32_relu
:BasicsTransformerLM.layers.33,PushPop,30,30,2,4,36256,9064.0,9072.0,8992,9120,66.0,"void at::native::<unnamed>::CatArrayBatchedCopy<at::native::<unnamed>::OpaqueType<(unsigned int)4>, unsigned int, (int)4, (int)64, (int)64>(T1 *, at::native::<unnamed>::CatArrInputTensorMetadata<T1, T2, T4, T5>, at::native::<unnamed>::TensorSizeStride<T2, (unsigned int)4>, int, T2)"
:BasicsTransformerLM.layers.33,PushPop,30,30,2,2,30528,15264.0,15264.0,15232,15296,45.3,"void at::native::elementwise_kernel<(int)128, (int)2, void at::native::gpu_kernel_impl_nocast<at::native::BinaryFunctor<float, float, float, at::native::binary_internal::DivFunctor<float>>>(at::TensorIteratorBase &, const T1 &)::[lambda(int) (instance 1)]>(int, T3)"
:BasicsTransformerLM.layers.33,PushPop,30,30,2,12,30176,2514.7,2128.0,1952,3616,722.1,"void at::native::vectorized_elementwise_kernel<(int)4, at::native::CUDAFunctor_add<float>, std::array<char *, (unsigned long)3>>(int, T2, T3)"
:BasicsTransformerLM.layers.33,PushPop,30,30,2,2,26336,13168.0,13168.0,13152,13184,22.6,"void at::native::reduce_kernel<(int)512, (int)1, at::native::ReduceOp<float, at::native::MaxOps<float>, unsigned int, float, (int)4, (int)4>>(T3)"
:BasicsTransformerLM.layers.33,PushPop,30,30,2,2,26016,13008.0,13008.0,12992,13024,22.6,"void at::native::elementwise_kernel<(int)128, (int)2, void at::native::gpu_kernel_impl_nocast<at::native::<unnamed>::where_kernel_impl(at::TensorIterator &)::[lambda() (instance 1)]::operator ()() const::[lambda() (instance 11)]::operator ()() const::[lambda(bool, float, float) (instance 1)]>(at::TensorIteratorBase &, const T1 &)::[lambda(int) (instance 1)]>(int, T3)"
:BasicsTransformerLM.layers.33,PushPop,30,30,2,4,25344,6336.0,6304.0,5600,7136,754.5,"void at::native::vectorized_elementwise_kernel<(int)4, at::native::BinaryFunctor<float, float, float, at::native::binary_internal::MulFunctor<float>>, std::array<char *, (unsigned long)3>>(int, T2, T3)"
:BasicsTransformerLM.layers.33,PushPop,30,30,2,2,25312,12656.0,12656.0,12640,12672,22.6,"void at::native::elementwise_kernel<(int)128, (int)2, void at::native::gpu_kernel_impl_nocast<at::native::CUDAFunctor_add<float>>(at::TensorIteratorBase &, const T1 &)::[lambda(int) (instance 1)]>(int, T3)"
:BasicsTransformerLM.layers.33,PushPop,30,30,2,4,23872,5968.0,5952.0,5952,6016,32.0,"void at::native::reduce_kernel<(int)512, (int)1, at::native::ReduceOp<float, at::native::MeanOps<float, float, float, float>, unsigned int, float, (int)4, (int)4>>(T3)"
:BasicsTransformerLM.layers.33,PushPop,30,30,2,4,22080,5520.0,5536.0,4608,6400,998.5,"void at::native::elementwise_kernel<(int)128, (int)2, void at::native::gpu_kernel_impl_nocast<at::native::direct_copy_kernel_cuda(at::TensorIteratorBase &)::[lambda() (instance 3)]::operator ()() const::[lambda() (instance 7)]::operator ()() const::[lambda(float) (instance 1)]>(at::TensorIteratorBase &, const T1 &)::[lambda(int) (instance 1)]>(int, T3)"
:BasicsTransformerLM.layers.33,PushPop,30,30,2,2,14080,7040.0,7040.0,7008,7072,45.3,"void at::native::reduce_kernel<(int)512, (int)1, at::native::ReduceOp<float, at::native::func_wrapper_t<float, at::native::sum_functor<float, float, float>::operator ()(at::TensorIterator &)::[lambda(float, float) (instance 1)]>, unsigned int, float, (int)4, (int)4>>(T3)"
:BasicsTransformerLM.layers.33,PushPop,30,30,2,2,11552,5776.0,5776.0,5728,5824,67.9,"void at::native::vectorized_elementwise_kernel<(int)4, at::native::sigmoid_kernel_cuda(at::TensorIteratorBase &)::[lambda() (instance 2)]::operator ()() const::[lambda() (instance 2)]::operator ()() const::[lambda(float) (instance 1)], std::array<char *, (unsigned long)2>>(int, T2, T3)"
:BasicsTransformerLM.layers.33,PushPop,30,30,2,2,10304,5152.0,5152.0,5120,5184,45.3,"void at::native::vectorized_elementwise_kernel<(int)4, at::native::exp_kernel_cuda(at::TensorIteratorBase &)::[lambda() (instance 2)]::operator ()() const::[lambda() (instance 2)]::operator ()() const::[lambda(float) (instance 1)], std::array<char *, (unsigned long)2>>(int, T2, T3)"
:BasicsTransformerLM.layers.33,PushPop,30,30,2,2,9952,4976.0,4976.0,4928,5024,67.9,"void at::native::vectorized_elementwise_kernel<(int)4, at::native::BUnaryFunctor<float, float, float, at::native::binary_internal::MulFunctor<float>>, std::array<char *, (unsigned long)2>>(int, T2, T3)"
:BasicsTransformerLM.layers.33,PushPop,30,30,2,4,9600,2400.0,2400.0,2368,2432,26.1,"void at::native::vectorized_elementwise_kernel<(int)4, void at::native::<unnamed>::pow_tensor_scalar_kernel_impl<float, float>(at::TensorIteratorBase &, T2)::[lambda(float) (instance 1)], std::array<char *, (unsigned long)2>>(int, T2, T3)"
:BasicsTransformerLM.layers.33,PushPop,30,30,2,2,5344,2672.0,2672.0,2656,2688,22.6,"void at::native::elementwise_kernel<(int)128, (int)4, void at::native::gpu_kernel_impl_nocast<at::native::<unnamed>::CompareFunctor<long>>(at::TensorIteratorBase &, const T1 &)::[lambda(int) (instance 1)]>(int, T3)"
:BasicsTransformerLM.layers.33,PushPop,30,30,2,4,5280,1320.0,1360.0,1120,1440,153.2,"void at::native::vectorized_elementwise_kernel<(int)4, at::native::CUDAFunctorOnSelf_add<float>, std::array<char *, (unsigned long)2>>(int, T2, T3)"
:BasicsTransformerLM.layers.33,PushPop,30,30,2,4,4800,1200.0,1184.0,1152,1280,55.4,"void at::native::vectorized_elementwise_kernel<(int)4, at::native::rsqrt_kernel_cuda(at::TensorIteratorBase &)::[lambda() (instance 2)]::operator ()() const::[lambda() (instance 2)]::operator ()() const::[lambda(float) (instance 1)], std::array<char *, (unsigned long)2>>(int, T2, T3)"
:BasicsTransformerLM.layers.33,PushPop,30,30,2,2,2080,1040.0,1040.0,1024,1056,22.6,"void at::native::vectorized_elementwise_kernel<(int)4, at::native::FillFunctor<float>, std::array<char *, (unsigned long)1>>(int, T2, T3)"
:BasicsTransformerLM.layers.33,PushPop,30,30,2,2,1632,816.0,816.0,704,928,158.4,"void <unnamed>::elementwise_kernel_with_index<int, at::native::arange_cuda_out(const c10::Scalar &, const c10::Scalar &, const c10::Scalar &, at::Tensor &)::[lambda() (instance 1)]::operator ()() const::[lambda() (instance 4)]::operator ()() const::[lambda(long) (instance 1)]>(T1, T2, function_traits<T2>::result_type *)"
:BasicsTransformerLM.layers.33.attn,PushPop,30,30,2,8,749444,93680.5,93536.5,93440,94241,320.3,cutlass3x_sm100_simt_sgemm_f32_f32_f32_f32_f32_64x32x16_1x1x1_3_tnn_align1_bias_f32_relu
:BasicsTransformerLM.layers.33.attn,PushPop,30,30,2,16,54817,3426.1,3456.0,3104,3712,144.8,"void at::native::elementwise_kernel<(int)128, (int)2, void at::native::gpu_kernel_impl_nocast<at::native::BinaryFunctor<float, float, float, at::native::binary_internal::MulFunctor<float>>>(at::TensorIteratorBase &, const T1 &)::[lambda(int) (instance 1)]>(int, T3)"
:BasicsTransformerLM.layers.33.attn,PushPop,30,30,2,2,53632,26816.0,26816.0,26816,26816,0.0,cutlass3x_sm100_simt_sgemm_f32_f32_f32_f32_f32_128x64x16_1x1x1_3_tnn_align1_bias_f32_relu
:BasicsTransformerLM.layers.33.attn,PushPop,30,30,2,2,42080,21040.0,21040.0,21024,21056,22.6,cutlass3x_sm100_simt_sgemm_f32_f32_f32_f32_f32_64x32x16_1x1x1_3_nnn_align1_bias_f32_relu
:BasicsTransformerLM.layers.33.attn,PushPop,30,30,2,4,36256,9064.0,9072.0,8992,9120,66.0,"void at::native::<unnamed>::CatArrayBatchedCopy<at::native::<unnamed>::OpaqueType<(unsigned int)4>, unsigned int, (int)4, (int)64, (int)64>(T1 *, at::native::<unnamed>::CatArrInputTensorMetadata<T1, T2, T4, T5>, at::native::<unnamed>::TensorSizeStride<T2, (unsigned int)4>, int, T2)"
:BasicsTransformerLM.layers.33.attn,PushPop,30,30,2,2,30528,15264.0,15264.0,15232,15296,45.3,"void at::native::elementwise_kernel<(int)128, (int)2, void at::native::gpu_kernel_impl_nocast<at::native::BinaryFunctor<float, float, float, at::native::binary_internal::DivFunctor<float>>>(at::TensorIteratorBase &, const T1 &)::[lambda(int) (instance 1)]>(int, T3)"
:BasicsTransformerLM.layers.33.attn,PushPop,30,30,2,2,26336,13168.0,13168.0,13152,13184,22.6,"void at::native::reduce_kernel<(int)512, (int)1, at::native::ReduceOp<float, at::native::MaxOps<float>, unsigned int, float, (int)4, (int)4>>(T3)"
:BasicsTransformerLM.layers.33.attn,PushPop,30,30,2,2,26016,13008.0,13008.0,12992,13024,22.6,"void at::native::elementwise_kernel<(int)128, (int)2, void at::native::gpu_kernel_impl_nocast<at::native::<unnamed>::where_kernel_impl(at::TensorIterator &)::[lambda() (instance 1)]::operator ()() const::[lambda() (instance 11)]::operator ()() const::[lambda(bool, float, float) (instance 1)]>(at::TensorIteratorBase &, const T1 &)::[lambda(int) (instance 1)]>(int, T3)"
:BasicsTransformerLM.layers.33.attn,PushPop,30,30,2,2,25312,12656.0,12656.0,12640,12672,22.6,"void at::native::elementwise_kernel<(int)128, (int)2, void at::native::gpu_kernel_impl_nocast<at::native::CUDAFunctor_add<float>>(at::TensorIteratorBase &, const T1 &)::[lambda(int) (instance 1)]>(int, T3)"
:BasicsTransformerLM.layers.33.attn,PushPop,30,30,2,4,22080,5520.0,5536.0,4608,6400,998.5,"void at::native::elementwise_kernel<(int)128, (int)2, void at::native::gpu_kernel_impl_nocast<at::native::direct_copy_kernel_cuda(at::TensorIteratorBase &)::[lambda() (instance 3)]::operator ()() const::[lambda() (instance 7)]::operator ()() const::[lambda(float) (instance 1)]>(at::TensorIteratorBase &, const T1 &)::[lambda(int) (instance 1)]>(int, T3)"
:BasicsTransformerLM.layers.33.attn,PushPop,30,30,2,8,16256,2032.0,1968.0,1952,2208,105.4,"void at::native::vectorized_elementwise_kernel<(int)4, at::native::CUDAFunctor_add<float>, std::array<char *, (unsigned long)3>>(int, T2, T3)"
:BasicsTransformerLM.layers.33.attn,PushPop,30,30,2,2,14080,7040.0,7040.0,7008,7072,45.3,"void at::native::reduce_kernel<(int)512, (int)1, at::native::ReduceOp<float, at::native::func_wrapper_t<float, at::native::sum_functor<float, float, float>::operator ()(at::TensorIterator &)::[lambda(float, float) (instance 1)]>, unsigned int, float, (int)4, (int)4>>(T3)"
:BasicsTransformerLM.layers.33.attn,PushPop,30,30,2,2,10304,5152.0,5152.0,5120,5184,45.3,"void at::native::vectorized_elementwise_kernel<(int)4, at::native::exp_kernel_cuda(at::TensorIteratorBase &)::[lambda() (instance 2)]::operator ()() const::[lambda() (instance 2)]::operator ()() const::[lambda(float) (instance 1)], std::array<char *, (unsigned long)2>>(int, T2, T3)"
:BasicsTransformerLM.layers.33.attn,PushPop,30,30,2,2,9952,4976.0,4976.0,4928,5024,67.9,"void at::native::vectorized_elementwise_kernel<(int)4, at::native::BUnaryFunctor<float, float, float, at::native::binary_internal::MulFunctor<float>>, std::array<char *, (unsigned long)2>>(int, T2, T3)"
:BasicsTransformerLM.layers.33.attn,PushPop,30,30,2,2,5344,2672.0,2672.0,2656,2688,22.6,"void at::native::elementwise_kernel<(int)128, (int)4, void at::native::gpu_kernel_impl_nocast<at::native::<unnamed>::CompareFunctor<long>>(at::TensorIteratorBase &, const T1 &)::[lambda(int) (instance 1)]>(int, T3)"
:BasicsTransformerLM.layers.33.attn,PushPop,30,30,2,2,2080,1040.0,1040.0,1024,1056,22.6,"void at::native::vectorized_elementwise_kernel<(int)4, at::native::FillFunctor<float>, std::array<char *, (unsigned long)1>>(int, T2, T3)"
:BasicsTransformerLM.layers.33.attn,PushPop,30,30,2,2,1632,816.0,816.0,704,928,158.4,"void <unnamed>::elementwise_kernel_with_index<int, at::native::arange_cuda_out(const c10::Scalar &, const c10::Scalar &, const c10::Scalar &, at::Tensor &)::[lambda() (instance 1)]::operator ()() const::[lambda() (instance 4)]::operator ()() const::[lambda(long) (instance 1)]>(T1, T2, function_traits<T2>::result_type *)"
:BasicsTransformerLM.layers.33.attn.k_proj,PushPop,30,30,2,2,186946,93473.0,93473.0,93441,93505,45.3,cutlass3x_sm100_simt_sgemm_f32_f32_f32_f32_f32_64x32x16_1x1x1_3_tnn_align1_bias_f32_relu
:BasicsTransformerLM.layers.33.attn.output_proj,PushPop,30,30,2,2,188354,94177.0,94177.0,94113,94241,90.5,cutlass3x_sm100_simt_sgemm_f32_f32_f32_f32_f32_64x32x16_1x1x1_3_tnn_align1_bias_f32_relu
:BasicsTransformerLM.layers.33.attn.q_proj,PushPop,30,30,2,2,187264,93632.0,93632.0,93568,93696,90.5,cutlass3x_sm100_simt_sgemm_f32_f32_f32_f32_f32_64x32x16_1x1x1_3_tnn_align1_bias_f32_relu
:BasicsTransformerLM.layers.33.attn.v_proj,PushPop,30,30,2,2,186880,93440.0,93440.0,93440,93440,0.0,cutlass3x_sm100_simt_sgemm_f32_f32_f32_f32_f32_64x32x16_1x1x1_3_tnn_align1_bias_f32_relu
:BasicsTransformerLM.layers.33.ffn,PushPop,30,30,2,4,1249158,312289.5,312305.5,312001,312546,241.4,cutlass3x_sm100_simt_sgemm_f32_f32_f32_f32_f32_64x128x16_1x1x1_3_tnn_align1_bias_f32_relu
:BasicsTransformerLM.layers.33.ffn,PushPop,30,30,2,2,721572,360786.0,360786.0,360770,360802,22.6,cutlass3x_sm100_simt_sgemm_f32_f32_f32_f32_f32_64x32x16_1x1x1_3_tnn_align1_bias_f32_relu
:BasicsTransformerLM.layers.33.ffn,PushPop,30,30,2,4,25344,6336.0,6304.0,5600,7136,754.5,"void at::native::vectorized_elementwise_kernel<(int)4, at::native::BinaryFunctor<float, float, float, at::native::binary_internal::MulFunctor<float>>, std::array<char *, (unsigned long)3>>(int, T2, T3)"
:BasicsTransformerLM.layers.33.ffn,PushPop,30,30,2,2,11552,5776.0,5776.0,5728,5824,67.9,"void at::native::vectorized_elementwise_kernel<(int)4, at::native::sigmoid_kernel_cuda(at::TensorIteratorBase &)::[lambda() (instance 2)]::operator ()() const::[lambda() (instance 2)]::operator ()() const::[lambda(float) (instance 1)], std::array<char *, (unsigned long)2>>(int, T2, T3)"
:BasicsTransformerLM.layers.33.ffn.w1,PushPop,30,30,2,2,624964,312482.0,312482.0,312418,312546,90.5,cutlass3x_sm100_simt_sgemm_f32_f32_f32_f32_f32_64x128x16_1x1x1_3_tnn_align1_bias_f32_relu
:BasicsTransformerLM.layers.33.ffn.w2,PushPop,30,30,2,2,721572,360786.0,360786.0,360770,360802,22.6,cutlass3x_sm100_simt_sgemm_f32_f32_f32_f32_f32_64x32x16_1x1x1_3_tnn_align1_bias_f32_relu
:BasicsTransformerLM.layers.33.ffn.w3,PushPop,30,30,2,2,624194,312097.0,312097.0,312001,312193,135.8,cutlass3x_sm100_simt_sgemm_f32_f32_f32_f32_f32_64x128x16_1x1x1_3_tnn_align1_bias_f32_relu
:BasicsTransformerLM.layers.33.ln1,PushPop,30,30,2,4,18592,4648.0,4672.0,4576,4672,48.0,"void at::native::elementwise_kernel<(int)128, (int)2, void at::native::gpu_kernel_impl_nocast<at::native::BinaryFunctor<float, float, float, at::native::binary_internal::MulFunctor<float>>>(at::TensorIteratorBase &, const T1 &)::[lambda(int) (instance 1)]>(int, T3)"
:BasicsTransformerLM.layers.33.ln1,PushPop,30,30,2,2,11968,5984.0,5984.0,5952,6016,45.3,"void at::native::reduce_kernel<(int)512, (int)1, at::native::ReduceOp<float, at::native::MeanOps<float, float, float, float>, unsigned int, float, (int)4, (int)4>>(T3)"
:BasicsTransformerLM.layers.33.ln1,PushPop,30,30,2,2,4768,2384.0,2384.0,2368,2400,22.6,"void at::native::vectorized_elementwise_kernel<(int)4, void at::native::<unnamed>::pow_tensor_scalar_kernel_impl<float, float>(at::TensorIteratorBase &, T2)::[lambda(float) (instance 1)], std::array<char *, (unsigned long)2>>(int, T2, T3)"
:BasicsTransformerLM.layers.33.ln1,PushPop,30,30,2,2,2560,1280.0,1280.0,1120,1440,226.3,"void at::native::vectorized_elementwise_kernel<(int)4, at::native::CUDAFunctorOnSelf_add<float>, std::array<char *, (unsigned long)2>>(int, T2, T3)"
:BasicsTransformerLM.layers.33.ln1,PushPop,30,30,2,2,2432,1216.0,1216.0,1152,1280,90.5,"void at::native::vectorized_elementwise_kernel<(int)4, at::native::rsqrt_kernel_cuda(at::TensorIteratorBase &)::[lambda() (instance 2)]::operator ()() const::[lambda() (instance 2)]::operator ()() const::[lambda(float) (instance 1)], std::array<char *, (unsigned long)2>>(int, T2, T3)"
:BasicsTransformerLM.layers.33.ln2,PushPop,30,30,2,4,18496,4624.0,4624.0,4576,4672,41.3,"void at::native::elementwise_kernel<(int)128, (int)2, void at::native::gpu_kernel_impl_nocast<at::native::BinaryFunctor<float, float, float, at::native::binary_internal::MulFunctor<float>>>(at::TensorIteratorBase &, const T1 &)::[lambda(int) (instance 1)]>(int, T3)"
:BasicsTransformerLM.layers.33.ln2,PushPop,30,30,2,2,11904,5952.0,5952.0,5952,5952,0.0,"void at::native::reduce_kernel<(int)512, (int)1, at::native::ReduceOp<float, at::native::MeanOps<float, float, float, float>, unsigned int, float, (int)4, (int)4>>(T3)"
:BasicsTransformerLM.layers.33.ln2,PushPop,30,30,2,2,4832,2416.0,2416.0,2400,2432,22.6,"void at::native::vectorized_elementwise_kernel<(int)4, void at::native::<unnamed>::pow_tensor_scalar_kernel_impl<float, float>(at::TensorIteratorBase &, T2)::[lambda(float) (instance 1)], std::array<char *, (unsigned long)2>>(int, T2, T3)"
:BasicsTransformerLM.layers.33.ln2,PushPop,30,30,2,2,2720,1360.0,1360.0,1280,1440,113.1,"void at::native::vectorized_elementwise_kernel<(int)4, at::native::CUDAFunctorOnSelf_add<float>, std::array<char *, (unsigned long)2>>(int, T2, T3)"
:BasicsTransformerLM.layers.33.ln2,PushPop,30,30,2,2,2368,1184.0,1184.0,1184,1184,0.0,"void at::native::vectorized_elementwise_kernel<(int)4, at::native::rsqrt_kernel_cuda(at::TensorIteratorBase &)::[lambda() (instance 2)]::operator ()() const::[lambda() (instance 2)]::operator ()() const::[lambda(float) (instance 1)], std::array<char *, (unsigned long)2>>(int, T2, T3)"
:BasicsTransformerLM.layers.34,PushPop,30,30,2,10,1472360,147236.0,93729.0,93249,361954,112729.0,cutlass3x_sm100_simt_sgemm_f32_f32_f32_f32_f32_64x32x16_1x1x1_3_tnn_align1_bias_f32_relu
:BasicsTransformerLM.layers.34,PushPop,30,30,2,4,1250055,312513.8,312481.5,312258,312834,260.2,cutlass3x_sm100_simt_sgemm_f32_f32_f32_f32_f32_64x128x16_1x1x1_3_tnn_align1_bias_f32_relu
:BasicsTransformerLM.layers.34,PushPop,30,30,2,24,91136,3797.3,3504.0,3104,4672,606.4,"void at::native::elementwise_kernel<(int)128, (int)2, void at::native::gpu_kernel_impl_nocast<at::native::BinaryFunctor<float, float, float, at::native::binary_internal::MulFunctor<float>>>(at::TensorIteratorBase &, const T1 &)::[lambda(int) (instance 1)]>(int, T3)"
:BasicsTransformerLM.layers.34,PushPop,30,30,2,2,53888,26944.0,26944.0,26880,27008,90.5,cutlass3x_sm100_simt_sgemm_f32_f32_f32_f32_f32_128x64x16_1x1x1_3_tnn_align1_bias_f32_relu
:BasicsTransformerLM.layers.34,PushPop,30,30,2,2,42400,21200.0,21200.0,21184,21216,22.6,cutlass3x_sm100_simt_sgemm_f32_f32_f32_f32_f32_64x32x16_1x1x1_3_nnn_align1_bias_f32_relu
:BasicsTransformerLM.layers.34,PushPop,30,30,2,4,36288,9072.0,9056.0,8992,9184,84.7,"void at::native::<unnamed>::CatArrayBatchedCopy<at::native::<unnamed>::OpaqueType<(unsigned int)4>, unsigned int, (int)4, (int)64, (int)64>(T1 *, at::native::<unnamed>::CatArrInputTensorMetadata<T1, T2, T4, T5>, at::native::<unnamed>::TensorSizeStride<T2, (unsigned int)4>, int, T2)"
:BasicsTransformerLM.layers.34,PushPop,30,30,2,2,30496,15248.0,15248.0,15136,15360,158.4,"void at::native::elementwise_kernel<(int)128, (int)2, void at::native::gpu_kernel_impl_nocast<at::native::BinaryFunctor<float, float, float, at::native::binary_internal::DivFunctor<float>>>(at::TensorIteratorBase &, const T1 &)::[lambda(int) (instance 1)]>(int, T3)"
:BasicsTransformerLM.layers.34,PushPop,30,30,2,12,29824,2485.3,2080.0,2016,3520,649.6,"void at::native::vectorized_elementwise_kernel<(int)4, at::native::CUDAFunctor_add<float>, std::array<char *, (unsigned long)3>>(int, T2, T3)"
:BasicsTransformerLM.layers.34,PushPop,30,30,2,2,26432,13216.0,13216.0,13184,13248,45.3,"void at::native::reduce_kernel<(int)512, (int)1, at::native::ReduceOp<float, at::native::MaxOps<float>, unsigned int, float, (int)4, (int)4>>(T3)"
:BasicsTransformerLM.layers.34,PushPop,30,30,2,2,26176,13088.0,13088.0,12992,13184,135.8,"void at::native::elementwise_kernel<(int)128, (int)2, void at::native::gpu_kernel_impl_nocast<at::native::<unnamed>::where_kernel_impl(at::TensorIterator &)::[lambda() (instance 1)]::operator ()() const::[lambda() (instance 11)]::operator ()() const::[lambda(bool, float, float) (instance 1)]>(at::TensorIteratorBase &, const T1 &)::[lambda(int) (instance 1)]>(int, T3)"
:BasicsTransformerLM.layers.34,PushPop,30,30,2,2,25409,12704.5,12704.5,12641,12768,89.8,"void at::native::elementwise_kernel<(int)128, (int)2, void at::native::gpu_kernel_impl_nocast<at::native::CUDAFunctor_add<float>>(at::TensorIteratorBase &, const T1 &)::[lambda(int) (instance 1)]>(int, T3)"
:BasicsTransformerLM.layers.34,PushPop,30,30,2,4,25280,6320.0,6320.0,5568,7072,850.1,"void at::native::vectorized_elementwise_kernel<(int)4, at::native::BinaryFunctor<float, float, float, at::native::binary_internal::MulFunctor<float>>, std::array<char *, (unsigned long)3>>(int, T2, T3)"
:BasicsTransformerLM.layers.34,PushPop,30,30,2,4,23872,5968.0,5968.0,5920,6016,55.4,"void at::native::reduce_kernel<(int)512, (int)1, at::native::ReduceOp<float, at::native::MeanOps<float, float, float, float>, unsigned int, float, (int)4, (int)4>>(T3)"
:BasicsTransformerLM.layers.34,PushPop,30,30,2,4,22016,5504.0,5504.0,4576,6432,1053.2,"void at::native::elementwise_kernel<(int)128, (int)2, void at::native::gpu_kernel_impl_nocast<at::native::direct_copy_kernel_cuda(at::TensorIteratorBase &)::[lambda() (instance 3)]::operator ()() const::[lambda() (instance 7)]::operator ()() const::[lambda(float) (instance 1)]>(at::TensorIteratorBase &, const T1 &)::[lambda(int) (instance 1)]>(int, T3)"
:BasicsTransformerLM.layers.34,PushPop,30,30,2,2,14017,7008.5,7008.5,6945,7072,89.8,"void at::native::reduce_kernel<(int)512, (int)1, at::native::ReduceOp<float, at::native::func_wrapper_t<float, at::native::sum_functor<float, float, float>::operator ()(at::TensorIterator &)::[lambda(float, float) (instance 1)]>, unsigned int, float, (int)4, (int)4>>(T3)"
:BasicsTransformerLM.layers.34,PushPop,30,30,2,2,11616,5808.0,5808.0,5728,5888,113.1,"void at::native::vectorized_elementwise_kernel<(int)4, at::native::sigmoid_kernel_cuda(at::TensorIteratorBase &)::[lambda() (instance 2)]::operator ()() const::[lambda() (instance 2)]::operator ()() const::[lambda(float) (instance 1)], std::array<char *, (unsigned long)2>>(int, T2, T3)"
:BasicsTransformerLM.layers.34,PushPop,30,30,2,2,10272,5136.0,5136.0,5120,5152,22.6,"void at::native::vectorized_elementwise_kernel<(int)4, at::native::exp_kernel_cuda(at::TensorIteratorBase &)::[lambda() (instance 2)]::operator ()() const::[lambda() (instance 2)]::operator ()() const::[lambda(float) (instance 1)], std::array<char *, (unsigned long)2>>(int, T2, T3)"
:BasicsTransformerLM.layers.34,PushPop,30,30,2,2,9984,4992.0,4992.0,4992,4992,0.0,"void at::native::vectorized_elementwise_kernel<(int)4, at::native::BUnaryFunctor<float, float, float, at::native::binary_internal::MulFunctor<float>>, std::array<char *, (unsigned long)2>>(int, T2, T3)"
:BasicsTransformerLM.layers.34,PushPop,30,30,2,4,9536,2384.0,2384.0,2336,2432,55.4,"void at::native::vectorized_elementwise_kernel<(int)4, void at::native::<unnamed>::pow_tensor_scalar_kernel_impl<float, float>(at::TensorIteratorBase &, T2)::[lambda(float) (instance 1)], std::array<char *, (unsigned long)2>>(int, T2, T3)"
:BasicsTransformerLM.layers.34,PushPop,30,30,2,4,5344,1336.0,1360.0,1120,1504,183.6,"void at::native::vectorized_elementwise_kernel<(int)4, at::native::CUDAFunctorOnSelf_add<float>, std::array<char *, (unsigned long)2>>(int, T2, T3)"
:BasicsTransformerLM.layers.34,PushPop,30,30,2,2,5088,2544.0,2544.0,2496,2592,67.9,"void at::native::elementwise_kernel<(int)128, (int)4, void at::native::gpu_kernel_impl_nocast<at::native::<unnamed>::CompareFunctor<long>>(at::TensorIteratorBase &, const T1 &)::[lambda(int) (instance 1)]>(int, T3)"
:BasicsTransformerLM.layers.34,PushPop,30,30,2,4,4704,1176.0,1168.0,1088,1280,80.0,"void at::native::vectorized_elementwise_kernel<(int)4, at::native::rsqrt_kernel_cuda(at::TensorIteratorBase &)::[lambda() (instance 2)]::operator ()() const::[lambda() (instance 2)]::operator ()() const::[lambda(float) (instance 1)], std::array<char *, (unsigned long)2>>(int, T2, T3)"
:BasicsTransformerLM.layers.34,PushPop,30,30,2,2,2080,1040.0,1040.0,1024,1056,22.6,"void at::native::vectorized_elementwise_kernel<(int)4, at::native::FillFunctor<float>, std::array<char *, (unsigned long)1>>(int, T2, T3)"
:BasicsTransformerLM.layers.34,PushPop,30,30,2,2,1664,832.0,832.0,736,928,135.8,"void <unnamed>::elementwise_kernel_with_index<int, at::native::arange_cuda_out(const c10::Scalar &, const c10::Scalar &, const c10::Scalar &, at::Tensor &)::[lambda() (instance 1)]::operator ()() const::[lambda() (instance 4)]::operator ()() const::[lambda(long) (instance 1)]>(T1, T2, function_traits<T2>::result_type *)"
:BasicsTransformerLM.layers.34.attn,PushPop,30,30,2,8,750116,93764.5,93633.0,93249,94336,375.4,cutlass3x_sm100_simt_sgemm_f32_f32_f32_f32_f32_64x32x16_1x1x1_3_tnn_align1_bias_f32_relu
:BasicsTransformerLM.layers.34.attn,PushPop,30,30,2,16,54208,3388.0,3440.0,3104,3552,164.8,"void at::native::elementwise_kernel<(int)128, (int)2, void at::native::gpu_kernel_impl_nocast<at::native::BinaryFunctor<float, float, float, at::native::binary_internal::MulFunctor<float>>>(at::TensorIteratorBase &, const T1 &)::[lambda(int) (instance 1)]>(int, T3)"
:BasicsTransformerLM.layers.34.attn,PushPop,30,30,2,2,53888,26944.0,26944.0,26880,27008,90.5,cutlass3x_sm100_simt_sgemm_f32_f32_f32_f32_f32_128x64x16_1x1x1_3_tnn_align1_bias_f32_relu
:BasicsTransformerLM.layers.34.attn,PushPop,30,30,2,2,42400,21200.0,21200.0,21184,21216,22.6,cutlass3x_sm100_simt_sgemm_f32_f32_f32_f32_f32_64x32x16_1x1x1_3_nnn_align1_bias_f32_relu
:BasicsTransformerLM.layers.34.attn,PushPop,30,30,2,4,36288,9072.0,9056.0,8992,9184,84.7,"void at::native::<unnamed>::CatArrayBatchedCopy<at::native::<unnamed>::OpaqueType<(unsigned int)4>, unsigned int, (int)4, (int)64, (int)64>(T1 *, at::native::<unnamed>::CatArrInputTensorMetadata<T1, T2, T4, T5>, at::native::<unnamed>::TensorSizeStride<T2, (unsigned int)4>, int, T2)"
:BasicsTransformerLM.layers.34.attn,PushPop,30,30,2,2,30496,15248.0,15248.0,15136,15360,158.4,"void at::native::elementwise_kernel<(int)128, (int)2, void at::native::gpu_kernel_impl_nocast<at::native::BinaryFunctor<float, float, float, at::native::binary_internal::DivFunctor<float>>>(at::TensorIteratorBase &, const T1 &)::[lambda(int) (instance 1)]>(int, T3)"
:BasicsTransformerLM.layers.34.attn,PushPop,30,30,2,2,26432,13216.0,13216.0,13184,13248,45.3,"void at::native::reduce_kernel<(int)512, (int)1, at::native::ReduceOp<float, at::native::MaxOps<float>, unsigned int, float, (int)4, (int)4>>(T3)"
:BasicsTransformerLM.layers.34.attn,PushPop,30,30,2,2,26176,13088.0,13088.0,12992,13184,135.8,"void at::native::elementwise_kernel<(int)128, (int)2, void at::native::gpu_kernel_impl_nocast<at::native::<unnamed>::where_kernel_impl(at::TensorIterator &)::[lambda() (instance 1)]::operator ()() const::[lambda() (instance 11)]::operator ()() const::[lambda(bool, float, float) (instance 1)]>(at::TensorIteratorBase &, const T1 &)::[lambda(int) (instance 1)]>(int, T3)"
:BasicsTransformerLM.layers.34.attn,PushPop,30,30,2,2,25409,12704.5,12704.5,12641,12768,89.8,"void at::native::elementwise_kernel<(int)128, (int)2, void at::native::gpu_kernel_impl_nocast<at::native::CUDAFunctor_add<float>>(at::TensorIteratorBase &, const T1 &)::[lambda(int) (instance 1)]>(int, T3)"
:BasicsTransformerLM.layers.34.attn,PushPop,30,30,2,4,22016,5504.0,5504.0,4576,6432,1053.2,"void at::native::elementwise_kernel<(int)128, (int)2, void at::native::gpu_kernel_impl_nocast<at::native::direct_copy_kernel_cuda(at::TensorIteratorBase &)::[lambda() (instance 3)]::operator ()() const::[lambda() (instance 7)]::operator ()() const::[lambda(float) (instance 1)]>(at::TensorIteratorBase &, const T1 &)::[lambda(int) (instance 1)]>(int, T3)"
:BasicsTransformerLM.layers.34.attn,PushPop,30,30,2,8,16384,2048.0,2048.0,2016,2080,34.2,"void at::native::vectorized_elementwise_kernel<(int)4, at::native::CUDAFunctor_add<float>, std::array<char *, (unsigned long)3>>(int, T2, T3)"
:BasicsTransformerLM.layers.34.attn,PushPop,30,30,2,2,14017,7008.5,7008.5,6945,7072,89.8,"void at::native::reduce_kernel<(int)512, (int)1, at::native::ReduceOp<float, at::native::func_wrapper_t<float, at::native::sum_functor<float, float, float>::operator ()(at::TensorIterator &)::[lambda(float, float) (instance 1)]>, unsigned int, float, (int)4, (int)4>>(T3)"
:BasicsTransformerLM.layers.34.attn,PushPop,30,30,2,2,10272,5136.0,5136.0,5120,5152,22.6,"void at::native::vectorized_elementwise_kernel<(int)4, at::native::exp_kernel_cuda(at::TensorIteratorBase &)::[lambda() (instance 2)]::operator ()() const::[lambda() (instance 2)]::operator ()() const::[lambda(float) (instance 1)], std::array<char *, (unsigned long)2>>(int, T2, T3)"
:BasicsTransformerLM.layers.34.attn,PushPop,30,30,2,2,9984,4992.0,4992.0,4992,4992,0.0,"void at::native::vectorized_elementwise_kernel<(int)4, at::native::BUnaryFunctor<float, float, float, at::native::binary_internal::MulFunctor<float>>, std::array<char *, (unsigned long)2>>(int, T2, T3)"
:BasicsTransformerLM.layers.34.attn,PushPop,30,30,2,2,5088,2544.0,2544.0,2496,2592,67.9,"void at::native::elementwise_kernel<(int)128, (int)4, void at::native::gpu_kernel_impl_nocast<at::native::<unnamed>::CompareFunctor<long>>(at::TensorIteratorBase &, const T1 &)::[lambda(int) (instance 1)]>(int, T3)"
:BasicsTransformerLM.layers.34.attn,PushPop,30,30,2,2,2080,1040.0,1040.0,1024,1056,22.6,"void at::native::vectorized_elementwise_kernel<(int)4, at::native::FillFunctor<float>, std::array<char *, (unsigned long)1>>(int, T2, T3)"
:BasicsTransformerLM.layers.34.attn,PushPop,30,30,2,2,1664,832.0,832.0,736,928,135.8,"void <unnamed>::elementwise_kernel_with_index<int, at::native::arange_cuda_out(const c10::Scalar &, const c10::Scalar &, const c10::Scalar &, at::Tensor &)::[lambda() (instance 1)]::operator ()() const::[lambda() (instance 4)]::operator ()() const::[lambda(long) (instance 1)]>(T1, T2, function_traits<T2>::result_type *)"
:BasicsTransformerLM.layers.34.attn.k_proj,PushPop,30,30,2,2,187168,93584.0,93584.0,93568,93600,22.6,cutlass3x_sm100_simt_sgemm_f32_f32_f32_f32_f32_64x32x16_1x1x1_3_tnn_align1_bias_f32_relu
:BasicsTransformerLM.layers.34.attn.output_proj,PushPop,30,30,2,2,188640,94320.0,94320.0,94304,94336,22.6,cutlass3x_sm100_simt_sgemm_f32_f32_f32_f32_f32_64x32x16_1x1x1_3_tnn_align1_bias_f32_relu
:BasicsTransformerLM.layers.34.attn.q_proj,PushPop,30,30,2,2,187266,93633.0,93633.0,93601,93665,45.3,cutlass3x_sm100_simt_sgemm_f32_f32_f32_f32_f32_64x32x16_1x1x1_3_tnn_align1_bias_f32_relu
:BasicsTransformerLM.layers.34.attn.v_proj,PushPop,30,30,2,2,187042,93521.0,93521.0,93249,93793,384.7,cutlass3x_sm100_simt_sgemm_f32_f32_f32_f32_f32_64x32x16_1x1x1_3_tnn_align1_bias_f32_relu
:BasicsTransformerLM.layers.34.ffn,PushPop,30,30,2,4,1250055,312513.8,312481.5,312258,312834,260.2,cutlass3x_sm100_simt_sgemm_f32_f32_f32_f32_f32_64x128x16_1x1x1_3_tnn_align1_bias_f32_relu
:BasicsTransformerLM.layers.34.ffn,PushPop,30,30,2,2,722244,361122.0,361122.0,360290,361954,1176.6,cutlass3x_sm100_simt_sgemm_f32_f32_f32_f32_f32_64x32x16_1x1x1_3_tnn_align1_bias_f32_relu
:BasicsTransformerLM.layers.34.ffn,PushPop,30,30,2,4,25280,6320.0,6320.0,5568,7072,850.1,"void at::native::vectorized_elementwise_kernel<(int)4, at::native::BinaryFunctor<float, float, float, at::native::binary_internal::MulFunctor<float>>, std::array<char *, (unsigned long)3>>(int, T2, T3)"
:BasicsTransformerLM.layers.34.ffn,PushPop,30,30,2,2,11616,5808.0,5808.0,5728,5888,113.1,"void at::native::vectorized_elementwise_kernel<(int)4, at::native::sigmoid_kernel_cuda(at::TensorIteratorBase &)::[lambda() (instance 2)]::operator ()() const::[lambda() (instance 2)]::operator ()() const::[lambda(float) (instance 1)], std::array<char *, (unsigned long)2>>(int, T2, T3)"
:BasicsTransformerLM.layers.34.ffn.w1,PushPop,30,30,2,2,625187,312593.5,312593.5,312353,312834,340.1,cutlass3x_sm100_simt_sgemm_f32_f32_f32_f32_f32_64x128x16_1x1x1_3_tnn_align1_bias_f32_relu
:BasicsTransformerLM.layers.34.ffn.w2,PushPop,30,30,2,2,722244,361122.0,361122.0,360290,361954,1176.6,cutlass3x_sm100_simt_sgemm_f32_f32_f32_f32_f32_64x32x16_1x1x1_3_tnn_align1_bias_f32_relu
:BasicsTransformerLM.layers.34.ffn.w3,PushPop,30,30,2,2,624868,312434.0,312434.0,312258,312610,248.9,cutlass3x_sm100_simt_sgemm_f32_f32_f32_f32_f32_64x128x16_1x1x1_3_tnn_align1_bias_f32_relu
:BasicsTransformerLM.layers.34.ln1,PushPop,30,30,2,4,18560,4640.0,4640.0,4608,4672,26.1,"void at::native::elementwise_kernel<(int)128, (int)2, void at::native::gpu_kernel_impl_nocast<at::native::BinaryFunctor<float, float, float, at::native::binary_internal::MulFunctor<float>>>(at::TensorIteratorBase &, const T1 &)::[lambda(int) (instance 1)]>(int, T3)"
:BasicsTransformerLM.layers.34.ln1,PushPop,30,30,2,2,11936,5968.0,5968.0,5920,6016,67.9,"void at::native::reduce_kernel<(int)512, (int)1, at::native::ReduceOp<float, at::native::MeanOps<float, float, float, float>, unsigned int, float, (int)4, (int)4>>(T3)"
:BasicsTransformerLM.layers.34.ln1,PushPop,30,30,2,2,4768,2384.0,2384.0,2336,2432,67.9,"void at::native::vectorized_elementwise_kernel<(int)4, void at::native::<unnamed>::pow_tensor_scalar_kernel_impl<float, float>(at::TensorIteratorBase &, T2)::[lambda(float) (instance 1)], std::array<char *, (unsigned long)2>>(int, T2, T3)"
:BasicsTransformerLM.layers.34.ln1,PushPop,30,30,2,2,2592,1296.0,1296.0,1120,1472,248.9,"void at::native::vectorized_elementwise_kernel<(int)4, at::native::CUDAFunctorOnSelf_add<float>, std::array<char *, (unsigned long)2>>(int, T2, T3)"
:BasicsTransformerLM.layers.34.ln1,PushPop,30,30,2,2,2240,1120.0,1120.0,1088,1152,45.3,"void at::native::vectorized_elementwise_kernel<(int)4, at::native::rsqrt_kernel_cuda(at::TensorIteratorBase &)::[lambda() (instance 2)]::operator ()() const::[lambda() (instance 2)]::operator ()() const::[lambda(float) (instance 1)], std::array<char *, (unsigned long)2>>(int, T2, T3)"
:BasicsTransformerLM.layers.34.ln2,PushPop,30,30,2,4,18368,4592.0,4592.0,4576,4608,18.5,"void at::native::elementwise_kernel<(int)128, (int)2, void at::native::gpu_kernel_impl_nocast<at::native::BinaryFunctor<float, float, float, at::native::binary_internal::MulFunctor<float>>>(at::TensorIteratorBase &, const T1 &)::[lambda(int) (instance 1)]>(int, T3)"
:BasicsTransformerLM.layers.34.ln2,PushPop,30,30,2,2,11936,5968.0,5968.0,5920,6016,67.9,"void at::native::reduce_kernel<(int)512, (int)1, at::native::ReduceOp<float, at::native::MeanOps<float, float, float, float>, unsigned int, float, (int)4, (int)4>>(T3)"
:BasicsTransformerLM.layers.34.ln2,PushPop,30,30,2,2,4768,2384.0,2384.0,2336,2432,67.9,"void at::native::vectorized_elementwise_kernel<(int)4, void at::native::<unnamed>::pow_tensor_scalar_kernel_impl<float, float>(at::TensorIteratorBase &, T2)::[lambda(float) (instance 1)], std::array<char *, (unsigned long)2>>(int, T2, T3)"
:BasicsTransformerLM.layers.34.ln2,PushPop,30,30,2,2,2752,1376.0,1376.0,1248,1504,181.0,"void at::native::vectorized_elementwise_kernel<(int)4, at::native::CUDAFunctorOnSelf_add<float>, std::array<char *, (unsigned long)2>>(int, T2, T3)"
:BasicsTransformerLM.layers.34.ln2,PushPop,30,30,2,2,2464,1232.0,1232.0,1184,1280,67.9,"void at::native::vectorized_elementwise_kernel<(int)4, at::native::rsqrt_kernel_cuda(at::TensorIteratorBase &)::[lambda() (instance 2)]::operator ()() const::[lambda() (instance 2)]::operator ()() const::[lambda(float) (instance 1)], std::array<char *, (unsigned long)2>>(int, T2, T3)"
:BasicsTransformerLM.layers.35,PushPop,30,30,2,10,1471208,147120.8,93824.5,93376,360418,112350.5,cutlass3x_sm100_simt_sgemm_f32_f32_f32_f32_f32_64x32x16_1x1x1_3_tnn_align1_bias_f32_relu
:BasicsTransformerLM.layers.35,PushPop,30,30,2,4,1249222,312305.5,312385.5,311745,312706,423.8,cutlass3x_sm100_simt_sgemm_f32_f32_f32_f32_f32_64x128x16_1x1x1_3_tnn_align1_bias_f32_relu
:BasicsTransformerLM.layers.35,PushPop,30,30,2,24,92000,3833.3,3488.0,3104,4832,628.7,"void at::native::elementwise_kernel<(int)128, (int)2, void at::native::gpu_kernel_impl_nocast<at::native::BinaryFunctor<float, float, float, at::native::binary_internal::MulFunctor<float>>>(at::TensorIteratorBase &, const T1 &)::[lambda(int) (instance 1)]>(int, T3)"
:BasicsTransformerLM.layers.35,PushPop,30,30,2,2,53920,26960.0,26960.0,26880,27040,113.1,cutlass3x_sm100_simt_sgemm_f32_f32_f32_f32_f32_128x64x16_1x1x1_3_tnn_align1_bias_f32_relu
:BasicsTransformerLM.layers.35,PushPop,30,30,2,2,42112,21056.0,21056.0,21024,21088,45.3,cutlass3x_sm100_simt_sgemm_f32_f32_f32_f32_f32_64x32x16_1x1x1_3_nnn_align1_bias_f32_relu
:BasicsTransformerLM.layers.35,PushPop,30,30,2,4,36512,9128.0,9040.0,8960,9472,241.4,"void at::native::<unnamed>::CatArrayBatchedCopy<at::native::<unnamed>::OpaqueType<(unsigned int)4>, unsigned int, (int)4, (int)64, (int)64>(T1 *, at::native::<unnamed>::CatArrInputTensorMetadata<T1, T2, T4, T5>, at::native::<unnamed>::TensorSizeStride<T2, (unsigned int)4>, int, T2)"
:BasicsTransformerLM.layers.35,PushPop,30,30,2,2,30464,15232.0,15232.0,15200,15264,45.3,"void at::native::elementwise_kernel<(int)128, (int)2, void at::native::gpu_kernel_impl_nocast<at::native::BinaryFunctor<float, float, float, at::native::binary_internal::DivFunctor<float>>>(at::TensorIteratorBase &, const T1 &)::[lambda(int) (instance 1)]>(int, T3)"
:BasicsTransformerLM.layers.35,PushPop,30,30,2,12,29888,2490.7,2064.0,1920,3552,707.1,"void at::native::vectorized_elementwise_kernel<(int)4, at::native::CUDAFunctor_add<float>, std::array<char *, (unsigned long)3>>(int, T2, T3)"
:BasicsTransformerLM.layers.35,PushPop,30,30,2,2,26272,13136.0,13136.0,13088,13184,67.9,"void at::native::elementwise_kernel<(int)128, (int)2, void at::native::gpu_kernel_impl_nocast<at::native::<unnamed>::where_kernel_impl(at::TensorIterator &)::[lambda() (instance 1)]::operator ()() const::[lambda() (instance 11)]::operator ()() const::[lambda(bool, float, float) (instance 1)]>(at::TensorIteratorBase &, const T1 &)::[lambda(int) (instance 1)]>(int, T3)"
:BasicsTransformerLM.layers.35,PushPop,30,30,2,2,26240,13120.0,13120.0,13088,13152,45.3,"void at::native::reduce_kernel<(int)512, (int)1, at::native::ReduceOp<float, at::native::MaxOps<float>, unsigned int, float, (int)4, (int)4>>(T3)"
:BasicsTransformerLM.layers.35,PushPop,30,30,2,4,25600,6400.0,6416.0,5600,7168,802.3,"void at::native::vectorized_elementwise_kernel<(int)4, at::native::BinaryFunctor<float, float, float, at::native::binary_internal::MulFunctor<float>>, std::array<char *, (unsigned long)3>>(int, T2, T3)"
:BasicsTransformerLM.layers.35,PushPop,30,30,2,2,25248,12624.0,12624.0,12608,12640,22.6,"void at::native::elementwise_kernel<(int)128, (int)2, void at::native::gpu_kernel_impl_nocast<at::native::CUDAFunctor_add<float>>(at::TensorIteratorBase &, const T1 &)::[lambda(int) (instance 1)]>(int, T3)"
:BasicsTransformerLM.layers.35,PushPop,30,30,2,4,24032,6008.0,5984.0,5984,6080,48.0,"void at::native::reduce_kernel<(int)512, (int)1, at::native::ReduceOp<float, at::native::MeanOps<float, float, float, float>, unsigned int, float, (int)4, (int)4>>(T3)"
:BasicsTransformerLM.layers.35,PushPop,30,30,2,4,22368,5592.0,5536.0,4640,6656,1085.9,"void at::native::elementwise_kernel<(int)128, (int)2, void at::native::gpu_kernel_impl_nocast<at::native::direct_copy_kernel_cuda(at::TensorIteratorBase &)::[lambda() (instance 3)]::operator ()() const::[lambda() (instance 7)]::operator ()() const::[lambda(float) (instance 1)]>(at::TensorIteratorBase &, const T1 &)::[lambda(int) (instance 1)]>(int, T3)"
:BasicsTransformerLM.layers.35,PushPop,30,30,2,2,13888,6944.0,6944.0,6912,6976,45.3,"void at::native::reduce_kernel<(int)512, (int)1, at::native::ReduceOp<float, at::native::func_wrapper_t<float, at::native::sum_functor<float, float, float>::operator ()(at::TensorIterator &)::[lambda(float, float) (instance 1)]>, unsigned int, float, (int)4, (int)4>>(T3)"
:BasicsTransformerLM.layers.35,PushPop,30,30,2,2,11616,5808.0,5808.0,5728,5888,113.1,"void at::native::vectorized_elementwise_kernel<(int)4, at::native::sigmoid_kernel_cuda(at::TensorIteratorBase &)::[lambda() (instance 2)]::operator ()() const::[lambda() (instance 2)]::operator ()() const::[lambda(float) (instance 1)], std::array<char *, (unsigned long)2>>(int, T2, T3)"
:BasicsTransformerLM.layers.35,PushPop,30,30,2,2,10368,5184.0,5184.0,5152,5216,45.3,"void at::native::vectorized_elementwise_kernel<(int)4, at::native::exp_kernel_cuda(at::TensorIteratorBase &)::[lambda() (instance 2)]::operator ()() const::[lambda() (instance 2)]::operator ()() const::[lambda(float) (instance 1)], std::array<char *, (unsigned long)2>>(int, T2, T3)"
:BasicsTransformerLM.layers.35,PushPop,30,30,2,4,9984,2496.0,2512.0,2400,2560,78.4,"void at::native::vectorized_elementwise_kernel<(int)4, void at::native::<unnamed>::pow_tensor_scalar_kernel_impl<float, float>(at::TensorIteratorBase &, T2)::[lambda(float) (instance 1)], std::array<char *, (unsigned long)2>>(int, T2, T3)"
:BasicsTransformerLM.layers.35,PushPop,30,30,2,2,9920,4960.0,4960.0,4960,4960,0.0,"void at::native::vectorized_elementwise_kernel<(int)4, at::native::BUnaryFunctor<float, float, float, at::native::binary_internal::MulFunctor<float>>, std::array<char *, (unsigned long)2>>(int, T2, T3)"
:BasicsTransformerLM.layers.35,PushPop,30,30,2,2,5408,2704.0,2704.0,2624,2784,113.1,"void at::native::elementwise_kernel<(int)128, (int)4, void at::native::gpu_kernel_impl_nocast<at::native::<unnamed>::CompareFunctor<long>>(at::TensorIteratorBase &, const T1 &)::[lambda(int) (instance 1)]>(int, T3)"
:BasicsTransformerLM.layers.35,PushPop,30,30,2,4,5152,1288.0,1264.0,1120,1504,159.7,"void at::native::vectorized_elementwise_kernel<(int)4, at::native::CUDAFunctorOnSelf_add<float>, std::array<char *, (unsigned long)2>>(int, T2, T3)"
:BasicsTransformerLM.layers.35,PushPop,30,30,2,4,4768,1192.0,1184.0,1152,1248,40.3,"void at::native::vectorized_elementwise_kernel<(int)4, at::native::rsqrt_kernel_cuda(at::TensorIteratorBase &)::[lambda() (instance 2)]::operator ()() const::[lambda() (instance 2)]::operator ()() const::[lambda(float) (instance 1)], std::array<char *, (unsigned long)2>>(int, T2, T3)"
:BasicsTransformerLM.layers.35,PushPop,30,30,2,2,2048,1024.0,1024.0,1024,1024,0.0,"void at::native::vectorized_elementwise_kernel<(int)4, at::native::FillFunctor<float>, std::array<char *, (unsigned long)1>>(int, T2, T3)"
:BasicsTransformerLM.layers.35,PushPop,30,30,2,2,1664,832.0,832.0,736,928,135.8,"void <unnamed>::elementwise_kernel_with_index<int, at::native::arange_cuda_out(const c10::Scalar &, const c10::Scalar &, const c10::Scalar &, at::Tensor &)::[lambda() (instance 1)]::operator ()() const::[lambda() (instance 4)]::operator ()() const::[lambda(long) (instance 1)]>(T1, T2, function_traits<T2>::result_type *)"
:BasicsTransformerLM.layers.35.attn,PushPop,30,30,2,8,750628,93828.5,93712.5,93376,94369,361.2,cutlass3x_sm100_simt_sgemm_f32_f32_f32_f32_f32_64x32x16_1x1x1_3_tnn_align1_bias_f32_relu
:BasicsTransformerLM.layers.35.attn,PushPop,30,30,2,16,54496,3406.0,3472.0,3104,3520,133.2,"void at::native::elementwise_kernel<(int)128, (int)2, void at::native::gpu_kernel_impl_nocast<at::native::BinaryFunctor<float, float, float, at::native::binary_internal::MulFunctor<float>>>(at::TensorIteratorBase &, const T1 &)::[lambda(int) (instance 1)]>(int, T3)"
:BasicsTransformerLM.layers.35.attn,PushPop,30,30,2,2,53920,26960.0,26960.0,26880,27040,113.1,cutlass3x_sm100_simt_sgemm_f32_f32_f32_f32_f32_128x64x16_1x1x1_3_tnn_align1_bias_f32_relu
:BasicsTransformerLM.layers.35.attn,PushPop,30,30,2,2,42112,21056.0,21056.0,21024,21088,45.3,cutlass3x_sm100_simt_sgemm_f32_f32_f32_f32_f32_64x32x16_1x1x1_3_nnn_align1_bias_f32_relu
:BasicsTransformerLM.layers.35.attn,PushPop,30,30,2,4,36512,9128.0,9040.0,8960,9472,241.4,"void at::native::<unnamed>::CatArrayBatchedCopy<at::native::<unnamed>::OpaqueType<(unsigned int)4>, unsigned int, (int)4, (int)64, (int)64>(T1 *, at::native::<unnamed>::CatArrInputTensorMetadata<T1, T2, T4, T5>, at::native::<unnamed>::TensorSizeStride<T2, (unsigned int)4>, int, T2)"
:BasicsTransformerLM.layers.35.attn,PushPop,30,30,2,2,30464,15232.0,15232.0,15200,15264,45.3,"void at::native::elementwise_kernel<(int)128, (int)2, void at::native::gpu_kernel_impl_nocast<at::native::BinaryFunctor<float, float, float, at::native::binary_internal::DivFunctor<float>>>(at::TensorIteratorBase &, const T1 &)::[lambda(int) (instance 1)]>(int, T3)"
:BasicsTransformerLM.layers.35.attn,PushPop,30,30,2,2,26272,13136.0,13136.0,13088,13184,67.9,"void at::native::elementwise_kernel<(int)128, (int)2, void at::native::gpu_kernel_impl_nocast<at::native::<unnamed>::where_kernel_impl(at::TensorIterator &)::[lambda() (instance 1)]::operator ()() const::[lambda() (instance 11)]::operator ()() const::[lambda(bool, float, float) (instance 1)]>(at::TensorIteratorBase &, const T1 &)::[lambda(int) (instance 1)]>(int, T3)"
:BasicsTransformerLM.layers.35.attn,PushPop,30,30,2,2,26240,13120.0,13120.0,13088,13152,45.3,"void at::native::reduce_kernel<(int)512, (int)1, at::native::ReduceOp<float, at::native::MaxOps<float>, unsigned int, float, (int)4, (int)4>>(T3)"
:BasicsTransformerLM.layers.35.attn,PushPop,30,30,2,2,25248,12624.0,12624.0,12608,12640,22.6,"void at::native::elementwise_kernel<(int)128, (int)2, void at::native::gpu_kernel_impl_nocast<at::native::CUDAFunctor_add<float>>(at::TensorIteratorBase &, const T1 &)::[lambda(int) (instance 1)]>(int, T3)"
:BasicsTransformerLM.layers.35.attn,PushPop,30,30,2,4,22368,5592.0,5536.0,4640,6656,1085.9,"void at::native::elementwise_kernel<(int)128, (int)2, void at::native::gpu_kernel_impl_nocast<at::native::direct_copy_kernel_cuda(at::TensorIteratorBase &)::[lambda() (instance 3)]::operator ()() const::[lambda() (instance 7)]::operator ()() const::[lambda(float) (instance 1)]>(at::TensorIteratorBase &, const T1 &)::[lambda(int) (instance 1)]>(int, T3)"
:BasicsTransformerLM.layers.35.attn,PushPop,30,30,2,8,16128,2016.0,2000.0,1920,2144,76.5,"void at::native::vectorized_elementwise_kernel<(int)4, at::native::CUDAFunctor_add<float>, std::array<char *, (unsigned long)3>>(int, T2, T3)"
:BasicsTransformerLM.layers.35.attn,PushPop,30,30,2,2,13888,6944.0,6944.0,6912,6976,45.3,"void at::native::reduce_kernel<(int)512, (int)1, at::native::ReduceOp<float, at::native::func_wrapper_t<float, at::native::sum_functor<float, float, float>::operator ()(at::TensorIterator &)::[lambda(float, float) (instance 1)]>, unsigned int, float, (int)4, (int)4>>(T3)"
:BasicsTransformerLM.layers.35.attn,PushPop,30,30,2,2,10368,5184.0,5184.0,5152,5216,45.3,"void at::native::vectorized_elementwise_kernel<(int)4, at::native::exp_kernel_cuda(at::TensorIteratorBase &)::[lambda() (instance 2)]::operator ()() const::[lambda() (instance 2)]::operator ()() const::[lambda(float) (instance 1)], std::array<char *, (unsigned long)2>>(int, T2, T3)"
:BasicsTransformerLM.layers.35.attn,PushPop,30,30,2,2,9920,4960.0,4960.0,4960,4960,0.0,"void at::native::vectorized_elementwise_kernel<(int)4, at::native::BUnaryFunctor<float, float, float, at::native::binary_internal::MulFunctor<float>>, std::array<char *, (unsigned long)2>>(int, T2, T3)"
:BasicsTransformerLM.layers.35.attn,PushPop,30,30,2,2,5408,2704.0,2704.0,2624,2784,113.1,"void at::native::elementwise_kernel<(int)128, (int)4, void at::native::gpu_kernel_impl_nocast<at::native::<unnamed>::CompareFunctor<long>>(at::TensorIteratorBase &, const T1 &)::[lambda(int) (instance 1)]>(int, T3)"
:BasicsTransformerLM.layers.35.attn,PushPop,30,30,2,2,2048,1024.0,1024.0,1024,1024,0.0,"void at::native::vectorized_elementwise_kernel<(int)4, at::native::FillFunctor<float>, std::array<char *, (unsigned long)1>>(int, T2, T3)"
:BasicsTransformerLM.layers.35.attn,PushPop,30,30,2,2,1664,832.0,832.0,736,928,135.8,"void <unnamed>::elementwise_kernel_with_index<int, at::native::arange_cuda_out(const c10::Scalar &, const c10::Scalar &, const c10::Scalar &, at::Tensor &)::[lambda() (instance 1)]::operator ()() const::[lambda() (instance 4)]::operator ()() const::[lambda(long) (instance 1)]>(T1, T2, function_traits<T2>::result_type *)"
:BasicsTransformerLM.layers.35.attn.k_proj,PushPop,30,30,2,2,187234,93617.0,93617.0,93505,93729,158.4,cutlass3x_sm100_simt_sgemm_f32_f32_f32_f32_f32_64x32x16_1x1x1_3_tnn_align1_bias_f32_relu
:BasicsTransformerLM.layers.35.attn.output_proj,PushPop,30,30,2,2,188706,94353.0,94353.0,94337,94369,22.6,cutlass3x_sm100_simt_sgemm_f32_f32_f32_f32_f32_64x32x16_1x1x1_3_tnn_align1_bias_f32_relu
:BasicsTransformerLM.layers.35.attn.q_proj,PushPop,30,30,2,2,187072,93536.0,93536.0,93376,93696,226.3,cutlass3x_sm100_simt_sgemm_f32_f32_f32_f32_f32_64x32x16_1x1x1_3_tnn_align1_bias_f32_relu
:BasicsTransformerLM.layers.35.attn.v_proj,PushPop,30,30,2,2,187616,93808.0,93808.0,93696,93920,158.4,cutlass3x_sm100_simt_sgemm_f32_f32_f32_f32_f32_64x32x16_1x1x1_3_tnn_align1_bias_f32_relu
:BasicsTransformerLM.layers.35.ffn,PushPop,30,30,2,4,1249222,312305.5,312385.5,311745,312706,423.8,cutlass3x_sm100_simt_sgemm_f32_f32_f32_f32_f32_64x128x16_1x1x1_3_tnn_align1_bias_f32_relu
:BasicsTransformerLM.layers.35.ffn,PushPop,30,30,2,2,720580,360290.0,360290.0,360162,360418,181.0,cutlass3x_sm100_simt_sgemm_f32_f32_f32_f32_f32_64x32x16_1x1x1_3_tnn_align1_bias_f32_relu
:BasicsTransformerLM.layers.35.ffn,PushPop,30,30,2,4,25600,6400.0,6416.0,5600,7168,802.3,"void at::native::vectorized_elementwise_kernel<(int)4, at::native::BinaryFunctor<float, float, float, at::native::binary_internal::MulFunctor<float>>, std::array<char *, (unsigned long)3>>(int, T2, T3)"
:BasicsTransformerLM.layers.35.ffn,PushPop,30,30,2,2,11616,5808.0,5808.0,5728,5888,113.1,"void at::native::vectorized_elementwise_kernel<(int)4, at::native::sigmoid_kernel_cuda(at::TensorIteratorBase &)::[lambda() (instance 2)]::operator ()() const::[lambda() (instance 2)]::operator ()() const::[lambda(float) (instance 1)], std::array<char *, (unsigned long)2>>(int, T2, T3)"
:BasicsTransformerLM.layers.35.ffn.w1,PushPop,30,30,2,2,625252,312626.0,312626.0,312546,312706,113.1,cutlass3x_sm100_simt_sgemm_f32_f32_f32_f32_f32_64x128x16_1x1x1_3_tnn_align1_bias_f32_relu
:BasicsTransformerLM.layers.35.ffn.w2,PushPop,30,30,2,2,720580,360290.0,360290.0,360162,360418,181.0,cutlass3x_sm100_simt_sgemm_f32_f32_f32_f32_f32_64x32x16_1x1x1_3_tnn_align1_bias_f32_relu
:BasicsTransformerLM.layers.35.ffn.w3,PushPop,30,30,2,2,623970,311985.0,311985.0,311745,312225,339.4,cutlass3x_sm100_simt_sgemm_f32_f32_f32_f32_f32_64x128x16_1x1x1_3_tnn_align1_bias_f32_relu
:BasicsTransformerLM.layers.35.ln1,PushPop,30,30,2,4,18944,4736.0,4752.0,4608,4832,101.2,"void at::native::elementwise_kernel<(int)128, (int)2, void at::native::gpu_kernel_impl_nocast<at::native::BinaryFunctor<float, float, float, at::native::binary_internal::MulFunctor<float>>>(at::TensorIteratorBase &, const T1 &)::[lambda(int) (instance 1)]>(int, T3)"
:BasicsTransformerLM.layers.35.ln1,PushPop,30,30,2,2,12064,6032.0,6032.0,5984,6080,67.9,"void at::native::reduce_kernel<(int)512, (int)1, at::native::ReduceOp<float, at::native::MeanOps<float, float, float, float>, unsigned int, float, (int)4, (int)4>>(T3)"
:BasicsTransformerLM.layers.35.ln1,PushPop,30,30,2,2,4864,2432.0,2432.0,2400,2464,45.3,"void at::native::vectorized_elementwise_kernel<(int)4, void at::native::<unnamed>::pow_tensor_scalar_kernel_impl<float, float>(at::TensorIteratorBase &, T2)::[lambda(float) (instance 1)], std::array<char *, (unsigned long)2>>(int, T2, T3)"
:BasicsTransformerLM.layers.35.ln1,PushPop,30,30,2,2,2624,1312.0,1312.0,1120,1504,271.5,"void at::native::vectorized_elementwise_kernel<(int)4, at::native::CUDAFunctorOnSelf_add<float>, std::array<char *, (unsigned long)2>>(int, T2, T3)"
:BasicsTransformerLM.layers.35.ln1,PushPop,30,30,2,2,2432,1216.0,1216.0,1184,1248,45.3,"void at::native::vectorized_elementwise_kernel<(int)4, at::native::rsqrt_kernel_cuda(at::TensorIteratorBase &)::[lambda() (instance 2)]::operator ()() const::[lambda() (instance 2)]::operator ()() const::[lambda(float) (instance 1)], std::array<char *, (unsigned long)2>>(int, T2, T3)"
:BasicsTransformerLM.layers.35.ln2,PushPop,30,30,2,4,18560,4640.0,4640.0,4576,4704,58.4,"void at::native::elementwise_kernel<(int)128, (int)2, void at::native::gpu_kernel_impl_nocast<at::native::BinaryFunctor<float, float, float, at::native::binary_internal::MulFunctor<float>>>(at::TensorIteratorBase &, const T1 &)::[lambda(int) (instance 1)]>(int, T3)"
:BasicsTransformerLM.layers.35.ln2,PushPop,30,30,2,2,11968,5984.0,5984.0,5984,5984,0.0,"void at::native::reduce_kernel<(int)512, (int)1, at::native::ReduceOp<float, at::native::MeanOps<float, float, float, float>, unsigned int, float, (int)4, (int)4>>(T3)"
:BasicsTransformerLM.layers.35.ln2,PushPop,30,30,2,2,5120,2560.0,2560.0,2560,2560,0.0,"void at::native::vectorized_elementwise_kernel<(int)4, void at::native::<unnamed>::pow_tensor_scalar_kernel_impl<float, float>(at::TensorIteratorBase &, T2)::[lambda(float) (instance 1)], std::array<char *, (unsigned long)2>>(int, T2, T3)"
:BasicsTransformerLM.layers.35.ln2,PushPop,30,30,2,2,2528,1264.0,1264.0,1248,1280,22.6,"void at::native::vectorized_elementwise_kernel<(int)4, at::native::CUDAFunctorOnSelf_add<float>, std::array<char *, (unsigned long)2>>(int, T2, T3)"
:BasicsTransformerLM.layers.35.ln2,PushPop,30,30,2,2,2336,1168.0,1168.0,1152,1184,22.6,"void at::native::vectorized_elementwise_kernel<(int)4, at::native::rsqrt_kernel_cuda(at::TensorIteratorBase &)::[lambda() (instance 2)]::operator ()() const::[lambda() (instance 2)]::operator ()() const::[lambda(float) (instance 1)], std::array<char *, (unsigned long)2>>(int, T2, T3)"
:BasicsTransformerLM.layers.4,PushPop,30,30,2,10,1466280,146628.0,93440.5,93057,359714,112188.7,cutlass3x_sm100_simt_sgemm_f32_f32_f32_f32_f32_64x32x16_1x1x1_3_tnn_align1_bias_f32_relu
:BasicsTransformerLM.layers.4,PushPop,30,30,2,4,1246854,311713.5,311745.5,311554,311809,110.5,cutlass3x_sm100_simt_sgemm_f32_f32_f32_f32_f32_64x128x16_1x1x1_3_tnn_align1_bias_f32_relu
:BasicsTransformerLM.layers.4,PushPop,30,30,2,24,91520,3813.3,3520.0,3136,4832,626.1,"void at::native::elementwise_kernel<(int)128, (int)2, void at::native::gpu_kernel_impl_nocast<at::native::BinaryFunctor<float, float, float, at::native::binary_internal::MulFunctor<float>>>(at::TensorIteratorBase &, const T1 &)::[lambda(int) (instance 1)]>(int, T3)"
:BasicsTransformerLM.layers.4,PushPop,30,30,2,2,53632,26816.0,26816.0,26816,26816,0.0,cutlass3x_sm100_simt_sgemm_f32_f32_f32_f32_f32_128x64x16_1x1x1_3_tnn_align1_bias_f32_relu
:BasicsTransformerLM.layers.4,PushPop,30,30,2,2,42432,21216.0,21216.0,21184,21248,45.3,cutlass3x_sm100_simt_sgemm_f32_f32_f32_f32_f32_64x32x16_1x1x1_3_nnn_align1_bias_f32_relu
:BasicsTransformerLM.layers.4,PushPop,30,30,2,4,36128,9032.0,9040.0,8896,9152,139.2,"void at::native::<unnamed>::CatArrayBatchedCopy<at::native::<unnamed>::OpaqueType<(unsigned int)4>, unsigned int, (int)4, (int)64, (int)64>(T1 *, at::native::<unnamed>::CatArrInputTensorMetadata<T1, T2, T4, T5>, at::native::<unnamed>::TensorSizeStride<T2, (unsigned int)4>, int, T2)"
:BasicsTransformerLM.layers.4,PushPop,30,30,2,2,30240,15120.0,15120.0,15104,15136,22.6,"void at::native::elementwise_kernel<(int)128, (int)2, void at::native::gpu_kernel_impl_nocast<at::native::BinaryFunctor<float, float, float, at::native::binary_internal::DivFunctor<float>>>(at::TensorIteratorBase &, const T1 &)::[lambda(int) (instance 1)]>(int, T3)"
:BasicsTransformerLM.layers.4,PushPop,30,30,2,12,29888,2490.7,2112.0,2016,3360,607.9,"void at::native::vectorized_elementwise_kernel<(int)4, at::native::CUDAFunctor_add<float>, std::array<char *, (unsigned long)3>>(int, T2, T3)"
:BasicsTransformerLM.layers.4,PushPop,30,30,2,2,26272,13136.0,13136.0,13088,13184,67.9,"void at::native::reduce_kernel<(int)512, (int)1, at::native::ReduceOp<float, at::native::MaxOps<float>, unsigned int, float, (int)4, (int)4>>(T3)"
:BasicsTransformerLM.layers.4,PushPop,30,30,2,2,25986,12993.0,12993.0,12993,12993,0.0,"void at::native::elementwise_kernel<(int)128, (int)2, void at::native::gpu_kernel_impl_nocast<at::native::<unnamed>::where_kernel_impl(at::TensorIterator &)::[lambda() (instance 1)]::operator ()() const::[lambda() (instance 11)]::operator ()() const::[lambda(bool, float, float) (instance 1)]>(at::TensorIteratorBase &, const T1 &)::[lambda(int) (instance 1)]>(int, T3)"
:BasicsTransformerLM.layers.4,PushPop,30,30,2,4,25856,6464.0,6384.0,5600,7488,973.8,"void at::native::vectorized_elementwise_kernel<(int)4, at::native::BinaryFunctor<float, float, float, at::native::binary_internal::MulFunctor<float>>, std::array<char *, (unsigned long)3>>(int, T2, T3)"
:BasicsTransformerLM.layers.4,PushPop,30,30,2,2,25408,12704.0,12704.0,12704,12704,0.0,"void at::native::elementwise_kernel<(int)128, (int)2, void at::native::gpu_kernel_impl_nocast<at::native::CUDAFunctor_add<float>>(at::TensorIteratorBase &, const T1 &)::[lambda(int) (instance 1)]>(int, T3)"
:BasicsTransformerLM.layers.4,PushPop,30,30,2,4,24032,6008.0,6016.0,5952,6048,40.3,"void at::native::reduce_kernel<(int)512, (int)1, at::native::ReduceOp<float, at::native::MeanOps<float, float, float, float>, unsigned int, float, (int)4, (int)4>>(T3)"
:BasicsTransformerLM.layers.4,PushPop,30,30,2,4,22400,5600.0,5536.0,4608,6720,1100.2,"void at::native::elementwise_kernel<(int)128, (int)2, void at::native::gpu_kernel_impl_nocast<at::native::direct_copy_kernel_cuda(at::TensorIteratorBase &)::[lambda() (instance 3)]::operator ()() const::[lambda() (instance 7)]::operator ()() const::[lambda(float) (instance 1)]>(at::TensorIteratorBase &, const T1 &)::[lambda(int) (instance 1)]>(int, T3)"
:BasicsTransformerLM.layers.4,PushPop,30,30,2,2,13888,6944.0,6944.0,6944,6944,0.0,"void at::native::reduce_kernel<(int)512, (int)1, at::native::ReduceOp<float, at::native::func_wrapper_t<float, at::native::sum_functor<float, float, float>::operator ()(at::TensorIterator &)::[lambda(float, float) (instance 1)]>, unsigned int, float, (int)4, (int)4>>(T3)"
:BasicsTransformerLM.layers.4,PushPop,30,30,2,2,11488,5744.0,5744.0,5728,5760,22.6,"void at::native::vectorized_elementwise_kernel<(int)4, at::native::sigmoid_kernel_cuda(at::TensorIteratorBase &)::[lambda() (instance 2)]::operator ()() const::[lambda() (instance 2)]::operator ()() const::[lambda(float) (instance 1)], std::array<char *, (unsigned long)2>>(int, T2, T3)"
:BasicsTransformerLM.layers.4,PushPop,30,30,2,2,10368,5184.0,5184.0,5152,5216,45.3,"void at::native::vectorized_elementwise_kernel<(int)4, at::native::exp_kernel_cuda(at::TensorIteratorBase &)::[lambda() (instance 2)]::operator ()() const::[lambda() (instance 2)]::operator ()() const::[lambda(float) (instance 1)], std::array<char *, (unsigned long)2>>(int, T2, T3)"
:BasicsTransformerLM.layers.4,PushPop,30,30,2,2,10208,5104.0,5104.0,4960,5248,203.6,"void at::native::vectorized_elementwise_kernel<(int)4, at::native::BUnaryFunctor<float, float, float, at::native::binary_internal::MulFunctor<float>>, std::array<char *, (unsigned long)2>>(int, T2, T3)"
:BasicsTransformerLM.layers.4,PushPop,30,30,2,4,9408,2352.0,2352.0,2304,2400,41.3,"void at::native::vectorized_elementwise_kernel<(int)4, void at::native::<unnamed>::pow_tensor_scalar_kernel_impl<float, float>(at::TensorIteratorBase &, T2)::[lambda(float) (instance 1)], std::array<char *, (unsigned long)2>>(int, T2, T3)"
:BasicsTransformerLM.layers.4,PushPop,30,30,2,4,6112,1528.0,1472.0,1472,1696,112.0,"void at::native::vectorized_elementwise_kernel<(int)4, at::native::CUDAFunctorOnSelf_add<float>, std::array<char *, (unsigned long)2>>(int, T2, T3)"
:BasicsTransformerLM.layers.4,PushPop,30,30,2,2,5088,2544.0,2544.0,2464,2624,113.1,"void at::native::elementwise_kernel<(int)128, (int)4, void at::native::gpu_kernel_impl_nocast<at::native::<unnamed>::CompareFunctor<long>>(at::TensorIteratorBase &, const T1 &)::[lambda(int) (instance 1)]>(int, T3)"
:BasicsTransformerLM.layers.4,PushPop,30,30,2,4,4800,1200.0,1168.0,1152,1312,76.2,"void at::native::vectorized_elementwise_kernel<(int)4, at::native::rsqrt_kernel_cuda(at::TensorIteratorBase &)::[lambda() (instance 2)]::operator ()() const::[lambda() (instance 2)]::operator ()() const::[lambda(float) (instance 1)], std::array<char *, (unsigned long)2>>(int, T2, T3)"
:BasicsTransformerLM.layers.4,PushPop,30,30,2,2,1792,896.0,896.0,736,1056,226.3,"void <unnamed>::elementwise_kernel_with_index<int, at::native::arange_cuda_out(const c10::Scalar &, const c10::Scalar &, const c10::Scalar &, at::Tensor &)::[lambda() (instance 1)]::operator ()() const::[lambda() (instance 4)]::operator ()() const::[lambda(long) (instance 1)]>(T1, T2, function_traits<T2>::result_type *)"
:BasicsTransformerLM.layers.4,PushPop,30,30,2,2,1728,864.0,864.0,864,864,0.0,"void at::native::vectorized_elementwise_kernel<(int)4, at::native::FillFunctor<float>, std::array<char *, (unsigned long)1>>(int, T2, T3)"
:BasicsTransformerLM.layers.4.attn,PushPop,30,30,2,8,747300,93412.5,93233.0,93057,94016,373.8,cutlass3x_sm100_simt_sgemm_f32_f32_f32_f32_f32_64x32x16_1x1x1_3_tnn_align1_bias_f32_relu
:BasicsTransformerLM.layers.4.attn,PushPop,30,30,2,16,54272,3392.0,3440.0,3136,3584,162.7,"void at::native::elementwise_kernel<(int)128, (int)2, void at::native::gpu_kernel_impl_nocast<at::native::BinaryFunctor<float, float, float, at::native::binary_internal::MulFunctor<float>>>(at::TensorIteratorBase &, const T1 &)::[lambda(int) (instance 1)]>(int, T3)"
:BasicsTransformerLM.layers.4.attn,PushPop,30,30,2,2,53632,26816.0,26816.0,26816,26816,0.0,cutlass3x_sm100_simt_sgemm_f32_f32_f32_f32_f32_128x64x16_1x1x1_3_tnn_align1_bias_f32_relu
:BasicsTransformerLM.layers.4.attn,PushPop,30,30,2,2,42432,21216.0,21216.0,21184,21248,45.3,cutlass3x_sm100_simt_sgemm_f32_f32_f32_f32_f32_64x32x16_1x1x1_3_nnn_align1_bias_f32_relu
:BasicsTransformerLM.layers.4.attn,PushPop,30,30,2,4,36128,9032.0,9040.0,8896,9152,139.2,"void at::native::<unnamed>::CatArrayBatchedCopy<at::native::<unnamed>::OpaqueType<(unsigned int)4>, unsigned int, (int)4, (int)64, (int)64>(T1 *, at::native::<unnamed>::CatArrInputTensorMetadata<T1, T2, T4, T5>, at::native::<unnamed>::TensorSizeStride<T2, (unsigned int)4>, int, T2)"
:BasicsTransformerLM.layers.4.attn,PushPop,30,30,2,2,30240,15120.0,15120.0,15104,15136,22.6,"void at::native::elementwise_kernel<(int)128, (int)2, void at::native::gpu_kernel_impl_nocast<at::native::BinaryFunctor<float, float, float, at::native::binary_internal::DivFunctor<float>>>(at::TensorIteratorBase &, const T1 &)::[lambda(int) (instance 1)]>(int, T3)"
:BasicsTransformerLM.layers.4.attn,PushPop,30,30,2,2,26272,13136.0,13136.0,13088,13184,67.9,"void at::native::reduce_kernel<(int)512, (int)1, at::native::ReduceOp<float, at::native::MaxOps<float>, unsigned int, float, (int)4, (int)4>>(T3)"
:BasicsTransformerLM.layers.4.attn,PushPop,30,30,2,2,25986,12993.0,12993.0,12993,12993,0.0,"void at::native::elementwise_kernel<(int)128, (int)2, void at::native::gpu_kernel_impl_nocast<at::native::<unnamed>::where_kernel_impl(at::TensorIterator &)::[lambda() (instance 1)]::operator ()() const::[lambda() (instance 11)]::operator ()() const::[lambda(bool, float, float) (instance 1)]>(at::TensorIteratorBase &, const T1 &)::[lambda(int) (instance 1)]>(int, T3)"
:BasicsTransformerLM.layers.4.attn,PushPop,30,30,2,2,25408,12704.0,12704.0,12704,12704,0.0,"void at::native::elementwise_kernel<(int)128, (int)2, void at::native::gpu_kernel_impl_nocast<at::native::CUDAFunctor_add<float>>(at::TensorIteratorBase &, const T1 &)::[lambda(int) (instance 1)]>(int, T3)"
:BasicsTransformerLM.layers.4.attn,PushPop,30,30,2,4,22400,5600.0,5536.0,4608,6720,1100.2,"void at::native::elementwise_kernel<(int)128, (int)2, void at::native::gpu_kernel_impl_nocast<at::native::direct_copy_kernel_cuda(at::TensorIteratorBase &)::[lambda() (instance 3)]::operator ()() const::[lambda() (instance 7)]::operator ()() const::[lambda(float) (instance 1)]>(at::TensorIteratorBase &, const T1 &)::[lambda(int) (instance 1)]>(int, T3)"
:BasicsTransformerLM.layers.4.attn,PushPop,30,30,2,8,16640,2080.0,2080.0,2016,2112,34.2,"void at::native::vectorized_elementwise_kernel<(int)4, at::native::CUDAFunctor_add<float>, std::array<char *, (unsigned long)3>>(int, T2, T3)"
:BasicsTransformerLM.layers.4.attn,PushPop,30,30,2,2,13888,6944.0,6944.0,6944,6944,0.0,"void at::native::reduce_kernel<(int)512, (int)1, at::native::ReduceOp<float, at::native::func_wrapper_t<float, at::native::sum_functor<float, float, float>::operator ()(at::TensorIterator &)::[lambda(float, float) (instance 1)]>, unsigned int, float, (int)4, (int)4>>(T3)"
:BasicsTransformerLM.layers.4.attn,PushPop,30,30,2,2,10368,5184.0,5184.0,5152,5216,45.3,"void at::native::vectorized_elementwise_kernel<(int)4, at::native::exp_kernel_cuda(at::TensorIteratorBase &)::[lambda() (instance 2)]::operator ()() const::[lambda() (instance 2)]::operator ()() const::[lambda(float) (instance 1)], std::array<char *, (unsigned long)2>>(int, T2, T3)"
:BasicsTransformerLM.layers.4.attn,PushPop,30,30,2,2,10208,5104.0,5104.0,4960,5248,203.6,"void at::native::vectorized_elementwise_kernel<(int)4, at::native::BUnaryFunctor<float, float, float, at::native::binary_internal::MulFunctor<float>>, std::array<char *, (unsigned long)2>>(int, T2, T3)"
:BasicsTransformerLM.layers.4.attn,PushPop,30,30,2,2,5088,2544.0,2544.0,2464,2624,113.1,"void at::native::elementwise_kernel<(int)128, (int)4, void at::native::gpu_kernel_impl_nocast<at::native::<unnamed>::CompareFunctor<long>>(at::TensorIteratorBase &, const T1 &)::[lambda(int) (instance 1)]>(int, T3)"
:BasicsTransformerLM.layers.4.attn,PushPop,30,30,2,2,1792,896.0,896.0,736,1056,226.3,"void <unnamed>::elementwise_kernel_with_index<int, at::native::arange_cuda_out(const c10::Scalar &, const c10::Scalar &, const c10::Scalar &, at::Tensor &)::[lambda() (instance 1)]::operator ()() const::[lambda() (instance 4)]::operator ()() const::[lambda(long) (instance 1)]>(T1, T2, function_traits<T2>::result_type *)"
:BasicsTransformerLM.layers.4.attn,PushPop,30,30,2,2,1728,864.0,864.0,864,864,0.0,"void at::native::vectorized_elementwise_kernel<(int)4, at::native::FillFunctor<float>, std::array<char *, (unsigned long)1>>(int, T2, T3)"
:BasicsTransformerLM.layers.4.attn.k_proj,PushPop,30,30,2,2,186688,93344.0,93344.0,93088,93600,362.0,cutlass3x_sm100_simt_sgemm_f32_f32_f32_f32_f32_64x32x16_1x1x1_3_tnn_align1_bias_f32_relu
:BasicsTransformerLM.layers.4.attn.output_proj,PushPop,30,30,2,2,187904,93952.0,93952.0,93888,94016,90.5,cutlass3x_sm100_simt_sgemm_f32_f32_f32_f32_f32_64x32x16_1x1x1_3_tnn_align1_bias_f32_relu
:BasicsTransformerLM.layers.4.attn.q_proj,PushPop,30,30,2,2,186466,93233.0,93233.0,93185,93281,67.9,cutlass3x_sm100_simt_sgemm_f32_f32_f32_f32_f32_64x32x16_1x1x1_3_tnn_align1_bias_f32_relu
:BasicsTransformerLM.layers.4.attn.v_proj,PushPop,30,30,2,2,186242,93121.0,93121.0,93057,93185,90.5,cutlass3x_sm100_simt_sgemm_f32_f32_f32_f32_f32_64x32x16_1x1x1_3_tnn_align1_bias_f32_relu
:BasicsTransformerLM.layers.4.ffn,PushPop,30,30,2,4,1246854,311713.5,311745.5,311554,311809,110.5,cutlass3x_sm100_simt_sgemm_f32_f32_f32_f32_f32_64x128x16_1x1x1_3_tnn_align1_bias_f32_relu
:BasicsTransformerLM.layers.4.ffn,PushPop,30,30,2,2,718980,359490.0,359490.0,359266,359714,316.8,cutlass3x_sm100_simt_sgemm_f32_f32_f32_f32_f32_64x32x16_1x1x1_3_tnn_align1_bias_f32_relu
:BasicsTransformerLM.layers.4.ffn,PushPop,30,30,2,4,25856,6464.0,6384.0,5600,7488,973.8,"void at::native::vectorized_elementwise_kernel<(int)4, at::native::BinaryFunctor<float, float, float, at::native::binary_internal::MulFunctor<float>>, std::array<char *, (unsigned long)3>>(int, T2, T3)"
:BasicsTransformerLM.layers.4.ffn,PushPop,30,30,2,2,11488,5744.0,5744.0,5728,5760,22.6,"void at::native::vectorized_elementwise_kernel<(int)4, at::native::sigmoid_kernel_cuda(at::TensorIteratorBase &)::[lambda() (instance 2)]::operator ()() const::[lambda() (instance 2)]::operator ()() const::[lambda(float) (instance 1)], std::array<char *, (unsigned long)2>>(int, T2, T3)"
:BasicsTransformerLM.layers.4.ffn.w1,PushPop,30,30,2,2,623554,311777.0,311777.0,311745,311809,45.3,cutlass3x_sm100_simt_sgemm_f32_f32_f32_f32_f32_64x128x16_1x1x1_3_tnn_align1_bias_f32_relu
:BasicsTransformerLM.layers.4.ffn.w2,PushPop,30,30,2,2,718980,359490.0,359490.0,359266,359714,316.8,cutlass3x_sm100_simt_sgemm_f32_f32_f32_f32_f32_64x32x16_1x1x1_3_tnn_align1_bias_f32_relu
:BasicsTransformerLM.layers.4.ffn.w3,PushPop,30,30,2,2,623300,311650.0,311650.0,311554,311746,135.8,cutlass3x_sm100_simt_sgemm_f32_f32_f32_f32_f32_64x128x16_1x1x1_3_tnn_align1_bias_f32_relu
:BasicsTransformerLM.layers.4.ln1,PushPop,30,30,2,4,18496,4624.0,4592.0,4512,4800,123.9,"void at::native::elementwise_kernel<(int)128, (int)2, void at::native::gpu_kernel_impl_nocast<at::native::BinaryFunctor<float, float, float, at::native::binary_internal::MulFunctor<float>>>(at::TensorIteratorBase &, const T1 &)::[lambda(int) (instance 1)]>(int, T3)"
:BasicsTransformerLM.layers.4.ln1,PushPop,30,30,2,2,12000,6000.0,6000.0,5952,6048,67.9,"void at::native::reduce_kernel<(int)512, (int)1, at::native::ReduceOp<float, at::native::MeanOps<float, float, float, float>, unsigned int, float, (int)4, (int)4>>(T3)"
:BasicsTransformerLM.layers.4.ln1,PushPop,30,30,2,2,4640,2320.0,2320.0,2304,2336,22.6,"void at::native::vectorized_elementwise_kernel<(int)4, void at::native::<unnamed>::pow_tensor_scalar_kernel_impl<float, float>(at::TensorIteratorBase &, T2)::[lambda(float) (instance 1)], std::array<char *, (unsigned long)2>>(int, T2, T3)"
:BasicsTransformerLM.layers.4.ln1,PushPop,30,30,2,2,3168,1584.0,1584.0,1472,1696,158.4,"void at::native::vectorized_elementwise_kernel<(int)4, at::native::CUDAFunctorOnSelf_add<float>, std::array<char *, (unsigned long)2>>(int, T2, T3)"
:BasicsTransformerLM.layers.4.ln1,PushPop,30,30,2,2,2496,1248.0,1248.0,1184,1312,90.5,"void at::native::vectorized_elementwise_kernel<(int)4, at::native::rsqrt_kernel_cuda(at::TensorIteratorBase &)::[lambda() (instance 2)]::operator ()() const::[lambda() (instance 2)]::operator ()() const::[lambda(float) (instance 1)], std::array<char *, (unsigned long)2>>(int, T2, T3)"
:BasicsTransformerLM.layers.4.ln2,PushPop,30,30,2,4,18752,4688.0,4672.0,4576,4832,118.3,"void at::native::elementwise_kernel<(int)128, (int)2, void at::native::gpu_kernel_impl_nocast<at::native::BinaryFunctor<float, float, float, at::native::binary_internal::MulFunctor<float>>>(at::TensorIteratorBase &, const T1 &)::[lambda(int) (instance 1)]>(int, T3)"
:BasicsTransformerLM.layers.4.ln2,PushPop,30,30,2,2,12032,6016.0,6016.0,6016,6016,0.0,"void at::native::reduce_kernel<(int)512, (int)1, at::native::ReduceOp<float, at::native::MeanOps<float, float, float, float>, unsigned int, float, (int)4, (int)4>>(T3)"
:BasicsTransformerLM.layers.4.ln2,PushPop,30,30,2,2,4768,2384.0,2384.0,2368,2400,22.6,"void at::native::vectorized_elementwise_kernel<(int)4, void at::native::<unnamed>::pow_tensor_scalar_kernel_impl<float, float>(at::TensorIteratorBase &, T2)::[lambda(float) (instance 1)], std::array<char *, (unsigned long)2>>(int, T2, T3)"
:BasicsTransformerLM.layers.4.ln2,PushPop,30,30,2,2,2944,1472.0,1472.0,1472,1472,0.0,"void at::native::vectorized_elementwise_kernel<(int)4, at::native::CUDAFunctorOnSelf_add<float>, std::array<char *, (unsigned long)2>>(int, T2, T3)"
:BasicsTransformerLM.layers.4.ln2,PushPop,30,30,2,2,2304,1152.0,1152.0,1152,1152,0.0,"void at::native::vectorized_elementwise_kernel<(int)4, at::native::rsqrt_kernel_cuda(at::TensorIteratorBase &)::[lambda() (instance 2)]::operator ()() const::[lambda() (instance 2)]::operator ()() const::[lambda(float) (instance 1)], std::array<char *, (unsigned long)2>>(int, T2, T3)"
:BasicsTransformerLM.layers.5,PushPop,30,30,2,10,1468263,146826.3,93568.5,93216,360034,112269.5,cutlass3x_sm100_simt_sgemm_f32_f32_f32_f32_f32_64x32x16_1x1x1_3_tnn_align1_bias_f32_relu
:BasicsTransformerLM.layers.5,PushPop,30,30,2,4,1248326,312081.5,312129.5,311809,312258,218.0,cutlass3x_sm100_simt_sgemm_f32_f32_f32_f32_f32_64x128x16_1x1x1_3_tnn_align1_bias_f32_relu
:BasicsTransformerLM.layers.5,PushPop,30,30,2,24,91872,3828.0,3520.0,3104,4768,619.1,"void at::native::elementwise_kernel<(int)128, (int)2, void at::native::gpu_kernel_impl_nocast<at::native::BinaryFunctor<float, float, float, at::native::binary_internal::MulFunctor<float>>>(at::TensorIteratorBase &, const T1 &)::[lambda(int) (instance 1)]>(int, T3)"
:BasicsTransformerLM.layers.5,PushPop,30,30,2,2,53568,26784.0,26784.0,26784,26784,0.0,cutlass3x_sm100_simt_sgemm_f32_f32_f32_f32_f32_128x64x16_1x1x1_3_tnn_align1_bias_f32_relu
:BasicsTransformerLM.layers.5,PushPop,30,30,2,2,42208,21104.0,21104.0,21056,21152,67.9,cutlass3x_sm100_simt_sgemm_f32_f32_f32_f32_f32_64x32x16_1x1x1_3_nnn_align1_bias_f32_relu
:BasicsTransformerLM.layers.5,PushPop,30,30,2,4,36226,9056.5,9056.5,8896,9217,167.9,"void at::native::<unnamed>::CatArrayBatchedCopy<at::native::<unnamed>::OpaqueType<(unsigned int)4>, unsigned int, (int)4, (int)64, (int)64>(T1 *, at::native::<unnamed>::CatArrInputTensorMetadata<T1, T2, T4, T5>, at::native::<unnamed>::TensorSizeStride<T2, (unsigned int)4>, int, T2)"
:BasicsTransformerLM.layers.5,PushPop,30,30,2,2,30528,15264.0,15264.0,15200,15328,90.5,"void at::native::elementwise_kernel<(int)128, (int)2, void at::native::gpu_kernel_impl_nocast<at::native::BinaryFunctor<float, float, float, at::native::binary_internal::DivFunctor<float>>>(at::TensorIteratorBase &, const T1 &)::[lambda(int) (instance 1)]>(int, T3)"
:BasicsTransformerLM.layers.5,PushPop,30,30,2,12,29760,2480.0,2064.0,1920,3488,700.6,"void at::native::vectorized_elementwise_kernel<(int)4, at::native::CUDAFunctor_add<float>, std::array<char *, (unsigned long)3>>(int, T2, T3)"
:BasicsTransformerLM.layers.5,PushPop,30,30,2,2,26464,13232.0,13232.0,13120,13344,158.4,"void at::native::reduce_kernel<(int)512, (int)1, at::native::ReduceOp<float, at::native::MaxOps<float>, unsigned int, float, (int)4, (int)4>>(T3)"
:BasicsTransformerLM.layers.5,PushPop,30,30,2,2,25984,12992.0,12992.0,12960,13024,45.3,"void at::native::elementwise_kernel<(int)128, (int)2, void at::native::gpu_kernel_impl_nocast<at::native::<unnamed>::where_kernel_impl(at::TensorIterator &)::[lambda() (instance 1)]::operator ()() const::[lambda() (instance 11)]::operator ()() const::[lambda(bool, float, float) (instance 1)]>(at::TensorIteratorBase &, const T1 &)::[lambda(int) (instance 1)]>(int, T3)"
:BasicsTransformerLM.layers.5,PushPop,30,30,2,4,25632,6408.0,6432.0,5568,7200,897.7,"void at::native::vectorized_elementwise_kernel<(int)4, at::native::BinaryFunctor<float, float, float, at::native::binary_internal::MulFunctor<float>>, std::array<char *, (unsigned long)3>>(int, T2, T3)"
:BasicsTransformerLM.layers.5,PushPop,30,30,2,2,25280,12640.0,12640.0,12640,12640,0.0,"void at::native::elementwise_kernel<(int)128, (int)2, void at::native::gpu_kernel_impl_nocast<at::native::CUDAFunctor_add<float>>(at::TensorIteratorBase &, const T1 &)::[lambda(int) (instance 1)]>(int, T3)"
:BasicsTransformerLM.layers.5,PushPop,30,30,2,4,23872,5968.0,5968.0,5952,5984,18.5,"void at::native::reduce_kernel<(int)512, (int)1, at::native::ReduceOp<float, at::native::MeanOps<float, float, float, float>, unsigned int, float, (int)4, (int)4>>(T3)"
:BasicsTransformerLM.layers.5,PushPop,30,30,2,4,22048,5512.0,5520.0,4608,6400,1007.3,"void at::native::elementwise_kernel<(int)128, (int)2, void at::native::gpu_kernel_impl_nocast<at::native::direct_copy_kernel_cuda(at::TensorIteratorBase &)::[lambda() (instance 3)]::operator ()() const::[lambda() (instance 7)]::operator ()() const::[lambda(float) (instance 1)]>(at::TensorIteratorBase &, const T1 &)::[lambda(int) (instance 1)]>(int, T3)"
:BasicsTransformerLM.layers.5,PushPop,30,30,2,2,13952,6976.0,6976.0,6944,7008,45.3,"void at::native::reduce_kernel<(int)512, (int)1, at::native::ReduceOp<float, at::native::func_wrapper_t<float, at::native::sum_functor<float, float, float>::operator ()(at::TensorIterator &)::[lambda(float, float) (instance 1)]>, unsigned int, float, (int)4, (int)4>>(T3)"
:BasicsTransformerLM.layers.5,PushPop,30,30,2,2,11584,5792.0,5792.0,5696,5888,135.8,"void at::native::vectorized_elementwise_kernel<(int)4, at::native::sigmoid_kernel_cuda(at::TensorIteratorBase &)::[lambda() (instance 2)]::operator ()() const::[lambda() (instance 2)]::operator ()() const::[lambda(float) (instance 1)], std::array<char *, (unsigned long)2>>(int, T2, T3)"
:BasicsTransformerLM.layers.5,PushPop,30,30,2,2,10464,5232.0,5232.0,5184,5280,67.9,"void at::native::vectorized_elementwise_kernel<(int)4, at::native::exp_kernel_cuda(at::TensorIteratorBase &)::[lambda() (instance 2)]::operator ()() const::[lambda() (instance 2)]::operator ()() const::[lambda(float) (instance 1)], std::array<char *, (unsigned long)2>>(int, T2, T3)"
:BasicsTransformerLM.layers.5,PushPop,30,30,2,2,10016,5008.0,5008.0,4896,5120,158.4,"void at::native::vectorized_elementwise_kernel<(int)4, at::native::BUnaryFunctor<float, float, float, at::native::binary_internal::MulFunctor<float>>, std::array<char *, (unsigned long)2>>(int, T2, T3)"
:BasicsTransformerLM.layers.5,PushPop,30,30,2,4,9664,2416.0,2432.0,2336,2464,55.4,"void at::native::vectorized_elementwise_kernel<(int)4, void at::native::<unnamed>::pow_tensor_scalar_kernel_impl<float, float>(at::TensorIteratorBase &, T2)::[lambda(float) (instance 1)], std::array<char *, (unsigned long)2>>(int, T2, T3)"
:BasicsTransformerLM.layers.5,PushPop,30,30,2,4,5728,1432.0,1472.0,1312,1472,80.0,"void at::native::vectorized_elementwise_kernel<(int)4, at::native::CUDAFunctorOnSelf_add<float>, std::array<char *, (unsigned long)2>>(int, T2, T3)"
:BasicsTransformerLM.layers.5,PushPop,30,30,2,2,5216,2608.0,2608.0,2496,2720,158.4,"void at::native::elementwise_kernel<(int)128, (int)4, void at::native::gpu_kernel_impl_nocast<at::native::<unnamed>::CompareFunctor<long>>(at::TensorIteratorBase &, const T1 &)::[lambda(int) (instance 1)]>(int, T3)"
:BasicsTransformerLM.layers.5,PushPop,30,30,2,4,4960,1240.0,1248.0,1152,1312,84.2,"void at::native::vectorized_elementwise_kernel<(int)4, at::native::rsqrt_kernel_cuda(at::TensorIteratorBase &)::[lambda() (instance 2)]::operator ()() const::[lambda() (instance 2)]::operator ()() const::[lambda(float) (instance 1)], std::array<char *, (unsigned long)2>>(int, T2, T3)"
:BasicsTransformerLM.layers.5,PushPop,30,30,2,2,1760,880.0,880.0,864,896,22.6,"void at::native::vectorized_elementwise_kernel<(int)4, at::native::FillFunctor<float>, std::array<char *, (unsigned long)1>>(int, T2, T3)"
:BasicsTransformerLM.layers.5,PushPop,30,30,2,2,1632,816.0,816.0,736,896,113.1,"void <unnamed>::elementwise_kernel_with_index<int, at::native::arange_cuda_out(const c10::Scalar &, const c10::Scalar &, const c10::Scalar &, at::Tensor &)::[lambda() (instance 1)]::operator ()() const::[lambda() (instance 4)]::operator ()() const::[lambda(long) (instance 1)]>(T1, T2, function_traits<T2>::result_type *)"
:BasicsTransformerLM.layers.5.attn,PushPop,30,30,2,8,748579,93572.4,93505.0,93216,94017,289.1,cutlass3x_sm100_simt_sgemm_f32_f32_f32_f32_f32_64x32x16_1x1x1_3_tnn_align1_bias_f32_relu
:BasicsTransformerLM.layers.5.attn,PushPop,30,30,2,16,54528,3408.0,3488.0,3104,3552,145.5,"void at::native::elementwise_kernel<(int)128, (int)2, void at::native::gpu_kernel_impl_nocast<at::native::BinaryFunctor<float, float, float, at::native::binary_internal::MulFunctor<float>>>(at::TensorIteratorBase &, const T1 &)::[lambda(int) (instance 1)]>(int, T3)"
:BasicsTransformerLM.layers.5.attn,PushPop,30,30,2,2,53568,26784.0,26784.0,26784,26784,0.0,cutlass3x_sm100_simt_sgemm_f32_f32_f32_f32_f32_128x64x16_1x1x1_3_tnn_align1_bias_f32_relu
:BasicsTransformerLM.layers.5.attn,PushPop,30,30,2,2,42208,21104.0,21104.0,21056,21152,67.9,cutlass3x_sm100_simt_sgemm_f32_f32_f32_f32_f32_64x32x16_1x1x1_3_nnn_align1_bias_f32_relu
:BasicsTransformerLM.layers.5.attn,PushPop,30,30,2,4,36226,9056.5,9056.5,8896,9217,167.9,"void at::native::<unnamed>::CatArrayBatchedCopy<at::native::<unnamed>::OpaqueType<(unsigned int)4>, unsigned int, (int)4, (int)64, (int)64>(T1 *, at::native::<unnamed>::CatArrInputTensorMetadata<T1, T2, T4, T5>, at::native::<unnamed>::TensorSizeStride<T2, (unsigned int)4>, int, T2)"
:BasicsTransformerLM.layers.5.attn,PushPop,30,30,2,2,30528,15264.0,15264.0,15200,15328,90.5,"void at::native::elementwise_kernel<(int)128, (int)2, void at::native::gpu_kernel_impl_nocast<at::native::BinaryFunctor<float, float, float, at::native::binary_internal::DivFunctor<float>>>(at::TensorIteratorBase &, const T1 &)::[lambda(int) (instance 1)]>(int, T3)"
:BasicsTransformerLM.layers.5.attn,PushPop,30,30,2,2,26464,13232.0,13232.0,13120,13344,158.4,"void at::native::reduce_kernel<(int)512, (int)1, at::native::ReduceOp<float, at::native::MaxOps<float>, unsigned int, float, (int)4, (int)4>>(T3)"
:BasicsTransformerLM.layers.5.attn,PushPop,30,30,2,2,25984,12992.0,12992.0,12960,13024,45.3,"void at::native::elementwise_kernel<(int)128, (int)2, void at::native::gpu_kernel_impl_nocast<at::native::<unnamed>::where_kernel_impl(at::TensorIterator &)::[lambda() (instance 1)]::operator ()() const::[lambda() (instance 11)]::operator ()() const::[lambda(bool, float, float) (instance 1)]>(at::TensorIteratorBase &, const T1 &)::[lambda(int) (instance 1)]>(int, T3)"
:BasicsTransformerLM.layers.5.attn,PushPop,30,30,2,2,25280,12640.0,12640.0,12640,12640,0.0,"void at::native::elementwise_kernel<(int)128, (int)2, void at::native::gpu_kernel_impl_nocast<at::native::CUDAFunctor_add<float>>(at::TensorIteratorBase &, const T1 &)::[lambda(int) (instance 1)]>(int, T3)"
:BasicsTransformerLM.layers.5.attn,PushPop,30,30,2,4,22048,5512.0,5520.0,4608,6400,1007.3,"void at::native::elementwise_kernel<(int)128, (int)2, void at::native::gpu_kernel_impl_nocast<at::native::direct_copy_kernel_cuda(at::TensorIteratorBase &)::[lambda() (instance 3)]::operator ()() const::[lambda() (instance 7)]::operator ()() const::[lambda(float) (instance 1)]>(at::TensorIteratorBase &, const T1 &)::[lambda(int) (instance 1)]>(int, T3)"
:BasicsTransformerLM.layers.5.attn,PushPop,30,30,2,8,16064,2008.0,2000.0,1920,2112,74.1,"void at::native::vectorized_elementwise_kernel<(int)4, at::native::CUDAFunctor_add<float>, std::array<char *, (unsigned long)3>>(int, T2, T3)"
:BasicsTransformerLM.layers.5.attn,PushPop,30,30,2,2,13952,6976.0,6976.0,6944,7008,45.3,"void at::native::reduce_kernel<(int)512, (int)1, at::native::ReduceOp<float, at::native::func_wrapper_t<float, at::native::sum_functor<float, float, float>::operator ()(at::TensorIterator &)::[lambda(float, float) (instance 1)]>, unsigned int, float, (int)4, (int)4>>(T3)"
:BasicsTransformerLM.layers.5.attn,PushPop,30,30,2,2,10464,5232.0,5232.0,5184,5280,67.9,"void at::native::vectorized_elementwise_kernel<(int)4, at::native::exp_kernel_cuda(at::TensorIteratorBase &)::[lambda() (instance 2)]::operator ()() const::[lambda() (instance 2)]::operator ()() const::[lambda(float) (instance 1)], std::array<char *, (unsigned long)2>>(int, T2, T3)"
:BasicsTransformerLM.layers.5.attn,PushPop,30,30,2,2,10016,5008.0,5008.0,4896,5120,158.4,"void at::native::vectorized_elementwise_kernel<(int)4, at::native::BUnaryFunctor<float, float, float, at::native::binary_internal::MulFunctor<float>>, std::array<char *, (unsigned long)2>>(int, T2, T3)"
:BasicsTransformerLM.layers.5.attn,PushPop,30,30,2,2,5216,2608.0,2608.0,2496,2720,158.4,"void at::native::elementwise_kernel<(int)128, (int)4, void at::native::gpu_kernel_impl_nocast<at::native::<unnamed>::CompareFunctor<long>>(at::TensorIteratorBase &, const T1 &)::[lambda(int) (instance 1)]>(int, T3)"
:BasicsTransformerLM.layers.5.attn,PushPop,30,30,2,2,1760,880.0,880.0,864,896,22.6,"void at::native::vectorized_elementwise_kernel<(int)4, at::native::FillFunctor<float>, std::array<char *, (unsigned long)1>>(int, T2, T3)"
:BasicsTransformerLM.layers.5.attn,PushPop,30,30,2,2,1632,816.0,816.0,736,896,113.1,"void <unnamed>::elementwise_kernel_with_index<int, at::native::arange_cuda_out(const c10::Scalar &, const c10::Scalar &, const c10::Scalar &, at::Tensor &)::[lambda() (instance 1)]::operator ()() const::[lambda() (instance 4)]::operator ()() const::[lambda(long) (instance 1)]>(T1, T2, function_traits<T2>::result_type *)"
:BasicsTransformerLM.layers.5.attn.k_proj,PushPop,30,30,2,2,187010,93505.0,93505.0,93473,93537,45.3,cutlass3x_sm100_simt_sgemm_f32_f32_f32_f32_f32_64x32x16_1x1x1_3_tnn_align1_bias_f32_relu
:BasicsTransformerLM.layers.5.attn.output_proj,PushPop,30,30,2,2,188001,94000.5,94000.5,93984,94017,23.3,cutlass3x_sm100_simt_sgemm_f32_f32_f32_f32_f32_64x32x16_1x1x1_3_tnn_align1_bias_f32_relu
:BasicsTransformerLM.layers.5.attn.q_proj,PushPop,30,30,2,2,186816,93408.0,93408.0,93216,93600,271.5,cutlass3x_sm100_simt_sgemm_f32_f32_f32_f32_f32_64x32x16_1x1x1_3_tnn_align1_bias_f32_relu
:BasicsTransformerLM.layers.5.attn.v_proj,PushPop,30,30,2,2,186752,93376.0,93376.0,93344,93408,45.3,cutlass3x_sm100_simt_sgemm_f32_f32_f32_f32_f32_64x32x16_1x1x1_3_tnn_align1_bias_f32_relu
:BasicsTransformerLM.layers.5.ffn,PushPop,30,30,2,4,1248326,312081.5,312129.5,311809,312258,218.0,cutlass3x_sm100_simt_sgemm_f32_f32_f32_f32_f32_64x128x16_1x1x1_3_tnn_align1_bias_f32_relu
:BasicsTransformerLM.layers.5.ffn,PushPop,30,30,2,2,719684,359842.0,359842.0,359650,360034,271.5,cutlass3x_sm100_simt_sgemm_f32_f32_f32_f32_f32_64x32x16_1x1x1_3_tnn_align1_bias_f32_relu
:BasicsTransformerLM.layers.5.ffn,PushPop,30,30,2,4,25632,6408.0,6432.0,5568,7200,897.7,"void at::native::vectorized_elementwise_kernel<(int)4, at::native::BinaryFunctor<float, float, float, at::native::binary_internal::MulFunctor<float>>, std::array<char *, (unsigned long)3>>(int, T2, T3)"
:BasicsTransformerLM.layers.5.ffn,PushPop,30,30,2,2,11584,5792.0,5792.0,5696,5888,135.8,"void at::native::vectorized_elementwise_kernel<(int)4, at::native::sigmoid_kernel_cuda(at::TensorIteratorBase &)::[lambda() (instance 2)]::operator ()() const::[lambda() (instance 2)]::operator ()() const::[lambda(float) (instance 1)], std::array<char *, (unsigned long)2>>(int, T2, T3)"
:BasicsTransformerLM.layers.5.ffn.w1,PushPop,30,30,2,2,624260,312130.0,312130.0,312002,312258,181.0,cutlass3x_sm100_simt_sgemm_f32_f32_f32_f32_f32_64x128x16_1x1x1_3_tnn_align1_bias_f32_relu
:BasicsTransformerLM.layers.5.ffn.w2,PushPop,30,30,2,2,719684,359842.0,359842.0,359650,360034,271.5,cutlass3x_sm100_simt_sgemm_f32_f32_f32_f32_f32_64x32x16_1x1x1_3_tnn_align1_bias_f32_relu
:BasicsTransformerLM.layers.5.ffn.w3,PushPop,30,30,2,2,624066,312033.0,312033.0,311809,312257,316.8,cutlass3x_sm100_simt_sgemm_f32_f32_f32_f32_f32_64x128x16_1x1x1_3_tnn_align1_bias_f32_relu
:BasicsTransformerLM.layers.5.ln1,PushPop,30,30,2,4,18592,4648.0,4640.0,4640,4672,16.0,"void at::native::elementwise_kernel<(int)128, (int)2, void at::native::gpu_kernel_impl_nocast<at::native::BinaryFunctor<float, float, float, at::native::binary_internal::MulFunctor<float>>>(at::TensorIteratorBase &, const T1 &)::[lambda(int) (instance 1)]>(int, T3)"
:BasicsTransformerLM.layers.5.ln1,PushPop,30,30,2,2,11936,5968.0,5968.0,5952,5984,22.6,"void at::native::reduce_kernel<(int)512, (int)1, at::native::ReduceOp<float, at::native::MeanOps<float, float, float, float>, unsigned int, float, (int)4, (int)4>>(T3)"
:BasicsTransformerLM.layers.5.ln1,PushPop,30,30,2,2,4864,2432.0,2432.0,2432,2432,0.0,"void at::native::vectorized_elementwise_kernel<(int)4, void at::native::<unnamed>::pow_tensor_scalar_kernel_impl<float, float>(at::TensorIteratorBase &, T2)::[lambda(float) (instance 1)], std::array<char *, (unsigned long)2>>(int, T2, T3)"
:BasicsTransformerLM.layers.5.ln1,PushPop,30,30,2,2,2784,1392.0,1392.0,1312,1472,113.1,"void at::native::vectorized_elementwise_kernel<(int)4, at::native::CUDAFunctorOnSelf_add<float>, std::array<char *, (unsigned long)2>>(int, T2, T3)"
:BasicsTransformerLM.layers.5.ln1,PushPop,30,30,2,2,2624,1312.0,1312.0,1312,1312,0.0,"void at::native::vectorized_elementwise_kernel<(int)4, at::native::rsqrt_kernel_cuda(at::TensorIteratorBase &)::[lambda() (instance 2)]::operator ()() const::[lambda() (instance 2)]::operator ()() const::[lambda(float) (instance 1)], std::array<char *, (unsigned long)2>>(int, T2, T3)"
:BasicsTransformerLM.layers.5.ln2,PushPop,30,30,2,4,18752,4688.0,4688.0,4608,4768,92.4,"void at::native::elementwise_kernel<(int)128, (int)2, void at::native::gpu_kernel_impl_nocast<at::native::BinaryFunctor<float, float, float, at::native::binary_internal::MulFunctor<float>>>(at::TensorIteratorBase &, const T1 &)::[lambda(int) (instance 1)]>(int, T3)"
:BasicsTransformerLM.layers.5.ln2,PushPop,30,30,2,2,11936,5968.0,5968.0,5952,5984,22.6,"void at::native::reduce_kernel<(int)512, (int)1, at::native::ReduceOp<float, at::native::MeanOps<float, float, float, float>, unsigned int, float, (int)4, (int)4>>(T3)"
:BasicsTransformerLM.layers.5.ln2,PushPop,30,30,2,2,4800,2400.0,2400.0,2336,2464,90.5,"void at::native::vectorized_elementwise_kernel<(int)4, void at::native::<unnamed>::pow_tensor_scalar_kernel_impl<float, float>(at::TensorIteratorBase &, T2)::[lambda(float) (instance 1)], std::array<char *, (unsigned long)2>>(int, T2, T3)"
:BasicsTransformerLM.layers.5.ln2,PushPop,30,30,2,2,2944,1472.0,1472.0,1472,1472,0.0,"void at::native::vectorized_elementwise_kernel<(int)4, at::native::CUDAFunctorOnSelf_add<float>, std::array<char *, (unsigned long)2>>(int, T2, T3)"
:BasicsTransformerLM.layers.5.ln2,PushPop,30,30,2,2,2336,1168.0,1168.0,1152,1184,22.6,"void at::native::vectorized_elementwise_kernel<(int)4, at::native::rsqrt_kernel_cuda(at::TensorIteratorBase &)::[lambda() (instance 2)]::operator ()() const::[lambda() (instance 2)]::operator ()() const::[lambda(float) (instance 1)], std::array<char *, (unsigned long)2>>(int, T2, T3)"
:BasicsTransformerLM.layers.6,PushPop,30,30,2,10,1469576,146957.6,93632.5,93376,360354,112335.2,cutlass3x_sm100_simt_sgemm_f32_f32_f32_f32_f32_64x32x16_1x1x1_3_tnn_align1_bias_f32_relu
:BasicsTransformerLM.layers.6,PushPop,30,30,2,4,1248742,312185.5,312177.5,312066,312321,123.0,cutlass3x_sm100_simt_sgemm_f32_f32_f32_f32_f32_64x128x16_1x1x1_3_tnn_align1_bias_f32_relu
:BasicsTransformerLM.layers.6,PushPop,30,30,2,24,91168,3798.7,3472.0,3104,4736,615.9,"void at::native::elementwise_kernel<(int)128, (int)2, void at::native::gpu_kernel_impl_nocast<at::native::BinaryFunctor<float, float, float, at::native::binary_internal::MulFunctor<float>>>(at::TensorIteratorBase &, const T1 &)::[lambda(int) (instance 1)]>(int, T3)"
:BasicsTransformerLM.layers.6,PushPop,30,30,2,2,53824,26912.0,26912.0,26816,27008,135.8,cutlass3x_sm100_simt_sgemm_f32_f32_f32_f32_f32_128x64x16_1x1x1_3_tnn_align1_bias_f32_relu
:BasicsTransformerLM.layers.6,PushPop,30,30,2,2,42240,21120.0,21120.0,21088,21152,45.3,cutlass3x_sm100_simt_sgemm_f32_f32_f32_f32_f32_64x32x16_1x1x1_3_nnn_align1_bias_f32_relu
:BasicsTransformerLM.layers.6,PushPop,30,30,2,4,36064,9016.0,9024.0,8864,9152,141.6,"void at::native::<unnamed>::CatArrayBatchedCopy<at::native::<unnamed>::OpaqueType<(unsigned int)4>, unsigned int, (int)4, (int)64, (int)64>(T1 *, at::native::<unnamed>::CatArrInputTensorMetadata<T1, T2, T4, T5>, at::native::<unnamed>::TensorSizeStride<T2, (unsigned int)4>, int, T2)"
:BasicsTransformerLM.layers.6,PushPop,30,30,2,2,30432,15216.0,15216.0,15168,15264,67.9,"void at::native::elementwise_kernel<(int)128, (int)2, void at::native::gpu_kernel_impl_nocast<at::native::BinaryFunctor<float, float, float, at::native::binary_internal::DivFunctor<float>>>(at::TensorIteratorBase &, const T1 &)::[lambda(int) (instance 1)]>(int, T3)"
:BasicsTransformerLM.layers.6,PushPop,30,30,2,12,30336,2528.0,2128.0,2016,3520,649.7,"void at::native::vectorized_elementwise_kernel<(int)4, at::native::CUDAFunctor_add<float>, std::array<char *, (unsigned long)3>>(int, T2, T3)"
:BasicsTransformerLM.layers.6,PushPop,30,30,2,2,26272,13136.0,13136.0,13024,13248,158.4,"void at::native::elementwise_kernel<(int)128, (int)2, void at::native::gpu_kernel_impl_nocast<at::native::<unnamed>::where_kernel_impl(at::TensorIterator &)::[lambda() (instance 1)]::operator ()() const::[lambda() (instance 11)]::operator ()() const::[lambda(bool, float, float) (instance 1)]>(at::TensorIteratorBase &, const T1 &)::[lambda(int) (instance 1)]>(int, T3)"
:BasicsTransformerLM.layers.6,PushPop,30,30,2,2,26210,13105.0,13105.0,13025,13185,113.1,"void at::native::reduce_kernel<(int)512, (int)1, at::native::ReduceOp<float, at::native::MaxOps<float>, unsigned int, float, (int)4, (int)4>>(T3)"
:BasicsTransformerLM.layers.6,PushPop,30,30,2,4,25696,6424.0,6464.0,5600,7168,844.4,"void at::native::vectorized_elementwise_kernel<(int)4, at::native::BinaryFunctor<float, float, float, at::native::binary_internal::MulFunctor<float>>, std::array<char *, (unsigned long)3>>(int, T2, T3)"
:BasicsTransformerLM.layers.6,PushPop,30,30,2,2,25312,12656.0,12656.0,12640,12672,22.6,"void at::native::elementwise_kernel<(int)128, (int)2, void at::native::gpu_kernel_impl_nocast<at::native::CUDAFunctor_add<float>>(at::TensorIteratorBase &, const T1 &)::[lambda(int) (instance 1)]>(int, T3)"
:BasicsTransformerLM.layers.6,PushPop,30,30,2,4,23777,5944.3,5936.0,5856,6049,88.5,"void at::native::reduce_kernel<(int)512, (int)1, at::native::ReduceOp<float, at::native::MeanOps<float, float, float, float>, unsigned int, float, (int)4, (int)4>>(T3)"
:BasicsTransformerLM.layers.6,PushPop,30,30,2,4,22080,5520.0,5504.0,4672,6400,979.5,"void at::native::elementwise_kernel<(int)128, (int)2, void at::native::gpu_kernel_impl_nocast<at::native::direct_copy_kernel_cuda(at::TensorIteratorBase &)::[lambda() (instance 3)]::operator ()() const::[lambda() (instance 7)]::operator ()() const::[lambda(float) (instance 1)]>(at::TensorIteratorBase &, const T1 &)::[lambda(int) (instance 1)]>(int, T3)"
:BasicsTransformerLM.layers.6,PushPop,30,30,2,2,13952,6976.0,6976.0,6976,6976,0.0,"void at::native::reduce_kernel<(int)512, (int)1, at::native::ReduceOp<float, at::native::func_wrapper_t<float, at::native::sum_functor<float, float, float>::operator ()(at::TensorIterator &)::[lambda(float, float) (instance 1)]>, unsigned int, float, (int)4, (int)4>>(T3)"
:BasicsTransformerLM.layers.6,PushPop,30,30,2,2,11712,5856.0,5856.0,5824,5888,45.3,"void at::native::vectorized_elementwise_kernel<(int)4, at::native::sigmoid_kernel_cuda(at::TensorIteratorBase &)::[lambda() (instance 2)]::operator ()() const::[lambda() (instance 2)]::operator ()() const::[lambda(float) (instance 1)], std::array<char *, (unsigned long)2>>(int, T2, T3)"
:BasicsTransformerLM.layers.6,PushPop,30,30,2,2,10240,5120.0,5120.0,5088,5152,45.3,"void at::native::vectorized_elementwise_kernel<(int)4, at::native::exp_kernel_cuda(at::TensorIteratorBase &)::[lambda() (instance 2)]::operator ()() const::[lambda() (instance 2)]::operator ()() const::[lambda(float) (instance 1)], std::array<char *, (unsigned long)2>>(int, T2, T3)"
:BasicsTransformerLM.layers.6,PushPop,30,30,2,2,10048,5024.0,5024.0,4960,5088,90.5,"void at::native::vectorized_elementwise_kernel<(int)4, at::native::BUnaryFunctor<float, float, float, at::native::binary_internal::MulFunctor<float>>, std::array<char *, (unsigned long)2>>(int, T2, T3)"
:BasicsTransformerLM.layers.6,PushPop,30,30,2,4,9664,2416.0,2432.0,2368,2432,32.0,"void at::native::vectorized_elementwise_kernel<(int)4, void at::native::<unnamed>::pow_tensor_scalar_kernel_impl<float, float>(at::TensorIteratorBase &, T2)::[lambda(float) (instance 1)], std::array<char *, (unsigned long)2>>(int, T2, T3)"
:BasicsTransformerLM.layers.6,PushPop,30,30,2,4,5312,1328.0,1376.0,1088,1472,183.8,"void at::native::vectorized_elementwise_kernel<(int)4, at::native::CUDAFunctorOnSelf_add<float>, std::array<char *, (unsigned long)2>>(int, T2, T3)"
:BasicsTransformerLM.layers.6,PushPop,30,30,2,2,4992,2496.0,2496.0,2432,2560,90.5,"void at::native::elementwise_kernel<(int)128, (int)4, void at::native::gpu_kernel_impl_nocast<at::native::<unnamed>::CompareFunctor<long>>(at::TensorIteratorBase &, const T1 &)::[lambda(int) (instance 1)]>(int, T3)"
:BasicsTransformerLM.layers.6,PushPop,30,30,2,4,4768,1192.0,1184.0,1088,1312,91.9,"void at::native::vectorized_elementwise_kernel<(int)4, at::native::rsqrt_kernel_cuda(at::TensorIteratorBase &)::[lambda() (instance 2)]::operator ()() const::[lambda() (instance 2)]::operator ()() const::[lambda(float) (instance 1)], std::array<char *, (unsigned long)2>>(int, T2, T3)"
:BasicsTransformerLM.layers.6,PushPop,30,30,2,2,1760,880.0,880.0,864,896,22.6,"void at::native::vectorized_elementwise_kernel<(int)4, at::native::FillFunctor<float>, std::array<char *, (unsigned long)1>>(int, T2, T3)"
:BasicsTransformerLM.layers.6,PushPop,30,30,2,2,1632,816.0,816.0,736,896,113.1,"void <unnamed>::elementwise_kernel_with_index<int, at::native::arange_cuda_out(const c10::Scalar &, const c10::Scalar &, const c10::Scalar &, at::Tensor &)::[lambda() (instance 1)]::operator ()() const::[lambda() (instance 4)]::operator ()() const::[lambda(long) (instance 1)]>(T1, T2, function_traits<T2>::result_type *)"
:BasicsTransformerLM.layers.6.attn,PushPop,30,30,2,8,749380,93672.5,93584.5,93376,94208,288.4,cutlass3x_sm100_simt_sgemm_f32_f32_f32_f32_f32_64x32x16_1x1x1_3_tnn_align1_bias_f32_relu
:BasicsTransformerLM.layers.6.attn,PushPop,30,30,2,16,54112,3382.0,3456.0,3104,3552,154.9,"void at::native::elementwise_kernel<(int)128, (int)2, void at::native::gpu_kernel_impl_nocast<at::native::BinaryFunctor<float, float, float, at::native::binary_internal::MulFunctor<float>>>(at::TensorIteratorBase &, const T1 &)::[lambda(int) (instance 1)]>(int, T3)"
:BasicsTransformerLM.layers.6.attn,PushPop,30,30,2,2,53824,26912.0,26912.0,26816,27008,135.8,cutlass3x_sm100_simt_sgemm_f32_f32_f32_f32_f32_128x64x16_1x1x1_3_tnn_align1_bias_f32_relu
:BasicsTransformerLM.layers.6.attn,PushPop,30,30,2,2,42240,21120.0,21120.0,21088,21152,45.3,cutlass3x_sm100_simt_sgemm_f32_f32_f32_f32_f32_64x32x16_1x1x1_3_nnn_align1_bias_f32_relu
:BasicsTransformerLM.layers.6.attn,PushPop,30,30,2,4,36064,9016.0,9024.0,8864,9152,141.6,"void at::native::<unnamed>::CatArrayBatchedCopy<at::native::<unnamed>::OpaqueType<(unsigned int)4>, unsigned int, (int)4, (int)64, (int)64>(T1 *, at::native::<unnamed>::CatArrInputTensorMetadata<T1, T2, T4, T5>, at::native::<unnamed>::TensorSizeStride<T2, (unsigned int)4>, int, T2)"
:BasicsTransformerLM.layers.6.attn,PushPop,30,30,2,2,30432,15216.0,15216.0,15168,15264,67.9,"void at::native::elementwise_kernel<(int)128, (int)2, void at::native::gpu_kernel_impl_nocast<at::native::BinaryFunctor<float, float, float, at::native::binary_internal::DivFunctor<float>>>(at::TensorIteratorBase &, const T1 &)::[lambda(int) (instance 1)]>(int, T3)"
:BasicsTransformerLM.layers.6.attn,PushPop,30,30,2,2,26272,13136.0,13136.0,13024,13248,158.4,"void at::native::elementwise_kernel<(int)128, (int)2, void at::native::gpu_kernel_impl_nocast<at::native::<unnamed>::where_kernel_impl(at::TensorIterator &)::[lambda() (instance 1)]::operator ()() const::[lambda() (instance 11)]::operator ()() const::[lambda(bool, float, float) (instance 1)]>(at::TensorIteratorBase &, const T1 &)::[lambda(int) (instance 1)]>(int, T3)"
:BasicsTransformerLM.layers.6.attn,PushPop,30,30,2,2,26210,13105.0,13105.0,13025,13185,113.1,"void at::native::reduce_kernel<(int)512, (int)1, at::native::ReduceOp<float, at::native::MaxOps<float>, unsigned int, float, (int)4, (int)4>>(T3)"
:BasicsTransformerLM.layers.6.attn,PushPop,30,30,2,2,25312,12656.0,12656.0,12640,12672,22.6,"void at::native::elementwise_kernel<(int)128, (int)2, void at::native::gpu_kernel_impl_nocast<at::native::CUDAFunctor_add<float>>(at::TensorIteratorBase &, const T1 &)::[lambda(int) (instance 1)]>(int, T3)"
:BasicsTransformerLM.layers.6.attn,PushPop,30,30,2,4,22080,5520.0,5504.0,4672,6400,979.5,"void at::native::elementwise_kernel<(int)128, (int)2, void at::native::gpu_kernel_impl_nocast<at::native::direct_copy_kernel_cuda(at::TensorIteratorBase &)::[lambda() (instance 3)]::operator ()() const::[lambda() (instance 7)]::operator ()() const::[lambda(float) (instance 1)]>(at::TensorIteratorBase &, const T1 &)::[lambda(int) (instance 1)]>(int, T3)"
:BasicsTransformerLM.layers.6.attn,PushPop,30,30,2,8,16736,2092.0,2080.0,2016,2176,51.1,"void at::native::vectorized_elementwise_kernel<(int)4, at::native::CUDAFunctor_add<float>, std::array<char *, (unsigned long)3>>(int, T2, T3)"
:BasicsTransformerLM.layers.6.attn,PushPop,30,30,2,2,13952,6976.0,6976.0,6976,6976,0.0,"void at::native::reduce_kernel<(int)512, (int)1, at::native::ReduceOp<float, at::native::func_wrapper_t<float, at::native::sum_functor<float, float, float>::operator ()(at::TensorIterator &)::[lambda(float, float) (instance 1)]>, unsigned int, float, (int)4, (int)4>>(T3)"
:BasicsTransformerLM.layers.6.attn,PushPop,30,30,2,2,10240,5120.0,5120.0,5088,5152,45.3,"void at::native::vectorized_elementwise_kernel<(int)4, at::native::exp_kernel_cuda(at::TensorIteratorBase &)::[lambda() (instance 2)]::operator ()() const::[lambda() (instance 2)]::operator ()() const::[lambda(float) (instance 1)], std::array<char *, (unsigned long)2>>(int, T2, T3)"
:BasicsTransformerLM.layers.6.attn,PushPop,30,30,2,2,10048,5024.0,5024.0,4960,5088,90.5,"void at::native::vectorized_elementwise_kernel<(int)4, at::native::BUnaryFunctor<float, float, float, at::native::binary_internal::MulFunctor<float>>, std::array<char *, (unsigned long)2>>(int, T2, T3)"
:BasicsTransformerLM.layers.6.attn,PushPop,30,30,2,2,4992,2496.0,2496.0,2432,2560,90.5,"void at::native::elementwise_kernel<(int)128, (int)4, void at::native::gpu_kernel_impl_nocast<at::native::<unnamed>::CompareFunctor<long>>(at::TensorIteratorBase &, const T1 &)::[lambda(int) (instance 1)]>(int, T3)"
:BasicsTransformerLM.layers.6.attn,PushPop,30,30,2,2,1760,880.0,880.0,864,896,22.6,"void at::native::vectorized_elementwise_kernel<(int)4, at::native::FillFunctor<float>, std::array<char *, (unsigned long)1>>(int, T2, T3)"
:BasicsTransformerLM.layers.6.attn,PushPop,30,30,2,2,1632,816.0,816.0,736,896,113.1,"void <unnamed>::elementwise_kernel_with_index<int, at::native::arange_cuda_out(const c10::Scalar &, const c10::Scalar &, const c10::Scalar &, at::Tensor &)::[lambda() (instance 1)]::operator ()() const::[lambda() (instance 4)]::operator ()() const::[lambda(long) (instance 1)]>(T1, T2, function_traits<T2>::result_type *)"
:BasicsTransformerLM.layers.6.attn.k_proj,PushPop,30,30,2,2,187008,93504.0,93504.0,93376,93632,181.0,cutlass3x_sm100_simt_sgemm_f32_f32_f32_f32_f32_64x32x16_1x1x1_3_tnn_align1_bias_f32_relu
:BasicsTransformerLM.layers.6.attn.output_proj,PushPop,30,30,2,2,188224,94112.0,94112.0,94016,94208,135.8,cutlass3x_sm100_simt_sgemm_f32_f32_f32_f32_f32_64x32x16_1x1x1_3_tnn_align1_bias_f32_relu
:BasicsTransformerLM.layers.6.attn.q_proj,PushPop,30,30,2,2,187042,93521.0,93521.0,93505,93537,22.6,cutlass3x_sm100_simt_sgemm_f32_f32_f32_f32_f32_64x32x16_1x1x1_3_tnn_align1_bias_f32_relu
:BasicsTransformerLM.layers.6.attn.v_proj,PushPop,30,30,2,2,187106,93553.0,93553.0,93473,93633,113.1,cutlass3x_sm100_simt_sgemm_f32_f32_f32_f32_f32_64x32x16_1x1x1_3_tnn_align1_bias_f32_relu
:BasicsTransformerLM.layers.6.ffn,PushPop,30,30,2,4,1248742,312185.5,312177.5,312066,312321,123.0,cutlass3x_sm100_simt_sgemm_f32_f32_f32_f32_f32_64x128x16_1x1x1_3_tnn_align1_bias_f32_relu
:BasicsTransformerLM.layers.6.ffn,PushPop,30,30,2,2,720196,360098.0,360098.0,359842,360354,362.0,cutlass3x_sm100_simt_sgemm_f32_f32_f32_f32_f32_64x32x16_1x1x1_3_tnn_align1_bias_f32_relu
:BasicsTransformerLM.layers.6.ffn,PushPop,30,30,2,4,25696,6424.0,6464.0,5600,7168,844.4,"void at::native::vectorized_elementwise_kernel<(int)4, at::native::BinaryFunctor<float, float, float, at::native::binary_internal::MulFunctor<float>>, std::array<char *, (unsigned long)3>>(int, T2, T3)"
:BasicsTransformerLM.layers.6.ffn,PushPop,30,30,2,2,11712,5856.0,5856.0,5824,5888,45.3,"void at::native::vectorized_elementwise_kernel<(int)4, at::native::sigmoid_kernel_cuda(at::TensorIteratorBase &)::[lambda() (instance 2)]::operator ()() const::[lambda() (instance 2)]::operator ()() const::[lambda(float) (instance 1)], std::array<char *, (unsigned long)2>>(int, T2, T3)"
:BasicsTransformerLM.layers.6.ffn.w1,PushPop,30,30,2,2,624578,312289.0,312289.0,312257,312321,45.3,cutlass3x_sm100_simt_sgemm_f32_f32_f32_f32_f32_64x128x16_1x1x1_3_tnn_align1_bias_f32_relu
:BasicsTransformerLM.layers.6.ffn.w2,PushPop,30,30,2,2,720196,360098.0,360098.0,359842,360354,362.0,cutlass3x_sm100_simt_sgemm_f32_f32_f32_f32_f32_64x32x16_1x1x1_3_tnn_align1_bias_f32_relu
:BasicsTransformerLM.layers.6.ffn.w3,PushPop,30,30,2,2,624164,312082.0,312082.0,312066,312098,22.6,cutlass3x_sm100_simt_sgemm_f32_f32_f32_f32_f32_64x128x16_1x1x1_3_tnn_align1_bias_f32_relu
:BasicsTransformerLM.layers.6.ln1,PushPop,30,30,2,4,18560,4640.0,4656.0,4544,4704,69.1,"void at::native::elementwise_kernel<(int)128, (int)2, void at::native::gpu_kernel_impl_nocast<at::native::BinaryFunctor<float, float, float, at::native::binary_internal::MulFunctor<float>>>(at::TensorIteratorBase &, const T1 &)::[lambda(int) (instance 1)]>(int, T3)"
:BasicsTransformerLM.layers.6.ln1,PushPop,30,30,2,2,11744,5872.0,5872.0,5856,5888,22.6,"void at::native::reduce_kernel<(int)512, (int)1, at::native::ReduceOp<float, at::native::MeanOps<float, float, float, float>, unsigned int, float, (int)4, (int)4>>(T3)"
:BasicsTransformerLM.layers.6.ln1,PushPop,30,30,2,2,4864,2432.0,2432.0,2432,2432,0.0,"void at::native::vectorized_elementwise_kernel<(int)4, void at::native::<unnamed>::pow_tensor_scalar_kernel_impl<float, float>(at::TensorIteratorBase &, T2)::[lambda(float) (instance 1)], std::array<char *, (unsigned long)2>>(int, T2, T3)"
:BasicsTransformerLM.layers.6.ln1,PushPop,30,30,2,2,2752,1376.0,1376.0,1280,1472,135.8,"void at::native::vectorized_elementwise_kernel<(int)4, at::native::CUDAFunctorOnSelf_add<float>, std::array<char *, (unsigned long)2>>(int, T2, T3)"
:BasicsTransformerLM.layers.6.ln1,PushPop,30,30,2,2,2496,1248.0,1248.0,1184,1312,90.5,"void at::native::vectorized_elementwise_kernel<(int)4, at::native::rsqrt_kernel_cuda(at::TensorIteratorBase &)::[lambda() (instance 2)]::operator ()() const::[lambda() (instance 2)]::operator ()() const::[lambda(float) (instance 1)], std::array<char *, (unsigned long)2>>(int, T2, T3)"
:BasicsTransformerLM.layers.6.ln2,PushPop,30,30,2,4,18496,4624.0,4592.0,4576,4736,76.2,"void at::native::elementwise_kernel<(int)128, (int)2, void at::native::gpu_kernel_impl_nocast<at::native::BinaryFunctor<float, float, float, at::native::binary_internal::MulFunctor<float>>>(at::TensorIteratorBase &, const T1 &)::[lambda(int) (instance 1)]>(int, T3)"
:BasicsTransformerLM.layers.6.ln2,PushPop,30,30,2,2,12033,6016.5,6016.5,5984,6049,46.0,"void at::native::reduce_kernel<(int)512, (int)1, at::native::ReduceOp<float, at::native::MeanOps<float, float, float, float>, unsigned int, float, (int)4, (int)4>>(T3)"
:BasicsTransformerLM.layers.6.ln2,PushPop,30,30,2,2,4800,2400.0,2400.0,2368,2432,45.3,"void at::native::vectorized_elementwise_kernel<(int)4, void at::native::<unnamed>::pow_tensor_scalar_kernel_impl<float, float>(at::TensorIteratorBase &, T2)::[lambda(float) (instance 1)], std::array<char *, (unsigned long)2>>(int, T2, T3)"
:BasicsTransformerLM.layers.6.ln2,PushPop,30,30,2,2,2560,1280.0,1280.0,1088,1472,271.5,"void at::native::vectorized_elementwise_kernel<(int)4, at::native::CUDAFunctorOnSelf_add<float>, std::array<char *, (unsigned long)2>>(int, T2, T3)"
:BasicsTransformerLM.layers.6.ln2,PushPop,30,30,2,2,2272,1136.0,1136.0,1088,1184,67.9,"void at::native::vectorized_elementwise_kernel<(int)4, at::native::rsqrt_kernel_cuda(at::TensorIteratorBase &)::[lambda() (instance 2)]::operator ()() const::[lambda() (instance 2)]::operator ()() const::[lambda(float) (instance 1)], std::array<char *, (unsigned long)2>>(int, T2, T3)"
:BasicsTransformerLM.layers.7,PushPop,30,30,2,10,1470120,147012.0,93664.0,93408,360706,112424.8,cutlass3x_sm100_simt_sgemm_f32_f32_f32_f32_f32_64x32x16_1x1x1_3_tnn_align1_bias_f32_relu
:BasicsTransformerLM.layers.7,PushPop,30,30,2,4,1249446,312361.5,312449.5,311873,312674,388.4,cutlass3x_sm100_simt_sgemm_f32_f32_f32_f32_f32_64x128x16_1x1x1_3_tnn_align1_bias_f32_relu
:BasicsTransformerLM.layers.7,PushPop,30,30,2,24,92256,3844.0,3504.0,3136,4736,601.4,"void at::native::elementwise_kernel<(int)128, (int)2, void at::native::gpu_kernel_impl_nocast<at::native::BinaryFunctor<float, float, float, at::native::binary_internal::MulFunctor<float>>>(at::TensorIteratorBase &, const T1 &)::[lambda(int) (instance 1)]>(int, T3)"
:BasicsTransformerLM.layers.7,PushPop,30,30,2,2,53696,26848.0,26848.0,26848,26848,0.0,cutlass3x_sm100_simt_sgemm_f32_f32_f32_f32_f32_128x64x16_1x1x1_3_tnn_align1_bias_f32_relu
:BasicsTransformerLM.layers.7,PushPop,30,30,2,2,42208,21104.0,21104.0,21056,21152,67.9,cutlass3x_sm100_simt_sgemm_f32_f32_f32_f32_f32_64x32x16_1x1x1_3_nnn_align1_bias_f32_relu
:BasicsTransformerLM.layers.7,PushPop,30,30,2,4,36673,9168.3,9104.5,8992,9472,219.4,"void at::native::<unnamed>::CatArrayBatchedCopy<at::native::<unnamed>::OpaqueType<(unsigned int)4>, unsigned int, (int)4, (int)64, (int)64>(T1 *, at::native::<unnamed>::CatArrInputTensorMetadata<T1, T2, T4, T5>, at::native::<unnamed>::TensorSizeStride<T2, (unsigned int)4>, int, T2)"
:BasicsTransformerLM.layers.7,PushPop,30,30,2,2,30560,15280.0,15280.0,15264,15296,22.6,"void at::native::elementwise_kernel<(int)128, (int)2, void at::native::gpu_kernel_impl_nocast<at::native::BinaryFunctor<float, float, float, at::native::binary_internal::DivFunctor<float>>>(at::TensorIteratorBase &, const T1 &)::[lambda(int) (instance 1)]>(int, T3)"
:BasicsTransformerLM.layers.7,PushPop,30,30,2,12,29664,2472.0,2128.0,1920,3520,637.2,"void at::native::vectorized_elementwise_kernel<(int)4, at::native::CUDAFunctor_add<float>, std::array<char *, (unsigned long)3>>(int, T2, T3)"
:BasicsTransformerLM.layers.7,PushPop,30,30,2,2,26400,13200.0,13200.0,13088,13312,158.4,"void at::native::elementwise_kernel<(int)128, (int)2, void at::native::gpu_kernel_impl_nocast<at::native::<unnamed>::where_kernel_impl(at::TensorIterator &)::[lambda() (instance 1)]::operator ()() const::[lambda() (instance 11)]::operator ()() const::[lambda(bool, float, float) (instance 1)]>(at::TensorIteratorBase &, const T1 &)::[lambda(int) (instance 1)]>(int, T3)"
:BasicsTransformerLM.layers.7,PushPop,30,30,2,2,26208,13104.0,13104.0,13088,13120,22.6,"void at::native::reduce_kernel<(int)512, (int)1, at::native::ReduceOp<float, at::native::MaxOps<float>, unsigned int, float, (int)4, (int)4>>(T3)"
:BasicsTransformerLM.layers.7,PushPop,30,30,2,4,25408,6352.0,6352.0,5632,7072,761.1,"void at::native::vectorized_elementwise_kernel<(int)4, at::native::BinaryFunctor<float, float, float, at::native::binary_internal::MulFunctor<float>>, std::array<char *, (unsigned long)3>>(int, T2, T3)"
:BasicsTransformerLM.layers.7,PushPop,30,30,2,2,25344,12672.0,12672.0,12640,12704,45.3,"void at::native::elementwise_kernel<(int)128, (int)2, void at::native::gpu_kernel_impl_nocast<at::native::CUDAFunctor_add<float>>(at::TensorIteratorBase &, const T1 &)::[lambda(int) (instance 1)]>(int, T3)"
:BasicsTransformerLM.layers.7,PushPop,30,30,2,4,23936,5984.0,5984.0,5952,6016,26.1,"void at::native::reduce_kernel<(int)512, (int)1, at::native::ReduceOp<float, at::native::MeanOps<float, float, float, float>, unsigned int, float, (int)4, (int)4>>(T3)"
:BasicsTransformerLM.layers.7,PushPop,30,30,2,4,22624,5656.0,5648.0,4672,6656,1118.1,"void at::native::elementwise_kernel<(int)128, (int)2, void at::native::gpu_kernel_impl_nocast<at::native::direct_copy_kernel_cuda(at::TensorIteratorBase &)::[lambda() (instance 3)]::operator ()() const::[lambda() (instance 7)]::operator ()() const::[lambda(float) (instance 1)]>(at::TensorIteratorBase &, const T1 &)::[lambda(int) (instance 1)]>(int, T3)"
:BasicsTransformerLM.layers.7,PushPop,30,30,2,2,13952,6976.0,6976.0,6880,7072,135.8,"void at::native::reduce_kernel<(int)512, (int)1, at::native::ReduceOp<float, at::native::func_wrapper_t<float, at::native::sum_functor<float, float, float>::operator ()(at::TensorIterator &)::[lambda(float, float) (instance 1)]>, unsigned int, float, (int)4, (int)4>>(T3)"
:BasicsTransformerLM.layers.7,PushPop,30,30,2,2,11584,5792.0,5792.0,5760,5824,45.3,"void at::native::vectorized_elementwise_kernel<(int)4, at::native::sigmoid_kernel_cuda(at::TensorIteratorBase &)::[lambda() (instance 2)]::operator ()() const::[lambda() (instance 2)]::operator ()() const::[lambda(float) (instance 1)], std::array<char *, (unsigned long)2>>(int, T2, T3)"
:BasicsTransformerLM.layers.7,PushPop,30,30,2,2,10304,5152.0,5152.0,5152,5152,0.0,"void at::native::vectorized_elementwise_kernel<(int)4, at::native::exp_kernel_cuda(at::TensorIteratorBase &)::[lambda() (instance 2)]::operator ()() const::[lambda() (instance 2)]::operator ()() const::[lambda(float) (instance 1)], std::array<char *, (unsigned long)2>>(int, T2, T3)"
:BasicsTransformerLM.layers.7,PushPop,30,30,2,2,10080,5040.0,5040.0,4960,5120,113.1,"void at::native::vectorized_elementwise_kernel<(int)4, at::native::BUnaryFunctor<float, float, float, at::native::binary_internal::MulFunctor<float>>, std::array<char *, (unsigned long)2>>(int, T2, T3)"
:BasicsTransformerLM.layers.7,PushPop,30,30,2,4,9856,2464.0,2448.0,2368,2592,113.9,"void at::native::vectorized_elementwise_kernel<(int)4, void at::native::<unnamed>::pow_tensor_scalar_kernel_impl<float, float>(at::TensorIteratorBase &, T2)::[lambda(float) (instance 1)], std::array<char *, (unsigned long)2>>(int, T2, T3)"
:BasicsTransformerLM.layers.7,PushPop,30,30,2,4,5312,1328.0,1360.0,1120,1472,162.1,"void at::native::vectorized_elementwise_kernel<(int)4, at::native::CUDAFunctorOnSelf_add<float>, std::array<char *, (unsigned long)2>>(int, T2, T3)"
:BasicsTransformerLM.layers.7,PushPop,30,30,2,2,5248,2624.0,2624.0,2528,2720,135.8,"void at::native::elementwise_kernel<(int)128, (int)4, void at::native::gpu_kernel_impl_nocast<at::native::<unnamed>::CompareFunctor<long>>(at::TensorIteratorBase &, const T1 &)::[lambda(int) (instance 1)]>(int, T3)"
:BasicsTransformerLM.layers.7,PushPop,30,30,2,4,4800,1200.0,1200.0,1152,1248,55.4,"void at::native::vectorized_elementwise_kernel<(int)4, at::native::rsqrt_kernel_cuda(at::TensorIteratorBase &)::[lambda() (instance 2)]::operator ()() const::[lambda() (instance 2)]::operator ()() const::[lambda(float) (instance 1)], std::array<char *, (unsigned long)2>>(int, T2, T3)"
:BasicsTransformerLM.layers.7,PushPop,30,30,2,2,1728,864.0,864.0,864,864,0.0,"void at::native::vectorized_elementwise_kernel<(int)4, at::native::FillFunctor<float>, std::array<char *, (unsigned long)1>>(int, T2, T3)"
:BasicsTransformerLM.layers.7,PushPop,30,30,2,2,1632,816.0,816.0,736,896,113.1,"void <unnamed>::elementwise_kernel_with_index<int, at::native::arange_cuda_out(const c10::Scalar &, const c10::Scalar &, const c10::Scalar &, at::Tensor &)::[lambda() (instance 1)]::operator ()() const::[lambda() (instance 4)]::operator ()() const::[lambda(long) (instance 1)]>(T1, T2, function_traits<T2>::result_type *)"
:BasicsTransformerLM.layers.7.attn,PushPop,30,30,2,8,749476,93684.5,93536.5,93408,94209,331.0,cutlass3x_sm100_simt_sgemm_f32_f32_f32_f32_f32_64x32x16_1x1x1_3_tnn_align1_bias_f32_relu
:BasicsTransformerLM.layers.7.attn,PushPop,30,30,2,16,54944,3434.0,3456.0,3136,3552,124.1,"void at::native::elementwise_kernel<(int)128, (int)2, void at::native::gpu_kernel_impl_nocast<at::native::BinaryFunctor<float, float, float, at::native::binary_internal::MulFunctor<float>>>(at::TensorIteratorBase &, const T1 &)::[lambda(int) (instance 1)]>(int, T3)"
:BasicsTransformerLM.layers.7.attn,PushPop,30,30,2,2,53696,26848.0,26848.0,26848,26848,0.0,cutlass3x_sm100_simt_sgemm_f32_f32_f32_f32_f32_128x64x16_1x1x1_3_tnn_align1_bias_f32_relu
:BasicsTransformerLM.layers.7.attn,PushPop,30,30,2,2,42208,21104.0,21104.0,21056,21152,67.9,cutlass3x_sm100_simt_sgemm_f32_f32_f32_f32_f32_64x32x16_1x1x1_3_nnn_align1_bias_f32_relu
:BasicsTransformerLM.layers.7.attn,PushPop,30,30,2,4,36673,9168.3,9104.5,8992,9472,219.4,"void at::native::<unnamed>::CatArrayBatchedCopy<at::native::<unnamed>::OpaqueType<(unsigned int)4>, unsigned int, (int)4, (int)64, (int)64>(T1 *, at::native::<unnamed>::CatArrInputTensorMetadata<T1, T2, T4, T5>, at::native::<unnamed>::TensorSizeStride<T2, (unsigned int)4>, int, T2)"
:BasicsTransformerLM.layers.7.attn,PushPop,30,30,2,2,30560,15280.0,15280.0,15264,15296,22.6,"void at::native::elementwise_kernel<(int)128, (int)2, void at::native::gpu_kernel_impl_nocast<at::native::BinaryFunctor<float, float, float, at::native::binary_internal::DivFunctor<float>>>(at::TensorIteratorBase &, const T1 &)::[lambda(int) (instance 1)]>(int, T3)"
:BasicsTransformerLM.layers.7.attn,PushPop,30,30,2,2,26400,13200.0,13200.0,13088,13312,158.4,"void at::native::elementwise_kernel<(int)128, (int)2, void at::native::gpu_kernel_impl_nocast<at::native::<unnamed>::where_kernel_impl(at::TensorIterator &)::[lambda() (instance 1)]::operator ()() const::[lambda() (instance 11)]::operator ()() const::[lambda(bool, float, float) (instance 1)]>(at::TensorIteratorBase &, const T1 &)::[lambda(int) (instance 1)]>(int, T3)"
:BasicsTransformerLM.layers.7.attn,PushPop,30,30,2,2,26208,13104.0,13104.0,13088,13120,22.6,"void at::native::reduce_kernel<(int)512, (int)1, at::native::ReduceOp<float, at::native::MaxOps<float>, unsigned int, float, (int)4, (int)4>>(T3)"
:BasicsTransformerLM.layers.7.attn,PushPop,30,30,2,2,25344,12672.0,12672.0,12640,12704,45.3,"void at::native::elementwise_kernel<(int)128, (int)2, void at::native::gpu_kernel_impl_nocast<at::native::CUDAFunctor_add<float>>(at::TensorIteratorBase &, const T1 &)::[lambda(int) (instance 1)]>(int, T3)"
:BasicsTransformerLM.layers.7.attn,PushPop,30,30,2,4,22624,5656.0,5648.0,4672,6656,1118.1,"void at::native::elementwise_kernel<(int)128, (int)2, void at::native::gpu_kernel_impl_nocast<at::native::direct_copy_kernel_cuda(at::TensorIteratorBase &)::[lambda() (instance 3)]::operator ()() const::[lambda() (instance 7)]::operator ()() const::[lambda(float) (instance 1)]>(at::TensorIteratorBase &, const T1 &)::[lambda(int) (instance 1)]>(int, T3)"
:BasicsTransformerLM.layers.7.attn,PushPop,30,30,2,8,16384,2048.0,2000.0,1920,2240,106.8,"void at::native::vectorized_elementwise_kernel<(int)4, at::native::CUDAFunctor_add<float>, std::array<char *, (unsigned long)3>>(int, T2, T3)"
:BasicsTransformerLM.layers.7.attn,PushPop,30,30,2,2,13952,6976.0,6976.0,6880,7072,135.8,"void at::native::reduce_kernel<(int)512, (int)1, at::native::ReduceOp<float, at::native::func_wrapper_t<float, at::native::sum_functor<float, float, float>::operator ()(at::TensorIterator &)::[lambda(float, float) (instance 1)]>, unsigned int, float, (int)4, (int)4>>(T3)"
:BasicsTransformerLM.layers.7.attn,PushPop,30,30,2,2,10304,5152.0,5152.0,5152,5152,0.0,"void at::native::vectorized_elementwise_kernel<(int)4, at::native::exp_kernel_cuda(at::TensorIteratorBase &)::[lambda() (instance 2)]::operator ()() const::[lambda() (instance 2)]::operator ()() const::[lambda(float) (instance 1)], std::array<char *, (unsigned long)2>>(int, T2, T3)"
:BasicsTransformerLM.layers.7.attn,PushPop,30,30,2,2,10080,5040.0,5040.0,4960,5120,113.1,"void at::native::vectorized_elementwise_kernel<(int)4, at::native::BUnaryFunctor<float, float, float, at::native::binary_internal::MulFunctor<float>>, std::array<char *, (unsigned long)2>>(int, T2, T3)"
:BasicsTransformerLM.layers.7.attn,PushPop,30,30,2,2,5248,2624.0,2624.0,2528,2720,135.8,"void at::native::elementwise_kernel<(int)128, (int)4, void at::native::gpu_kernel_impl_nocast<at::native::<unnamed>::CompareFunctor<long>>(at::TensorIteratorBase &, const T1 &)::[lambda(int) (instance 1)]>(int, T3)"
:BasicsTransformerLM.layers.7.attn,PushPop,30,30,2,2,1728,864.0,864.0,864,864,0.0,"void at::native::vectorized_elementwise_kernel<(int)4, at::native::FillFunctor<float>, std::array<char *, (unsigned long)1>>(int, T2, T3)"
:BasicsTransformerLM.layers.7.attn,PushPop,30,30,2,2,1632,816.0,816.0,736,896,113.1,"void <unnamed>::elementwise_kernel_with_index<int, at::native::arange_cuda_out(const c10::Scalar &, const c10::Scalar &, const c10::Scalar &, at::Tensor &)::[lambda() (instance 1)]::operator ()() const::[lambda() (instance 4)]::operator ()() const::[lambda(long) (instance 1)]>(T1, T2, function_traits<T2>::result_type *)"
:BasicsTransformerLM.layers.7.attn.k_proj,PushPop,30,30,2,2,186914,93457.0,93457.0,93441,93473,22.6,cutlass3x_sm100_simt_sgemm_f32_f32_f32_f32_f32_64x32x16_1x1x1_3_tnn_align1_bias_f32_relu
:BasicsTransformerLM.layers.7.attn.output_proj,PushPop,30,30,2,2,188386,94193.0,94193.0,94177,94209,22.6,cutlass3x_sm100_simt_sgemm_f32_f32_f32_f32_f32_64x32x16_1x1x1_3_tnn_align1_bias_f32_relu
:BasicsTransformerLM.layers.7.attn.q_proj,PushPop,30,30,2,2,187168,93584.0,93584.0,93440,93728,203.6,cutlass3x_sm100_simt_sgemm_f32_f32_f32_f32_f32_64x32x16_1x1x1_3_tnn_align1_bias_f32_relu
:BasicsTransformerLM.layers.7.attn.v_proj,PushPop,30,30,2,2,187008,93504.0,93504.0,93408,93600,135.8,cutlass3x_sm100_simt_sgemm_f32_f32_f32_f32_f32_64x32x16_1x1x1_3_tnn_align1_bias_f32_relu
:BasicsTransformerLM.layers.7.ffn,PushPop,30,30,2,4,1249446,312361.5,312449.5,311873,312674,388.4,cutlass3x_sm100_simt_sgemm_f32_f32_f32_f32_f32_64x128x16_1x1x1_3_tnn_align1_bias_f32_relu
:BasicsTransformerLM.layers.7.ffn,PushPop,30,30,2,2,720644,360322.0,360322.0,359938,360706,543.1,cutlass3x_sm100_simt_sgemm_f32_f32_f32_f32_f32_64x32x16_1x1x1_3_tnn_align1_bias_f32_relu
:BasicsTransformerLM.layers.7.ffn,PushPop,30,30,2,4,25408,6352.0,6352.0,5632,7072,761.1,"void at::native::vectorized_elementwise_kernel<(int)4, at::native::BinaryFunctor<float, float, float, at::native::binary_internal::MulFunctor<float>>, std::array<char *, (unsigned long)3>>(int, T2, T3)"
:BasicsTransformerLM.layers.7.ffn,PushPop,30,30,2,2,11584,5792.0,5792.0,5760,5824,45.3,"void at::native::vectorized_elementwise_kernel<(int)4, at::native::sigmoid_kernel_cuda(at::TensorIteratorBase &)::[lambda() (instance 2)]::operator ()() const::[lambda() (instance 2)]::operator ()() const::[lambda(float) (instance 1)], std::array<char *, (unsigned long)2>>(int, T2, T3)"
:BasicsTransformerLM.layers.7.ffn.w1,PushPop,30,30,2,2,625348,312674.0,312674.0,312674,312674,0.0,cutlass3x_sm100_simt_sgemm_f32_f32_f32_f32_f32_64x128x16_1x1x1_3_tnn_align1_bias_f32_relu
:BasicsTransformerLM.layers.7.ffn.w2,PushPop,30,30,2,2,720644,360322.0,360322.0,359938,360706,543.1,cutlass3x_sm100_simt_sgemm_f32_f32_f32_f32_f32_64x32x16_1x1x1_3_tnn_align1_bias_f32_relu
:BasicsTransformerLM.layers.7.ffn.w3,PushPop,30,30,2,2,624098,312049.0,312049.0,311873,312225,248.9,cutlass3x_sm100_simt_sgemm_f32_f32_f32_f32_f32_64x128x16_1x1x1_3_tnn_align1_bias_f32_relu
:BasicsTransformerLM.layers.7.ln1,PushPop,30,30,2,4,18592,4648.0,4640.0,4608,4704,48.0,"void at::native::elementwise_kernel<(int)128, (int)2, void at::native::gpu_kernel_impl_nocast<at::native::BinaryFunctor<float, float, float, at::native::binary_internal::MulFunctor<float>>>(at::TensorIteratorBase &, const T1 &)::[lambda(int) (instance 1)]>(int, T3)"
:BasicsTransformerLM.layers.7.ln1,PushPop,30,30,2,2,11968,5984.0,5984.0,5952,6016,45.3,"void at::native::reduce_kernel<(int)512, (int)1, at::native::ReduceOp<float, at::native::MeanOps<float, float, float, float>, unsigned int, float, (int)4, (int)4>>(T3)"
:BasicsTransformerLM.layers.7.ln1,PushPop,30,30,2,2,4896,2448.0,2448.0,2368,2528,113.1,"void at::native::vectorized_elementwise_kernel<(int)4, void at::native::<unnamed>::pow_tensor_scalar_kernel_impl<float, float>(at::TensorIteratorBase &, T2)::[lambda(float) (instance 1)], std::array<char *, (unsigned long)2>>(int, T2, T3)"
:BasicsTransformerLM.layers.7.ln1,PushPop,30,30,2,2,2752,1376.0,1376.0,1280,1472,135.8,"void at::native::vectorized_elementwise_kernel<(int)4, at::native::CUDAFunctorOnSelf_add<float>, std::array<char *, (unsigned long)2>>(int, T2, T3)"
:BasicsTransformerLM.layers.7.ln1,PushPop,30,30,2,2,2496,1248.0,1248.0,1248,1248,0.0,"void at::native::vectorized_elementwise_kernel<(int)4, at::native::rsqrt_kernel_cuda(at::TensorIteratorBase &)::[lambda() (instance 2)]::operator ()() const::[lambda() (instance 2)]::operator ()() const::[lambda(float) (instance 1)], std::array<char *, (unsigned long)2>>(int, T2, T3)"
:BasicsTransformerLM.layers.7.ln2,PushPop,30,30,2,4,18720,4680.0,4688.0,4608,4736,54.7,"void at::native::elementwise_kernel<(int)128, (int)2, void at::native::gpu_kernel_impl_nocast<at::native::BinaryFunctor<float, float, float, at::native::binary_internal::MulFunctor<float>>>(at::TensorIteratorBase &, const T1 &)::[lambda(int) (instance 1)]>(int, T3)"
:BasicsTransformerLM.layers.7.ln2,PushPop,30,30,2,2,11968,5984.0,5984.0,5984,5984,0.0,"void at::native::reduce_kernel<(int)512, (int)1, at::native::ReduceOp<float, at::native::MeanOps<float, float, float, float>, unsigned int, float, (int)4, (int)4>>(T3)"
:BasicsTransformerLM.layers.7.ln2,PushPop,30,30,2,2,4960,2480.0,2480.0,2368,2592,158.4,"void at::native::vectorized_elementwise_kernel<(int)4, void at::native::<unnamed>::pow_tensor_scalar_kernel_impl<float, float>(at::TensorIteratorBase &, T2)::[lambda(float) (instance 1)], std::array<char *, (unsigned long)2>>(int, T2, T3)"
:BasicsTransformerLM.layers.7.ln2,PushPop,30,30,2,2,2560,1280.0,1280.0,1120,1440,226.3,"void at::native::vectorized_elementwise_kernel<(int)4, at::native::CUDAFunctorOnSelf_add<float>, std::array<char *, (unsigned long)2>>(int, T2, T3)"
:BasicsTransformerLM.layers.7.ln2,PushPop,30,30,2,2,2304,1152.0,1152.0,1152,1152,0.0,"void at::native::vectorized_elementwise_kernel<(int)4, at::native::rsqrt_kernel_cuda(at::TensorIteratorBase &)::[lambda() (instance 2)]::operator ()() const::[lambda() (instance 2)]::operator ()() const::[lambda(float) (instance 1)], std::array<char *, (unsigned long)2>>(int, T2, T3)"
:BasicsTransformerLM.layers.8,PushPop,30,30,2,10,1471560,147156.0,93680.5,93377,361410,112694.6,cutlass3x_sm100_simt_sgemm_f32_f32_f32_f32_f32_64x32x16_1x1x1_3_tnn_align1_bias_f32_relu
:BasicsTransformerLM.layers.8,PushPop,30,30,2,4,1249766,312441.5,312545.0,312034,312642,275.5,cutlass3x_sm100_simt_sgemm_f32_f32_f32_f32_f32_64x128x16_1x1x1_3_tnn_align1_bias_f32_relu
:BasicsTransformerLM.layers.8,PushPop,30,30,2,24,91328,3805.3,3504.0,3104,4832,610.1,"void at::native::elementwise_kernel<(int)128, (int)2, void at::native::gpu_kernel_impl_nocast<at::native::BinaryFunctor<float, float, float, at::native::binary_internal::MulFunctor<float>>>(at::TensorIteratorBase &, const T1 &)::[lambda(int) (instance 1)]>(int, T3)"
:BasicsTransformerLM.layers.8,PushPop,30,30,2,2,53472,26736.0,26736.0,26656,26816,113.1,cutlass3x_sm100_simt_sgemm_f32_f32_f32_f32_f32_128x64x16_1x1x1_3_tnn_align1_bias_f32_relu
:BasicsTransformerLM.layers.8,PushPop,30,30,2,2,42496,21248.0,21248.0,21216,21280,45.3,cutlass3x_sm100_simt_sgemm_f32_f32_f32_f32_f32_64x32x16_1x1x1_3_nnn_align1_bias_f32_relu
:BasicsTransformerLM.layers.8,PushPop,30,30,2,4,36064,9016.0,9024.0,8864,9152,141.6,"void at::native::<unnamed>::CatArrayBatchedCopy<at::native::<unnamed>::OpaqueType<(unsigned int)4>, unsigned int, (int)4, (int)64, (int)64>(T1 *, at::native::<unnamed>::CatArrInputTensorMetadata<T1, T2, T4, T5>, at::native::<unnamed>::TensorSizeStride<T2, (unsigned int)4>, int, T2)"
:BasicsTransformerLM.layers.8,PushPop,30,30,2,2,30400,15200.0,15200.0,15200,15200,0.0,"void at::native::elementwise_kernel<(int)128, (int)2, void at::native::gpu_kernel_impl_nocast<at::native::BinaryFunctor<float, float, float, at::native::binary_internal::DivFunctor<float>>>(at::TensorIteratorBase &, const T1 &)::[lambda(int) (instance 1)]>(int, T3)"
:BasicsTransformerLM.layers.8,PushPop,30,30,2,12,30080,2506.7,2112.0,1984,3488,635.8,"void at::native::vectorized_elementwise_kernel<(int)4, at::native::CUDAFunctor_add<float>, std::array<char *, (unsigned long)3>>(int, T2, T3)"
:BasicsTransformerLM.layers.8,PushPop,30,30,2,2,26178,13089.0,13089.0,13089,13089,0.0,"void at::native::reduce_kernel<(int)512, (int)1, at::native::ReduceOp<float, at::native::MaxOps<float>, unsigned int, float, (int)4, (int)4>>(T3)"
:BasicsTransformerLM.layers.8,PushPop,30,30,2,2,26016,13008.0,13008.0,12992,13024,22.6,"void at::native::elementwise_kernel<(int)128, (int)2, void at::native::gpu_kernel_impl_nocast<at::native::<unnamed>::where_kernel_impl(at::TensorIterator &)::[lambda() (instance 1)]::operator ()() const::[lambda() (instance 11)]::operator ()() const::[lambda(bool, float, float) (instance 1)]>(at::TensorIteratorBase &, const T1 &)::[lambda(int) (instance 1)]>(int, T3)"
:BasicsTransformerLM.layers.8,PushPop,30,30,2,4,25376,6344.0,6352.0,5632,7040,785.7,"void at::native::vectorized_elementwise_kernel<(int)4, at::native::BinaryFunctor<float, float, float, at::native::binary_internal::MulFunctor<float>>, std::array<char *, (unsigned long)3>>(int, T2, T3)"
:BasicsTransformerLM.layers.8,PushPop,30,30,2,2,25184,12592.0,12592.0,12576,12608,22.6,"void at::native::elementwise_kernel<(int)128, (int)2, void at::native::gpu_kernel_impl_nocast<at::native::CUDAFunctor_add<float>>(at::TensorIteratorBase &, const T1 &)::[lambda(int) (instance 1)]>(int, T3)"
:BasicsTransformerLM.layers.8,PushPop,30,30,2,4,23874,5968.5,5968.0,5921,6017,41.3,"void at::native::reduce_kernel<(int)512, (int)1, at::native::ReduceOp<float, at::native::MeanOps<float, float, float, float>, unsigned int, float, (int)4, (int)4>>(T3)"
:BasicsTransformerLM.layers.8,PushPop,30,30,2,4,22272,5568.0,5552.0,4608,6560,1073.2,"void at::native::elementwise_kernel<(int)128, (int)2, void at::native::gpu_kernel_impl_nocast<at::native::direct_copy_kernel_cuda(at::TensorIteratorBase &)::[lambda() (instance 3)]::operator ()() const::[lambda() (instance 7)]::operator ()() const::[lambda(float) (instance 1)]>(at::TensorIteratorBase &, const T1 &)::[lambda(int) (instance 1)]>(int, T3)"
:BasicsTransformerLM.layers.8,PushPop,30,30,2,2,13888,6944.0,6944.0,6880,7008,90.5,"void at::native::reduce_kernel<(int)512, (int)1, at::native::ReduceOp<float, at::native::func_wrapper_t<float, at::native::sum_functor<float, float, float>::operator ()(at::TensorIterator &)::[lambda(float, float) (instance 1)]>, unsigned int, float, (int)4, (int)4>>(T3)"
:BasicsTransformerLM.layers.8,PushPop,30,30,2,2,11680,5840.0,5840.0,5824,5856,22.6,"void at::native::vectorized_elementwise_kernel<(int)4, at::native::sigmoid_kernel_cuda(at::TensorIteratorBase &)::[lambda() (instance 2)]::operator ()() const::[lambda() (instance 2)]::operator ()() const::[lambda(float) (instance 1)], std::array<char *, (unsigned long)2>>(int, T2, T3)"
:BasicsTransformerLM.layers.8,PushPop,30,30,2,2,10464,5232.0,5232.0,5216,5248,22.6,"void at::native::vectorized_elementwise_kernel<(int)4, at::native::exp_kernel_cuda(at::TensorIteratorBase &)::[lambda() (instance 2)]::operator ()() const::[lambda() (instance 2)]::operator ()() const::[lambda(float) (instance 1)], std::array<char *, (unsigned long)2>>(int, T2, T3)"
:BasicsTransformerLM.layers.8,PushPop,30,30,2,2,10016,5008.0,5008.0,4992,5024,22.6,"void at::native::vectorized_elementwise_kernel<(int)4, at::native::BUnaryFunctor<float, float, float, at::native::binary_internal::MulFunctor<float>>, std::array<char *, (unsigned long)2>>(int, T2, T3)"
:BasicsTransformerLM.layers.8,PushPop,30,30,2,4,9600,2400.0,2416.0,2336,2432,45.3,"void at::native::vectorized_elementwise_kernel<(int)4, void at::native::<unnamed>::pow_tensor_scalar_kernel_impl<float, float>(at::TensorIteratorBase &, T2)::[lambda(float) (instance 1)], std::array<char *, (unsigned long)2>>(int, T2, T3)"
:BasicsTransformerLM.layers.8,PushPop,30,30,2,4,5728,1432.0,1456.0,1280,1536,108.9,"void at::native::vectorized_elementwise_kernel<(int)4, at::native::CUDAFunctorOnSelf_add<float>, std::array<char *, (unsigned long)2>>(int, T2, T3)"
:BasicsTransformerLM.layers.8,PushPop,30,30,2,2,5120,2560.0,2560.0,2528,2592,45.3,"void at::native::elementwise_kernel<(int)128, (int)4, void at::native::gpu_kernel_impl_nocast<at::native::<unnamed>::CompareFunctor<long>>(at::TensorIteratorBase &, const T1 &)::[lambda(int) (instance 1)]>(int, T3)"
:BasicsTransformerLM.layers.8,PushPop,30,30,2,4,4800,1200.0,1168.0,1152,1312,76.2,"void at::native::vectorized_elementwise_kernel<(int)4, at::native::rsqrt_kernel_cuda(at::TensorIteratorBase &)::[lambda() (instance 2)]::operator ()() const::[lambda() (instance 2)]::operator ()() const::[lambda(float) (instance 1)], std::array<char *, (unsigned long)2>>(int, T2, T3)"
:BasicsTransformerLM.layers.8,PushPop,30,30,2,2,1792,896.0,896.0,896,896,0.0,"void at::native::vectorized_elementwise_kernel<(int)4, at::native::FillFunctor<float>, std::array<char *, (unsigned long)1>>(int, T2, T3)"
:BasicsTransformerLM.layers.8,PushPop,30,30,2,2,1664,832.0,832.0,736,928,135.8,"void <unnamed>::elementwise_kernel_with_index<int, at::native::arange_cuda_out(const c10::Scalar &, const c10::Scalar &, const c10::Scalar &, at::Tensor &)::[lambda() (instance 1)]::operator ()() const::[lambda() (instance 4)]::operator ()() const::[lambda(long) (instance 1)]>(T1, T2, function_traits<T2>::result_type *)"
:BasicsTransformerLM.layers.8.attn,PushPop,30,30,2,8,749604,93700.5,93584.5,93377,94208,308.3,cutlass3x_sm100_simt_sgemm_f32_f32_f32_f32_f32_64x32x16_1x1x1_3_tnn_align1_bias_f32_relu
:BasicsTransformerLM.layers.8.attn,PushPop,30,30,2,16,54432,3402.0,3440.0,3104,3936,213.1,"void at::native::elementwise_kernel<(int)128, (int)2, void at::native::gpu_kernel_impl_nocast<at::native::BinaryFunctor<float, float, float, at::native::binary_internal::MulFunctor<float>>>(at::TensorIteratorBase &, const T1 &)::[lambda(int) (instance 1)]>(int, T3)"
:BasicsTransformerLM.layers.8.attn,PushPop,30,30,2,2,53472,26736.0,26736.0,26656,26816,113.1,cutlass3x_sm100_simt_sgemm_f32_f32_f32_f32_f32_128x64x16_1x1x1_3_tnn_align1_bias_f32_relu
:BasicsTransformerLM.layers.8.attn,PushPop,30,30,2,2,42496,21248.0,21248.0,21216,21280,45.3,cutlass3x_sm100_simt_sgemm_f32_f32_f32_f32_f32_64x32x16_1x1x1_3_nnn_align1_bias_f32_relu
:BasicsTransformerLM.layers.8.attn,PushPop,30,30,2,4,36064,9016.0,9024.0,8864,9152,141.6,"void at::native::<unnamed>::CatArrayBatchedCopy<at::native::<unnamed>::OpaqueType<(unsigned int)4>, unsigned int, (int)4, (int)64, (int)64>(T1 *, at::native::<unnamed>::CatArrInputTensorMetadata<T1, T2, T4, T5>, at::native::<unnamed>::TensorSizeStride<T2, (unsigned int)4>, int, T2)"
:BasicsTransformerLM.layers.8.attn,PushPop,30,30,2,2,30400,15200.0,15200.0,15200,15200,0.0,"void at::native::elementwise_kernel<(int)128, (int)2, void at::native::gpu_kernel_impl_nocast<at::native::BinaryFunctor<float, float, float, at::native::binary_internal::DivFunctor<float>>>(at::TensorIteratorBase &, const T1 &)::[lambda(int) (instance 1)]>(int, T3)"
:BasicsTransformerLM.layers.8.attn,PushPop,30,30,2,2,26178,13089.0,13089.0,13089,13089,0.0,"void at::native::reduce_kernel<(int)512, (int)1, at::native::ReduceOp<float, at::native::MaxOps<float>, unsigned int, float, (int)4, (int)4>>(T3)"
:BasicsTransformerLM.layers.8.attn,PushPop,30,30,2,2,26016,13008.0,13008.0,12992,13024,22.6,"void at::native::elementwise_kernel<(int)128, (int)2, void at::native::gpu_kernel_impl_nocast<at::native::<unnamed>::where_kernel_impl(at::TensorIterator &)::[lambda() (instance 1)]::operator ()() const::[lambda() (instance 11)]::operator ()() const::[lambda(bool, float, float) (instance 1)]>(at::TensorIteratorBase &, const T1 &)::[lambda(int) (instance 1)]>(int, T3)"
:BasicsTransformerLM.layers.8.attn,PushPop,30,30,2,2,25184,12592.0,12592.0,12576,12608,22.6,"void at::native::elementwise_kernel<(int)128, (int)2, void at::native::gpu_kernel_impl_nocast<at::native::CUDAFunctor_add<float>>(at::TensorIteratorBase &, const T1 &)::[lambda(int) (instance 1)]>(int, T3)"
:BasicsTransformerLM.layers.8.attn,PushPop,30,30,2,4,22272,5568.0,5552.0,4608,6560,1073.2,"void at::native::elementwise_kernel<(int)128, (int)2, void at::native::gpu_kernel_impl_nocast<at::native::direct_copy_kernel_cuda(at::TensorIteratorBase &)::[lambda() (instance 3)]::operator ()() const::[lambda() (instance 7)]::operator ()() const::[lambda(float) (instance 1)]>(at::TensorIteratorBase &, const T1 &)::[lambda(int) (instance 1)]>(int, T3)"
:BasicsTransformerLM.layers.8.attn,PushPop,30,30,2,8,16640,2080.0,2112.0,1984,2144,61.7,"void at::native::vectorized_elementwise_kernel<(int)4, at::native::CUDAFunctor_add<float>, std::array<char *, (unsigned long)3>>(int, T2, T3)"
:BasicsTransformerLM.layers.8.attn,PushPop,30,30,2,2,13888,6944.0,6944.0,6880,7008,90.5,"void at::native::reduce_kernel<(int)512, (int)1, at::native::ReduceOp<float, at::native::func_wrapper_t<float, at::native::sum_functor<float, float, float>::operator ()(at::TensorIterator &)::[lambda(float, float) (instance 1)]>, unsigned int, float, (int)4, (int)4>>(T3)"
:BasicsTransformerLM.layers.8.attn,PushPop,30,30,2,2,10464,5232.0,5232.0,5216,5248,22.6,"void at::native::vectorized_elementwise_kernel<(int)4, at::native::exp_kernel_cuda(at::TensorIteratorBase &)::[lambda() (instance 2)]::operator ()() const::[lambda() (instance 2)]::operator ()() const::[lambda(float) (instance 1)], std::array<char *, (unsigned long)2>>(int, T2, T3)"
:BasicsTransformerLM.layers.8.attn,PushPop,30,30,2,2,10016,5008.0,5008.0,4992,5024,22.6,"void at::native::vectorized_elementwise_kernel<(int)4, at::native::BUnaryFunctor<float, float, float, at::native::binary_internal::MulFunctor<float>>, std::array<char *, (unsigned long)2>>(int, T2, T3)"
:BasicsTransformerLM.layers.8.attn,PushPop,30,30,2,2,5120,2560.0,2560.0,2528,2592,45.3,"void at::native::elementwise_kernel<(int)128, (int)4, void at::native::gpu_kernel_impl_nocast<at::native::<unnamed>::CompareFunctor<long>>(at::TensorIteratorBase &, const T1 &)::[lambda(int) (instance 1)]>(int, T3)"
:BasicsTransformerLM.layers.8.attn,PushPop,30,30,2,2,1792,896.0,896.0,896,896,0.0,"void at::native::vectorized_elementwise_kernel<(int)4, at::native::FillFunctor<float>, std::array<char *, (unsigned long)1>>(int, T2, T3)"
:BasicsTransformerLM.layers.8.attn,PushPop,30,30,2,2,1664,832.0,832.0,736,928,135.8,"void <unnamed>::elementwise_kernel_with_index<int, at::native::arange_cuda_out(const c10::Scalar &, const c10::Scalar &, const c10::Scalar &, at::Tensor &)::[lambda() (instance 1)]::operator ()() const::[lambda() (instance 4)]::operator ()() const::[lambda(long) (instance 1)]>(T1, T2, function_traits<T2>::result_type *)"
:BasicsTransformerLM.layers.8.attn.k_proj,PushPop,30,30,2,2,187008,93504.0,93504.0,93408,93600,135.8,cutlass3x_sm100_simt_sgemm_f32_f32_f32_f32_f32_64x32x16_1x1x1_3_tnn_align1_bias_f32_relu
:BasicsTransformerLM.layers.8.attn.output_proj,PushPop,30,30,2,2,188320,94160.0,94160.0,94112,94208,67.9,cutlass3x_sm100_simt_sgemm_f32_f32_f32_f32_f32_64x32x16_1x1x1_3_tnn_align1_bias_f32_relu
:BasicsTransformerLM.layers.8.attn.q_proj,PushPop,30,30,2,2,186946,93473.0,93473.0,93377,93569,135.8,cutlass3x_sm100_simt_sgemm_f32_f32_f32_f32_f32_64x32x16_1x1x1_3_tnn_align1_bias_f32_relu
:BasicsTransformerLM.layers.8.attn.v_proj,PushPop,30,30,2,2,187330,93665.0,93665.0,93569,93761,135.8,cutlass3x_sm100_simt_sgemm_f32_f32_f32_f32_f32_64x32x16_1x1x1_3_tnn_align1_bias_f32_relu
:BasicsTransformerLM.layers.8.ffn,PushPop,30,30,2,4,1249766,312441.5,312545.0,312034,312642,275.5,cutlass3x_sm100_simt_sgemm_f32_f32_f32_f32_f32_64x128x16_1x1x1_3_tnn_align1_bias_f32_relu
:BasicsTransformerLM.layers.8.ffn,PushPop,30,30,2,2,721956,360978.0,360978.0,360546,361410,610.9,cutlass3x_sm100_simt_sgemm_f32_f32_f32_f32_f32_64x32x16_1x1x1_3_tnn_align1_bias_f32_relu
:BasicsTransformerLM.layers.8.ffn,PushPop,30,30,2,4,25376,6344.0,6352.0,5632,7040,785.7,"void at::native::vectorized_elementwise_kernel<(int)4, at::native::BinaryFunctor<float, float, float, at::native::binary_internal::MulFunctor<float>>, std::array<char *, (unsigned long)3>>(int, T2, T3)"
:BasicsTransformerLM.layers.8.ffn,PushPop,30,30,2,2,11680,5840.0,5840.0,5824,5856,22.6,"void at::native::vectorized_elementwise_kernel<(int)4, at::native::sigmoid_kernel_cuda(at::TensorIteratorBase &)::[lambda() (instance 2)]::operator ()() const::[lambda() (instance 2)]::operator ()() const::[lambda(float) (instance 1)], std::array<char *, (unsigned long)2>>(int, T2, T3)"
:BasicsTransformerLM.layers.8.ffn.w1,PushPop,30,30,2,2,625090,312545.0,312545.0,312545,312545,0.0,cutlass3x_sm100_simt_sgemm_f32_f32_f32_f32_f32_64x128x16_1x1x1_3_tnn_align1_bias_f32_relu
:BasicsTransformerLM.layers.8.ffn.w2,PushPop,30,30,2,2,721956,360978.0,360978.0,360546,361410,610.9,cutlass3x_sm100_simt_sgemm_f32_f32_f32_f32_f32_64x32x16_1x1x1_3_tnn_align1_bias_f32_relu
:BasicsTransformerLM.layers.8.ffn.w3,PushPop,30,30,2,2,624676,312338.0,312338.0,312034,312642,429.9,cutlass3x_sm100_simt_sgemm_f32_f32_f32_f32_f32_64x128x16_1x1x1_3_tnn_align1_bias_f32_relu
:BasicsTransformerLM.layers.8.ln1,PushPop,30,30,2,4,18656,4664.0,4624.0,4576,4832,120.8,"void at::native::elementwise_kernel<(int)128, (int)2, void at::native::gpu_kernel_impl_nocast<at::native::BinaryFunctor<float, float, float, at::native::binary_internal::MulFunctor<float>>>(at::TensorIteratorBase &, const T1 &)::[lambda(int) (instance 1)]>(int, T3)"
:BasicsTransformerLM.layers.8.ln1,PushPop,30,30,2,2,11936,5968.0,5968.0,5952,5984,22.6,"void at::native::reduce_kernel<(int)512, (int)1, at::native::ReduceOp<float, at::native::MeanOps<float, float, float, float>, unsigned int, float, (int)4, (int)4>>(T3)"
:BasicsTransformerLM.layers.8.ln1,PushPop,30,30,2,2,4768,2384.0,2384.0,2336,2432,67.9,"void at::native::vectorized_elementwise_kernel<(int)4, void at::native::<unnamed>::pow_tensor_scalar_kernel_impl<float, float>(at::TensorIteratorBase &, T2)::[lambda(float) (instance 1)], std::array<char *, (unsigned long)2>>(int, T2, T3)"
:BasicsTransformerLM.layers.8.ln1,PushPop,30,30,2,2,2816,1408.0,1408.0,1280,1536,181.0,"void at::native::vectorized_elementwise_kernel<(int)4, at::native::CUDAFunctorOnSelf_add<float>, std::array<char *, (unsigned long)2>>(int, T2, T3)"
:BasicsTransformerLM.layers.8.ln1,PushPop,30,30,2,2,2464,1232.0,1232.0,1152,1312,113.1,"void at::native::vectorized_elementwise_kernel<(int)4, at::native::rsqrt_kernel_cuda(at::TensorIteratorBase &)::[lambda() (instance 2)]::operator ()() const::[lambda() (instance 2)]::operator ()() const::[lambda(float) (instance 1)], std::array<char *, (unsigned long)2>>(int, T2, T3)"
:BasicsTransformerLM.layers.8.ln2,PushPop,30,30,2,4,18240,4560.0,4560.0,4512,4608,41.3,"void at::native::elementwise_kernel<(int)128, (int)2, void at::native::gpu_kernel_impl_nocast<at::native::BinaryFunctor<float, float, float, at::native::binary_internal::MulFunctor<float>>>(at::TensorIteratorBase &, const T1 &)::[lambda(int) (instance 1)]>(int, T3)"
:BasicsTransformerLM.layers.8.ln2,PushPop,30,30,2,2,11938,5969.0,5969.0,5921,6017,67.9,"void at::native::reduce_kernel<(int)512, (int)1, at::native::ReduceOp<float, at::native::MeanOps<float, float, float, float>, unsigned int, float, (int)4, (int)4>>(T3)"
:BasicsTransformerLM.layers.8.ln2,PushPop,30,30,2,2,4832,2416.0,2416.0,2400,2432,22.6,"void at::native::vectorized_elementwise_kernel<(int)4, void at::native::<unnamed>::pow_tensor_scalar_kernel_impl<float, float>(at::TensorIteratorBase &, T2)::[lambda(float) (instance 1)], std::array<char *, (unsigned long)2>>(int, T2, T3)"
:BasicsTransformerLM.layers.8.ln2,PushPop,30,30,2,2,2912,1456.0,1456.0,1440,1472,22.6,"void at::native::vectorized_elementwise_kernel<(int)4, at::native::CUDAFunctorOnSelf_add<float>, std::array<char *, (unsigned long)2>>(int, T2, T3)"
:BasicsTransformerLM.layers.8.ln2,PushPop,30,30,2,2,2336,1168.0,1168.0,1152,1184,22.6,"void at::native::vectorized_elementwise_kernel<(int)4, at::native::rsqrt_kernel_cuda(at::TensorIteratorBase &)::[lambda() (instance 2)]::operator ()() const::[lambda() (instance 2)]::operator ()() const::[lambda(float) (instance 1)], std::array<char *, (unsigned long)2>>(int, T2, T3)"
:BasicsTransformerLM.layers.9,PushPop,30,30,2,10,1470696,147069.6,93776.5,93408,360898,112478.7,cutlass3x_sm100_simt_sgemm_f32_f32_f32_f32_f32_64x32x16_1x1x1_3_tnn_align1_bias_f32_relu
:BasicsTransformerLM.layers.9,PushPop,30,30,2,4,1250438,312609.5,312594.0,312417,312833,171.3,cutlass3x_sm100_simt_sgemm_f32_f32_f32_f32_f32_64x128x16_1x1x1_3_tnn_align1_bias_f32_relu
:BasicsTransformerLM.layers.9,PushPop,30,30,2,24,92417,3850.7,3520.0,3072,4928,624.5,"void at::native::elementwise_kernel<(int)128, (int)2, void at::native::gpu_kernel_impl_nocast<at::native::BinaryFunctor<float, float, float, at::native::binary_internal::MulFunctor<float>>>(at::TensorIteratorBase &, const T1 &)::[lambda(int) (instance 1)]>(int, T3)"
:BasicsTransformerLM.layers.9,PushPop,30,30,2,2,53760,26880.0,26880.0,26880,26880,0.0,cutlass3x_sm100_simt_sgemm_f32_f32_f32_f32_f32_128x64x16_1x1x1_3_tnn_align1_bias_f32_relu
:BasicsTransformerLM.layers.9,PushPop,30,30,2,2,42176,21088.0,21088.0,21088,21088,0.0,cutlass3x_sm100_simt_sgemm_f32_f32_f32_f32_f32_64x32x16_1x1x1_3_nnn_align1_bias_f32_relu
:BasicsTransformerLM.layers.9,PushPop,30,30,2,4,36192,9048.0,9024.0,8928,9216,144.0,"void at::native::<unnamed>::CatArrayBatchedCopy<at::native::<unnamed>::OpaqueType<(unsigned int)4>, unsigned int, (int)4, (int)64, (int)64>(T1 *, at::native::<unnamed>::CatArrInputTensorMetadata<T1, T2, T4, T5>, at::native::<unnamed>::TensorSizeStride<T2, (unsigned int)4>, int, T2)"
:BasicsTransformerLM.layers.9,PushPop,30,30,2,2,30432,15216.0,15216.0,15200,15232,22.6,"void at::native::elementwise_kernel<(int)128, (int)2, void at::native::gpu_kernel_impl_nocast<at::native::BinaryFunctor<float, float, float, at::native::binary_internal::DivFunctor<float>>>(at::TensorIteratorBase &, const T1 &)::[lambda(int) (instance 1)]>(int, T3)"
:BasicsTransformerLM.layers.9,PushPop,30,30,2,12,29856,2488.0,2128.0,1920,3456,635.6,"void at::native::vectorized_elementwise_kernel<(int)4, at::native::CUDAFunctor_add<float>, std::array<char *, (unsigned long)3>>(int, T2, T3)"
:BasicsTransformerLM.layers.9,PushPop,30,30,2,2,26176,13088.0,13088.0,13056,13120,45.3,"void at::native::reduce_kernel<(int)512, (int)1, at::native::ReduceOp<float, at::native::MaxOps<float>, unsigned int, float, (int)4, (int)4>>(T3)"
:BasicsTransformerLM.layers.9,PushPop,30,30,2,2,26016,13008.0,13008.0,12992,13024,22.6,"void at::native::elementwise_kernel<(int)128, (int)2, void at::native::gpu_kernel_impl_nocast<at::native::<unnamed>::where_kernel_impl(at::TensorIterator &)::[lambda() (instance 1)]::operator ()() const::[lambda() (instance 11)]::operator ()() const::[lambda(bool, float, float) (instance 1)]>(at::TensorIteratorBase &, const T1 &)::[lambda(int) (instance 1)]>(int, T3)"
:BasicsTransformerLM.layers.9,PushPop,30,30,2,4,25504,6376.0,6336.0,5568,7264,884.6,"void at::native::vectorized_elementwise_kernel<(int)4, at::native::BinaryFunctor<float, float, float, at::native::binary_internal::MulFunctor<float>>, std::array<char *, (unsigned long)3>>(int, T2, T3)"
:BasicsTransformerLM.layers.9,PushPop,30,30,2,2,25216,12608.0,12608.0,12576,12640,45.3,"void at::native::elementwise_kernel<(int)128, (int)2, void at::native::gpu_kernel_impl_nocast<at::native::CUDAFunctor_add<float>>(at::TensorIteratorBase &, const T1 &)::[lambda(int) (instance 1)]>(int, T3)"
:BasicsTransformerLM.layers.9,PushPop,30,30,2,4,23968,5992.0,5984.0,5984,6016,16.0,"void at::native::reduce_kernel<(int)512, (int)1, at::native::ReduceOp<float, at::native::MeanOps<float, float, float, float>, unsigned int, float, (int)4, (int)4>>(T3)"
:BasicsTransformerLM.layers.9,PushPop,30,30,2,4,22304,5576.0,5552.0,4672,6528,1026.8,"void at::native::elementwise_kernel<(int)128, (int)2, void at::native::gpu_kernel_impl_nocast<at::native::direct_copy_kernel_cuda(at::TensorIteratorBase &)::[lambda() (instance 3)]::operator ()() const::[lambda() (instance 7)]::operator ()() const::[lambda(float) (instance 1)]>(at::TensorIteratorBase &, const T1 &)::[lambda(int) (instance 1)]>(int, T3)"
:BasicsTransformerLM.layers.9,PushPop,30,30,2,2,13952,6976.0,6976.0,6976,6976,0.0,"void at::native::reduce_kernel<(int)512, (int)1, at::native::ReduceOp<float, at::native::func_wrapper_t<float, at::native::sum_functor<float, float, float>::operator ()(at::TensorIterator &)::[lambda(float, float) (instance 1)]>, unsigned int, float, (int)4, (int)4>>(T3)"
:BasicsTransformerLM.layers.9,PushPop,30,30,2,2,11616,5808.0,5808.0,5792,5824,22.6,"void at::native::vectorized_elementwise_kernel<(int)4, at::native::sigmoid_kernel_cuda(at::TensorIteratorBase &)::[lambda() (instance 2)]::operator ()() const::[lambda() (instance 2)]::operator ()() const::[lambda(float) (instance 1)], std::array<char *, (unsigned long)2>>(int, T2, T3)"
:BasicsTransformerLM.layers.9,PushPop,30,30,2,2,10400,5200.0,5200.0,5184,5216,22.6,"void at::native::vectorized_elementwise_kernel<(int)4, at::native::exp_kernel_cuda(at::TensorIteratorBase &)::[lambda() (instance 2)]::operator ()() const::[lambda() (instance 2)]::operator ()() const::[lambda(float) (instance 1)], std::array<char *, (unsigned long)2>>(int, T2, T3)"
:BasicsTransformerLM.layers.9,PushPop,30,30,2,2,10240,5120.0,5120.0,5024,5216,135.8,"void at::native::vectorized_elementwise_kernel<(int)4, at::native::BUnaryFunctor<float, float, float, at::native::binary_internal::MulFunctor<float>>, std::array<char *, (unsigned long)2>>(int, T2, T3)"
:BasicsTransformerLM.layers.9,PushPop,30,30,2,4,9472,2368.0,2352.0,2336,2432,45.3,"void at::native::vectorized_elementwise_kernel<(int)4, void at::native::<unnamed>::pow_tensor_scalar_kernel_impl<float, float>(at::TensorIteratorBase &, T2)::[lambda(float) (instance 1)], std::array<char *, (unsigned long)2>>(int, T2, T3)"
:BasicsTransformerLM.layers.9,PushPop,30,30,2,4,5824,1456.0,1456.0,1312,1600,118.3,"void at::native::vectorized_elementwise_kernel<(int)4, at::native::CUDAFunctorOnSelf_add<float>, std::array<char *, (unsigned long)2>>(int, T2, T3)"
:BasicsTransformerLM.layers.9,PushPop,30,30,2,2,5184,2592.0,2592.0,2496,2688,135.8,"void at::native::elementwise_kernel<(int)128, (int)4, void at::native::gpu_kernel_impl_nocast<at::native::<unnamed>::CompareFunctor<long>>(at::TensorIteratorBase &, const T1 &)::[lambda(int) (instance 1)]>(int, T3)"
:BasicsTransformerLM.layers.9,PushPop,30,30,2,4,5152,1288.0,1296.0,1184,1376,88.1,"void at::native::vectorized_elementwise_kernel<(int)4, at::native::rsqrt_kernel_cuda(at::TensorIteratorBase &)::[lambda() (instance 2)]::operator ()() const::[lambda() (instance 2)]::operator ()() const::[lambda(float) (instance 1)], std::array<char *, (unsigned long)2>>(int, T2, T3)"
:BasicsTransformerLM.layers.9,PushPop,30,30,2,2,1728,864.0,864.0,864,864,0.0,"void at::native::vectorized_elementwise_kernel<(int)4, at::native::FillFunctor<float>, std::array<char *, (unsigned long)1>>(int, T2, T3)"
:BasicsTransformerLM.layers.9,PushPop,30,30,2,2,1632,816.0,816.0,736,896,113.1,"void <unnamed>::elementwise_kernel_with_index<int, at::native::arange_cuda_out(const c10::Scalar &, const c10::Scalar &, const c10::Scalar &, at::Tensor &)::[lambda() (instance 1)]::operator ()() const::[lambda() (instance 4)]::operator ()() const::[lambda(long) (instance 1)]>(T1, T2, function_traits<T2>::result_type *)"
:BasicsTransformerLM.layers.9.attn,PushPop,30,30,2,8,749732,93716.5,93648.5,93408,94241,302.9,cutlass3x_sm100_simt_sgemm_f32_f32_f32_f32_f32_64x32x16_1x1x1_3_tnn_align1_bias_f32_relu
:BasicsTransformerLM.layers.9.attn,PushPop,30,30,2,16,54849,3428.1,3488.0,3072,3584,147.8,"void at::native::elementwise_kernel<(int)128, (int)2, void at::native::gpu_kernel_impl_nocast<at::native::BinaryFunctor<float, float, float, at::native::binary_internal::MulFunctor<float>>>(at::TensorIteratorBase &, const T1 &)::[lambda(int) (instance 1)]>(int, T3)"
:BasicsTransformerLM.layers.9.attn,PushPop,30,30,2,2,53760,26880.0,26880.0,26880,26880,0.0,cutlass3x_sm100_simt_sgemm_f32_f32_f32_f32_f32_128x64x16_1x1x1_3_tnn_align1_bias_f32_relu
:BasicsTransformerLM.layers.9.attn,PushPop,30,30,2,2,42176,21088.0,21088.0,21088,21088,0.0,cutlass3x_sm100_simt_sgemm_f32_f32_f32_f32_f32_64x32x16_1x1x1_3_nnn_align1_bias_f32_relu
:BasicsTransformerLM.layers.9.attn,PushPop,30,30,2,4,36192,9048.0,9024.0,8928,9216,144.0,"void at::native::<unnamed>::CatArrayBatchedCopy<at::native::<unnamed>::OpaqueType<(unsigned int)4>, unsigned int, (int)4, (int)64, (int)64>(T1 *, at::native::<unnamed>::CatArrInputTensorMetadata<T1, T2, T4, T5>, at::native::<unnamed>::TensorSizeStride<T2, (unsigned int)4>, int, T2)"
:BasicsTransformerLM.layers.9.attn,PushPop,30,30,2,2,30432,15216.0,15216.0,15200,15232,22.6,"void at::native::elementwise_kernel<(int)128, (int)2, void at::native::gpu_kernel_impl_nocast<at::native::BinaryFunctor<float, float, float, at::native::binary_internal::DivFunctor<float>>>(at::TensorIteratorBase &, const T1 &)::[lambda(int) (instance 1)]>(int, T3)"
:BasicsTransformerLM.layers.9.attn,PushPop,30,30,2,2,26176,13088.0,13088.0,13056,13120,45.3,"void at::native::reduce_kernel<(int)512, (int)1, at::native::ReduceOp<float, at::native::MaxOps<float>, unsigned int, float, (int)4, (int)4>>(T3)"
:BasicsTransformerLM.layers.9.attn,PushPop,30,30,2,2,26016,13008.0,13008.0,12992,13024,22.6,"void at::native::elementwise_kernel<(int)128, (int)2, void at::native::gpu_kernel_impl_nocast<at::native::<unnamed>::where_kernel_impl(at::TensorIterator &)::[lambda() (instance 1)]::operator ()() const::[lambda() (instance 11)]::operator ()() const::[lambda(bool, float, float) (instance 1)]>(at::TensorIteratorBase &, const T1 &)::[lambda(int) (instance 1)]>(int, T3)"
:BasicsTransformerLM.layers.9.attn,PushPop,30,30,2,2,25216,12608.0,12608.0,12576,12640,45.3,"void at::native::elementwise_kernel<(int)128, (int)2, void at::native::gpu_kernel_impl_nocast<at::native::CUDAFunctor_add<float>>(at::TensorIteratorBase &, const T1 &)::[lambda(int) (instance 1)]>(int, T3)"
:BasicsTransformerLM.layers.9.attn,PushPop,30,30,2,4,22304,5576.0,5552.0,4672,6528,1026.8,"void at::native::elementwise_kernel<(int)128, (int)2, void at::native::gpu_kernel_impl_nocast<at::native::direct_copy_kernel_cuda(at::TensorIteratorBase &)::[lambda() (instance 3)]::operator ()() const::[lambda() (instance 7)]::operator ()() const::[lambda(float) (instance 1)]>(at::TensorIteratorBase &, const T1 &)::[lambda(int) (instance 1)]>(int, T3)"
:BasicsTransformerLM.layers.9.attn,PushPop,30,30,2,8,16512,2064.0,2064.0,1920,2272,117.3,"void at::native::vectorized_elementwise_kernel<(int)4, at::native::CUDAFunctor_add<float>, std::array<char *, (unsigned long)3>>(int, T2, T3)"
:BasicsTransformerLM.layers.9.attn,PushPop,30,30,2,2,13952,6976.0,6976.0,6976,6976,0.0,"void at::native::reduce_kernel<(int)512, (int)1, at::native::ReduceOp<float, at::native::func_wrapper_t<float, at::native::sum_functor<float, float, float>::operator ()(at::TensorIterator &)::[lambda(float, float) (instance 1)]>, unsigned int, float, (int)4, (int)4>>(T3)"
:BasicsTransformerLM.layers.9.attn,PushPop,30,30,2,2,10400,5200.0,5200.0,5184,5216,22.6,"void at::native::vectorized_elementwise_kernel<(int)4, at::native::exp_kernel_cuda(at::TensorIteratorBase &)::[lambda() (instance 2)]::operator ()() const::[lambda() (instance 2)]::operator ()() const::[lambda(float) (instance 1)], std::array<char *, (unsigned long)2>>(int, T2, T3)"
:BasicsTransformerLM.layers.9.attn,PushPop,30,30,2,2,10240,5120.0,5120.0,5024,5216,135.8,"void at::native::vectorized_elementwise_kernel<(int)4, at::native::BUnaryFunctor<float, float, float, at::native::binary_internal::MulFunctor<float>>, std::array<char *, (unsigned long)2>>(int, T2, T3)"
:BasicsTransformerLM.layers.9.attn,PushPop,30,30,2,2,5184,2592.0,2592.0,2496,2688,135.8,"void at::native::elementwise_kernel<(int)128, (int)4, void at::native::gpu_kernel_impl_nocast<at::native::<unnamed>::CompareFunctor<long>>(at::TensorIteratorBase &, const T1 &)::[lambda(int) (instance 1)]>(int, T3)"
:BasicsTransformerLM.layers.9.attn,PushPop,30,30,2,2,1728,864.0,864.0,864,864,0.0,"void at::native::vectorized_elementwise_kernel<(int)4, at::native::FillFunctor<float>, std::array<char *, (unsigned long)1>>(int, T2, T3)"
:BasicsTransformerLM.layers.9.attn,PushPop,30,30,2,2,1632,816.0,816.0,736,896,113.1,"void <unnamed>::elementwise_kernel_with_index<int, at::native::arange_cuda_out(const c10::Scalar &, const c10::Scalar &, const c10::Scalar &, at::Tensor &)::[lambda() (instance 1)]::operator ()() const::[lambda() (instance 4)]::operator ()() const::[lambda(long) (instance 1)]>(T1, T2, function_traits<T2>::result_type *)"
:BasicsTransformerLM.layers.9.attn.k_proj,PushPop,30,30,2,2,187330,93665.0,93665.0,93537,93793,181.0,cutlass3x_sm100_simt_sgemm_f32_f32_f32_f32_f32_64x32x16_1x1x1_3_tnn_align1_bias_f32_relu
:BasicsTransformerLM.layers.9.attn.output_proj,PushPop,30,30,2,2,188290,94145.0,94145.0,94049,94241,135.8,cutlass3x_sm100_simt_sgemm_f32_f32_f32_f32_f32_64x32x16_1x1x1_3_tnn_align1_bias_f32_relu
:BasicsTransformerLM.layers.9.attn.q_proj,PushPop,30,30,2,2,186944,93472.0,93472.0,93440,93504,45.3,cutlass3x_sm100_simt_sgemm_f32_f32_f32_f32_f32_64x32x16_1x1x1_3_tnn_align1_bias_f32_relu
:BasicsTransformerLM.layers.9.attn.v_proj,PushPop,30,30,2,2,187168,93584.0,93584.0,93408,93760,248.9,cutlass3x_sm100_simt_sgemm_f32_f32_f32_f32_f32_64x32x16_1x1x1_3_tnn_align1_bias_f32_relu
:BasicsTransformerLM.layers.9.ffn,PushPop,30,30,2,4,1250438,312609.5,312594.0,312417,312833,171.3,cutlass3x_sm100_simt_sgemm_f32_f32_f32_f32_f32_64x128x16_1x1x1_3_tnn_align1_bias_f32_relu
:BasicsTransformerLM.layers.9.ffn,PushPop,30,30,2,2,720964,360482.0,360482.0,360066,360898,588.3,cutlass3x_sm100_simt_sgemm_f32_f32_f32_f32_f32_64x32x16_1x1x1_3_tnn_align1_bias_f32_relu
:BasicsTransformerLM.layers.9.ffn,PushPop,30,30,2,4,25504,6376.0,6336.0,5568,7264,884.6,"void at::native::vectorized_elementwise_kernel<(int)4, at::native::BinaryFunctor<float, float, float, at::native::binary_internal::MulFunctor<float>>, std::array<char *, (unsigned long)3>>(int, T2, T3)"
:BasicsTransformerLM.layers.9.ffn,PushPop,30,30,2,2,11616,5808.0,5808.0,5792,5824,22.6,"void at::native::vectorized_elementwise_kernel<(int)4, at::native::sigmoid_kernel_cuda(at::TensorIteratorBase &)::[lambda() (instance 2)]::operator ()() const::[lambda() (instance 2)]::operator ()() const::[lambda(float) (instance 1)], std::array<char *, (unsigned long)2>>(int, T2, T3)"
:BasicsTransformerLM.layers.9.ffn.w1,PushPop,30,30,2,2,625188,312594.0,312594.0,312578,312610,22.6,cutlass3x_sm100_simt_sgemm_f32_f32_f32_f32_f32_64x128x16_1x1x1_3_tnn_align1_bias_f32_relu
:BasicsTransformerLM.layers.9.ffn.w2,PushPop,30,30,2,2,720964,360482.0,360482.0,360066,360898,588.3,cutlass3x_sm100_simt_sgemm_f32_f32_f32_f32_f32_64x32x16_1x1x1_3_tnn_align1_bias_f32_relu
:BasicsTransformerLM.layers.9.ffn.w3,PushPop,30,30,2,2,625250,312625.0,312625.0,312417,312833,294.2,cutlass3x_sm100_simt_sgemm_f32_f32_f32_f32_f32_64x128x16_1x1x1_3_tnn_align1_bias_f32_relu
:BasicsTransformerLM.layers.9.ln1,PushPop,30,30,2,4,18976,4744.0,4688.0,4672,4928,123.6,"void at::native::elementwise_kernel<(int)128, (int)2, void at::native::gpu_kernel_impl_nocast<at::native::BinaryFunctor<float, float, float, at::native::binary_internal::MulFunctor<float>>>(at::TensorIteratorBase &, const T1 &)::[lambda(int) (instance 1)]>(int, T3)"
:BasicsTransformerLM.layers.9.ln1,PushPop,30,30,2,2,11968,5984.0,5984.0,5984,5984,0.0,"void at::native::reduce_kernel<(int)512, (int)1, at::native::ReduceOp<float, at::native::MeanOps<float, float, float, float>, unsigned int, float, (int)4, (int)4>>(T3)"
:BasicsTransformerLM.layers.9.ln1,PushPop,30,30,2,2,4768,2384.0,2384.0,2336,2432,67.9,"void at::native::vectorized_elementwise_kernel<(int)4, void at::native::<unnamed>::pow_tensor_scalar_kernel_impl<float, float>(at::TensorIteratorBase &, T2)::[lambda(float) (instance 1)], std::array<char *, (unsigned long)2>>(int, T2, T3)"
:BasicsTransformerLM.layers.9.ln1,PushPop,30,30,2,2,2784,1392.0,1392.0,1312,1472,113.1,"void at::native::vectorized_elementwise_kernel<(int)4, at::native::CUDAFunctorOnSelf_add<float>, std::array<char *, (unsigned long)2>>(int, T2, T3)"
:BasicsTransformerLM.layers.9.ln1,PushPop,30,30,2,2,2592,1296.0,1296.0,1248,1344,67.9,"void at::native::vectorized_elementwise_kernel<(int)4, at::native::rsqrt_kernel_cuda(at::TensorIteratorBase &)::[lambda() (instance 2)]::operator ()() const::[lambda() (instance 2)]::operator ()() const::[lambda(float) (instance 1)], std::array<char *, (unsigned long)2>>(int, T2, T3)"
:BasicsTransformerLM.layers.9.ln2,PushPop,30,30,2,4,18592,4648.0,4656.0,4608,4672,30.6,"void at::native::elementwise_kernel<(int)128, (int)2, void at::native::gpu_kernel_impl_nocast<at::native::BinaryFunctor<float, float, float, at::native::binary_internal::MulFunctor<float>>>(at::TensorIteratorBase &, const T1 &)::[lambda(int) (instance 1)]>(int, T3)"
:BasicsTransformerLM.layers.9.ln2,PushPop,30,30,2,2,12000,6000.0,6000.0,5984,6016,22.6,"void at::native::reduce_kernel<(int)512, (int)1, at::native::ReduceOp<float, at::native::MeanOps<float, float, float, float>, unsigned int, float, (int)4, (int)4>>(T3)"
:BasicsTransformerLM.layers.9.ln2,PushPop,30,30,2,2,4704,2352.0,2352.0,2336,2368,22.6,"void at::native::vectorized_elementwise_kernel<(int)4, void at::native::<unnamed>::pow_tensor_scalar_kernel_impl<float, float>(at::TensorIteratorBase &, T2)::[lambda(float) (instance 1)], std::array<char *, (unsigned long)2>>(int, T2, T3)"
:BasicsTransformerLM.layers.9.ln2,PushPop,30,30,2,2,3040,1520.0,1520.0,1440,1600,113.1,"void at::native::vectorized_elementwise_kernel<(int)4, at::native::CUDAFunctorOnSelf_add<float>, std::array<char *, (unsigned long)2>>(int, T2, T3)"
:BasicsTransformerLM.layers.9.ln2,PushPop,30,30,2,2,2560,1280.0,1280.0,1184,1376,135.8,"void at::native::vectorized_elementwise_kernel<(int)4, at::native::rsqrt_kernel_cuda(at::TensorIteratorBase &)::[lambda() (instance 2)]::operator ()() const::[lambda() (instance 2)]::operator ()() const::[lambda(float) (instance 1)], std::array<char *, (unsigned long)2>>(int, T2, T3)"
:BasicsTransformerLM.lm_head,PushPop,30,30,2,2,1035878,517939.0,517939.0,517891,517987,67.9,cutlass3x_sm100_simt_sgemm_f32_f32_f32_f32_f32_128x64x16_1x1x1_3_tnn_align1_bias_f32_relu
:BasicsTransformerLM.ln_final,PushPop,30,30,2,4,18624,4656.0,4656.0,4608,4704,41.3,"void at::native::elementwise_kernel<(int)128, (int)2, void at::native::gpu_kernel_impl_nocast<at::native::BinaryFunctor<float, float, float, at::native::binary_internal::MulFunctor<float>>>(at::TensorIteratorBase &, const T1 &)::[lambda(int) (instance 1)]>(int, T3)"
:BasicsTransformerLM.ln_final,PushPop,30,30,2,2,11968,5984.0,5984.0,5920,6048,90.5,"void at::native::reduce_kernel<(int)512, (int)1, at::native::ReduceOp<float, at::native::MeanOps<float, float, float, float>, unsigned int, float, (int)4, (int)4>>(T3)"
:BasicsTransformerLM.ln_final,PushPop,30,30,2,2,4960,2480.0,2480.0,2400,2560,113.1,"void at::native::vectorized_elementwise_kernel<(int)4, void at::native::<unnamed>::pow_tensor_scalar_kernel_impl<float, float>(at::TensorIteratorBase &, T2)::[lambda(float) (instance 1)], std::array<char *, (unsigned long)2>>(int, T2, T3)"
:BasicsTransformerLM.ln_final,PushPop,30,30,2,2,2976,1488.0,1488.0,1472,1504,22.6,"void at::native::vectorized_elementwise_kernel<(int)4, at::native::CUDAFunctorOnSelf_add<float>, std::array<char *, (unsigned long)2>>(int, T2, T3)"
:BasicsTransformerLM.ln_final,PushPop,30,30,2,2,2336,1168.0,1168.0,1152,1184,22.6,"void at::native::vectorized_elementwise_kernel<(int)4, at::native::rsqrt_kernel_cuda(at::TensorIteratorBase &)::[lambda() (instance 2)]::operator ()() const::[lambda() (instance 2)]::operator ()() const::[lambda(float) (instance 1)], std::array<char *, (unsigned long)2>>(int, T2, T3)"
:BasicsTransformerLM.token_embeddings,PushPop,30,30,2,2,8608,4304.0,4304.0,4224,4384,113.1,"void at::native::vectorized_gather_kernel<(int)16, long>(char *, char *, T2 *, int, long, long, long, long, bool)"
:backward,PushPop,30,30,2,2,2016,1008.0,1008.0,960,1056,67.9,"void at::native::vectorized_elementwise_kernel<(int)4, at::native::FillFunctor<float>, std::array<char *, (unsigned long)1>>(int, T2, T3)"
:cub::DeviceRadixSort,PushPop,30,51,2,2,11296,5648.0,5648.0,5632,5664,22.6,"void at_cuda_detail::cub::detail::radix_sort::DeviceRadixSortSingleTileKernel<at_cuda_detail::cub::detail::radix::policy_hub<long, at::cuda::cub::detail::OpaqueType<(int)8>, unsigned long long>::Policy1000, (at_cuda_detail::cub::SortOrder)0, long, at::cuda::cub::detail::OpaqueType<(int)8>, unsigned long long, at_cuda_detail::cub::detail::identity_decomposer_t>(const T3 *, T3 *, const T4 *, T4 *, T5, int, int, T6)"
:forward,PushPop,30,30,2,360,52984792,147180.0,93793.0,93057,365474,106797.8,cutlass3x_sm100_simt_sgemm_f32_f32_f32_f32_f32_64x32x16_1x1x1_3_tnn_align1_bias_f32_relu
:forward,PushPop,30,30,2,144,45000155,312501.1,312354.0,310977,319553,1073.8,cutlass3x_sm100_simt_sgemm_f32_f32_f32_f32_f32_64x128x16_1x1x1_3_tnn_align1_bias_f32_relu
:forward,PushPop,30,30,2,868,3321236,3826.3,3488.5,3072,4928,600.9,"void at::native::elementwise_kernel<(int)128, (int)2, void at::native::gpu_kernel_impl_nocast<at::native::BinaryFunctor<float, float, float, at::native::binary_internal::MulFunctor<float>>>(at::TensorIteratorBase &, const T1 &)::[lambda(int) (instance 1)]>(int, T3)"
:forward,PushPop,30,30,2,74,2972487,40168.7,26880.0,26624,517987,80172.1,cutlass3x_sm100_simt_sgemm_f32_f32_f32_f32_f32_128x64x16_1x1x1_3_tnn_align1_bias_f32_relu
:forward,PushPop,30,30,2,72,1524003,21166.7,21152.0,20993,21824,126.4,cutlass3x_sm100_simt_sgemm_f32_f32_f32_f32_f32_64x32x16_1x1x1_3_nnn_align1_bias_f32_relu
:forward,PushPop,30,30,2,144,1306310,9071.6,9088.0,8864,9472,123.0,"void at::native::<unnamed>::CatArrayBatchedCopy<at::native::<unnamed>::OpaqueType<(unsigned int)4>, unsigned int, (int)4, (int)64, (int)64>(T1 *, at::native::<unnamed>::CatArrInputTensorMetadata<T1, T2, T4, T5>, at::native::<unnamed>::TensorSizeStride<T2, (unsigned int)4>, int, T2)"
:forward,PushPop,30,30,2,72,1096736,15232.4,15232.0,15104,15520,76.0,"void at::native::elementwise_kernel<(int)128, (int)2, void at::native::gpu_kernel_impl_nocast<at::native::BinaryFunctor<float, float, float, at::native::binary_internal::DivFunctor<float>>>(at::TensorIteratorBase &, const T1 &)::[lambda(int) (instance 1)]>(int, T3)"
:forward,PushPop,30,30,2,432,1077666,2494.6,2112.0,1888,3872,631.7,"void at::native::vectorized_elementwise_kernel<(int)4, at::native::CUDAFunctor_add<float>, std::array<char *, (unsigned long)3>>(int, T2, T3)"
:forward,PushPop,30,30,2,72,947788,13163.7,13152.0,13025,13440,82.1,"void at::native::reduce_kernel<(int)512, (int)1, at::native::ReduceOp<float, at::native::MaxOps<float>, unsigned int, float, (int)4, (int)4>>(T3)"
:forward,PushPop,30,30,2,72,939458,13048.0,13024.0,12864,13312,96.9,"void at::native::elementwise_kernel<(int)128, (int)2, void at::native::gpu_kernel_impl_nocast<at::native::<unnamed>::where_kernel_impl(at::TensorIterator &)::[lambda() (instance 1)]::operator ()() const::[lambda() (instance 11)]::operator ()() const::[lambda(bool, float, float) (instance 1)]>(at::TensorIteratorBase &, const T1 &)::[lambda(int) (instance 1)]>(int, T3)"
:forward,PushPop,30,30,2,144,919808,6387.6,6416.0,5472,7520,723.4,"void at::native::vectorized_elementwise_kernel<(int)4, at::native::BinaryFunctor<float, float, float, at::native::binary_internal::MulFunctor<float>>, std::array<char *, (unsigned long)3>>(int, T2, T3)"
:forward,PushPop,30,30,2,72,912749,12677.1,12672.0,12576,12896,67.1,"void at::native::elementwise_kernel<(int)128, (int)2, void at::native::gpu_kernel_impl_nocast<at::native::CUDAFunctor_add<float>>(at::TensorIteratorBase &, const T1 &)::[lambda(int) (instance 1)]>(int, T3)"
:forward,PushPop,30,30,2,146,872741,5977.7,5984.0,5856,6176,49.2,"void at::native::reduce_kernel<(int)512, (int)1, at::native::ReduceOp<float, at::native::MeanOps<float, float, float, float>, unsigned int, float, (int)4, (int)4>>(T3)"
:forward,PushPop,30,30,2,144,801824,5568.2,5488.0,4576,6816,922.9,"void at::native::elementwise_kernel<(int)128, (int)2, void at::native::gpu_kernel_impl_nocast<at::native::direct_copy_kernel_cuda(at::TensorIteratorBase &)::[lambda() (instance 3)]::operator ()() const::[lambda() (instance 7)]::operator ()() const::[lambda(float) (instance 1)]>(at::TensorIteratorBase &, const T1 &)::[lambda(int) (instance 1)]>(int, T3)"
:forward,PushPop,30,30,2,72,503521,6993.3,6976.0,6880,7264,70.2,"void at::native::reduce_kernel<(int)512, (int)1, at::native::ReduceOp<float, at::native::func_wrapper_t<float, at::native::sum_functor<float, float, float>::operator ()(at::TensorIterator &)::[lambda(float, float) (instance 1)]>, unsigned int, float, (int)4, (int)4>>(T3)"
:forward,PushPop,30,30,2,72,418112,5807.1,5792.0,5696,6016,66.4,"void at::native::vectorized_elementwise_kernel<(int)4, at::native::sigmoid_kernel_cuda(at::TensorIteratorBase &)::[lambda() (instance 2)]::operator ()() const::[lambda() (instance 2)]::operator ()() const::[lambda(float) (instance 1)], std::array<char *, (unsigned long)2>>(int, T2, T3)"
:forward,PushPop,30,30,2,72,372097,5168.0,5152.0,4992,5440,82.9,"void at::native::vectorized_elementwise_kernel<(int)4, at::native::exp_kernel_cuda(at::TensorIteratorBase &)::[lambda() (instance 2)]::operator ()() const::[lambda() (instance 2)]::operator ()() const::[lambda(float) (instance 1)], std::array<char *, (unsigned long)2>>(int, T2, T3)"
:forward,PushPop,30,30,2,72,361889,5026.2,4992.0,4864,5344,97.3,"void at::native::vectorized_elementwise_kernel<(int)4, at::native::BUnaryFunctor<float, float, float, at::native::binary_internal::MulFunctor<float>>, std::array<char *, (unsigned long)2>>(int, T2, T3)"
:forward,PushPop,30,30,2,146,351456,2407.2,2400.0,2240,2656,76.7,"void at::native::vectorized_elementwise_kernel<(int)4, void at::native::<unnamed>::pow_tensor_scalar_kernel_impl<float, float>(at::TensorIteratorBase &, T2)::[lambda(float) (instance 1)], std::array<char *, (unsigned long)2>>(int, T2, T3)"
:forward,PushPop,30,30,2,146,204929,1403.6,1440.0,1088,1760,147.7,"void at::native::vectorized_elementwise_kernel<(int)4, at::native::CUDAFunctorOnSelf_add<float>, std::array<char *, (unsigned long)2>>(int, T2, T3)"
:forward,PushPop,30,30,2,72,186336,2588.0,2592.0,2400,2784,105.1,"void at::native::elementwise_kernel<(int)128, (int)4, void at::native::gpu_kernel_impl_nocast<at::native::<unnamed>::CompareFunctor<long>>(at::TensorIteratorBase &, const T1 &)::[lambda(int) (instance 1)]>(int, T3)"
:forward,PushPop,30,30,2,146,177443,1215.4,1184.0,1056,1440,81.4,"void at::native::vectorized_elementwise_kernel<(int)4, at::native::rsqrt_kernel_cuda(at::TensorIteratorBase &)::[lambda() (instance 2)]::operator ()() const::[lambda() (instance 2)]::operator ()() const::[lambda(float) (instance 1)], std::array<char *, (unsigned long)2>>(int, T2, T3)"
:forward,PushPop,30,30,2,72,67168,932.9,896.0,864,1248,87.7,"void at::native::vectorized_elementwise_kernel<(int)4, at::native::FillFunctor<float>, std::array<char *, (unsigned long)1>>(int, T2, T3)"
:forward,PushPop,30,30,2,72,60800,844.4,896.0,704,1152,106.4,"void <unnamed>::elementwise_kernel_with_index<int, at::native::arange_cuda_out(const c10::Scalar &, const c10::Scalar &, const c10::Scalar &, at::Tensor &)::[lambda() (instance 1)]::operator ()() const::[lambda() (instance 4)]::operator ()() const::[lambda(long) (instance 1)]>(T1, T2, function_traits<T2>::result_type *)"
:forward,PushPop,30,30,2,2,8608,4304.0,4304.0,4224,4384,113.1,"void at::native::vectorized_gather_kernel<(int)16, long>(char *, char *, T2 *, int, long, long, long, long, bool)"
:loss,PushPop,30,30,2,4,99648,24912.0,24800.0,22976,27072,2110.0,"void at::native::elementwise_kernel<(int)128, (int)2, void at::native::gpu_kernel_impl_nocast<at::native::CUDAFunctor_add<float>>(at::TensorIteratorBase &, const T1 &)::[lambda(int) (instance 1)]>(int, T3)"
:loss,PushPop,30,30,2,2,35200,17600.0,17600.0,17568,17632,45.3,"void at::native::reduce_kernel<(int)512, (int)1, at::native::ReduceOp<float, at::native::MaxOps<float>, unsigned int, float, (int)4, (int)4>>(T3)"
:loss,PushPop,30,30,2,2,17472,8736.0,8736.0,8544,8928,271.5,"void at::native::vectorized_elementwise_kernel<(int)4, at::native::exp_kernel_cuda(at::TensorIteratorBase &)::[lambda() (instance 2)]::operator ()() const::[lambda() (instance 2)]::operator ()() const::[lambda(float) (instance 1)], std::array<char *, (unsigned long)2>>(int, T2, T3)"
:loss,PushPop,30,30,2,2,17472,8736.0,8736.0,8736,8736,0.0,"void at::native::vectorized_elementwise_kernel<(int)4, at::native::neg_kernel_cuda(at::TensorIteratorBase &)::[lambda() (instance 2)]::operator ()() const::[lambda() (instance 7)]::operator ()() const::[lambda(float) (instance 1)], std::array<char *, (unsigned long)2>>(int, T2, T3)"
:loss,PushPop,30,30,2,2,16864,8432.0,8432.0,8352,8512,113.1,"void at::native::_scatter_gather_elementwise_kernel<(int)128, (int)8, void at::native::_cuda_scatter_gather_internal_kernel<(bool)0, at::native::OpaqueType<(int)4>, long>::operator ()<at::native::TensorAssign>(at::TensorIterator &, long, long, long, const T1 &)::[lambda(int) (instance 1)]>(int, T3)"
:loss,PushPop,30,30,2,2,16576,8288.0,8288.0,8288,8288,0.0,"void at::native::reduce_kernel<(int)512, (int)1, at::native::ReduceOp<float, at::native::func_wrapper_t<float, at::native::sum_functor<float, float, float>::operator ()(at::TensorIterator &)::[lambda(float, float) (instance 1)]>, unsigned int, float, (int)4, (int)4>>(T3)"
:loss,PushPop,30,30,2,2,4768,2384.0,2384.0,2336,2432,67.9,"void at::native::reduce_kernel<(int)512, (int)1, at::native::ReduceOp<float, at::native::MeanOps<float, float, float, float>, unsigned int, float, (int)4, (int)4>>(T3)"
:loss,PushPop,30,30,2,2,2880,1440.0,1440.0,1344,1536,135.8,"void at::native::vectorized_elementwise_kernel<(int)4, at::native::log_kernel_cuda(at::TensorIteratorBase &)::[lambda() (instance 2)]::operator ()() const::[lambda() (instance 2)]::operator ()() const::[lambda(float) (instance 1)], std::array<char *, (unsigned long)2>>(int, T2, T3)"
:optim_step,PushPop,30,30,2,3924,16902488,4307.5,3200.0,960,17281,2884.7,"void at::native::vectorized_elementwise_kernel<(int)4, at::native::AUnaryFunctor<float, float, float, at::native::binary_internal::MulFunctor<float>>, std::array<char *, (unsigned long)2>>(int, T2, T3)"
:optim_step,PushPop,30,30,2,2616,10902515,4167.6,2592.0,800,20417,3143.4,"void at::native::vectorized_elementwise_kernel<(int)4, at::native::CUDAFunctor_add<float>, std::array<char *, (unsigned long)3>>(int, T2, T3)"
:optim_step,PushPop,30,30,2,1308,3519281,2690.6,1952.0,768,8160,1598.0,"void at::native::vectorized_elementwise_kernel<(int)4, at::native::FillFunctor<float>, std::array<char *, (unsigned long)1>>(int, T2, T3)"
:optim_step,PushPop,30,30,2,654,3259538,4984.0,2880.0,1728,26016,3695.5,"void at::native::vectorized_elementwise_kernel<(int)4, at::native::BinaryFunctor<float, float, float, at::native::binary_internal::DivFunctor<float>>, std::array<char *, (unsigned long)3>>(int, T2, T3)"
:optim_step,PushPop,30,30,2,654,2886318,4413.3,2368.0,960,17408,3528.1,"void at::native::vectorized_elementwise_kernel<(int)4, void at::native::<unnamed>::pow_tensor_scalar_kernel_impl<float, float>(at::TensorIteratorBase &, T2)::[lambda(float) (instance 1)], std::array<char *, (unsigned long)2>>(int, T2, T3)"
:optim_step,PushPop,30,30,2,654,2580494,3945.7,2560.0,1024,17280,2723.4,"void at::native::vectorized_elementwise_kernel<(int)4, at::native::sqrt_kernel_cuda(at::TensorIteratorBase &)::[lambda() (instance 2)]::operator ()() const::[lambda() (instance 2)]::operator ()() const::[lambda(float) (instance 1)], std::array<char *, (unsigned long)2>>(int, T2, T3)"
:optim_step,PushPop,30,30,2,654,2153903,3293.4,2336.0,992,12064,2086.8,"void at::native::vectorized_elementwise_kernel<(int)4, at::native::CUDAFunctorOnSelf_add<float>, std::array<char *, (unsigned long)2>>(int, T2, T3)"
:timing,PushPop,30,30,1,360,52984792,147180.0,93793.0,93057,365474,106797.8,cutlass3x_sm100_simt_sgemm_f32_f32_f32_f32_f32_64x32x16_1x1x1_3_tnn_align1_bias_f32_relu
:timing,PushPop,30,30,1,144,45000155,312501.1,312354.0,310977,319553,1073.8,cutlass3x_sm100_simt_sgemm_f32_f32_f32_f32_f32_64x128x16_1x1x1_3_tnn_align1_bias_f32_relu
:timing,PushPop,30,30,1,3924,16902488,4307.5,3200.0,960,17281,2884.7,"void at::native::vectorized_elementwise_kernel<(int)4, at::native::AUnaryFunctor<float, float, float, at::native::binary_internal::MulFunctor<float>>, std::array<char *, (unsigned long)2>>(int, T2, T3)"
:timing,PushPop,30,30,1,3048,11980181,3930.5,2592.0,800,20417,2979.4,"void at::native::vectorized_elementwise_kernel<(int)4, at::native::CUDAFunctor_add<float>, std::array<char *, (unsigned long)3>>(int, T2, T3)"
:timing,PushPop,30,30,1,1382,3588465,2596.6,1920.0,768,8160,1604.3,"void at::native::vectorized_elementwise_kernel<(int)4, at::native::FillFunctor<float>, std::array<char *, (unsigned long)1>>(int, T2, T3)"
:timing,PushPop,30,30,1,868,3321236,3826.3,3488.5,3072,4928,600.9,"void at::native::elementwise_kernel<(int)128, (int)2, void at::native::gpu_kernel_impl_nocast<at::native::BinaryFunctor<float, float, float, at::native::binary_internal::MulFunctor<float>>>(at::TensorIteratorBase &, const T1 &)::[lambda(int) (instance 1)]>(int, T3)"
:timing,PushPop,30,30,1,654,3259538,4984.0,2880.0,1728,26016,3695.5,"void at::native::vectorized_elementwise_kernel<(int)4, at::native::BinaryFunctor<float, float, float, at::native::binary_internal::DivFunctor<float>>, std::array<char *, (unsigned long)3>>(int, T2, T3)"
:timing,PushPop,30,30,1,800,3237774,4047.2,2368.0,960,17408,3282.6,"void at::native::vectorized_elementwise_kernel<(int)4, void at::native::<unnamed>::pow_tensor_scalar_kernel_impl<float, float>(at::TensorIteratorBase &, T2)::[lambda(float) (instance 1)], std::array<char *, (unsigned long)2>>(int, T2, T3)"
:timing,PushPop,30,30,1,74,2972487,40168.7,26880.0,26624,517987,80172.1,cutlass3x_sm100_simt_sgemm_f32_f32_f32_f32_f32_128x64x16_1x1x1_3_tnn_align1_bias_f32_relu
:timing,PushPop,30,30,1,654,2580494,3945.7,2560.0,1024,17280,2723.4,"void at::native::vectorized_elementwise_kernel<(int)4, at::native::sqrt_kernel_cuda(at::TensorIteratorBase &)::[lambda() (instance 2)]::operator ()() const::[lambda() (instance 2)]::operator ()() const::[lambda(float) (instance 1)], std::array<char *, (unsigned long)2>>(int, T2, T3)"
:timing,PushPop,30,30,1,800,2358832,2948.5,2336.0,992,12064,2024.0,"void at::native::vectorized_elementwise_kernel<(int)4, at::native::CUDAFunctorOnSelf_add<float>, std::array<char *, (unsigned long)2>>(int, T2, T3)"
:timing,PushPop,30,30,1,72,1524003,21166.7,21152.0,20993,21824,126.4,cutlass3x_sm100_simt_sgemm_f32_f32_f32_f32_f32_64x32x16_1x1x1_3_nnn_align1_bias_f32_relu
:timing,PushPop,30,30,1,144,1306310,9071.6,9088.0,8864,9472,123.0,"void at::native::<unnamed>::CatArrayBatchedCopy<at::native::<unnamed>::OpaqueType<(unsigned int)4>, unsigned int, (int)4, (int)64, (int)64>(T1 *, at::native::<unnamed>::CatArrInputTensorMetadata<T1, T2, T4, T5>, at::native::<unnamed>::TensorSizeStride<T2, (unsigned int)4>, int, T2)"
:timing,PushPop,30,30,1,72,1096736,15232.4,15232.0,15104,15520,76.0,"void at::native::elementwise_kernel<(int)128, (int)2, void at::native::gpu_kernel_impl_nocast<at::native::BinaryFunctor<float, float, float, at::native::binary_internal::DivFunctor<float>>>(at::TensorIteratorBase &, const T1 &)::[lambda(int) (instance 1)]>(int, T3)"
:timing,PushPop,30,30,1,76,1012397,13321.0,12672.0,12576,27072,2783.1,"void at::native::elementwise_kernel<(int)128, (int)2, void at::native::gpu_kernel_impl_nocast<at::native::CUDAFunctor_add<float>>(at::TensorIteratorBase &, const T1 &)::[lambda(int) (instance 1)]>(int, T3)"
:timing,PushPop,30,30,1,74,982988,13283.6,13152.0,13025,17632,728.8,"void at::native::reduce_kernel<(int)512, (int)1, at::native::ReduceOp<float, at::native::MaxOps<float>, unsigned int, float, (int)4, (int)4>>(T3)"
:timing,PushPop,30,30,1,72,939458,13048.0,13024.0,12864,13312,96.9,"void at::native::elementwise_kernel<(int)128, (int)2, void at::native::gpu_kernel_impl_nocast<at::native::<unnamed>::where_kernel_impl(at::TensorIterator &)::[lambda() (instance 1)]::operator ()() const::[lambda() (instance 11)]::operator ()() const::[lambda(bool, float, float) (instance 1)]>(at::TensorIteratorBase &, const T1 &)::[lambda(int) (instance 1)]>(int, T3)"
:timing,PushPop,30,30,1,144,919808,6387.6,6416.0,5472,7520,723.4,"void at::native::vectorized_elementwise_kernel<(int)4, at::native::BinaryFunctor<float, float, float, at::native::binary_internal::MulFunctor<float>>, std::array<char *, (unsigned long)3>>(int, T2, T3)"
:timing,PushPop,30,30,1,148,877509,5929.1,5984.0,2336,6176,419.2,"void at::native::reduce_kernel<(int)512, (int)1, at::native::ReduceOp<float, at::native::MeanOps<float, float, float, float>, unsigned int, float, (int)4, (int)4>>(T3)"
:timing,PushPop,30,30,1,144,801824,5568.2,5488.0,4576,6816,922.9,"void at::native::elementwise_kernel<(int)128, (int)2, void at::native::gpu_kernel_impl_nocast<at::native::direct_copy_kernel_cuda(at::TensorIteratorBase &)::[lambda() (instance 3)]::operator ()() const::[lambda() (instance 7)]::operator ()() const::[lambda(float) (instance 1)]>(at::TensorIteratorBase &, const T1 &)::[lambda(int) (instance 1)]>(int, T3)"
:timing,PushPop,30,30,1,74,520097,7028.3,6976.0,6880,8288,222.4,"void at::native::reduce_kernel<(int)512, (int)1, at::native::ReduceOp<float, at::native::func_wrapper_t<float, at::native::sum_functor<float, float, float>::operator ()(at::TensorIterator &)::[lambda(float, float) (instance 1)]>, unsigned int, float, (int)4, (int)4>>(T3)"
:timing,PushPop,30,30,1,72,418112,5807.1,5792.0,5696,6016,66.4,"void at::native::vectorized_elementwise_kernel<(int)4, at::native::sigmoid_kernel_cuda(at::TensorIteratorBase &)::[lambda() (instance 2)]::operator ()() const::[lambda() (instance 2)]::operator ()() const::[lambda(float) (instance 1)], std::array<char *, (unsigned long)2>>(int, T2, T3)"
:timing,PushPop,30,30,1,74,389569,5264.4,5152.0,4992,8928,589.1,"void at::native::vectorized_elementwise_kernel<(int)4, at::native::exp_kernel_cuda(at::TensorIteratorBase &)::[lambda() (instance 2)]::operator ()() const::[lambda() (instance 2)]::operator ()() const::[lambda(float) (instance 1)], std::array<char *, (unsigned long)2>>(int, T2, T3)"
:timing,PushPop,30,30,1,72,361889,5026.2,4992.0,4864,5344,97.3,"void at::native::vectorized_elementwise_kernel<(int)4, at::native::BUnaryFunctor<float, float, float, at::native::binary_internal::MulFunctor<float>>, std::array<char *, (unsigned long)2>>(int, T2, T3)"
:timing,PushPop,30,30,1,72,186336,2588.0,2592.0,2400,2784,105.1,"void at::native::elementwise_kernel<(int)128, (int)4, void at::native::gpu_kernel_impl_nocast<at::native::<unnamed>::CompareFunctor<long>>(at::TensorIteratorBase &, const T1 &)::[lambda(int) (instance 1)]>(int, T3)"
:timing,PushPop,30,30,1,146,177443,1215.4,1184.0,1056,1440,81.4,"void at::native::vectorized_elementwise_kernel<(int)4, at::native::rsqrt_kernel_cuda(at::TensorIteratorBase &)::[lambda() (instance 2)]::operator ()() const::[lambda() (instance 2)]::operator ()() const::[lambda(float) (instance 1)], std::array<char *, (unsigned long)2>>(int, T2, T3)"
:timing,PushPop,30,30,1,72,60800,844.4,896.0,704,1152,106.4,"void <unnamed>::elementwise_kernel_with_index<int, at::native::arange_cuda_out(const c10::Scalar &, const c10::Scalar &, const c10::Scalar &, at::Tensor &)::[lambda() (instance 1)]::operator ()() const::[lambda() (instance 4)]::operator ()() const::[lambda(long) (instance 1)]>(T1, T2, function_traits<T2>::result_type *)"
:timing,PushPop,30,30,1,2,17472,8736.0,8736.0,8736,8736,0.0,"void at::native::vectorized_elementwise_kernel<(int)4, at::native::neg_kernel_cuda(at::TensorIteratorBase &)::[lambda() (instance 2)]::operator ()() const::[lambda() (instance 7)]::operator ()() const::[lambda(float) (instance 1)], std::array<char *, (unsigned long)2>>(int, T2, T3)"
:timing,PushPop,30,30,1,2,16864,8432.0,8432.0,8352,8512,113.1,"void at::native::_scatter_gather_elementwise_kernel<(int)128, (int)8, void at::native::_cuda_scatter_gather_internal_kernel<(bool)0, at::native::OpaqueType<(int)4>, long>::operator ()<at::native::TensorAssign>(at::TensorIterator &, long, long, long, const T1 &)::[lambda(int) (instance 1)]>(int, T3)"
:timing,PushPop,30,30,1,2,8608,4304.0,4304.0,4224,4384,113.1,"void at::native::vectorized_gather_kernel<(int)16, long>(char *, char *, T2 *, int, long, long, long, long, bool)"
:timing,PushPop,30,30,1,2,2880,1440.0,1440.0,1344,1536,135.8,"void at::native::vectorized_elementwise_kernel<(int)4, at::native::log_kernel_cuda(at::TensorIteratorBase &)::[lambda() (instance 2)]::operator ()() const::[lambda() (instance 2)]::operator ()() const::[lambda(float) (instance 1)], std::array<char *, (unsigned long)2>>(int, T2, T3)"
:torch.autograd.backward,PushPop,30,30,2,2,2016,1008.0,1008.0,960,1056,67.9,"void at::native::vectorized_elementwise_kernel<(int)4, at::native::FillFunctor<float>, std::array<char *, (unsigned long)1>>(int, T2, T3)"
