NVTX Range,Style,PID,TID,NVTX Inst,Kern Inst,Total Time (ns),Avg (ns),Med (ns),Min (ns),Max (ns),StdDev (ns),Kernel Name
,,,,0,308,4682632,15203.4,9216.0,1216,34112,13010.2,"void at::native::vectorized_elementwise_kernel<(int)4, at::native::AUnaryFunctor<float, float, float, at::native::binary_internal::MulFunctor<float>>, std::array<char *, (unsigned long)2>>(int, T2, T3)"
,,,,0,206,4194647,20362.4,8768.0,1248,48927,20104.5,"void at::native::vectorized_elementwise_kernel<(int)4, at::native::CUDAFunctor_add<float>, std::array<char *, (unsigned long)3>>(int, T2, T3)"
,,,,0,52,1123004,21596.2,9456.0,1984,48576,20211.2,"void at::native::vectorized_elementwise_kernel<(int)4, at::native::BinaryFunctor<float, float, float, at::native::binary_internal::DivFunctor<float>>, std::array<char *, (unsigned long)3>>(int, T2, T3)"
,,,,0,51,786272,15417.1,9568.0,1184,33248,13067.6,"void at::native::vectorized_elementwise_kernel<(int)4, void at::native::<unnamed>::pow_tensor_scalar_kernel_impl<float, float>(at::TensorIteratorBase &, T2)::[lambda(float) (instance 1)], std::array<char *, (unsigned long)2>>(int, T2, T3)"
,,,,0,52,784480,15086.2,7392.0,1696,33376,13445.9,"void at::native::vectorized_elementwise_kernel<(int)4, at::native::sqrt_kernel_cuda(at::TensorIteratorBase &)::[lambda() (instance 2)]::operator ()() const::[lambda() (instance 2)]::operator ()() const::[lambda(float) (instance 1)], std::array<char *, (unsigned long)2>>(int, T2, T3)"
,,,,0,102,767072,7520.3,4864.0,992,15712,5846.4,"void at::native::vectorized_elementwise_kernel<(int)4, at::native::FillFunctor<float>, std::array<char *, (unsigned long)1>>(int, T2, T3)"
,,,,0,52,752800,14476.9,5968.0,1440,33024,13845.8,"void at::native::vectorized_elementwise_kernel<(int)4, at::native::CUDAFunctorOnSelf_add<float>, std::array<char *, (unsigned long)2>>(int, T2, T3)"
,,30,53,0,193,186648022,967088.2,489245.0,483390,1916567,675343.9,cutlass3x_sm100_simt_sgemm_f32_f32_f32_f32_f32_64x64x16_1x1x1_3_nnn_align1_bias_f32_relu
,,30,53,0,97,170762313,1760436.2,1759096.0,1756919,1771479,2888.6,cutlass3x_sm100_simt_sgemm_f32_f32_f32_f32_f32_128x128x16_1x1x1_3_ntn_align1_bias_f32_relu
,,30,53,0,32,60119442,1878732.6,1878662.5,1878199,1880598,420.8,cutlass3x_sm100_simt_sgemm_f32_f32_f32_f32_f32_128x128x16_1x1x1_3_nnn_align1_bias_f32_relu
,,30,53,0,128,59273101,463071.1,461533.5,457534,471102,4285.1,cutlass3x_sm100_simt_sgemm_f32_f32_f32_f32_f32_64x64x16_1x1x1_3_ntn_align1_bias_f32_relu
,,30,53,0,96,39034171,406605.9,418622.0,380222,420830,18223.2,"void at::native::elementwise_kernel<(int)128, (int)2, void at::native::gpu_kernel_impl_nocast<at::native::BinaryFunctor<float, float, float, at::native::binary_internal::DivFunctor<float>>>(at::TensorIteratorBase &, const T1 &)::[lambda(int) (instance 1)]>(int, T3)"
,,30,53,0,452,21079318,46635.7,9152.0,1280,234975,76583.3,"void at::native::vectorized_elementwise_kernel<(int)4, at::native::BinaryFunctor<float, float, float, at::native::binary_internal::MulFunctor<float>>, std::array<char *, (unsigned long)3>>(int, T2, T3)"
,,30,53,0,385,18169649,47193.9,31680.0,12448,122111,43352.1,"void at::native::elementwise_kernel<(int)128, (int)2, void at::native::gpu_kernel_impl_nocast<at::native::direct_copy_kernel_cuda(at::TensorIteratorBase &)::[lambda() (instance 3)]::operator ()() const::[lambda() (instance 7)]::operator ()() const::[lambda(float) (instance 1)]>(at::TensorIteratorBase &, const T1 &)::[lambda(int) (instance 1)]>(int, T3)"
,,30,53,0,32,18032741,563523.2,563485.0,562302,564829,714.7,cutlass3x_sm100_simt_sgemm_f32_f32_f32_f32_f32_128x128x16_1x1x1_3_tnn_align1_bias_f32_relu
,,30,53,0,32,17312649,541020.3,540989.5,539806,542366,622.1,cutlass3x_sm100_simt_sgemm_f32_f32_f32_f32_f32_32x64x16_1x1x1_3_nnn_align1_bias_f32_relu
,,30,53,0,32,15873424,496044.5,496030.0,494909,497854,682.0,cutlass3x_sm100_simt_sgemm_f32_f32_f32_f32_f32_64x32x16_1x1x1_3_ntn_align1_bias_f32_relu
,,30,53,0,32,15466068,483314.6,483246.0,482909,483998,300.9,cutlass3x_sm100_simt_sgemm_f32_f32_f32_f32_f32_32x64x16_1x1x1_3_ntn_align1_bias_f32_relu
,,30,53,0,32,11703333,365729.2,365774.0,365342,366142,186.2,"void at::native::elementwise_kernel<(int)128, (int)2, void at::native::gpu_kernel_impl_nocast<at::native::<unnamed>::where_kernel_impl(at::TensorIterator &)::[lambda() (instance 1)]::operator ()() const::[lambda() (instance 11)]::operator ()() const::[lambda(bool, float, float) (instance 1)]>(at::TensorIteratorBase &, const T1 &)::[lambda(int) (instance 1)]>(int, T3)"
,,30,53,0,32,11404710,356397.2,356318.0,355486,357566,531.4,"void at::native::elementwise_kernel<(int)128, (int)2, void at::native::gpu_kernel_impl_nocast<at::native::CUDAFunctor_add<float>>(at::TensorIteratorBase &, const T1 &)::[lambda(int) (instance 1)]>(int, T3)"
,,30,53,0,419,11144683,26598.3,7872.0,3808,234783,60051.1,"void at::native::vectorized_elementwise_kernel<(int)4, at::native::CUDAFunctor_add<float>, std::array<char *, (unsigned long)3>>(int, T2, T3)"
,,30,53,0,67,10010540,149411.0,155263.0,23071,157087,27360.0,"void at::native::vectorized_elementwise_kernel<(int)4, at::native::neg_kernel_cuda(at::TensorIteratorBase &)::[lambda() (instance 2)]::operator ()() const::[lambda() (instance 7)]::operator ()() const::[lambda(float) (instance 1)], std::array<char *, (unsigned long)2>>(int, T2, T3)"
,,30,53,0,131,7215837,55082.7,22847.0,9568,102720,44872.2,"void at::native::reduce_kernel<(int)512, (int)1, at::native::ReduceOp<float, at::native::func_wrapper_t<float, at::native::sum_functor<float, float, float>::operator ()(at::TensorIterator &)::[lambda(float, float) (instance 1)]>, unsigned int, float, (int)4, (int)4>>(T3)"
,,30,53,0,32,4946855,154589.2,154527.5,153631,155839,656.3,"void at::native::vectorized_elementwise_kernel<(int)4, at::native::BUnaryFunctor<float, float, float, at::native::binary_internal::MulFunctor<float>>, std::array<char *, (unsigned long)2>>(int, T2, T3)"
,,30,53,0,387,4193574,10836.1,10528.0,7104,54432,3093.0,"void at::native::elementwise_kernel<(int)128, (int)2, void at::native::gpu_kernel_impl_nocast<at::native::BinaryFunctor<float, float, float, at::native::binary_internal::MulFunctor<float>>>(at::TensorIteratorBase &, const T1 &)::[lambda(int) (instance 1)]>(int, T3)"
,,30,53,0,67,2350579,35083.3,12000.0,928,72479,34816.0,"void at::native::vectorized_elementwise_kernel<(int)4, at::native::FillFunctor<float>, std::array<char *, (unsigned long)1>>(int, T2, T3)"
,,30,53,0,32,1216152,38004.8,38015.5,37312,38880,369.1,"void at::native::vectorized_elementwise_kernel<(int)4, at::native::sigmoid_backward_kernel_cuda(at::TensorIteratorBase &)::[lambda() (instance 2)]::operator ()() const::[lambda() (instance 2)]::operator ()() const::[lambda(float, float) (instance 1)], std::array<char *, (unsigned long)3>>(int, T2, T3)"
,,30,53,0,32,900633,28144.8,28064.0,27680,28928,269.9,"void at::native::<unnamed>::CatArrayBatchedCopy<at::native::<unnamed>::OpaqueType<(unsigned int)4>, unsigned int, (int)4, (int)64, (int)64>(T1 *, at::native::<unnamed>::CatArrInputTensorMetadata<T1, T2, T4, T5>, at::native::<unnamed>::TensorSizeStride<T2, (unsigned int)4>, int, T2)"
,,30,53,0,66,809340,12262.7,12400.0,1888,12576,1298.4,"void at::native::elementwise_kernel<(int)128, (int)2, void at::native::gpu_kernel_impl_nocast<at::native::BUnaryFunctor<float, float, float, at::native::binary_internal::MulFunctor<float>>>(at::TensorIteratorBase &, const T1 &)::[lambda(int) (instance 1)]>(int, T3)"
,,30,53,0,65,766557,11793.2,11776.0,11424,12384,204.7,"void at::native::reduce_kernel<(int)128, (int)4, at::native::ReduceOp<float, at::native::func_wrapper_t<float, at::native::sum_functor<float, float, float>::operator ()(at::TensorIterator &)::[lambda(float, float) (instance 1)]>, unsigned int, float, (int)4, (int)4>>(T3)"
,,30,53,0,64,531422,8303.5,8336.0,7744,9024,395.5,"void at::native::elementwise_kernel<(int)128, (int)2, void at::native::gpu_kernel_impl_nocast<at::native::neg_kernel_cuda(at::TensorIteratorBase &)::[lambda() (instance 2)]::operator ()() const::[lambda() (instance 7)]::operator ()() const::[lambda(float) (instance 1)]>(at::TensorIteratorBase &, const T1 &)::[lambda(int) (instance 1)]>(int, T3)"
,,30,53,0,130,437726,3367.1,3328.0,1280,5600,1723.8,"void at::native::vectorized_elementwise_kernel<(int)4, at::native::AUnaryFunctor<float, float, float, at::native::binary_internal::MulFunctor<float>>, std::array<char *, (unsigned long)2>>(int, T2, T3)"
,,30,53,0,33,378045,11455.9,11520.0,9472,11968,386.6,"void at::native::_scatter_gather_elementwise_kernel<(int)128, (int)8, void at::native::_cuda_scatter_gather_internal_kernel<(bool)1, at::native::OpaqueType<(int)4>, long>::operator ()<at::native::TensorAssign>(at::TensorIterator &, long, long, long, const T1 &)::[lambda(int) (instance 1)]>(int, T3)"
,,30,53,0,32,221759,6930.0,6880.0,6816,7264,104.1,"void at::native::<unnamed>::CatArrayBatchedCopy_vectorized<at::native::<unnamed>::OpaqueType<(unsigned int)4>, unsigned int, (int)1, (int)128, (int)1, (int)16, (int)4>(char *, at::native::<unnamed>::CatArrInputTensorMetadata<T1, T2, T4, T5>, at::native::<unnamed>::TensorSizeStride<T2, (unsigned int)4>, int, T2)"
,,30,53,0,65,108416,1667.9,1632.0,1408,2016,170.6,"void at::native::vectorized_elementwise_kernel<(int)4, void at::native::<unnamed>::pow_tensor_scalar_kernel_impl<float, float>(at::TensorIteratorBase &, T2)::[lambda(float) (instance 2)], std::array<char *, (unsigned long)2>>(int, T2, T3)"
,,30,53,0,1,12736,12736.0,12736.0,12736,12736,0.0,"void <unnamed>::indexing_backward_kernel<float, (int)4>(const long *, const long *, const T1 *, T1 *, long, long, long, long, bool)"
,,30,53,0,1,8352,8352.0,8352.0,8352,8352,0.0,"void at::native::_scatter_gather_elementwise_kernel<(int)128, (int)8, void at::native::_cuda_scatter_gather_internal_kernel<(bool)1, float, long>::operator ()<at::native::ReduceAdd>(at::TensorIterator &, long, long, long, const T1 &)::[lambda(int) (instance 1)]>(int, T3)"
,,30,53,0,1,2752,2752.0,2752.0,2752,2752,0.0,"void at::native::vectorized_elementwise_kernel<(int)2, at::native::BUnaryFunctor<long, long, long, at::native::remainder_kernel_cuda(at::TensorIteratorBase &)::[lambda() (instance 1)]::operator ()() const::[lambda() (instance 4)]::operator ()() const::[lambda(long, long) (instance 1)]>, std::array<char *, (unsigned long)2>>(int, T2, T3)"
,,30,53,0,1,2464,2464.0,2464.0,2464,2464,0.0,"void at::native::vectorized_elementwise_kernel<(int)2, at::native::BUnaryFunctor<long, long, long, at::native::binary_internal::div_trunc_kernel_cuda(at::TensorIteratorBase &)::[lambda() (instance 1)]::operator ()() const::[lambda() (instance 4)]::operator ()() const::[lambda(long, long) (instance 1)]>, std::array<char *, (unsigned long)2>>(int, T2, T3)"
,,30,53,0,1,2080,2080.0,2080.0,2080,2080,0.0,"void at::native::vectorized_elementwise_kernel<(int)4, at::native::BinaryFunctor<float, float, float, at::native::binary_internal::DivFunctor<float>>, std::array<char *, (unsigned long)3>>(int, T2, T3)"
,,30,53,0,1,1440,1440.0,1440.0,1440,1440,0.0,"void at::native::vectorized_elementwise_kernel<(int)2, at::native::AUnaryFunctor<long, long, long, at::native::binary_internal::MulFunctor<long>>, std::array<char *, (unsigned long)2>>(int, T2, T3)"
,,30,53,0,1,1152,1152.0,1152.0,1152,1152,0.0,"void <unnamed>::elementwise_kernel_with_index<int, at::native::arange_cuda_out(const c10::Scalar &, const c10::Scalar &, const c10::Scalar &, at::Tensor &)::[lambda() (instance 1)]::operator ()() const::[lambda() (instance 4)]::operator ()() const::[lambda(long) (instance 1)]>(T1, T2, function_traits<T2>::result_type *)"
:BasicsTransformerLM.layers.0,PushPop,30,30,1,3,4387721,1462573.7,1908822.0,569501,1909398,773423.7,cutlass3x_sm100_simt_sgemm_f32_f32_f32_f32_f32_128x128x16_1x1x1_3_tnn_align1_bias_f32_relu
:BasicsTransformerLM.layers.0,PushPop,30,30,1,4,2353396,588349.0,610109.0,513853,619325,49884.4,cutlass3x_sm100_simt_sgemm_f32_f32_f32_f32_f32_128x64x16_1x1x1_3_tnn_align1_bias_f32_relu
:BasicsTransformerLM.layers.0,PushPop,30,30,1,1,1985302,1985302.0,1985302.0,1985302,1985302,0.0,cutlass3x_sm100_simt_sgemm_f32_f32_f32_f32_f32_64x64x16_1x1x1_3_tnn_align1_bias_f32_relu
:BasicsTransformerLM.layers.0,PushPop,30,30,1,1,544606,544606.0,544606.0,544606,544606,0.0,cutlass3x_sm100_simt_sgemm_f32_f32_f32_f32_f32_32x64x16_1x1x1_3_nnn_align1_bias_f32_relu
:BasicsTransformerLM.layers.0,PushPop,30,30,1,1,416669,416669.0,416669.0,416669,416669,0.0,"void at::native::elementwise_kernel<(int)128, (int)2, void at::native::gpu_kernel_impl_nocast<at::native::BinaryFunctor<float, float, float, at::native::binary_internal::DivFunctor<float>>>(at::TensorIteratorBase &, const T1 &)::[lambda(int) (instance 1)]>(int, T3)"
:BasicsTransformerLM.layers.0,PushPop,30,30,1,1,365822,365822.0,365822.0,365822,365822,0.0,"void at::native::elementwise_kernel<(int)128, (int)2, void at::native::gpu_kernel_impl_nocast<at::native::<unnamed>::where_kernel_impl(at::TensorIterator &)::[lambda() (instance 1)]::operator ()() const::[lambda() (instance 11)]::operator ()() const::[lambda(bool, float, float) (instance 1)]>(at::TensorIteratorBase &, const T1 &)::[lambda(int) (instance 1)]>(int, T3)"
:BasicsTransformerLM.layers.0,PushPop,30,30,1,1,361822,361822.0,361822.0,361822,361822,0.0,"void at::native::elementwise_kernel<(int)128, (int)2, void at::native::gpu_kernel_impl_nocast<at::native::CUDAFunctor_add<float>>(at::TensorIteratorBase &, const T1 &)::[lambda(int) (instance 1)]>(int, T3)"
:BasicsTransformerLM.layers.0,PushPop,30,30,1,1,156895,156895.0,156895.0,156895,156895,0.0,"void at::native::vectorized_elementwise_kernel<(int)4, at::native::BUnaryFunctor<float, float, float, at::native::binary_internal::MulFunctor<float>>, std::array<char *, (unsigned long)2>>(int, T2, T3)"
:BasicsTransformerLM.layers.0,PushPop,30,30,1,1,154431,154431.0,154431.0,154431,154431,0.0,"void at::native::vectorized_elementwise_kernel<(int)4, at::native::exp_kernel_cuda(at::TensorIteratorBase &)::[lambda() (instance 2)]::operator ()() const::[lambda() (instance 2)]::operator ()() const::[lambda(float) (instance 1)], std::array<char *, (unsigned long)2>>(int, T2, T3)"
:BasicsTransformerLM.layers.0,PushPop,30,30,1,1,135968,135968.0,135968.0,135968,135968,0.0,"void at::native::reduce_kernel<(int)512, (int)1, at::native::ReduceOp<float, at::native::MaxOps<float>, unsigned int, float, (int)4, (int)4>>(T3)"
:BasicsTransformerLM.layers.0,PushPop,30,30,1,12,117056,9754.7,9152.0,7296,12768,2408.3,"void at::native::elementwise_kernel<(int)128, (int)2, void at::native::gpu_kernel_impl_nocast<at::native::BinaryFunctor<float, float, float, at::native::binary_internal::MulFunctor<float>>>(at::TensorIteratorBase &, const T1 &)::[lambda(int) (instance 1)]>(int, T3)"
:BasicsTransformerLM.layers.0,PushPop,30,30,1,1,101536,101536.0,101536.0,101536,101536,0.0,"void at::native::reduce_kernel<(int)512, (int)1, at::native::ReduceOp<float, at::native::func_wrapper_t<float, at::native::sum_functor<float, float, float>::operator ()(at::TensorIterator &)::[lambda(float, float) (instance 1)]>, unsigned int, float, (int)4, (int)4>>(T3)"
:BasicsTransformerLM.layers.0,PushPop,30,30,1,2,70880,35440.0,35440.0,32864,38016,3643.0,"void at::native::vectorized_elementwise_kernel<(int)4, at::native::BinaryFunctor<float, float, float, at::native::binary_internal::MulFunctor<float>>, std::array<char *, (unsigned long)3>>(int, T2, T3)"
:BasicsTransformerLM.layers.0,PushPop,30,30,1,2,54879,27439.5,27439.5,27392,27487,67.2,"void at::native::<unnamed>::CatArrayBatchedCopy<at::native::<unnamed>::OpaqueType<(unsigned int)4>, unsigned int, (int)4, (int)64, (int)64>(T1 *, at::native::<unnamed>::CatArrInputTensorMetadata<T1, T2, T4, T5>, at::native::<unnamed>::TensorSizeStride<T2, (unsigned int)4>, int, T2)"
:BasicsTransformerLM.layers.0,PushPop,30,30,1,6,32544,5424.0,4032.0,3904,8992,2273.7,"void at::native::vectorized_elementwise_kernel<(int)4, at::native::CUDAFunctor_add<float>, std::array<char *, (unsigned long)3>>(int, T2, T3)"
:BasicsTransformerLM.layers.0,PushPop,30,30,1,1,21760,21760.0,21760.0,21760,21760,0.0,"void at::native::vectorized_elementwise_kernel<(int)4, at::native::sigmoid_kernel_cuda(at::TensorIteratorBase &)::[lambda() (instance 2)]::operator ()() const::[lambda() (instance 2)]::operator ()() const::[lambda(float) (instance 1)], std::array<char *, (unsigned long)2>>(int, T2, T3)"
:BasicsTransformerLM.layers.0,PushPop,30,30,1,2,18336,9168.0,9168.0,9088,9248,113.1,"void at::native::reduce_kernel<(int)512, (int)1, at::native::ReduceOp<float, at::native::MeanOps<float, float, float, float>, unsigned int, float, (int)4, (int)4>>(T3)"
:BasicsTransformerLM.layers.0,PushPop,30,30,1,1,14880,14880.0,14880.0,14880,14880,0.0,"void at::native::elementwise_kernel<(int)128, (int)2, void at::native::gpu_kernel_impl_nocast<at::native::direct_copy_kernel_cuda(at::TensorIteratorBase &)::[lambda() (instance 3)]::operator ()() const::[lambda() (instance 7)]::operator ()() const::[lambda(float) (instance 1)]>(at::TensorIteratorBase &, const T1 &)::[lambda(int) (instance 1)]>(int, T3)"
:BasicsTransformerLM.layers.0,PushPop,30,30,1,2,10144,5072.0,5072.0,4960,5184,158.4,"void at::native::vectorized_elementwise_kernel<(int)4, void at::native::<unnamed>::pow_tensor_scalar_kernel_impl<float, float>(at::TensorIteratorBase &, T2)::[lambda(float) (instance 1)], std::array<char *, (unsigned long)2>>(int, T2, T3)"
:BasicsTransformerLM.layers.0,PushPop,30,30,1,1,8640,8640.0,8640.0,8640,8640,0.0,"void at::native::elementwise_kernel<(int)128, (int)4, void at::native::gpu_kernel_impl_nocast<at::native::<unnamed>::CompareFunctor<long>>(at::TensorIteratorBase &, const T1 &)::[lambda(int) (instance 1)]>(int, T3)"
:BasicsTransformerLM.layers.0,PushPop,30,30,1,2,3136,1568.0,1568.0,1440,1696,181.0,"void at::native::vectorized_elementwise_kernel<(int)4, at::native::rsqrt_kernel_cuda(at::TensorIteratorBase &)::[lambda() (instance 2)]::operator ()() const::[lambda() (instance 2)]::operator ()() const::[lambda(float) (instance 1)], std::array<char *, (unsigned long)2>>(int, T2, T3)"
:BasicsTransformerLM.layers.0,PushPop,30,30,1,2,3008,1504.0,1504.0,1440,1568,90.5,"void at::native::vectorized_elementwise_kernel<(int)4, at::native::CUDAFunctorOnSelf_add<float>, std::array<char *, (unsigned long)2>>(int, T2, T3)"
:BasicsTransformerLM.layers.0,PushPop,30,30,1,1,1184,1184.0,1184.0,1184,1184,0.0,"void <unnamed>::elementwise_kernel_with_index<int, at::native::arange_cuda_out(const c10::Scalar &, const c10::Scalar &, const c10::Scalar &, at::Tensor &)::[lambda() (instance 1)]::operator ()() const::[lambda() (instance 4)]::operator ()() const::[lambda(long) (instance 1)]>(T1, T2, function_traits<T2>::result_type *)"
:BasicsTransformerLM.layers.0,PushPop,30,30,1,1,1024,1024.0,1024.0,1024,1024,0.0,"void at::native::vectorized_elementwise_kernel<(int)4, at::native::FillFunctor<float>, std::array<char *, (unsigned long)1>>(int, T2, T3)"
:BasicsTransformerLM.layers.0.attn,PushPop,30,30,1,4,2353396,588349.0,610109.0,513853,619325,49884.4,cutlass3x_sm100_simt_sgemm_f32_f32_f32_f32_f32_128x64x16_1x1x1_3_tnn_align1_bias_f32_relu
:BasicsTransformerLM.layers.0.attn,PushPop,30,30,1,1,569501,569501.0,569501.0,569501,569501,0.0,cutlass3x_sm100_simt_sgemm_f32_f32_f32_f32_f32_128x128x16_1x1x1_3_tnn_align1_bias_f32_relu
:BasicsTransformerLM.layers.0.attn,PushPop,30,30,1,1,544606,544606.0,544606.0,544606,544606,0.0,cutlass3x_sm100_simt_sgemm_f32_f32_f32_f32_f32_32x64x16_1x1x1_3_nnn_align1_bias_f32_relu
:BasicsTransformerLM.layers.0.attn,PushPop,30,30,1,1,416669,416669.0,416669.0,416669,416669,0.0,"void at::native::elementwise_kernel<(int)128, (int)2, void at::native::gpu_kernel_impl_nocast<at::native::BinaryFunctor<float, float, float, at::native::binary_internal::DivFunctor<float>>>(at::TensorIteratorBase &, const T1 &)::[lambda(int) (instance 1)]>(int, T3)"
:BasicsTransformerLM.layers.0.attn,PushPop,30,30,1,1,365822,365822.0,365822.0,365822,365822,0.0,"void at::native::elementwise_kernel<(int)128, (int)2, void at::native::gpu_kernel_impl_nocast<at::native::<unnamed>::where_kernel_impl(at::TensorIterator &)::[lambda() (instance 1)]::operator ()() const::[lambda() (instance 11)]::operator ()() const::[lambda(bool, float, float) (instance 1)]>(at::TensorIteratorBase &, const T1 &)::[lambda(int) (instance 1)]>(int, T3)"
:BasicsTransformerLM.layers.0.attn,PushPop,30,30,1,1,361822,361822.0,361822.0,361822,361822,0.0,"void at::native::elementwise_kernel<(int)128, (int)2, void at::native::gpu_kernel_impl_nocast<at::native::CUDAFunctor_add<float>>(at::TensorIteratorBase &, const T1 &)::[lambda(int) (instance 1)]>(int, T3)"
:BasicsTransformerLM.layers.0.attn,PushPop,30,30,1,1,156895,156895.0,156895.0,156895,156895,0.0,"void at::native::vectorized_elementwise_kernel<(int)4, at::native::BUnaryFunctor<float, float, float, at::native::binary_internal::MulFunctor<float>>, std::array<char *, (unsigned long)2>>(int, T2, T3)"
:BasicsTransformerLM.layers.0.attn,PushPop,30,30,1,1,154431,154431.0,154431.0,154431,154431,0.0,"void at::native::vectorized_elementwise_kernel<(int)4, at::native::exp_kernel_cuda(at::TensorIteratorBase &)::[lambda() (instance 2)]::operator ()() const::[lambda() (instance 2)]::operator ()() const::[lambda(float) (instance 1)], std::array<char *, (unsigned long)2>>(int, T2, T3)"
:BasicsTransformerLM.layers.0.attn,PushPop,30,30,1,1,135968,135968.0,135968.0,135968,135968,0.0,"void at::native::reduce_kernel<(int)512, (int)1, at::native::ReduceOp<float, at::native::MaxOps<float>, unsigned int, float, (int)4, (int)4>>(T3)"
:BasicsTransformerLM.layers.0.attn,PushPop,30,30,1,1,101536,101536.0,101536.0,101536,101536,0.0,"void at::native::reduce_kernel<(int)512, (int)1, at::native::ReduceOp<float, at::native::func_wrapper_t<float, at::native::sum_functor<float, float, float>::operator ()(at::TensorIterator &)::[lambda(float, float) (instance 1)]>, unsigned int, float, (int)4, (int)4>>(T3)"
:BasicsTransformerLM.layers.0.attn,PushPop,30,30,1,8,66272,8284.0,7648.0,7296,10400,1302.4,"void at::native::elementwise_kernel<(int)128, (int)2, void at::native::gpu_kernel_impl_nocast<at::native::BinaryFunctor<float, float, float, at::native::binary_internal::MulFunctor<float>>>(at::TensorIteratorBase &, const T1 &)::[lambda(int) (instance 1)]>(int, T3)"
:BasicsTransformerLM.layers.0.attn,PushPop,30,30,1,2,54879,27439.5,27439.5,27392,27487,67.2,"void at::native::<unnamed>::CatArrayBatchedCopy<at::native::<unnamed>::OpaqueType<(unsigned int)4>, unsigned int, (int)4, (int)64, (int)64>(T1 *, at::native::<unnamed>::CatArrInputTensorMetadata<T1, T2, T4, T5>, at::native::<unnamed>::TensorSizeStride<T2, (unsigned int)4>, int, T2)"
:BasicsTransformerLM.layers.0.attn,PushPop,30,30,1,4,15936,3984.0,3968.0,3904,4096,80.5,"void at::native::vectorized_elementwise_kernel<(int)4, at::native::CUDAFunctor_add<float>, std::array<char *, (unsigned long)3>>(int, T2, T3)"
:BasicsTransformerLM.layers.0.attn,PushPop,30,30,1,1,14880,14880.0,14880.0,14880,14880,0.0,"void at::native::elementwise_kernel<(int)128, (int)2, void at::native::gpu_kernel_impl_nocast<at::native::direct_copy_kernel_cuda(at::TensorIteratorBase &)::[lambda() (instance 3)]::operator ()() const::[lambda() (instance 7)]::operator ()() const::[lambda(float) (instance 1)]>(at::TensorIteratorBase &, const T1 &)::[lambda(int) (instance 1)]>(int, T3)"
:BasicsTransformerLM.layers.0.attn,PushPop,30,30,1,1,8640,8640.0,8640.0,8640,8640,0.0,"void at::native::elementwise_kernel<(int)128, (int)4, void at::native::gpu_kernel_impl_nocast<at::native::<unnamed>::CompareFunctor<long>>(at::TensorIteratorBase &, const T1 &)::[lambda(int) (instance 1)]>(int, T3)"
:BasicsTransformerLM.layers.0.attn,PushPop,30,30,1,1,1184,1184.0,1184.0,1184,1184,0.0,"void <unnamed>::elementwise_kernel_with_index<int, at::native::arange_cuda_out(const c10::Scalar &, const c10::Scalar &, const c10::Scalar &, at::Tensor &)::[lambda() (instance 1)]::operator ()() const::[lambda() (instance 4)]::operator ()() const::[lambda(long) (instance 1)]>(T1, T2, function_traits<T2>::result_type *)"
:BasicsTransformerLM.layers.0.attn,PushPop,30,30,1,1,1024,1024.0,1024.0,1024,1024,0.0,"void at::native::vectorized_elementwise_kernel<(int)4, at::native::FillFunctor<float>, std::array<char *, (unsigned long)1>>(int, T2, T3)"
:BasicsTransformerLM.layers.0.attn.k_proj,PushPop,30,30,1,1,612253,612253.0,612253.0,612253,612253,0.0,cutlass3x_sm100_simt_sgemm_f32_f32_f32_f32_f32_128x64x16_1x1x1_3_tnn_align1_bias_f32_relu
:BasicsTransformerLM.layers.0.attn.output_proj,PushPop,30,30,1,1,513853,513853.0,513853.0,513853,513853,0.0,cutlass3x_sm100_simt_sgemm_f32_f32_f32_f32_f32_128x64x16_1x1x1_3_tnn_align1_bias_f32_relu
:BasicsTransformerLM.layers.0.attn.positional_encoder,PushPop,30,30,64,256,2114134,8258.3,7712.0,7296,10656,1109.2,"void at::native::elementwise_kernel<(int)128, (int)2, void at::native::gpu_kernel_impl_nocast<at::native::BinaryFunctor<float, float, float, at::native::binary_internal::MulFunctor<float>>>(at::TensorIteratorBase &, const T1 &)::[lambda(int) (instance 1)]>(int, T3)"
:BasicsTransformerLM.layers.0.attn.positional_encoder,PushPop,30,30,64,64,1756024,27437.9,27424.0,27168,27776,141.2,"void at::native::<unnamed>::CatArrayBatchedCopy<at::native::<unnamed>::OpaqueType<(unsigned int)4>, unsigned int, (int)4, (int)64, (int)64>(T1 *, at::native::<unnamed>::CatArrInputTensorMetadata<T1, T2, T4, T5>, at::native::<unnamed>::TensorSizeStride<T2, (unsigned int)4>, int, T2)"
:BasicsTransformerLM.layers.0.attn.positional_encoder,PushPop,30,30,64,128,505052,3945.7,3936.0,3712,4224,100.3,"void at::native::vectorized_elementwise_kernel<(int)4, at::native::CUDAFunctor_add<float>, std::array<char *, (unsigned long)3>>(int, T2, T3)"
:BasicsTransformerLM.layers.0.attn.q_proj,PushPop,30,30,1,1,619325,619325.0,619325.0,619325,619325,0.0,cutlass3x_sm100_simt_sgemm_f32_f32_f32_f32_f32_128x64x16_1x1x1_3_tnn_align1_bias_f32_relu
:BasicsTransformerLM.layers.0.attn.v_proj,PushPop,30,30,1,1,607965,607965.0,607965.0,607965,607965,0.0,cutlass3x_sm100_simt_sgemm_f32_f32_f32_f32_f32_128x64x16_1x1x1_3_tnn_align1_bias_f32_relu
:BasicsTransformerLM.layers.0.ffn,PushPop,30,30,1,2,3818220,1909110.0,1909110.0,1908822,1909398,407.3,cutlass3x_sm100_simt_sgemm_f32_f32_f32_f32_f32_128x128x16_1x1x1_3_tnn_align1_bias_f32_relu
:BasicsTransformerLM.layers.0.ffn,PushPop,30,30,1,1,1985302,1985302.0,1985302.0,1985302,1985302,0.0,cutlass3x_sm100_simt_sgemm_f32_f32_f32_f32_f32_64x64x16_1x1x1_3_tnn_align1_bias_f32_relu
:BasicsTransformerLM.layers.0.ffn,PushPop,30,30,1,2,70880,35440.0,35440.0,32864,38016,3643.0,"void at::native::vectorized_elementwise_kernel<(int)4, at::native::BinaryFunctor<float, float, float, at::native::binary_internal::MulFunctor<float>>, std::array<char *, (unsigned long)3>>(int, T2, T3)"
:BasicsTransformerLM.layers.0.ffn,PushPop,30,30,1,1,21760,21760.0,21760.0,21760,21760,0.0,"void at::native::vectorized_elementwise_kernel<(int)4, at::native::sigmoid_kernel_cuda(at::TensorIteratorBase &)::[lambda() (instance 2)]::operator ()() const::[lambda() (instance 2)]::operator ()() const::[lambda(float) (instance 1)], std::array<char *, (unsigned long)2>>(int, T2, T3)"
:BasicsTransformerLM.layers.0.ffn.w1,PushPop,30,30,1,1,1908822,1908822.0,1908822.0,1908822,1908822,0.0,cutlass3x_sm100_simt_sgemm_f32_f32_f32_f32_f32_128x128x16_1x1x1_3_tnn_align1_bias_f32_relu
:BasicsTransformerLM.layers.0.ffn.w2,PushPop,30,30,1,1,1985302,1985302.0,1985302.0,1985302,1985302,0.0,cutlass3x_sm100_simt_sgemm_f32_f32_f32_f32_f32_64x64x16_1x1x1_3_tnn_align1_bias_f32_relu
:BasicsTransformerLM.layers.0.ffn.w3,PushPop,30,30,1,1,1909398,1909398.0,1909398.0,1909398,1909398,0.0,cutlass3x_sm100_simt_sgemm_f32_f32_f32_f32_f32_128x128x16_1x1x1_3_tnn_align1_bias_f32_relu
:BasicsTransformerLM.layers.0.ln1,PushPop,30,30,1,2,25408,12704.0,12704.0,12672,12736,45.3,"void at::native::elementwise_kernel<(int)128, (int)2, void at::native::gpu_kernel_impl_nocast<at::native::BinaryFunctor<float, float, float, at::native::binary_internal::MulFunctor<float>>>(at::TensorIteratorBase &, const T1 &)::[lambda(int) (instance 1)]>(int, T3)"
:BasicsTransformerLM.layers.0.ln1,PushPop,30,30,1,1,9088,9088.0,9088.0,9088,9088,0.0,"void at::native::reduce_kernel<(int)512, (int)1, at::native::ReduceOp<float, at::native::MeanOps<float, float, float, float>, unsigned int, float, (int)4, (int)4>>(T3)"
:BasicsTransformerLM.layers.0.ln1,PushPop,30,30,1,1,4960,4960.0,4960.0,4960,4960,0.0,"void at::native::vectorized_elementwise_kernel<(int)4, void at::native::<unnamed>::pow_tensor_scalar_kernel_impl<float, float>(at::TensorIteratorBase &, T2)::[lambda(float) (instance 1)], std::array<char *, (unsigned long)2>>(int, T2, T3)"
:BasicsTransformerLM.layers.0.ln1,PushPop,30,30,1,1,1696,1696.0,1696.0,1696,1696,0.0,"void at::native::vectorized_elementwise_kernel<(int)4, at::native::rsqrt_kernel_cuda(at::TensorIteratorBase &)::[lambda() (instance 2)]::operator ()() const::[lambda() (instance 2)]::operator ()() const::[lambda(float) (instance 1)], std::array<char *, (unsigned long)2>>(int, T2, T3)"
:BasicsTransformerLM.layers.0.ln1,PushPop,30,30,1,1,1440,1440.0,1440.0,1440,1440,0.0,"void at::native::vectorized_elementwise_kernel<(int)4, at::native::CUDAFunctorOnSelf_add<float>, std::array<char *, (unsigned long)2>>(int, T2, T3)"
:BasicsTransformerLM.layers.0.ln2,PushPop,30,30,1,2,25376,12688.0,12688.0,12608,12768,113.1,"void at::native::elementwise_kernel<(int)128, (int)2, void at::native::gpu_kernel_impl_nocast<at::native::BinaryFunctor<float, float, float, at::native::binary_internal::MulFunctor<float>>>(at::TensorIteratorBase &, const T1 &)::[lambda(int) (instance 1)]>(int, T3)"
:BasicsTransformerLM.layers.0.ln2,PushPop,30,30,1,1,9248,9248.0,9248.0,9248,9248,0.0,"void at::native::reduce_kernel<(int)512, (int)1, at::native::ReduceOp<float, at::native::MeanOps<float, float, float, float>, unsigned int, float, (int)4, (int)4>>(T3)"
:BasicsTransformerLM.layers.0.ln2,PushPop,30,30,1,1,5184,5184.0,5184.0,5184,5184,0.0,"void at::native::vectorized_elementwise_kernel<(int)4, void at::native::<unnamed>::pow_tensor_scalar_kernel_impl<float, float>(at::TensorIteratorBase &, T2)::[lambda(float) (instance 1)], std::array<char *, (unsigned long)2>>(int, T2, T3)"
:BasicsTransformerLM.layers.0.ln2,PushPop,30,30,1,1,1568,1568.0,1568.0,1568,1568,0.0,"void at::native::vectorized_elementwise_kernel<(int)4, at::native::CUDAFunctorOnSelf_add<float>, std::array<char *, (unsigned long)2>>(int, T2, T3)"
:BasicsTransformerLM.layers.0.ln2,PushPop,30,30,1,1,1440,1440.0,1440.0,1440,1440,0.0,"void at::native::vectorized_elementwise_kernel<(int)4, at::native::rsqrt_kernel_cuda(at::TensorIteratorBase &)::[lambda() (instance 2)]::operator ()() const::[lambda() (instance 2)]::operator ()() const::[lambda(float) (instance 1)], std::array<char *, (unsigned long)2>>(int, T2, T3)"
:BasicsTransformerLM.layers.1,PushPop,30,30,1,3,4390921,1463640.3,1911318.0,567517,1912086,776065.7,cutlass3x_sm100_simt_sgemm_f32_f32_f32_f32_f32_128x128x16_1x1x1_3_tnn_align1_bias_f32_relu
:BasicsTransformerLM.layers.1,PushPop,30,30,1,4,2040245,510061.3,508973.5,508221,514077,2734.8,cutlass3x_sm100_simt_sgemm_f32_f32_f32_f32_f32_128x64x16_1x1x1_3_tnn_align1_bias_f32_relu
:BasicsTransformerLM.layers.1,PushPop,30,30,1,1,1990806,1990806.0,1990806.0,1990806,1990806,0.0,cutlass3x_sm100_simt_sgemm_f32_f32_f32_f32_f32_64x64x16_1x1x1_3_tnn_align1_bias_f32_relu
:BasicsTransformerLM.layers.1,PushPop,30,30,1,1,546238,546238.0,546238.0,546238,546238,0.0,cutlass3x_sm100_simt_sgemm_f32_f32_f32_f32_f32_32x64x16_1x1x1_3_nnn_align1_bias_f32_relu
:BasicsTransformerLM.layers.1,PushPop,30,30,1,1,416062,416062.0,416062.0,416062,416062,0.0,"void at::native::elementwise_kernel<(int)128, (int)2, void at::native::gpu_kernel_impl_nocast<at::native::BinaryFunctor<float, float, float, at::native::binary_internal::DivFunctor<float>>>(at::TensorIteratorBase &, const T1 &)::[lambda(int) (instance 1)]>(int, T3)"
:BasicsTransformerLM.layers.1,PushPop,30,30,1,1,365726,365726.0,365726.0,365726,365726,0.0,"void at::native::elementwise_kernel<(int)128, (int)2, void at::native::gpu_kernel_impl_nocast<at::native::<unnamed>::where_kernel_impl(at::TensorIterator &)::[lambda() (instance 1)]::operator ()() const::[lambda() (instance 11)]::operator ()() const::[lambda(bool, float, float) (instance 1)]>(at::TensorIteratorBase &, const T1 &)::[lambda(int) (instance 1)]>(int, T3)"
:BasicsTransformerLM.layers.1,PushPop,30,30,1,1,362046,362046.0,362046.0,362046,362046,0.0,"void at::native::elementwise_kernel<(int)128, (int)2, void at::native::gpu_kernel_impl_nocast<at::native::CUDAFunctor_add<float>>(at::TensorIteratorBase &, const T1 &)::[lambda(int) (instance 1)]>(int, T3)"
:BasicsTransformerLM.layers.1,PushPop,30,30,1,1,157535,157535.0,157535.0,157535,157535,0.0,"void at::native::vectorized_elementwise_kernel<(int)4, at::native::BUnaryFunctor<float, float, float, at::native::binary_internal::MulFunctor<float>>, std::array<char *, (unsigned long)2>>(int, T2, T3)"
:BasicsTransformerLM.layers.1,PushPop,30,30,1,1,155199,155199.0,155199.0,155199,155199,0.0,"void at::native::vectorized_elementwise_kernel<(int)4, at::native::exp_kernel_cuda(at::TensorIteratorBase &)::[lambda() (instance 2)]::operator ()() const::[lambda() (instance 2)]::operator ()() const::[lambda(float) (instance 1)], std::array<char *, (unsigned long)2>>(int, T2, T3)"
:BasicsTransformerLM.layers.1,PushPop,30,30,1,1,135328,135328.0,135328.0,135328,135328,0.0,"void at::native::reduce_kernel<(int)512, (int)1, at::native::ReduceOp<float, at::native::MaxOps<float>, unsigned int, float, (int)4, (int)4>>(T3)"
:BasicsTransformerLM.layers.1,PushPop,30,30,1,12,116480,9706.7,8912.0,7392,12800,2390.3,"void at::native::elementwise_kernel<(int)128, (int)2, void at::native::gpu_kernel_impl_nocast<at::native::BinaryFunctor<float, float, float, at::native::binary_internal::MulFunctor<float>>>(at::TensorIteratorBase &, const T1 &)::[lambda(int) (instance 1)]>(int, T3)"
:BasicsTransformerLM.layers.1,PushPop,30,30,1,1,101664,101664.0,101664.0,101664,101664,0.0,"void at::native::reduce_kernel<(int)512, (int)1, at::native::ReduceOp<float, at::native::func_wrapper_t<float, at::native::sum_functor<float, float, float>::operator ()(at::TensorIterator &)::[lambda(float, float) (instance 1)]>, unsigned int, float, (int)4, (int)4>>(T3)"
:BasicsTransformerLM.layers.1,PushPop,30,30,1,2,71200,35600.0,35600.0,33472,37728,3009.4,"void at::native::vectorized_elementwise_kernel<(int)4, at::native::BinaryFunctor<float, float, float, at::native::binary_internal::MulFunctor<float>>, std::array<char *, (unsigned long)3>>(int, T2, T3)"
:BasicsTransformerLM.layers.1,PushPop,30,30,1,2,54687,27343.5,27343.5,27200,27487,202.9,"void at::native::<unnamed>::CatArrayBatchedCopy<at::native::<unnamed>::OpaqueType<(unsigned int)4>, unsigned int, (int)4, (int)64, (int)64>(T1 *, at::native::<unnamed>::CatArrInputTensorMetadata<T1, T2, T4, T5>, at::native::<unnamed>::TensorSizeStride<T2, (unsigned int)4>, int, T2)"
:BasicsTransformerLM.layers.1,PushPop,30,30,1,6,32288,5381.3,3904.0,3840,8864,2345.8,"void at::native::vectorized_elementwise_kernel<(int)4, at::native::CUDAFunctor_add<float>, std::array<char *, (unsigned long)3>>(int, T2, T3)"
:BasicsTransformerLM.layers.1,PushPop,30,30,1,1,21984,21984.0,21984.0,21984,21984,0.0,"void at::native::vectorized_elementwise_kernel<(int)4, at::native::sigmoid_kernel_cuda(at::TensorIteratorBase &)::[lambda() (instance 2)]::operator ()() const::[lambda() (instance 2)]::operator ()() const::[lambda(float) (instance 1)], std::array<char *, (unsigned long)2>>(int, T2, T3)"
:BasicsTransformerLM.layers.1,PushPop,30,30,1,2,18432,9216.0,9216.0,9152,9280,90.5,"void at::native::reduce_kernel<(int)512, (int)1, at::native::ReduceOp<float, at::native::MeanOps<float, float, float, float>, unsigned int, float, (int)4, (int)4>>(T3)"
:BasicsTransformerLM.layers.1,PushPop,30,30,1,1,14784,14784.0,14784.0,14784,14784,0.0,"void at::native::elementwise_kernel<(int)128, (int)2, void at::native::gpu_kernel_impl_nocast<at::native::direct_copy_kernel_cuda(at::TensorIteratorBase &)::[lambda() (instance 3)]::operator ()() const::[lambda() (instance 7)]::operator ()() const::[lambda(float) (instance 1)]>(at::TensorIteratorBase &, const T1 &)::[lambda(int) (instance 1)]>(int, T3)"
:BasicsTransformerLM.layers.1,PushPop,30,30,1,2,10336,5168.0,5168.0,5120,5216,67.9,"void at::native::vectorized_elementwise_kernel<(int)4, void at::native::<unnamed>::pow_tensor_scalar_kernel_impl<float, float>(at::TensorIteratorBase &, T2)::[lambda(float) (instance 1)], std::array<char *, (unsigned long)2>>(int, T2, T3)"
:BasicsTransformerLM.layers.1,PushPop,30,30,1,1,8768,8768.0,8768.0,8768,8768,0.0,"void at::native::elementwise_kernel<(int)128, (int)4, void at::native::gpu_kernel_impl_nocast<at::native::<unnamed>::CompareFunctor<long>>(at::TensorIteratorBase &, const T1 &)::[lambda(int) (instance 1)]>(int, T3)"
:BasicsTransformerLM.layers.1,PushPop,30,30,1,2,3136,1568.0,1568.0,1568,1568,0.0,"void at::native::vectorized_elementwise_kernel<(int)4, at::native::CUDAFunctorOnSelf_add<float>, std::array<char *, (unsigned long)2>>(int, T2, T3)"
:BasicsTransformerLM.layers.1,PushPop,30,30,1,2,3072,1536.0,1536.0,1440,1632,135.8,"void at::native::vectorized_elementwise_kernel<(int)4, at::native::rsqrt_kernel_cuda(at::TensorIteratorBase &)::[lambda() (instance 2)]::operator ()() const::[lambda() (instance 2)]::operator ()() const::[lambda(float) (instance 1)], std::array<char *, (unsigned long)2>>(int, T2, T3)"
:BasicsTransformerLM.layers.1,PushPop,30,30,1,1,1184,1184.0,1184.0,1184,1184,0.0,"void <unnamed>::elementwise_kernel_with_index<int, at::native::arange_cuda_out(const c10::Scalar &, const c10::Scalar &, const c10::Scalar &, at::Tensor &)::[lambda() (instance 1)]::operator ()() const::[lambda() (instance 4)]::operator ()() const::[lambda(long) (instance 1)]>(T1, T2, function_traits<T2>::result_type *)"
:BasicsTransformerLM.layers.1,PushPop,30,30,1,1,1024,1024.0,1024.0,1024,1024,0.0,"void at::native::vectorized_elementwise_kernel<(int)4, at::native::FillFunctor<float>, std::array<char *, (unsigned long)1>>(int, T2, T3)"
:BasicsTransformerLM.layers.1.attn,PushPop,30,30,1,4,2040245,510061.3,508973.5,508221,514077,2734.8,cutlass3x_sm100_simt_sgemm_f32_f32_f32_f32_f32_128x64x16_1x1x1_3_tnn_align1_bias_f32_relu
:BasicsTransformerLM.layers.1.attn,PushPop,30,30,1,1,567517,567517.0,567517.0,567517,567517,0.0,cutlass3x_sm100_simt_sgemm_f32_f32_f32_f32_f32_128x128x16_1x1x1_3_tnn_align1_bias_f32_relu
:BasicsTransformerLM.layers.1.attn,PushPop,30,30,1,1,546238,546238.0,546238.0,546238,546238,0.0,cutlass3x_sm100_simt_sgemm_f32_f32_f32_f32_f32_32x64x16_1x1x1_3_nnn_align1_bias_f32_relu
:BasicsTransformerLM.layers.1.attn,PushPop,30,30,1,1,416062,416062.0,416062.0,416062,416062,0.0,"void at::native::elementwise_kernel<(int)128, (int)2, void at::native::gpu_kernel_impl_nocast<at::native::BinaryFunctor<float, float, float, at::native::binary_internal::DivFunctor<float>>>(at::TensorIteratorBase &, const T1 &)::[lambda(int) (instance 1)]>(int, T3)"
:BasicsTransformerLM.layers.1.attn,PushPop,30,30,1,1,365726,365726.0,365726.0,365726,365726,0.0,"void at::native::elementwise_kernel<(int)128, (int)2, void at::native::gpu_kernel_impl_nocast<at::native::<unnamed>::where_kernel_impl(at::TensorIterator &)::[lambda() (instance 1)]::operator ()() const::[lambda() (instance 11)]::operator ()() const::[lambda(bool, float, float) (instance 1)]>(at::TensorIteratorBase &, const T1 &)::[lambda(int) (instance 1)]>(int, T3)"
:BasicsTransformerLM.layers.1.attn,PushPop,30,30,1,1,362046,362046.0,362046.0,362046,362046,0.0,"void at::native::elementwise_kernel<(int)128, (int)2, void at::native::gpu_kernel_impl_nocast<at::native::CUDAFunctor_add<float>>(at::TensorIteratorBase &, const T1 &)::[lambda(int) (instance 1)]>(int, T3)"
:BasicsTransformerLM.layers.1.attn,PushPop,30,30,1,1,157535,157535.0,157535.0,157535,157535,0.0,"void at::native::vectorized_elementwise_kernel<(int)4, at::native::BUnaryFunctor<float, float, float, at::native::binary_internal::MulFunctor<float>>, std::array<char *, (unsigned long)2>>(int, T2, T3)"
:BasicsTransformerLM.layers.1.attn,PushPop,30,30,1,1,155199,155199.0,155199.0,155199,155199,0.0,"void at::native::vectorized_elementwise_kernel<(int)4, at::native::exp_kernel_cuda(at::TensorIteratorBase &)::[lambda() (instance 2)]::operator ()() const::[lambda() (instance 2)]::operator ()() const::[lambda(float) (instance 1)], std::array<char *, (unsigned long)2>>(int, T2, T3)"
:BasicsTransformerLM.layers.1.attn,PushPop,30,30,1,1,135328,135328.0,135328.0,135328,135328,0.0,"void at::native::reduce_kernel<(int)512, (int)1, at::native::ReduceOp<float, at::native::MaxOps<float>, unsigned int, float, (int)4, (int)4>>(T3)"
:BasicsTransformerLM.layers.1.attn,PushPop,30,30,1,1,101664,101664.0,101664.0,101664,101664,0.0,"void at::native::reduce_kernel<(int)512, (int)1, at::native::ReduceOp<float, at::native::func_wrapper_t<float, at::native::sum_functor<float, float, float>::operator ()(at::TensorIterator &)::[lambda(float, float) (instance 1)]>, unsigned int, float, (int)4, (int)4>>(T3)"
:BasicsTransformerLM.layers.1.attn,PushPop,30,30,1,8,65696,8212.0,7728.0,7392,10112,1146.3,"void at::native::elementwise_kernel<(int)128, (int)2, void at::native::gpu_kernel_impl_nocast<at::native::BinaryFunctor<float, float, float, at::native::binary_internal::MulFunctor<float>>>(at::TensorIteratorBase &, const T1 &)::[lambda(int) (instance 1)]>(int, T3)"
:BasicsTransformerLM.layers.1.attn,PushPop,30,30,1,2,54687,27343.5,27343.5,27200,27487,202.9,"void at::native::<unnamed>::CatArrayBatchedCopy<at::native::<unnamed>::OpaqueType<(unsigned int)4>, unsigned int, (int)4, (int)64, (int)64>(T1 *, at::native::<unnamed>::CatArrInputTensorMetadata<T1, T2, T4, T5>, at::native::<unnamed>::TensorSizeStride<T2, (unsigned int)4>, int, T2)"
:BasicsTransformerLM.layers.1.attn,PushPop,30,30,1,4,15520,3880.0,3872.0,3840,3936,40.3,"void at::native::vectorized_elementwise_kernel<(int)4, at::native::CUDAFunctor_add<float>, std::array<char *, (unsigned long)3>>(int, T2, T3)"
:BasicsTransformerLM.layers.1.attn,PushPop,30,30,1,1,14784,14784.0,14784.0,14784,14784,0.0,"void at::native::elementwise_kernel<(int)128, (int)2, void at::native::gpu_kernel_impl_nocast<at::native::direct_copy_kernel_cuda(at::TensorIteratorBase &)::[lambda() (instance 3)]::operator ()() const::[lambda() (instance 7)]::operator ()() const::[lambda(float) (instance 1)]>(at::TensorIteratorBase &, const T1 &)::[lambda(int) (instance 1)]>(int, T3)"
:BasicsTransformerLM.layers.1.attn,PushPop,30,30,1,1,8768,8768.0,8768.0,8768,8768,0.0,"void at::native::elementwise_kernel<(int)128, (int)4, void at::native::gpu_kernel_impl_nocast<at::native::<unnamed>::CompareFunctor<long>>(at::TensorIteratorBase &, const T1 &)::[lambda(int) (instance 1)]>(int, T3)"
:BasicsTransformerLM.layers.1.attn,PushPop,30,30,1,1,1184,1184.0,1184.0,1184,1184,0.0,"void <unnamed>::elementwise_kernel_with_index<int, at::native::arange_cuda_out(const c10::Scalar &, const c10::Scalar &, const c10::Scalar &, at::Tensor &)::[lambda() (instance 1)]::operator ()() const::[lambda() (instance 4)]::operator ()() const::[lambda(long) (instance 1)]>(T1, T2, function_traits<T2>::result_type *)"
:BasicsTransformerLM.layers.1.attn,PushPop,30,30,1,1,1024,1024.0,1024.0,1024,1024,0.0,"void at::native::vectorized_elementwise_kernel<(int)4, at::native::FillFunctor<float>, std::array<char *, (unsigned long)1>>(int, T2, T3)"
:BasicsTransformerLM.layers.1.attn.k_proj,PushPop,30,30,1,1,508445,508445.0,508445.0,508445,508445,0.0,cutlass3x_sm100_simt_sgemm_f32_f32_f32_f32_f32_128x64x16_1x1x1_3_tnn_align1_bias_f32_relu
:BasicsTransformerLM.layers.1.attn.output_proj,PushPop,30,30,1,1,514077,514077.0,514077.0,514077,514077,0.0,cutlass3x_sm100_simt_sgemm_f32_f32_f32_f32_f32_128x64x16_1x1x1_3_tnn_align1_bias_f32_relu
:BasicsTransformerLM.layers.1.attn.q_proj,PushPop,30,30,1,1,508221,508221.0,508221.0,508221,508221,0.0,cutlass3x_sm100_simt_sgemm_f32_f32_f32_f32_f32_128x64x16_1x1x1_3_tnn_align1_bias_f32_relu
:BasicsTransformerLM.layers.1.attn.v_proj,PushPop,30,30,1,1,509502,509502.0,509502.0,509502,509502,0.0,cutlass3x_sm100_simt_sgemm_f32_f32_f32_f32_f32_128x64x16_1x1x1_3_tnn_align1_bias_f32_relu
:BasicsTransformerLM.layers.1.ffn,PushPop,30,30,1,2,3823404,1911702.0,1911702.0,1911318,1912086,543.1,cutlass3x_sm100_simt_sgemm_f32_f32_f32_f32_f32_128x128x16_1x1x1_3_tnn_align1_bias_f32_relu
:BasicsTransformerLM.layers.1.ffn,PushPop,30,30,1,1,1990806,1990806.0,1990806.0,1990806,1990806,0.0,cutlass3x_sm100_simt_sgemm_f32_f32_f32_f32_f32_64x64x16_1x1x1_3_tnn_align1_bias_f32_relu
:BasicsTransformerLM.layers.1.ffn,PushPop,30,30,1,2,71200,35600.0,35600.0,33472,37728,3009.4,"void at::native::vectorized_elementwise_kernel<(int)4, at::native::BinaryFunctor<float, float, float, at::native::binary_internal::MulFunctor<float>>, std::array<char *, (unsigned long)3>>(int, T2, T3)"
:BasicsTransformerLM.layers.1.ffn,PushPop,30,30,1,1,21984,21984.0,21984.0,21984,21984,0.0,"void at::native::vectorized_elementwise_kernel<(int)4, at::native::sigmoid_kernel_cuda(at::TensorIteratorBase &)::[lambda() (instance 2)]::operator ()() const::[lambda() (instance 2)]::operator ()() const::[lambda(float) (instance 1)], std::array<char *, (unsigned long)2>>(int, T2, T3)"
:BasicsTransformerLM.layers.1.ffn.w1,PushPop,30,30,1,1,1912086,1912086.0,1912086.0,1912086,1912086,0.0,cutlass3x_sm100_simt_sgemm_f32_f32_f32_f32_f32_128x128x16_1x1x1_3_tnn_align1_bias_f32_relu
:BasicsTransformerLM.layers.1.ffn.w2,PushPop,30,30,1,1,1990806,1990806.0,1990806.0,1990806,1990806,0.0,cutlass3x_sm100_simt_sgemm_f32_f32_f32_f32_f32_64x64x16_1x1x1_3_tnn_align1_bias_f32_relu
:BasicsTransformerLM.layers.1.ffn.w3,PushPop,30,30,1,1,1911318,1911318.0,1911318.0,1911318,1911318,0.0,cutlass3x_sm100_simt_sgemm_f32_f32_f32_f32_f32_128x128x16_1x1x1_3_tnn_align1_bias_f32_relu
:BasicsTransformerLM.layers.1.ln1,PushPop,30,30,1,2,25440,12720.0,12720.0,12640,12800,113.1,"void at::native::elementwise_kernel<(int)128, (int)2, void at::native::gpu_kernel_impl_nocast<at::native::BinaryFunctor<float, float, float, at::native::binary_internal::MulFunctor<float>>>(at::TensorIteratorBase &, const T1 &)::[lambda(int) (instance 1)]>(int, T3)"
:BasicsTransformerLM.layers.1.ln1,PushPop,30,30,1,1,9280,9280.0,9280.0,9280,9280,0.0,"void at::native::reduce_kernel<(int)512, (int)1, at::native::ReduceOp<float, at::native::MeanOps<float, float, float, float>, unsigned int, float, (int)4, (int)4>>(T3)"
:BasicsTransformerLM.layers.1.ln1,PushPop,30,30,1,1,5120,5120.0,5120.0,5120,5120,0.0,"void at::native::vectorized_elementwise_kernel<(int)4, void at::native::<unnamed>::pow_tensor_scalar_kernel_impl<float, float>(at::TensorIteratorBase &, T2)::[lambda(float) (instance 1)], std::array<char *, (unsigned long)2>>(int, T2, T3)"
:BasicsTransformerLM.layers.1.ln1,PushPop,30,30,1,1,1568,1568.0,1568.0,1568,1568,0.0,"void at::native::vectorized_elementwise_kernel<(int)4, at::native::CUDAFunctorOnSelf_add<float>, std::array<char *, (unsigned long)2>>(int, T2, T3)"
:BasicsTransformerLM.layers.1.ln1,PushPop,30,30,1,1,1440,1440.0,1440.0,1440,1440,0.0,"void at::native::vectorized_elementwise_kernel<(int)4, at::native::rsqrt_kernel_cuda(at::TensorIteratorBase &)::[lambda() (instance 2)]::operator ()() const::[lambda() (instance 2)]::operator ()() const::[lambda(float) (instance 1)], std::array<char *, (unsigned long)2>>(int, T2, T3)"
:BasicsTransformerLM.layers.1.ln2,PushPop,30,30,1,2,25344,12672.0,12672.0,12576,12768,135.8,"void at::native::elementwise_kernel<(int)128, (int)2, void at::native::gpu_kernel_impl_nocast<at::native::BinaryFunctor<float, float, float, at::native::binary_internal::MulFunctor<float>>>(at::TensorIteratorBase &, const T1 &)::[lambda(int) (instance 1)]>(int, T3)"
:BasicsTransformerLM.layers.1.ln2,PushPop,30,30,1,1,9152,9152.0,9152.0,9152,9152,0.0,"void at::native::reduce_kernel<(int)512, (int)1, at::native::ReduceOp<float, at::native::MeanOps<float, float, float, float>, unsigned int, float, (int)4, (int)4>>(T3)"
:BasicsTransformerLM.layers.1.ln2,PushPop,30,30,1,1,5216,5216.0,5216.0,5216,5216,0.0,"void at::native::vectorized_elementwise_kernel<(int)4, void at::native::<unnamed>::pow_tensor_scalar_kernel_impl<float, float>(at::TensorIteratorBase &, T2)::[lambda(float) (instance 1)], std::array<char *, (unsigned long)2>>(int, T2, T3)"
:BasicsTransformerLM.layers.1.ln2,PushPop,30,30,1,1,1632,1632.0,1632.0,1632,1632,0.0,"void at::native::vectorized_elementwise_kernel<(int)4, at::native::rsqrt_kernel_cuda(at::TensorIteratorBase &)::[lambda() (instance 2)]::operator ()() const::[lambda() (instance 2)]::operator ()() const::[lambda(float) (instance 1)], std::array<char *, (unsigned long)2>>(int, T2, T3)"
:BasicsTransformerLM.layers.1.ln2,PushPop,30,30,1,1,1568,1568.0,1568.0,1568,1568,0.0,"void at::native::vectorized_elementwise_kernel<(int)4, at::native::CUDAFunctorOnSelf_add<float>, std::array<char *, (unsigned long)2>>(int, T2, T3)"
:BasicsTransformerLM.layers.10,PushPop,30,30,1,3,4390089,1463363.0,1911126.0,566749,1912214,776490.7,cutlass3x_sm100_simt_sgemm_f32_f32_f32_f32_f32_128x128x16_1x1x1_3_tnn_align1_bias_f32_relu
:BasicsTransformerLM.layers.10,PushPop,30,30,1,4,2038389,509597.3,508733.5,507197,513725,2876.2,cutlass3x_sm100_simt_sgemm_f32_f32_f32_f32_f32_128x64x16_1x1x1_3_tnn_align1_bias_f32_relu
:BasicsTransformerLM.layers.10,PushPop,30,30,1,1,1988182,1988182.0,1988182.0,1988182,1988182,0.0,cutlass3x_sm100_simt_sgemm_f32_f32_f32_f32_f32_64x64x16_1x1x1_3_tnn_align1_bias_f32_relu
:BasicsTransformerLM.layers.10,PushPop,30,30,1,1,545149,545149.0,545149.0,545149,545149,0.0,cutlass3x_sm100_simt_sgemm_f32_f32_f32_f32_f32_32x64x16_1x1x1_3_nnn_align1_bias_f32_relu
:BasicsTransformerLM.layers.10,PushPop,30,30,1,1,416222,416222.0,416222.0,416222,416222,0.0,"void at::native::elementwise_kernel<(int)128, (int)2, void at::native::gpu_kernel_impl_nocast<at::native::BinaryFunctor<float, float, float, at::native::binary_internal::DivFunctor<float>>>(at::TensorIteratorBase &, const T1 &)::[lambda(int) (instance 1)]>(int, T3)"
:BasicsTransformerLM.layers.10,PushPop,30,30,1,1,365694,365694.0,365694.0,365694,365694,0.0,"void at::native::elementwise_kernel<(int)128, (int)2, void at::native::gpu_kernel_impl_nocast<at::native::<unnamed>::where_kernel_impl(at::TensorIterator &)::[lambda() (instance 1)]::operator ()() const::[lambda() (instance 11)]::operator ()() const::[lambda(bool, float, float) (instance 1)]>(at::TensorIteratorBase &, const T1 &)::[lambda(int) (instance 1)]>(int, T3)"
:BasicsTransformerLM.layers.10,PushPop,30,30,1,1,360542,360542.0,360542.0,360542,360542,0.0,"void at::native::elementwise_kernel<(int)128, (int)2, void at::native::gpu_kernel_impl_nocast<at::native::CUDAFunctor_add<float>>(at::TensorIteratorBase &, const T1 &)::[lambda(int) (instance 1)]>(int, T3)"
:BasicsTransformerLM.layers.10,PushPop,30,30,1,1,156320,156320.0,156320.0,156320,156320,0.0,"void at::native::vectorized_elementwise_kernel<(int)4, at::native::BUnaryFunctor<float, float, float, at::native::binary_internal::MulFunctor<float>>, std::array<char *, (unsigned long)2>>(int, T2, T3)"
:BasicsTransformerLM.layers.10,PushPop,30,30,1,1,154847,154847.0,154847.0,154847,154847,0.0,"void at::native::vectorized_elementwise_kernel<(int)4, at::native::exp_kernel_cuda(at::TensorIteratorBase &)::[lambda() (instance 2)]::operator ()() const::[lambda() (instance 2)]::operator ()() const::[lambda(float) (instance 1)], std::array<char *, (unsigned long)2>>(int, T2, T3)"
:BasicsTransformerLM.layers.10,PushPop,30,30,1,1,135743,135743.0,135743.0,135743,135743,0.0,"void at::native::reduce_kernel<(int)512, (int)1, at::native::ReduceOp<float, at::native::MaxOps<float>, unsigned int, float, (int)4, (int)4>>(T3)"
:BasicsTransformerLM.layers.10,PushPop,30,30,1,12,116416,9701.3,8784.0,7392,12736,2401.6,"void at::native::elementwise_kernel<(int)128, (int)2, void at::native::gpu_kernel_impl_nocast<at::native::BinaryFunctor<float, float, float, at::native::binary_internal::MulFunctor<float>>>(at::TensorIteratorBase &, const T1 &)::[lambda(int) (instance 1)]>(int, T3)"
:BasicsTransformerLM.layers.10,PushPop,30,30,1,1,102016,102016.0,102016.0,102016,102016,0.0,"void at::native::reduce_kernel<(int)512, (int)1, at::native::ReduceOp<float, at::native::func_wrapper_t<float, at::native::sum_functor<float, float, float>::operator ()(at::TensorIterator &)::[lambda(float, float) (instance 1)]>, unsigned int, float, (int)4, (int)4>>(T3)"
:BasicsTransformerLM.layers.10,PushPop,30,30,1,2,71328,35664.0,35664.0,33312,38016,3326.2,"void at::native::vectorized_elementwise_kernel<(int)4, at::native::BinaryFunctor<float, float, float, at::native::binary_internal::MulFunctor<float>>, std::array<char *, (unsigned long)3>>(int, T2, T3)"
:BasicsTransformerLM.layers.10,PushPop,30,30,1,2,54944,27472.0,27472.0,27424,27520,67.9,"void at::native::<unnamed>::CatArrayBatchedCopy<at::native::<unnamed>::OpaqueType<(unsigned int)4>, unsigned int, (int)4, (int)64, (int)64>(T1 *, at::native::<unnamed>::CatArrInputTensorMetadata<T1, T2, T4, T5>, at::native::<unnamed>::TensorSizeStride<T2, (unsigned int)4>, int, T2)"
:BasicsTransformerLM.layers.10,PushPop,30,30,1,6,31679,5279.8,3920.0,3775,8576,2225.3,"void at::native::vectorized_elementwise_kernel<(int)4, at::native::CUDAFunctor_add<float>, std::array<char *, (unsigned long)3>>(int, T2, T3)"
:BasicsTransformerLM.layers.10,PushPop,30,30,1,1,21952,21952.0,21952.0,21952,21952,0.0,"void at::native::vectorized_elementwise_kernel<(int)4, at::native::sigmoid_kernel_cuda(at::TensorIteratorBase &)::[lambda() (instance 2)]::operator ()() const::[lambda() (instance 2)]::operator ()() const::[lambda(float) (instance 1)], std::array<char *, (unsigned long)2>>(int, T2, T3)"
:BasicsTransformerLM.layers.10,PushPop,30,30,1,2,18400,9200.0,9200.0,9152,9248,67.9,"void at::native::reduce_kernel<(int)512, (int)1, at::native::ReduceOp<float, at::native::MeanOps<float, float, float, float>, unsigned int, float, (int)4, (int)4>>(T3)"
:BasicsTransformerLM.layers.10,PushPop,30,30,1,1,14656,14656.0,14656.0,14656,14656,0.0,"void at::native::elementwise_kernel<(int)128, (int)2, void at::native::gpu_kernel_impl_nocast<at::native::direct_copy_kernel_cuda(at::TensorIteratorBase &)::[lambda() (instance 3)]::operator ()() const::[lambda() (instance 7)]::operator ()() const::[lambda(float) (instance 1)]>(at::TensorIteratorBase &, const T1 &)::[lambda(int) (instance 1)]>(int, T3)"
:BasicsTransformerLM.layers.10,PushPop,30,30,1,2,10336,5168.0,5168.0,5152,5184,22.6,"void at::native::vectorized_elementwise_kernel<(int)4, void at::native::<unnamed>::pow_tensor_scalar_kernel_impl<float, float>(at::TensorIteratorBase &, T2)::[lambda(float) (instance 1)], std::array<char *, (unsigned long)2>>(int, T2, T3)"
:BasicsTransformerLM.layers.10,PushPop,30,30,1,1,8896,8896.0,8896.0,8896,8896,0.0,"void at::native::elementwise_kernel<(int)128, (int)4, void at::native::gpu_kernel_impl_nocast<at::native::<unnamed>::CompareFunctor<long>>(at::TensorIteratorBase &, const T1 &)::[lambda(int) (instance 1)]>(int, T3)"
:BasicsTransformerLM.layers.10,PushPop,30,30,1,2,3232,1616.0,1616.0,1568,1664,67.9,"void at::native::vectorized_elementwise_kernel<(int)4, at::native::CUDAFunctorOnSelf_add<float>, std::array<char *, (unsigned long)2>>(int, T2, T3)"
:BasicsTransformerLM.layers.10,PushPop,30,30,1,2,2912,1456.0,1456.0,1440,1472,22.6,"void at::native::vectorized_elementwise_kernel<(int)4, at::native::rsqrt_kernel_cuda(at::TensorIteratorBase &)::[lambda() (instance 2)]::operator ()() const::[lambda() (instance 2)]::operator ()() const::[lambda(float) (instance 1)], std::array<char *, (unsigned long)2>>(int, T2, T3)"
:BasicsTransformerLM.layers.10,PushPop,30,30,1,1,1184,1184.0,1184.0,1184,1184,0.0,"void <unnamed>::elementwise_kernel_with_index<int, at::native::arange_cuda_out(const c10::Scalar &, const c10::Scalar &, const c10::Scalar &, at::Tensor &)::[lambda() (instance 1)]::operator ()() const::[lambda() (instance 4)]::operator ()() const::[lambda(long) (instance 1)]>(T1, T2, function_traits<T2>::result_type *)"
:BasicsTransformerLM.layers.10,PushPop,30,30,1,1,1024,1024.0,1024.0,1024,1024,0.0,"void at::native::vectorized_elementwise_kernel<(int)4, at::native::FillFunctor<float>, std::array<char *, (unsigned long)1>>(int, T2, T3)"
:BasicsTransformerLM.layers.10.attn,PushPop,30,30,1,4,2038389,509597.3,508733.5,507197,513725,2876.2,cutlass3x_sm100_simt_sgemm_f32_f32_f32_f32_f32_128x64x16_1x1x1_3_tnn_align1_bias_f32_relu
:BasicsTransformerLM.layers.10.attn,PushPop,30,30,1,1,566749,566749.0,566749.0,566749,566749,0.0,cutlass3x_sm100_simt_sgemm_f32_f32_f32_f32_f32_128x128x16_1x1x1_3_tnn_align1_bias_f32_relu
:BasicsTransformerLM.layers.10.attn,PushPop,30,30,1,1,545149,545149.0,545149.0,545149,545149,0.0,cutlass3x_sm100_simt_sgemm_f32_f32_f32_f32_f32_32x64x16_1x1x1_3_nnn_align1_bias_f32_relu
:BasicsTransformerLM.layers.10.attn,PushPop,30,30,1,1,416222,416222.0,416222.0,416222,416222,0.0,"void at::native::elementwise_kernel<(int)128, (int)2, void at::native::gpu_kernel_impl_nocast<at::native::BinaryFunctor<float, float, float, at::native::binary_internal::DivFunctor<float>>>(at::TensorIteratorBase &, const T1 &)::[lambda(int) (instance 1)]>(int, T3)"
:BasicsTransformerLM.layers.10.attn,PushPop,30,30,1,1,365694,365694.0,365694.0,365694,365694,0.0,"void at::native::elementwise_kernel<(int)128, (int)2, void at::native::gpu_kernel_impl_nocast<at::native::<unnamed>::where_kernel_impl(at::TensorIterator &)::[lambda() (instance 1)]::operator ()() const::[lambda() (instance 11)]::operator ()() const::[lambda(bool, float, float) (instance 1)]>(at::TensorIteratorBase &, const T1 &)::[lambda(int) (instance 1)]>(int, T3)"
:BasicsTransformerLM.layers.10.attn,PushPop,30,30,1,1,360542,360542.0,360542.0,360542,360542,0.0,"void at::native::elementwise_kernel<(int)128, (int)2, void at::native::gpu_kernel_impl_nocast<at::native::CUDAFunctor_add<float>>(at::TensorIteratorBase &, const T1 &)::[lambda(int) (instance 1)]>(int, T3)"
:BasicsTransformerLM.layers.10.attn,PushPop,30,30,1,1,156320,156320.0,156320.0,156320,156320,0.0,"void at::native::vectorized_elementwise_kernel<(int)4, at::native::BUnaryFunctor<float, float, float, at::native::binary_internal::MulFunctor<float>>, std::array<char *, (unsigned long)2>>(int, T2, T3)"
:BasicsTransformerLM.layers.10.attn,PushPop,30,30,1,1,154847,154847.0,154847.0,154847,154847,0.0,"void at::native::vectorized_elementwise_kernel<(int)4, at::native::exp_kernel_cuda(at::TensorIteratorBase &)::[lambda() (instance 2)]::operator ()() const::[lambda() (instance 2)]::operator ()() const::[lambda(float) (instance 1)], std::array<char *, (unsigned long)2>>(int, T2, T3)"
:BasicsTransformerLM.layers.10.attn,PushPop,30,30,1,1,135743,135743.0,135743.0,135743,135743,0.0,"void at::native::reduce_kernel<(int)512, (int)1, at::native::ReduceOp<float, at::native::MaxOps<float>, unsigned int, float, (int)4, (int)4>>(T3)"
:BasicsTransformerLM.layers.10.attn,PushPop,30,30,1,1,102016,102016.0,102016.0,102016,102016,0.0,"void at::native::reduce_kernel<(int)512, (int)1, at::native::ReduceOp<float, at::native::func_wrapper_t<float, at::native::sum_functor<float, float, float>::operator ()(at::TensorIterator &)::[lambda(float, float) (instance 1)]>, unsigned int, float, (int)4, (int)4>>(T3)"
:BasicsTransformerLM.layers.10.attn,PushPop,30,30,1,8,65664,8208.0,7632.0,7392,10400,1190.2,"void at::native::elementwise_kernel<(int)128, (int)2, void at::native::gpu_kernel_impl_nocast<at::native::BinaryFunctor<float, float, float, at::native::binary_internal::MulFunctor<float>>>(at::TensorIteratorBase &, const T1 &)::[lambda(int) (instance 1)]>(int, T3)"
:BasicsTransformerLM.layers.10.attn,PushPop,30,30,1,2,54944,27472.0,27472.0,27424,27520,67.9,"void at::native::<unnamed>::CatArrayBatchedCopy<at::native::<unnamed>::OpaqueType<(unsigned int)4>, unsigned int, (int)4, (int)64, (int)64>(T1 *, at::native::<unnamed>::CatArrInputTensorMetadata<T1, T2, T4, T5>, at::native::<unnamed>::TensorSizeStride<T2, (unsigned int)4>, int, T2)"
:BasicsTransformerLM.layers.10.attn,PushPop,30,30,1,4,15423,3855.8,3840.0,3775,3968,85.0,"void at::native::vectorized_elementwise_kernel<(int)4, at::native::CUDAFunctor_add<float>, std::array<char *, (unsigned long)3>>(int, T2, T3)"
:BasicsTransformerLM.layers.10.attn,PushPop,30,30,1,1,14656,14656.0,14656.0,14656,14656,0.0,"void at::native::elementwise_kernel<(int)128, (int)2, void at::native::gpu_kernel_impl_nocast<at::native::direct_copy_kernel_cuda(at::TensorIteratorBase &)::[lambda() (instance 3)]::operator ()() const::[lambda() (instance 7)]::operator ()() const::[lambda(float) (instance 1)]>(at::TensorIteratorBase &, const T1 &)::[lambda(int) (instance 1)]>(int, T3)"
:BasicsTransformerLM.layers.10.attn,PushPop,30,30,1,1,8896,8896.0,8896.0,8896,8896,0.0,"void at::native::elementwise_kernel<(int)128, (int)4, void at::native::gpu_kernel_impl_nocast<at::native::<unnamed>::CompareFunctor<long>>(at::TensorIteratorBase &, const T1 &)::[lambda(int) (instance 1)]>(int, T3)"
:BasicsTransformerLM.layers.10.attn,PushPop,30,30,1,1,1184,1184.0,1184.0,1184,1184,0.0,"void <unnamed>::elementwise_kernel_with_index<int, at::native::arange_cuda_out(const c10::Scalar &, const c10::Scalar &, const c10::Scalar &, at::Tensor &)::[lambda() (instance 1)]::operator ()() const::[lambda() (instance 4)]::operator ()() const::[lambda(long) (instance 1)]>(T1, T2, function_traits<T2>::result_type *)"
:BasicsTransformerLM.layers.10.attn,PushPop,30,30,1,1,1024,1024.0,1024.0,1024,1024,0.0,"void at::native::vectorized_elementwise_kernel<(int)4, at::native::FillFunctor<float>, std::array<char *, (unsigned long)1>>(int, T2, T3)"
:BasicsTransformerLM.layers.10.attn.k_proj,PushPop,30,30,1,1,509246,509246.0,509246.0,509246,509246,0.0,cutlass3x_sm100_simt_sgemm_f32_f32_f32_f32_f32_128x64x16_1x1x1_3_tnn_align1_bias_f32_relu
:BasicsTransformerLM.layers.10.attn.output_proj,PushPop,30,30,1,1,513725,513725.0,513725.0,513725,513725,0.0,cutlass3x_sm100_simt_sgemm_f32_f32_f32_f32_f32_128x64x16_1x1x1_3_tnn_align1_bias_f32_relu
:BasicsTransformerLM.layers.10.attn.q_proj,PushPop,30,30,1,1,507197,507197.0,507197.0,507197,507197,0.0,cutlass3x_sm100_simt_sgemm_f32_f32_f32_f32_f32_128x64x16_1x1x1_3_tnn_align1_bias_f32_relu
:BasicsTransformerLM.layers.10.attn.v_proj,PushPop,30,30,1,1,508221,508221.0,508221.0,508221,508221,0.0,cutlass3x_sm100_simt_sgemm_f32_f32_f32_f32_f32_128x64x16_1x1x1_3_tnn_align1_bias_f32_relu
:BasicsTransformerLM.layers.10.ffn,PushPop,30,30,1,2,3823340,1911670.0,1911670.0,1911126,1912214,769.3,cutlass3x_sm100_simt_sgemm_f32_f32_f32_f32_f32_128x128x16_1x1x1_3_tnn_align1_bias_f32_relu
:BasicsTransformerLM.layers.10.ffn,PushPop,30,30,1,1,1988182,1988182.0,1988182.0,1988182,1988182,0.0,cutlass3x_sm100_simt_sgemm_f32_f32_f32_f32_f32_64x64x16_1x1x1_3_tnn_align1_bias_f32_relu
:BasicsTransformerLM.layers.10.ffn,PushPop,30,30,1,2,71328,35664.0,35664.0,33312,38016,3326.2,"void at::native::vectorized_elementwise_kernel<(int)4, at::native::BinaryFunctor<float, float, float, at::native::binary_internal::MulFunctor<float>>, std::array<char *, (unsigned long)3>>(int, T2, T3)"
:BasicsTransformerLM.layers.10.ffn,PushPop,30,30,1,1,21952,21952.0,21952.0,21952,21952,0.0,"void at::native::vectorized_elementwise_kernel<(int)4, at::native::sigmoid_kernel_cuda(at::TensorIteratorBase &)::[lambda() (instance 2)]::operator ()() const::[lambda() (instance 2)]::operator ()() const::[lambda(float) (instance 1)], std::array<char *, (unsigned long)2>>(int, T2, T3)"
:BasicsTransformerLM.layers.10.ffn.w1,PushPop,30,30,1,1,1912214,1912214.0,1912214.0,1912214,1912214,0.0,cutlass3x_sm100_simt_sgemm_f32_f32_f32_f32_f32_128x128x16_1x1x1_3_tnn_align1_bias_f32_relu
:BasicsTransformerLM.layers.10.ffn.w2,PushPop,30,30,1,1,1988182,1988182.0,1988182.0,1988182,1988182,0.0,cutlass3x_sm100_simt_sgemm_f32_f32_f32_f32_f32_64x64x16_1x1x1_3_tnn_align1_bias_f32_relu
:BasicsTransformerLM.layers.10.ffn.w3,PushPop,30,30,1,1,1911126,1911126.0,1911126.0,1911126,1911126,0.0,cutlass3x_sm100_simt_sgemm_f32_f32_f32_f32_f32_128x128x16_1x1x1_3_tnn_align1_bias_f32_relu
:BasicsTransformerLM.layers.10.ln1,PushPop,30,30,1,2,25280,12640.0,12640.0,12640,12640,0.0,"void at::native::elementwise_kernel<(int)128, (int)2, void at::native::gpu_kernel_impl_nocast<at::native::BinaryFunctor<float, float, float, at::native::binary_internal::MulFunctor<float>>>(at::TensorIteratorBase &, const T1 &)::[lambda(int) (instance 1)]>(int, T3)"
:BasicsTransformerLM.layers.10.ln1,PushPop,30,30,1,1,9152,9152.0,9152.0,9152,9152,0.0,"void at::native::reduce_kernel<(int)512, (int)1, at::native::ReduceOp<float, at::native::MeanOps<float, float, float, float>, unsigned int, float, (int)4, (int)4>>(T3)"
:BasicsTransformerLM.layers.10.ln1,PushPop,30,30,1,1,5152,5152.0,5152.0,5152,5152,0.0,"void at::native::vectorized_elementwise_kernel<(int)4, void at::native::<unnamed>::pow_tensor_scalar_kernel_impl<float, float>(at::TensorIteratorBase &, T2)::[lambda(float) (instance 1)], std::array<char *, (unsigned long)2>>(int, T2, T3)"
:BasicsTransformerLM.layers.10.ln1,PushPop,30,30,1,1,1568,1568.0,1568.0,1568,1568,0.0,"void at::native::vectorized_elementwise_kernel<(int)4, at::native::CUDAFunctorOnSelf_add<float>, std::array<char *, (unsigned long)2>>(int, T2, T3)"
:BasicsTransformerLM.layers.10.ln1,PushPop,30,30,1,1,1472,1472.0,1472.0,1472,1472,0.0,"void at::native::vectorized_elementwise_kernel<(int)4, at::native::rsqrt_kernel_cuda(at::TensorIteratorBase &)::[lambda() (instance 2)]::operator ()() const::[lambda() (instance 2)]::operator ()() const::[lambda(float) (instance 1)], std::array<char *, (unsigned long)2>>(int, T2, T3)"
:BasicsTransformerLM.layers.10.ln2,PushPop,30,30,1,2,25472,12736.0,12736.0,12736,12736,0.0,"void at::native::elementwise_kernel<(int)128, (int)2, void at::native::gpu_kernel_impl_nocast<at::native::BinaryFunctor<float, float, float, at::native::binary_internal::MulFunctor<float>>>(at::TensorIteratorBase &, const T1 &)::[lambda(int) (instance 1)]>(int, T3)"
:BasicsTransformerLM.layers.10.ln2,PushPop,30,30,1,1,9248,9248.0,9248.0,9248,9248,0.0,"void at::native::reduce_kernel<(int)512, (int)1, at::native::ReduceOp<float, at::native::MeanOps<float, float, float, float>, unsigned int, float, (int)4, (int)4>>(T3)"
:BasicsTransformerLM.layers.10.ln2,PushPop,30,30,1,1,5184,5184.0,5184.0,5184,5184,0.0,"void at::native::vectorized_elementwise_kernel<(int)4, void at::native::<unnamed>::pow_tensor_scalar_kernel_impl<float, float>(at::TensorIteratorBase &, T2)::[lambda(float) (instance 1)], std::array<char *, (unsigned long)2>>(int, T2, T3)"
:BasicsTransformerLM.layers.10.ln2,PushPop,30,30,1,1,1664,1664.0,1664.0,1664,1664,0.0,"void at::native::vectorized_elementwise_kernel<(int)4, at::native::CUDAFunctorOnSelf_add<float>, std::array<char *, (unsigned long)2>>(int, T2, T3)"
:BasicsTransformerLM.layers.10.ln2,PushPop,30,30,1,1,1440,1440.0,1440.0,1440,1440,0.0,"void at::native::vectorized_elementwise_kernel<(int)4, at::native::rsqrt_kernel_cuda(at::TensorIteratorBase &)::[lambda() (instance 2)]::operator ()() const::[lambda() (instance 2)]::operator ()() const::[lambda(float) (instance 1)], std::array<char *, (unsigned long)2>>(int, T2, T3)"
:BasicsTransformerLM.layers.11,PushPop,30,30,1,3,4394057,1464685.7,1912790.0,566269,1914998,778052.4,cutlass3x_sm100_simt_sgemm_f32_f32_f32_f32_f32_128x128x16_1x1x1_3_tnn_align1_bias_f32_relu
:BasicsTransformerLM.layers.11,PushPop,30,30,1,4,2133877,533469.3,508861.5,508125,608029,49707.9,cutlass3x_sm100_simt_sgemm_f32_f32_f32_f32_f32_128x64x16_1x1x1_3_tnn_align1_bias_f32_relu
:BasicsTransformerLM.layers.11,PushPop,30,30,1,1,1990774,1990774.0,1990774.0,1990774,1990774,0.0,cutlass3x_sm100_simt_sgemm_f32_f32_f32_f32_f32_64x64x16_1x1x1_3_tnn_align1_bias_f32_relu
:BasicsTransformerLM.layers.11,PushPop,30,30,1,1,545405,545405.0,545405.0,545405,545405,0.0,cutlass3x_sm100_simt_sgemm_f32_f32_f32_f32_f32_32x64x16_1x1x1_3_nnn_align1_bias_f32_relu
:BasicsTransformerLM.layers.11,PushPop,30,30,1,1,416382,416382.0,416382.0,416382,416382,0.0,"void at::native::elementwise_kernel<(int)128, (int)2, void at::native::gpu_kernel_impl_nocast<at::native::BinaryFunctor<float, float, float, at::native::binary_internal::DivFunctor<float>>>(at::TensorIteratorBase &, const T1 &)::[lambda(int) (instance 1)]>(int, T3)"
:BasicsTransformerLM.layers.11,PushPop,30,30,1,1,365214,365214.0,365214.0,365214,365214,0.0,"void at::native::elementwise_kernel<(int)128, (int)2, void at::native::gpu_kernel_impl_nocast<at::native::<unnamed>::where_kernel_impl(at::TensorIterator &)::[lambda() (instance 1)]::operator ()() const::[lambda() (instance 11)]::operator ()() const::[lambda(bool, float, float) (instance 1)]>(at::TensorIteratorBase &, const T1 &)::[lambda(int) (instance 1)]>(int, T3)"
:BasicsTransformerLM.layers.11,PushPop,30,30,1,1,360926,360926.0,360926.0,360926,360926,0.0,"void at::native::elementwise_kernel<(int)128, (int)2, void at::native::gpu_kernel_impl_nocast<at::native::CUDAFunctor_add<float>>(at::TensorIteratorBase &, const T1 &)::[lambda(int) (instance 1)]>(int, T3)"
:BasicsTransformerLM.layers.11,PushPop,30,30,1,1,156640,156640.0,156640.0,156640,156640,0.0,"void at::native::vectorized_elementwise_kernel<(int)4, at::native::BUnaryFunctor<float, float, float, at::native::binary_internal::MulFunctor<float>>, std::array<char *, (unsigned long)2>>(int, T2, T3)"
:BasicsTransformerLM.layers.11,PushPop,30,30,1,1,154623,154623.0,154623.0,154623,154623,0.0,"void at::native::vectorized_elementwise_kernel<(int)4, at::native::exp_kernel_cuda(at::TensorIteratorBase &)::[lambda() (instance 2)]::operator ()() const::[lambda() (instance 2)]::operator ()() const::[lambda(float) (instance 1)], std::array<char *, (unsigned long)2>>(int, T2, T3)"
:BasicsTransformerLM.layers.11,PushPop,30,30,1,1,135167,135167.0,135167.0,135167,135167,0.0,"void at::native::reduce_kernel<(int)512, (int)1, at::native::ReduceOp<float, at::native::MaxOps<float>, unsigned int, float, (int)4, (int)4>>(T3)"
:BasicsTransformerLM.layers.11,PushPop,30,30,1,12,116640,9720.0,8864.0,7392,12768,2394.9,"void at::native::elementwise_kernel<(int)128, (int)2, void at::native::gpu_kernel_impl_nocast<at::native::BinaryFunctor<float, float, float, at::native::binary_internal::MulFunctor<float>>>(at::TensorIteratorBase &, const T1 &)::[lambda(int) (instance 1)]>(int, T3)"
:BasicsTransformerLM.layers.11,PushPop,30,30,1,1,102048,102048.0,102048.0,102048,102048,0.0,"void at::native::reduce_kernel<(int)512, (int)1, at::native::ReduceOp<float, at::native::func_wrapper_t<float, at::native::sum_functor<float, float, float>::operator ()(at::TensorIterator &)::[lambda(float, float) (instance 1)]>, unsigned int, float, (int)4, (int)4>>(T3)"
:BasicsTransformerLM.layers.11,PushPop,30,30,1,2,70752,35376.0,35376.0,32832,37920,3597.8,"void at::native::vectorized_elementwise_kernel<(int)4, at::native::BinaryFunctor<float, float, float, at::native::binary_internal::MulFunctor<float>>, std::array<char *, (unsigned long)3>>(int, T2, T3)"
:BasicsTransformerLM.layers.11,PushPop,30,30,1,2,55039,27519.5,27519.5,27455,27584,91.2,"void at::native::<unnamed>::CatArrayBatchedCopy<at::native::<unnamed>::OpaqueType<(unsigned int)4>, unsigned int, (int)4, (int)64, (int)64>(T1 *, at::native::<unnamed>::CatArrInputTensorMetadata<T1, T2, T4, T5>, at::native::<unnamed>::TensorSizeStride<T2, (unsigned int)4>, int, T2)"
:BasicsTransformerLM.layers.11,PushPop,30,30,1,6,32256,5376.0,4096.0,3904,8672,2151.0,"void at::native::vectorized_elementwise_kernel<(int)4, at::native::CUDAFunctor_add<float>, std::array<char *, (unsigned long)3>>(int, T2, T3)"
:BasicsTransformerLM.layers.11,PushPop,30,30,1,1,21696,21696.0,21696.0,21696,21696,0.0,"void at::native::vectorized_elementwise_kernel<(int)4, at::native::sigmoid_kernel_cuda(at::TensorIteratorBase &)::[lambda() (instance 2)]::operator ()() const::[lambda() (instance 2)]::operator ()() const::[lambda(float) (instance 1)], std::array<char *, (unsigned long)2>>(int, T2, T3)"
:BasicsTransformerLM.layers.11,PushPop,30,30,1,2,18272,9136.0,9136.0,9120,9152,22.6,"void at::native::reduce_kernel<(int)512, (int)1, at::native::ReduceOp<float, at::native::MeanOps<float, float, float, float>, unsigned int, float, (int)4, (int)4>>(T3)"
:BasicsTransformerLM.layers.11,PushPop,30,30,1,1,14848,14848.0,14848.0,14848,14848,0.0,"void at::native::elementwise_kernel<(int)128, (int)2, void at::native::gpu_kernel_impl_nocast<at::native::direct_copy_kernel_cuda(at::TensorIteratorBase &)::[lambda() (instance 3)]::operator ()() const::[lambda() (instance 7)]::operator ()() const::[lambda(float) (instance 1)]>(at::TensorIteratorBase &, const T1 &)::[lambda(int) (instance 1)]>(int, T3)"
:BasicsTransformerLM.layers.11,PushPop,30,30,1,2,10368,5184.0,5184.0,5120,5248,90.5,"void at::native::vectorized_elementwise_kernel<(int)4, void at::native::<unnamed>::pow_tensor_scalar_kernel_impl<float, float>(at::TensorIteratorBase &, T2)::[lambda(float) (instance 1)], std::array<char *, (unsigned long)2>>(int, T2, T3)"
:BasicsTransformerLM.layers.11,PushPop,30,30,1,1,8672,8672.0,8672.0,8672,8672,0.0,"void at::native::elementwise_kernel<(int)128, (int)4, void at::native::gpu_kernel_impl_nocast<at::native::<unnamed>::CompareFunctor<long>>(at::TensorIteratorBase &, const T1 &)::[lambda(int) (instance 1)]>(int, T3)"
:BasicsTransformerLM.layers.11,PushPop,30,30,1,2,3200,1600.0,1600.0,1504,1696,135.8,"void at::native::vectorized_elementwise_kernel<(int)4, at::native::rsqrt_kernel_cuda(at::TensorIteratorBase &)::[lambda() (instance 2)]::operator ()() const::[lambda() (instance 2)]::operator ()() const::[lambda(float) (instance 1)], std::array<char *, (unsigned long)2>>(int, T2, T3)"
:BasicsTransformerLM.layers.11,PushPop,30,30,1,2,3136,1568.0,1568.0,1568,1568,0.0,"void at::native::vectorized_elementwise_kernel<(int)4, at::native::CUDAFunctorOnSelf_add<float>, std::array<char *, (unsigned long)2>>(int, T2, T3)"
:BasicsTransformerLM.layers.11,PushPop,30,30,1,1,1184,1184.0,1184.0,1184,1184,0.0,"void <unnamed>::elementwise_kernel_with_index<int, at::native::arange_cuda_out(const c10::Scalar &, const c10::Scalar &, const c10::Scalar &, at::Tensor &)::[lambda() (instance 1)]::operator ()() const::[lambda() (instance 4)]::operator ()() const::[lambda(long) (instance 1)]>(T1, T2, function_traits<T2>::result_type *)"
:BasicsTransformerLM.layers.11,PushPop,30,30,1,1,1024,1024.0,1024.0,1024,1024,0.0,"void at::native::vectorized_elementwise_kernel<(int)4, at::native::FillFunctor<float>, std::array<char *, (unsigned long)1>>(int, T2, T3)"
:BasicsTransformerLM.layers.11.attn,PushPop,30,30,1,4,2133877,533469.3,508861.5,508125,608029,49707.9,cutlass3x_sm100_simt_sgemm_f32_f32_f32_f32_f32_128x64x16_1x1x1_3_tnn_align1_bias_f32_relu
:BasicsTransformerLM.layers.11.attn,PushPop,30,30,1,1,566269,566269.0,566269.0,566269,566269,0.0,cutlass3x_sm100_simt_sgemm_f32_f32_f32_f32_f32_128x128x16_1x1x1_3_tnn_align1_bias_f32_relu
:BasicsTransformerLM.layers.11.attn,PushPop,30,30,1,1,545405,545405.0,545405.0,545405,545405,0.0,cutlass3x_sm100_simt_sgemm_f32_f32_f32_f32_f32_32x64x16_1x1x1_3_nnn_align1_bias_f32_relu
:BasicsTransformerLM.layers.11.attn,PushPop,30,30,1,1,416382,416382.0,416382.0,416382,416382,0.0,"void at::native::elementwise_kernel<(int)128, (int)2, void at::native::gpu_kernel_impl_nocast<at::native::BinaryFunctor<float, float, float, at::native::binary_internal::DivFunctor<float>>>(at::TensorIteratorBase &, const T1 &)::[lambda(int) (instance 1)]>(int, T3)"
:BasicsTransformerLM.layers.11.attn,PushPop,30,30,1,1,365214,365214.0,365214.0,365214,365214,0.0,"void at::native::elementwise_kernel<(int)128, (int)2, void at::native::gpu_kernel_impl_nocast<at::native::<unnamed>::where_kernel_impl(at::TensorIterator &)::[lambda() (instance 1)]::operator ()() const::[lambda() (instance 11)]::operator ()() const::[lambda(bool, float, float) (instance 1)]>(at::TensorIteratorBase &, const T1 &)::[lambda(int) (instance 1)]>(int, T3)"
:BasicsTransformerLM.layers.11.attn,PushPop,30,30,1,1,360926,360926.0,360926.0,360926,360926,0.0,"void at::native::elementwise_kernel<(int)128, (int)2, void at::native::gpu_kernel_impl_nocast<at::native::CUDAFunctor_add<float>>(at::TensorIteratorBase &, const T1 &)::[lambda(int) (instance 1)]>(int, T3)"
:BasicsTransformerLM.layers.11.attn,PushPop,30,30,1,1,156640,156640.0,156640.0,156640,156640,0.0,"void at::native::vectorized_elementwise_kernel<(int)4, at::native::BUnaryFunctor<float, float, float, at::native::binary_internal::MulFunctor<float>>, std::array<char *, (unsigned long)2>>(int, T2, T3)"
:BasicsTransformerLM.layers.11.attn,PushPop,30,30,1,1,154623,154623.0,154623.0,154623,154623,0.0,"void at::native::vectorized_elementwise_kernel<(int)4, at::native::exp_kernel_cuda(at::TensorIteratorBase &)::[lambda() (instance 2)]::operator ()() const::[lambda() (instance 2)]::operator ()() const::[lambda(float) (instance 1)], std::array<char *, (unsigned long)2>>(int, T2, T3)"
:BasicsTransformerLM.layers.11.attn,PushPop,30,30,1,1,135167,135167.0,135167.0,135167,135167,0.0,"void at::native::reduce_kernel<(int)512, (int)1, at::native::ReduceOp<float, at::native::MaxOps<float>, unsigned int, float, (int)4, (int)4>>(T3)"
:BasicsTransformerLM.layers.11.attn,PushPop,30,30,1,1,102048,102048.0,102048.0,102048,102048,0.0,"void at::native::reduce_kernel<(int)512, (int)1, at::native::ReduceOp<float, at::native::func_wrapper_t<float, at::native::sum_functor<float, float, float>::operator ()(at::TensorIterator &)::[lambda(float, float) (instance 1)]>, unsigned int, float, (int)4, (int)4>>(T3)"
:BasicsTransformerLM.layers.11.attn,PushPop,30,30,1,8,65888,8236.0,7728.0,7392,10432,1208.1,"void at::native::elementwise_kernel<(int)128, (int)2, void at::native::gpu_kernel_impl_nocast<at::native::BinaryFunctor<float, float, float, at::native::binary_internal::MulFunctor<float>>>(at::TensorIteratorBase &, const T1 &)::[lambda(int) (instance 1)]>(int, T3)"
:BasicsTransformerLM.layers.11.attn,PushPop,30,30,1,2,55039,27519.5,27519.5,27455,27584,91.2,"void at::native::<unnamed>::CatArrayBatchedCopy<at::native::<unnamed>::OpaqueType<(unsigned int)4>, unsigned int, (int)4, (int)64, (int)64>(T1 *, at::native::<unnamed>::CatArrInputTensorMetadata<T1, T2, T4, T5>, at::native::<unnamed>::TensorSizeStride<T2, (unsigned int)4>, int, T2)"
:BasicsTransformerLM.layers.11.attn,PushPop,30,30,1,4,16032,4008.0,3968.0,3904,4192,129.0,"void at::native::vectorized_elementwise_kernel<(int)4, at::native::CUDAFunctor_add<float>, std::array<char *, (unsigned long)3>>(int, T2, T3)"
:BasicsTransformerLM.layers.11.attn,PushPop,30,30,1,1,14848,14848.0,14848.0,14848,14848,0.0,"void at::native::elementwise_kernel<(int)128, (int)2, void at::native::gpu_kernel_impl_nocast<at::native::direct_copy_kernel_cuda(at::TensorIteratorBase &)::[lambda() (instance 3)]::operator ()() const::[lambda() (instance 7)]::operator ()() const::[lambda(float) (instance 1)]>(at::TensorIteratorBase &, const T1 &)::[lambda(int) (instance 1)]>(int, T3)"
:BasicsTransformerLM.layers.11.attn,PushPop,30,30,1,1,8672,8672.0,8672.0,8672,8672,0.0,"void at::native::elementwise_kernel<(int)128, (int)4, void at::native::gpu_kernel_impl_nocast<at::native::<unnamed>::CompareFunctor<long>>(at::TensorIteratorBase &, const T1 &)::[lambda(int) (instance 1)]>(int, T3)"
:BasicsTransformerLM.layers.11.attn,PushPop,30,30,1,1,1184,1184.0,1184.0,1184,1184,0.0,"void <unnamed>::elementwise_kernel_with_index<int, at::native::arange_cuda_out(const c10::Scalar &, const c10::Scalar &, const c10::Scalar &, at::Tensor &)::[lambda() (instance 1)]::operator ()() const::[lambda() (instance 4)]::operator ()() const::[lambda(long) (instance 1)]>(T1, T2, function_traits<T2>::result_type *)"
:BasicsTransformerLM.layers.11.attn,PushPop,30,30,1,1,1024,1024.0,1024.0,1024,1024,0.0,"void at::native::vectorized_elementwise_kernel<(int)4, at::native::FillFunctor<float>, std::array<char *, (unsigned long)1>>(int, T2, T3)"
:BasicsTransformerLM.layers.11.attn.k_proj,PushPop,30,30,1,1,509022,509022.0,509022.0,509022,509022,0.0,cutlass3x_sm100_simt_sgemm_f32_f32_f32_f32_f32_128x64x16_1x1x1_3_tnn_align1_bias_f32_relu
:BasicsTransformerLM.layers.11.attn.output_proj,PushPop,30,30,1,1,608029,608029.0,608029.0,608029,608029,0.0,cutlass3x_sm100_simt_sgemm_f32_f32_f32_f32_f32_128x64x16_1x1x1_3_tnn_align1_bias_f32_relu
:BasicsTransformerLM.layers.11.attn.q_proj,PushPop,30,30,1,1,508125,508125.0,508125.0,508125,508125,0.0,cutlass3x_sm100_simt_sgemm_f32_f32_f32_f32_f32_128x64x16_1x1x1_3_tnn_align1_bias_f32_relu
:BasicsTransformerLM.layers.11.attn.v_proj,PushPop,30,30,1,1,508701,508701.0,508701.0,508701,508701,0.0,cutlass3x_sm100_simt_sgemm_f32_f32_f32_f32_f32_128x64x16_1x1x1_3_tnn_align1_bias_f32_relu
:BasicsTransformerLM.layers.11.ffn,PushPop,30,30,1,2,3827788,1913894.0,1913894.0,1912790,1914998,1561.3,cutlass3x_sm100_simt_sgemm_f32_f32_f32_f32_f32_128x128x16_1x1x1_3_tnn_align1_bias_f32_relu
:BasicsTransformerLM.layers.11.ffn,PushPop,30,30,1,1,1990774,1990774.0,1990774.0,1990774,1990774,0.0,cutlass3x_sm100_simt_sgemm_f32_f32_f32_f32_f32_64x64x16_1x1x1_3_tnn_align1_bias_f32_relu
:BasicsTransformerLM.layers.11.ffn,PushPop,30,30,1,2,70752,35376.0,35376.0,32832,37920,3597.8,"void at::native::vectorized_elementwise_kernel<(int)4, at::native::BinaryFunctor<float, float, float, at::native::binary_internal::MulFunctor<float>>, std::array<char *, (unsigned long)3>>(int, T2, T3)"
:BasicsTransformerLM.layers.11.ffn,PushPop,30,30,1,1,21696,21696.0,21696.0,21696,21696,0.0,"void at::native::vectorized_elementwise_kernel<(int)4, at::native::sigmoid_kernel_cuda(at::TensorIteratorBase &)::[lambda() (instance 2)]::operator ()() const::[lambda() (instance 2)]::operator ()() const::[lambda(float) (instance 1)], std::array<char *, (unsigned long)2>>(int, T2, T3)"
:BasicsTransformerLM.layers.11.ffn.w1,PushPop,30,30,1,1,1914998,1914998.0,1914998.0,1914998,1914998,0.0,cutlass3x_sm100_simt_sgemm_f32_f32_f32_f32_f32_128x128x16_1x1x1_3_tnn_align1_bias_f32_relu
:BasicsTransformerLM.layers.11.ffn.w2,PushPop,30,30,1,1,1990774,1990774.0,1990774.0,1990774,1990774,0.0,cutlass3x_sm100_simt_sgemm_f32_f32_f32_f32_f32_64x64x16_1x1x1_3_tnn_align1_bias_f32_relu
:BasicsTransformerLM.layers.11.ffn.w3,PushPop,30,30,1,1,1912790,1912790.0,1912790.0,1912790,1912790,0.0,cutlass3x_sm100_simt_sgemm_f32_f32_f32_f32_f32_128x128x16_1x1x1_3_tnn_align1_bias_f32_relu
:BasicsTransformerLM.layers.11.ln1,PushPop,30,30,1,2,25504,12752.0,12752.0,12736,12768,22.6,"void at::native::elementwise_kernel<(int)128, (int)2, void at::native::gpu_kernel_impl_nocast<at::native::BinaryFunctor<float, float, float, at::native::binary_internal::MulFunctor<float>>>(at::TensorIteratorBase &, const T1 &)::[lambda(int) (instance 1)]>(int, T3)"
:BasicsTransformerLM.layers.11.ln1,PushPop,30,30,1,1,9120,9120.0,9120.0,9120,9120,0.0,"void at::native::reduce_kernel<(int)512, (int)1, at::native::ReduceOp<float, at::native::MeanOps<float, float, float, float>, unsigned int, float, (int)4, (int)4>>(T3)"
:BasicsTransformerLM.layers.11.ln1,PushPop,30,30,1,1,5248,5248.0,5248.0,5248,5248,0.0,"void at::native::vectorized_elementwise_kernel<(int)4, void at::native::<unnamed>::pow_tensor_scalar_kernel_impl<float, float>(at::TensorIteratorBase &, T2)::[lambda(float) (instance 1)], std::array<char *, (unsigned long)2>>(int, T2, T3)"
:BasicsTransformerLM.layers.11.ln1,PushPop,30,30,1,1,1696,1696.0,1696.0,1696,1696,0.0,"void at::native::vectorized_elementwise_kernel<(int)4, at::native::rsqrt_kernel_cuda(at::TensorIteratorBase &)::[lambda() (instance 2)]::operator ()() const::[lambda() (instance 2)]::operator ()() const::[lambda(float) (instance 1)], std::array<char *, (unsigned long)2>>(int, T2, T3)"
:BasicsTransformerLM.layers.11.ln1,PushPop,30,30,1,1,1568,1568.0,1568.0,1568,1568,0.0,"void at::native::vectorized_elementwise_kernel<(int)4, at::native::CUDAFunctorOnSelf_add<float>, std::array<char *, (unsigned long)2>>(int, T2, T3)"
:BasicsTransformerLM.layers.11.ln2,PushPop,30,30,1,2,25248,12624.0,12624.0,12576,12672,67.9,"void at::native::elementwise_kernel<(int)128, (int)2, void at::native::gpu_kernel_impl_nocast<at::native::BinaryFunctor<float, float, float, at::native::binary_internal::MulFunctor<float>>>(at::TensorIteratorBase &, const T1 &)::[lambda(int) (instance 1)]>(int, T3)"
:BasicsTransformerLM.layers.11.ln2,PushPop,30,30,1,1,9152,9152.0,9152.0,9152,9152,0.0,"void at::native::reduce_kernel<(int)512, (int)1, at::native::ReduceOp<float, at::native::MeanOps<float, float, float, float>, unsigned int, float, (int)4, (int)4>>(T3)"
:BasicsTransformerLM.layers.11.ln2,PushPop,30,30,1,1,5120,5120.0,5120.0,5120,5120,0.0,"void at::native::vectorized_elementwise_kernel<(int)4, void at::native::<unnamed>::pow_tensor_scalar_kernel_impl<float, float>(at::TensorIteratorBase &, T2)::[lambda(float) (instance 1)], std::array<char *, (unsigned long)2>>(int, T2, T3)"
:BasicsTransformerLM.layers.11.ln2,PushPop,30,30,1,1,1568,1568.0,1568.0,1568,1568,0.0,"void at::native::vectorized_elementwise_kernel<(int)4, at::native::CUDAFunctorOnSelf_add<float>, std::array<char *, (unsigned long)2>>(int, T2, T3)"
:BasicsTransformerLM.layers.11.ln2,PushPop,30,30,1,1,1504,1504.0,1504.0,1504,1504,0.0,"void at::native::vectorized_elementwise_kernel<(int)4, at::native::rsqrt_kernel_cuda(at::TensorIteratorBase &)::[lambda() (instance 2)]::operator ()() const::[lambda() (instance 2)]::operator ()() const::[lambda(float) (instance 1)], std::array<char *, (unsigned long)2>>(int, T2, T3)"
:BasicsTransformerLM.layers.12,PushPop,30,30,1,3,4395242,1465080.7,1912055.0,567933,1915254,776954.3,cutlass3x_sm100_simt_sgemm_f32_f32_f32_f32_f32_128x128x16_1x1x1_3_tnn_align1_bias_f32_relu
:BasicsTransformerLM.layers.12,PushPop,30,30,1,4,2132533,533133.3,508717.5,507198,607900,49849.7,cutlass3x_sm100_simt_sgemm_f32_f32_f32_f32_f32_128x64x16_1x1x1_3_tnn_align1_bias_f32_relu
:BasicsTransformerLM.layers.12,PushPop,30,30,1,1,1988758,1988758.0,1988758.0,1988758,1988758,0.0,cutlass3x_sm100_simt_sgemm_f32_f32_f32_f32_f32_64x64x16_1x1x1_3_tnn_align1_bias_f32_relu
:BasicsTransformerLM.layers.12,PushPop,30,30,1,1,545822,545822.0,545822.0,545822,545822,0.0,cutlass3x_sm100_simt_sgemm_f32_f32_f32_f32_f32_32x64x16_1x1x1_3_nnn_align1_bias_f32_relu
:BasicsTransformerLM.layers.12,PushPop,30,30,1,1,416414,416414.0,416414.0,416414,416414,0.0,"void at::native::elementwise_kernel<(int)128, (int)2, void at::native::gpu_kernel_impl_nocast<at::native::BinaryFunctor<float, float, float, at::native::binary_internal::DivFunctor<float>>>(at::TensorIteratorBase &, const T1 &)::[lambda(int) (instance 1)]>(int, T3)"
:BasicsTransformerLM.layers.12,PushPop,30,30,1,1,365086,365086.0,365086.0,365086,365086,0.0,"void at::native::elementwise_kernel<(int)128, (int)2, void at::native::gpu_kernel_impl_nocast<at::native::<unnamed>::where_kernel_impl(at::TensorIterator &)::[lambda() (instance 1)]::operator ()() const::[lambda() (instance 11)]::operator ()() const::[lambda(bool, float, float) (instance 1)]>(at::TensorIteratorBase &, const T1 &)::[lambda(int) (instance 1)]>(int, T3)"
:BasicsTransformerLM.layers.12,PushPop,30,30,1,1,361918,361918.0,361918.0,361918,361918,0.0,"void at::native::elementwise_kernel<(int)128, (int)2, void at::native::gpu_kernel_impl_nocast<at::native::CUDAFunctor_add<float>>(at::TensorIteratorBase &, const T1 &)::[lambda(int) (instance 1)]>(int, T3)"
:BasicsTransformerLM.layers.12,PushPop,30,30,1,1,156671,156671.0,156671.0,156671,156671,0.0,"void at::native::vectorized_elementwise_kernel<(int)4, at::native::BUnaryFunctor<float, float, float, at::native::binary_internal::MulFunctor<float>>, std::array<char *, (unsigned long)2>>(int, T2, T3)"
:BasicsTransformerLM.layers.12,PushPop,30,30,1,1,155455,155455.0,155455.0,155455,155455,0.0,"void at::native::vectorized_elementwise_kernel<(int)4, at::native::exp_kernel_cuda(at::TensorIteratorBase &)::[lambda() (instance 2)]::operator ()() const::[lambda() (instance 2)]::operator ()() const::[lambda(float) (instance 1)], std::array<char *, (unsigned long)2>>(int, T2, T3)"
:BasicsTransformerLM.layers.12,PushPop,30,30,1,1,135520,135520.0,135520.0,135520,135520,0.0,"void at::native::reduce_kernel<(int)512, (int)1, at::native::ReduceOp<float, at::native::MaxOps<float>, unsigned int, float, (int)4, (int)4>>(T3)"
:BasicsTransformerLM.layers.12,PushPop,30,30,1,12,116863,9738.6,8928.0,7424,12831,2395.8,"void at::native::elementwise_kernel<(int)128, (int)2, void at::native::gpu_kernel_impl_nocast<at::native::BinaryFunctor<float, float, float, at::native::binary_internal::MulFunctor<float>>>(at::TensorIteratorBase &, const T1 &)::[lambda(int) (instance 1)]>(int, T3)"
:BasicsTransformerLM.layers.12,PushPop,30,30,1,1,101375,101375.0,101375.0,101375,101375,0.0,"void at::native::reduce_kernel<(int)512, (int)1, at::native::ReduceOp<float, at::native::func_wrapper_t<float, at::native::sum_functor<float, float, float>::operator ()(at::TensorIterator &)::[lambda(float, float) (instance 1)]>, unsigned int, float, (int)4, (int)4>>(T3)"
:BasicsTransformerLM.layers.12,PushPop,30,30,1,2,70783,35391.5,35391.5,32607,38176,3937.9,"void at::native::vectorized_elementwise_kernel<(int)4, at::native::BinaryFunctor<float, float, float, at::native::binary_internal::MulFunctor<float>>, std::array<char *, (unsigned long)3>>(int, T2, T3)"
:BasicsTransformerLM.layers.12,PushPop,30,30,1,2,54848,27424.0,27424.0,27392,27456,45.3,"void at::native::<unnamed>::CatArrayBatchedCopy<at::native::<unnamed>::OpaqueType<(unsigned int)4>, unsigned int, (int)4, (int)64, (int)64>(T1 *, at::native::<unnamed>::CatArrInputTensorMetadata<T1, T2, T4, T5>, at::native::<unnamed>::TensorSizeStride<T2, (unsigned int)4>, int, T2)"
:BasicsTransformerLM.layers.12,PushPop,30,30,1,6,32224,5370.7,4016.0,3808,8736,2257.2,"void at::native::vectorized_elementwise_kernel<(int)4, at::native::CUDAFunctor_add<float>, std::array<char *, (unsigned long)3>>(int, T2, T3)"
:BasicsTransformerLM.layers.12,PushPop,30,30,1,1,21792,21792.0,21792.0,21792,21792,0.0,"void at::native::vectorized_elementwise_kernel<(int)4, at::native::sigmoid_kernel_cuda(at::TensorIteratorBase &)::[lambda() (instance 2)]::operator ()() const::[lambda() (instance 2)]::operator ()() const::[lambda(float) (instance 1)], std::array<char *, (unsigned long)2>>(int, T2, T3)"
:BasicsTransformerLM.layers.12,PushPop,30,30,1,2,18464,9232.0,9232.0,9184,9280,67.9,"void at::native::reduce_kernel<(int)512, (int)1, at::native::ReduceOp<float, at::native::MeanOps<float, float, float, float>, unsigned int, float, (int)4, (int)4>>(T3)"
:BasicsTransformerLM.layers.12,PushPop,30,30,1,1,14848,14848.0,14848.0,14848,14848,0.0,"void at::native::elementwise_kernel<(int)128, (int)2, void at::native::gpu_kernel_impl_nocast<at::native::direct_copy_kernel_cuda(at::TensorIteratorBase &)::[lambda() (instance 3)]::operator ()() const::[lambda() (instance 7)]::operator ()() const::[lambda(float) (instance 1)]>(at::TensorIteratorBase &, const T1 &)::[lambda(int) (instance 1)]>(int, T3)"
:BasicsTransformerLM.layers.12,PushPop,30,30,1,2,10240,5120.0,5120.0,5088,5152,45.3,"void at::native::vectorized_elementwise_kernel<(int)4, void at::native::<unnamed>::pow_tensor_scalar_kernel_impl<float, float>(at::TensorIteratorBase &, T2)::[lambda(float) (instance 1)], std::array<char *, (unsigned long)2>>(int, T2, T3)"
:BasicsTransformerLM.layers.12,PushPop,30,30,1,1,8640,8640.0,8640.0,8640,8640,0.0,"void at::native::elementwise_kernel<(int)128, (int)4, void at::native::gpu_kernel_impl_nocast<at::native::<unnamed>::CompareFunctor<long>>(at::TensorIteratorBase &, const T1 &)::[lambda(int) (instance 1)]>(int, T3)"
:BasicsTransformerLM.layers.12,PushPop,30,30,1,2,3136,1568.0,1568.0,1536,1600,45.3,"void at::native::vectorized_elementwise_kernel<(int)4, at::native::CUDAFunctorOnSelf_add<float>, std::array<char *, (unsigned long)2>>(int, T2, T3)"
:BasicsTransformerLM.layers.12,PushPop,30,30,1,2,2848,1424.0,1424.0,1408,1440,22.6,"void at::native::vectorized_elementwise_kernel<(int)4, at::native::rsqrt_kernel_cuda(at::TensorIteratorBase &)::[lambda() (instance 2)]::operator ()() const::[lambda() (instance 2)]::operator ()() const::[lambda(float) (instance 1)], std::array<char *, (unsigned long)2>>(int, T2, T3)"
:BasicsTransformerLM.layers.12,PushPop,30,30,1,1,1344,1344.0,1344.0,1344,1344,0.0,"void <unnamed>::elementwise_kernel_with_index<int, at::native::arange_cuda_out(const c10::Scalar &, const c10::Scalar &, const c10::Scalar &, at::Tensor &)::[lambda() (instance 1)]::operator ()() const::[lambda() (instance 4)]::operator ()() const::[lambda(long) (instance 1)]>(T1, T2, function_traits<T2>::result_type *)"
:BasicsTransformerLM.layers.12,PushPop,30,30,1,1,1024,1024.0,1024.0,1024,1024,0.0,"void at::native::vectorized_elementwise_kernel<(int)4, at::native::FillFunctor<float>, std::array<char *, (unsigned long)1>>(int, T2, T3)"
:BasicsTransformerLM.layers.12.attn,PushPop,30,30,1,4,2132533,533133.3,508717.5,507198,607900,49849.7,cutlass3x_sm100_simt_sgemm_f32_f32_f32_f32_f32_128x64x16_1x1x1_3_tnn_align1_bias_f32_relu
:BasicsTransformerLM.layers.12.attn,PushPop,30,30,1,1,567933,567933.0,567933.0,567933,567933,0.0,cutlass3x_sm100_simt_sgemm_f32_f32_f32_f32_f32_128x128x16_1x1x1_3_tnn_align1_bias_f32_relu
:BasicsTransformerLM.layers.12.attn,PushPop,30,30,1,1,545822,545822.0,545822.0,545822,545822,0.0,cutlass3x_sm100_simt_sgemm_f32_f32_f32_f32_f32_32x64x16_1x1x1_3_nnn_align1_bias_f32_relu
:BasicsTransformerLM.layers.12.attn,PushPop,30,30,1,1,416414,416414.0,416414.0,416414,416414,0.0,"void at::native::elementwise_kernel<(int)128, (int)2, void at::native::gpu_kernel_impl_nocast<at::native::BinaryFunctor<float, float, float, at::native::binary_internal::DivFunctor<float>>>(at::TensorIteratorBase &, const T1 &)::[lambda(int) (instance 1)]>(int, T3)"
:BasicsTransformerLM.layers.12.attn,PushPop,30,30,1,1,365086,365086.0,365086.0,365086,365086,0.0,"void at::native::elementwise_kernel<(int)128, (int)2, void at::native::gpu_kernel_impl_nocast<at::native::<unnamed>::where_kernel_impl(at::TensorIterator &)::[lambda() (instance 1)]::operator ()() const::[lambda() (instance 11)]::operator ()() const::[lambda(bool, float, float) (instance 1)]>(at::TensorIteratorBase &, const T1 &)::[lambda(int) (instance 1)]>(int, T3)"
:BasicsTransformerLM.layers.12.attn,PushPop,30,30,1,1,361918,361918.0,361918.0,361918,361918,0.0,"void at::native::elementwise_kernel<(int)128, (int)2, void at::native::gpu_kernel_impl_nocast<at::native::CUDAFunctor_add<float>>(at::TensorIteratorBase &, const T1 &)::[lambda(int) (instance 1)]>(int, T3)"
:BasicsTransformerLM.layers.12.attn,PushPop,30,30,1,1,156671,156671.0,156671.0,156671,156671,0.0,"void at::native::vectorized_elementwise_kernel<(int)4, at::native::BUnaryFunctor<float, float, float, at::native::binary_internal::MulFunctor<float>>, std::array<char *, (unsigned long)2>>(int, T2, T3)"
:BasicsTransformerLM.layers.12.attn,PushPop,30,30,1,1,155455,155455.0,155455.0,155455,155455,0.0,"void at::native::vectorized_elementwise_kernel<(int)4, at::native::exp_kernel_cuda(at::TensorIteratorBase &)::[lambda() (instance 2)]::operator ()() const::[lambda() (instance 2)]::operator ()() const::[lambda(float) (instance 1)], std::array<char *, (unsigned long)2>>(int, T2, T3)"
:BasicsTransformerLM.layers.12.attn,PushPop,30,30,1,1,135520,135520.0,135520.0,135520,135520,0.0,"void at::native::reduce_kernel<(int)512, (int)1, at::native::ReduceOp<float, at::native::MaxOps<float>, unsigned int, float, (int)4, (int)4>>(T3)"
:BasicsTransformerLM.layers.12.attn,PushPop,30,30,1,1,101375,101375.0,101375.0,101375,101375,0.0,"void at::native::reduce_kernel<(int)512, (int)1, at::native::ReduceOp<float, at::native::func_wrapper_t<float, at::native::sum_functor<float, float, float>::operator ()(at::TensorIterator &)::[lambda(float, float) (instance 1)]>, unsigned int, float, (int)4, (int)4>>(T3)"
:BasicsTransformerLM.layers.12.attn,PushPop,30,30,1,8,66048,8256.0,7712.0,7424,10368,1215.4,"void at::native::elementwise_kernel<(int)128, (int)2, void at::native::gpu_kernel_impl_nocast<at::native::BinaryFunctor<float, float, float, at::native::binary_internal::MulFunctor<float>>>(at::TensorIteratorBase &, const T1 &)::[lambda(int) (instance 1)]>(int, T3)"
:BasicsTransformerLM.layers.12.attn,PushPop,30,30,1,2,54848,27424.0,27424.0,27392,27456,45.3,"void at::native::<unnamed>::CatArrayBatchedCopy<at::native::<unnamed>::OpaqueType<(unsigned int)4>, unsigned int, (int)4, (int)64, (int)64>(T1 *, at::native::<unnamed>::CatArrInputTensorMetadata<T1, T2, T4, T5>, at::native::<unnamed>::TensorSizeStride<T2, (unsigned int)4>, int, T2)"
:BasicsTransformerLM.layers.12.attn,PushPop,30,30,1,4,15712,3928.0,3920.0,3808,4064,112.0,"void at::native::vectorized_elementwise_kernel<(int)4, at::native::CUDAFunctor_add<float>, std::array<char *, (unsigned long)3>>(int, T2, T3)"
:BasicsTransformerLM.layers.12.attn,PushPop,30,30,1,1,14848,14848.0,14848.0,14848,14848,0.0,"void at::native::elementwise_kernel<(int)128, (int)2, void at::native::gpu_kernel_impl_nocast<at::native::direct_copy_kernel_cuda(at::TensorIteratorBase &)::[lambda() (instance 3)]::operator ()() const::[lambda() (instance 7)]::operator ()() const::[lambda(float) (instance 1)]>(at::TensorIteratorBase &, const T1 &)::[lambda(int) (instance 1)]>(int, T3)"
:BasicsTransformerLM.layers.12.attn,PushPop,30,30,1,1,8640,8640.0,8640.0,8640,8640,0.0,"void at::native::elementwise_kernel<(int)128, (int)4, void at::native::gpu_kernel_impl_nocast<at::native::<unnamed>::CompareFunctor<long>>(at::TensorIteratorBase &, const T1 &)::[lambda(int) (instance 1)]>(int, T3)"
:BasicsTransformerLM.layers.12.attn,PushPop,30,30,1,1,1344,1344.0,1344.0,1344,1344,0.0,"void <unnamed>::elementwise_kernel_with_index<int, at::native::arange_cuda_out(const c10::Scalar &, const c10::Scalar &, const c10::Scalar &, at::Tensor &)::[lambda() (instance 1)]::operator ()() const::[lambda() (instance 4)]::operator ()() const::[lambda(long) (instance 1)]>(T1, T2, function_traits<T2>::result_type *)"
:BasicsTransformerLM.layers.12.attn,PushPop,30,30,1,1,1024,1024.0,1024.0,1024,1024,0.0,"void at::native::vectorized_elementwise_kernel<(int)4, at::native::FillFunctor<float>, std::array<char *, (unsigned long)1>>(int, T2, T3)"
:BasicsTransformerLM.layers.12.attn.k_proj,PushPop,30,30,1,1,508829,508829.0,508829.0,508829,508829,0.0,cutlass3x_sm100_simt_sgemm_f32_f32_f32_f32_f32_128x64x16_1x1x1_3_tnn_align1_bias_f32_relu
:BasicsTransformerLM.layers.12.attn.output_proj,PushPop,30,30,1,1,607900,607900.0,607900.0,607900,607900,0.0,cutlass3x_sm100_simt_sgemm_f32_f32_f32_f32_f32_128x64x16_1x1x1_3_tnn_align1_bias_f32_relu
:BasicsTransformerLM.layers.12.attn.q_proj,PushPop,30,30,1,1,507198,507198.0,507198.0,507198,507198,0.0,cutlass3x_sm100_simt_sgemm_f32_f32_f32_f32_f32_128x64x16_1x1x1_3_tnn_align1_bias_f32_relu
:BasicsTransformerLM.layers.12.attn.v_proj,PushPop,30,30,1,1,508606,508606.0,508606.0,508606,508606,0.0,cutlass3x_sm100_simt_sgemm_f32_f32_f32_f32_f32_128x64x16_1x1x1_3_tnn_align1_bias_f32_relu
:BasicsTransformerLM.layers.12.ffn,PushPop,30,30,1,2,3827309,1913654.5,1913654.5,1912055,1915254,2262.0,cutlass3x_sm100_simt_sgemm_f32_f32_f32_f32_f32_128x128x16_1x1x1_3_tnn_align1_bias_f32_relu
:BasicsTransformerLM.layers.12.ffn,PushPop,30,30,1,1,1988758,1988758.0,1988758.0,1988758,1988758,0.0,cutlass3x_sm100_simt_sgemm_f32_f32_f32_f32_f32_64x64x16_1x1x1_3_tnn_align1_bias_f32_relu
:BasicsTransformerLM.layers.12.ffn,PushPop,30,30,1,2,70783,35391.5,35391.5,32607,38176,3937.9,"void at::native::vectorized_elementwise_kernel<(int)4, at::native::BinaryFunctor<float, float, float, at::native::binary_internal::MulFunctor<float>>, std::array<char *, (unsigned long)3>>(int, T2, T3)"
:BasicsTransformerLM.layers.12.ffn,PushPop,30,30,1,1,21792,21792.0,21792.0,21792,21792,0.0,"void at::native::vectorized_elementwise_kernel<(int)4, at::native::sigmoid_kernel_cuda(at::TensorIteratorBase &)::[lambda() (instance 2)]::operator ()() const::[lambda() (instance 2)]::operator ()() const::[lambda(float) (instance 1)], std::array<char *, (unsigned long)2>>(int, T2, T3)"
:BasicsTransformerLM.layers.12.ffn.w1,PushPop,30,30,1,1,1915254,1915254.0,1915254.0,1915254,1915254,0.0,cutlass3x_sm100_simt_sgemm_f32_f32_f32_f32_f32_128x128x16_1x1x1_3_tnn_align1_bias_f32_relu
:BasicsTransformerLM.layers.12.ffn.w2,PushPop,30,30,1,1,1988758,1988758.0,1988758.0,1988758,1988758,0.0,cutlass3x_sm100_simt_sgemm_f32_f32_f32_f32_f32_64x64x16_1x1x1_3_tnn_align1_bias_f32_relu
:BasicsTransformerLM.layers.12.ffn.w3,PushPop,30,30,1,1,1912055,1912055.0,1912055.0,1912055,1912055,0.0,cutlass3x_sm100_simt_sgemm_f32_f32_f32_f32_f32_128x128x16_1x1x1_3_tnn_align1_bias_f32_relu
:BasicsTransformerLM.layers.12.ln1,PushPop,30,30,1,2,25535,12767.5,12767.5,12704,12831,89.8,"void at::native::elementwise_kernel<(int)128, (int)2, void at::native::gpu_kernel_impl_nocast<at::native::BinaryFunctor<float, float, float, at::native::binary_internal::MulFunctor<float>>>(at::TensorIteratorBase &, const T1 &)::[lambda(int) (instance 1)]>(int, T3)"
:BasicsTransformerLM.layers.12.ln1,PushPop,30,30,1,1,9280,9280.0,9280.0,9280,9280,0.0,"void at::native::reduce_kernel<(int)512, (int)1, at::native::ReduceOp<float, at::native::MeanOps<float, float, float, float>, unsigned int, float, (int)4, (int)4>>(T3)"
:BasicsTransformerLM.layers.12.ln1,PushPop,30,30,1,1,5152,5152.0,5152.0,5152,5152,0.0,"void at::native::vectorized_elementwise_kernel<(int)4, void at::native::<unnamed>::pow_tensor_scalar_kernel_impl<float, float>(at::TensorIteratorBase &, T2)::[lambda(float) (instance 1)], std::array<char *, (unsigned long)2>>(int, T2, T3)"
:BasicsTransformerLM.layers.12.ln1,PushPop,30,30,1,1,1600,1600.0,1600.0,1600,1600,0.0,"void at::native::vectorized_elementwise_kernel<(int)4, at::native::CUDAFunctorOnSelf_add<float>, std::array<char *, (unsigned long)2>>(int, T2, T3)"
:BasicsTransformerLM.layers.12.ln1,PushPop,30,30,1,1,1408,1408.0,1408.0,1408,1408,0.0,"void at::native::vectorized_elementwise_kernel<(int)4, at::native::rsqrt_kernel_cuda(at::TensorIteratorBase &)::[lambda() (instance 2)]::operator ()() const::[lambda() (instance 2)]::operator ()() const::[lambda(float) (instance 1)], std::array<char *, (unsigned long)2>>(int, T2, T3)"
:BasicsTransformerLM.layers.12.ln2,PushPop,30,30,1,2,25280,12640.0,12640.0,12544,12736,135.8,"void at::native::elementwise_kernel<(int)128, (int)2, void at::native::gpu_kernel_impl_nocast<at::native::BinaryFunctor<float, float, float, at::native::binary_internal::MulFunctor<float>>>(at::TensorIteratorBase &, const T1 &)::[lambda(int) (instance 1)]>(int, T3)"
:BasicsTransformerLM.layers.12.ln2,PushPop,30,30,1,1,9184,9184.0,9184.0,9184,9184,0.0,"void at::native::reduce_kernel<(int)512, (int)1, at::native::ReduceOp<float, at::native::MeanOps<float, float, float, float>, unsigned int, float, (int)4, (int)4>>(T3)"
:BasicsTransformerLM.layers.12.ln2,PushPop,30,30,1,1,5088,5088.0,5088.0,5088,5088,0.0,"void at::native::vectorized_elementwise_kernel<(int)4, void at::native::<unnamed>::pow_tensor_scalar_kernel_impl<float, float>(at::TensorIteratorBase &, T2)::[lambda(float) (instance 1)], std::array<char *, (unsigned long)2>>(int, T2, T3)"
:BasicsTransformerLM.layers.12.ln2,PushPop,30,30,1,1,1536,1536.0,1536.0,1536,1536,0.0,"void at::native::vectorized_elementwise_kernel<(int)4, at::native::CUDAFunctorOnSelf_add<float>, std::array<char *, (unsigned long)2>>(int, T2, T3)"
:BasicsTransformerLM.layers.12.ln2,PushPop,30,30,1,1,1440,1440.0,1440.0,1440,1440,0.0,"void at::native::vectorized_elementwise_kernel<(int)4, at::native::rsqrt_kernel_cuda(at::TensorIteratorBase &)::[lambda() (instance 2)]::operator ()() const::[lambda() (instance 2)]::operator ()() const::[lambda(float) (instance 1)], std::array<char *, (unsigned long)2>>(int, T2, T3)"
:BasicsTransformerLM.layers.13,PushPop,30,30,1,3,4393482,1464494.0,1911798.0,566718,1914966,777498.4,cutlass3x_sm100_simt_sgemm_f32_f32_f32_f32_f32_128x128x16_1x1x1_3_tnn_align1_bias_f32_relu
:BasicsTransformerLM.layers.13,PushPop,30,30,1,4,2131989,532997.3,508845.5,507037,607261,49516.9,cutlass3x_sm100_simt_sgemm_f32_f32_f32_f32_f32_128x64x16_1x1x1_3_tnn_align1_bias_f32_relu
:BasicsTransformerLM.layers.13,PushPop,30,30,1,1,1987574,1987574.0,1987574.0,1987574,1987574,0.0,cutlass3x_sm100_simt_sgemm_f32_f32_f32_f32_f32_64x64x16_1x1x1_3_tnn_align1_bias_f32_relu
:BasicsTransformerLM.layers.13,PushPop,30,30,1,1,545309,545309.0,545309.0,545309,545309,0.0,cutlass3x_sm100_simt_sgemm_f32_f32_f32_f32_f32_32x64x16_1x1x1_3_nnn_align1_bias_f32_relu
:BasicsTransformerLM.layers.13,PushPop,30,30,1,1,416542,416542.0,416542.0,416542,416542,0.0,"void at::native::elementwise_kernel<(int)128, (int)2, void at::native::gpu_kernel_impl_nocast<at::native::BinaryFunctor<float, float, float, at::native::binary_internal::DivFunctor<float>>>(at::TensorIteratorBase &, const T1 &)::[lambda(int) (instance 1)]>(int, T3)"
:BasicsTransformerLM.layers.13,PushPop,30,30,1,1,365534,365534.0,365534.0,365534,365534,0.0,"void at::native::elementwise_kernel<(int)128, (int)2, void at::native::gpu_kernel_impl_nocast<at::native::<unnamed>::where_kernel_impl(at::TensorIterator &)::[lambda() (instance 1)]::operator ()() const::[lambda() (instance 11)]::operator ()() const::[lambda(bool, float, float) (instance 1)]>(at::TensorIteratorBase &, const T1 &)::[lambda(int) (instance 1)]>(int, T3)"
:BasicsTransformerLM.layers.13,PushPop,30,30,1,1,361310,361310.0,361310.0,361310,361310,0.0,"void at::native::elementwise_kernel<(int)128, (int)2, void at::native::gpu_kernel_impl_nocast<at::native::CUDAFunctor_add<float>>(at::TensorIteratorBase &, const T1 &)::[lambda(int) (instance 1)]>(int, T3)"
:BasicsTransformerLM.layers.13,PushPop,30,30,1,1,156959,156959.0,156959.0,156959,156959,0.0,"void at::native::vectorized_elementwise_kernel<(int)4, at::native::BUnaryFunctor<float, float, float, at::native::binary_internal::MulFunctor<float>>, std::array<char *, (unsigned long)2>>(int, T2, T3)"
:BasicsTransformerLM.layers.13,PushPop,30,30,1,1,155392,155392.0,155392.0,155392,155392,0.0,"void at::native::vectorized_elementwise_kernel<(int)4, at::native::exp_kernel_cuda(at::TensorIteratorBase &)::[lambda() (instance 2)]::operator ()() const::[lambda() (instance 2)]::operator ()() const::[lambda(float) (instance 1)], std::array<char *, (unsigned long)2>>(int, T2, T3)"
:BasicsTransformerLM.layers.13,PushPop,30,30,1,1,135071,135071.0,135071.0,135071,135071,0.0,"void at::native::reduce_kernel<(int)512, (int)1, at::native::ReduceOp<float, at::native::MaxOps<float>, unsigned int, float, (int)4, (int)4>>(T3)"
:BasicsTransformerLM.layers.13,PushPop,30,30,1,12,115968,9664.0,8768.0,7392,12736,2395.0,"void at::native::elementwise_kernel<(int)128, (int)2, void at::native::gpu_kernel_impl_nocast<at::native::BinaryFunctor<float, float, float, at::native::binary_internal::MulFunctor<float>>>(at::TensorIteratorBase &, const T1 &)::[lambda(int) (instance 1)]>(int, T3)"
:BasicsTransformerLM.layers.13,PushPop,30,30,1,1,101727,101727.0,101727.0,101727,101727,0.0,"void at::native::reduce_kernel<(int)512, (int)1, at::native::ReduceOp<float, at::native::func_wrapper_t<float, at::native::sum_functor<float, float, float>::operator ()(at::TensorIterator &)::[lambda(float, float) (instance 1)]>, unsigned int, float, (int)4, (int)4>>(T3)"
:BasicsTransformerLM.layers.13,PushPop,30,30,1,2,70912,35456.0,35456.0,32352,38560,4389.7,"void at::native::vectorized_elementwise_kernel<(int)4, at::native::BinaryFunctor<float, float, float, at::native::binary_internal::MulFunctor<float>>, std::array<char *, (unsigned long)3>>(int, T2, T3)"
:BasicsTransformerLM.layers.13,PushPop,30,30,1,2,54911,27455.5,27455.5,27423,27488,46.0,"void at::native::<unnamed>::CatArrayBatchedCopy<at::native::<unnamed>::OpaqueType<(unsigned int)4>, unsigned int, (int)4, (int)64, (int)64>(T1 *, at::native::<unnamed>::CatArrInputTensorMetadata<T1, T2, T4, T5>, at::native::<unnamed>::TensorSizeStride<T2, (unsigned int)4>, int, T2)"
:BasicsTransformerLM.layers.13,PushPop,30,30,1,6,32384,5397.3,3968.0,3808,8864,2334.2,"void at::native::vectorized_elementwise_kernel<(int)4, at::native::CUDAFunctor_add<float>, std::array<char *, (unsigned long)3>>(int, T2, T3)"
:BasicsTransformerLM.layers.13,PushPop,30,30,1,1,21856,21856.0,21856.0,21856,21856,0.0,"void at::native::vectorized_elementwise_kernel<(int)4, at::native::sigmoid_kernel_cuda(at::TensorIteratorBase &)::[lambda() (instance 2)]::operator ()() const::[lambda() (instance 2)]::operator ()() const::[lambda(float) (instance 1)], std::array<char *, (unsigned long)2>>(int, T2, T3)"
:BasicsTransformerLM.layers.13,PushPop,30,30,1,2,18400,9200.0,9200.0,9184,9216,22.6,"void at::native::reduce_kernel<(int)512, (int)1, at::native::ReduceOp<float, at::native::MeanOps<float, float, float, float>, unsigned int, float, (int)4, (int)4>>(T3)"
:BasicsTransformerLM.layers.13,PushPop,30,30,1,1,15232,15232.0,15232.0,15232,15232,0.0,"void at::native::elementwise_kernel<(int)128, (int)2, void at::native::gpu_kernel_impl_nocast<at::native::direct_copy_kernel_cuda(at::TensorIteratorBase &)::[lambda() (instance 3)]::operator ()() const::[lambda() (instance 7)]::operator ()() const::[lambda(float) (instance 1)]>(at::TensorIteratorBase &, const T1 &)::[lambda(int) (instance 1)]>(int, T3)"
:BasicsTransformerLM.layers.13,PushPop,30,30,1,2,10432,5216.0,5216.0,5152,5280,90.5,"void at::native::vectorized_elementwise_kernel<(int)4, void at::native::<unnamed>::pow_tensor_scalar_kernel_impl<float, float>(at::TensorIteratorBase &, T2)::[lambda(float) (instance 1)], std::array<char *, (unsigned long)2>>(int, T2, T3)"
:BasicsTransformerLM.layers.13,PushPop,30,30,1,1,8640,8640.0,8640.0,8640,8640,0.0,"void at::native::elementwise_kernel<(int)128, (int)4, void at::native::gpu_kernel_impl_nocast<at::native::<unnamed>::CompareFunctor<long>>(at::TensorIteratorBase &, const T1 &)::[lambda(int) (instance 1)]>(int, T3)"
:BasicsTransformerLM.layers.13,PushPop,30,30,1,2,3072,1536.0,1536.0,1504,1568,45.3,"void at::native::vectorized_elementwise_kernel<(int)4, at::native::CUDAFunctorOnSelf_add<float>, std::array<char *, (unsigned long)2>>(int, T2, T3)"
:BasicsTransformerLM.layers.13,PushPop,30,30,1,2,2880,1440.0,1440.0,1440,1440,0.0,"void at::native::vectorized_elementwise_kernel<(int)4, at::native::rsqrt_kernel_cuda(at::TensorIteratorBase &)::[lambda() (instance 2)]::operator ()() const::[lambda() (instance 2)]::operator ()() const::[lambda(float) (instance 1)], std::array<char *, (unsigned long)2>>(int, T2, T3)"
:BasicsTransformerLM.layers.13,PushPop,30,30,1,1,1152,1152.0,1152.0,1152,1152,0.0,"void <unnamed>::elementwise_kernel_with_index<int, at::native::arange_cuda_out(const c10::Scalar &, const c10::Scalar &, const c10::Scalar &, at::Tensor &)::[lambda() (instance 1)]::operator ()() const::[lambda() (instance 4)]::operator ()() const::[lambda(long) (instance 1)]>(T1, T2, function_traits<T2>::result_type *)"
:BasicsTransformerLM.layers.13,PushPop,30,30,1,1,1056,1056.0,1056.0,1056,1056,0.0,"void at::native::vectorized_elementwise_kernel<(int)4, at::native::FillFunctor<float>, std::array<char *, (unsigned long)1>>(int, T2, T3)"
:BasicsTransformerLM.layers.13.attn,PushPop,30,30,1,4,2131989,532997.3,508845.5,507037,607261,49516.9,cutlass3x_sm100_simt_sgemm_f32_f32_f32_f32_f32_128x64x16_1x1x1_3_tnn_align1_bias_f32_relu
:BasicsTransformerLM.layers.13.attn,PushPop,30,30,1,1,566718,566718.0,566718.0,566718,566718,0.0,cutlass3x_sm100_simt_sgemm_f32_f32_f32_f32_f32_128x128x16_1x1x1_3_tnn_align1_bias_f32_relu
:BasicsTransformerLM.layers.13.attn,PushPop,30,30,1,1,545309,545309.0,545309.0,545309,545309,0.0,cutlass3x_sm100_simt_sgemm_f32_f32_f32_f32_f32_32x64x16_1x1x1_3_nnn_align1_bias_f32_relu
:BasicsTransformerLM.layers.13.attn,PushPop,30,30,1,1,416542,416542.0,416542.0,416542,416542,0.0,"void at::native::elementwise_kernel<(int)128, (int)2, void at::native::gpu_kernel_impl_nocast<at::native::BinaryFunctor<float, float, float, at::native::binary_internal::DivFunctor<float>>>(at::TensorIteratorBase &, const T1 &)::[lambda(int) (instance 1)]>(int, T3)"
:BasicsTransformerLM.layers.13.attn,PushPop,30,30,1,1,365534,365534.0,365534.0,365534,365534,0.0,"void at::native::elementwise_kernel<(int)128, (int)2, void at::native::gpu_kernel_impl_nocast<at::native::<unnamed>::where_kernel_impl(at::TensorIterator &)::[lambda() (instance 1)]::operator ()() const::[lambda() (instance 11)]::operator ()() const::[lambda(bool, float, float) (instance 1)]>(at::TensorIteratorBase &, const T1 &)::[lambda(int) (instance 1)]>(int, T3)"
:BasicsTransformerLM.layers.13.attn,PushPop,30,30,1,1,361310,361310.0,361310.0,361310,361310,0.0,"void at::native::elementwise_kernel<(int)128, (int)2, void at::native::gpu_kernel_impl_nocast<at::native::CUDAFunctor_add<float>>(at::TensorIteratorBase &, const T1 &)::[lambda(int) (instance 1)]>(int, T3)"
:BasicsTransformerLM.layers.13.attn,PushPop,30,30,1,1,156959,156959.0,156959.0,156959,156959,0.0,"void at::native::vectorized_elementwise_kernel<(int)4, at::native::BUnaryFunctor<float, float, float, at::native::binary_internal::MulFunctor<float>>, std::array<char *, (unsigned long)2>>(int, T2, T3)"
:BasicsTransformerLM.layers.13.attn,PushPop,30,30,1,1,155392,155392.0,155392.0,155392,155392,0.0,"void at::native::vectorized_elementwise_kernel<(int)4, at::native::exp_kernel_cuda(at::TensorIteratorBase &)::[lambda() (instance 2)]::operator ()() const::[lambda() (instance 2)]::operator ()() const::[lambda(float) (instance 1)], std::array<char *, (unsigned long)2>>(int, T2, T3)"
:BasicsTransformerLM.layers.13.attn,PushPop,30,30,1,1,135071,135071.0,135071.0,135071,135071,0.0,"void at::native::reduce_kernel<(int)512, (int)1, at::native::ReduceOp<float, at::native::MaxOps<float>, unsigned int, float, (int)4, (int)4>>(T3)"
:BasicsTransformerLM.layers.13.attn,PushPop,30,30,1,1,101727,101727.0,101727.0,101727,101727,0.0,"void at::native::reduce_kernel<(int)512, (int)1, at::native::ReduceOp<float, at::native::func_wrapper_t<float, at::native::sum_functor<float, float, float>::operator ()(at::TensorIterator &)::[lambda(float, float) (instance 1)]>, unsigned int, float, (int)4, (int)4>>(T3)"
:BasicsTransformerLM.layers.13.attn,PushPop,30,30,1,8,65248,8156.0,7664.0,7392,10080,1102.0,"void at::native::elementwise_kernel<(int)128, (int)2, void at::native::gpu_kernel_impl_nocast<at::native::BinaryFunctor<float, float, float, at::native::binary_internal::MulFunctor<float>>>(at::TensorIteratorBase &, const T1 &)::[lambda(int) (instance 1)]>(int, T3)"
:BasicsTransformerLM.layers.13.attn,PushPop,30,30,1,2,54911,27455.5,27455.5,27423,27488,46.0,"void at::native::<unnamed>::CatArrayBatchedCopy<at::native::<unnamed>::OpaqueType<(unsigned int)4>, unsigned int, (int)4, (int)64, (int)64>(T1 *, at::native::<unnamed>::CatArrInputTensorMetadata<T1, T2, T4, T5>, at::native::<unnamed>::TensorSizeStride<T2, (unsigned int)4>, int, T2)"
:BasicsTransformerLM.layers.13.attn,PushPop,30,30,1,4,15616,3904.0,3904.0,3808,4000,82.6,"void at::native::vectorized_elementwise_kernel<(int)4, at::native::CUDAFunctor_add<float>, std::array<char *, (unsigned long)3>>(int, T2, T3)"
:BasicsTransformerLM.layers.13.attn,PushPop,30,30,1,1,15232,15232.0,15232.0,15232,15232,0.0,"void at::native::elementwise_kernel<(int)128, (int)2, void at::native::gpu_kernel_impl_nocast<at::native::direct_copy_kernel_cuda(at::TensorIteratorBase &)::[lambda() (instance 3)]::operator ()() const::[lambda() (instance 7)]::operator ()() const::[lambda(float) (instance 1)]>(at::TensorIteratorBase &, const T1 &)::[lambda(int) (instance 1)]>(int, T3)"
:BasicsTransformerLM.layers.13.attn,PushPop,30,30,1,1,8640,8640.0,8640.0,8640,8640,0.0,"void at::native::elementwise_kernel<(int)128, (int)4, void at::native::gpu_kernel_impl_nocast<at::native::<unnamed>::CompareFunctor<long>>(at::TensorIteratorBase &, const T1 &)::[lambda(int) (instance 1)]>(int, T3)"
:BasicsTransformerLM.layers.13.attn,PushPop,30,30,1,1,1152,1152.0,1152.0,1152,1152,0.0,"void <unnamed>::elementwise_kernel_with_index<int, at::native::arange_cuda_out(const c10::Scalar &, const c10::Scalar &, const c10::Scalar &, at::Tensor &)::[lambda() (instance 1)]::operator ()() const::[lambda() (instance 4)]::operator ()() const::[lambda(long) (instance 1)]>(T1, T2, function_traits<T2>::result_type *)"
:BasicsTransformerLM.layers.13.attn,PushPop,30,30,1,1,1056,1056.0,1056.0,1056,1056,0.0,"void at::native::vectorized_elementwise_kernel<(int)4, at::native::FillFunctor<float>, std::array<char *, (unsigned long)1>>(int, T2, T3)"
:BasicsTransformerLM.layers.13.attn.k_proj,PushPop,30,30,1,1,509086,509086.0,509086.0,509086,509086,0.0,cutlass3x_sm100_simt_sgemm_f32_f32_f32_f32_f32_128x64x16_1x1x1_3_tnn_align1_bias_f32_relu
:BasicsTransformerLM.layers.13.attn.output_proj,PushPop,30,30,1,1,607261,607261.0,607261.0,607261,607261,0.0,cutlass3x_sm100_simt_sgemm_f32_f32_f32_f32_f32_128x64x16_1x1x1_3_tnn_align1_bias_f32_relu
:BasicsTransformerLM.layers.13.attn.q_proj,PushPop,30,30,1,1,507037,507037.0,507037.0,507037,507037,0.0,cutlass3x_sm100_simt_sgemm_f32_f32_f32_f32_f32_128x64x16_1x1x1_3_tnn_align1_bias_f32_relu
:BasicsTransformerLM.layers.13.attn.v_proj,PushPop,30,30,1,1,508605,508605.0,508605.0,508605,508605,0.0,cutlass3x_sm100_simt_sgemm_f32_f32_f32_f32_f32_128x64x16_1x1x1_3_tnn_align1_bias_f32_relu
:BasicsTransformerLM.layers.13.ffn,PushPop,30,30,1,2,3826764,1913382.0,1913382.0,1911798,1914966,2240.1,cutlass3x_sm100_simt_sgemm_f32_f32_f32_f32_f32_128x128x16_1x1x1_3_tnn_align1_bias_f32_relu
:BasicsTransformerLM.layers.13.ffn,PushPop,30,30,1,1,1987574,1987574.0,1987574.0,1987574,1987574,0.0,cutlass3x_sm100_simt_sgemm_f32_f32_f32_f32_f32_64x64x16_1x1x1_3_tnn_align1_bias_f32_relu
:BasicsTransformerLM.layers.13.ffn,PushPop,30,30,1,2,70912,35456.0,35456.0,32352,38560,4389.7,"void at::native::vectorized_elementwise_kernel<(int)4, at::native::BinaryFunctor<float, float, float, at::native::binary_internal::MulFunctor<float>>, std::array<char *, (unsigned long)3>>(int, T2, T3)"
:BasicsTransformerLM.layers.13.ffn,PushPop,30,30,1,1,21856,21856.0,21856.0,21856,21856,0.0,"void at::native::vectorized_elementwise_kernel<(int)4, at::native::sigmoid_kernel_cuda(at::TensorIteratorBase &)::[lambda() (instance 2)]::operator ()() const::[lambda() (instance 2)]::operator ()() const::[lambda(float) (instance 1)], std::array<char *, (unsigned long)2>>(int, T2, T3)"
:BasicsTransformerLM.layers.13.ffn.w1,PushPop,30,30,1,1,1914966,1914966.0,1914966.0,1914966,1914966,0.0,cutlass3x_sm100_simt_sgemm_f32_f32_f32_f32_f32_128x128x16_1x1x1_3_tnn_align1_bias_f32_relu
:BasicsTransformerLM.layers.13.ffn.w2,PushPop,30,30,1,1,1987574,1987574.0,1987574.0,1987574,1987574,0.0,cutlass3x_sm100_simt_sgemm_f32_f32_f32_f32_f32_64x64x16_1x1x1_3_tnn_align1_bias_f32_relu
:BasicsTransformerLM.layers.13.ffn.w3,PushPop,30,30,1,1,1911798,1911798.0,1911798.0,1911798,1911798,0.0,cutlass3x_sm100_simt_sgemm_f32_f32_f32_f32_f32_128x128x16_1x1x1_3_tnn_align1_bias_f32_relu
:BasicsTransformerLM.layers.13.ln1,PushPop,30,30,1,2,25248,12624.0,12624.0,12576,12672,67.9,"void at::native::elementwise_kernel<(int)128, (int)2, void at::native::gpu_kernel_impl_nocast<at::native::BinaryFunctor<float, float, float, at::native::binary_internal::MulFunctor<float>>>(at::TensorIteratorBase &, const T1 &)::[lambda(int) (instance 1)]>(int, T3)"
:BasicsTransformerLM.layers.13.ln1,PushPop,30,30,1,1,9184,9184.0,9184.0,9184,9184,0.0,"void at::native::reduce_kernel<(int)512, (int)1, at::native::ReduceOp<float, at::native::MeanOps<float, float, float, float>, unsigned int, float, (int)4, (int)4>>(T3)"
:BasicsTransformerLM.layers.13.ln1,PushPop,30,30,1,1,5280,5280.0,5280.0,5280,5280,0.0,"void at::native::vectorized_elementwise_kernel<(int)4, void at::native::<unnamed>::pow_tensor_scalar_kernel_impl<float, float>(at::TensorIteratorBase &, T2)::[lambda(float) (instance 1)], std::array<char *, (unsigned long)2>>(int, T2, T3)"
:BasicsTransformerLM.layers.13.ln1,PushPop,30,30,1,1,1504,1504.0,1504.0,1504,1504,0.0,"void at::native::vectorized_elementwise_kernel<(int)4, at::native::CUDAFunctorOnSelf_add<float>, std::array<char *, (unsigned long)2>>(int, T2, T3)"
:BasicsTransformerLM.layers.13.ln1,PushPop,30,30,1,1,1440,1440.0,1440.0,1440,1440,0.0,"void at::native::vectorized_elementwise_kernel<(int)4, at::native::rsqrt_kernel_cuda(at::TensorIteratorBase &)::[lambda() (instance 2)]::operator ()() const::[lambda() (instance 2)]::operator ()() const::[lambda(float) (instance 1)], std::array<char *, (unsigned long)2>>(int, T2, T3)"
:BasicsTransformerLM.layers.13.ln2,PushPop,30,30,1,2,25472,12736.0,12736.0,12736,12736,0.0,"void at::native::elementwise_kernel<(int)128, (int)2, void at::native::gpu_kernel_impl_nocast<at::native::BinaryFunctor<float, float, float, at::native::binary_internal::MulFunctor<float>>>(at::TensorIteratorBase &, const T1 &)::[lambda(int) (instance 1)]>(int, T3)"
:BasicsTransformerLM.layers.13.ln2,PushPop,30,30,1,1,9216,9216.0,9216.0,9216,9216,0.0,"void at::native::reduce_kernel<(int)512, (int)1, at::native::ReduceOp<float, at::native::MeanOps<float, float, float, float>, unsigned int, float, (int)4, (int)4>>(T3)"
:BasicsTransformerLM.layers.13.ln2,PushPop,30,30,1,1,5152,5152.0,5152.0,5152,5152,0.0,"void at::native::vectorized_elementwise_kernel<(int)4, void at::native::<unnamed>::pow_tensor_scalar_kernel_impl<float, float>(at::TensorIteratorBase &, T2)::[lambda(float) (instance 1)], std::array<char *, (unsigned long)2>>(int, T2, T3)"
:BasicsTransformerLM.layers.13.ln2,PushPop,30,30,1,1,1568,1568.0,1568.0,1568,1568,0.0,"void at::native::vectorized_elementwise_kernel<(int)4, at::native::CUDAFunctorOnSelf_add<float>, std::array<char *, (unsigned long)2>>(int, T2, T3)"
:BasicsTransformerLM.layers.13.ln2,PushPop,30,30,1,1,1440,1440.0,1440.0,1440,1440,0.0,"void at::native::vectorized_elementwise_kernel<(int)4, at::native::rsqrt_kernel_cuda(at::TensorIteratorBase &)::[lambda() (instance 2)]::operator ()() const::[lambda() (instance 2)]::operator ()() const::[lambda(float) (instance 1)], std::array<char *, (unsigned long)2>>(int, T2, T3)"
:BasicsTransformerLM.layers.14,PushPop,30,30,1,3,4390891,1463630.3,1911191.0,565629,1914071,777693.3,cutlass3x_sm100_simt_sgemm_f32_f32_f32_f32_f32_128x128x16_1x1x1_3_tnn_align1_bias_f32_relu
:BasicsTransformerLM.layers.14,PushPop,30,30,1,4,2133717,533429.3,508893.5,507933,607997,49713.9,cutlass3x_sm100_simt_sgemm_f32_f32_f32_f32_f32_128x64x16_1x1x1_3_tnn_align1_bias_f32_relu
:BasicsTransformerLM.layers.14,PushPop,30,30,1,1,1988086,1988086.0,1988086.0,1988086,1988086,0.0,cutlass3x_sm100_simt_sgemm_f32_f32_f32_f32_f32_64x64x16_1x1x1_3_tnn_align1_bias_f32_relu
:BasicsTransformerLM.layers.14,PushPop,30,30,1,1,545214,545214.0,545214.0,545214,545214,0.0,cutlass3x_sm100_simt_sgemm_f32_f32_f32_f32_f32_32x64x16_1x1x1_3_nnn_align1_bias_f32_relu
:BasicsTransformerLM.layers.14,PushPop,30,30,1,1,416062,416062.0,416062.0,416062,416062,0.0,"void at::native::elementwise_kernel<(int)128, (int)2, void at::native::gpu_kernel_impl_nocast<at::native::BinaryFunctor<float, float, float, at::native::binary_internal::DivFunctor<float>>>(at::TensorIteratorBase &, const T1 &)::[lambda(int) (instance 1)]>(int, T3)"
:BasicsTransformerLM.layers.14,PushPop,30,30,1,1,365118,365118.0,365118.0,365118,365118,0.0,"void at::native::elementwise_kernel<(int)128, (int)2, void at::native::gpu_kernel_impl_nocast<at::native::<unnamed>::where_kernel_impl(at::TensorIterator &)::[lambda() (instance 1)]::operator ()() const::[lambda() (instance 11)]::operator ()() const::[lambda(bool, float, float) (instance 1)]>(at::TensorIteratorBase &, const T1 &)::[lambda(int) (instance 1)]>(int, T3)"
:BasicsTransformerLM.layers.14,PushPop,30,30,1,1,362078,362078.0,362078.0,362078,362078,0.0,"void at::native::elementwise_kernel<(int)128, (int)2, void at::native::gpu_kernel_impl_nocast<at::native::CUDAFunctor_add<float>>(at::TensorIteratorBase &, const T1 &)::[lambda(int) (instance 1)]>(int, T3)"
:BasicsTransformerLM.layers.14,PushPop,30,30,1,1,156991,156991.0,156991.0,156991,156991,0.0,"void at::native::vectorized_elementwise_kernel<(int)4, at::native::BUnaryFunctor<float, float, float, at::native::binary_internal::MulFunctor<float>>, std::array<char *, (unsigned long)2>>(int, T2, T3)"
:BasicsTransformerLM.layers.14,PushPop,30,30,1,1,155423,155423.0,155423.0,155423,155423,0.0,"void at::native::vectorized_elementwise_kernel<(int)4, at::native::exp_kernel_cuda(at::TensorIteratorBase &)::[lambda() (instance 2)]::operator ()() const::[lambda() (instance 2)]::operator ()() const::[lambda(float) (instance 1)], std::array<char *, (unsigned long)2>>(int, T2, T3)"
:BasicsTransformerLM.layers.14,PushPop,30,30,1,1,134976,134976.0,134976.0,134976,134976,0.0,"void at::native::reduce_kernel<(int)512, (int)1, at::native::ReduceOp<float, at::native::MaxOps<float>, unsigned int, float, (int)4, (int)4>>(T3)"
:BasicsTransformerLM.layers.14,PushPop,30,30,1,12,115968,9664.0,8832.0,7360,12800,2424.2,"void at::native::elementwise_kernel<(int)128, (int)2, void at::native::gpu_kernel_impl_nocast<at::native::BinaryFunctor<float, float, float, at::native::binary_internal::MulFunctor<float>>>(at::TensorIteratorBase &, const T1 &)::[lambda(int) (instance 1)]>(int, T3)"
:BasicsTransformerLM.layers.14,PushPop,30,30,1,1,101312,101312.0,101312.0,101312,101312,0.0,"void at::native::reduce_kernel<(int)512, (int)1, at::native::ReduceOp<float, at::native::func_wrapper_t<float, at::native::sum_functor<float, float, float>::operator ()(at::TensorIterator &)::[lambda(float, float) (instance 1)]>, unsigned int, float, (int)4, (int)4>>(T3)"
:BasicsTransformerLM.layers.14,PushPop,30,30,1,2,71199,35599.5,35599.5,33407,37792,3100.7,"void at::native::vectorized_elementwise_kernel<(int)4, at::native::BinaryFunctor<float, float, float, at::native::binary_internal::MulFunctor<float>>, std::array<char *, (unsigned long)3>>(int, T2, T3)"
:BasicsTransformerLM.layers.14,PushPop,30,30,1,2,54559,27279.5,27279.5,27232,27327,67.2,"void at::native::<unnamed>::CatArrayBatchedCopy<at::native::<unnamed>::OpaqueType<(unsigned int)4>, unsigned int, (int)4, (int)64, (int)64>(T1 *, at::native::<unnamed>::CatArrInputTensorMetadata<T1, T2, T4, T5>, at::native::<unnamed>::TensorSizeStride<T2, (unsigned int)4>, int, T2)"
:BasicsTransformerLM.layers.14,PushPop,30,30,1,6,31968,5328.0,3984.0,3744,8768,2250.1,"void at::native::vectorized_elementwise_kernel<(int)4, at::native::CUDAFunctor_add<float>, std::array<char *, (unsigned long)3>>(int, T2, T3)"
:BasicsTransformerLM.layers.14,PushPop,30,30,1,1,21951,21951.0,21951.0,21951,21951,0.0,"void at::native::vectorized_elementwise_kernel<(int)4, at::native::sigmoid_kernel_cuda(at::TensorIteratorBase &)::[lambda() (instance 2)]::operator ()() const::[lambda() (instance 2)]::operator ()() const::[lambda(float) (instance 1)], std::array<char *, (unsigned long)2>>(int, T2, T3)"
:BasicsTransformerLM.layers.14,PushPop,30,30,1,2,18336,9168.0,9168.0,9088,9248,113.1,"void at::native::reduce_kernel<(int)512, (int)1, at::native::ReduceOp<float, at::native::MeanOps<float, float, float, float>, unsigned int, float, (int)4, (int)4>>(T3)"
:BasicsTransformerLM.layers.14,PushPop,30,30,1,1,14752,14752.0,14752.0,14752,14752,0.0,"void at::native::elementwise_kernel<(int)128, (int)2, void at::native::gpu_kernel_impl_nocast<at::native::direct_copy_kernel_cuda(at::TensorIteratorBase &)::[lambda() (instance 3)]::operator ()() const::[lambda() (instance 7)]::operator ()() const::[lambda(float) (instance 1)]>(at::TensorIteratorBase &, const T1 &)::[lambda(int) (instance 1)]>(int, T3)"
:BasicsTransformerLM.layers.14,PushPop,30,30,1,2,10399,5199.5,5199.5,5119,5280,113.8,"void at::native::vectorized_elementwise_kernel<(int)4, void at::native::<unnamed>::pow_tensor_scalar_kernel_impl<float, float>(at::TensorIteratorBase &, T2)::[lambda(float) (instance 1)], std::array<char *, (unsigned long)2>>(int, T2, T3)"
:BasicsTransformerLM.layers.14,PushPop,30,30,1,1,8608,8608.0,8608.0,8608,8608,0.0,"void at::native::elementwise_kernel<(int)128, (int)4, void at::native::gpu_kernel_impl_nocast<at::native::<unnamed>::CompareFunctor<long>>(at::TensorIteratorBase &, const T1 &)::[lambda(int) (instance 1)]>(int, T3)"
:BasicsTransformerLM.layers.14,PushPop,30,30,1,2,3200,1600.0,1600.0,1568,1632,45.3,"void at::native::vectorized_elementwise_kernel<(int)4, at::native::CUDAFunctorOnSelf_add<float>, std::array<char *, (unsigned long)2>>(int, T2, T3)"
:BasicsTransformerLM.layers.14,PushPop,30,30,1,2,2944,1472.0,1472.0,1472,1472,0.0,"void at::native::vectorized_elementwise_kernel<(int)4, at::native::rsqrt_kernel_cuda(at::TensorIteratorBase &)::[lambda() (instance 2)]::operator ()() const::[lambda() (instance 2)]::operator ()() const::[lambda(float) (instance 1)], std::array<char *, (unsigned long)2>>(int, T2, T3)"
:BasicsTransformerLM.layers.14,PushPop,30,30,1,1,1184,1184.0,1184.0,1184,1184,0.0,"void <unnamed>::elementwise_kernel_with_index<int, at::native::arange_cuda_out(const c10::Scalar &, const c10::Scalar &, const c10::Scalar &, at::Tensor &)::[lambda() (instance 1)]::operator ()() const::[lambda() (instance 4)]::operator ()() const::[lambda(long) (instance 1)]>(T1, T2, function_traits<T2>::result_type *)"
:BasicsTransformerLM.layers.14,PushPop,30,30,1,1,1056,1056.0,1056.0,1056,1056,0.0,"void at::native::vectorized_elementwise_kernel<(int)4, at::native::FillFunctor<float>, std::array<char *, (unsigned long)1>>(int, T2, T3)"
:BasicsTransformerLM.layers.14.attn,PushPop,30,30,1,4,2133717,533429.3,508893.5,507933,607997,49713.9,cutlass3x_sm100_simt_sgemm_f32_f32_f32_f32_f32_128x64x16_1x1x1_3_tnn_align1_bias_f32_relu
:BasicsTransformerLM.layers.14.attn,PushPop,30,30,1,1,565629,565629.0,565629.0,565629,565629,0.0,cutlass3x_sm100_simt_sgemm_f32_f32_f32_f32_f32_128x128x16_1x1x1_3_tnn_align1_bias_f32_relu
:BasicsTransformerLM.layers.14.attn,PushPop,30,30,1,1,545214,545214.0,545214.0,545214,545214,0.0,cutlass3x_sm100_simt_sgemm_f32_f32_f32_f32_f32_32x64x16_1x1x1_3_nnn_align1_bias_f32_relu
:BasicsTransformerLM.layers.14.attn,PushPop,30,30,1,1,416062,416062.0,416062.0,416062,416062,0.0,"void at::native::elementwise_kernel<(int)128, (int)2, void at::native::gpu_kernel_impl_nocast<at::native::BinaryFunctor<float, float, float, at::native::binary_internal::DivFunctor<float>>>(at::TensorIteratorBase &, const T1 &)::[lambda(int) (instance 1)]>(int, T3)"
:BasicsTransformerLM.layers.14.attn,PushPop,30,30,1,1,365118,365118.0,365118.0,365118,365118,0.0,"void at::native::elementwise_kernel<(int)128, (int)2, void at::native::gpu_kernel_impl_nocast<at::native::<unnamed>::where_kernel_impl(at::TensorIterator &)::[lambda() (instance 1)]::operator ()() const::[lambda() (instance 11)]::operator ()() const::[lambda(bool, float, float) (instance 1)]>(at::TensorIteratorBase &, const T1 &)::[lambda(int) (instance 1)]>(int, T3)"
:BasicsTransformerLM.layers.14.attn,PushPop,30,30,1,1,362078,362078.0,362078.0,362078,362078,0.0,"void at::native::elementwise_kernel<(int)128, (int)2, void at::native::gpu_kernel_impl_nocast<at::native::CUDAFunctor_add<float>>(at::TensorIteratorBase &, const T1 &)::[lambda(int) (instance 1)]>(int, T3)"
:BasicsTransformerLM.layers.14.attn,PushPop,30,30,1,1,156991,156991.0,156991.0,156991,156991,0.0,"void at::native::vectorized_elementwise_kernel<(int)4, at::native::BUnaryFunctor<float, float, float, at::native::binary_internal::MulFunctor<float>>, std::array<char *, (unsigned long)2>>(int, T2, T3)"
:BasicsTransformerLM.layers.14.attn,PushPop,30,30,1,1,155423,155423.0,155423.0,155423,155423,0.0,"void at::native::vectorized_elementwise_kernel<(int)4, at::native::exp_kernel_cuda(at::TensorIteratorBase &)::[lambda() (instance 2)]::operator ()() const::[lambda() (instance 2)]::operator ()() const::[lambda(float) (instance 1)], std::array<char *, (unsigned long)2>>(int, T2, T3)"
:BasicsTransformerLM.layers.14.attn,PushPop,30,30,1,1,134976,134976.0,134976.0,134976,134976,0.0,"void at::native::reduce_kernel<(int)512, (int)1, at::native::ReduceOp<float, at::native::MaxOps<float>, unsigned int, float, (int)4, (int)4>>(T3)"
:BasicsTransformerLM.layers.14.attn,PushPop,30,30,1,1,101312,101312.0,101312.0,101312,101312,0.0,"void at::native::reduce_kernel<(int)512, (int)1, at::native::ReduceOp<float, at::native::func_wrapper_t<float, at::native::sum_functor<float, float, float>::operator ()(at::TensorIterator &)::[lambda(float, float) (instance 1)]>, unsigned int, float, (int)4, (int)4>>(T3)"
:BasicsTransformerLM.layers.14.attn,PushPop,30,30,1,8,65152,8144.0,7616.0,7360,10048,1144.5,"void at::native::elementwise_kernel<(int)128, (int)2, void at::native::gpu_kernel_impl_nocast<at::native::BinaryFunctor<float, float, float, at::native::binary_internal::MulFunctor<float>>>(at::TensorIteratorBase &, const T1 &)::[lambda(int) (instance 1)]>(int, T3)"
:BasicsTransformerLM.layers.14.attn,PushPop,30,30,1,2,54559,27279.5,27279.5,27232,27327,67.2,"void at::native::<unnamed>::CatArrayBatchedCopy<at::native::<unnamed>::OpaqueType<(unsigned int)4>, unsigned int, (int)4, (int)64, (int)64>(T1 *, at::native::<unnamed>::CatArrInputTensorMetadata<T1, T2, T4, T5>, at::native::<unnamed>::TensorSizeStride<T2, (unsigned int)4>, int, T2)"
:BasicsTransformerLM.layers.14.attn,PushPop,30,30,1,4,15584,3896.0,3904.0,3744,4032,120.8,"void at::native::vectorized_elementwise_kernel<(int)4, at::native::CUDAFunctor_add<float>, std::array<char *, (unsigned long)3>>(int, T2, T3)"
:BasicsTransformerLM.layers.14.attn,PushPop,30,30,1,1,14752,14752.0,14752.0,14752,14752,0.0,"void at::native::elementwise_kernel<(int)128, (int)2, void at::native::gpu_kernel_impl_nocast<at::native::direct_copy_kernel_cuda(at::TensorIteratorBase &)::[lambda() (instance 3)]::operator ()() const::[lambda() (instance 7)]::operator ()() const::[lambda(float) (instance 1)]>(at::TensorIteratorBase &, const T1 &)::[lambda(int) (instance 1)]>(int, T3)"
:BasicsTransformerLM.layers.14.attn,PushPop,30,30,1,1,8608,8608.0,8608.0,8608,8608,0.0,"void at::native::elementwise_kernel<(int)128, (int)4, void at::native::gpu_kernel_impl_nocast<at::native::<unnamed>::CompareFunctor<long>>(at::TensorIteratorBase &, const T1 &)::[lambda(int) (instance 1)]>(int, T3)"
:BasicsTransformerLM.layers.14.attn,PushPop,30,30,1,1,1184,1184.0,1184.0,1184,1184,0.0,"void <unnamed>::elementwise_kernel_with_index<int, at::native::arange_cuda_out(const c10::Scalar &, const c10::Scalar &, const c10::Scalar &, at::Tensor &)::[lambda() (instance 1)]::operator ()() const::[lambda() (instance 4)]::operator ()() const::[lambda(long) (instance 1)]>(T1, T2, function_traits<T2>::result_type *)"
:BasicsTransformerLM.layers.14.attn,PushPop,30,30,1,1,1056,1056.0,1056.0,1056,1056,0.0,"void at::native::vectorized_elementwise_kernel<(int)4, at::native::FillFunctor<float>, std::array<char *, (unsigned long)1>>(int, T2, T3)"
:BasicsTransformerLM.layers.14.attn.k_proj,PushPop,30,30,1,1,508893,508893.0,508893.0,508893,508893,0.0,cutlass3x_sm100_simt_sgemm_f32_f32_f32_f32_f32_128x64x16_1x1x1_3_tnn_align1_bias_f32_relu
:BasicsTransformerLM.layers.14.attn.output_proj,PushPop,30,30,1,1,607997,607997.0,607997.0,607997,607997,0.0,cutlass3x_sm100_simt_sgemm_f32_f32_f32_f32_f32_128x64x16_1x1x1_3_tnn_align1_bias_f32_relu
:BasicsTransformerLM.layers.14.attn.q_proj,PushPop,30,30,1,1,507933,507933.0,507933.0,507933,507933,0.0,cutlass3x_sm100_simt_sgemm_f32_f32_f32_f32_f32_128x64x16_1x1x1_3_tnn_align1_bias_f32_relu
:BasicsTransformerLM.layers.14.attn.v_proj,PushPop,30,30,1,1,508894,508894.0,508894.0,508894,508894,0.0,cutlass3x_sm100_simt_sgemm_f32_f32_f32_f32_f32_128x64x16_1x1x1_3_tnn_align1_bias_f32_relu
:BasicsTransformerLM.layers.14.ffn,PushPop,30,30,1,2,3825262,1912631.0,1912631.0,1911191,1914071,2036.5,cutlass3x_sm100_simt_sgemm_f32_f32_f32_f32_f32_128x128x16_1x1x1_3_tnn_align1_bias_f32_relu
:BasicsTransformerLM.layers.14.ffn,PushPop,30,30,1,1,1988086,1988086.0,1988086.0,1988086,1988086,0.0,cutlass3x_sm100_simt_sgemm_f32_f32_f32_f32_f32_64x64x16_1x1x1_3_tnn_align1_bias_f32_relu
:BasicsTransformerLM.layers.14.ffn,PushPop,30,30,1,2,71199,35599.5,35599.5,33407,37792,3100.7,"void at::native::vectorized_elementwise_kernel<(int)4, at::native::BinaryFunctor<float, float, float, at::native::binary_internal::MulFunctor<float>>, std::array<char *, (unsigned long)3>>(int, T2, T3)"
:BasicsTransformerLM.layers.14.ffn,PushPop,30,30,1,1,21951,21951.0,21951.0,21951,21951,0.0,"void at::native::vectorized_elementwise_kernel<(int)4, at::native::sigmoid_kernel_cuda(at::TensorIteratorBase &)::[lambda() (instance 2)]::operator ()() const::[lambda() (instance 2)]::operator ()() const::[lambda(float) (instance 1)], std::array<char *, (unsigned long)2>>(int, T2, T3)"
:BasicsTransformerLM.layers.14.ffn.w1,PushPop,30,30,1,1,1914071,1914071.0,1914071.0,1914071,1914071,0.0,cutlass3x_sm100_simt_sgemm_f32_f32_f32_f32_f32_128x128x16_1x1x1_3_tnn_align1_bias_f32_relu
:BasicsTransformerLM.layers.14.ffn.w2,PushPop,30,30,1,1,1988086,1988086.0,1988086.0,1988086,1988086,0.0,cutlass3x_sm100_simt_sgemm_f32_f32_f32_f32_f32_64x64x16_1x1x1_3_tnn_align1_bias_f32_relu
:BasicsTransformerLM.layers.14.ffn.w3,PushPop,30,30,1,1,1911191,1911191.0,1911191.0,1911191,1911191,0.0,cutlass3x_sm100_simt_sgemm_f32_f32_f32_f32_f32_128x128x16_1x1x1_3_tnn_align1_bias_f32_relu
:BasicsTransformerLM.layers.14.ln1,PushPop,30,30,1,2,25536,12768.0,12768.0,12736,12800,45.3,"void at::native::elementwise_kernel<(int)128, (int)2, void at::native::gpu_kernel_impl_nocast<at::native::BinaryFunctor<float, float, float, at::native::binary_internal::MulFunctor<float>>>(at::TensorIteratorBase &, const T1 &)::[lambda(int) (instance 1)]>(int, T3)"
:BasicsTransformerLM.layers.14.ln1,PushPop,30,30,1,1,9248,9248.0,9248.0,9248,9248,0.0,"void at::native::reduce_kernel<(int)512, (int)1, at::native::ReduceOp<float, at::native::MeanOps<float, float, float, float>, unsigned int, float, (int)4, (int)4>>(T3)"
:BasicsTransformerLM.layers.14.ln1,PushPop,30,30,1,1,5280,5280.0,5280.0,5280,5280,0.0,"void at::native::vectorized_elementwise_kernel<(int)4, void at::native::<unnamed>::pow_tensor_scalar_kernel_impl<float, float>(at::TensorIteratorBase &, T2)::[lambda(float) (instance 1)], std::array<char *, (unsigned long)2>>(int, T2, T3)"
:BasicsTransformerLM.layers.14.ln1,PushPop,30,30,1,1,1568,1568.0,1568.0,1568,1568,0.0,"void at::native::vectorized_elementwise_kernel<(int)4, at::native::CUDAFunctorOnSelf_add<float>, std::array<char *, (unsigned long)2>>(int, T2, T3)"
:BasicsTransformerLM.layers.14.ln1,PushPop,30,30,1,1,1472,1472.0,1472.0,1472,1472,0.0,"void at::native::vectorized_elementwise_kernel<(int)4, at::native::rsqrt_kernel_cuda(at::TensorIteratorBase &)::[lambda() (instance 2)]::operator ()() const::[lambda() (instance 2)]::operator ()() const::[lambda(float) (instance 1)], std::array<char *, (unsigned long)2>>(int, T2, T3)"
:BasicsTransformerLM.layers.14.ln2,PushPop,30,30,1,2,25280,12640.0,12640.0,12576,12704,90.5,"void at::native::elementwise_kernel<(int)128, (int)2, void at::native::gpu_kernel_impl_nocast<at::native::BinaryFunctor<float, float, float, at::native::binary_internal::MulFunctor<float>>>(at::TensorIteratorBase &, const T1 &)::[lambda(int) (instance 1)]>(int, T3)"
:BasicsTransformerLM.layers.14.ln2,PushPop,30,30,1,1,9088,9088.0,9088.0,9088,9088,0.0,"void at::native::reduce_kernel<(int)512, (int)1, at::native::ReduceOp<float, at::native::MeanOps<float, float, float, float>, unsigned int, float, (int)4, (int)4>>(T3)"
:BasicsTransformerLM.layers.14.ln2,PushPop,30,30,1,1,5119,5119.0,5119.0,5119,5119,0.0,"void at::native::vectorized_elementwise_kernel<(int)4, void at::native::<unnamed>::pow_tensor_scalar_kernel_impl<float, float>(at::TensorIteratorBase &, T2)::[lambda(float) (instance 1)], std::array<char *, (unsigned long)2>>(int, T2, T3)"
:BasicsTransformerLM.layers.14.ln2,PushPop,30,30,1,1,1632,1632.0,1632.0,1632,1632,0.0,"void at::native::vectorized_elementwise_kernel<(int)4, at::native::CUDAFunctorOnSelf_add<float>, std::array<char *, (unsigned long)2>>(int, T2, T3)"
:BasicsTransformerLM.layers.14.ln2,PushPop,30,30,1,1,1472,1472.0,1472.0,1472,1472,0.0,"void at::native::vectorized_elementwise_kernel<(int)4, at::native::rsqrt_kernel_cuda(at::TensorIteratorBase &)::[lambda() (instance 2)]::operator ()() const::[lambda() (instance 2)]::operator ()() const::[lambda(float) (instance 1)], std::array<char *, (unsigned long)2>>(int, T2, T3)"
:BasicsTransformerLM.layers.15,PushPop,30,30,1,3,4391819,1463939.7,1911831.0,567453,1912535,776380.3,cutlass3x_sm100_simt_sgemm_f32_f32_f32_f32_f32_128x128x16_1x1x1_3_tnn_align1_bias_f32_relu
:BasicsTransformerLM.layers.15,PushPop,30,30,1,4,2037558,509389.5,508189.0,507998,513182,2532.1,cutlass3x_sm100_simt_sgemm_f32_f32_f32_f32_f32_128x64x16_1x1x1_3_tnn_align1_bias_f32_relu
:BasicsTransformerLM.layers.15,PushPop,30,30,1,1,1989494,1989494.0,1989494.0,1989494,1989494,0.0,cutlass3x_sm100_simt_sgemm_f32_f32_f32_f32_f32_64x64x16_1x1x1_3_tnn_align1_bias_f32_relu
:BasicsTransformerLM.layers.15,PushPop,30,30,1,1,546141,546141.0,546141.0,546141,546141,0.0,cutlass3x_sm100_simt_sgemm_f32_f32_f32_f32_f32_32x64x16_1x1x1_3_nnn_align1_bias_f32_relu
:BasicsTransformerLM.layers.15,PushPop,30,30,1,1,416254,416254.0,416254.0,416254,416254,0.0,"void at::native::elementwise_kernel<(int)128, (int)2, void at::native::gpu_kernel_impl_nocast<at::native::BinaryFunctor<float, float, float, at::native::binary_internal::DivFunctor<float>>>(at::TensorIteratorBase &, const T1 &)::[lambda(int) (instance 1)]>(int, T3)"
:BasicsTransformerLM.layers.15,PushPop,30,30,1,1,365758,365758.0,365758.0,365758,365758,0.0,"void at::native::elementwise_kernel<(int)128, (int)2, void at::native::gpu_kernel_impl_nocast<at::native::<unnamed>::where_kernel_impl(at::TensorIterator &)::[lambda() (instance 1)]::operator ()() const::[lambda() (instance 11)]::operator ()() const::[lambda(bool, float, float) (instance 1)]>(at::TensorIteratorBase &, const T1 &)::[lambda(int) (instance 1)]>(int, T3)"
:BasicsTransformerLM.layers.15,PushPop,30,30,1,1,362270,362270.0,362270.0,362270,362270,0.0,"void at::native::elementwise_kernel<(int)128, (int)2, void at::native::gpu_kernel_impl_nocast<at::native::CUDAFunctor_add<float>>(at::TensorIteratorBase &, const T1 &)::[lambda(int) (instance 1)]>(int, T3)"
:BasicsTransformerLM.layers.15,PushPop,30,30,1,1,157759,157759.0,157759.0,157759,157759,0.0,"void at::native::vectorized_elementwise_kernel<(int)4, at::native::BUnaryFunctor<float, float, float, at::native::binary_internal::MulFunctor<float>>, std::array<char *, (unsigned long)2>>(int, T2, T3)"
:BasicsTransformerLM.layers.15,PushPop,30,30,1,1,154784,154784.0,154784.0,154784,154784,0.0,"void at::native::vectorized_elementwise_kernel<(int)4, at::native::exp_kernel_cuda(at::TensorIteratorBase &)::[lambda() (instance 2)]::operator ()() const::[lambda() (instance 2)]::operator ()() const::[lambda(float) (instance 1)], std::array<char *, (unsigned long)2>>(int, T2, T3)"
:BasicsTransformerLM.layers.15,PushPop,30,30,1,1,135711,135711.0,135711.0,135711,135711,0.0,"void at::native::reduce_kernel<(int)512, (int)1, at::native::ReduceOp<float, at::native::MaxOps<float>, unsigned int, float, (int)4, (int)4>>(T3)"
:BasicsTransformerLM.layers.15,PushPop,30,30,1,12,116576,9714.7,8768.0,7424,12800,2387.8,"void at::native::elementwise_kernel<(int)128, (int)2, void at::native::gpu_kernel_impl_nocast<at::native::BinaryFunctor<float, float, float, at::native::binary_internal::MulFunctor<float>>>(at::TensorIteratorBase &, const T1 &)::[lambda(int) (instance 1)]>(int, T3)"
:BasicsTransformerLM.layers.15,PushPop,30,30,1,1,101887,101887.0,101887.0,101887,101887,0.0,"void at::native::reduce_kernel<(int)512, (int)1, at::native::ReduceOp<float, at::native::func_wrapper_t<float, at::native::sum_functor<float, float, float>::operator ()(at::TensorIterator &)::[lambda(float, float) (instance 1)]>, unsigned int, float, (int)4, (int)4>>(T3)"
:BasicsTransformerLM.layers.15,PushPop,30,30,1,2,69983,34991.5,34991.5,31936,38047,4321.1,"void at::native::vectorized_elementwise_kernel<(int)4, at::native::BinaryFunctor<float, float, float, at::native::binary_internal::MulFunctor<float>>, std::array<char *, (unsigned long)3>>(int, T2, T3)"
:BasicsTransformerLM.layers.15,PushPop,30,30,1,2,54624,27312.0,27312.0,27200,27424,158.4,"void at::native::<unnamed>::CatArrayBatchedCopy<at::native::<unnamed>::OpaqueType<(unsigned int)4>, unsigned int, (int)4, (int)64, (int)64>(T1 *, at::native::<unnamed>::CatArrInputTensorMetadata<T1, T2, T4, T5>, at::native::<unnamed>::TensorSizeStride<T2, (unsigned int)4>, int, T2)"
:BasicsTransformerLM.layers.15,PushPop,30,30,1,6,31775,5295.8,3856.0,3712,8767,2326.8,"void at::native::vectorized_elementwise_kernel<(int)4, at::native::CUDAFunctor_add<float>, std::array<char *, (unsigned long)3>>(int, T2, T3)"
:BasicsTransformerLM.layers.15,PushPop,30,30,1,1,21856,21856.0,21856.0,21856,21856,0.0,"void at::native::vectorized_elementwise_kernel<(int)4, at::native::sigmoid_kernel_cuda(at::TensorIteratorBase &)::[lambda() (instance 2)]::operator ()() const::[lambda() (instance 2)]::operator ()() const::[lambda(float) (instance 1)], std::array<char *, (unsigned long)2>>(int, T2, T3)"
:BasicsTransformerLM.layers.15,PushPop,30,30,1,2,18367,9183.5,9183.5,9152,9215,44.5,"void at::native::reduce_kernel<(int)512, (int)1, at::native::ReduceOp<float, at::native::MeanOps<float, float, float, float>, unsigned int, float, (int)4, (int)4>>(T3)"
:BasicsTransformerLM.layers.15,PushPop,30,30,1,1,14752,14752.0,14752.0,14752,14752,0.0,"void at::native::elementwise_kernel<(int)128, (int)2, void at::native::gpu_kernel_impl_nocast<at::native::direct_copy_kernel_cuda(at::TensorIteratorBase &)::[lambda() (instance 3)]::operator ()() const::[lambda() (instance 7)]::operator ()() const::[lambda(float) (instance 1)]>(at::TensorIteratorBase &, const T1 &)::[lambda(int) (instance 1)]>(int, T3)"
:BasicsTransformerLM.layers.15,PushPop,30,30,1,2,10496,5248.0,5248.0,5216,5280,45.3,"void at::native::vectorized_elementwise_kernel<(int)4, void at::native::<unnamed>::pow_tensor_scalar_kernel_impl<float, float>(at::TensorIteratorBase &, T2)::[lambda(float) (instance 1)], std::array<char *, (unsigned long)2>>(int, T2, T3)"
:BasicsTransformerLM.layers.15,PushPop,30,30,1,1,8736,8736.0,8736.0,8736,8736,0.0,"void at::native::elementwise_kernel<(int)128, (int)4, void at::native::gpu_kernel_impl_nocast<at::native::<unnamed>::CompareFunctor<long>>(at::TensorIteratorBase &, const T1 &)::[lambda(int) (instance 1)]>(int, T3)"
:BasicsTransformerLM.layers.15,PushPop,30,30,1,2,3104,1552.0,1552.0,1536,1568,22.6,"void at::native::vectorized_elementwise_kernel<(int)4, at::native::CUDAFunctorOnSelf_add<float>, std::array<char *, (unsigned long)2>>(int, T2, T3)"
:BasicsTransformerLM.layers.15,PushPop,30,30,1,2,3040,1520.0,1520.0,1472,1568,67.9,"void at::native::vectorized_elementwise_kernel<(int)4, at::native::rsqrt_kernel_cuda(at::TensorIteratorBase &)::[lambda() (instance 2)]::operator ()() const::[lambda() (instance 2)]::operator ()() const::[lambda(float) (instance 1)], std::array<char *, (unsigned long)2>>(int, T2, T3)"
:BasicsTransformerLM.layers.15,PushPop,30,30,1,1,1184,1184.0,1184.0,1184,1184,0.0,"void <unnamed>::elementwise_kernel_with_index<int, at::native::arange_cuda_out(const c10::Scalar &, const c10::Scalar &, const c10::Scalar &, at::Tensor &)::[lambda() (instance 1)]::operator ()() const::[lambda() (instance 4)]::operator ()() const::[lambda(long) (instance 1)]>(T1, T2, function_traits<T2>::result_type *)"
:BasicsTransformerLM.layers.15,PushPop,30,30,1,1,1024,1024.0,1024.0,1024,1024,0.0,"void at::native::vectorized_elementwise_kernel<(int)4, at::native::FillFunctor<float>, std::array<char *, (unsigned long)1>>(int, T2, T3)"
:BasicsTransformerLM.layers.15.attn,PushPop,30,30,1,4,2037558,509389.5,508189.0,507998,513182,2532.1,cutlass3x_sm100_simt_sgemm_f32_f32_f32_f32_f32_128x64x16_1x1x1_3_tnn_align1_bias_f32_relu
:BasicsTransformerLM.layers.15.attn,PushPop,30,30,1,1,567453,567453.0,567453.0,567453,567453,0.0,cutlass3x_sm100_simt_sgemm_f32_f32_f32_f32_f32_128x128x16_1x1x1_3_tnn_align1_bias_f32_relu
:BasicsTransformerLM.layers.15.attn,PushPop,30,30,1,1,546141,546141.0,546141.0,546141,546141,0.0,cutlass3x_sm100_simt_sgemm_f32_f32_f32_f32_f32_32x64x16_1x1x1_3_nnn_align1_bias_f32_relu
:BasicsTransformerLM.layers.15.attn,PushPop,30,30,1,1,416254,416254.0,416254.0,416254,416254,0.0,"void at::native::elementwise_kernel<(int)128, (int)2, void at::native::gpu_kernel_impl_nocast<at::native::BinaryFunctor<float, float, float, at::native::binary_internal::DivFunctor<float>>>(at::TensorIteratorBase &, const T1 &)::[lambda(int) (instance 1)]>(int, T3)"
:BasicsTransformerLM.layers.15.attn,PushPop,30,30,1,1,365758,365758.0,365758.0,365758,365758,0.0,"void at::native::elementwise_kernel<(int)128, (int)2, void at::native::gpu_kernel_impl_nocast<at::native::<unnamed>::where_kernel_impl(at::TensorIterator &)::[lambda() (instance 1)]::operator ()() const::[lambda() (instance 11)]::operator ()() const::[lambda(bool, float, float) (instance 1)]>(at::TensorIteratorBase &, const T1 &)::[lambda(int) (instance 1)]>(int, T3)"
:BasicsTransformerLM.layers.15.attn,PushPop,30,30,1,1,362270,362270.0,362270.0,362270,362270,0.0,"void at::native::elementwise_kernel<(int)128, (int)2, void at::native::gpu_kernel_impl_nocast<at::native::CUDAFunctor_add<float>>(at::TensorIteratorBase &, const T1 &)::[lambda(int) (instance 1)]>(int, T3)"
:BasicsTransformerLM.layers.15.attn,PushPop,30,30,1,1,157759,157759.0,157759.0,157759,157759,0.0,"void at::native::vectorized_elementwise_kernel<(int)4, at::native::BUnaryFunctor<float, float, float, at::native::binary_internal::MulFunctor<float>>, std::array<char *, (unsigned long)2>>(int, T2, T3)"
:BasicsTransformerLM.layers.15.attn,PushPop,30,30,1,1,154784,154784.0,154784.0,154784,154784,0.0,"void at::native::vectorized_elementwise_kernel<(int)4, at::native::exp_kernel_cuda(at::TensorIteratorBase &)::[lambda() (instance 2)]::operator ()() const::[lambda() (instance 2)]::operator ()() const::[lambda(float) (instance 1)], std::array<char *, (unsigned long)2>>(int, T2, T3)"
:BasicsTransformerLM.layers.15.attn,PushPop,30,30,1,1,135711,135711.0,135711.0,135711,135711,0.0,"void at::native::reduce_kernel<(int)512, (int)1, at::native::ReduceOp<float, at::native::MaxOps<float>, unsigned int, float, (int)4, (int)4>>(T3)"
:BasicsTransformerLM.layers.15.attn,PushPop,30,30,1,1,101887,101887.0,101887.0,101887,101887,0.0,"void at::native::reduce_kernel<(int)512, (int)1, at::native::ReduceOp<float, at::native::func_wrapper_t<float, at::native::sum_functor<float, float, float>::operator ()(at::TensorIterator &)::[lambda(float, float) (instance 1)]>, unsigned int, float, (int)4, (int)4>>(T3)"
:BasicsTransformerLM.layers.15.attn,PushPop,30,30,1,8,65728,8216.0,7760.0,7424,10272,1120.9,"void at::native::elementwise_kernel<(int)128, (int)2, void at::native::gpu_kernel_impl_nocast<at::native::BinaryFunctor<float, float, float, at::native::binary_internal::MulFunctor<float>>>(at::TensorIteratorBase &, const T1 &)::[lambda(int) (instance 1)]>(int, T3)"
:BasicsTransformerLM.layers.15.attn,PushPop,30,30,1,2,54624,27312.0,27312.0,27200,27424,158.4,"void at::native::<unnamed>::CatArrayBatchedCopy<at::native::<unnamed>::OpaqueType<(unsigned int)4>, unsigned int, (int)4, (int)64, (int)64>(T1 *, at::native::<unnamed>::CatArrInputTensorMetadata<T1, T2, T4, T5>, at::native::<unnamed>::TensorSizeStride<T2, (unsigned int)4>, int, T2)"
:BasicsTransformerLM.layers.15.attn,PushPop,30,30,1,4,15232,3808.0,3824.0,3712,3872,69.1,"void at::native::vectorized_elementwise_kernel<(int)4, at::native::CUDAFunctor_add<float>, std::array<char *, (unsigned long)3>>(int, T2, T3)"
:BasicsTransformerLM.layers.15.attn,PushPop,30,30,1,1,14752,14752.0,14752.0,14752,14752,0.0,"void at::native::elementwise_kernel<(int)128, (int)2, void at::native::gpu_kernel_impl_nocast<at::native::direct_copy_kernel_cuda(at::TensorIteratorBase &)::[lambda() (instance 3)]::operator ()() const::[lambda() (instance 7)]::operator ()() const::[lambda(float) (instance 1)]>(at::TensorIteratorBase &, const T1 &)::[lambda(int) (instance 1)]>(int, T3)"
:BasicsTransformerLM.layers.15.attn,PushPop,30,30,1,1,8736,8736.0,8736.0,8736,8736,0.0,"void at::native::elementwise_kernel<(int)128, (int)4, void at::native::gpu_kernel_impl_nocast<at::native::<unnamed>::CompareFunctor<long>>(at::TensorIteratorBase &, const T1 &)::[lambda(int) (instance 1)]>(int, T3)"
:BasicsTransformerLM.layers.15.attn,PushPop,30,30,1,1,1184,1184.0,1184.0,1184,1184,0.0,"void <unnamed>::elementwise_kernel_with_index<int, at::native::arange_cuda_out(const c10::Scalar &, const c10::Scalar &, const c10::Scalar &, at::Tensor &)::[lambda() (instance 1)]::operator ()() const::[lambda() (instance 4)]::operator ()() const::[lambda(long) (instance 1)]>(T1, T2, function_traits<T2>::result_type *)"
:BasicsTransformerLM.layers.15.attn,PushPop,30,30,1,1,1024,1024.0,1024.0,1024,1024,0.0,"void at::native::vectorized_elementwise_kernel<(int)4, at::native::FillFunctor<float>, std::array<char *, (unsigned long)1>>(int, T2, T3)"
:BasicsTransformerLM.layers.15.attn.k_proj,PushPop,30,30,1,1,508061,508061.0,508061.0,508061,508061,0.0,cutlass3x_sm100_simt_sgemm_f32_f32_f32_f32_f32_128x64x16_1x1x1_3_tnn_align1_bias_f32_relu
:BasicsTransformerLM.layers.15.attn.output_proj,PushPop,30,30,1,1,513182,513182.0,513182.0,513182,513182,0.0,cutlass3x_sm100_simt_sgemm_f32_f32_f32_f32_f32_128x64x16_1x1x1_3_tnn_align1_bias_f32_relu
:BasicsTransformerLM.layers.15.attn.q_proj,PushPop,30,30,1,1,507998,507998.0,507998.0,507998,507998,0.0,cutlass3x_sm100_simt_sgemm_f32_f32_f32_f32_f32_128x64x16_1x1x1_3_tnn_align1_bias_f32_relu
:BasicsTransformerLM.layers.15.attn.v_proj,PushPop,30,30,1,1,508317,508317.0,508317.0,508317,508317,0.0,cutlass3x_sm100_simt_sgemm_f32_f32_f32_f32_f32_128x64x16_1x1x1_3_tnn_align1_bias_f32_relu
:BasicsTransformerLM.layers.15.ffn,PushPop,30,30,1,2,3824366,1912183.0,1912183.0,1911831,1912535,497.8,cutlass3x_sm100_simt_sgemm_f32_f32_f32_f32_f32_128x128x16_1x1x1_3_tnn_align1_bias_f32_relu
:BasicsTransformerLM.layers.15.ffn,PushPop,30,30,1,1,1989494,1989494.0,1989494.0,1989494,1989494,0.0,cutlass3x_sm100_simt_sgemm_f32_f32_f32_f32_f32_64x64x16_1x1x1_3_tnn_align1_bias_f32_relu
:BasicsTransformerLM.layers.15.ffn,PushPop,30,30,1,2,69983,34991.5,34991.5,31936,38047,4321.1,"void at::native::vectorized_elementwise_kernel<(int)4, at::native::BinaryFunctor<float, float, float, at::native::binary_internal::MulFunctor<float>>, std::array<char *, (unsigned long)3>>(int, T2, T3)"
:BasicsTransformerLM.layers.15.ffn,PushPop,30,30,1,1,21856,21856.0,21856.0,21856,21856,0.0,"void at::native::vectorized_elementwise_kernel<(int)4, at::native::sigmoid_kernel_cuda(at::TensorIteratorBase &)::[lambda() (instance 2)]::operator ()() const::[lambda() (instance 2)]::operator ()() const::[lambda(float) (instance 1)], std::array<char *, (unsigned long)2>>(int, T2, T3)"
:BasicsTransformerLM.layers.15.ffn.w1,PushPop,30,30,1,1,1912535,1912535.0,1912535.0,1912535,1912535,0.0,cutlass3x_sm100_simt_sgemm_f32_f32_f32_f32_f32_128x128x16_1x1x1_3_tnn_align1_bias_f32_relu
:BasicsTransformerLM.layers.15.ffn.w2,PushPop,30,30,1,1,1989494,1989494.0,1989494.0,1989494,1989494,0.0,cutlass3x_sm100_simt_sgemm_f32_f32_f32_f32_f32_64x64x16_1x1x1_3_tnn_align1_bias_f32_relu
:BasicsTransformerLM.layers.15.ffn.w3,PushPop,30,30,1,1,1911831,1911831.0,1911831.0,1911831,1911831,0.0,cutlass3x_sm100_simt_sgemm_f32_f32_f32_f32_f32_128x128x16_1x1x1_3_tnn_align1_bias_f32_relu
:BasicsTransformerLM.layers.15.ln1,PushPop,30,30,1,2,25344,12672.0,12672.0,12608,12736,90.5,"void at::native::elementwise_kernel<(int)128, (int)2, void at::native::gpu_kernel_impl_nocast<at::native::BinaryFunctor<float, float, float, at::native::binary_internal::MulFunctor<float>>>(at::TensorIteratorBase &, const T1 &)::[lambda(int) (instance 1)]>(int, T3)"
:BasicsTransformerLM.layers.15.ln1,PushPop,30,30,1,1,9152,9152.0,9152.0,9152,9152,0.0,"void at::native::reduce_kernel<(int)512, (int)1, at::native::ReduceOp<float, at::native::MeanOps<float, float, float, float>, unsigned int, float, (int)4, (int)4>>(T3)"
:BasicsTransformerLM.layers.15.ln1,PushPop,30,30,1,1,5280,5280.0,5280.0,5280,5280,0.0,"void at::native::vectorized_elementwise_kernel<(int)4, void at::native::<unnamed>::pow_tensor_scalar_kernel_impl<float, float>(at::TensorIteratorBase &, T2)::[lambda(float) (instance 1)], std::array<char *, (unsigned long)2>>(int, T2, T3)"
:BasicsTransformerLM.layers.15.ln1,PushPop,30,30,1,1,1568,1568.0,1568.0,1568,1568,0.0,"void at::native::vectorized_elementwise_kernel<(int)4, at::native::rsqrt_kernel_cuda(at::TensorIteratorBase &)::[lambda() (instance 2)]::operator ()() const::[lambda() (instance 2)]::operator ()() const::[lambda(float) (instance 1)], std::array<char *, (unsigned long)2>>(int, T2, T3)"
:BasicsTransformerLM.layers.15.ln1,PushPop,30,30,1,1,1536,1536.0,1536.0,1536,1536,0.0,"void at::native::vectorized_elementwise_kernel<(int)4, at::native::CUDAFunctorOnSelf_add<float>, std::array<char *, (unsigned long)2>>(int, T2, T3)"
:BasicsTransformerLM.layers.15.ln2,PushPop,30,30,1,2,25504,12752.0,12752.0,12704,12800,67.9,"void at::native::elementwise_kernel<(int)128, (int)2, void at::native::gpu_kernel_impl_nocast<at::native::BinaryFunctor<float, float, float, at::native::binary_internal::MulFunctor<float>>>(at::TensorIteratorBase &, const T1 &)::[lambda(int) (instance 1)]>(int, T3)"
:BasicsTransformerLM.layers.15.ln2,PushPop,30,30,1,1,9215,9215.0,9215.0,9215,9215,0.0,"void at::native::reduce_kernel<(int)512, (int)1, at::native::ReduceOp<float, at::native::MeanOps<float, float, float, float>, unsigned int, float, (int)4, (int)4>>(T3)"
:BasicsTransformerLM.layers.15.ln2,PushPop,30,30,1,1,5216,5216.0,5216.0,5216,5216,0.0,"void at::native::vectorized_elementwise_kernel<(int)4, void at::native::<unnamed>::pow_tensor_scalar_kernel_impl<float, float>(at::TensorIteratorBase &, T2)::[lambda(float) (instance 1)], std::array<char *, (unsigned long)2>>(int, T2, T3)"
:BasicsTransformerLM.layers.15.ln2,PushPop,30,30,1,1,1568,1568.0,1568.0,1568,1568,0.0,"void at::native::vectorized_elementwise_kernel<(int)4, at::native::CUDAFunctorOnSelf_add<float>, std::array<char *, (unsigned long)2>>(int, T2, T3)"
:BasicsTransformerLM.layers.15.ln2,PushPop,30,30,1,1,1472,1472.0,1472.0,1472,1472,0.0,"void at::native::vectorized_elementwise_kernel<(int)4, at::native::rsqrt_kernel_cuda(at::TensorIteratorBase &)::[lambda() (instance 2)]::operator ()() const::[lambda() (instance 2)]::operator ()() const::[lambda(float) (instance 1)], std::array<char *, (unsigned long)2>>(int, T2, T3)"
:BasicsTransformerLM.layers.16,PushPop,30,30,1,3,4388299,1462766.3,1911319.0,565437,1911543,777110.0,cutlass3x_sm100_simt_sgemm_f32_f32_f32_f32_f32_128x128x16_1x1x1_3_tnn_align1_bias_f32_relu
:BasicsTransformerLM.layers.16,PushPop,30,30,1,4,2041206,510301.5,509197.0,507710,515102,3290.0,cutlass3x_sm100_simt_sgemm_f32_f32_f32_f32_f32_128x64x16_1x1x1_3_tnn_align1_bias_f32_relu
:BasicsTransformerLM.layers.16,PushPop,30,30,1,1,1990422,1990422.0,1990422.0,1990422,1990422,0.0,cutlass3x_sm100_simt_sgemm_f32_f32_f32_f32_f32_64x64x16_1x1x1_3_tnn_align1_bias_f32_relu
:BasicsTransformerLM.layers.16,PushPop,30,30,1,1,546621,546621.0,546621.0,546621,546621,0.0,cutlass3x_sm100_simt_sgemm_f32_f32_f32_f32_f32_32x64x16_1x1x1_3_nnn_align1_bias_f32_relu
:BasicsTransformerLM.layers.16,PushPop,30,30,1,1,416574,416574.0,416574.0,416574,416574,0.0,"void at::native::elementwise_kernel<(int)128, (int)2, void at::native::gpu_kernel_impl_nocast<at::native::BinaryFunctor<float, float, float, at::native::binary_internal::DivFunctor<float>>>(at::TensorIteratorBase &, const T1 &)::[lambda(int) (instance 1)]>(int, T3)"
:BasicsTransformerLM.layers.16,PushPop,30,30,1,1,365342,365342.0,365342.0,365342,365342,0.0,"void at::native::elementwise_kernel<(int)128, (int)2, void at::native::gpu_kernel_impl_nocast<at::native::<unnamed>::where_kernel_impl(at::TensorIterator &)::[lambda() (instance 1)]::operator ()() const::[lambda() (instance 11)]::operator ()() const::[lambda(bool, float, float) (instance 1)]>(at::TensorIteratorBase &, const T1 &)::[lambda(int) (instance 1)]>(int, T3)"
:BasicsTransformerLM.layers.16,PushPop,30,30,1,1,361695,361695.0,361695.0,361695,361695,0.0,"void at::native::elementwise_kernel<(int)128, (int)2, void at::native::gpu_kernel_impl_nocast<at::native::CUDAFunctor_add<float>>(at::TensorIteratorBase &, const T1 &)::[lambda(int) (instance 1)]>(int, T3)"
:BasicsTransformerLM.layers.16,PushPop,30,30,1,1,157631,157631.0,157631.0,157631,157631,0.0,"void at::native::vectorized_elementwise_kernel<(int)4, at::native::BUnaryFunctor<float, float, float, at::native::binary_internal::MulFunctor<float>>, std::array<char *, (unsigned long)2>>(int, T2, T3)"
:BasicsTransformerLM.layers.16,PushPop,30,30,1,1,155104,155104.0,155104.0,155104,155104,0.0,"void at::native::vectorized_elementwise_kernel<(int)4, at::native::exp_kernel_cuda(at::TensorIteratorBase &)::[lambda() (instance 2)]::operator ()() const::[lambda() (instance 2)]::operator ()() const::[lambda(float) (instance 1)], std::array<char *, (unsigned long)2>>(int, T2, T3)"
:BasicsTransformerLM.layers.16,PushPop,30,30,1,1,135743,135743.0,135743.0,135743,135743,0.0,"void at::native::reduce_kernel<(int)512, (int)1, at::native::ReduceOp<float, at::native::MaxOps<float>, unsigned int, float, (int)4, (int)4>>(T3)"
:BasicsTransformerLM.layers.16,PushPop,30,30,1,12,115456,9621.3,8704.0,7328,12704,2406.1,"void at::native::elementwise_kernel<(int)128, (int)2, void at::native::gpu_kernel_impl_nocast<at::native::BinaryFunctor<float, float, float, at::native::binary_internal::MulFunctor<float>>>(at::TensorIteratorBase &, const T1 &)::[lambda(int) (instance 1)]>(int, T3)"
:BasicsTransformerLM.layers.16,PushPop,30,30,1,1,101983,101983.0,101983.0,101983,101983,0.0,"void at::native::reduce_kernel<(int)512, (int)1, at::native::ReduceOp<float, at::native::func_wrapper_t<float, at::native::sum_functor<float, float, float>::operator ()(at::TensorIterator &)::[lambda(float, float) (instance 1)]>, unsigned int, float, (int)4, (int)4>>(T3)"
:BasicsTransformerLM.layers.16,PushPop,30,30,1,2,70431,35215.5,35215.5,32224,38207,4230.6,"void at::native::vectorized_elementwise_kernel<(int)4, at::native::BinaryFunctor<float, float, float, at::native::binary_internal::MulFunctor<float>>, std::array<char *, (unsigned long)3>>(int, T2, T3)"
:BasicsTransformerLM.layers.16,PushPop,30,30,1,2,54848,27424.0,27424.0,27296,27552,181.0,"void at::native::<unnamed>::CatArrayBatchedCopy<at::native::<unnamed>::OpaqueType<(unsigned int)4>, unsigned int, (int)4, (int)64, (int)64>(T1 *, at::native::<unnamed>::CatArrInputTensorMetadata<T1, T2, T4, T5>, at::native::<unnamed>::TensorSizeStride<T2, (unsigned int)4>, int, T2)"
:BasicsTransformerLM.layers.16,PushPop,30,30,1,6,32287,5381.2,4048.0,3808,8735,2227.6,"void at::native::vectorized_elementwise_kernel<(int)4, at::native::CUDAFunctor_add<float>, std::array<char *, (unsigned long)3>>(int, T2, T3)"
:BasicsTransformerLM.layers.16,PushPop,30,30,1,1,21696,21696.0,21696.0,21696,21696,0.0,"void at::native::vectorized_elementwise_kernel<(int)4, at::native::sigmoid_kernel_cuda(at::TensorIteratorBase &)::[lambda() (instance 2)]::operator ()() const::[lambda() (instance 2)]::operator ()() const::[lambda(float) (instance 1)], std::array<char *, (unsigned long)2>>(int, T2, T3)"
:BasicsTransformerLM.layers.16,PushPop,30,30,1,2,18335,9167.5,9167.5,9152,9183,21.9,"void at::native::reduce_kernel<(int)512, (int)1, at::native::ReduceOp<float, at::native::MeanOps<float, float, float, float>, unsigned int, float, (int)4, (int)4>>(T3)"
:BasicsTransformerLM.layers.16,PushPop,30,30,1,1,14816,14816.0,14816.0,14816,14816,0.0,"void at::native::elementwise_kernel<(int)128, (int)2, void at::native::gpu_kernel_impl_nocast<at::native::direct_copy_kernel_cuda(at::TensorIteratorBase &)::[lambda() (instance 3)]::operator ()() const::[lambda() (instance 7)]::operator ()() const::[lambda(float) (instance 1)]>(at::TensorIteratorBase &, const T1 &)::[lambda(int) (instance 1)]>(int, T3)"
:BasicsTransformerLM.layers.16,PushPop,30,30,1,2,10272,5136.0,5136.0,5120,5152,22.6,"void at::native::vectorized_elementwise_kernel<(int)4, void at::native::<unnamed>::pow_tensor_scalar_kernel_impl<float, float>(at::TensorIteratorBase &, T2)::[lambda(float) (instance 1)], std::array<char *, (unsigned long)2>>(int, T2, T3)"
:BasicsTransformerLM.layers.16,PushPop,30,30,1,1,8640,8640.0,8640.0,8640,8640,0.0,"void at::native::elementwise_kernel<(int)128, (int)4, void at::native::gpu_kernel_impl_nocast<at::native::<unnamed>::CompareFunctor<long>>(at::TensorIteratorBase &, const T1 &)::[lambda(int) (instance 1)]>(int, T3)"
:BasicsTransformerLM.layers.16,PushPop,30,30,1,2,3104,1552.0,1552.0,1536,1568,22.6,"void at::native::vectorized_elementwise_kernel<(int)4, at::native::CUDAFunctorOnSelf_add<float>, std::array<char *, (unsigned long)2>>(int, T2, T3)"
:BasicsTransformerLM.layers.16,PushPop,30,30,1,2,2912,1456.0,1456.0,1440,1472,22.6,"void at::native::vectorized_elementwise_kernel<(int)4, at::native::rsqrt_kernel_cuda(at::TensorIteratorBase &)::[lambda() (instance 2)]::operator ()() const::[lambda() (instance 2)]::operator ()() const::[lambda(float) (instance 1)], std::array<char *, (unsigned long)2>>(int, T2, T3)"
:BasicsTransformerLM.layers.16,PushPop,30,30,1,1,1184,1184.0,1184.0,1184,1184,0.0,"void <unnamed>::elementwise_kernel_with_index<int, at::native::arange_cuda_out(const c10::Scalar &, const c10::Scalar &, const c10::Scalar &, at::Tensor &)::[lambda() (instance 1)]::operator ()() const::[lambda() (instance 4)]::operator ()() const::[lambda(long) (instance 1)]>(T1, T2, function_traits<T2>::result_type *)"
:BasicsTransformerLM.layers.16,PushPop,30,30,1,1,1024,1024.0,1024.0,1024,1024,0.0,"void at::native::vectorized_elementwise_kernel<(int)4, at::native::FillFunctor<float>, std::array<char *, (unsigned long)1>>(int, T2, T3)"
:BasicsTransformerLM.layers.16.attn,PushPop,30,30,1,4,2041206,510301.5,509197.0,507710,515102,3290.0,cutlass3x_sm100_simt_sgemm_f32_f32_f32_f32_f32_128x64x16_1x1x1_3_tnn_align1_bias_f32_relu
:BasicsTransformerLM.layers.16.attn,PushPop,30,30,1,1,565437,565437.0,565437.0,565437,565437,0.0,cutlass3x_sm100_simt_sgemm_f32_f32_f32_f32_f32_128x128x16_1x1x1_3_tnn_align1_bias_f32_relu
:BasicsTransformerLM.layers.16.attn,PushPop,30,30,1,1,546621,546621.0,546621.0,546621,546621,0.0,cutlass3x_sm100_simt_sgemm_f32_f32_f32_f32_f32_32x64x16_1x1x1_3_nnn_align1_bias_f32_relu
:BasicsTransformerLM.layers.16.attn,PushPop,30,30,1,1,416574,416574.0,416574.0,416574,416574,0.0,"void at::native::elementwise_kernel<(int)128, (int)2, void at::native::gpu_kernel_impl_nocast<at::native::BinaryFunctor<float, float, float, at::native::binary_internal::DivFunctor<float>>>(at::TensorIteratorBase &, const T1 &)::[lambda(int) (instance 1)]>(int, T3)"
:BasicsTransformerLM.layers.16.attn,PushPop,30,30,1,1,365342,365342.0,365342.0,365342,365342,0.0,"void at::native::elementwise_kernel<(int)128, (int)2, void at::native::gpu_kernel_impl_nocast<at::native::<unnamed>::where_kernel_impl(at::TensorIterator &)::[lambda() (instance 1)]::operator ()() const::[lambda() (instance 11)]::operator ()() const::[lambda(bool, float, float) (instance 1)]>(at::TensorIteratorBase &, const T1 &)::[lambda(int) (instance 1)]>(int, T3)"
:BasicsTransformerLM.layers.16.attn,PushPop,30,30,1,1,361695,361695.0,361695.0,361695,361695,0.0,"void at::native::elementwise_kernel<(int)128, (int)2, void at::native::gpu_kernel_impl_nocast<at::native::CUDAFunctor_add<float>>(at::TensorIteratorBase &, const T1 &)::[lambda(int) (instance 1)]>(int, T3)"
:BasicsTransformerLM.layers.16.attn,PushPop,30,30,1,1,157631,157631.0,157631.0,157631,157631,0.0,"void at::native::vectorized_elementwise_kernel<(int)4, at::native::BUnaryFunctor<float, float, float, at::native::binary_internal::MulFunctor<float>>, std::array<char *, (unsigned long)2>>(int, T2, T3)"
:BasicsTransformerLM.layers.16.attn,PushPop,30,30,1,1,155104,155104.0,155104.0,155104,155104,0.0,"void at::native::vectorized_elementwise_kernel<(int)4, at::native::exp_kernel_cuda(at::TensorIteratorBase &)::[lambda() (instance 2)]::operator ()() const::[lambda() (instance 2)]::operator ()() const::[lambda(float) (instance 1)], std::array<char *, (unsigned long)2>>(int, T2, T3)"
:BasicsTransformerLM.layers.16.attn,PushPop,30,30,1,1,135743,135743.0,135743.0,135743,135743,0.0,"void at::native::reduce_kernel<(int)512, (int)1, at::native::ReduceOp<float, at::native::MaxOps<float>, unsigned int, float, (int)4, (int)4>>(T3)"
:BasicsTransformerLM.layers.16.attn,PushPop,30,30,1,1,101983,101983.0,101983.0,101983,101983,0.0,"void at::native::reduce_kernel<(int)512, (int)1, at::native::ReduceOp<float, at::native::func_wrapper_t<float, at::native::sum_functor<float, float, float>::operator ()(at::TensorIterator &)::[lambda(float, float) (instance 1)]>, unsigned int, float, (int)4, (int)4>>(T3)"
:BasicsTransformerLM.layers.16.attn,PushPop,30,30,1,8,64864,8108.0,7616.0,7328,10112,1115.3,"void at::native::elementwise_kernel<(int)128, (int)2, void at::native::gpu_kernel_impl_nocast<at::native::BinaryFunctor<float, float, float, at::native::binary_internal::MulFunctor<float>>>(at::TensorIteratorBase &, const T1 &)::[lambda(int) (instance 1)]>(int, T3)"
:BasicsTransformerLM.layers.16.attn,PushPop,30,30,1,2,54848,27424.0,27424.0,27296,27552,181.0,"void at::native::<unnamed>::CatArrayBatchedCopy<at::native::<unnamed>::OpaqueType<(unsigned int)4>, unsigned int, (int)4, (int)64, (int)64>(T1 *, at::native::<unnamed>::CatArrInputTensorMetadata<T1, T2, T4, T5>, at::native::<unnamed>::TensorSizeStride<T2, (unsigned int)4>, int, T2)"
:BasicsTransformerLM.layers.16.attn,PushPop,30,30,1,4,15840,3960.0,3952.0,3808,4128,131.6,"void at::native::vectorized_elementwise_kernel<(int)4, at::native::CUDAFunctor_add<float>, std::array<char *, (unsigned long)3>>(int, T2, T3)"
:BasicsTransformerLM.layers.16.attn,PushPop,30,30,1,1,14816,14816.0,14816.0,14816,14816,0.0,"void at::native::elementwise_kernel<(int)128, (int)2, void at::native::gpu_kernel_impl_nocast<at::native::direct_copy_kernel_cuda(at::TensorIteratorBase &)::[lambda() (instance 3)]::operator ()() const::[lambda() (instance 7)]::operator ()() const::[lambda(float) (instance 1)]>(at::TensorIteratorBase &, const T1 &)::[lambda(int) (instance 1)]>(int, T3)"
:BasicsTransformerLM.layers.16.attn,PushPop,30,30,1,1,8640,8640.0,8640.0,8640,8640,0.0,"void at::native::elementwise_kernel<(int)128, (int)4, void at::native::gpu_kernel_impl_nocast<at::native::<unnamed>::CompareFunctor<long>>(at::TensorIteratorBase &, const T1 &)::[lambda(int) (instance 1)]>(int, T3)"
:BasicsTransformerLM.layers.16.attn,PushPop,30,30,1,1,1184,1184.0,1184.0,1184,1184,0.0,"void <unnamed>::elementwise_kernel_with_index<int, at::native::arange_cuda_out(const c10::Scalar &, const c10::Scalar &, const c10::Scalar &, at::Tensor &)::[lambda() (instance 1)]::operator ()() const::[lambda() (instance 4)]::operator ()() const::[lambda(long) (instance 1)]>(T1, T2, function_traits<T2>::result_type *)"
:BasicsTransformerLM.layers.16.attn,PushPop,30,30,1,1,1024,1024.0,1024.0,1024,1024,0.0,"void at::native::vectorized_elementwise_kernel<(int)4, at::native::FillFunctor<float>, std::array<char *, (unsigned long)1>>(int, T2, T3)"
:BasicsTransformerLM.layers.16.attn.k_proj,PushPop,30,30,1,1,508829,508829.0,508829.0,508829,508829,0.0,cutlass3x_sm100_simt_sgemm_f32_f32_f32_f32_f32_128x64x16_1x1x1_3_tnn_align1_bias_f32_relu
:BasicsTransformerLM.layers.16.attn.output_proj,PushPop,30,30,1,1,515102,515102.0,515102.0,515102,515102,0.0,cutlass3x_sm100_simt_sgemm_f32_f32_f32_f32_f32_128x64x16_1x1x1_3_tnn_align1_bias_f32_relu
:BasicsTransformerLM.layers.16.attn.q_proj,PushPop,30,30,1,1,507710,507710.0,507710.0,507710,507710,0.0,cutlass3x_sm100_simt_sgemm_f32_f32_f32_f32_f32_128x64x16_1x1x1_3_tnn_align1_bias_f32_relu
:BasicsTransformerLM.layers.16.attn.v_proj,PushPop,30,30,1,1,509565,509565.0,509565.0,509565,509565,0.0,cutlass3x_sm100_simt_sgemm_f32_f32_f32_f32_f32_128x64x16_1x1x1_3_tnn_align1_bias_f32_relu
:BasicsTransformerLM.layers.16.ffn,PushPop,30,30,1,2,3822862,1911431.0,1911431.0,1911319,1911543,158.4,cutlass3x_sm100_simt_sgemm_f32_f32_f32_f32_f32_128x128x16_1x1x1_3_tnn_align1_bias_f32_relu
:BasicsTransformerLM.layers.16.ffn,PushPop,30,30,1,1,1990422,1990422.0,1990422.0,1990422,1990422,0.0,cutlass3x_sm100_simt_sgemm_f32_f32_f32_f32_f32_64x64x16_1x1x1_3_tnn_align1_bias_f32_relu
:BasicsTransformerLM.layers.16.ffn,PushPop,30,30,1,2,70431,35215.5,35215.5,32224,38207,4230.6,"void at::native::vectorized_elementwise_kernel<(int)4, at::native::BinaryFunctor<float, float, float, at::native::binary_internal::MulFunctor<float>>, std::array<char *, (unsigned long)3>>(int, T2, T3)"
:BasicsTransformerLM.layers.16.ffn,PushPop,30,30,1,1,21696,21696.0,21696.0,21696,21696,0.0,"void at::native::vectorized_elementwise_kernel<(int)4, at::native::sigmoid_kernel_cuda(at::TensorIteratorBase &)::[lambda() (instance 2)]::operator ()() const::[lambda() (instance 2)]::operator ()() const::[lambda(float) (instance 1)], std::array<char *, (unsigned long)2>>(int, T2, T3)"
:BasicsTransformerLM.layers.16.ffn.w1,PushPop,30,30,1,1,1911543,1911543.0,1911543.0,1911543,1911543,0.0,cutlass3x_sm100_simt_sgemm_f32_f32_f32_f32_f32_128x128x16_1x1x1_3_tnn_align1_bias_f32_relu
:BasicsTransformerLM.layers.16.ffn.w2,PushPop,30,30,1,1,1990422,1990422.0,1990422.0,1990422,1990422,0.0,cutlass3x_sm100_simt_sgemm_f32_f32_f32_f32_f32_64x64x16_1x1x1_3_tnn_align1_bias_f32_relu
:BasicsTransformerLM.layers.16.ffn.w3,PushPop,30,30,1,1,1911319,1911319.0,1911319.0,1911319,1911319,0.0,cutlass3x_sm100_simt_sgemm_f32_f32_f32_f32_f32_128x128x16_1x1x1_3_tnn_align1_bias_f32_relu
:BasicsTransformerLM.layers.16.ln1,PushPop,30,30,1,2,25280,12640.0,12640.0,12576,12704,90.5,"void at::native::elementwise_kernel<(int)128, (int)2, void at::native::gpu_kernel_impl_nocast<at::native::BinaryFunctor<float, float, float, at::native::binary_internal::MulFunctor<float>>>(at::TensorIteratorBase &, const T1 &)::[lambda(int) (instance 1)]>(int, T3)"
:BasicsTransformerLM.layers.16.ln1,PushPop,30,30,1,1,9152,9152.0,9152.0,9152,9152,0.0,"void at::native::reduce_kernel<(int)512, (int)1, at::native::ReduceOp<float, at::native::MeanOps<float, float, float, float>, unsigned int, float, (int)4, (int)4>>(T3)"
:BasicsTransformerLM.layers.16.ln1,PushPop,30,30,1,1,5152,5152.0,5152.0,5152,5152,0.0,"void at::native::vectorized_elementwise_kernel<(int)4, void at::native::<unnamed>::pow_tensor_scalar_kernel_impl<float, float>(at::TensorIteratorBase &, T2)::[lambda(float) (instance 1)], std::array<char *, (unsigned long)2>>(int, T2, T3)"
:BasicsTransformerLM.layers.16.ln1,PushPop,30,30,1,1,1536,1536.0,1536.0,1536,1536,0.0,"void at::native::vectorized_elementwise_kernel<(int)4, at::native::CUDAFunctorOnSelf_add<float>, std::array<char *, (unsigned long)2>>(int, T2, T3)"
:BasicsTransformerLM.layers.16.ln1,PushPop,30,30,1,1,1472,1472.0,1472.0,1472,1472,0.0,"void at::native::vectorized_elementwise_kernel<(int)4, at::native::rsqrt_kernel_cuda(at::TensorIteratorBase &)::[lambda() (instance 2)]::operator ()() const::[lambda() (instance 2)]::operator ()() const::[lambda(float) (instance 1)], std::array<char *, (unsigned long)2>>(int, T2, T3)"
:BasicsTransformerLM.layers.16.ln2,PushPop,30,30,1,2,25312,12656.0,12656.0,12640,12672,22.6,"void at::native::elementwise_kernel<(int)128, (int)2, void at::native::gpu_kernel_impl_nocast<at::native::BinaryFunctor<float, float, float, at::native::binary_internal::MulFunctor<float>>>(at::TensorIteratorBase &, const T1 &)::[lambda(int) (instance 1)]>(int, T3)"
:BasicsTransformerLM.layers.16.ln2,PushPop,30,30,1,1,9183,9183.0,9183.0,9183,9183,0.0,"void at::native::reduce_kernel<(int)512, (int)1, at::native::ReduceOp<float, at::native::MeanOps<float, float, float, float>, unsigned int, float, (int)4, (int)4>>(T3)"
:BasicsTransformerLM.layers.16.ln2,PushPop,30,30,1,1,5120,5120.0,5120.0,5120,5120,0.0,"void at::native::vectorized_elementwise_kernel<(int)4, void at::native::<unnamed>::pow_tensor_scalar_kernel_impl<float, float>(at::TensorIteratorBase &, T2)::[lambda(float) (instance 1)], std::array<char *, (unsigned long)2>>(int, T2, T3)"
:BasicsTransformerLM.layers.16.ln2,PushPop,30,30,1,1,1568,1568.0,1568.0,1568,1568,0.0,"void at::native::vectorized_elementwise_kernel<(int)4, at::native::CUDAFunctorOnSelf_add<float>, std::array<char *, (unsigned long)2>>(int, T2, T3)"
:BasicsTransformerLM.layers.16.ln2,PushPop,30,30,1,1,1440,1440.0,1440.0,1440,1440,0.0,"void at::native::vectorized_elementwise_kernel<(int)4, at::native::rsqrt_kernel_cuda(at::TensorIteratorBase &)::[lambda() (instance 2)]::operator ()() const::[lambda() (instance 2)]::operator ()() const::[lambda(float) (instance 1)], std::array<char *, (unsigned long)2>>(int, T2, T3)"
:BasicsTransformerLM.layers.17,PushPop,30,30,1,3,4393769,1464589.7,1911414.0,567549,1914806,776861.9,cutlass3x_sm100_simt_sgemm_f32_f32_f32_f32_f32_128x128x16_1x1x1_3_tnn_align1_bias_f32_relu
:BasicsTransformerLM.layers.17,PushPop,30,30,1,4,2132469,533117.3,508701.0,507198,607869,49839.5,cutlass3x_sm100_simt_sgemm_f32_f32_f32_f32_f32_128x64x16_1x1x1_3_tnn_align1_bias_f32_relu
:BasicsTransformerLM.layers.17,PushPop,30,30,1,1,1988950,1988950.0,1988950.0,1988950,1988950,0.0,cutlass3x_sm100_simt_sgemm_f32_f32_f32_f32_f32_64x64x16_1x1x1_3_tnn_align1_bias_f32_relu
:BasicsTransformerLM.layers.17,PushPop,30,30,1,1,544925,544925.0,544925.0,544925,544925,0.0,cutlass3x_sm100_simt_sgemm_f32_f32_f32_f32_f32_32x64x16_1x1x1_3_nnn_align1_bias_f32_relu
:BasicsTransformerLM.layers.17,PushPop,30,30,1,1,416830,416830.0,416830.0,416830,416830,0.0,"void at::native::elementwise_kernel<(int)128, (int)2, void at::native::gpu_kernel_impl_nocast<at::native::BinaryFunctor<float, float, float, at::native::binary_internal::DivFunctor<float>>>(at::TensorIteratorBase &, const T1 &)::[lambda(int) (instance 1)]>(int, T3)"
:BasicsTransformerLM.layers.17,PushPop,30,30,1,1,365630,365630.0,365630.0,365630,365630,0.0,"void at::native::elementwise_kernel<(int)128, (int)2, void at::native::gpu_kernel_impl_nocast<at::native::<unnamed>::where_kernel_impl(at::TensorIterator &)::[lambda() (instance 1)]::operator ()() const::[lambda() (instance 11)]::operator ()() const::[lambda(bool, float, float) (instance 1)]>(at::TensorIteratorBase &, const T1 &)::[lambda(int) (instance 1)]>(int, T3)"
:BasicsTransformerLM.layers.17,PushPop,30,30,1,1,361119,361119.0,361119.0,361119,361119,0.0,"void at::native::elementwise_kernel<(int)128, (int)2, void at::native::gpu_kernel_impl_nocast<at::native::CUDAFunctor_add<float>>(at::TensorIteratorBase &, const T1 &)::[lambda(int) (instance 1)]>(int, T3)"
:BasicsTransformerLM.layers.17,PushPop,30,30,1,1,157663,157663.0,157663.0,157663,157663,0.0,"void at::native::vectorized_elementwise_kernel<(int)4, at::native::BUnaryFunctor<float, float, float, at::native::binary_internal::MulFunctor<float>>, std::array<char *, (unsigned long)2>>(int, T2, T3)"
:BasicsTransformerLM.layers.17,PushPop,30,30,1,1,155744,155744.0,155744.0,155744,155744,0.0,"void at::native::vectorized_elementwise_kernel<(int)4, at::native::exp_kernel_cuda(at::TensorIteratorBase &)::[lambda() (instance 2)]::operator ()() const::[lambda() (instance 2)]::operator ()() const::[lambda(float) (instance 1)], std::array<char *, (unsigned long)2>>(int, T2, T3)"
:BasicsTransformerLM.layers.17,PushPop,30,30,1,1,135231,135231.0,135231.0,135231,135231,0.0,"void at::native::reduce_kernel<(int)512, (int)1, at::native::ReduceOp<float, at::native::MaxOps<float>, unsigned int, float, (int)4, (int)4>>(T3)"
:BasicsTransformerLM.layers.17,PushPop,30,30,1,12,116416,9701.3,8752.0,7392,12800,2392.8,"void at::native::elementwise_kernel<(int)128, (int)2, void at::native::gpu_kernel_impl_nocast<at::native::BinaryFunctor<float, float, float, at::native::binary_internal::MulFunctor<float>>>(at::TensorIteratorBase &, const T1 &)::[lambda(int) (instance 1)]>(int, T3)"
:BasicsTransformerLM.layers.17,PushPop,30,30,1,1,101183,101183.0,101183.0,101183,101183,0.0,"void at::native::reduce_kernel<(int)512, (int)1, at::native::ReduceOp<float, at::native::func_wrapper_t<float, at::native::sum_functor<float, float, float>::operator ()(at::TensorIterator &)::[lambda(float, float) (instance 1)]>, unsigned int, float, (int)4, (int)4>>(T3)"
:BasicsTransformerLM.layers.17,PushPop,30,30,1,2,70656,35328.0,35328.0,32896,37760,3439.4,"void at::native::vectorized_elementwise_kernel<(int)4, at::native::BinaryFunctor<float, float, float, at::native::binary_internal::MulFunctor<float>>, std::array<char *, (unsigned long)3>>(int, T2, T3)"
:BasicsTransformerLM.layers.17,PushPop,30,30,1,2,54688,27344.0,27344.0,27264,27424,113.1,"void at::native::<unnamed>::CatArrayBatchedCopy<at::native::<unnamed>::OpaqueType<(unsigned int)4>, unsigned int, (int)4, (int)64, (int)64>(T1 *, at::native::<unnamed>::CatArrInputTensorMetadata<T1, T2, T4, T5>, at::native::<unnamed>::TensorSizeStride<T2, (unsigned int)4>, int, T2)"
:BasicsTransformerLM.layers.17,PushPop,30,30,1,6,32224,5370.7,4016.0,3904,8736,2181.0,"void at::native::vectorized_elementwise_kernel<(int)4, at::native::CUDAFunctor_add<float>, std::array<char *, (unsigned long)3>>(int, T2, T3)"
:BasicsTransformerLM.layers.17,PushPop,30,30,1,1,22016,22016.0,22016.0,22016,22016,0.0,"void at::native::vectorized_elementwise_kernel<(int)4, at::native::sigmoid_kernel_cuda(at::TensorIteratorBase &)::[lambda() (instance 2)]::operator ()() const::[lambda() (instance 2)]::operator ()() const::[lambda(float) (instance 1)], std::array<char *, (unsigned long)2>>(int, T2, T3)"
:BasicsTransformerLM.layers.17,PushPop,30,30,1,2,18400,9200.0,9200.0,9184,9216,22.6,"void at::native::reduce_kernel<(int)512, (int)1, at::native::ReduceOp<float, at::native::MeanOps<float, float, float, float>, unsigned int, float, (int)4, (int)4>>(T3)"
:BasicsTransformerLM.layers.17,PushPop,30,30,1,1,14688,14688.0,14688.0,14688,14688,0.0,"void at::native::elementwise_kernel<(int)128, (int)2, void at::native::gpu_kernel_impl_nocast<at::native::direct_copy_kernel_cuda(at::TensorIteratorBase &)::[lambda() (instance 3)]::operator ()() const::[lambda() (instance 7)]::operator ()() const::[lambda(float) (instance 1)]>(at::TensorIteratorBase &, const T1 &)::[lambda(int) (instance 1)]>(int, T3)"
:BasicsTransformerLM.layers.17,PushPop,30,30,1,2,10432,5216.0,5216.0,5184,5248,45.3,"void at::native::vectorized_elementwise_kernel<(int)4, void at::native::<unnamed>::pow_tensor_scalar_kernel_impl<float, float>(at::TensorIteratorBase &, T2)::[lambda(float) (instance 1)], std::array<char *, (unsigned long)2>>(int, T2, T3)"
:BasicsTransformerLM.layers.17,PushPop,30,30,1,1,8608,8608.0,8608.0,8608,8608,0.0,"void at::native::elementwise_kernel<(int)128, (int)4, void at::native::gpu_kernel_impl_nocast<at::native::<unnamed>::CompareFunctor<long>>(at::TensorIteratorBase &, const T1 &)::[lambda(int) (instance 1)]>(int, T3)"
:BasicsTransformerLM.layers.17,PushPop,30,30,1,2,3104,1552.0,1552.0,1536,1568,22.6,"void at::native::vectorized_elementwise_kernel<(int)4, at::native::CUDAFunctorOnSelf_add<float>, std::array<char *, (unsigned long)2>>(int, T2, T3)"
:BasicsTransformerLM.layers.17,PushPop,30,30,1,2,3072,1536.0,1536.0,1472,1600,90.5,"void at::native::vectorized_elementwise_kernel<(int)4, at::native::rsqrt_kernel_cuda(at::TensorIteratorBase &)::[lambda() (instance 2)]::operator ()() const::[lambda() (instance 2)]::operator ()() const::[lambda(float) (instance 1)], std::array<char *, (unsigned long)2>>(int, T2, T3)"
:BasicsTransformerLM.layers.17,PushPop,30,30,1,1,1152,1152.0,1152.0,1152,1152,0.0,"void <unnamed>::elementwise_kernel_with_index<int, at::native::arange_cuda_out(const c10::Scalar &, const c10::Scalar &, const c10::Scalar &, at::Tensor &)::[lambda() (instance 1)]::operator ()() const::[lambda() (instance 4)]::operator ()() const::[lambda(long) (instance 1)]>(T1, T2, function_traits<T2>::result_type *)"
:BasicsTransformerLM.layers.17,PushPop,30,30,1,1,1024,1024.0,1024.0,1024,1024,0.0,"void at::native::vectorized_elementwise_kernel<(int)4, at::native::FillFunctor<float>, std::array<char *, (unsigned long)1>>(int, T2, T3)"
:BasicsTransformerLM.layers.17.attn,PushPop,30,30,1,4,2132469,533117.3,508701.0,507198,607869,49839.5,cutlass3x_sm100_simt_sgemm_f32_f32_f32_f32_f32_128x64x16_1x1x1_3_tnn_align1_bias_f32_relu
:BasicsTransformerLM.layers.17.attn,PushPop,30,30,1,1,567549,567549.0,567549.0,567549,567549,0.0,cutlass3x_sm100_simt_sgemm_f32_f32_f32_f32_f32_128x128x16_1x1x1_3_tnn_align1_bias_f32_relu
:BasicsTransformerLM.layers.17.attn,PushPop,30,30,1,1,544925,544925.0,544925.0,544925,544925,0.0,cutlass3x_sm100_simt_sgemm_f32_f32_f32_f32_f32_32x64x16_1x1x1_3_nnn_align1_bias_f32_relu
:BasicsTransformerLM.layers.17.attn,PushPop,30,30,1,1,416830,416830.0,416830.0,416830,416830,0.0,"void at::native::elementwise_kernel<(int)128, (int)2, void at::native::gpu_kernel_impl_nocast<at::native::BinaryFunctor<float, float, float, at::native::binary_internal::DivFunctor<float>>>(at::TensorIteratorBase &, const T1 &)::[lambda(int) (instance 1)]>(int, T3)"
:BasicsTransformerLM.layers.17.attn,PushPop,30,30,1,1,365630,365630.0,365630.0,365630,365630,0.0,"void at::native::elementwise_kernel<(int)128, (int)2, void at::native::gpu_kernel_impl_nocast<at::native::<unnamed>::where_kernel_impl(at::TensorIterator &)::[lambda() (instance 1)]::operator ()() const::[lambda() (instance 11)]::operator ()() const::[lambda(bool, float, float) (instance 1)]>(at::TensorIteratorBase &, const T1 &)::[lambda(int) (instance 1)]>(int, T3)"
:BasicsTransformerLM.layers.17.attn,PushPop,30,30,1,1,361119,361119.0,361119.0,361119,361119,0.0,"void at::native::elementwise_kernel<(int)128, (int)2, void at::native::gpu_kernel_impl_nocast<at::native::CUDAFunctor_add<float>>(at::TensorIteratorBase &, const T1 &)::[lambda(int) (instance 1)]>(int, T3)"
:BasicsTransformerLM.layers.17.attn,PushPop,30,30,1,1,157663,157663.0,157663.0,157663,157663,0.0,"void at::native::vectorized_elementwise_kernel<(int)4, at::native::BUnaryFunctor<float, float, float, at::native::binary_internal::MulFunctor<float>>, std::array<char *, (unsigned long)2>>(int, T2, T3)"
:BasicsTransformerLM.layers.17.attn,PushPop,30,30,1,1,155744,155744.0,155744.0,155744,155744,0.0,"void at::native::vectorized_elementwise_kernel<(int)4, at::native::exp_kernel_cuda(at::TensorIteratorBase &)::[lambda() (instance 2)]::operator ()() const::[lambda() (instance 2)]::operator ()() const::[lambda(float) (instance 1)], std::array<char *, (unsigned long)2>>(int, T2, T3)"
:BasicsTransformerLM.layers.17.attn,PushPop,30,30,1,1,135231,135231.0,135231.0,135231,135231,0.0,"void at::native::reduce_kernel<(int)512, (int)1, at::native::ReduceOp<float, at::native::MaxOps<float>, unsigned int, float, (int)4, (int)4>>(T3)"
:BasicsTransformerLM.layers.17.attn,PushPop,30,30,1,1,101183,101183.0,101183.0,101183,101183,0.0,"void at::native::reduce_kernel<(int)512, (int)1, at::native::ReduceOp<float, at::native::func_wrapper_t<float, at::native::sum_functor<float, float, float>::operator ()(at::TensorIterator &)::[lambda(float, float) (instance 1)]>, unsigned int, float, (int)4, (int)4>>(T3)"
:BasicsTransformerLM.layers.17.attn,PushPop,30,30,1,8,65600,8200.0,7680.0,7392,10240,1124.9,"void at::native::elementwise_kernel<(int)128, (int)2, void at::native::gpu_kernel_impl_nocast<at::native::BinaryFunctor<float, float, float, at::native::binary_internal::MulFunctor<float>>>(at::TensorIteratorBase &, const T1 &)::[lambda(int) (instance 1)]>(int, T3)"
:BasicsTransformerLM.layers.17.attn,PushPop,30,30,1,2,54688,27344.0,27344.0,27264,27424,113.1,"void at::native::<unnamed>::CatArrayBatchedCopy<at::native::<unnamed>::OpaqueType<(unsigned int)4>, unsigned int, (int)4, (int)64, (int)64>(T1 *, at::native::<unnamed>::CatArrInputTensorMetadata<T1, T2, T4, T5>, at::native::<unnamed>::TensorSizeStride<T2, (unsigned int)4>, int, T2)"
:BasicsTransformerLM.layers.17.attn,PushPop,30,30,1,4,15936,3984.0,4000.0,3904,4032,55.4,"void at::native::vectorized_elementwise_kernel<(int)4, at::native::CUDAFunctor_add<float>, std::array<char *, (unsigned long)3>>(int, T2, T3)"
:BasicsTransformerLM.layers.17.attn,PushPop,30,30,1,1,14688,14688.0,14688.0,14688,14688,0.0,"void at::native::elementwise_kernel<(int)128, (int)2, void at::native::gpu_kernel_impl_nocast<at::native::direct_copy_kernel_cuda(at::TensorIteratorBase &)::[lambda() (instance 3)]::operator ()() const::[lambda() (instance 7)]::operator ()() const::[lambda(float) (instance 1)]>(at::TensorIteratorBase &, const T1 &)::[lambda(int) (instance 1)]>(int, T3)"
:BasicsTransformerLM.layers.17.attn,PushPop,30,30,1,1,8608,8608.0,8608.0,8608,8608,0.0,"void at::native::elementwise_kernel<(int)128, (int)4, void at::native::gpu_kernel_impl_nocast<at::native::<unnamed>::CompareFunctor<long>>(at::TensorIteratorBase &, const T1 &)::[lambda(int) (instance 1)]>(int, T3)"
:BasicsTransformerLM.layers.17.attn,PushPop,30,30,1,1,1152,1152.0,1152.0,1152,1152,0.0,"void <unnamed>::elementwise_kernel_with_index<int, at::native::arange_cuda_out(const c10::Scalar &, const c10::Scalar &, const c10::Scalar &, at::Tensor &)::[lambda() (instance 1)]::operator ()() const::[lambda() (instance 4)]::operator ()() const::[lambda(long) (instance 1)]>(T1, T2, function_traits<T2>::result_type *)"
:BasicsTransformerLM.layers.17.attn,PushPop,30,30,1,1,1024,1024.0,1024.0,1024,1024,0.0,"void at::native::vectorized_elementwise_kernel<(int)4, at::native::FillFunctor<float>, std::array<char *, (unsigned long)1>>(int, T2, T3)"
:BasicsTransformerLM.layers.17.attn.k_proj,PushPop,30,30,1,1,508733,508733.0,508733.0,508733,508733,0.0,cutlass3x_sm100_simt_sgemm_f32_f32_f32_f32_f32_128x64x16_1x1x1_3_tnn_align1_bias_f32_relu
:BasicsTransformerLM.layers.17.attn.output_proj,PushPop,30,30,1,1,607869,607869.0,607869.0,607869,607869,0.0,cutlass3x_sm100_simt_sgemm_f32_f32_f32_f32_f32_128x64x16_1x1x1_3_tnn_align1_bias_f32_relu
:BasicsTransformerLM.layers.17.attn.q_proj,PushPop,30,30,1,1,507198,507198.0,507198.0,507198,507198,0.0,cutlass3x_sm100_simt_sgemm_f32_f32_f32_f32_f32_128x64x16_1x1x1_3_tnn_align1_bias_f32_relu
:BasicsTransformerLM.layers.17.attn.v_proj,PushPop,30,30,1,1,508669,508669.0,508669.0,508669,508669,0.0,cutlass3x_sm100_simt_sgemm_f32_f32_f32_f32_f32_128x64x16_1x1x1_3_tnn_align1_bias_f32_relu
:BasicsTransformerLM.layers.17.ffn,PushPop,30,30,1,2,3826220,1913110.0,1913110.0,1911414,1914806,2398.5,cutlass3x_sm100_simt_sgemm_f32_f32_f32_f32_f32_128x128x16_1x1x1_3_tnn_align1_bias_f32_relu
:BasicsTransformerLM.layers.17.ffn,PushPop,30,30,1,1,1988950,1988950.0,1988950.0,1988950,1988950,0.0,cutlass3x_sm100_simt_sgemm_f32_f32_f32_f32_f32_64x64x16_1x1x1_3_tnn_align1_bias_f32_relu
:BasicsTransformerLM.layers.17.ffn,PushPop,30,30,1,2,70656,35328.0,35328.0,32896,37760,3439.4,"void at::native::vectorized_elementwise_kernel<(int)4, at::native::BinaryFunctor<float, float, float, at::native::binary_internal::MulFunctor<float>>, std::array<char *, (unsigned long)3>>(int, T2, T3)"
:BasicsTransformerLM.layers.17.ffn,PushPop,30,30,1,1,22016,22016.0,22016.0,22016,22016,0.0,"void at::native::vectorized_elementwise_kernel<(int)4, at::native::sigmoid_kernel_cuda(at::TensorIteratorBase &)::[lambda() (instance 2)]::operator ()() const::[lambda() (instance 2)]::operator ()() const::[lambda(float) (instance 1)], std::array<char *, (unsigned long)2>>(int, T2, T3)"
:BasicsTransformerLM.layers.17.ffn.w1,PushPop,30,30,1,1,1914806,1914806.0,1914806.0,1914806,1914806,0.0,cutlass3x_sm100_simt_sgemm_f32_f32_f32_f32_f32_128x128x16_1x1x1_3_tnn_align1_bias_f32_relu
:BasicsTransformerLM.layers.17.ffn.w2,PushPop,30,30,1,1,1988950,1988950.0,1988950.0,1988950,1988950,0.0,cutlass3x_sm100_simt_sgemm_f32_f32_f32_f32_f32_64x64x16_1x1x1_3_tnn_align1_bias_f32_relu
:BasicsTransformerLM.layers.17.ffn.w3,PushPop,30,30,1,1,1911414,1911414.0,1911414.0,1911414,1911414,0.0,cutlass3x_sm100_simt_sgemm_f32_f32_f32_f32_f32_128x128x16_1x1x1_3_tnn_align1_bias_f32_relu
:BasicsTransformerLM.layers.17.ln1,PushPop,30,30,1,2,25568,12784.0,12784.0,12768,12800,22.6,"void at::native::elementwise_kernel<(int)128, (int)2, void at::native::gpu_kernel_impl_nocast<at::native::BinaryFunctor<float, float, float, at::native::binary_internal::MulFunctor<float>>>(at::TensorIteratorBase &, const T1 &)::[lambda(int) (instance 1)]>(int, T3)"
:BasicsTransformerLM.layers.17.ln1,PushPop,30,30,1,1,9184,9184.0,9184.0,9184,9184,0.0,"void at::native::reduce_kernel<(int)512, (int)1, at::native::ReduceOp<float, at::native::MeanOps<float, float, float, float>, unsigned int, float, (int)4, (int)4>>(T3)"
:BasicsTransformerLM.layers.17.ln1,PushPop,30,30,1,1,5248,5248.0,5248.0,5248,5248,0.0,"void at::native::vectorized_elementwise_kernel<(int)4, void at::native::<unnamed>::pow_tensor_scalar_kernel_impl<float, float>(at::TensorIteratorBase &, T2)::[lambda(float) (instance 1)], std::array<char *, (unsigned long)2>>(int, T2, T3)"
:BasicsTransformerLM.layers.17.ln1,PushPop,30,30,1,1,1600,1600.0,1600.0,1600,1600,0.0,"void at::native::vectorized_elementwise_kernel<(int)4, at::native::rsqrt_kernel_cuda(at::TensorIteratorBase &)::[lambda() (instance 2)]::operator ()() const::[lambda() (instance 2)]::operator ()() const::[lambda(float) (instance 1)], std::array<char *, (unsigned long)2>>(int, T2, T3)"
:BasicsTransformerLM.layers.17.ln1,PushPop,30,30,1,1,1568,1568.0,1568.0,1568,1568,0.0,"void at::native::vectorized_elementwise_kernel<(int)4, at::native::CUDAFunctorOnSelf_add<float>, std::array<char *, (unsigned long)2>>(int, T2, T3)"
:BasicsTransformerLM.layers.17.ln2,PushPop,30,30,1,2,25248,12624.0,12624.0,12608,12640,22.6,"void at::native::elementwise_kernel<(int)128, (int)2, void at::native::gpu_kernel_impl_nocast<at::native::BinaryFunctor<float, float, float, at::native::binary_internal::MulFunctor<float>>>(at::TensorIteratorBase &, const T1 &)::[lambda(int) (instance 1)]>(int, T3)"
:BasicsTransformerLM.layers.17.ln2,PushPop,30,30,1,1,9216,9216.0,9216.0,9216,9216,0.0,"void at::native::reduce_kernel<(int)512, (int)1, at::native::ReduceOp<float, at::native::MeanOps<float, float, float, float>, unsigned int, float, (int)4, (int)4>>(T3)"
:BasicsTransformerLM.layers.17.ln2,PushPop,30,30,1,1,5184,5184.0,5184.0,5184,5184,0.0,"void at::native::vectorized_elementwise_kernel<(int)4, void at::native::<unnamed>::pow_tensor_scalar_kernel_impl<float, float>(at::TensorIteratorBase &, T2)::[lambda(float) (instance 1)], std::array<char *, (unsigned long)2>>(int, T2, T3)"
:BasicsTransformerLM.layers.17.ln2,PushPop,30,30,1,1,1536,1536.0,1536.0,1536,1536,0.0,"void at::native::vectorized_elementwise_kernel<(int)4, at::native::CUDAFunctorOnSelf_add<float>, std::array<char *, (unsigned long)2>>(int, T2, T3)"
:BasicsTransformerLM.layers.17.ln2,PushPop,30,30,1,1,1472,1472.0,1472.0,1472,1472,0.0,"void at::native::vectorized_elementwise_kernel<(int)4, at::native::rsqrt_kernel_cuda(at::TensorIteratorBase &)::[lambda() (instance 2)]::operator ()() const::[lambda() (instance 2)]::operator ()() const::[lambda(float) (instance 1)], std::array<char *, (unsigned long)2>>(int, T2, T3)"
:BasicsTransformerLM.layers.18,PushPop,30,30,1,3,4391305,1463768.3,1911478.0,567101,1912726,776536.9,cutlass3x_sm100_simt_sgemm_f32_f32_f32_f32_f32_128x128x16_1x1x1_3_tnn_align1_bias_f32_relu
:BasicsTransformerLM.layers.18,PushPop,30,30,1,4,2040405,510101.3,509053.5,507389,514909,3345.1,cutlass3x_sm100_simt_sgemm_f32_f32_f32_f32_f32_128x64x16_1x1x1_3_tnn_align1_bias_f32_relu
:BasicsTransformerLM.layers.18,PushPop,30,30,1,1,1991126,1991126.0,1991126.0,1991126,1991126,0.0,cutlass3x_sm100_simt_sgemm_f32_f32_f32_f32_f32_64x64x16_1x1x1_3_tnn_align1_bias_f32_relu
:BasicsTransformerLM.layers.18,PushPop,30,30,1,1,546493,546493.0,546493.0,546493,546493,0.0,cutlass3x_sm100_simt_sgemm_f32_f32_f32_f32_f32_32x64x16_1x1x1_3_nnn_align1_bias_f32_relu
:BasicsTransformerLM.layers.18,PushPop,30,30,1,1,416190,416190.0,416190.0,416190,416190,0.0,"void at::native::elementwise_kernel<(int)128, (int)2, void at::native::gpu_kernel_impl_nocast<at::native::BinaryFunctor<float, float, float, at::native::binary_internal::DivFunctor<float>>>(at::TensorIteratorBase &, const T1 &)::[lambda(int) (instance 1)]>(int, T3)"
:BasicsTransformerLM.layers.18,PushPop,30,30,1,1,365375,365375.0,365375.0,365375,365375,0.0,"void at::native::elementwise_kernel<(int)128, (int)2, void at::native::gpu_kernel_impl_nocast<at::native::<unnamed>::where_kernel_impl(at::TensorIterator &)::[lambda() (instance 1)]::operator ()() const::[lambda() (instance 11)]::operator ()() const::[lambda(bool, float, float) (instance 1)]>(at::TensorIteratorBase &, const T1 &)::[lambda(int) (instance 1)]>(int, T3)"
:BasicsTransformerLM.layers.18,PushPop,30,30,1,1,362142,362142.0,362142.0,362142,362142,0.0,"void at::native::elementwise_kernel<(int)128, (int)2, void at::native::gpu_kernel_impl_nocast<at::native::CUDAFunctor_add<float>>(at::TensorIteratorBase &, const T1 &)::[lambda(int) (instance 1)]>(int, T3)"
:BasicsTransformerLM.layers.18,PushPop,30,30,1,1,157247,157247.0,157247.0,157247,157247,0.0,"void at::native::vectorized_elementwise_kernel<(int)4, at::native::BUnaryFunctor<float, float, float, at::native::binary_internal::MulFunctor<float>>, std::array<char *, (unsigned long)2>>(int, T2, T3)"
:BasicsTransformerLM.layers.18,PushPop,30,30,1,1,155455,155455.0,155455.0,155455,155455,0.0,"void at::native::vectorized_elementwise_kernel<(int)4, at::native::exp_kernel_cuda(at::TensorIteratorBase &)::[lambda() (instance 2)]::operator ()() const::[lambda() (instance 2)]::operator ()() const::[lambda(float) (instance 1)], std::array<char *, (unsigned long)2>>(int, T2, T3)"
:BasicsTransformerLM.layers.18,PushPop,30,30,1,1,135263,135263.0,135263.0,135263,135263,0.0,"void at::native::reduce_kernel<(int)512, (int)1, at::native::ReduceOp<float, at::native::MaxOps<float>, unsigned int, float, (int)4, (int)4>>(T3)"
:BasicsTransformerLM.layers.18,PushPop,30,30,1,12,117343,9778.6,8895.5,7456,12864,2397.7,"void at::native::elementwise_kernel<(int)128, (int)2, void at::native::gpu_kernel_impl_nocast<at::native::BinaryFunctor<float, float, float, at::native::binary_internal::MulFunctor<float>>>(at::TensorIteratorBase &, const T1 &)::[lambda(int) (instance 1)]>(int, T3)"
:BasicsTransformerLM.layers.18,PushPop,30,30,1,1,101664,101664.0,101664.0,101664,101664,0.0,"void at::native::reduce_kernel<(int)512, (int)1, at::native::ReduceOp<float, at::native::func_wrapper_t<float, at::native::sum_functor<float, float, float>::operator ()(at::TensorIterator &)::[lambda(float, float) (instance 1)]>, unsigned int, float, (int)4, (int)4>>(T3)"
:BasicsTransformerLM.layers.18,PushPop,30,30,1,2,70048,35024.0,35024.0,32256,37792,3914.5,"void at::native::vectorized_elementwise_kernel<(int)4, at::native::BinaryFunctor<float, float, float, at::native::binary_internal::MulFunctor<float>>, std::array<char *, (unsigned long)3>>(int, T2, T3)"
:BasicsTransformerLM.layers.18,PushPop,30,30,1,2,54912,27456.0,27456.0,27424,27488,45.3,"void at::native::<unnamed>::CatArrayBatchedCopy<at::native::<unnamed>::OpaqueType<(unsigned int)4>, unsigned int, (int)4, (int)64, (int)64>(T1 *, at::native::<unnamed>::CatArrInputTensorMetadata<T1, T2, T4, T5>, at::native::<unnamed>::TensorSizeStride<T2, (unsigned int)4>, int, T2)"
:BasicsTransformerLM.layers.18,PushPop,30,30,1,6,31968,5328.0,4000.0,3808,8640,2216.4,"void at::native::vectorized_elementwise_kernel<(int)4, at::native::CUDAFunctor_add<float>, std::array<char *, (unsigned long)3>>(int, T2, T3)"
:BasicsTransformerLM.layers.18,PushPop,30,30,1,1,21664,21664.0,21664.0,21664,21664,0.0,"void at::native::vectorized_elementwise_kernel<(int)4, at::native::sigmoid_kernel_cuda(at::TensorIteratorBase &)::[lambda() (instance 2)]::operator ()() const::[lambda() (instance 2)]::operator ()() const::[lambda(float) (instance 1)], std::array<char *, (unsigned long)2>>(int, T2, T3)"
:BasicsTransformerLM.layers.18,PushPop,30,30,1,2,18560,9280.0,9280.0,9216,9344,90.5,"void at::native::reduce_kernel<(int)512, (int)1, at::native::ReduceOp<float, at::native::MeanOps<float, float, float, float>, unsigned int, float, (int)4, (int)4>>(T3)"
:BasicsTransformerLM.layers.18,PushPop,30,30,1,1,14880,14880.0,14880.0,14880,14880,0.0,"void at::native::elementwise_kernel<(int)128, (int)2, void at::native::gpu_kernel_impl_nocast<at::native::direct_copy_kernel_cuda(at::TensorIteratorBase &)::[lambda() (instance 3)]::operator ()() const::[lambda() (instance 7)]::operator ()() const::[lambda(float) (instance 1)]>(at::TensorIteratorBase &, const T1 &)::[lambda(int) (instance 1)]>(int, T3)"
:BasicsTransformerLM.layers.18,PushPop,30,30,1,2,10400,5200.0,5200.0,5184,5216,22.6,"void at::native::vectorized_elementwise_kernel<(int)4, void at::native::<unnamed>::pow_tensor_scalar_kernel_impl<float, float>(at::TensorIteratorBase &, T2)::[lambda(float) (instance 1)], std::array<char *, (unsigned long)2>>(int, T2, T3)"
:BasicsTransformerLM.layers.18,PushPop,30,30,1,1,8768,8768.0,8768.0,8768,8768,0.0,"void at::native::elementwise_kernel<(int)128, (int)4, void at::native::gpu_kernel_impl_nocast<at::native::<unnamed>::CompareFunctor<long>>(at::TensorIteratorBase &, const T1 &)::[lambda(int) (instance 1)]>(int, T3)"
:BasicsTransformerLM.layers.18,PushPop,30,30,1,2,3136,1568.0,1568.0,1568,1568,0.0,"void at::native::vectorized_elementwise_kernel<(int)4, at::native::CUDAFunctorOnSelf_add<float>, std::array<char *, (unsigned long)2>>(int, T2, T3)"
:BasicsTransformerLM.layers.18,PushPop,30,30,1,2,2976,1488.0,1488.0,1472,1504,22.6,"void at::native::vectorized_elementwise_kernel<(int)4, at::native::rsqrt_kernel_cuda(at::TensorIteratorBase &)::[lambda() (instance 2)]::operator ()() const::[lambda() (instance 2)]::operator ()() const::[lambda(float) (instance 1)], std::array<char *, (unsigned long)2>>(int, T2, T3)"
:BasicsTransformerLM.layers.18,PushPop,30,30,1,1,1184,1184.0,1184.0,1184,1184,0.0,"void <unnamed>::elementwise_kernel_with_index<int, at::native::arange_cuda_out(const c10::Scalar &, const c10::Scalar &, const c10::Scalar &, at::Tensor &)::[lambda() (instance 1)]::operator ()() const::[lambda() (instance 4)]::operator ()() const::[lambda(long) (instance 1)]>(T1, T2, function_traits<T2>::result_type *)"
:BasicsTransformerLM.layers.18,PushPop,30,30,1,1,1056,1056.0,1056.0,1056,1056,0.0,"void at::native::vectorized_elementwise_kernel<(int)4, at::native::FillFunctor<float>, std::array<char *, (unsigned long)1>>(int, T2, T3)"
:BasicsTransformerLM.layers.18.attn,PushPop,30,30,1,4,2040405,510101.3,509053.5,507389,514909,3345.1,cutlass3x_sm100_simt_sgemm_f32_f32_f32_f32_f32_128x64x16_1x1x1_3_tnn_align1_bias_f32_relu
:BasicsTransformerLM.layers.18.attn,PushPop,30,30,1,1,567101,567101.0,567101.0,567101,567101,0.0,cutlass3x_sm100_simt_sgemm_f32_f32_f32_f32_f32_128x128x16_1x1x1_3_tnn_align1_bias_f32_relu
:BasicsTransformerLM.layers.18.attn,PushPop,30,30,1,1,546493,546493.0,546493.0,546493,546493,0.0,cutlass3x_sm100_simt_sgemm_f32_f32_f32_f32_f32_32x64x16_1x1x1_3_nnn_align1_bias_f32_relu
:BasicsTransformerLM.layers.18.attn,PushPop,30,30,1,1,416190,416190.0,416190.0,416190,416190,0.0,"void at::native::elementwise_kernel<(int)128, (int)2, void at::native::gpu_kernel_impl_nocast<at::native::BinaryFunctor<float, float, float, at::native::binary_internal::DivFunctor<float>>>(at::TensorIteratorBase &, const T1 &)::[lambda(int) (instance 1)]>(int, T3)"
:BasicsTransformerLM.layers.18.attn,PushPop,30,30,1,1,365375,365375.0,365375.0,365375,365375,0.0,"void at::native::elementwise_kernel<(int)128, (int)2, void at::native::gpu_kernel_impl_nocast<at::native::<unnamed>::where_kernel_impl(at::TensorIterator &)::[lambda() (instance 1)]::operator ()() const::[lambda() (instance 11)]::operator ()() const::[lambda(bool, float, float) (instance 1)]>(at::TensorIteratorBase &, const T1 &)::[lambda(int) (instance 1)]>(int, T3)"
:BasicsTransformerLM.layers.18.attn,PushPop,30,30,1,1,362142,362142.0,362142.0,362142,362142,0.0,"void at::native::elementwise_kernel<(int)128, (int)2, void at::native::gpu_kernel_impl_nocast<at::native::CUDAFunctor_add<float>>(at::TensorIteratorBase &, const T1 &)::[lambda(int) (instance 1)]>(int, T3)"
:BasicsTransformerLM.layers.18.attn,PushPop,30,30,1,1,157247,157247.0,157247.0,157247,157247,0.0,"void at::native::vectorized_elementwise_kernel<(int)4, at::native::BUnaryFunctor<float, float, float, at::native::binary_internal::MulFunctor<float>>, std::array<char *, (unsigned long)2>>(int, T2, T3)"
:BasicsTransformerLM.layers.18.attn,PushPop,30,30,1,1,155455,155455.0,155455.0,155455,155455,0.0,"void at::native::vectorized_elementwise_kernel<(int)4, at::native::exp_kernel_cuda(at::TensorIteratorBase &)::[lambda() (instance 2)]::operator ()() const::[lambda() (instance 2)]::operator ()() const::[lambda(float) (instance 1)], std::array<char *, (unsigned long)2>>(int, T2, T3)"
:BasicsTransformerLM.layers.18.attn,PushPop,30,30,1,1,135263,135263.0,135263.0,135263,135263,0.0,"void at::native::reduce_kernel<(int)512, (int)1, at::native::ReduceOp<float, at::native::MaxOps<float>, unsigned int, float, (int)4, (int)4>>(T3)"
:BasicsTransformerLM.layers.18.attn,PushPop,30,30,1,1,101664,101664.0,101664.0,101664,101664,0.0,"void at::native::reduce_kernel<(int)512, (int)1, at::native::ReduceOp<float, at::native::func_wrapper_t<float, at::native::sum_functor<float, float, float>::operator ()(at::TensorIterator &)::[lambda(float, float) (instance 1)]>, unsigned int, float, (int)4, (int)4>>(T3)"
:BasicsTransformerLM.layers.18.attn,PushPop,30,30,1,8,66399,8299.9,7696.0,7456,10624,1237.7,"void at::native::elementwise_kernel<(int)128, (int)2, void at::native::gpu_kernel_impl_nocast<at::native::BinaryFunctor<float, float, float, at::native::binary_internal::MulFunctor<float>>>(at::TensorIteratorBase &, const T1 &)::[lambda(int) (instance 1)]>(int, T3)"
:BasicsTransformerLM.layers.18.attn,PushPop,30,30,1,2,54912,27456.0,27456.0,27424,27488,45.3,"void at::native::<unnamed>::CatArrayBatchedCopy<at::native::<unnamed>::OpaqueType<(unsigned int)4>, unsigned int, (int)4, (int)64, (int)64>(T1 *, at::native::<unnamed>::CatArrInputTensorMetadata<T1, T2, T4, T5>, at::native::<unnamed>::TensorSizeStride<T2, (unsigned int)4>, int, T2)"
:BasicsTransformerLM.layers.18.attn,PushPop,30,30,1,4,15648,3912.0,3888.0,3808,4064,115.0,"void at::native::vectorized_elementwise_kernel<(int)4, at::native::CUDAFunctor_add<float>, std::array<char *, (unsigned long)3>>(int, T2, T3)"
:BasicsTransformerLM.layers.18.attn,PushPop,30,30,1,1,14880,14880.0,14880.0,14880,14880,0.0,"void at::native::elementwise_kernel<(int)128, (int)2, void at::native::gpu_kernel_impl_nocast<at::native::direct_copy_kernel_cuda(at::TensorIteratorBase &)::[lambda() (instance 3)]::operator ()() const::[lambda() (instance 7)]::operator ()() const::[lambda(float) (instance 1)]>(at::TensorIteratorBase &, const T1 &)::[lambda(int) (instance 1)]>(int, T3)"
:BasicsTransformerLM.layers.18.attn,PushPop,30,30,1,1,8768,8768.0,8768.0,8768,8768,0.0,"void at::native::elementwise_kernel<(int)128, (int)4, void at::native::gpu_kernel_impl_nocast<at::native::<unnamed>::CompareFunctor<long>>(at::TensorIteratorBase &, const T1 &)::[lambda(int) (instance 1)]>(int, T3)"
:BasicsTransformerLM.layers.18.attn,PushPop,30,30,1,1,1184,1184.0,1184.0,1184,1184,0.0,"void <unnamed>::elementwise_kernel_with_index<int, at::native::arange_cuda_out(const c10::Scalar &, const c10::Scalar &, const c10::Scalar &, at::Tensor &)::[lambda() (instance 1)]::operator ()() const::[lambda() (instance 4)]::operator ()() const::[lambda(long) (instance 1)]>(T1, T2, function_traits<T2>::result_type *)"
:BasicsTransformerLM.layers.18.attn,PushPop,30,30,1,1,1056,1056.0,1056.0,1056,1056,0.0,"void at::native::vectorized_elementwise_kernel<(int)4, at::native::FillFunctor<float>, std::array<char *, (unsigned long)1>>(int, T2, T3)"
:BasicsTransformerLM.layers.18.attn.k_proj,PushPop,30,30,1,1,508382,508382.0,508382.0,508382,508382,0.0,cutlass3x_sm100_simt_sgemm_f32_f32_f32_f32_f32_128x64x16_1x1x1_3_tnn_align1_bias_f32_relu
:BasicsTransformerLM.layers.18.attn.output_proj,PushPop,30,30,1,1,514909,514909.0,514909.0,514909,514909,0.0,cutlass3x_sm100_simt_sgemm_f32_f32_f32_f32_f32_128x64x16_1x1x1_3_tnn_align1_bias_f32_relu
:BasicsTransformerLM.layers.18.attn.q_proj,PushPop,30,30,1,1,507389,507389.0,507389.0,507389,507389,0.0,cutlass3x_sm100_simt_sgemm_f32_f32_f32_f32_f32_128x64x16_1x1x1_3_tnn_align1_bias_f32_relu
:BasicsTransformerLM.layers.18.attn.v_proj,PushPop,30,30,1,1,509725,509725.0,509725.0,509725,509725,0.0,cutlass3x_sm100_simt_sgemm_f32_f32_f32_f32_f32_128x64x16_1x1x1_3_tnn_align1_bias_f32_relu
:BasicsTransformerLM.layers.18.ffn,PushPop,30,30,1,2,3824204,1912102.0,1912102.0,1911478,1912726,882.5,cutlass3x_sm100_simt_sgemm_f32_f32_f32_f32_f32_128x128x16_1x1x1_3_tnn_align1_bias_f32_relu
:BasicsTransformerLM.layers.18.ffn,PushPop,30,30,1,1,1991126,1991126.0,1991126.0,1991126,1991126,0.0,cutlass3x_sm100_simt_sgemm_f32_f32_f32_f32_f32_64x64x16_1x1x1_3_tnn_align1_bias_f32_relu
:BasicsTransformerLM.layers.18.ffn,PushPop,30,30,1,2,70048,35024.0,35024.0,32256,37792,3914.5,"void at::native::vectorized_elementwise_kernel<(int)4, at::native::BinaryFunctor<float, float, float, at::native::binary_internal::MulFunctor<float>>, std::array<char *, (unsigned long)3>>(int, T2, T3)"
:BasicsTransformerLM.layers.18.ffn,PushPop,30,30,1,1,21664,21664.0,21664.0,21664,21664,0.0,"void at::native::vectorized_elementwise_kernel<(int)4, at::native::sigmoid_kernel_cuda(at::TensorIteratorBase &)::[lambda() (instance 2)]::operator ()() const::[lambda() (instance 2)]::operator ()() const::[lambda(float) (instance 1)], std::array<char *, (unsigned long)2>>(int, T2, T3)"
:BasicsTransformerLM.layers.18.ffn.w1,PushPop,30,30,1,1,1912726,1912726.0,1912726.0,1912726,1912726,0.0,cutlass3x_sm100_simt_sgemm_f32_f32_f32_f32_f32_128x128x16_1x1x1_3_tnn_align1_bias_f32_relu
:BasicsTransformerLM.layers.18.ffn.w2,PushPop,30,30,1,1,1991126,1991126.0,1991126.0,1991126,1991126,0.0,cutlass3x_sm100_simt_sgemm_f32_f32_f32_f32_f32_64x64x16_1x1x1_3_tnn_align1_bias_f32_relu
:BasicsTransformerLM.layers.18.ffn.w3,PushPop,30,30,1,1,1911478,1911478.0,1911478.0,1911478,1911478,0.0,cutlass3x_sm100_simt_sgemm_f32_f32_f32_f32_f32_128x128x16_1x1x1_3_tnn_align1_bias_f32_relu
:BasicsTransformerLM.layers.18.ln1,PushPop,30,30,1,2,25568,12784.0,12784.0,12704,12864,113.1,"void at::native::elementwise_kernel<(int)128, (int)2, void at::native::gpu_kernel_impl_nocast<at::native::BinaryFunctor<float, float, float, at::native::binary_internal::MulFunctor<float>>>(at::TensorIteratorBase &, const T1 &)::[lambda(int) (instance 1)]>(int, T3)"
:BasicsTransformerLM.layers.18.ln1,PushPop,30,30,1,1,9344,9344.0,9344.0,9344,9344,0.0,"void at::native::reduce_kernel<(int)512, (int)1, at::native::ReduceOp<float, at::native::MeanOps<float, float, float, float>, unsigned int, float, (int)4, (int)4>>(T3)"
:BasicsTransformerLM.layers.18.ln1,PushPop,30,30,1,1,5216,5216.0,5216.0,5216,5216,0.0,"void at::native::vectorized_elementwise_kernel<(int)4, void at::native::<unnamed>::pow_tensor_scalar_kernel_impl<float, float>(at::TensorIteratorBase &, T2)::[lambda(float) (instance 1)], std::array<char *, (unsigned long)2>>(int, T2, T3)"
:BasicsTransformerLM.layers.18.ln1,PushPop,30,30,1,1,1568,1568.0,1568.0,1568,1568,0.0,"void at::native::vectorized_elementwise_kernel<(int)4, at::native::CUDAFunctorOnSelf_add<float>, std::array<char *, (unsigned long)2>>(int, T2, T3)"
:BasicsTransformerLM.layers.18.ln1,PushPop,30,30,1,1,1472,1472.0,1472.0,1472,1472,0.0,"void at::native::vectorized_elementwise_kernel<(int)4, at::native::rsqrt_kernel_cuda(at::TensorIteratorBase &)::[lambda() (instance 2)]::operator ()() const::[lambda() (instance 2)]::operator ()() const::[lambda(float) (instance 1)], std::array<char *, (unsigned long)2>>(int, T2, T3)"
:BasicsTransformerLM.layers.18.ln2,PushPop,30,30,1,2,25376,12688.0,12688.0,12608,12768,113.1,"void at::native::elementwise_kernel<(int)128, (int)2, void at::native::gpu_kernel_impl_nocast<at::native::BinaryFunctor<float, float, float, at::native::binary_internal::MulFunctor<float>>>(at::TensorIteratorBase &, const T1 &)::[lambda(int) (instance 1)]>(int, T3)"
:BasicsTransformerLM.layers.18.ln2,PushPop,30,30,1,1,9216,9216.0,9216.0,9216,9216,0.0,"void at::native::reduce_kernel<(int)512, (int)1, at::native::ReduceOp<float, at::native::MeanOps<float, float, float, float>, unsigned int, float, (int)4, (int)4>>(T3)"
:BasicsTransformerLM.layers.18.ln2,PushPop,30,30,1,1,5184,5184.0,5184.0,5184,5184,0.0,"void at::native::vectorized_elementwise_kernel<(int)4, void at::native::<unnamed>::pow_tensor_scalar_kernel_impl<float, float>(at::TensorIteratorBase &, T2)::[lambda(float) (instance 1)], std::array<char *, (unsigned long)2>>(int, T2, T3)"
:BasicsTransformerLM.layers.18.ln2,PushPop,30,30,1,1,1568,1568.0,1568.0,1568,1568,0.0,"void at::native::vectorized_elementwise_kernel<(int)4, at::native::CUDAFunctorOnSelf_add<float>, std::array<char *, (unsigned long)2>>(int, T2, T3)"
:BasicsTransformerLM.layers.18.ln2,PushPop,30,30,1,1,1504,1504.0,1504.0,1504,1504,0.0,"void at::native::vectorized_elementwise_kernel<(int)4, at::native::rsqrt_kernel_cuda(at::TensorIteratorBase &)::[lambda() (instance 2)]::operator ()() const::[lambda() (instance 2)]::operator ()() const::[lambda(float) (instance 1)], std::array<char *, (unsigned long)2>>(int, T2, T3)"
:BasicsTransformerLM.layers.19,PushPop,30,30,1,3,4393419,1464473.0,1912375.0,566909,1914135,777313.7,cutlass3x_sm100_simt_sgemm_f32_f32_f32_f32_f32_128x128x16_1x1x1_3_tnn_align1_bias_f32_relu
:BasicsTransformerLM.layers.19,PushPop,30,30,1,4,2133749,533437.3,509133.5,507293,608189,49843.0,cutlass3x_sm100_simt_sgemm_f32_f32_f32_f32_f32_128x64x16_1x1x1_3_tnn_align1_bias_f32_relu
:BasicsTransformerLM.layers.19,PushPop,30,30,1,1,1990102,1990102.0,1990102.0,1990102,1990102,0.0,cutlass3x_sm100_simt_sgemm_f32_f32_f32_f32_f32_64x64x16_1x1x1_3_tnn_align1_bias_f32_relu
:BasicsTransformerLM.layers.19,PushPop,30,30,1,1,545725,545725.0,545725.0,545725,545725,0.0,cutlass3x_sm100_simt_sgemm_f32_f32_f32_f32_f32_32x64x16_1x1x1_3_nnn_align1_bias_f32_relu
:BasicsTransformerLM.layers.19,PushPop,30,30,1,1,416030,416030.0,416030.0,416030,416030,0.0,"void at::native::elementwise_kernel<(int)128, (int)2, void at::native::gpu_kernel_impl_nocast<at::native::BinaryFunctor<float, float, float, at::native::binary_internal::DivFunctor<float>>>(at::TensorIteratorBase &, const T1 &)::[lambda(int) (instance 1)]>(int, T3)"
:BasicsTransformerLM.layers.19,PushPop,30,30,1,1,365631,365631.0,365631.0,365631,365631,0.0,"void at::native::elementwise_kernel<(int)128, (int)2, void at::native::gpu_kernel_impl_nocast<at::native::<unnamed>::where_kernel_impl(at::TensorIterator &)::[lambda() (instance 1)]::operator ()() const::[lambda() (instance 11)]::operator ()() const::[lambda(bool, float, float) (instance 1)]>(at::TensorIteratorBase &, const T1 &)::[lambda(int) (instance 1)]>(int, T3)"
:BasicsTransformerLM.layers.19,PushPop,30,30,1,1,361726,361726.0,361726.0,361726,361726,0.0,"void at::native::elementwise_kernel<(int)128, (int)2, void at::native::gpu_kernel_impl_nocast<at::native::CUDAFunctor_add<float>>(at::TensorIteratorBase &, const T1 &)::[lambda(int) (instance 1)]>(int, T3)"
:BasicsTransformerLM.layers.19,PushPop,30,30,1,1,156671,156671.0,156671.0,156671,156671,0.0,"void at::native::vectorized_elementwise_kernel<(int)4, at::native::BUnaryFunctor<float, float, float, at::native::binary_internal::MulFunctor<float>>, std::array<char *, (unsigned long)2>>(int, T2, T3)"
:BasicsTransformerLM.layers.19,PushPop,30,30,1,1,155743,155743.0,155743.0,155743,155743,0.0,"void at::native::vectorized_elementwise_kernel<(int)4, at::native::exp_kernel_cuda(at::TensorIteratorBase &)::[lambda() (instance 2)]::operator ()() const::[lambda() (instance 2)]::operator ()() const::[lambda(float) (instance 1)], std::array<char *, (unsigned long)2>>(int, T2, T3)"
:BasicsTransformerLM.layers.19,PushPop,30,30,1,1,135615,135615.0,135615.0,135615,135615,0.0,"void at::native::reduce_kernel<(int)512, (int)1, at::native::ReduceOp<float, at::native::MaxOps<float>, unsigned int, float, (int)4, (int)4>>(T3)"
:BasicsTransformerLM.layers.19,PushPop,30,30,1,12,116127,9677.3,8832.0,7360,12768,2423.5,"void at::native::elementwise_kernel<(int)128, (int)2, void at::native::gpu_kernel_impl_nocast<at::native::BinaryFunctor<float, float, float, at::native::binary_internal::MulFunctor<float>>>(at::TensorIteratorBase &, const T1 &)::[lambda(int) (instance 1)]>(int, T3)"
:BasicsTransformerLM.layers.19,PushPop,30,30,1,1,101664,101664.0,101664.0,101664,101664,0.0,"void at::native::reduce_kernel<(int)512, (int)1, at::native::ReduceOp<float, at::native::func_wrapper_t<float, at::native::sum_functor<float, float, float>::operator ()(at::TensorIterator &)::[lambda(float, float) (instance 1)]>, unsigned int, float, (int)4, (int)4>>(T3)"
:BasicsTransformerLM.layers.19,PushPop,30,30,1,2,71423,35711.5,35711.5,33120,38303,3664.9,"void at::native::vectorized_elementwise_kernel<(int)4, at::native::BinaryFunctor<float, float, float, at::native::binary_internal::MulFunctor<float>>, std::array<char *, (unsigned long)3>>(int, T2, T3)"
:BasicsTransformerLM.layers.19,PushPop,30,30,1,2,54624,27312.0,27312.0,27296,27328,22.6,"void at::native::<unnamed>::CatArrayBatchedCopy<at::native::<unnamed>::OpaqueType<(unsigned int)4>, unsigned int, (int)4, (int)64, (int)64>(T1 *, at::native::<unnamed>::CatArrInputTensorMetadata<T1, T2, T4, T5>, at::native::<unnamed>::TensorSizeStride<T2, (unsigned int)4>, int, T2)"
:BasicsTransformerLM.layers.19,PushPop,30,30,1,6,31712,5285.3,3952.0,3808,8608,2180.6,"void at::native::vectorized_elementwise_kernel<(int)4, at::native::CUDAFunctor_add<float>, std::array<char *, (unsigned long)3>>(int, T2, T3)"
:BasicsTransformerLM.layers.19,PushPop,30,30,1,1,21504,21504.0,21504.0,21504,21504,0.0,"void at::native::vectorized_elementwise_kernel<(int)4, at::native::sigmoid_kernel_cuda(at::TensorIteratorBase &)::[lambda() (instance 2)]::operator ()() const::[lambda() (instance 2)]::operator ()() const::[lambda(float) (instance 1)], std::array<char *, (unsigned long)2>>(int, T2, T3)"
:BasicsTransformerLM.layers.19,PushPop,30,30,1,2,18560,9280.0,9280.0,9248,9312,45.3,"void at::native::reduce_kernel<(int)512, (int)1, at::native::ReduceOp<float, at::native::MeanOps<float, float, float, float>, unsigned int, float, (int)4, (int)4>>(T3)"
:BasicsTransformerLM.layers.19,PushPop,30,30,1,1,15200,15200.0,15200.0,15200,15200,0.0,"void at::native::elementwise_kernel<(int)128, (int)2, void at::native::gpu_kernel_impl_nocast<at::native::direct_copy_kernel_cuda(at::TensorIteratorBase &)::[lambda() (instance 3)]::operator ()() const::[lambda() (instance 7)]::operator ()() const::[lambda(float) (instance 1)]>(at::TensorIteratorBase &, const T1 &)::[lambda(int) (instance 1)]>(int, T3)"
:BasicsTransformerLM.layers.19,PushPop,30,30,1,2,10368,5184.0,5184.0,5120,5248,90.5,"void at::native::vectorized_elementwise_kernel<(int)4, void at::native::<unnamed>::pow_tensor_scalar_kernel_impl<float, float>(at::TensorIteratorBase &, T2)::[lambda(float) (instance 1)], std::array<char *, (unsigned long)2>>(int, T2, T3)"
:BasicsTransformerLM.layers.19,PushPop,30,30,1,1,8672,8672.0,8672.0,8672,8672,0.0,"void at::native::elementwise_kernel<(int)128, (int)4, void at::native::gpu_kernel_impl_nocast<at::native::<unnamed>::CompareFunctor<long>>(at::TensorIteratorBase &, const T1 &)::[lambda(int) (instance 1)]>(int, T3)"
:BasicsTransformerLM.layers.19,PushPop,30,30,1,2,3136,1568.0,1568.0,1568,1568,0.0,"void at::native::vectorized_elementwise_kernel<(int)4, at::native::CUDAFunctorOnSelf_add<float>, std::array<char *, (unsigned long)2>>(int, T2, T3)"
:BasicsTransformerLM.layers.19,PushPop,30,30,1,2,2912,1456.0,1456.0,1440,1472,22.6,"void at::native::vectorized_elementwise_kernel<(int)4, at::native::rsqrt_kernel_cuda(at::TensorIteratorBase &)::[lambda() (instance 2)]::operator ()() const::[lambda() (instance 2)]::operator ()() const::[lambda(float) (instance 1)], std::array<char *, (unsigned long)2>>(int, T2, T3)"
:BasicsTransformerLM.layers.19,PushPop,30,30,1,1,1152,1152.0,1152.0,1152,1152,0.0,"void <unnamed>::elementwise_kernel_with_index<int, at::native::arange_cuda_out(const c10::Scalar &, const c10::Scalar &, const c10::Scalar &, at::Tensor &)::[lambda() (instance 1)]::operator ()() const::[lambda() (instance 4)]::operator ()() const::[lambda(long) (instance 1)]>(T1, T2, function_traits<T2>::result_type *)"
:BasicsTransformerLM.layers.19,PushPop,30,30,1,1,1088,1088.0,1088.0,1088,1088,0.0,"void at::native::vectorized_elementwise_kernel<(int)4, at::native::FillFunctor<float>, std::array<char *, (unsigned long)1>>(int, T2, T3)"
:BasicsTransformerLM.layers.19.attn,PushPop,30,30,1,4,2133749,533437.3,509133.5,507293,608189,49843.0,cutlass3x_sm100_simt_sgemm_f32_f32_f32_f32_f32_128x64x16_1x1x1_3_tnn_align1_bias_f32_relu
:BasicsTransformerLM.layers.19.attn,PushPop,30,30,1,1,566909,566909.0,566909.0,566909,566909,0.0,cutlass3x_sm100_simt_sgemm_f32_f32_f32_f32_f32_128x128x16_1x1x1_3_tnn_align1_bias_f32_relu
:BasicsTransformerLM.layers.19.attn,PushPop,30,30,1,1,545725,545725.0,545725.0,545725,545725,0.0,cutlass3x_sm100_simt_sgemm_f32_f32_f32_f32_f32_32x64x16_1x1x1_3_nnn_align1_bias_f32_relu
:BasicsTransformerLM.layers.19.attn,PushPop,30,30,1,1,416030,416030.0,416030.0,416030,416030,0.0,"void at::native::elementwise_kernel<(int)128, (int)2, void at::native::gpu_kernel_impl_nocast<at::native::BinaryFunctor<float, float, float, at::native::binary_internal::DivFunctor<float>>>(at::TensorIteratorBase &, const T1 &)::[lambda(int) (instance 1)]>(int, T3)"
:BasicsTransformerLM.layers.19.attn,PushPop,30,30,1,1,365631,365631.0,365631.0,365631,365631,0.0,"void at::native::elementwise_kernel<(int)128, (int)2, void at::native::gpu_kernel_impl_nocast<at::native::<unnamed>::where_kernel_impl(at::TensorIterator &)::[lambda() (instance 1)]::operator ()() const::[lambda() (instance 11)]::operator ()() const::[lambda(bool, float, float) (instance 1)]>(at::TensorIteratorBase &, const T1 &)::[lambda(int) (instance 1)]>(int, T3)"
:BasicsTransformerLM.layers.19.attn,PushPop,30,30,1,1,361726,361726.0,361726.0,361726,361726,0.0,"void at::native::elementwise_kernel<(int)128, (int)2, void at::native::gpu_kernel_impl_nocast<at::native::CUDAFunctor_add<float>>(at::TensorIteratorBase &, const T1 &)::[lambda(int) (instance 1)]>(int, T3)"
:BasicsTransformerLM.layers.19.attn,PushPop,30,30,1,1,156671,156671.0,156671.0,156671,156671,0.0,"void at::native::vectorized_elementwise_kernel<(int)4, at::native::BUnaryFunctor<float, float, float, at::native::binary_internal::MulFunctor<float>>, std::array<char *, (unsigned long)2>>(int, T2, T3)"
:BasicsTransformerLM.layers.19.attn,PushPop,30,30,1,1,155743,155743.0,155743.0,155743,155743,0.0,"void at::native::vectorized_elementwise_kernel<(int)4, at::native::exp_kernel_cuda(at::TensorIteratorBase &)::[lambda() (instance 2)]::operator ()() const::[lambda() (instance 2)]::operator ()() const::[lambda(float) (instance 1)], std::array<char *, (unsigned long)2>>(int, T2, T3)"
:BasicsTransformerLM.layers.19.attn,PushPop,30,30,1,1,135615,135615.0,135615.0,135615,135615,0.0,"void at::native::reduce_kernel<(int)512, (int)1, at::native::ReduceOp<float, at::native::MaxOps<float>, unsigned int, float, (int)4, (int)4>>(T3)"
:BasicsTransformerLM.layers.19.attn,PushPop,30,30,1,1,101664,101664.0,101664.0,101664,101664,0.0,"void at::native::reduce_kernel<(int)512, (int)1, at::native::ReduceOp<float, at::native::func_wrapper_t<float, at::native::sum_functor<float, float, float>::operator ()(at::TensorIterator &)::[lambda(float, float) (instance 1)]>, unsigned int, float, (int)4, (int)4>>(T3)"
:BasicsTransformerLM.layers.19.attn,PushPop,30,30,1,8,65375,8171.9,7599.5,7360,10272,1207.2,"void at::native::elementwise_kernel<(int)128, (int)2, void at::native::gpu_kernel_impl_nocast<at::native::BinaryFunctor<float, float, float, at::native::binary_internal::MulFunctor<float>>>(at::TensorIteratorBase &, const T1 &)::[lambda(int) (instance 1)]>(int, T3)"
:BasicsTransformerLM.layers.19.attn,PushPop,30,30,1,2,54624,27312.0,27312.0,27296,27328,22.6,"void at::native::<unnamed>::CatArrayBatchedCopy<at::native::<unnamed>::OpaqueType<(unsigned int)4>, unsigned int, (int)4, (int)64, (int)64>(T1 *, at::native::<unnamed>::CatArrInputTensorMetadata<T1, T2, T4, T5>, at::native::<unnamed>::TensorSizeStride<T2, (unsigned int)4>, int, T2)"
:BasicsTransformerLM.layers.19.attn,PushPop,30,30,1,4,15584,3896.0,3888.0,3808,4000,80.0,"void at::native::vectorized_elementwise_kernel<(int)4, at::native::CUDAFunctor_add<float>, std::array<char *, (unsigned long)3>>(int, T2, T3)"
:BasicsTransformerLM.layers.19.attn,PushPop,30,30,1,1,15200,15200.0,15200.0,15200,15200,0.0,"void at::native::elementwise_kernel<(int)128, (int)2, void at::native::gpu_kernel_impl_nocast<at::native::direct_copy_kernel_cuda(at::TensorIteratorBase &)::[lambda() (instance 3)]::operator ()() const::[lambda() (instance 7)]::operator ()() const::[lambda(float) (instance 1)]>(at::TensorIteratorBase &, const T1 &)::[lambda(int) (instance 1)]>(int, T3)"
:BasicsTransformerLM.layers.19.attn,PushPop,30,30,1,1,8672,8672.0,8672.0,8672,8672,0.0,"void at::native::elementwise_kernel<(int)128, (int)4, void at::native::gpu_kernel_impl_nocast<at::native::<unnamed>::CompareFunctor<long>>(at::TensorIteratorBase &, const T1 &)::[lambda(int) (instance 1)]>(int, T3)"
:BasicsTransformerLM.layers.19.attn,PushPop,30,30,1,1,1152,1152.0,1152.0,1152,1152,0.0,"void <unnamed>::elementwise_kernel_with_index<int, at::native::arange_cuda_out(const c10::Scalar &, const c10::Scalar &, const c10::Scalar &, at::Tensor &)::[lambda() (instance 1)]::operator ()() const::[lambda() (instance 4)]::operator ()() const::[lambda(long) (instance 1)]>(T1, T2, function_traits<T2>::result_type *)"
:BasicsTransformerLM.layers.19.attn,PushPop,30,30,1,1,1088,1088.0,1088.0,1088,1088,0.0,"void at::native::vectorized_elementwise_kernel<(int)4, at::native::FillFunctor<float>, std::array<char *, (unsigned long)1>>(int, T2, T3)"
:BasicsTransformerLM.layers.19.attn.k_proj,PushPop,30,30,1,1,508766,508766.0,508766.0,508766,508766,0.0,cutlass3x_sm100_simt_sgemm_f32_f32_f32_f32_f32_128x64x16_1x1x1_3_tnn_align1_bias_f32_relu
:BasicsTransformerLM.layers.19.attn.output_proj,PushPop,30,30,1,1,608189,608189.0,608189.0,608189,608189,0.0,cutlass3x_sm100_simt_sgemm_f32_f32_f32_f32_f32_128x64x16_1x1x1_3_tnn_align1_bias_f32_relu
:BasicsTransformerLM.layers.19.attn.q_proj,PushPop,30,30,1,1,507293,507293.0,507293.0,507293,507293,0.0,cutlass3x_sm100_simt_sgemm_f32_f32_f32_f32_f32_128x64x16_1x1x1_3_tnn_align1_bias_f32_relu
:BasicsTransformerLM.layers.19.attn.v_proj,PushPop,30,30,1,1,509501,509501.0,509501.0,509501,509501,0.0,cutlass3x_sm100_simt_sgemm_f32_f32_f32_f32_f32_128x64x16_1x1x1_3_tnn_align1_bias_f32_relu
:BasicsTransformerLM.layers.19.ffn,PushPop,30,30,1,2,3826510,1913255.0,1913255.0,1912375,1914135,1244.5,cutlass3x_sm100_simt_sgemm_f32_f32_f32_f32_f32_128x128x16_1x1x1_3_tnn_align1_bias_f32_relu
:BasicsTransformerLM.layers.19.ffn,PushPop,30,30,1,1,1990102,1990102.0,1990102.0,1990102,1990102,0.0,cutlass3x_sm100_simt_sgemm_f32_f32_f32_f32_f32_64x64x16_1x1x1_3_tnn_align1_bias_f32_relu
:BasicsTransformerLM.layers.19.ffn,PushPop,30,30,1,2,71423,35711.5,35711.5,33120,38303,3664.9,"void at::native::vectorized_elementwise_kernel<(int)4, at::native::BinaryFunctor<float, float, float, at::native::binary_internal::MulFunctor<float>>, std::array<char *, (unsigned long)3>>(int, T2, T3)"
:BasicsTransformerLM.layers.19.ffn,PushPop,30,30,1,1,21504,21504.0,21504.0,21504,21504,0.0,"void at::native::vectorized_elementwise_kernel<(int)4, at::native::sigmoid_kernel_cuda(at::TensorIteratorBase &)::[lambda() (instance 2)]::operator ()() const::[lambda() (instance 2)]::operator ()() const::[lambda(float) (instance 1)], std::array<char *, (unsigned long)2>>(int, T2, T3)"
:BasicsTransformerLM.layers.19.ffn.w1,PushPop,30,30,1,1,1914135,1914135.0,1914135.0,1914135,1914135,0.0,cutlass3x_sm100_simt_sgemm_f32_f32_f32_f32_f32_128x128x16_1x1x1_3_tnn_align1_bias_f32_relu
:BasicsTransformerLM.layers.19.ffn.w2,PushPop,30,30,1,1,1990102,1990102.0,1990102.0,1990102,1990102,0.0,cutlass3x_sm100_simt_sgemm_f32_f32_f32_f32_f32_64x64x16_1x1x1_3_tnn_align1_bias_f32_relu
:BasicsTransformerLM.layers.19.ffn.w3,PushPop,30,30,1,1,1912375,1912375.0,1912375.0,1912375,1912375,0.0,cutlass3x_sm100_simt_sgemm_f32_f32_f32_f32_f32_128x128x16_1x1x1_3_tnn_align1_bias_f32_relu
:BasicsTransformerLM.layers.19.ln1,PushPop,30,30,1,2,25376,12688.0,12688.0,12608,12768,113.1,"void at::native::elementwise_kernel<(int)128, (int)2, void at::native::gpu_kernel_impl_nocast<at::native::BinaryFunctor<float, float, float, at::native::binary_internal::MulFunctor<float>>>(at::TensorIteratorBase &, const T1 &)::[lambda(int) (instance 1)]>(int, T3)"
:BasicsTransformerLM.layers.19.ln1,PushPop,30,30,1,1,9248,9248.0,9248.0,9248,9248,0.0,"void at::native::reduce_kernel<(int)512, (int)1, at::native::ReduceOp<float, at::native::MeanOps<float, float, float, float>, unsigned int, float, (int)4, (int)4>>(T3)"
:BasicsTransformerLM.layers.19.ln1,PushPop,30,30,1,1,5248,5248.0,5248.0,5248,5248,0.0,"void at::native::vectorized_elementwise_kernel<(int)4, void at::native::<unnamed>::pow_tensor_scalar_kernel_impl<float, float>(at::TensorIteratorBase &, T2)::[lambda(float) (instance 1)], std::array<char *, (unsigned long)2>>(int, T2, T3)"
:BasicsTransformerLM.layers.19.ln1,PushPop,30,30,1,1,1568,1568.0,1568.0,1568,1568,0.0,"void at::native::vectorized_elementwise_kernel<(int)4, at::native::CUDAFunctorOnSelf_add<float>, std::array<char *, (unsigned long)2>>(int, T2, T3)"
:BasicsTransformerLM.layers.19.ln1,PushPop,30,30,1,1,1440,1440.0,1440.0,1440,1440,0.0,"void at::native::vectorized_elementwise_kernel<(int)4, at::native::rsqrt_kernel_cuda(at::TensorIteratorBase &)::[lambda() (instance 2)]::operator ()() const::[lambda() (instance 2)]::operator ()() const::[lambda(float) (instance 1)], std::array<char *, (unsigned long)2>>(int, T2, T3)"
:BasicsTransformerLM.layers.19.ln2,PushPop,30,30,1,2,25376,12688.0,12688.0,12640,12736,67.9,"void at::native::elementwise_kernel<(int)128, (int)2, void at::native::gpu_kernel_impl_nocast<at::native::BinaryFunctor<float, float, float, at::native::binary_internal::MulFunctor<float>>>(at::TensorIteratorBase &, const T1 &)::[lambda(int) (instance 1)]>(int, T3)"
:BasicsTransformerLM.layers.19.ln2,PushPop,30,30,1,1,9312,9312.0,9312.0,9312,9312,0.0,"void at::native::reduce_kernel<(int)512, (int)1, at::native::ReduceOp<float, at::native::MeanOps<float, float, float, float>, unsigned int, float, (int)4, (int)4>>(T3)"
:BasicsTransformerLM.layers.19.ln2,PushPop,30,30,1,1,5120,5120.0,5120.0,5120,5120,0.0,"void at::native::vectorized_elementwise_kernel<(int)4, void at::native::<unnamed>::pow_tensor_scalar_kernel_impl<float, float>(at::TensorIteratorBase &, T2)::[lambda(float) (instance 1)], std::array<char *, (unsigned long)2>>(int, T2, T3)"
:BasicsTransformerLM.layers.19.ln2,PushPop,30,30,1,1,1568,1568.0,1568.0,1568,1568,0.0,"void at::native::vectorized_elementwise_kernel<(int)4, at::native::CUDAFunctorOnSelf_add<float>, std::array<char *, (unsigned long)2>>(int, T2, T3)"
:BasicsTransformerLM.layers.19.ln2,PushPop,30,30,1,1,1472,1472.0,1472.0,1472,1472,0.0,"void at::native::vectorized_elementwise_kernel<(int)4, at::native::rsqrt_kernel_cuda(at::TensorIteratorBase &)::[lambda() (instance 2)]::operator ()() const::[lambda() (instance 2)]::operator ()() const::[lambda(float) (instance 1)], std::array<char *, (unsigned long)2>>(int, T2, T3)"
:BasicsTransformerLM.layers.2,PushPop,30,30,1,3,4394059,1464686.3,1911191.0,567965,1914903,776585.7,cutlass3x_sm100_simt_sgemm_f32_f32_f32_f32_f32_128x128x16_1x1x1_3_tnn_align1_bias_f32_relu
:BasicsTransformerLM.layers.2,PushPop,30,30,1,4,2132085,533021.3,508301.5,506973,608509,50329.4,cutlass3x_sm100_simt_sgemm_f32_f32_f32_f32_f32_128x64x16_1x1x1_3_tnn_align1_bias_f32_relu
:BasicsTransformerLM.layers.2,PushPop,30,30,1,1,1987478,1987478.0,1987478.0,1987478,1987478,0.0,cutlass3x_sm100_simt_sgemm_f32_f32_f32_f32_f32_64x64x16_1x1x1_3_tnn_align1_bias_f32_relu
:BasicsTransformerLM.layers.2,PushPop,30,30,1,1,545341,545341.0,545341.0,545341,545341,0.0,cutlass3x_sm100_simt_sgemm_f32_f32_f32_f32_f32_32x64x16_1x1x1_3_nnn_align1_bias_f32_relu
:BasicsTransformerLM.layers.2,PushPop,30,30,1,1,416126,416126.0,416126.0,416126,416126,0.0,"void at::native::elementwise_kernel<(int)128, (int)2, void at::native::gpu_kernel_impl_nocast<at::native::BinaryFunctor<float, float, float, at::native::binary_internal::DivFunctor<float>>>(at::TensorIteratorBase &, const T1 &)::[lambda(int) (instance 1)]>(int, T3)"
:BasicsTransformerLM.layers.2,PushPop,30,30,1,1,365150,365150.0,365150.0,365150,365150,0.0,"void at::native::elementwise_kernel<(int)128, (int)2, void at::native::gpu_kernel_impl_nocast<at::native::<unnamed>::where_kernel_impl(at::TensorIterator &)::[lambda() (instance 1)]::operator ()() const::[lambda() (instance 11)]::operator ()() const::[lambda(bool, float, float) (instance 1)]>(at::TensorIteratorBase &, const T1 &)::[lambda(int) (instance 1)]>(int, T3)"
:BasicsTransformerLM.layers.2,PushPop,30,30,1,1,361086,361086.0,361086.0,361086,361086,0.0,"void at::native::elementwise_kernel<(int)128, (int)2, void at::native::gpu_kernel_impl_nocast<at::native::CUDAFunctor_add<float>>(at::TensorIteratorBase &, const T1 &)::[lambda(int) (instance 1)]>(int, T3)"
:BasicsTransformerLM.layers.2,PushPop,30,30,1,1,157087,157087.0,157087.0,157087,157087,0.0,"void at::native::vectorized_elementwise_kernel<(int)4, at::native::BUnaryFunctor<float, float, float, at::native::binary_internal::MulFunctor<float>>, std::array<char *, (unsigned long)2>>(int, T2, T3)"
:BasicsTransformerLM.layers.2,PushPop,30,30,1,1,154623,154623.0,154623.0,154623,154623,0.0,"void at::native::vectorized_elementwise_kernel<(int)4, at::native::exp_kernel_cuda(at::TensorIteratorBase &)::[lambda() (instance 2)]::operator ()() const::[lambda() (instance 2)]::operator ()() const::[lambda(float) (instance 1)], std::array<char *, (unsigned long)2>>(int, T2, T3)"
:BasicsTransformerLM.layers.2,PushPop,30,30,1,1,134976,134976.0,134976.0,134976,134976,0.0,"void at::native::reduce_kernel<(int)512, (int)1, at::native::ReduceOp<float, at::native::MaxOps<float>, unsigned int, float, (int)4, (int)4>>(T3)"
:BasicsTransformerLM.layers.2,PushPop,30,30,1,12,117184,9765.3,9008.0,7392,12768,2345.2,"void at::native::elementwise_kernel<(int)128, (int)2, void at::native::gpu_kernel_impl_nocast<at::native::BinaryFunctor<float, float, float, at::native::binary_internal::MulFunctor<float>>>(at::TensorIteratorBase &, const T1 &)::[lambda(int) (instance 1)]>(int, T3)"
:BasicsTransformerLM.layers.2,PushPop,30,30,1,1,102016,102016.0,102016.0,102016,102016,0.0,"void at::native::reduce_kernel<(int)512, (int)1, at::native::ReduceOp<float, at::native::func_wrapper_t<float, at::native::sum_functor<float, float, float>::operator ()(at::TensorIterator &)::[lambda(float, float) (instance 1)]>, unsigned int, float, (int)4, (int)4>>(T3)"
:BasicsTransformerLM.layers.2,PushPop,30,30,1,2,69567,34783.5,34783.5,32000,37567,3936.5,"void at::native::vectorized_elementwise_kernel<(int)4, at::native::BinaryFunctor<float, float, float, at::native::binary_internal::MulFunctor<float>>, std::array<char *, (unsigned long)3>>(int, T2, T3)"
:BasicsTransformerLM.layers.2,PushPop,30,30,1,2,54784,27392.0,27392.0,27328,27456,90.5,"void at::native::<unnamed>::CatArrayBatchedCopy<at::native::<unnamed>::OpaqueType<(unsigned int)4>, unsigned int, (int)4, (int)64, (int)64>(T1 *, at::native::<unnamed>::CatArrInputTensorMetadata<T1, T2, T4, T5>, at::native::<unnamed>::TensorSizeStride<T2, (unsigned int)4>, int, T2)"
:BasicsTransformerLM.layers.2,PushPop,30,30,1,6,32639,5439.8,4112.0,3872,8959,2248.7,"void at::native::vectorized_elementwise_kernel<(int)4, at::native::CUDAFunctor_add<float>, std::array<char *, (unsigned long)3>>(int, T2, T3)"
:BasicsTransformerLM.layers.2,PushPop,30,30,1,1,21792,21792.0,21792.0,21792,21792,0.0,"void at::native::vectorized_elementwise_kernel<(int)4, at::native::sigmoid_kernel_cuda(at::TensorIteratorBase &)::[lambda() (instance 2)]::operator ()() const::[lambda() (instance 2)]::operator ()() const::[lambda(float) (instance 1)], std::array<char *, (unsigned long)2>>(int, T2, T3)"
:BasicsTransformerLM.layers.2,PushPop,30,30,1,2,18495,9247.5,9247.5,9183,9312,91.2,"void at::native::reduce_kernel<(int)512, (int)1, at::native::ReduceOp<float, at::native::MeanOps<float, float, float, float>, unsigned int, float, (int)4, (int)4>>(T3)"
:BasicsTransformerLM.layers.2,PushPop,30,30,1,1,15040,15040.0,15040.0,15040,15040,0.0,"void at::native::elementwise_kernel<(int)128, (int)2, void at::native::gpu_kernel_impl_nocast<at::native::direct_copy_kernel_cuda(at::TensorIteratorBase &)::[lambda() (instance 3)]::operator ()() const::[lambda() (instance 7)]::operator ()() const::[lambda(float) (instance 1)]>(at::TensorIteratorBase &, const T1 &)::[lambda(int) (instance 1)]>(int, T3)"
:BasicsTransformerLM.layers.2,PushPop,30,30,1,2,10464,5232.0,5232.0,5120,5344,158.4,"void at::native::vectorized_elementwise_kernel<(int)4, void at::native::<unnamed>::pow_tensor_scalar_kernel_impl<float, float>(at::TensorIteratorBase &, T2)::[lambda(float) (instance 1)], std::array<char *, (unsigned long)2>>(int, T2, T3)"
:BasicsTransformerLM.layers.2,PushPop,30,30,1,1,8640,8640.0,8640.0,8640,8640,0.0,"void at::native::elementwise_kernel<(int)128, (int)4, void at::native::gpu_kernel_impl_nocast<at::native::<unnamed>::CompareFunctor<long>>(at::TensorIteratorBase &, const T1 &)::[lambda(int) (instance 1)]>(int, T3)"
:BasicsTransformerLM.layers.2,PushPop,30,30,1,2,3104,1552.0,1552.0,1536,1568,22.6,"void at::native::vectorized_elementwise_kernel<(int)4, at::native::CUDAFunctorOnSelf_add<float>, std::array<char *, (unsigned long)2>>(int, T2, T3)"
:BasicsTransformerLM.layers.2,PushPop,30,30,1,2,2912,1456.0,1456.0,1440,1472,22.6,"void at::native::vectorized_elementwise_kernel<(int)4, at::native::rsqrt_kernel_cuda(at::TensorIteratorBase &)::[lambda() (instance 2)]::operator ()() const::[lambda() (instance 2)]::operator ()() const::[lambda(float) (instance 1)], std::array<char *, (unsigned long)2>>(int, T2, T3)"
:BasicsTransformerLM.layers.2,PushPop,30,30,1,1,1184,1184.0,1184.0,1184,1184,0.0,"void <unnamed>::elementwise_kernel_with_index<int, at::native::arange_cuda_out(const c10::Scalar &, const c10::Scalar &, const c10::Scalar &, at::Tensor &)::[lambda() (instance 1)]::operator ()() const::[lambda() (instance 4)]::operator ()() const::[lambda(long) (instance 1)]>(T1, T2, function_traits<T2>::result_type *)"
:BasicsTransformerLM.layers.2,PushPop,30,30,1,1,992,992.0,992.0,992,992,0.0,"void at::native::vectorized_elementwise_kernel<(int)4, at::native::FillFunctor<float>, std::array<char *, (unsigned long)1>>(int, T2, T3)"
:BasicsTransformerLM.layers.2.attn,PushPop,30,30,1,4,2132085,533021.3,508301.5,506973,608509,50329.4,cutlass3x_sm100_simt_sgemm_f32_f32_f32_f32_f32_128x64x16_1x1x1_3_tnn_align1_bias_f32_relu
:BasicsTransformerLM.layers.2.attn,PushPop,30,30,1,1,567965,567965.0,567965.0,567965,567965,0.0,cutlass3x_sm100_simt_sgemm_f32_f32_f32_f32_f32_128x128x16_1x1x1_3_tnn_align1_bias_f32_relu
:BasicsTransformerLM.layers.2.attn,PushPop,30,30,1,1,545341,545341.0,545341.0,545341,545341,0.0,cutlass3x_sm100_simt_sgemm_f32_f32_f32_f32_f32_32x64x16_1x1x1_3_nnn_align1_bias_f32_relu
:BasicsTransformerLM.layers.2.attn,PushPop,30,30,1,1,416126,416126.0,416126.0,416126,416126,0.0,"void at::native::elementwise_kernel<(int)128, (int)2, void at::native::gpu_kernel_impl_nocast<at::native::BinaryFunctor<float, float, float, at::native::binary_internal::DivFunctor<float>>>(at::TensorIteratorBase &, const T1 &)::[lambda(int) (instance 1)]>(int, T3)"
:BasicsTransformerLM.layers.2.attn,PushPop,30,30,1,1,365150,365150.0,365150.0,365150,365150,0.0,"void at::native::elementwise_kernel<(int)128, (int)2, void at::native::gpu_kernel_impl_nocast<at::native::<unnamed>::where_kernel_impl(at::TensorIterator &)::[lambda() (instance 1)]::operator ()() const::[lambda() (instance 11)]::operator ()() const::[lambda(bool, float, float) (instance 1)]>(at::TensorIteratorBase &, const T1 &)::[lambda(int) (instance 1)]>(int, T3)"
:BasicsTransformerLM.layers.2.attn,PushPop,30,30,1,1,361086,361086.0,361086.0,361086,361086,0.0,"void at::native::elementwise_kernel<(int)128, (int)2, void at::native::gpu_kernel_impl_nocast<at::native::CUDAFunctor_add<float>>(at::TensorIteratorBase &, const T1 &)::[lambda(int) (instance 1)]>(int, T3)"
:BasicsTransformerLM.layers.2.attn,PushPop,30,30,1,1,157087,157087.0,157087.0,157087,157087,0.0,"void at::native::vectorized_elementwise_kernel<(int)4, at::native::BUnaryFunctor<float, float, float, at::native::binary_internal::MulFunctor<float>>, std::array<char *, (unsigned long)2>>(int, T2, T3)"
:BasicsTransformerLM.layers.2.attn,PushPop,30,30,1,1,154623,154623.0,154623.0,154623,154623,0.0,"void at::native::vectorized_elementwise_kernel<(int)4, at::native::exp_kernel_cuda(at::TensorIteratorBase &)::[lambda() (instance 2)]::operator ()() const::[lambda() (instance 2)]::operator ()() const::[lambda(float) (instance 1)], std::array<char *, (unsigned long)2>>(int, T2, T3)"
:BasicsTransformerLM.layers.2.attn,PushPop,30,30,1,1,134976,134976.0,134976.0,134976,134976,0.0,"void at::native::reduce_kernel<(int)512, (int)1, at::native::ReduceOp<float, at::native::MaxOps<float>, unsigned int, float, (int)4, (int)4>>(T3)"
:BasicsTransformerLM.layers.2.attn,PushPop,30,30,1,1,102016,102016.0,102016.0,102016,102016,0.0,"void at::native::reduce_kernel<(int)512, (int)1, at::native::ReduceOp<float, at::native::func_wrapper_t<float, at::native::sum_functor<float, float, float>::operator ()(at::TensorIterator &)::[lambda(float, float) (instance 1)]>, unsigned int, float, (int)4, (int)4>>(T3)"
:BasicsTransformerLM.layers.2.attn,PushPop,30,30,1,8,66528,8316.0,7808.0,7392,10432,1199.6,"void at::native::elementwise_kernel<(int)128, (int)2, void at::native::gpu_kernel_impl_nocast<at::native::BinaryFunctor<float, float, float, at::native::binary_internal::MulFunctor<float>>>(at::TensorIteratorBase &, const T1 &)::[lambda(int) (instance 1)]>(int, T3)"
:BasicsTransformerLM.layers.2.attn,PushPop,30,30,1,2,54784,27392.0,27392.0,27328,27456,90.5,"void at::native::<unnamed>::CatArrayBatchedCopy<at::native::<unnamed>::OpaqueType<(unsigned int)4>, unsigned int, (int)4, (int)64, (int)64>(T1 *, at::native::<unnamed>::CatArrInputTensorMetadata<T1, T2, T4, T5>, at::native::<unnamed>::TensorSizeStride<T2, (unsigned int)4>, int, T2)"
:BasicsTransformerLM.layers.2.attn,PushPop,30,30,1,4,16064,4016.0,4000.0,3872,4192,134.5,"void at::native::vectorized_elementwise_kernel<(int)4, at::native::CUDAFunctor_add<float>, std::array<char *, (unsigned long)3>>(int, T2, T3)"
:BasicsTransformerLM.layers.2.attn,PushPop,30,30,1,1,15040,15040.0,15040.0,15040,15040,0.0,"void at::native::elementwise_kernel<(int)128, (int)2, void at::native::gpu_kernel_impl_nocast<at::native::direct_copy_kernel_cuda(at::TensorIteratorBase &)::[lambda() (instance 3)]::operator ()() const::[lambda() (instance 7)]::operator ()() const::[lambda(float) (instance 1)]>(at::TensorIteratorBase &, const T1 &)::[lambda(int) (instance 1)]>(int, T3)"
:BasicsTransformerLM.layers.2.attn,PushPop,30,30,1,1,8640,8640.0,8640.0,8640,8640,0.0,"void at::native::elementwise_kernel<(int)128, (int)4, void at::native::gpu_kernel_impl_nocast<at::native::<unnamed>::CompareFunctor<long>>(at::TensorIteratorBase &, const T1 &)::[lambda(int) (instance 1)]>(int, T3)"
:BasicsTransformerLM.layers.2.attn,PushPop,30,30,1,1,1184,1184.0,1184.0,1184,1184,0.0,"void <unnamed>::elementwise_kernel_with_index<int, at::native::arange_cuda_out(const c10::Scalar &, const c10::Scalar &, const c10::Scalar &, at::Tensor &)::[lambda() (instance 1)]::operator ()() const::[lambda() (instance 4)]::operator ()() const::[lambda(long) (instance 1)]>(T1, T2, function_traits<T2>::result_type *)"
:BasicsTransformerLM.layers.2.attn,PushPop,30,30,1,1,992,992.0,992.0,992,992,0.0,"void at::native::vectorized_elementwise_kernel<(int)4, at::native::FillFunctor<float>, std::array<char *, (unsigned long)1>>(int, T2, T3)"
:BasicsTransformerLM.layers.2.attn.k_proj,PushPop,30,30,1,1,508093,508093.0,508093.0,508093,508093,0.0,cutlass3x_sm100_simt_sgemm_f32_f32_f32_f32_f32_128x64x16_1x1x1_3_tnn_align1_bias_f32_relu
:BasicsTransformerLM.layers.2.attn.output_proj,PushPop,30,30,1,1,608509,608509.0,608509.0,608509,608509,0.0,cutlass3x_sm100_simt_sgemm_f32_f32_f32_f32_f32_128x64x16_1x1x1_3_tnn_align1_bias_f32_relu
:BasicsTransformerLM.layers.2.attn.q_proj,PushPop,30,30,1,1,506973,506973.0,506973.0,506973,506973,0.0,cutlass3x_sm100_simt_sgemm_f32_f32_f32_f32_f32_128x64x16_1x1x1_3_tnn_align1_bias_f32_relu
:BasicsTransformerLM.layers.2.attn.v_proj,PushPop,30,30,1,1,508510,508510.0,508510.0,508510,508510,0.0,cutlass3x_sm100_simt_sgemm_f32_f32_f32_f32_f32_128x64x16_1x1x1_3_tnn_align1_bias_f32_relu
:BasicsTransformerLM.layers.2.ffn,PushPop,30,30,1,2,3826094,1913047.0,1913047.0,1911191,1914903,2624.8,cutlass3x_sm100_simt_sgemm_f32_f32_f32_f32_f32_128x128x16_1x1x1_3_tnn_align1_bias_f32_relu
:BasicsTransformerLM.layers.2.ffn,PushPop,30,30,1,1,1987478,1987478.0,1987478.0,1987478,1987478,0.0,cutlass3x_sm100_simt_sgemm_f32_f32_f32_f32_f32_64x64x16_1x1x1_3_tnn_align1_bias_f32_relu
:BasicsTransformerLM.layers.2.ffn,PushPop,30,30,1,2,69567,34783.5,34783.5,32000,37567,3936.5,"void at::native::vectorized_elementwise_kernel<(int)4, at::native::BinaryFunctor<float, float, float, at::native::binary_internal::MulFunctor<float>>, std::array<char *, (unsigned long)3>>(int, T2, T3)"
:BasicsTransformerLM.layers.2.ffn,PushPop,30,30,1,1,21792,21792.0,21792.0,21792,21792,0.0,"void at::native::vectorized_elementwise_kernel<(int)4, at::native::sigmoid_kernel_cuda(at::TensorIteratorBase &)::[lambda() (instance 2)]::operator ()() const::[lambda() (instance 2)]::operator ()() const::[lambda(float) (instance 1)], std::array<char *, (unsigned long)2>>(int, T2, T3)"
:BasicsTransformerLM.layers.2.ffn.w1,PushPop,30,30,1,1,1914903,1914903.0,1914903.0,1914903,1914903,0.0,cutlass3x_sm100_simt_sgemm_f32_f32_f32_f32_f32_128x128x16_1x1x1_3_tnn_align1_bias_f32_relu
:BasicsTransformerLM.layers.2.ffn.w2,PushPop,30,30,1,1,1987478,1987478.0,1987478.0,1987478,1987478,0.0,cutlass3x_sm100_simt_sgemm_f32_f32_f32_f32_f32_64x64x16_1x1x1_3_tnn_align1_bias_f32_relu
:BasicsTransformerLM.layers.2.ffn.w3,PushPop,30,30,1,1,1911191,1911191.0,1911191.0,1911191,1911191,0.0,cutlass3x_sm100_simt_sgemm_f32_f32_f32_f32_f32_128x128x16_1x1x1_3_tnn_align1_bias_f32_relu
:BasicsTransformerLM.layers.2.ln1,PushPop,30,30,1,2,25248,12624.0,12624.0,12608,12640,22.6,"void at::native::elementwise_kernel<(int)128, (int)2, void at::native::gpu_kernel_impl_nocast<at::native::BinaryFunctor<float, float, float, at::native::binary_internal::MulFunctor<float>>>(at::TensorIteratorBase &, const T1 &)::[lambda(int) (instance 1)]>(int, T3)"
:BasicsTransformerLM.layers.2.ln1,PushPop,30,30,1,1,9312,9312.0,9312.0,9312,9312,0.0,"void at::native::reduce_kernel<(int)512, (int)1, at::native::ReduceOp<float, at::native::MeanOps<float, float, float, float>, unsigned int, float, (int)4, (int)4>>(T3)"
:BasicsTransformerLM.layers.2.ln1,PushPop,30,30,1,1,5120,5120.0,5120.0,5120,5120,0.0,"void at::native::vectorized_elementwise_kernel<(int)4, void at::native::<unnamed>::pow_tensor_scalar_kernel_impl<float, float>(at::TensorIteratorBase &, T2)::[lambda(float) (instance 1)], std::array<char *, (unsigned long)2>>(int, T2, T3)"
:BasicsTransformerLM.layers.2.ln1,PushPop,30,30,1,1,1568,1568.0,1568.0,1568,1568,0.0,"void at::native::vectorized_elementwise_kernel<(int)4, at::native::CUDAFunctorOnSelf_add<float>, std::array<char *, (unsigned long)2>>(int, T2, T3)"
:BasicsTransformerLM.layers.2.ln1,PushPop,30,30,1,1,1440,1440.0,1440.0,1440,1440,0.0,"void at::native::vectorized_elementwise_kernel<(int)4, at::native::rsqrt_kernel_cuda(at::TensorIteratorBase &)::[lambda() (instance 2)]::operator ()() const::[lambda() (instance 2)]::operator ()() const::[lambda(float) (instance 1)], std::array<char *, (unsigned long)2>>(int, T2, T3)"
:BasicsTransformerLM.layers.2.ln2,PushPop,30,30,1,2,25408,12704.0,12704.0,12640,12768,90.5,"void at::native::elementwise_kernel<(int)128, (int)2, void at::native::gpu_kernel_impl_nocast<at::native::BinaryFunctor<float, float, float, at::native::binary_internal::MulFunctor<float>>>(at::TensorIteratorBase &, const T1 &)::[lambda(int) (instance 1)]>(int, T3)"
:BasicsTransformerLM.layers.2.ln2,PushPop,30,30,1,1,9183,9183.0,9183.0,9183,9183,0.0,"void at::native::reduce_kernel<(int)512, (int)1, at::native::ReduceOp<float, at::native::MeanOps<float, float, float, float>, unsigned int, float, (int)4, (int)4>>(T3)"
:BasicsTransformerLM.layers.2.ln2,PushPop,30,30,1,1,5344,5344.0,5344.0,5344,5344,0.0,"void at::native::vectorized_elementwise_kernel<(int)4, void at::native::<unnamed>::pow_tensor_scalar_kernel_impl<float, float>(at::TensorIteratorBase &, T2)::[lambda(float) (instance 1)], std::array<char *, (unsigned long)2>>(int, T2, T3)"
:BasicsTransformerLM.layers.2.ln2,PushPop,30,30,1,1,1536,1536.0,1536.0,1536,1536,0.0,"void at::native::vectorized_elementwise_kernel<(int)4, at::native::CUDAFunctorOnSelf_add<float>, std::array<char *, (unsigned long)2>>(int, T2, T3)"
:BasicsTransformerLM.layers.2.ln2,PushPop,30,30,1,1,1472,1472.0,1472.0,1472,1472,0.0,"void at::native::vectorized_elementwise_kernel<(int)4, at::native::rsqrt_kernel_cuda(at::TensorIteratorBase &)::[lambda() (instance 2)]::operator ()() const::[lambda() (instance 2)]::operator ()() const::[lambda(float) (instance 1)], std::array<char *, (unsigned long)2>>(int, T2, T3)"
:BasicsTransformerLM.layers.20,PushPop,30,30,1,3,4393577,1464525.7,1911606.0,567101,1914870,777194.3,cutlass3x_sm100_simt_sgemm_f32_f32_f32_f32_f32_128x128x16_1x1x1_3_tnn_align1_bias_f32_relu
:BasicsTransformerLM.layers.20,PushPop,30,30,1,4,2134038,533509.5,509373.5,507422,607869,49581.5,cutlass3x_sm100_simt_sgemm_f32_f32_f32_f32_f32_128x64x16_1x1x1_3_tnn_align1_bias_f32_relu
:BasicsTransformerLM.layers.20,PushPop,30,30,1,1,1987958,1987958.0,1987958.0,1987958,1987958,0.0,cutlass3x_sm100_simt_sgemm_f32_f32_f32_f32_f32_64x64x16_1x1x1_3_tnn_align1_bias_f32_relu
:BasicsTransformerLM.layers.20,PushPop,30,30,1,1,545981,545981.0,545981.0,545981,545981,0.0,cutlass3x_sm100_simt_sgemm_f32_f32_f32_f32_f32_32x64x16_1x1x1_3_nnn_align1_bias_f32_relu
:BasicsTransformerLM.layers.20,PushPop,30,30,1,1,416638,416638.0,416638.0,416638,416638,0.0,"void at::native::elementwise_kernel<(int)128, (int)2, void at::native::gpu_kernel_impl_nocast<at::native::BinaryFunctor<float, float, float, at::native::binary_internal::DivFunctor<float>>>(at::TensorIteratorBase &, const T1 &)::[lambda(int) (instance 1)]>(int, T3)"
:BasicsTransformerLM.layers.20,PushPop,30,30,1,1,365438,365438.0,365438.0,365438,365438,0.0,"void at::native::elementwise_kernel<(int)128, (int)2, void at::native::gpu_kernel_impl_nocast<at::native::<unnamed>::where_kernel_impl(at::TensorIterator &)::[lambda() (instance 1)]::operator ()() const::[lambda() (instance 11)]::operator ()() const::[lambda(bool, float, float) (instance 1)]>(at::TensorIteratorBase &, const T1 &)::[lambda(int) (instance 1)]>(int, T3)"
:BasicsTransformerLM.layers.20,PushPop,30,30,1,1,362879,362879.0,362879.0,362879,362879,0.0,"void at::native::elementwise_kernel<(int)128, (int)2, void at::native::gpu_kernel_impl_nocast<at::native::CUDAFunctor_add<float>>(at::TensorIteratorBase &, const T1 &)::[lambda(int) (instance 1)]>(int, T3)"
:BasicsTransformerLM.layers.20,PushPop,30,30,1,1,158271,158271.0,158271.0,158271,158271,0.0,"void at::native::vectorized_elementwise_kernel<(int)4, at::native::BUnaryFunctor<float, float, float, at::native::binary_internal::MulFunctor<float>>, std::array<char *, (unsigned long)2>>(int, T2, T3)"
:BasicsTransformerLM.layers.20,PushPop,30,30,1,1,155775,155775.0,155775.0,155775,155775,0.0,"void at::native::vectorized_elementwise_kernel<(int)4, at::native::exp_kernel_cuda(at::TensorIteratorBase &)::[lambda() (instance 2)]::operator ()() const::[lambda() (instance 2)]::operator ()() const::[lambda(float) (instance 1)], std::array<char *, (unsigned long)2>>(int, T2, T3)"
:BasicsTransformerLM.layers.20,PushPop,30,30,1,1,135359,135359.0,135359.0,135359,135359,0.0,"void at::native::reduce_kernel<(int)512, (int)1, at::native::ReduceOp<float, at::native::MaxOps<float>, unsigned int, float, (int)4, (int)4>>(T3)"
:BasicsTransformerLM.layers.20,PushPop,30,30,1,12,118943,9911.9,9167.5,7456,13216,2352.2,"void at::native::elementwise_kernel<(int)128, (int)2, void at::native::gpu_kernel_impl_nocast<at::native::BinaryFunctor<float, float, float, at::native::binary_internal::MulFunctor<float>>>(at::TensorIteratorBase &, const T1 &)::[lambda(int) (instance 1)]>(int, T3)"
:BasicsTransformerLM.layers.20,PushPop,30,30,1,1,102207,102207.0,102207.0,102207,102207,0.0,"void at::native::reduce_kernel<(int)512, (int)1, at::native::ReduceOp<float, at::native::func_wrapper_t<float, at::native::sum_functor<float, float, float>::operator ()(at::TensorIterator &)::[lambda(float, float) (instance 1)]>, unsigned int, float, (int)4, (int)4>>(T3)"
:BasicsTransformerLM.layers.20,PushPop,30,30,1,2,70176,35088.0,35088.0,32192,37984,4095.6,"void at::native::vectorized_elementwise_kernel<(int)4, at::native::BinaryFunctor<float, float, float, at::native::binary_internal::MulFunctor<float>>, std::array<char *, (unsigned long)3>>(int, T2, T3)"
:BasicsTransformerLM.layers.20,PushPop,30,30,1,2,54560,27280.0,27280.0,27168,27392,158.4,"void at::native::<unnamed>::CatArrayBatchedCopy<at::native::<unnamed>::OpaqueType<(unsigned int)4>, unsigned int, (int)4, (int)64, (int)64>(T1 *, at::native::<unnamed>::CatArrInputTensorMetadata<T1, T2, T4, T5>, at::native::<unnamed>::TensorSizeStride<T2, (unsigned int)4>, int, T2)"
:BasicsTransformerLM.layers.20,PushPop,30,30,1,6,32576,5429.3,4016.0,3904,8672,2261.9,"void at::native::vectorized_elementwise_kernel<(int)4, at::native::CUDAFunctor_add<float>, std::array<char *, (unsigned long)3>>(int, T2, T3)"
:BasicsTransformerLM.layers.20,PushPop,30,30,1,1,21600,21600.0,21600.0,21600,21600,0.0,"void at::native::vectorized_elementwise_kernel<(int)4, at::native::sigmoid_kernel_cuda(at::TensorIteratorBase &)::[lambda() (instance 2)]::operator ()() const::[lambda() (instance 2)]::operator ()() const::[lambda(float) (instance 1)], std::array<char *, (unsigned long)2>>(int, T2, T3)"
:BasicsTransformerLM.layers.20,PushPop,30,30,1,2,18368,9184.0,9184.0,9120,9248,90.5,"void at::native::reduce_kernel<(int)512, (int)1, at::native::ReduceOp<float, at::native::MeanOps<float, float, float, float>, unsigned int, float, (int)4, (int)4>>(T3)"
:BasicsTransformerLM.layers.20,PushPop,30,30,1,1,14656,14656.0,14656.0,14656,14656,0.0,"void at::native::elementwise_kernel<(int)128, (int)2, void at::native::gpu_kernel_impl_nocast<at::native::direct_copy_kernel_cuda(at::TensorIteratorBase &)::[lambda() (instance 3)]::operator ()() const::[lambda() (instance 7)]::operator ()() const::[lambda(float) (instance 1)]>(at::TensorIteratorBase &, const T1 &)::[lambda(int) (instance 1)]>(int, T3)"
:BasicsTransformerLM.layers.20,PushPop,30,30,1,2,10335,5167.5,5167.5,5152,5183,21.9,"void at::native::vectorized_elementwise_kernel<(int)4, void at::native::<unnamed>::pow_tensor_scalar_kernel_impl<float, float>(at::TensorIteratorBase &, T2)::[lambda(float) (instance 1)], std::array<char *, (unsigned long)2>>(int, T2, T3)"
:BasicsTransformerLM.layers.20,PushPop,30,30,1,1,8608,8608.0,8608.0,8608,8608,0.0,"void at::native::elementwise_kernel<(int)128, (int)4, void at::native::gpu_kernel_impl_nocast<at::native::<unnamed>::CompareFunctor<long>>(at::TensorIteratorBase &, const T1 &)::[lambda(int) (instance 1)]>(int, T3)"
:BasicsTransformerLM.layers.20,PushPop,30,30,1,2,3040,1520.0,1520.0,1504,1536,22.6,"void at::native::vectorized_elementwise_kernel<(int)4, at::native::CUDAFunctorOnSelf_add<float>, std::array<char *, (unsigned long)2>>(int, T2, T3)"
:BasicsTransformerLM.layers.20,PushPop,30,30,1,2,2880,1440.0,1440.0,1440,1440,0.0,"void at::native::vectorized_elementwise_kernel<(int)4, at::native::rsqrt_kernel_cuda(at::TensorIteratorBase &)::[lambda() (instance 2)]::operator ()() const::[lambda() (instance 2)]::operator ()() const::[lambda(float) (instance 1)], std::array<char *, (unsigned long)2>>(int, T2, T3)"
:BasicsTransformerLM.layers.20,PushPop,30,30,1,1,1184,1184.0,1184.0,1184,1184,0.0,"void <unnamed>::elementwise_kernel_with_index<int, at::native::arange_cuda_out(const c10::Scalar &, const c10::Scalar &, const c10::Scalar &, at::Tensor &)::[lambda() (instance 1)]::operator ()() const::[lambda() (instance 4)]::operator ()() const::[lambda(long) (instance 1)]>(T1, T2, function_traits<T2>::result_type *)"
:BasicsTransformerLM.layers.20,PushPop,30,30,1,1,1056,1056.0,1056.0,1056,1056,0.0,"void at::native::vectorized_elementwise_kernel<(int)4, at::native::FillFunctor<float>, std::array<char *, (unsigned long)1>>(int, T2, T3)"
:BasicsTransformerLM.layers.20.attn,PushPop,30,30,1,4,2134038,533509.5,509373.5,507422,607869,49581.5,cutlass3x_sm100_simt_sgemm_f32_f32_f32_f32_f32_128x64x16_1x1x1_3_tnn_align1_bias_f32_relu
:BasicsTransformerLM.layers.20.attn,PushPop,30,30,1,1,567101,567101.0,567101.0,567101,567101,0.0,cutlass3x_sm100_simt_sgemm_f32_f32_f32_f32_f32_128x128x16_1x1x1_3_tnn_align1_bias_f32_relu
:BasicsTransformerLM.layers.20.attn,PushPop,30,30,1,1,545981,545981.0,545981.0,545981,545981,0.0,cutlass3x_sm100_simt_sgemm_f32_f32_f32_f32_f32_32x64x16_1x1x1_3_nnn_align1_bias_f32_relu
:BasicsTransformerLM.layers.20.attn,PushPop,30,30,1,1,416638,416638.0,416638.0,416638,416638,0.0,"void at::native::elementwise_kernel<(int)128, (int)2, void at::native::gpu_kernel_impl_nocast<at::native::BinaryFunctor<float, float, float, at::native::binary_internal::DivFunctor<float>>>(at::TensorIteratorBase &, const T1 &)::[lambda(int) (instance 1)]>(int, T3)"
:BasicsTransformerLM.layers.20.attn,PushPop,30,30,1,1,365438,365438.0,365438.0,365438,365438,0.0,"void at::native::elementwise_kernel<(int)128, (int)2, void at::native::gpu_kernel_impl_nocast<at::native::<unnamed>::where_kernel_impl(at::TensorIterator &)::[lambda() (instance 1)]::operator ()() const::[lambda() (instance 11)]::operator ()() const::[lambda(bool, float, float) (instance 1)]>(at::TensorIteratorBase &, const T1 &)::[lambda(int) (instance 1)]>(int, T3)"
:BasicsTransformerLM.layers.20.attn,PushPop,30,30,1,1,362879,362879.0,362879.0,362879,362879,0.0,"void at::native::elementwise_kernel<(int)128, (int)2, void at::native::gpu_kernel_impl_nocast<at::native::CUDAFunctor_add<float>>(at::TensorIteratorBase &, const T1 &)::[lambda(int) (instance 1)]>(int, T3)"
:BasicsTransformerLM.layers.20.attn,PushPop,30,30,1,1,158271,158271.0,158271.0,158271,158271,0.0,"void at::native::vectorized_elementwise_kernel<(int)4, at::native::BUnaryFunctor<float, float, float, at::native::binary_internal::MulFunctor<float>>, std::array<char *, (unsigned long)2>>(int, T2, T3)"
:BasicsTransformerLM.layers.20.attn,PushPop,30,30,1,1,155775,155775.0,155775.0,155775,155775,0.0,"void at::native::vectorized_elementwise_kernel<(int)4, at::native::exp_kernel_cuda(at::TensorIteratorBase &)::[lambda() (instance 2)]::operator ()() const::[lambda() (instance 2)]::operator ()() const::[lambda(float) (instance 1)], std::array<char *, (unsigned long)2>>(int, T2, T3)"
:BasicsTransformerLM.layers.20.attn,PushPop,30,30,1,1,135359,135359.0,135359.0,135359,135359,0.0,"void at::native::reduce_kernel<(int)512, (int)1, at::native::ReduceOp<float, at::native::MaxOps<float>, unsigned int, float, (int)4, (int)4>>(T3)"
:BasicsTransformerLM.layers.20.attn,PushPop,30,30,1,1,102207,102207.0,102207.0,102207,102207,0.0,"void at::native::reduce_kernel<(int)512, (int)1, at::native::ReduceOp<float, at::native::func_wrapper_t<float, at::native::sum_functor<float, float, float>::operator ()(at::TensorIterator &)::[lambda(float, float) (instance 1)]>, unsigned int, float, (int)4, (int)4>>(T3)"
:BasicsTransformerLM.layers.20.attn,PushPop,30,30,1,8,67551,8443.9,8000.0,7456,10272,1128.9,"void at::native::elementwise_kernel<(int)128, (int)2, void at::native::gpu_kernel_impl_nocast<at::native::BinaryFunctor<float, float, float, at::native::binary_internal::MulFunctor<float>>>(at::TensorIteratorBase &, const T1 &)::[lambda(int) (instance 1)]>(int, T3)"
:BasicsTransformerLM.layers.20.attn,PushPop,30,30,1,2,54560,27280.0,27280.0,27168,27392,158.4,"void at::native::<unnamed>::CatArrayBatchedCopy<at::native::<unnamed>::OpaqueType<(unsigned int)4>, unsigned int, (int)4, (int)64, (int)64>(T1 *, at::native::<unnamed>::CatArrInputTensorMetadata<T1, T2, T4, T5>, at::native::<unnamed>::TensorSizeStride<T2, (unsigned int)4>, int, T2)"
:BasicsTransformerLM.layers.20.attn,PushPop,30,30,1,4,15904,3976.0,3984.0,3904,4032,54.7,"void at::native::vectorized_elementwise_kernel<(int)4, at::native::CUDAFunctor_add<float>, std::array<char *, (unsigned long)3>>(int, T2, T3)"
:BasicsTransformerLM.layers.20.attn,PushPop,30,30,1,1,14656,14656.0,14656.0,14656,14656,0.0,"void at::native::elementwise_kernel<(int)128, (int)2, void at::native::gpu_kernel_impl_nocast<at::native::direct_copy_kernel_cuda(at::TensorIteratorBase &)::[lambda() (instance 3)]::operator ()() const::[lambda() (instance 7)]::operator ()() const::[lambda(float) (instance 1)]>(at::TensorIteratorBase &, const T1 &)::[lambda(int) (instance 1)]>(int, T3)"
:BasicsTransformerLM.layers.20.attn,PushPop,30,30,1,1,8608,8608.0,8608.0,8608,8608,0.0,"void at::native::elementwise_kernel<(int)128, (int)4, void at::native::gpu_kernel_impl_nocast<at::native::<unnamed>::CompareFunctor<long>>(at::TensorIteratorBase &, const T1 &)::[lambda(int) (instance 1)]>(int, T3)"
:BasicsTransformerLM.layers.20.attn,PushPop,30,30,1,1,1184,1184.0,1184.0,1184,1184,0.0,"void <unnamed>::elementwise_kernel_with_index<int, at::native::arange_cuda_out(const c10::Scalar &, const c10::Scalar &, const c10::Scalar &, at::Tensor &)::[lambda() (instance 1)]::operator ()() const::[lambda() (instance 4)]::operator ()() const::[lambda(long) (instance 1)]>(T1, T2, function_traits<T2>::result_type *)"
:BasicsTransformerLM.layers.20.attn,PushPop,30,30,1,1,1056,1056.0,1056.0,1056,1056,0.0,"void at::native::vectorized_elementwise_kernel<(int)4, at::native::FillFunctor<float>, std::array<char *, (unsigned long)1>>(int, T2, T3)"
:BasicsTransformerLM.layers.20.attn.k_proj,PushPop,30,30,1,1,509373,509373.0,509373.0,509373,509373,0.0,cutlass3x_sm100_simt_sgemm_f32_f32_f32_f32_f32_128x64x16_1x1x1_3_tnn_align1_bias_f32_relu
:BasicsTransformerLM.layers.20.attn.output_proj,PushPop,30,30,1,1,607869,607869.0,607869.0,607869,607869,0.0,cutlass3x_sm100_simt_sgemm_f32_f32_f32_f32_f32_128x64x16_1x1x1_3_tnn_align1_bias_f32_relu
:BasicsTransformerLM.layers.20.attn.q_proj,PushPop,30,30,1,1,507422,507422.0,507422.0,507422,507422,0.0,cutlass3x_sm100_simt_sgemm_f32_f32_f32_f32_f32_128x64x16_1x1x1_3_tnn_align1_bias_f32_relu
:BasicsTransformerLM.layers.20.attn.v_proj,PushPop,30,30,1,1,509374,509374.0,509374.0,509374,509374,0.0,cutlass3x_sm100_simt_sgemm_f32_f32_f32_f32_f32_128x64x16_1x1x1_3_tnn_align1_bias_f32_relu
:BasicsTransformerLM.layers.20.ffn,PushPop,30,30,1,2,3826476,1913238.0,1913238.0,1911606,1914870,2308.0,cutlass3x_sm100_simt_sgemm_f32_f32_f32_f32_f32_128x128x16_1x1x1_3_tnn_align1_bias_f32_relu
:BasicsTransformerLM.layers.20.ffn,PushPop,30,30,1,1,1987958,1987958.0,1987958.0,1987958,1987958,0.0,cutlass3x_sm100_simt_sgemm_f32_f32_f32_f32_f32_64x64x16_1x1x1_3_tnn_align1_bias_f32_relu
:BasicsTransformerLM.layers.20.ffn,PushPop,30,30,1,2,70176,35088.0,35088.0,32192,37984,4095.6,"void at::native::vectorized_elementwise_kernel<(int)4, at::native::BinaryFunctor<float, float, float, at::native::binary_internal::MulFunctor<float>>, std::array<char *, (unsigned long)3>>(int, T2, T3)"
:BasicsTransformerLM.layers.20.ffn,PushPop,30,30,1,1,21600,21600.0,21600.0,21600,21600,0.0,"void at::native::vectorized_elementwise_kernel<(int)4, at::native::sigmoid_kernel_cuda(at::TensorIteratorBase &)::[lambda() (instance 2)]::operator ()() const::[lambda() (instance 2)]::operator ()() const::[lambda(float) (instance 1)], std::array<char *, (unsigned long)2>>(int, T2, T3)"
:BasicsTransformerLM.layers.20.ffn.w1,PushPop,30,30,1,1,1914870,1914870.0,1914870.0,1914870,1914870,0.0,cutlass3x_sm100_simt_sgemm_f32_f32_f32_f32_f32_128x128x16_1x1x1_3_tnn_align1_bias_f32_relu
:BasicsTransformerLM.layers.20.ffn.w2,PushPop,30,30,1,1,1987958,1987958.0,1987958.0,1987958,1987958,0.0,cutlass3x_sm100_simt_sgemm_f32_f32_f32_f32_f32_64x64x16_1x1x1_3_tnn_align1_bias_f32_relu
:BasicsTransformerLM.layers.20.ffn.w3,PushPop,30,30,1,1,1911606,1911606.0,1911606.0,1911606,1911606,0.0,cutlass3x_sm100_simt_sgemm_f32_f32_f32_f32_f32_128x128x16_1x1x1_3_tnn_align1_bias_f32_relu
:BasicsTransformerLM.layers.20.ln1,PushPop,30,30,1,2,25984,12992.0,12992.0,12768,13216,316.8,"void at::native::elementwise_kernel<(int)128, (int)2, void at::native::gpu_kernel_impl_nocast<at::native::BinaryFunctor<float, float, float, at::native::binary_internal::MulFunctor<float>>>(at::TensorIteratorBase &, const T1 &)::[lambda(int) (instance 1)]>(int, T3)"
:BasicsTransformerLM.layers.20.ln1,PushPop,30,30,1,1,9248,9248.0,9248.0,9248,9248,0.0,"void at::native::reduce_kernel<(int)512, (int)1, at::native::ReduceOp<float, at::native::MeanOps<float, float, float, float>, unsigned int, float, (int)4, (int)4>>(T3)"
:BasicsTransformerLM.layers.20.ln1,PushPop,30,30,1,1,5183,5183.0,5183.0,5183,5183,0.0,"void at::native::vectorized_elementwise_kernel<(int)4, void at::native::<unnamed>::pow_tensor_scalar_kernel_impl<float, float>(at::TensorIteratorBase &, T2)::[lambda(float) (instance 1)], std::array<char *, (unsigned long)2>>(int, T2, T3)"
:BasicsTransformerLM.layers.20.ln1,PushPop,30,30,1,1,1536,1536.0,1536.0,1536,1536,0.0,"void at::native::vectorized_elementwise_kernel<(int)4, at::native::CUDAFunctorOnSelf_add<float>, std::array<char *, (unsigned long)2>>(int, T2, T3)"
:BasicsTransformerLM.layers.20.ln1,PushPop,30,30,1,1,1440,1440.0,1440.0,1440,1440,0.0,"void at::native::vectorized_elementwise_kernel<(int)4, at::native::rsqrt_kernel_cuda(at::TensorIteratorBase &)::[lambda() (instance 2)]::operator ()() const::[lambda() (instance 2)]::operator ()() const::[lambda(float) (instance 1)], std::array<char *, (unsigned long)2>>(int, T2, T3)"
:BasicsTransformerLM.layers.20.ln2,PushPop,30,30,1,2,25408,12704.0,12704.0,12576,12832,181.0,"void at::native::elementwise_kernel<(int)128, (int)2, void at::native::gpu_kernel_impl_nocast<at::native::BinaryFunctor<float, float, float, at::native::binary_internal::MulFunctor<float>>>(at::TensorIteratorBase &, const T1 &)::[lambda(int) (instance 1)]>(int, T3)"
:BasicsTransformerLM.layers.20.ln2,PushPop,30,30,1,1,9120,9120.0,9120.0,9120,9120,0.0,"void at::native::reduce_kernel<(int)512, (int)1, at::native::ReduceOp<float, at::native::MeanOps<float, float, float, float>, unsigned int, float, (int)4, (int)4>>(T3)"
:BasicsTransformerLM.layers.20.ln2,PushPop,30,30,1,1,5152,5152.0,5152.0,5152,5152,0.0,"void at::native::vectorized_elementwise_kernel<(int)4, void at::native::<unnamed>::pow_tensor_scalar_kernel_impl<float, float>(at::TensorIteratorBase &, T2)::[lambda(float) (instance 1)], std::array<char *, (unsigned long)2>>(int, T2, T3)"
:BasicsTransformerLM.layers.20.ln2,PushPop,30,30,1,1,1504,1504.0,1504.0,1504,1504,0.0,"void at::native::vectorized_elementwise_kernel<(int)4, at::native::CUDAFunctorOnSelf_add<float>, std::array<char *, (unsigned long)2>>(int, T2, T3)"
:BasicsTransformerLM.layers.20.ln2,PushPop,30,30,1,1,1440,1440.0,1440.0,1440,1440,0.0,"void at::native::vectorized_elementwise_kernel<(int)4, at::native::rsqrt_kernel_cuda(at::TensorIteratorBase &)::[lambda() (instance 2)]::operator ()() const::[lambda() (instance 2)]::operator ()() const::[lambda(float) (instance 1)], std::array<char *, (unsigned long)2>>(int, T2, T3)"
:BasicsTransformerLM.layers.21,PushPop,30,30,1,3,4389193,1463064.3,1911062.0,565693,1912438,777146.7,cutlass3x_sm100_simt_sgemm_f32_f32_f32_f32_f32_128x128x16_1x1x1_3_tnn_align1_bias_f32_relu
:BasicsTransformerLM.layers.21,PushPop,30,30,1,4,2038165,509541.3,508301.5,506909,514653,3494.0,cutlass3x_sm100_simt_sgemm_f32_f32_f32_f32_f32_128x64x16_1x1x1_3_tnn_align1_bias_f32_relu
:BasicsTransformerLM.layers.21,PushPop,30,30,1,1,1989494,1989494.0,1989494.0,1989494,1989494,0.0,cutlass3x_sm100_simt_sgemm_f32_f32_f32_f32_f32_64x64x16_1x1x1_3_tnn_align1_bias_f32_relu
:BasicsTransformerLM.layers.21,PushPop,30,30,1,1,544893,544893.0,544893.0,544893,544893,0.0,cutlass3x_sm100_simt_sgemm_f32_f32_f32_f32_f32_32x64x16_1x1x1_3_nnn_align1_bias_f32_relu
:BasicsTransformerLM.layers.21,PushPop,30,30,1,1,416510,416510.0,416510.0,416510,416510,0.0,"void at::native::elementwise_kernel<(int)128, (int)2, void at::native::gpu_kernel_impl_nocast<at::native::BinaryFunctor<float, float, float, at::native::binary_internal::DivFunctor<float>>>(at::TensorIteratorBase &, const T1 &)::[lambda(int) (instance 1)]>(int, T3)"
:BasicsTransformerLM.layers.21,PushPop,30,30,1,1,365535,365535.0,365535.0,365535,365535,0.0,"void at::native::elementwise_kernel<(int)128, (int)2, void at::native::gpu_kernel_impl_nocast<at::native::<unnamed>::where_kernel_impl(at::TensorIterator &)::[lambda() (instance 1)]::operator ()() const::[lambda() (instance 11)]::operator ()() const::[lambda(bool, float, float) (instance 1)]>(at::TensorIteratorBase &, const T1 &)::[lambda(int) (instance 1)]>(int, T3)"
:BasicsTransformerLM.layers.21,PushPop,30,30,1,1,361854,361854.0,361854.0,361854,361854,0.0,"void at::native::elementwise_kernel<(int)128, (int)2, void at::native::gpu_kernel_impl_nocast<at::native::CUDAFunctor_add<float>>(at::TensorIteratorBase &, const T1 &)::[lambda(int) (instance 1)]>(int, T3)"
:BasicsTransformerLM.layers.21,PushPop,30,30,1,1,157983,157983.0,157983.0,157983,157983,0.0,"void at::native::vectorized_elementwise_kernel<(int)4, at::native::BUnaryFunctor<float, float, float, at::native::binary_internal::MulFunctor<float>>, std::array<char *, (unsigned long)2>>(int, T2, T3)"
:BasicsTransformerLM.layers.21,PushPop,30,30,1,1,154943,154943.0,154943.0,154943,154943,0.0,"void at::native::vectorized_elementwise_kernel<(int)4, at::native::exp_kernel_cuda(at::TensorIteratorBase &)::[lambda() (instance 2)]::operator ()() const::[lambda() (instance 2)]::operator ()() const::[lambda(float) (instance 1)], std::array<char *, (unsigned long)2>>(int, T2, T3)"
:BasicsTransformerLM.layers.21,PushPop,30,30,1,1,136223,136223.0,136223.0,136223,136223,0.0,"void at::native::reduce_kernel<(int)512, (int)1, at::native::ReduceOp<float, at::native::MaxOps<float>, unsigned int, float, (int)4, (int)4>>(T3)"
:BasicsTransformerLM.layers.21,PushPop,30,30,1,12,117504,9792.0,9072.0,7360,12928,2386.3,"void at::native::elementwise_kernel<(int)128, (int)2, void at::native::gpu_kernel_impl_nocast<at::native::BinaryFunctor<float, float, float, at::native::binary_internal::MulFunctor<float>>>(at::TensorIteratorBase &, const T1 &)::[lambda(int) (instance 1)]>(int, T3)"
:BasicsTransformerLM.layers.21,PushPop,30,30,1,1,101600,101600.0,101600.0,101600,101600,0.0,"void at::native::reduce_kernel<(int)512, (int)1, at::native::ReduceOp<float, at::native::func_wrapper_t<float, at::native::sum_functor<float, float, float>::operator ()(at::TensorIterator &)::[lambda(float, float) (instance 1)]>, unsigned int, float, (int)4, (int)4>>(T3)"
:BasicsTransformerLM.layers.21,PushPop,30,30,1,2,70080,35040.0,35040.0,32064,38016,4208.7,"void at::native::vectorized_elementwise_kernel<(int)4, at::native::BinaryFunctor<float, float, float, at::native::binary_internal::MulFunctor<float>>, std::array<char *, (unsigned long)3>>(int, T2, T3)"
:BasicsTransformerLM.layers.21,PushPop,30,30,1,2,55072,27536.0,27536.0,27296,27776,339.4,"void at::native::<unnamed>::CatArrayBatchedCopy<at::native::<unnamed>::OpaqueType<(unsigned int)4>, unsigned int, (int)4, (int)64, (int)64>(T1 *, at::native::<unnamed>::CatArrInputTensorMetadata<T1, T2, T4, T5>, at::native::<unnamed>::TensorSizeStride<T2, (unsigned int)4>, int, T2)"
:BasicsTransformerLM.layers.21,PushPop,30,30,1,6,32672,5445.3,4144.0,3872,8800,2217.9,"void at::native::vectorized_elementwise_kernel<(int)4, at::native::CUDAFunctor_add<float>, std::array<char *, (unsigned long)3>>(int, T2, T3)"
:BasicsTransformerLM.layers.21,PushPop,30,30,1,1,21728,21728.0,21728.0,21728,21728,0.0,"void at::native::vectorized_elementwise_kernel<(int)4, at::native::sigmoid_kernel_cuda(at::TensorIteratorBase &)::[lambda() (instance 2)]::operator ()() const::[lambda() (instance 2)]::operator ()() const::[lambda(float) (instance 1)], std::array<char *, (unsigned long)2>>(int, T2, T3)"
:BasicsTransformerLM.layers.21,PushPop,30,30,1,2,18400,9200.0,9200.0,9152,9248,67.9,"void at::native::reduce_kernel<(int)512, (int)1, at::native::ReduceOp<float, at::native::MeanOps<float, float, float, float>, unsigned int, float, (int)4, (int)4>>(T3)"
:BasicsTransformerLM.layers.21,PushPop,30,30,1,1,14816,14816.0,14816.0,14816,14816,0.0,"void at::native::elementwise_kernel<(int)128, (int)2, void at::native::gpu_kernel_impl_nocast<at::native::direct_copy_kernel_cuda(at::TensorIteratorBase &)::[lambda() (instance 3)]::operator ()() const::[lambda() (instance 7)]::operator ()() const::[lambda(float) (instance 1)]>(at::TensorIteratorBase &, const T1 &)::[lambda(int) (instance 1)]>(int, T3)"
:BasicsTransformerLM.layers.21,PushPop,30,30,1,2,10496,5248.0,5248.0,5120,5376,181.0,"void at::native::vectorized_elementwise_kernel<(int)4, void at::native::<unnamed>::pow_tensor_scalar_kernel_impl<float, float>(at::TensorIteratorBase &, T2)::[lambda(float) (instance 1)], std::array<char *, (unsigned long)2>>(int, T2, T3)"
:BasicsTransformerLM.layers.21,PushPop,30,30,1,1,8672,8672.0,8672.0,8672,8672,0.0,"void at::native::elementwise_kernel<(int)128, (int)4, void at::native::gpu_kernel_impl_nocast<at::native::<unnamed>::CompareFunctor<long>>(at::TensorIteratorBase &, const T1 &)::[lambda(int) (instance 1)]>(int, T3)"
:BasicsTransformerLM.layers.21,PushPop,30,30,1,2,3168,1584.0,1584.0,1472,1696,158.4,"void at::native::vectorized_elementwise_kernel<(int)4, at::native::rsqrt_kernel_cuda(at::TensorIteratorBase &)::[lambda() (instance 2)]::operator ()() const::[lambda() (instance 2)]::operator ()() const::[lambda(float) (instance 1)], std::array<char *, (unsigned long)2>>(int, T2, T3)"
:BasicsTransformerLM.layers.21,PushPop,30,30,1,2,3040,1520.0,1520.0,1504,1536,22.6,"void at::native::vectorized_elementwise_kernel<(int)4, at::native::CUDAFunctorOnSelf_add<float>, std::array<char *, (unsigned long)2>>(int, T2, T3)"
:BasicsTransformerLM.layers.21,PushPop,30,30,1,1,1152,1152.0,1152.0,1152,1152,0.0,"void <unnamed>::elementwise_kernel_with_index<int, at::native::arange_cuda_out(const c10::Scalar &, const c10::Scalar &, const c10::Scalar &, at::Tensor &)::[lambda() (instance 1)]::operator ()() const::[lambda() (instance 4)]::operator ()() const::[lambda(long) (instance 1)]>(T1, T2, function_traits<T2>::result_type *)"
:BasicsTransformerLM.layers.21,PushPop,30,30,1,1,1024,1024.0,1024.0,1024,1024,0.0,"void at::native::vectorized_elementwise_kernel<(int)4, at::native::FillFunctor<float>, std::array<char *, (unsigned long)1>>(int, T2, T3)"
:BasicsTransformerLM.layers.21.attn,PushPop,30,30,1,4,2038165,509541.3,508301.5,506909,514653,3494.0,cutlass3x_sm100_simt_sgemm_f32_f32_f32_f32_f32_128x64x16_1x1x1_3_tnn_align1_bias_f32_relu
:BasicsTransformerLM.layers.21.attn,PushPop,30,30,1,1,565693,565693.0,565693.0,565693,565693,0.0,cutlass3x_sm100_simt_sgemm_f32_f32_f32_f32_f32_128x128x16_1x1x1_3_tnn_align1_bias_f32_relu
:BasicsTransformerLM.layers.21.attn,PushPop,30,30,1,1,544893,544893.0,544893.0,544893,544893,0.0,cutlass3x_sm100_simt_sgemm_f32_f32_f32_f32_f32_32x64x16_1x1x1_3_nnn_align1_bias_f32_relu
:BasicsTransformerLM.layers.21.attn,PushPop,30,30,1,1,416510,416510.0,416510.0,416510,416510,0.0,"void at::native::elementwise_kernel<(int)128, (int)2, void at::native::gpu_kernel_impl_nocast<at::native::BinaryFunctor<float, float, float, at::native::binary_internal::DivFunctor<float>>>(at::TensorIteratorBase &, const T1 &)::[lambda(int) (instance 1)]>(int, T3)"
:BasicsTransformerLM.layers.21.attn,PushPop,30,30,1,1,365535,365535.0,365535.0,365535,365535,0.0,"void at::native::elementwise_kernel<(int)128, (int)2, void at::native::gpu_kernel_impl_nocast<at::native::<unnamed>::where_kernel_impl(at::TensorIterator &)::[lambda() (instance 1)]::operator ()() const::[lambda() (instance 11)]::operator ()() const::[lambda(bool, float, float) (instance 1)]>(at::TensorIteratorBase &, const T1 &)::[lambda(int) (instance 1)]>(int, T3)"
:BasicsTransformerLM.layers.21.attn,PushPop,30,30,1,1,361854,361854.0,361854.0,361854,361854,0.0,"void at::native::elementwise_kernel<(int)128, (int)2, void at::native::gpu_kernel_impl_nocast<at::native::CUDAFunctor_add<float>>(at::TensorIteratorBase &, const T1 &)::[lambda(int) (instance 1)]>(int, T3)"
:BasicsTransformerLM.layers.21.attn,PushPop,30,30,1,1,157983,157983.0,157983.0,157983,157983,0.0,"void at::native::vectorized_elementwise_kernel<(int)4, at::native::BUnaryFunctor<float, float, float, at::native::binary_internal::MulFunctor<float>>, std::array<char *, (unsigned long)2>>(int, T2, T3)"
:BasicsTransformerLM.layers.21.attn,PushPop,30,30,1,1,154943,154943.0,154943.0,154943,154943,0.0,"void at::native::vectorized_elementwise_kernel<(int)4, at::native::exp_kernel_cuda(at::TensorIteratorBase &)::[lambda() (instance 2)]::operator ()() const::[lambda() (instance 2)]::operator ()() const::[lambda(float) (instance 1)], std::array<char *, (unsigned long)2>>(int, T2, T3)"
:BasicsTransformerLM.layers.21.attn,PushPop,30,30,1,1,136223,136223.0,136223.0,136223,136223,0.0,"void at::native::reduce_kernel<(int)512, (int)1, at::native::ReduceOp<float, at::native::MaxOps<float>, unsigned int, float, (int)4, (int)4>>(T3)"
:BasicsTransformerLM.layers.21.attn,PushPop,30,30,1,1,101600,101600.0,101600.0,101600,101600,0.0,"void at::native::reduce_kernel<(int)512, (int)1, at::native::ReduceOp<float, at::native::func_wrapper_t<float, at::native::sum_functor<float, float, float>::operator ()(at::TensorIterator &)::[lambda(float, float) (instance 1)]>, unsigned int, float, (int)4, (int)4>>(T3)"
:BasicsTransformerLM.layers.21.attn,PushPop,30,30,1,8,66464,8308.0,7824.0,7360,10208,1179.8,"void at::native::elementwise_kernel<(int)128, (int)2, void at::native::gpu_kernel_impl_nocast<at::native::BinaryFunctor<float, float, float, at::native::binary_internal::MulFunctor<float>>>(at::TensorIteratorBase &, const T1 &)::[lambda(int) (instance 1)]>(int, T3)"
:BasicsTransformerLM.layers.21.attn,PushPop,30,30,1,2,55072,27536.0,27536.0,27296,27776,339.4,"void at::native::<unnamed>::CatArrayBatchedCopy<at::native::<unnamed>::OpaqueType<(unsigned int)4>, unsigned int, (int)4, (int)64, (int)64>(T1 *, at::native::<unnamed>::CatArrInputTensorMetadata<T1, T2, T4, T5>, at::native::<unnamed>::TensorSizeStride<T2, (unsigned int)4>, int, T2)"
:BasicsTransformerLM.layers.21.attn,PushPop,30,30,1,4,16128,4032.0,4016.0,3872,4224,150.1,"void at::native::vectorized_elementwise_kernel<(int)4, at::native::CUDAFunctor_add<float>, std::array<char *, (unsigned long)3>>(int, T2, T3)"
:BasicsTransformerLM.layers.21.attn,PushPop,30,30,1,1,14816,14816.0,14816.0,14816,14816,0.0,"void at::native::elementwise_kernel<(int)128, (int)2, void at::native::gpu_kernel_impl_nocast<at::native::direct_copy_kernel_cuda(at::TensorIteratorBase &)::[lambda() (instance 3)]::operator ()() const::[lambda() (instance 7)]::operator ()() const::[lambda(float) (instance 1)]>(at::TensorIteratorBase &, const T1 &)::[lambda(int) (instance 1)]>(int, T3)"
:BasicsTransformerLM.layers.21.attn,PushPop,30,30,1,1,8672,8672.0,8672.0,8672,8672,0.0,"void at::native::elementwise_kernel<(int)128, (int)4, void at::native::gpu_kernel_impl_nocast<at::native::<unnamed>::CompareFunctor<long>>(at::TensorIteratorBase &, const T1 &)::[lambda(int) (instance 1)]>(int, T3)"
:BasicsTransformerLM.layers.21.attn,PushPop,30,30,1,1,1152,1152.0,1152.0,1152,1152,0.0,"void <unnamed>::elementwise_kernel_with_index<int, at::native::arange_cuda_out(const c10::Scalar &, const c10::Scalar &, const c10::Scalar &, at::Tensor &)::[lambda() (instance 1)]::operator ()() const::[lambda() (instance 4)]::operator ()() const::[lambda(long) (instance 1)]>(T1, T2, function_traits<T2>::result_type *)"
:BasicsTransformerLM.layers.21.attn,PushPop,30,30,1,1,1024,1024.0,1024.0,1024,1024,0.0,"void at::native::vectorized_elementwise_kernel<(int)4, at::native::FillFunctor<float>, std::array<char *, (unsigned long)1>>(int, T2, T3)"
:BasicsTransformerLM.layers.21.attn.k_proj,PushPop,30,30,1,1,507806,507806.0,507806.0,507806,507806,0.0,cutlass3x_sm100_simt_sgemm_f32_f32_f32_f32_f32_128x64x16_1x1x1_3_tnn_align1_bias_f32_relu
:BasicsTransformerLM.layers.21.attn.output_proj,PushPop,30,30,1,1,514653,514653.0,514653.0,514653,514653,0.0,cutlass3x_sm100_simt_sgemm_f32_f32_f32_f32_f32_128x64x16_1x1x1_3_tnn_align1_bias_f32_relu
:BasicsTransformerLM.layers.21.attn.q_proj,PushPop,30,30,1,1,506909,506909.0,506909.0,506909,506909,0.0,cutlass3x_sm100_simt_sgemm_f32_f32_f32_f32_f32_128x64x16_1x1x1_3_tnn_align1_bias_f32_relu
:BasicsTransformerLM.layers.21.attn.v_proj,PushPop,30,30,1,1,508797,508797.0,508797.0,508797,508797,0.0,cutlass3x_sm100_simt_sgemm_f32_f32_f32_f32_f32_128x64x16_1x1x1_3_tnn_align1_bias_f32_relu
:BasicsTransformerLM.layers.21.ffn,PushPop,30,30,1,2,3823500,1911750.0,1911750.0,1911062,1912438,973.0,cutlass3x_sm100_simt_sgemm_f32_f32_f32_f32_f32_128x128x16_1x1x1_3_tnn_align1_bias_f32_relu
:BasicsTransformerLM.layers.21.ffn,PushPop,30,30,1,1,1989494,1989494.0,1989494.0,1989494,1989494,0.0,cutlass3x_sm100_simt_sgemm_f32_f32_f32_f32_f32_64x64x16_1x1x1_3_tnn_align1_bias_f32_relu
:BasicsTransformerLM.layers.21.ffn,PushPop,30,30,1,2,70080,35040.0,35040.0,32064,38016,4208.7,"void at::native::vectorized_elementwise_kernel<(int)4, at::native::BinaryFunctor<float, float, float, at::native::binary_internal::MulFunctor<float>>, std::array<char *, (unsigned long)3>>(int, T2, T3)"
:BasicsTransformerLM.layers.21.ffn,PushPop,30,30,1,1,21728,21728.0,21728.0,21728,21728,0.0,"void at::native::vectorized_elementwise_kernel<(int)4, at::native::sigmoid_kernel_cuda(at::TensorIteratorBase &)::[lambda() (instance 2)]::operator ()() const::[lambda() (instance 2)]::operator ()() const::[lambda(float) (instance 1)], std::array<char *, (unsigned long)2>>(int, T2, T3)"
:BasicsTransformerLM.layers.21.ffn.w1,PushPop,30,30,1,1,1912438,1912438.0,1912438.0,1912438,1912438,0.0,cutlass3x_sm100_simt_sgemm_f32_f32_f32_f32_f32_128x128x16_1x1x1_3_tnn_align1_bias_f32_relu
:BasicsTransformerLM.layers.21.ffn.w2,PushPop,30,30,1,1,1989494,1989494.0,1989494.0,1989494,1989494,0.0,cutlass3x_sm100_simt_sgemm_f32_f32_f32_f32_f32_64x64x16_1x1x1_3_tnn_align1_bias_f32_relu
:BasicsTransformerLM.layers.21.ffn.w3,PushPop,30,30,1,1,1911062,1911062.0,1911062.0,1911062,1911062,0.0,cutlass3x_sm100_simt_sgemm_f32_f32_f32_f32_f32_128x128x16_1x1x1_3_tnn_align1_bias_f32_relu
:BasicsTransformerLM.layers.21.ln1,PushPop,30,30,1,2,25600,12800.0,12800.0,12672,12928,181.0,"void at::native::elementwise_kernel<(int)128, (int)2, void at::native::gpu_kernel_impl_nocast<at::native::BinaryFunctor<float, float, float, at::native::binary_internal::MulFunctor<float>>>(at::TensorIteratorBase &, const T1 &)::[lambda(int) (instance 1)]>(int, T3)"
:BasicsTransformerLM.layers.21.ln1,PushPop,30,30,1,1,9248,9248.0,9248.0,9248,9248,0.0,"void at::native::reduce_kernel<(int)512, (int)1, at::native::ReduceOp<float, at::native::MeanOps<float, float, float, float>, unsigned int, float, (int)4, (int)4>>(T3)"
:BasicsTransformerLM.layers.21.ln1,PushPop,30,30,1,1,5376,5376.0,5376.0,5376,5376,0.0,"void at::native::vectorized_elementwise_kernel<(int)4, void at::native::<unnamed>::pow_tensor_scalar_kernel_impl<float, float>(at::TensorIteratorBase &, T2)::[lambda(float) (instance 1)], std::array<char *, (unsigned long)2>>(int, T2, T3)"
:BasicsTransformerLM.layers.21.ln1,PushPop,30,30,1,1,1696,1696.0,1696.0,1696,1696,0.0,"void at::native::vectorized_elementwise_kernel<(int)4, at::native::rsqrt_kernel_cuda(at::TensorIteratorBase &)::[lambda() (instance 2)]::operator ()() const::[lambda() (instance 2)]::operator ()() const::[lambda(float) (instance 1)], std::array<char *, (unsigned long)2>>(int, T2, T3)"
:BasicsTransformerLM.layers.21.ln1,PushPop,30,30,1,1,1536,1536.0,1536.0,1536,1536,0.0,"void at::native::vectorized_elementwise_kernel<(int)4, at::native::CUDAFunctorOnSelf_add<float>, std::array<char *, (unsigned long)2>>(int, T2, T3)"
:BasicsTransformerLM.layers.21.ln2,PushPop,30,30,1,2,25440,12720.0,12720.0,12704,12736,22.6,"void at::native::elementwise_kernel<(int)128, (int)2, void at::native::gpu_kernel_impl_nocast<at::native::BinaryFunctor<float, float, float, at::native::binary_internal::MulFunctor<float>>>(at::TensorIteratorBase &, const T1 &)::[lambda(int) (instance 1)]>(int, T3)"
:BasicsTransformerLM.layers.21.ln2,PushPop,30,30,1,1,9152,9152.0,9152.0,9152,9152,0.0,"void at::native::reduce_kernel<(int)512, (int)1, at::native::ReduceOp<float, at::native::MeanOps<float, float, float, float>, unsigned int, float, (int)4, (int)4>>(T3)"
:BasicsTransformerLM.layers.21.ln2,PushPop,30,30,1,1,5120,5120.0,5120.0,5120,5120,0.0,"void at::native::vectorized_elementwise_kernel<(int)4, void at::native::<unnamed>::pow_tensor_scalar_kernel_impl<float, float>(at::TensorIteratorBase &, T2)::[lambda(float) (instance 1)], std::array<char *, (unsigned long)2>>(int, T2, T3)"
:BasicsTransformerLM.layers.21.ln2,PushPop,30,30,1,1,1504,1504.0,1504.0,1504,1504,0.0,"void at::native::vectorized_elementwise_kernel<(int)4, at::native::CUDAFunctorOnSelf_add<float>, std::array<char *, (unsigned long)2>>(int, T2, T3)"
:BasicsTransformerLM.layers.21.ln2,PushPop,30,30,1,1,1472,1472.0,1472.0,1472,1472,0.0,"void at::native::vectorized_elementwise_kernel<(int)4, at::native::rsqrt_kernel_cuda(at::TensorIteratorBase &)::[lambda() (instance 2)]::operator ()() const::[lambda() (instance 2)]::operator ()() const::[lambda(float) (instance 1)], std::array<char *, (unsigned long)2>>(int, T2, T3)"
:BasicsTransformerLM.layers.22,PushPop,30,30,1,3,4388041,1462680.3,1911478.0,564861,1911702,777534.4,cutlass3x_sm100_simt_sgemm_f32_f32_f32_f32_f32_128x128x16_1x1x1_3_tnn_align1_bias_f32_relu
:BasicsTransformerLM.layers.22,PushPop,30,30,1,4,2039797,509949.3,508493.5,507357,515453,3708.3,cutlass3x_sm100_simt_sgemm_f32_f32_f32_f32_f32_128x64x16_1x1x1_3_tnn_align1_bias_f32_relu
:BasicsTransformerLM.layers.22,PushPop,30,30,1,1,1991798,1991798.0,1991798.0,1991798,1991798,0.0,cutlass3x_sm100_simt_sgemm_f32_f32_f32_f32_f32_64x64x16_1x1x1_3_tnn_align1_bias_f32_relu
:BasicsTransformerLM.layers.22,PushPop,30,30,1,1,544605,544605.0,544605.0,544605,544605,0.0,cutlass3x_sm100_simt_sgemm_f32_f32_f32_f32_f32_32x64x16_1x1x1_3_nnn_align1_bias_f32_relu
:BasicsTransformerLM.layers.22,PushPop,30,30,1,1,416126,416126.0,416126.0,416126,416126,0.0,"void at::native::elementwise_kernel<(int)128, (int)2, void at::native::gpu_kernel_impl_nocast<at::native::BinaryFunctor<float, float, float, at::native::binary_internal::DivFunctor<float>>>(at::TensorIteratorBase &, const T1 &)::[lambda(int) (instance 1)]>(int, T3)"
:BasicsTransformerLM.layers.22,PushPop,30,30,1,1,365471,365471.0,365471.0,365471,365471,0.0,"void at::native::elementwise_kernel<(int)128, (int)2, void at::native::gpu_kernel_impl_nocast<at::native::<unnamed>::where_kernel_impl(at::TensorIterator &)::[lambda() (instance 1)]::operator ()() const::[lambda() (instance 11)]::operator ()() const::[lambda(bool, float, float) (instance 1)]>(at::TensorIteratorBase &, const T1 &)::[lambda(int) (instance 1)]>(int, T3)"
:BasicsTransformerLM.layers.22,PushPop,30,30,1,1,361374,361374.0,361374.0,361374,361374,0.0,"void at::native::elementwise_kernel<(int)128, (int)2, void at::native::gpu_kernel_impl_nocast<at::native::CUDAFunctor_add<float>>(at::TensorIteratorBase &, const T1 &)::[lambda(int) (instance 1)]>(int, T3)"
:BasicsTransformerLM.layers.22,PushPop,30,30,1,1,156704,156704.0,156704.0,156704,156704,0.0,"void at::native::vectorized_elementwise_kernel<(int)4, at::native::BUnaryFunctor<float, float, float, at::native::binary_internal::MulFunctor<float>>, std::array<char *, (unsigned long)2>>(int, T2, T3)"
:BasicsTransformerLM.layers.22,PushPop,30,30,1,1,155327,155327.0,155327.0,155327,155327,0.0,"void at::native::vectorized_elementwise_kernel<(int)4, at::native::exp_kernel_cuda(at::TensorIteratorBase &)::[lambda() (instance 2)]::operator ()() const::[lambda() (instance 2)]::operator ()() const::[lambda(float) (instance 1)], std::array<char *, (unsigned long)2>>(int, T2, T3)"
:BasicsTransformerLM.layers.22,PushPop,30,30,1,1,135519,135519.0,135519.0,135519,135519,0.0,"void at::native::reduce_kernel<(int)512, (int)1, at::native::ReduceOp<float, at::native::MaxOps<float>, unsigned int, float, (int)4, (int)4>>(T3)"
:BasicsTransformerLM.layers.22,PushPop,30,30,1,12,117535,9794.6,9056.0,7392,12832,2369.9,"void at::native::elementwise_kernel<(int)128, (int)2, void at::native::gpu_kernel_impl_nocast<at::native::BinaryFunctor<float, float, float, at::native::binary_internal::MulFunctor<float>>>(at::TensorIteratorBase &, const T1 &)::[lambda(int) (instance 1)]>(int, T3)"
:BasicsTransformerLM.layers.22,PushPop,30,30,1,1,100544,100544.0,100544.0,100544,100544,0.0,"void at::native::reduce_kernel<(int)512, (int)1, at::native::ReduceOp<float, at::native::func_wrapper_t<float, at::native::sum_functor<float, float, float>::operator ()(at::TensorIterator &)::[lambda(float, float) (instance 1)]>, unsigned int, float, (int)4, (int)4>>(T3)"
:BasicsTransformerLM.layers.22,PushPop,30,30,1,2,71680,35840.0,35840.0,32704,38976,4435.0,"void at::native::vectorized_elementwise_kernel<(int)4, at::native::BinaryFunctor<float, float, float, at::native::binary_internal::MulFunctor<float>>, std::array<char *, (unsigned long)3>>(int, T2, T3)"
:BasicsTransformerLM.layers.22,PushPop,30,30,1,2,55072,27536.0,27536.0,27488,27584,67.9,"void at::native::<unnamed>::CatArrayBatchedCopy<at::native::<unnamed>::OpaqueType<(unsigned int)4>, unsigned int, (int)4, (int)64, (int)64>(T1 *, at::native::<unnamed>::CatArrInputTensorMetadata<T1, T2, T4, T5>, at::native::<unnamed>::TensorSizeStride<T2, (unsigned int)4>, int, T2)"
:BasicsTransformerLM.layers.22,PushPop,30,30,1,6,32544,5424.0,4080.0,3840,8768,2263.3,"void at::native::vectorized_elementwise_kernel<(int)4, at::native::CUDAFunctor_add<float>, std::array<char *, (unsigned long)3>>(int, T2, T3)"
:BasicsTransformerLM.layers.22,PushPop,30,30,1,1,21632,21632.0,21632.0,21632,21632,0.0,"void at::native::vectorized_elementwise_kernel<(int)4, at::native::sigmoid_kernel_cuda(at::TensorIteratorBase &)::[lambda() (instance 2)]::operator ()() const::[lambda() (instance 2)]::operator ()() const::[lambda(float) (instance 1)], std::array<char *, (unsigned long)2>>(int, T2, T3)"
:BasicsTransformerLM.layers.22,PushPop,30,30,1,2,18464,9232.0,9232.0,9184,9280,67.9,"void at::native::reduce_kernel<(int)512, (int)1, at::native::ReduceOp<float, at::native::MeanOps<float, float, float, float>, unsigned int, float, (int)4, (int)4>>(T3)"
:BasicsTransformerLM.layers.22,PushPop,30,30,1,1,14848,14848.0,14848.0,14848,14848,0.0,"void at::native::elementwise_kernel<(int)128, (int)2, void at::native::gpu_kernel_impl_nocast<at::native::direct_copy_kernel_cuda(at::TensorIteratorBase &)::[lambda() (instance 3)]::operator ()() const::[lambda() (instance 7)]::operator ()() const::[lambda(float) (instance 1)]>(at::TensorIteratorBase &, const T1 &)::[lambda(int) (instance 1)]>(int, T3)"
:BasicsTransformerLM.layers.22,PushPop,30,30,1,2,10368,5184.0,5184.0,5120,5248,90.5,"void at::native::vectorized_elementwise_kernel<(int)4, void at::native::<unnamed>::pow_tensor_scalar_kernel_impl<float, float>(at::TensorIteratorBase &, T2)::[lambda(float) (instance 1)], std::array<char *, (unsigned long)2>>(int, T2, T3)"
:BasicsTransformerLM.layers.22,PushPop,30,30,1,1,8832,8832.0,8832.0,8832,8832,0.0,"void at::native::elementwise_kernel<(int)128, (int)4, void at::native::gpu_kernel_impl_nocast<at::native::<unnamed>::CompareFunctor<long>>(at::TensorIteratorBase &, const T1 &)::[lambda(int) (instance 1)]>(int, T3)"
:BasicsTransformerLM.layers.22,PushPop,30,30,1,2,3104,1552.0,1552.0,1504,1600,67.9,"void at::native::vectorized_elementwise_kernel<(int)4, at::native::rsqrt_kernel_cuda(at::TensorIteratorBase &)::[lambda() (instance 2)]::operator ()() const::[lambda() (instance 2)]::operator ()() const::[lambda(float) (instance 1)], std::array<char *, (unsigned long)2>>(int, T2, T3)"
:BasicsTransformerLM.layers.22,PushPop,30,30,1,2,3040,1520.0,1520.0,1504,1536,22.6,"void at::native::vectorized_elementwise_kernel<(int)4, at::native::CUDAFunctorOnSelf_add<float>, std::array<char *, (unsigned long)2>>(int, T2, T3)"
:BasicsTransformerLM.layers.22,PushPop,30,30,1,1,1184,1184.0,1184.0,1184,1184,0.0,"void <unnamed>::elementwise_kernel_with_index<int, at::native::arange_cuda_out(const c10::Scalar &, const c10::Scalar &, const c10::Scalar &, at::Tensor &)::[lambda() (instance 1)]::operator ()() const::[lambda() (instance 4)]::operator ()() const::[lambda(long) (instance 1)]>(T1, T2, function_traits<T2>::result_type *)"
:BasicsTransformerLM.layers.22,PushPop,30,30,1,1,1023,1023.0,1023.0,1023,1023,0.0,"void at::native::vectorized_elementwise_kernel<(int)4, at::native::FillFunctor<float>, std::array<char *, (unsigned long)1>>(int, T2, T3)"
:BasicsTransformerLM.layers.22.attn,PushPop,30,30,1,4,2039797,509949.3,508493.5,507357,515453,3708.3,cutlass3x_sm100_simt_sgemm_f32_f32_f32_f32_f32_128x64x16_1x1x1_3_tnn_align1_bias_f32_relu
:BasicsTransformerLM.layers.22.attn,PushPop,30,30,1,1,564861,564861.0,564861.0,564861,564861,0.0,cutlass3x_sm100_simt_sgemm_f32_f32_f32_f32_f32_128x128x16_1x1x1_3_tnn_align1_bias_f32_relu
:BasicsTransformerLM.layers.22.attn,PushPop,30,30,1,1,544605,544605.0,544605.0,544605,544605,0.0,cutlass3x_sm100_simt_sgemm_f32_f32_f32_f32_f32_32x64x16_1x1x1_3_nnn_align1_bias_f32_relu
:BasicsTransformerLM.layers.22.attn,PushPop,30,30,1,1,416126,416126.0,416126.0,416126,416126,0.0,"void at::native::elementwise_kernel<(int)128, (int)2, void at::native::gpu_kernel_impl_nocast<at::native::BinaryFunctor<float, float, float, at::native::binary_internal::DivFunctor<float>>>(at::TensorIteratorBase &, const T1 &)::[lambda(int) (instance 1)]>(int, T3)"
:BasicsTransformerLM.layers.22.attn,PushPop,30,30,1,1,365471,365471.0,365471.0,365471,365471,0.0,"void at::native::elementwise_kernel<(int)128, (int)2, void at::native::gpu_kernel_impl_nocast<at::native::<unnamed>::where_kernel_impl(at::TensorIterator &)::[lambda() (instance 1)]::operator ()() const::[lambda() (instance 11)]::operator ()() const::[lambda(bool, float, float) (instance 1)]>(at::TensorIteratorBase &, const T1 &)::[lambda(int) (instance 1)]>(int, T3)"
:BasicsTransformerLM.layers.22.attn,PushPop,30,30,1,1,361374,361374.0,361374.0,361374,361374,0.0,"void at::native::elementwise_kernel<(int)128, (int)2, void at::native::gpu_kernel_impl_nocast<at::native::CUDAFunctor_add<float>>(at::TensorIteratorBase &, const T1 &)::[lambda(int) (instance 1)]>(int, T3)"
:BasicsTransformerLM.layers.22.attn,PushPop,30,30,1,1,156704,156704.0,156704.0,156704,156704,0.0,"void at::native::vectorized_elementwise_kernel<(int)4, at::native::BUnaryFunctor<float, float, float, at::native::binary_internal::MulFunctor<float>>, std::array<char *, (unsigned long)2>>(int, T2, T3)"
:BasicsTransformerLM.layers.22.attn,PushPop,30,30,1,1,155327,155327.0,155327.0,155327,155327,0.0,"void at::native::vectorized_elementwise_kernel<(int)4, at::native::exp_kernel_cuda(at::TensorIteratorBase &)::[lambda() (instance 2)]::operator ()() const::[lambda() (instance 2)]::operator ()() const::[lambda(float) (instance 1)], std::array<char *, (unsigned long)2>>(int, T2, T3)"
:BasicsTransformerLM.layers.22.attn,PushPop,30,30,1,1,135519,135519.0,135519.0,135519,135519,0.0,"void at::native::reduce_kernel<(int)512, (int)1, at::native::ReduceOp<float, at::native::MaxOps<float>, unsigned int, float, (int)4, (int)4>>(T3)"
:BasicsTransformerLM.layers.22.attn,PushPop,30,30,1,1,100544,100544.0,100544.0,100544,100544,0.0,"void at::native::reduce_kernel<(int)512, (int)1, at::native::ReduceOp<float, at::native::func_wrapper_t<float, at::native::sum_functor<float, float, float>::operator ()(at::TensorIterator &)::[lambda(float, float) (instance 1)]>, unsigned int, float, (int)4, (int)4>>(T3)"
:BasicsTransformerLM.layers.22.attn,PushPop,30,30,1,8,66559,8319.9,7807.5,7392,10208,1169.2,"void at::native::elementwise_kernel<(int)128, (int)2, void at::native::gpu_kernel_impl_nocast<at::native::BinaryFunctor<float, float, float, at::native::binary_internal::MulFunctor<float>>>(at::TensorIteratorBase &, const T1 &)::[lambda(int) (instance 1)]>(int, T3)"
:BasicsTransformerLM.layers.22.attn,PushPop,30,30,1,2,55072,27536.0,27536.0,27488,27584,67.9,"void at::native::<unnamed>::CatArrayBatchedCopy<at::native::<unnamed>::OpaqueType<(unsigned int)4>, unsigned int, (int)4, (int)64, (int)64>(T1 *, at::native::<unnamed>::CatArrInputTensorMetadata<T1, T2, T4, T5>, at::native::<unnamed>::TensorSizeStride<T2, (unsigned int)4>, int, T2)"
:BasicsTransformerLM.layers.22.attn,PushPop,30,30,1,4,15904,3976.0,3968.0,3840,4128,129.0,"void at::native::vectorized_elementwise_kernel<(int)4, at::native::CUDAFunctor_add<float>, std::array<char *, (unsigned long)3>>(int, T2, T3)"
:BasicsTransformerLM.layers.22.attn,PushPop,30,30,1,1,14848,14848.0,14848.0,14848,14848,0.0,"void at::native::elementwise_kernel<(int)128, (int)2, void at::native::gpu_kernel_impl_nocast<at::native::direct_copy_kernel_cuda(at::TensorIteratorBase &)::[lambda() (instance 3)]::operator ()() const::[lambda() (instance 7)]::operator ()() const::[lambda(float) (instance 1)]>(at::TensorIteratorBase &, const T1 &)::[lambda(int) (instance 1)]>(int, T3)"
:BasicsTransformerLM.layers.22.attn,PushPop,30,30,1,1,8832,8832.0,8832.0,8832,8832,0.0,"void at::native::elementwise_kernel<(int)128, (int)4, void at::native::gpu_kernel_impl_nocast<at::native::<unnamed>::CompareFunctor<long>>(at::TensorIteratorBase &, const T1 &)::[lambda(int) (instance 1)]>(int, T3)"
:BasicsTransformerLM.layers.22.attn,PushPop,30,30,1,1,1184,1184.0,1184.0,1184,1184,0.0,"void <unnamed>::elementwise_kernel_with_index<int, at::native::arange_cuda_out(const c10::Scalar &, const c10::Scalar &, const c10::Scalar &, at::Tensor &)::[lambda() (instance 1)]::operator ()() const::[lambda() (instance 4)]::operator ()() const::[lambda(long) (instance 1)]>(T1, T2, function_traits<T2>::result_type *)"
:BasicsTransformerLM.layers.22.attn,PushPop,30,30,1,1,1023,1023.0,1023.0,1023,1023,0.0,"void at::native::vectorized_elementwise_kernel<(int)4, at::native::FillFunctor<float>, std::array<char *, (unsigned long)1>>(int, T2, T3)"
:BasicsTransformerLM.layers.22.attn.k_proj,PushPop,30,30,1,1,508446,508446.0,508446.0,508446,508446,0.0,cutlass3x_sm100_simt_sgemm_f32_f32_f32_f32_f32_128x64x16_1x1x1_3_tnn_align1_bias_f32_relu
:BasicsTransformerLM.layers.22.attn.output_proj,PushPop,30,30,1,1,515453,515453.0,515453.0,515453,515453,0.0,cutlass3x_sm100_simt_sgemm_f32_f32_f32_f32_f32_128x64x16_1x1x1_3_tnn_align1_bias_f32_relu
:BasicsTransformerLM.layers.22.attn.q_proj,PushPop,30,30,1,1,507357,507357.0,507357.0,507357,507357,0.0,cutlass3x_sm100_simt_sgemm_f32_f32_f32_f32_f32_128x64x16_1x1x1_3_tnn_align1_bias_f32_relu
:BasicsTransformerLM.layers.22.attn.v_proj,PushPop,30,30,1,1,508541,508541.0,508541.0,508541,508541,0.0,cutlass3x_sm100_simt_sgemm_f32_f32_f32_f32_f32_128x64x16_1x1x1_3_tnn_align1_bias_f32_relu
:BasicsTransformerLM.layers.22.ffn,PushPop,30,30,1,2,3823180,1911590.0,1911590.0,1911478,1911702,158.4,cutlass3x_sm100_simt_sgemm_f32_f32_f32_f32_f32_128x128x16_1x1x1_3_tnn_align1_bias_f32_relu
:BasicsTransformerLM.layers.22.ffn,PushPop,30,30,1,1,1991798,1991798.0,1991798.0,1991798,1991798,0.0,cutlass3x_sm100_simt_sgemm_f32_f32_f32_f32_f32_64x64x16_1x1x1_3_tnn_align1_bias_f32_relu
:BasicsTransformerLM.layers.22.ffn,PushPop,30,30,1,2,71680,35840.0,35840.0,32704,38976,4435.0,"void at::native::vectorized_elementwise_kernel<(int)4, at::native::BinaryFunctor<float, float, float, at::native::binary_internal::MulFunctor<float>>, std::array<char *, (unsigned long)3>>(int, T2, T3)"
:BasicsTransformerLM.layers.22.ffn,PushPop,30,30,1,1,21632,21632.0,21632.0,21632,21632,0.0,"void at::native::vectorized_elementwise_kernel<(int)4, at::native::sigmoid_kernel_cuda(at::TensorIteratorBase &)::[lambda() (instance 2)]::operator ()() const::[lambda() (instance 2)]::operator ()() const::[lambda(float) (instance 1)], std::array<char *, (unsigned long)2>>(int, T2, T3)"
:BasicsTransformerLM.layers.22.ffn.w1,PushPop,30,30,1,1,1911702,1911702.0,1911702.0,1911702,1911702,0.0,cutlass3x_sm100_simt_sgemm_f32_f32_f32_f32_f32_128x128x16_1x1x1_3_tnn_align1_bias_f32_relu
:BasicsTransformerLM.layers.22.ffn.w2,PushPop,30,30,1,1,1991798,1991798.0,1991798.0,1991798,1991798,0.0,cutlass3x_sm100_simt_sgemm_f32_f32_f32_f32_f32_64x64x16_1x1x1_3_tnn_align1_bias_f32_relu
:BasicsTransformerLM.layers.22.ffn.w3,PushPop,30,30,1,1,1911478,1911478.0,1911478.0,1911478,1911478,0.0,cutlass3x_sm100_simt_sgemm_f32_f32_f32_f32_f32_128x128x16_1x1x1_3_tnn_align1_bias_f32_relu
:BasicsTransformerLM.layers.22.ln1,PushPop,30,30,1,2,25600,12800.0,12800.0,12768,12832,45.3,"void at::native::elementwise_kernel<(int)128, (int)2, void at::native::gpu_kernel_impl_nocast<at::native::BinaryFunctor<float, float, float, at::native::binary_internal::MulFunctor<float>>>(at::TensorIteratorBase &, const T1 &)::[lambda(int) (instance 1)]>(int, T3)"
:BasicsTransformerLM.layers.22.ln1,PushPop,30,30,1,1,9280,9280.0,9280.0,9280,9280,0.0,"void at::native::reduce_kernel<(int)512, (int)1, at::native::ReduceOp<float, at::native::MeanOps<float, float, float, float>, unsigned int, float, (int)4, (int)4>>(T3)"
:BasicsTransformerLM.layers.22.ln1,PushPop,30,30,1,1,5248,5248.0,5248.0,5248,5248,0.0,"void at::native::vectorized_elementwise_kernel<(int)4, void at::native::<unnamed>::pow_tensor_scalar_kernel_impl<float, float>(at::TensorIteratorBase &, T2)::[lambda(float) (instance 1)], std::array<char *, (unsigned long)2>>(int, T2, T3)"
:BasicsTransformerLM.layers.22.ln1,PushPop,30,30,1,1,1600,1600.0,1600.0,1600,1600,0.0,"void at::native::vectorized_elementwise_kernel<(int)4, at::native::rsqrt_kernel_cuda(at::TensorIteratorBase &)::[lambda() (instance 2)]::operator ()() const::[lambda() (instance 2)]::operator ()() const::[lambda(float) (instance 1)], std::array<char *, (unsigned long)2>>(int, T2, T3)"
:BasicsTransformerLM.layers.22.ln1,PushPop,30,30,1,1,1536,1536.0,1536.0,1536,1536,0.0,"void at::native::vectorized_elementwise_kernel<(int)4, at::native::CUDAFunctorOnSelf_add<float>, std::array<char *, (unsigned long)2>>(int, T2, T3)"
:BasicsTransformerLM.layers.22.ln2,PushPop,30,30,1,2,25376,12688.0,12688.0,12672,12704,22.6,"void at::native::elementwise_kernel<(int)128, (int)2, void at::native::gpu_kernel_impl_nocast<at::native::BinaryFunctor<float, float, float, at::native::binary_internal::MulFunctor<float>>>(at::TensorIteratorBase &, const T1 &)::[lambda(int) (instance 1)]>(int, T3)"
:BasicsTransformerLM.layers.22.ln2,PushPop,30,30,1,1,9184,9184.0,9184.0,9184,9184,0.0,"void at::native::reduce_kernel<(int)512, (int)1, at::native::ReduceOp<float, at::native::MeanOps<float, float, float, float>, unsigned int, float, (int)4, (int)4>>(T3)"
:BasicsTransformerLM.layers.22.ln2,PushPop,30,30,1,1,5120,5120.0,5120.0,5120,5120,0.0,"void at::native::vectorized_elementwise_kernel<(int)4, void at::native::<unnamed>::pow_tensor_scalar_kernel_impl<float, float>(at::TensorIteratorBase &, T2)::[lambda(float) (instance 1)], std::array<char *, (unsigned long)2>>(int, T2, T3)"
:BasicsTransformerLM.layers.22.ln2,PushPop,30,30,1,1,1504,1504.0,1504.0,1504,1504,0.0,"void at::native::vectorized_elementwise_kernel<(int)4, at::native::CUDAFunctorOnSelf_add<float>, std::array<char *, (unsigned long)2>>(int, T2, T3)"
:BasicsTransformerLM.layers.22.ln2,PushPop,30,30,1,1,1504,1504.0,1504.0,1504,1504,0.0,"void at::native::vectorized_elementwise_kernel<(int)4, at::native::rsqrt_kernel_cuda(at::TensorIteratorBase &)::[lambda() (instance 2)]::operator ()() const::[lambda() (instance 2)]::operator ()() const::[lambda(float) (instance 1)], std::array<char *, (unsigned long)2>>(int, T2, T3)"
:BasicsTransformerLM.layers.23,PushPop,30,30,1,3,4389097,1463032.3,1911318.0,564765,1913014,777922.8,cutlass3x_sm100_simt_sgemm_f32_f32_f32_f32_f32_128x128x16_1x1x1_3_tnn_align1_bias_f32_relu
:BasicsTransformerLM.layers.23,PushPop,30,30,1,4,2039029,509757.3,509117.5,507453,513341,2519.6,cutlass3x_sm100_simt_sgemm_f32_f32_f32_f32_f32_128x64x16_1x1x1_3_tnn_align1_bias_f32_relu
:BasicsTransformerLM.layers.23,PushPop,30,30,1,1,1991670,1991670.0,1991670.0,1991670,1991670,0.0,cutlass3x_sm100_simt_sgemm_f32_f32_f32_f32_f32_64x64x16_1x1x1_3_tnn_align1_bias_f32_relu
:BasicsTransformerLM.layers.23,PushPop,30,30,1,1,545821,545821.0,545821.0,545821,545821,0.0,cutlass3x_sm100_simt_sgemm_f32_f32_f32_f32_f32_32x64x16_1x1x1_3_nnn_align1_bias_f32_relu
:BasicsTransformerLM.layers.23,PushPop,30,30,1,1,415902,415902.0,415902.0,415902,415902,0.0,"void at::native::elementwise_kernel<(int)128, (int)2, void at::native::gpu_kernel_impl_nocast<at::native::BinaryFunctor<float, float, float, at::native::binary_internal::DivFunctor<float>>>(at::TensorIteratorBase &, const T1 &)::[lambda(int) (instance 1)]>(int, T3)"
:BasicsTransformerLM.layers.23,PushPop,30,30,1,1,365214,365214.0,365214.0,365214,365214,0.0,"void at::native::elementwise_kernel<(int)128, (int)2, void at::native::gpu_kernel_impl_nocast<at::native::<unnamed>::where_kernel_impl(at::TensorIterator &)::[lambda() (instance 1)]::operator ()() const::[lambda() (instance 11)]::operator ()() const::[lambda(bool, float, float) (instance 1)]>(at::TensorIteratorBase &, const T1 &)::[lambda(int) (instance 1)]>(int, T3)"
:BasicsTransformerLM.layers.23,PushPop,30,30,1,1,361758,361758.0,361758.0,361758,361758,0.0,"void at::native::elementwise_kernel<(int)128, (int)2, void at::native::gpu_kernel_impl_nocast<at::native::CUDAFunctor_add<float>>(at::TensorIteratorBase &, const T1 &)::[lambda(int) (instance 1)]>(int, T3)"
:BasicsTransformerLM.layers.23,PushPop,30,30,1,1,158208,158208.0,158208.0,158208,158208,0.0,"void at::native::vectorized_elementwise_kernel<(int)4, at::native::BUnaryFunctor<float, float, float, at::native::binary_internal::MulFunctor<float>>, std::array<char *, (unsigned long)2>>(int, T2, T3)"
:BasicsTransformerLM.layers.23,PushPop,30,30,1,1,154943,154943.0,154943.0,154943,154943,0.0,"void at::native::vectorized_elementwise_kernel<(int)4, at::native::exp_kernel_cuda(at::TensorIteratorBase &)::[lambda() (instance 2)]::operator ()() const::[lambda() (instance 2)]::operator ()() const::[lambda(float) (instance 1)], std::array<char *, (unsigned long)2>>(int, T2, T3)"
:BasicsTransformerLM.layers.23,PushPop,30,30,1,1,135423,135423.0,135423.0,135423,135423,0.0,"void at::native::reduce_kernel<(int)512, (int)1, at::native::ReduceOp<float, at::native::MaxOps<float>, unsigned int, float, (int)4, (int)4>>(T3)"
:BasicsTransformerLM.layers.23,PushPop,30,30,1,12,117695,9807.9,9040.0,7488,12768,2340.8,"void at::native::elementwise_kernel<(int)128, (int)2, void at::native::gpu_kernel_impl_nocast<at::native::BinaryFunctor<float, float, float, at::native::binary_internal::MulFunctor<float>>>(at::TensorIteratorBase &, const T1 &)::[lambda(int) (instance 1)]>(int, T3)"
:BasicsTransformerLM.layers.23,PushPop,30,30,1,1,101376,101376.0,101376.0,101376,101376,0.0,"void at::native::reduce_kernel<(int)512, (int)1, at::native::ReduceOp<float, at::native::func_wrapper_t<float, at::native::sum_functor<float, float, float>::operator ()(at::TensorIterator &)::[lambda(float, float) (instance 1)]>, unsigned int, float, (int)4, (int)4>>(T3)"
:BasicsTransformerLM.layers.23,PushPop,30,30,1,2,69792,34896.0,34896.0,32416,37376,3507.2,"void at::native::vectorized_elementwise_kernel<(int)4, at::native::BinaryFunctor<float, float, float, at::native::binary_internal::MulFunctor<float>>, std::array<char *, (unsigned long)3>>(int, T2, T3)"
:BasicsTransformerLM.layers.23,PushPop,30,30,1,2,55072,27536.0,27536.0,27392,27680,203.6,"void at::native::<unnamed>::CatArrayBatchedCopy<at::native::<unnamed>::OpaqueType<(unsigned int)4>, unsigned int, (int)4, (int)64, (int)64>(T1 *, at::native::<unnamed>::CatArrInputTensorMetadata<T1, T2, T4, T5>, at::native::<unnamed>::TensorSizeStride<T2, (unsigned int)4>, int, T2)"
:BasicsTransformerLM.layers.23,PushPop,30,30,1,6,32192,5365.3,3968.0,3840,8768,2263.3,"void at::native::vectorized_elementwise_kernel<(int)4, at::native::CUDAFunctor_add<float>, std::array<char *, (unsigned long)3>>(int, T2, T3)"
:BasicsTransformerLM.layers.23,PushPop,30,30,1,1,21536,21536.0,21536.0,21536,21536,0.0,"void at::native::vectorized_elementwise_kernel<(int)4, at::native::sigmoid_kernel_cuda(at::TensorIteratorBase &)::[lambda() (instance 2)]::operator ()() const::[lambda() (instance 2)]::operator ()() const::[lambda(float) (instance 1)], std::array<char *, (unsigned long)2>>(int, T2, T3)"
:BasicsTransformerLM.layers.23,PushPop,30,30,1,2,18368,9184.0,9184.0,9184,9184,0.0,"void at::native::reduce_kernel<(int)512, (int)1, at::native::ReduceOp<float, at::native::MeanOps<float, float, float, float>, unsigned int, float, (int)4, (int)4>>(T3)"
:BasicsTransformerLM.layers.23,PushPop,30,30,1,1,14944,14944.0,14944.0,14944,14944,0.0,"void at::native::elementwise_kernel<(int)128, (int)2, void at::native::gpu_kernel_impl_nocast<at::native::direct_copy_kernel_cuda(at::TensorIteratorBase &)::[lambda() (instance 3)]::operator ()() const::[lambda() (instance 7)]::operator ()() const::[lambda(float) (instance 1)]>(at::TensorIteratorBase &, const T1 &)::[lambda(int) (instance 1)]>(int, T3)"
:BasicsTransformerLM.layers.23,PushPop,30,30,1,2,10464,5232.0,5232.0,5216,5248,22.6,"void at::native::vectorized_elementwise_kernel<(int)4, void at::native::<unnamed>::pow_tensor_scalar_kernel_impl<float, float>(at::TensorIteratorBase &, T2)::[lambda(float) (instance 1)], std::array<char *, (unsigned long)2>>(int, T2, T3)"
:BasicsTransformerLM.layers.23,PushPop,30,30,1,1,8768,8768.0,8768.0,8768,8768,0.0,"void at::native::elementwise_kernel<(int)128, (int)4, void at::native::gpu_kernel_impl_nocast<at::native::<unnamed>::CompareFunctor<long>>(at::TensorIteratorBase &, const T1 &)::[lambda(int) (instance 1)]>(int, T3)"
:BasicsTransformerLM.layers.23,PushPop,30,30,1,2,3136,1568.0,1568.0,1536,1600,45.3,"void at::native::vectorized_elementwise_kernel<(int)4, at::native::CUDAFunctorOnSelf_add<float>, std::array<char *, (unsigned long)2>>(int, T2, T3)"
:BasicsTransformerLM.layers.23,PushPop,30,30,1,2,2944,1472.0,1472.0,1472,1472,0.0,"void at::native::vectorized_elementwise_kernel<(int)4, at::native::rsqrt_kernel_cuda(at::TensorIteratorBase &)::[lambda() (instance 2)]::operator ()() const::[lambda() (instance 2)]::operator ()() const::[lambda(float) (instance 1)], std::array<char *, (unsigned long)2>>(int, T2, T3)"
:BasicsTransformerLM.layers.23,PushPop,30,30,1,1,1184,1184.0,1184.0,1184,1184,0.0,"void <unnamed>::elementwise_kernel_with_index<int, at::native::arange_cuda_out(const c10::Scalar &, const c10::Scalar &, const c10::Scalar &, at::Tensor &)::[lambda() (instance 1)]::operator ()() const::[lambda() (instance 4)]::operator ()() const::[lambda(long) (instance 1)]>(T1, T2, function_traits<T2>::result_type *)"
:BasicsTransformerLM.layers.23,PushPop,30,30,1,1,1024,1024.0,1024.0,1024,1024,0.0,"void at::native::vectorized_elementwise_kernel<(int)4, at::native::FillFunctor<float>, std::array<char *, (unsigned long)1>>(int, T2, T3)"
:BasicsTransformerLM.layers.23.attn,PushPop,30,30,1,4,2039029,509757.3,509117.5,507453,513341,2519.6,cutlass3x_sm100_simt_sgemm_f32_f32_f32_f32_f32_128x64x16_1x1x1_3_tnn_align1_bias_f32_relu
:BasicsTransformerLM.layers.23.attn,PushPop,30,30,1,1,564765,564765.0,564765.0,564765,564765,0.0,cutlass3x_sm100_simt_sgemm_f32_f32_f32_f32_f32_128x128x16_1x1x1_3_tnn_align1_bias_f32_relu
:BasicsTransformerLM.layers.23.attn,PushPop,30,30,1,1,545821,545821.0,545821.0,545821,545821,0.0,cutlass3x_sm100_simt_sgemm_f32_f32_f32_f32_f32_32x64x16_1x1x1_3_nnn_align1_bias_f32_relu
:BasicsTransformerLM.layers.23.attn,PushPop,30,30,1,1,415902,415902.0,415902.0,415902,415902,0.0,"void at::native::elementwise_kernel<(int)128, (int)2, void at::native::gpu_kernel_impl_nocast<at::native::BinaryFunctor<float, float, float, at::native::binary_internal::DivFunctor<float>>>(at::TensorIteratorBase &, const T1 &)::[lambda(int) (instance 1)]>(int, T3)"
:BasicsTransformerLM.layers.23.attn,PushPop,30,30,1,1,365214,365214.0,365214.0,365214,365214,0.0,"void at::native::elementwise_kernel<(int)128, (int)2, void at::native::gpu_kernel_impl_nocast<at::native::<unnamed>::where_kernel_impl(at::TensorIterator &)::[lambda() (instance 1)]::operator ()() const::[lambda() (instance 11)]::operator ()() const::[lambda(bool, float, float) (instance 1)]>(at::TensorIteratorBase &, const T1 &)::[lambda(int) (instance 1)]>(int, T3)"
:BasicsTransformerLM.layers.23.attn,PushPop,30,30,1,1,361758,361758.0,361758.0,361758,361758,0.0,"void at::native::elementwise_kernel<(int)128, (int)2, void at::native::gpu_kernel_impl_nocast<at::native::CUDAFunctor_add<float>>(at::TensorIteratorBase &, const T1 &)::[lambda(int) (instance 1)]>(int, T3)"
:BasicsTransformerLM.layers.23.attn,PushPop,30,30,1,1,158208,158208.0,158208.0,158208,158208,0.0,"void at::native::vectorized_elementwise_kernel<(int)4, at::native::BUnaryFunctor<float, float, float, at::native::binary_internal::MulFunctor<float>>, std::array<char *, (unsigned long)2>>(int, T2, T3)"
:BasicsTransformerLM.layers.23.attn,PushPop,30,30,1,1,154943,154943.0,154943.0,154943,154943,0.0,"void at::native::vectorized_elementwise_kernel<(int)4, at::native::exp_kernel_cuda(at::TensorIteratorBase &)::[lambda() (instance 2)]::operator ()() const::[lambda() (instance 2)]::operator ()() const::[lambda(float) (instance 1)], std::array<char *, (unsigned long)2>>(int, T2, T3)"
:BasicsTransformerLM.layers.23.attn,PushPop,30,30,1,1,135423,135423.0,135423.0,135423,135423,0.0,"void at::native::reduce_kernel<(int)512, (int)1, at::native::ReduceOp<float, at::native::MaxOps<float>, unsigned int, float, (int)4, (int)4>>(T3)"
:BasicsTransformerLM.layers.23.attn,PushPop,30,30,1,1,101376,101376.0,101376.0,101376,101376,0.0,"void at::native::reduce_kernel<(int)512, (int)1, at::native::ReduceOp<float, at::native::func_wrapper_t<float, at::native::sum_functor<float, float, float>::operator ()(at::TensorIterator &)::[lambda(float, float) (instance 1)]>, unsigned int, float, (int)4, (int)4>>(T3)"
:BasicsTransformerLM.layers.23.attn,PushPop,30,30,1,8,66847,8355.9,7888.0,7488,10304,1174.3,"void at::native::elementwise_kernel<(int)128, (int)2, void at::native::gpu_kernel_impl_nocast<at::native::BinaryFunctor<float, float, float, at::native::binary_internal::MulFunctor<float>>>(at::TensorIteratorBase &, const T1 &)::[lambda(int) (instance 1)]>(int, T3)"
:BasicsTransformerLM.layers.23.attn,PushPop,30,30,1,2,55072,27536.0,27536.0,27392,27680,203.6,"void at::native::<unnamed>::CatArrayBatchedCopy<at::native::<unnamed>::OpaqueType<(unsigned int)4>, unsigned int, (int)4, (int)64, (int)64>(T1 *, at::native::<unnamed>::CatArrInputTensorMetadata<T1, T2, T4, T5>, at::native::<unnamed>::TensorSizeStride<T2, (unsigned int)4>, int, T2)"
:BasicsTransformerLM.layers.23.attn,PushPop,30,30,1,4,15680,3920.0,3904.0,3840,4032,80.5,"void at::native::vectorized_elementwise_kernel<(int)4, at::native::CUDAFunctor_add<float>, std::array<char *, (unsigned long)3>>(int, T2, T3)"
:BasicsTransformerLM.layers.23.attn,PushPop,30,30,1,1,14944,14944.0,14944.0,14944,14944,0.0,"void at::native::elementwise_kernel<(int)128, (int)2, void at::native::gpu_kernel_impl_nocast<at::native::direct_copy_kernel_cuda(at::TensorIteratorBase &)::[lambda() (instance 3)]::operator ()() const::[lambda() (instance 7)]::operator ()() const::[lambda(float) (instance 1)]>(at::TensorIteratorBase &, const T1 &)::[lambda(int) (instance 1)]>(int, T3)"
:BasicsTransformerLM.layers.23.attn,PushPop,30,30,1,1,8768,8768.0,8768.0,8768,8768,0.0,"void at::native::elementwise_kernel<(int)128, (int)4, void at::native::gpu_kernel_impl_nocast<at::native::<unnamed>::CompareFunctor<long>>(at::TensorIteratorBase &, const T1 &)::[lambda(int) (instance 1)]>(int, T3)"
:BasicsTransformerLM.layers.23.attn,PushPop,30,30,1,1,1184,1184.0,1184.0,1184,1184,0.0,"void <unnamed>::elementwise_kernel_with_index<int, at::native::arange_cuda_out(const c10::Scalar &, const c10::Scalar &, const c10::Scalar &, at::Tensor &)::[lambda() (instance 1)]::operator ()() const::[lambda() (instance 4)]::operator ()() const::[lambda(long) (instance 1)]>(T1, T2, function_traits<T2>::result_type *)"
:BasicsTransformerLM.layers.23.attn,PushPop,30,30,1,1,1024,1024.0,1024.0,1024,1024,0.0,"void at::native::vectorized_elementwise_kernel<(int)4, at::native::FillFunctor<float>, std::array<char *, (unsigned long)1>>(int, T2, T3)"
:BasicsTransformerLM.layers.23.attn.k_proj,PushPop,30,30,1,1,508926,508926.0,508926.0,508926,508926,0.0,cutlass3x_sm100_simt_sgemm_f32_f32_f32_f32_f32_128x64x16_1x1x1_3_tnn_align1_bias_f32_relu
:BasicsTransformerLM.layers.23.attn.output_proj,PushPop,30,30,1,1,513341,513341.0,513341.0,513341,513341,0.0,cutlass3x_sm100_simt_sgemm_f32_f32_f32_f32_f32_128x64x16_1x1x1_3_tnn_align1_bias_f32_relu
:BasicsTransformerLM.layers.23.attn.q_proj,PushPop,30,30,1,1,507453,507453.0,507453.0,507453,507453,0.0,cutlass3x_sm100_simt_sgemm_f32_f32_f32_f32_f32_128x64x16_1x1x1_3_tnn_align1_bias_f32_relu
:BasicsTransformerLM.layers.23.attn.v_proj,PushPop,30,30,1,1,509309,509309.0,509309.0,509309,509309,0.0,cutlass3x_sm100_simt_sgemm_f32_f32_f32_f32_f32_128x64x16_1x1x1_3_tnn_align1_bias_f32_relu
:BasicsTransformerLM.layers.23.ffn,PushPop,30,30,1,2,3824332,1912166.0,1912166.0,1911318,1913014,1199.3,cutlass3x_sm100_simt_sgemm_f32_f32_f32_f32_f32_128x128x16_1x1x1_3_tnn_align1_bias_f32_relu
:BasicsTransformerLM.layers.23.ffn,PushPop,30,30,1,1,1991670,1991670.0,1991670.0,1991670,1991670,0.0,cutlass3x_sm100_simt_sgemm_f32_f32_f32_f32_f32_64x64x16_1x1x1_3_tnn_align1_bias_f32_relu
:BasicsTransformerLM.layers.23.ffn,PushPop,30,30,1,2,69792,34896.0,34896.0,32416,37376,3507.2,"void at::native::vectorized_elementwise_kernel<(int)4, at::native::BinaryFunctor<float, float, float, at::native::binary_internal::MulFunctor<float>>, std::array<char *, (unsigned long)3>>(int, T2, T3)"
:BasicsTransformerLM.layers.23.ffn,PushPop,30,30,1,1,21536,21536.0,21536.0,21536,21536,0.0,"void at::native::vectorized_elementwise_kernel<(int)4, at::native::sigmoid_kernel_cuda(at::TensorIteratorBase &)::[lambda() (instance 2)]::operator ()() const::[lambda() (instance 2)]::operator ()() const::[lambda(float) (instance 1)], std::array<char *, (unsigned long)2>>(int, T2, T3)"
:BasicsTransformerLM.layers.23.ffn.w1,PushPop,30,30,1,1,1913014,1913014.0,1913014.0,1913014,1913014,0.0,cutlass3x_sm100_simt_sgemm_f32_f32_f32_f32_f32_128x128x16_1x1x1_3_tnn_align1_bias_f32_relu
:BasicsTransformerLM.layers.23.ffn.w2,PushPop,30,30,1,1,1991670,1991670.0,1991670.0,1991670,1991670,0.0,cutlass3x_sm100_simt_sgemm_f32_f32_f32_f32_f32_64x64x16_1x1x1_3_tnn_align1_bias_f32_relu
:BasicsTransformerLM.layers.23.ffn.w3,PushPop,30,30,1,1,1911318,1911318.0,1911318.0,1911318,1911318,0.0,cutlass3x_sm100_simt_sgemm_f32_f32_f32_f32_f32_128x128x16_1x1x1_3_tnn_align1_bias_f32_relu
:BasicsTransformerLM.layers.23.ln1,PushPop,30,30,1,2,25472,12736.0,12736.0,12704,12768,45.3,"void at::native::elementwise_kernel<(int)128, (int)2, void at::native::gpu_kernel_impl_nocast<at::native::BinaryFunctor<float, float, float, at::native::binary_internal::MulFunctor<float>>>(at::TensorIteratorBase &, const T1 &)::[lambda(int) (instance 1)]>(int, T3)"
:BasicsTransformerLM.layers.23.ln1,PushPop,30,30,1,1,9184,9184.0,9184.0,9184,9184,0.0,"void at::native::reduce_kernel<(int)512, (int)1, at::native::ReduceOp<float, at::native::MeanOps<float, float, float, float>, unsigned int, float, (int)4, (int)4>>(T3)"
:BasicsTransformerLM.layers.23.ln1,PushPop,30,30,1,1,5216,5216.0,5216.0,5216,5216,0.0,"void at::native::vectorized_elementwise_kernel<(int)4, void at::native::<unnamed>::pow_tensor_scalar_kernel_impl<float, float>(at::TensorIteratorBase &, T2)::[lambda(float) (instance 1)], std::array<char *, (unsigned long)2>>(int, T2, T3)"
:BasicsTransformerLM.layers.23.ln1,PushPop,30,30,1,1,1600,1600.0,1600.0,1600,1600,0.0,"void at::native::vectorized_elementwise_kernel<(int)4, at::native::CUDAFunctorOnSelf_add<float>, std::array<char *, (unsigned long)2>>(int, T2, T3)"
:BasicsTransformerLM.layers.23.ln1,PushPop,30,30,1,1,1472,1472.0,1472.0,1472,1472,0.0,"void at::native::vectorized_elementwise_kernel<(int)4, at::native::rsqrt_kernel_cuda(at::TensorIteratorBase &)::[lambda() (instance 2)]::operator ()() const::[lambda() (instance 2)]::operator ()() const::[lambda(float) (instance 1)], std::array<char *, (unsigned long)2>>(int, T2, T3)"
:BasicsTransformerLM.layers.23.ln2,PushPop,30,30,1,2,25376,12688.0,12688.0,12608,12768,113.1,"void at::native::elementwise_kernel<(int)128, (int)2, void at::native::gpu_kernel_impl_nocast<at::native::BinaryFunctor<float, float, float, at::native::binary_internal::MulFunctor<float>>>(at::TensorIteratorBase &, const T1 &)::[lambda(int) (instance 1)]>(int, T3)"
:BasicsTransformerLM.layers.23.ln2,PushPop,30,30,1,1,9184,9184.0,9184.0,9184,9184,0.0,"void at::native::reduce_kernel<(int)512, (int)1, at::native::ReduceOp<float, at::native::MeanOps<float, float, float, float>, unsigned int, float, (int)4, (int)4>>(T3)"
:BasicsTransformerLM.layers.23.ln2,PushPop,30,30,1,1,5248,5248.0,5248.0,5248,5248,0.0,"void at::native::vectorized_elementwise_kernel<(int)4, void at::native::<unnamed>::pow_tensor_scalar_kernel_impl<float, float>(at::TensorIteratorBase &, T2)::[lambda(float) (instance 1)], std::array<char *, (unsigned long)2>>(int, T2, T3)"
:BasicsTransformerLM.layers.23.ln2,PushPop,30,30,1,1,1536,1536.0,1536.0,1536,1536,0.0,"void at::native::vectorized_elementwise_kernel<(int)4, at::native::CUDAFunctorOnSelf_add<float>, std::array<char *, (unsigned long)2>>(int, T2, T3)"
:BasicsTransformerLM.layers.23.ln2,PushPop,30,30,1,1,1472,1472.0,1472.0,1472,1472,0.0,"void at::native::vectorized_elementwise_kernel<(int)4, at::native::rsqrt_kernel_cuda(at::TensorIteratorBase &)::[lambda() (instance 2)]::operator ()() const::[lambda() (instance 2)]::operator ()() const::[lambda(float) (instance 1)], std::array<char *, (unsigned long)2>>(int, T2, T3)"
:BasicsTransformerLM.layers.24,PushPop,30,30,1,3,4391402,1463800.7,1911318.0,565821,1914263,777674.6,cutlass3x_sm100_simt_sgemm_f32_f32_f32_f32_f32_128x128x16_1x1x1_3_tnn_align1_bias_f32_relu
:BasicsTransformerLM.layers.24,PushPop,30,30,1,4,2133141,533285.3,508941.5,507261,607997,49814.1,cutlass3x_sm100_simt_sgemm_f32_f32_f32_f32_f32_128x64x16_1x1x1_3_tnn_align1_bias_f32_relu
:BasicsTransformerLM.layers.24,PushPop,30,30,1,1,1989910,1989910.0,1989910.0,1989910,1989910,0.0,cutlass3x_sm100_simt_sgemm_f32_f32_f32_f32_f32_64x64x16_1x1x1_3_tnn_align1_bias_f32_relu
:BasicsTransformerLM.layers.24,PushPop,30,30,1,1,546269,546269.0,546269.0,546269,546269,0.0,cutlass3x_sm100_simt_sgemm_f32_f32_f32_f32_f32_32x64x16_1x1x1_3_nnn_align1_bias_f32_relu
:BasicsTransformerLM.layers.24,PushPop,30,30,1,1,416158,416158.0,416158.0,416158,416158,0.0,"void at::native::elementwise_kernel<(int)128, (int)2, void at::native::gpu_kernel_impl_nocast<at::native::BinaryFunctor<float, float, float, at::native::binary_internal::DivFunctor<float>>>(at::TensorIteratorBase &, const T1 &)::[lambda(int) (instance 1)]>(int, T3)"
:BasicsTransformerLM.layers.24,PushPop,30,30,1,1,365150,365150.0,365150.0,365150,365150,0.0,"void at::native::elementwise_kernel<(int)128, (int)2, void at::native::gpu_kernel_impl_nocast<at::native::<unnamed>::where_kernel_impl(at::TensorIterator &)::[lambda() (instance 1)]::operator ()() const::[lambda() (instance 11)]::operator ()() const::[lambda(bool, float, float) (instance 1)]>(at::TensorIteratorBase &, const T1 &)::[lambda(int) (instance 1)]>(int, T3)"
:BasicsTransformerLM.layers.24,PushPop,30,30,1,1,361374,361374.0,361374.0,361374,361374,0.0,"void at::native::elementwise_kernel<(int)128, (int)2, void at::native::gpu_kernel_impl_nocast<at::native::CUDAFunctor_add<float>>(at::TensorIteratorBase &, const T1 &)::[lambda(int) (instance 1)]>(int, T3)"
:BasicsTransformerLM.layers.24,PushPop,30,30,1,1,157120,157120.0,157120.0,157120,157120,0.0,"void at::native::vectorized_elementwise_kernel<(int)4, at::native::BUnaryFunctor<float, float, float, at::native::binary_internal::MulFunctor<float>>, std::array<char *, (unsigned long)2>>(int, T2, T3)"
:BasicsTransformerLM.layers.24,PushPop,30,30,1,1,154111,154111.0,154111.0,154111,154111,0.0,"void at::native::vectorized_elementwise_kernel<(int)4, at::native::exp_kernel_cuda(at::TensorIteratorBase &)::[lambda() (instance 2)]::operator ()() const::[lambda() (instance 2)]::operator ()() const::[lambda(float) (instance 1)], std::array<char *, (unsigned long)2>>(int, T2, T3)"
:BasicsTransformerLM.layers.24,PushPop,30,30,1,1,135999,135999.0,135999.0,135999,135999,0.0,"void at::native::reduce_kernel<(int)512, (int)1, at::native::ReduceOp<float, at::native::MaxOps<float>, unsigned int, float, (int)4, (int)4>>(T3)"
:BasicsTransformerLM.layers.24,PushPop,30,30,1,12,117502,9791.8,9120.0,7360,12736,2403.9,"void at::native::elementwise_kernel<(int)128, (int)2, void at::native::gpu_kernel_impl_nocast<at::native::BinaryFunctor<float, float, float, at::native::binary_internal::MulFunctor<float>>>(at::TensorIteratorBase &, const T1 &)::[lambda(int) (instance 1)]>(int, T3)"
:BasicsTransformerLM.layers.24,PushPop,30,30,1,1,101440,101440.0,101440.0,101440,101440,0.0,"void at::native::reduce_kernel<(int)512, (int)1, at::native::ReduceOp<float, at::native::func_wrapper_t<float, at::native::sum_functor<float, float, float>::operator ()(at::TensorIterator &)::[lambda(float, float) (instance 1)]>, unsigned int, float, (int)4, (int)4>>(T3)"
:BasicsTransformerLM.layers.24,PushPop,30,30,1,2,71360,35680.0,35680.0,32960,38400,3846.7,"void at::native::vectorized_elementwise_kernel<(int)4, at::native::BinaryFunctor<float, float, float, at::native::binary_internal::MulFunctor<float>>, std::array<char *, (unsigned long)3>>(int, T2, T3)"
:BasicsTransformerLM.layers.24,PushPop,30,30,1,2,55168,27584.0,27584.0,27552,27616,45.3,"void at::native::<unnamed>::CatArrayBatchedCopy<at::native::<unnamed>::OpaqueType<(unsigned int)4>, unsigned int, (int)4, (int)64, (int)64>(T1 *, at::native::<unnamed>::CatArrInputTensorMetadata<T1, T2, T4, T5>, at::native::<unnamed>::TensorSizeStride<T2, (unsigned int)4>, int, T2)"
:BasicsTransformerLM.layers.24,PushPop,30,30,1,6,32448,5408.0,4000.0,3936,8832,2246.8,"void at::native::vectorized_elementwise_kernel<(int)4, at::native::CUDAFunctor_add<float>, std::array<char *, (unsigned long)3>>(int, T2, T3)"
:BasicsTransformerLM.layers.24,PushPop,30,30,1,1,21824,21824.0,21824.0,21824,21824,0.0,"void at::native::vectorized_elementwise_kernel<(int)4, at::native::sigmoid_kernel_cuda(at::TensorIteratorBase &)::[lambda() (instance 2)]::operator ()() const::[lambda() (instance 2)]::operator ()() const::[lambda(float) (instance 1)], std::array<char *, (unsigned long)2>>(int, T2, T3)"
:BasicsTransformerLM.layers.24,PushPop,30,30,1,2,18336,9168.0,9168.0,9120,9216,67.9,"void at::native::reduce_kernel<(int)512, (int)1, at::native::ReduceOp<float, at::native::MeanOps<float, float, float, float>, unsigned int, float, (int)4, (int)4>>(T3)"
:BasicsTransformerLM.layers.24,PushPop,30,30,1,1,14848,14848.0,14848.0,14848,14848,0.0,"void at::native::elementwise_kernel<(int)128, (int)2, void at::native::gpu_kernel_impl_nocast<at::native::direct_copy_kernel_cuda(at::TensorIteratorBase &)::[lambda() (instance 3)]::operator ()() const::[lambda() (instance 7)]::operator ()() const::[lambda(float) (instance 1)]>(at::TensorIteratorBase &, const T1 &)::[lambda(int) (instance 1)]>(int, T3)"
:BasicsTransformerLM.layers.24,PushPop,30,30,1,2,10592,5296.0,5296.0,5152,5440,203.6,"void at::native::vectorized_elementwise_kernel<(int)4, void at::native::<unnamed>::pow_tensor_scalar_kernel_impl<float, float>(at::TensorIteratorBase &, T2)::[lambda(float) (instance 1)], std::array<char *, (unsigned long)2>>(int, T2, T3)"
:BasicsTransformerLM.layers.24,PushPop,30,30,1,1,8800,8800.0,8800.0,8800,8800,0.0,"void at::native::elementwise_kernel<(int)128, (int)4, void at::native::gpu_kernel_impl_nocast<at::native::<unnamed>::CompareFunctor<long>>(at::TensorIteratorBase &, const T1 &)::[lambda(int) (instance 1)]>(int, T3)"
:BasicsTransformerLM.layers.24,PushPop,30,30,1,2,3168,1584.0,1584.0,1536,1632,67.9,"void at::native::vectorized_elementwise_kernel<(int)4, at::native::CUDAFunctorOnSelf_add<float>, std::array<char *, (unsigned long)2>>(int, T2, T3)"
:BasicsTransformerLM.layers.24,PushPop,30,30,1,2,2976,1488.0,1488.0,1440,1536,67.9,"void at::native::vectorized_elementwise_kernel<(int)4, at::native::rsqrt_kernel_cuda(at::TensorIteratorBase &)::[lambda() (instance 2)]::operator ()() const::[lambda() (instance 2)]::operator ()() const::[lambda(float) (instance 1)], std::array<char *, (unsigned long)2>>(int, T2, T3)"
:BasicsTransformerLM.layers.24,PushPop,30,30,1,1,1184,1184.0,1184.0,1184,1184,0.0,"void <unnamed>::elementwise_kernel_with_index<int, at::native::arange_cuda_out(const c10::Scalar &, const c10::Scalar &, const c10::Scalar &, at::Tensor &)::[lambda() (instance 1)]::operator ()() const::[lambda() (instance 4)]::operator ()() const::[lambda(long) (instance 1)]>(T1, T2, function_traits<T2>::result_type *)"
:BasicsTransformerLM.layers.24,PushPop,30,30,1,1,1024,1024.0,1024.0,1024,1024,0.0,"void at::native::vectorized_elementwise_kernel<(int)4, at::native::FillFunctor<float>, std::array<char *, (unsigned long)1>>(int, T2, T3)"
:BasicsTransformerLM.layers.24.attn,PushPop,30,30,1,4,2133141,533285.3,508941.5,507261,607997,49814.1,cutlass3x_sm100_simt_sgemm_f32_f32_f32_f32_f32_128x64x16_1x1x1_3_tnn_align1_bias_f32_relu
:BasicsTransformerLM.layers.24.attn,PushPop,30,30,1,1,565821,565821.0,565821.0,565821,565821,0.0,cutlass3x_sm100_simt_sgemm_f32_f32_f32_f32_f32_128x128x16_1x1x1_3_tnn_align1_bias_f32_relu
:BasicsTransformerLM.layers.24.attn,PushPop,30,30,1,1,546269,546269.0,546269.0,546269,546269,0.0,cutlass3x_sm100_simt_sgemm_f32_f32_f32_f32_f32_32x64x16_1x1x1_3_nnn_align1_bias_f32_relu
:BasicsTransformerLM.layers.24.attn,PushPop,30,30,1,1,416158,416158.0,416158.0,416158,416158,0.0,"void at::native::elementwise_kernel<(int)128, (int)2, void at::native::gpu_kernel_impl_nocast<at::native::BinaryFunctor<float, float, float, at::native::binary_internal::DivFunctor<float>>>(at::TensorIteratorBase &, const T1 &)::[lambda(int) (instance 1)]>(int, T3)"
:BasicsTransformerLM.layers.24.attn,PushPop,30,30,1,1,365150,365150.0,365150.0,365150,365150,0.0,"void at::native::elementwise_kernel<(int)128, (int)2, void at::native::gpu_kernel_impl_nocast<at::native::<unnamed>::where_kernel_impl(at::TensorIterator &)::[lambda() (instance 1)]::operator ()() const::[lambda() (instance 11)]::operator ()() const::[lambda(bool, float, float) (instance 1)]>(at::TensorIteratorBase &, const T1 &)::[lambda(int) (instance 1)]>(int, T3)"
:BasicsTransformerLM.layers.24.attn,PushPop,30,30,1,1,361374,361374.0,361374.0,361374,361374,0.0,"void at::native::elementwise_kernel<(int)128, (int)2, void at::native::gpu_kernel_impl_nocast<at::native::CUDAFunctor_add<float>>(at::TensorIteratorBase &, const T1 &)::[lambda(int) (instance 1)]>(int, T3)"
:BasicsTransformerLM.layers.24.attn,PushPop,30,30,1,1,157120,157120.0,157120.0,157120,157120,0.0,"void at::native::vectorized_elementwise_kernel<(int)4, at::native::BUnaryFunctor<float, float, float, at::native::binary_internal::MulFunctor<float>>, std::array<char *, (unsigned long)2>>(int, T2, T3)"
:BasicsTransformerLM.layers.24.attn,PushPop,30,30,1,1,154111,154111.0,154111.0,154111,154111,0.0,"void at::native::vectorized_elementwise_kernel<(int)4, at::native::exp_kernel_cuda(at::TensorIteratorBase &)::[lambda() (instance 2)]::operator ()() const::[lambda() (instance 2)]::operator ()() const::[lambda(float) (instance 1)], std::array<char *, (unsigned long)2>>(int, T2, T3)"
:BasicsTransformerLM.layers.24.attn,PushPop,30,30,1,1,135999,135999.0,135999.0,135999,135999,0.0,"void at::native::reduce_kernel<(int)512, (int)1, at::native::ReduceOp<float, at::native::MaxOps<float>, unsigned int, float, (int)4, (int)4>>(T3)"
:BasicsTransformerLM.layers.24.attn,PushPop,30,30,1,1,101440,101440.0,101440.0,101440,101440,0.0,"void at::native::reduce_kernel<(int)512, (int)1, at::native::ReduceOp<float, at::native::func_wrapper_t<float, at::native::sum_functor<float, float, float>::operator ()(at::TensorIterator &)::[lambda(float, float) (instance 1)]>, unsigned int, float, (int)4, (int)4>>(T3)"
:BasicsTransformerLM.layers.24.attn,PushPop,30,30,1,8,66687,8335.9,7711.5,7360,10656,1346.2,"void at::native::elementwise_kernel<(int)128, (int)2, void at::native::gpu_kernel_impl_nocast<at::native::BinaryFunctor<float, float, float, at::native::binary_internal::MulFunctor<float>>>(at::TensorIteratorBase &, const T1 &)::[lambda(int) (instance 1)]>(int, T3)"
:BasicsTransformerLM.layers.24.attn,PushPop,30,30,1,2,55168,27584.0,27584.0,27552,27616,45.3,"void at::native::<unnamed>::CatArrayBatchedCopy<at::native::<unnamed>::OpaqueType<(unsigned int)4>, unsigned int, (int)4, (int)64, (int)64>(T1 *, at::native::<unnamed>::CatArrInputTensorMetadata<T1, T2, T4, T5>, at::native::<unnamed>::TensorSizeStride<T2, (unsigned int)4>, int, T2)"
:BasicsTransformerLM.layers.24.attn,PushPop,30,30,1,4,15904,3976.0,3968.0,3936,4032,40.3,"void at::native::vectorized_elementwise_kernel<(int)4, at::native::CUDAFunctor_add<float>, std::array<char *, (unsigned long)3>>(int, T2, T3)"
:BasicsTransformerLM.layers.24.attn,PushPop,30,30,1,1,14848,14848.0,14848.0,14848,14848,0.0,"void at::native::elementwise_kernel<(int)128, (int)2, void at::native::gpu_kernel_impl_nocast<at::native::direct_copy_kernel_cuda(at::TensorIteratorBase &)::[lambda() (instance 3)]::operator ()() const::[lambda() (instance 7)]::operator ()() const::[lambda(float) (instance 1)]>(at::TensorIteratorBase &, const T1 &)::[lambda(int) (instance 1)]>(int, T3)"
:BasicsTransformerLM.layers.24.attn,PushPop,30,30,1,1,8800,8800.0,8800.0,8800,8800,0.0,"void at::native::elementwise_kernel<(int)128, (int)4, void at::native::gpu_kernel_impl_nocast<at::native::<unnamed>::CompareFunctor<long>>(at::TensorIteratorBase &, const T1 &)::[lambda(int) (instance 1)]>(int, T3)"
:BasicsTransformerLM.layers.24.attn,PushPop,30,30,1,1,1184,1184.0,1184.0,1184,1184,0.0,"void <unnamed>::elementwise_kernel_with_index<int, at::native::arange_cuda_out(const c10::Scalar &, const c10::Scalar &, const c10::Scalar &, at::Tensor &)::[lambda() (instance 1)]::operator ()() const::[lambda() (instance 4)]::operator ()() const::[lambda(long) (instance 1)]>(T1, T2, function_traits<T2>::result_type *)"
:BasicsTransformerLM.layers.24.attn,PushPop,30,30,1,1,1024,1024.0,1024.0,1024,1024,0.0,"void at::native::vectorized_elementwise_kernel<(int)4, at::native::FillFunctor<float>, std::array<char *, (unsigned long)1>>(int, T2, T3)"
:BasicsTransformerLM.layers.24.attn.k_proj,PushPop,30,30,1,1,508958,508958.0,508958.0,508958,508958,0.0,cutlass3x_sm100_simt_sgemm_f32_f32_f32_f32_f32_128x64x16_1x1x1_3_tnn_align1_bias_f32_relu
:BasicsTransformerLM.layers.24.attn.output_proj,PushPop,30,30,1,1,607997,607997.0,607997.0,607997,607997,0.0,cutlass3x_sm100_simt_sgemm_f32_f32_f32_f32_f32_128x64x16_1x1x1_3_tnn_align1_bias_f32_relu
:BasicsTransformerLM.layers.24.attn.q_proj,PushPop,30,30,1,1,507261,507261.0,507261.0,507261,507261,0.0,cutlass3x_sm100_simt_sgemm_f32_f32_f32_f32_f32_128x64x16_1x1x1_3_tnn_align1_bias_f32_relu
:BasicsTransformerLM.layers.24.attn.v_proj,PushPop,30,30,1,1,508925,508925.0,508925.0,508925,508925,0.0,cutlass3x_sm100_simt_sgemm_f32_f32_f32_f32_f32_128x64x16_1x1x1_3_tnn_align1_bias_f32_relu
:BasicsTransformerLM.layers.24.ffn,PushPop,30,30,1,2,3825581,1912790.5,1912790.5,1911318,1914263,2082.4,cutlass3x_sm100_simt_sgemm_f32_f32_f32_f32_f32_128x128x16_1x1x1_3_tnn_align1_bias_f32_relu
:BasicsTransformerLM.layers.24.ffn,PushPop,30,30,1,1,1989910,1989910.0,1989910.0,1989910,1989910,0.0,cutlass3x_sm100_simt_sgemm_f32_f32_f32_f32_f32_64x64x16_1x1x1_3_tnn_align1_bias_f32_relu
:BasicsTransformerLM.layers.24.ffn,PushPop,30,30,1,2,71360,35680.0,35680.0,32960,38400,3846.7,"void at::native::vectorized_elementwise_kernel<(int)4, at::native::BinaryFunctor<float, float, float, at::native::binary_internal::MulFunctor<float>>, std::array<char *, (unsigned long)3>>(int, T2, T3)"
:BasicsTransformerLM.layers.24.ffn,PushPop,30,30,1,1,21824,21824.0,21824.0,21824,21824,0.0,"void at::native::vectorized_elementwise_kernel<(int)4, at::native::sigmoid_kernel_cuda(at::TensorIteratorBase &)::[lambda() (instance 2)]::operator ()() const::[lambda() (instance 2)]::operator ()() const::[lambda(float) (instance 1)], std::array<char *, (unsigned long)2>>(int, T2, T3)"
:BasicsTransformerLM.layers.24.ffn.w1,PushPop,30,30,1,1,1914263,1914263.0,1914263.0,1914263,1914263,0.0,cutlass3x_sm100_simt_sgemm_f32_f32_f32_f32_f32_128x128x16_1x1x1_3_tnn_align1_bias_f32_relu
:BasicsTransformerLM.layers.24.ffn.w2,PushPop,30,30,1,1,1989910,1989910.0,1989910.0,1989910,1989910,0.0,cutlass3x_sm100_simt_sgemm_f32_f32_f32_f32_f32_64x64x16_1x1x1_3_tnn_align1_bias_f32_relu
:BasicsTransformerLM.layers.24.ffn.w3,PushPop,30,30,1,1,1911318,1911318.0,1911318.0,1911318,1911318,0.0,cutlass3x_sm100_simt_sgemm_f32_f32_f32_f32_f32_128x128x16_1x1x1_3_tnn_align1_bias_f32_relu
:BasicsTransformerLM.layers.24.ln1,PushPop,30,30,1,2,25440,12720.0,12720.0,12704,12736,22.6,"void at::native::elementwise_kernel<(int)128, (int)2, void at::native::gpu_kernel_impl_nocast<at::native::BinaryFunctor<float, float, float, at::native::binary_internal::MulFunctor<float>>>(at::TensorIteratorBase &, const T1 &)::[lambda(int) (instance 1)]>(int, T3)"
:BasicsTransformerLM.layers.24.ln1,PushPop,30,30,1,1,9120,9120.0,9120.0,9120,9120,0.0,"void at::native::reduce_kernel<(int)512, (int)1, at::native::ReduceOp<float, at::native::MeanOps<float, float, float, float>, unsigned int, float, (int)4, (int)4>>(T3)"
:BasicsTransformerLM.layers.24.ln1,PushPop,30,30,1,1,5152,5152.0,5152.0,5152,5152,0.0,"void at::native::vectorized_elementwise_kernel<(int)4, void at::native::<unnamed>::pow_tensor_scalar_kernel_impl<float, float>(at::TensorIteratorBase &, T2)::[lambda(float) (instance 1)], std::array<char *, (unsigned long)2>>(int, T2, T3)"
:BasicsTransformerLM.layers.24.ln1,PushPop,30,30,1,1,1536,1536.0,1536.0,1536,1536,0.0,"void at::native::vectorized_elementwise_kernel<(int)4, at::native::CUDAFunctorOnSelf_add<float>, std::array<char *, (unsigned long)2>>(int, T2, T3)"
:BasicsTransformerLM.layers.24.ln1,PushPop,30,30,1,1,1440,1440.0,1440.0,1440,1440,0.0,"void at::native::vectorized_elementwise_kernel<(int)4, at::native::rsqrt_kernel_cuda(at::TensorIteratorBase &)::[lambda() (instance 2)]::operator ()() const::[lambda() (instance 2)]::operator ()() const::[lambda(float) (instance 1)], std::array<char *, (unsigned long)2>>(int, T2, T3)"
:BasicsTransformerLM.layers.24.ln2,PushPop,30,30,1,2,25375,12687.5,12687.5,12671,12704,23.3,"void at::native::elementwise_kernel<(int)128, (int)2, void at::native::gpu_kernel_impl_nocast<at::native::BinaryFunctor<float, float, float, at::native::binary_internal::MulFunctor<float>>>(at::TensorIteratorBase &, const T1 &)::[lambda(int) (instance 1)]>(int, T3)"
:BasicsTransformerLM.layers.24.ln2,PushPop,30,30,1,1,9216,9216.0,9216.0,9216,9216,0.0,"void at::native::reduce_kernel<(int)512, (int)1, at::native::ReduceOp<float, at::native::MeanOps<float, float, float, float>, unsigned int, float, (int)4, (int)4>>(T3)"
:BasicsTransformerLM.layers.24.ln2,PushPop,30,30,1,1,5440,5440.0,5440.0,5440,5440,0.0,"void at::native::vectorized_elementwise_kernel<(int)4, void at::native::<unnamed>::pow_tensor_scalar_kernel_impl<float, float>(at::TensorIteratorBase &, T2)::[lambda(float) (instance 1)], std::array<char *, (unsigned long)2>>(int, T2, T3)"
:BasicsTransformerLM.layers.24.ln2,PushPop,30,30,1,1,1632,1632.0,1632.0,1632,1632,0.0,"void at::native::vectorized_elementwise_kernel<(int)4, at::native::CUDAFunctorOnSelf_add<float>, std::array<char *, (unsigned long)2>>(int, T2, T3)"
:BasicsTransformerLM.layers.24.ln2,PushPop,30,30,1,1,1536,1536.0,1536.0,1536,1536,0.0,"void at::native::vectorized_elementwise_kernel<(int)4, at::native::rsqrt_kernel_cuda(at::TensorIteratorBase &)::[lambda() (instance 2)]::operator ()() const::[lambda() (instance 2)]::operator ()() const::[lambda(float) (instance 1)], std::array<char *, (unsigned long)2>>(int, T2, T3)"
:BasicsTransformerLM.layers.25,PushPop,30,30,1,3,4388298,1462766.0,1911862.0,564253,1912183,778135.1,cutlass3x_sm100_simt_sgemm_f32_f32_f32_f32_f32_128x128x16_1x1x1_3_tnn_align1_bias_f32_relu
:BasicsTransformerLM.layers.25,PushPop,30,30,1,4,2042551,510637.8,509997.5,507486,515070,3288.0,cutlass3x_sm100_simt_sgemm_f32_f32_f32_f32_f32_128x64x16_1x1x1_3_tnn_align1_bias_f32_relu
:BasicsTransformerLM.layers.25,PushPop,30,30,1,1,1992214,1992214.0,1992214.0,1992214,1992214,0.0,cutlass3x_sm100_simt_sgemm_f32_f32_f32_f32_f32_64x64x16_1x1x1_3_tnn_align1_bias_f32_relu
:BasicsTransformerLM.layers.25,PushPop,30,30,1,1,545918,545918.0,545918.0,545918,545918,0.0,cutlass3x_sm100_simt_sgemm_f32_f32_f32_f32_f32_32x64x16_1x1x1_3_nnn_align1_bias_f32_relu
:BasicsTransformerLM.layers.25,PushPop,30,30,1,1,415774,415774.0,415774.0,415774,415774,0.0,"void at::native::elementwise_kernel<(int)128, (int)2, void at::native::gpu_kernel_impl_nocast<at::native::BinaryFunctor<float, float, float, at::native::binary_internal::DivFunctor<float>>>(at::TensorIteratorBase &, const T1 &)::[lambda(int) (instance 1)]>(int, T3)"
:BasicsTransformerLM.layers.25,PushPop,30,30,1,1,365342,365342.0,365342.0,365342,365342,0.0,"void at::native::elementwise_kernel<(int)128, (int)2, void at::native::gpu_kernel_impl_nocast<at::native::<unnamed>::where_kernel_impl(at::TensorIterator &)::[lambda() (instance 1)]::operator ()() const::[lambda() (instance 11)]::operator ()() const::[lambda(bool, float, float) (instance 1)]>(at::TensorIteratorBase &, const T1 &)::[lambda(int) (instance 1)]>(int, T3)"
:BasicsTransformerLM.layers.25,PushPop,30,30,1,1,361662,361662.0,361662.0,361662,361662,0.0,"void at::native::elementwise_kernel<(int)128, (int)2, void at::native::gpu_kernel_impl_nocast<at::native::CUDAFunctor_add<float>>(at::TensorIteratorBase &, const T1 &)::[lambda(int) (instance 1)]>(int, T3)"
:BasicsTransformerLM.layers.25,PushPop,30,30,1,1,157631,157631.0,157631.0,157631,157631,0.0,"void at::native::vectorized_elementwise_kernel<(int)4, at::native::BUnaryFunctor<float, float, float, at::native::binary_internal::MulFunctor<float>>, std::array<char *, (unsigned long)2>>(int, T2, T3)"
:BasicsTransformerLM.layers.25,PushPop,30,30,1,1,154431,154431.0,154431.0,154431,154431,0.0,"void at::native::vectorized_elementwise_kernel<(int)4, at::native::exp_kernel_cuda(at::TensorIteratorBase &)::[lambda() (instance 2)]::operator ()() const::[lambda() (instance 2)]::operator ()() const::[lambda(float) (instance 1)], std::array<char *, (unsigned long)2>>(int, T2, T3)"
:BasicsTransformerLM.layers.25,PushPop,30,30,1,1,135392,135392.0,135392.0,135392,135392,0.0,"void at::native::reduce_kernel<(int)512, (int)1, at::native::ReduceOp<float, at::native::MaxOps<float>, unsigned int, float, (int)4, (int)4>>(T3)"
:BasicsTransformerLM.layers.25,PushPop,30,30,1,12,117470,9789.2,9088.0,7488,12736,2336.5,"void at::native::elementwise_kernel<(int)128, (int)2, void at::native::gpu_kernel_impl_nocast<at::native::BinaryFunctor<float, float, float, at::native::binary_internal::MulFunctor<float>>>(at::TensorIteratorBase &, const T1 &)::[lambda(int) (instance 1)]>(int, T3)"
:BasicsTransformerLM.layers.25,PushPop,30,30,1,1,101343,101343.0,101343.0,101343,101343,0.0,"void at::native::reduce_kernel<(int)512, (int)1, at::native::ReduceOp<float, at::native::func_wrapper_t<float, at::native::sum_functor<float, float, float>::operator ()(at::TensorIterator &)::[lambda(float, float) (instance 1)]>, unsigned int, float, (int)4, (int)4>>(T3)"
:BasicsTransformerLM.layers.25,PushPop,30,30,1,2,70752,35376.0,35376.0,32832,37920,3597.8,"void at::native::vectorized_elementwise_kernel<(int)4, at::native::BinaryFunctor<float, float, float, at::native::binary_internal::MulFunctor<float>>, std::array<char *, (unsigned long)3>>(int, T2, T3)"
:BasicsTransformerLM.layers.25,PushPop,30,30,1,2,55008,27504.0,27504.0,27232,27776,384.7,"void at::native::<unnamed>::CatArrayBatchedCopy<at::native::<unnamed>::OpaqueType<(unsigned int)4>, unsigned int, (int)4, (int)64, (int)64>(T1 *, at::native::<unnamed>::CatArrInputTensorMetadata<T1, T2, T4, T5>, at::native::<unnamed>::TensorSizeStride<T2, (unsigned int)4>, int, T2)"
:BasicsTransformerLM.layers.25,PushPop,30,30,1,6,32768,5461.3,4096.0,3904,8960,2284.2,"void at::native::vectorized_elementwise_kernel<(int)4, at::native::CUDAFunctor_add<float>, std::array<char *, (unsigned long)3>>(int, T2, T3)"
:BasicsTransformerLM.layers.25,PushPop,30,30,1,1,21920,21920.0,21920.0,21920,21920,0.0,"void at::native::vectorized_elementwise_kernel<(int)4, at::native::sigmoid_kernel_cuda(at::TensorIteratorBase &)::[lambda() (instance 2)]::operator ()() const::[lambda() (instance 2)]::operator ()() const::[lambda(float) (instance 1)], std::array<char *, (unsigned long)2>>(int, T2, T3)"
:BasicsTransformerLM.layers.25,PushPop,30,30,1,2,18304,9152.0,9152.0,9152,9152,0.0,"void at::native::reduce_kernel<(int)512, (int)1, at::native::ReduceOp<float, at::native::MeanOps<float, float, float, float>, unsigned int, float, (int)4, (int)4>>(T3)"
:BasicsTransformerLM.layers.25,PushPop,30,30,1,1,15135,15135.0,15135.0,15135,15135,0.0,"void at::native::elementwise_kernel<(int)128, (int)2, void at::native::gpu_kernel_impl_nocast<at::native::direct_copy_kernel_cuda(at::TensorIteratorBase &)::[lambda() (instance 3)]::operator ()() const::[lambda() (instance 7)]::operator ()() const::[lambda(float) (instance 1)]>(at::TensorIteratorBase &, const T1 &)::[lambda(int) (instance 1)]>(int, T3)"
:BasicsTransformerLM.layers.25,PushPop,30,30,1,2,10208,5104.0,5104.0,5088,5120,22.6,"void at::native::vectorized_elementwise_kernel<(int)4, void at::native::<unnamed>::pow_tensor_scalar_kernel_impl<float, float>(at::TensorIteratorBase &, T2)::[lambda(float) (instance 1)], std::array<char *, (unsigned long)2>>(int, T2, T3)"
:BasicsTransformerLM.layers.25,PushPop,30,30,1,1,8640,8640.0,8640.0,8640,8640,0.0,"void at::native::elementwise_kernel<(int)128, (int)4, void at::native::gpu_kernel_impl_nocast<at::native::<unnamed>::CompareFunctor<long>>(at::TensorIteratorBase &, const T1 &)::[lambda(int) (instance 1)]>(int, T3)"
:BasicsTransformerLM.layers.25,PushPop,30,30,1,2,3136,1568.0,1568.0,1568,1568,0.0,"void at::native::vectorized_elementwise_kernel<(int)4, at::native::CUDAFunctorOnSelf_add<float>, std::array<char *, (unsigned long)2>>(int, T2, T3)"
:BasicsTransformerLM.layers.25,PushPop,30,30,1,2,2912,1456.0,1456.0,1440,1472,22.6,"void at::native::vectorized_elementwise_kernel<(int)4, at::native::rsqrt_kernel_cuda(at::TensorIteratorBase &)::[lambda() (instance 2)]::operator ()() const::[lambda() (instance 2)]::operator ()() const::[lambda(float) (instance 1)], std::array<char *, (unsigned long)2>>(int, T2, T3)"
:BasicsTransformerLM.layers.25,PushPop,30,30,1,1,1184,1184.0,1184.0,1184,1184,0.0,"void <unnamed>::elementwise_kernel_with_index<int, at::native::arange_cuda_out(const c10::Scalar &, const c10::Scalar &, const c10::Scalar &, at::Tensor &)::[lambda() (instance 1)]::operator ()() const::[lambda() (instance 4)]::operator ()() const::[lambda(long) (instance 1)]>(T1, T2, function_traits<T2>::result_type *)"
:BasicsTransformerLM.layers.25,PushPop,30,30,1,1,992,992.0,992.0,992,992,0.0,"void at::native::vectorized_elementwise_kernel<(int)4, at::native::FillFunctor<float>, std::array<char *, (unsigned long)1>>(int, T2, T3)"
:BasicsTransformerLM.layers.25.attn,PushPop,30,30,1,4,2042551,510637.8,509997.5,507486,515070,3288.0,cutlass3x_sm100_simt_sgemm_f32_f32_f32_f32_f32_128x64x16_1x1x1_3_tnn_align1_bias_f32_relu
:BasicsTransformerLM.layers.25.attn,PushPop,30,30,1,1,564253,564253.0,564253.0,564253,564253,0.0,cutlass3x_sm100_simt_sgemm_f32_f32_f32_f32_f32_128x128x16_1x1x1_3_tnn_align1_bias_f32_relu
:BasicsTransformerLM.layers.25.attn,PushPop,30,30,1,1,545918,545918.0,545918.0,545918,545918,0.0,cutlass3x_sm100_simt_sgemm_f32_f32_f32_f32_f32_32x64x16_1x1x1_3_nnn_align1_bias_f32_relu
:BasicsTransformerLM.layers.25.attn,PushPop,30,30,1,1,415774,415774.0,415774.0,415774,415774,0.0,"void at::native::elementwise_kernel<(int)128, (int)2, void at::native::gpu_kernel_impl_nocast<at::native::BinaryFunctor<float, float, float, at::native::binary_internal::DivFunctor<float>>>(at::TensorIteratorBase &, const T1 &)::[lambda(int) (instance 1)]>(int, T3)"
:BasicsTransformerLM.layers.25.attn,PushPop,30,30,1,1,365342,365342.0,365342.0,365342,365342,0.0,"void at::native::elementwise_kernel<(int)128, (int)2, void at::native::gpu_kernel_impl_nocast<at::native::<unnamed>::where_kernel_impl(at::TensorIterator &)::[lambda() (instance 1)]::operator ()() const::[lambda() (instance 11)]::operator ()() const::[lambda(bool, float, float) (instance 1)]>(at::TensorIteratorBase &, const T1 &)::[lambda(int) (instance 1)]>(int, T3)"
:BasicsTransformerLM.layers.25.attn,PushPop,30,30,1,1,361662,361662.0,361662.0,361662,361662,0.0,"void at::native::elementwise_kernel<(int)128, (int)2, void at::native::gpu_kernel_impl_nocast<at::native::CUDAFunctor_add<float>>(at::TensorIteratorBase &, const T1 &)::[lambda(int) (instance 1)]>(int, T3)"
:BasicsTransformerLM.layers.25.attn,PushPop,30,30,1,1,157631,157631.0,157631.0,157631,157631,0.0,"void at::native::vectorized_elementwise_kernel<(int)4, at::native::BUnaryFunctor<float, float, float, at::native::binary_internal::MulFunctor<float>>, std::array<char *, (unsigned long)2>>(int, T2, T3)"
:BasicsTransformerLM.layers.25.attn,PushPop,30,30,1,1,154431,154431.0,154431.0,154431,154431,0.0,"void at::native::vectorized_elementwise_kernel<(int)4, at::native::exp_kernel_cuda(at::TensorIteratorBase &)::[lambda() (instance 2)]::operator ()() const::[lambda() (instance 2)]::operator ()() const::[lambda(float) (instance 1)], std::array<char *, (unsigned long)2>>(int, T2, T3)"
:BasicsTransformerLM.layers.25.attn,PushPop,30,30,1,1,135392,135392.0,135392.0,135392,135392,0.0,"void at::native::reduce_kernel<(int)512, (int)1, at::native::ReduceOp<float, at::native::MaxOps<float>, unsigned int, float, (int)4, (int)4>>(T3)"
:BasicsTransformerLM.layers.25.attn,PushPop,30,30,1,1,101343,101343.0,101343.0,101343,101343,0.0,"void at::native::reduce_kernel<(int)512, (int)1, at::native::ReduceOp<float, at::native::func_wrapper_t<float, at::native::sum_functor<float, float, float>::operator ()(at::TensorIterator &)::[lambda(float, float) (instance 1)]>, unsigned int, float, (int)4, (int)4>>(T3)"
:BasicsTransformerLM.layers.25.attn,PushPop,30,30,1,8,66719,8339.9,7792.0,7488,10240,1173.2,"void at::native::elementwise_kernel<(int)128, (int)2, void at::native::gpu_kernel_impl_nocast<at::native::BinaryFunctor<float, float, float, at::native::binary_internal::MulFunctor<float>>>(at::TensorIteratorBase &, const T1 &)::[lambda(int) (instance 1)]>(int, T3)"
:BasicsTransformerLM.layers.25.attn,PushPop,30,30,1,2,55008,27504.0,27504.0,27232,27776,384.7,"void at::native::<unnamed>::CatArrayBatchedCopy<at::native::<unnamed>::OpaqueType<(unsigned int)4>, unsigned int, (int)4, (int)64, (int)64>(T1 *, at::native::<unnamed>::CatArrInputTensorMetadata<T1, T2, T4, T5>, at::native::<unnamed>::TensorSizeStride<T2, (unsigned int)4>, int, T2)"
:BasicsTransformerLM.layers.25.attn,PushPop,30,30,1,4,16032,4008.0,3984.0,3904,4160,115.0,"void at::native::vectorized_elementwise_kernel<(int)4, at::native::CUDAFunctor_add<float>, std::array<char *, (unsigned long)3>>(int, T2, T3)"
:BasicsTransformerLM.layers.25.attn,PushPop,30,30,1,1,15135,15135.0,15135.0,15135,15135,0.0,"void at::native::elementwise_kernel<(int)128, (int)2, void at::native::gpu_kernel_impl_nocast<at::native::direct_copy_kernel_cuda(at::TensorIteratorBase &)::[lambda() (instance 3)]::operator ()() const::[lambda() (instance 7)]::operator ()() const::[lambda(float) (instance 1)]>(at::TensorIteratorBase &, const T1 &)::[lambda(int) (instance 1)]>(int, T3)"
:BasicsTransformerLM.layers.25.attn,PushPop,30,30,1,1,8640,8640.0,8640.0,8640,8640,0.0,"void at::native::elementwise_kernel<(int)128, (int)4, void at::native::gpu_kernel_impl_nocast<at::native::<unnamed>::CompareFunctor<long>>(at::TensorIteratorBase &, const T1 &)::[lambda(int) (instance 1)]>(int, T3)"
:BasicsTransformerLM.layers.25.attn,PushPop,30,30,1,1,1184,1184.0,1184.0,1184,1184,0.0,"void <unnamed>::elementwise_kernel_with_index<int, at::native::arange_cuda_out(const c10::Scalar &, const c10::Scalar &, const c10::Scalar &, at::Tensor &)::[lambda() (instance 1)]::operator ()() const::[lambda() (instance 4)]::operator ()() const::[lambda(long) (instance 1)]>(T1, T2, function_traits<T2>::result_type *)"
:BasicsTransformerLM.layers.25.attn,PushPop,30,30,1,1,992,992.0,992.0,992,992,0.0,"void at::native::vectorized_elementwise_kernel<(int)4, at::native::FillFunctor<float>, std::array<char *, (unsigned long)1>>(int, T2, T3)"
:BasicsTransformerLM.layers.25.attn.k_proj,PushPop,30,30,1,1,508989,508989.0,508989.0,508989,508989,0.0,cutlass3x_sm100_simt_sgemm_f32_f32_f32_f32_f32_128x64x16_1x1x1_3_tnn_align1_bias_f32_relu
:BasicsTransformerLM.layers.25.attn.output_proj,PushPop,30,30,1,1,515070,515070.0,515070.0,515070,515070,0.0,cutlass3x_sm100_simt_sgemm_f32_f32_f32_f32_f32_128x64x16_1x1x1_3_tnn_align1_bias_f32_relu
:BasicsTransformerLM.layers.25.attn.q_proj,PushPop,30,30,1,1,507486,507486.0,507486.0,507486,507486,0.0,cutlass3x_sm100_simt_sgemm_f32_f32_f32_f32_f32_128x64x16_1x1x1_3_tnn_align1_bias_f32_relu
:BasicsTransformerLM.layers.25.attn.v_proj,PushPop,30,30,1,1,511006,511006.0,511006.0,511006,511006,0.0,cutlass3x_sm100_simt_sgemm_f32_f32_f32_f32_f32_128x64x16_1x1x1_3_tnn_align1_bias_f32_relu
:BasicsTransformerLM.layers.25.ffn,PushPop,30,30,1,2,3824045,1912022.5,1912022.5,1911862,1912183,227.0,cutlass3x_sm100_simt_sgemm_f32_f32_f32_f32_f32_128x128x16_1x1x1_3_tnn_align1_bias_f32_relu
:BasicsTransformerLM.layers.25.ffn,PushPop,30,30,1,1,1992214,1992214.0,1992214.0,1992214,1992214,0.0,cutlass3x_sm100_simt_sgemm_f32_f32_f32_f32_f32_64x64x16_1x1x1_3_tnn_align1_bias_f32_relu
:BasicsTransformerLM.layers.25.ffn,PushPop,30,30,1,2,70752,35376.0,35376.0,32832,37920,3597.8,"void at::native::vectorized_elementwise_kernel<(int)4, at::native::BinaryFunctor<float, float, float, at::native::binary_internal::MulFunctor<float>>, std::array<char *, (unsigned long)3>>(int, T2, T3)"
:BasicsTransformerLM.layers.25.ffn,PushPop,30,30,1,1,21920,21920.0,21920.0,21920,21920,0.0,"void at::native::vectorized_elementwise_kernel<(int)4, at::native::sigmoid_kernel_cuda(at::TensorIteratorBase &)::[lambda() (instance 2)]::operator ()() const::[lambda() (instance 2)]::operator ()() const::[lambda(float) (instance 1)], std::array<char *, (unsigned long)2>>(int, T2, T3)"
:BasicsTransformerLM.layers.25.ffn.w1,PushPop,30,30,1,1,1912183,1912183.0,1912183.0,1912183,1912183,0.0,cutlass3x_sm100_simt_sgemm_f32_f32_f32_f32_f32_128x128x16_1x1x1_3_tnn_align1_bias_f32_relu
:BasicsTransformerLM.layers.25.ffn.w2,PushPop,30,30,1,1,1992214,1992214.0,1992214.0,1992214,1992214,0.0,cutlass3x_sm100_simt_sgemm_f32_f32_f32_f32_f32_64x64x16_1x1x1_3_tnn_align1_bias_f32_relu
:BasicsTransformerLM.layers.25.ffn.w3,PushPop,30,30,1,1,1911862,1911862.0,1911862.0,1911862,1911862,0.0,cutlass3x_sm100_simt_sgemm_f32_f32_f32_f32_f32_128x128x16_1x1x1_3_tnn_align1_bias_f32_relu
:BasicsTransformerLM.layers.25.ln1,PushPop,30,30,1,2,25407,12703.5,12703.5,12671,12736,46.0,"void at::native::elementwise_kernel<(int)128, (int)2, void at::native::gpu_kernel_impl_nocast<at::native::BinaryFunctor<float, float, float, at::native::binary_internal::MulFunctor<float>>>(at::TensorIteratorBase &, const T1 &)::[lambda(int) (instance 1)]>(int, T3)"
:BasicsTransformerLM.layers.25.ln1,PushPop,30,30,1,1,9152,9152.0,9152.0,9152,9152,0.0,"void at::native::reduce_kernel<(int)512, (int)1, at::native::ReduceOp<float, at::native::MeanOps<float, float, float, float>, unsigned int, float, (int)4, (int)4>>(T3)"
:BasicsTransformerLM.layers.25.ln1,PushPop,30,30,1,1,5120,5120.0,5120.0,5120,5120,0.0,"void at::native::vectorized_elementwise_kernel<(int)4, void at::native::<unnamed>::pow_tensor_scalar_kernel_impl<float, float>(at::TensorIteratorBase &, T2)::[lambda(float) (instance 1)], std::array<char *, (unsigned long)2>>(int, T2, T3)"
:BasicsTransformerLM.layers.25.ln1,PushPop,30,30,1,1,1568,1568.0,1568.0,1568,1568,0.0,"void at::native::vectorized_elementwise_kernel<(int)4, at::native::CUDAFunctorOnSelf_add<float>, std::array<char *, (unsigned long)2>>(int, T2, T3)"
:BasicsTransformerLM.layers.25.ln1,PushPop,30,30,1,1,1472,1472.0,1472.0,1472,1472,0.0,"void at::native::vectorized_elementwise_kernel<(int)4, at::native::rsqrt_kernel_cuda(at::TensorIteratorBase &)::[lambda() (instance 2)]::operator ()() const::[lambda() (instance 2)]::operator ()() const::[lambda(float) (instance 1)], std::array<char *, (unsigned long)2>>(int, T2, T3)"
:BasicsTransformerLM.layers.25.ln2,PushPop,30,30,1,2,25344,12672.0,12672.0,12672,12672,0.0,"void at::native::elementwise_kernel<(int)128, (int)2, void at::native::gpu_kernel_impl_nocast<at::native::BinaryFunctor<float, float, float, at::native::binary_internal::MulFunctor<float>>>(at::TensorIteratorBase &, const T1 &)::[lambda(int) (instance 1)]>(int, T3)"
:BasicsTransformerLM.layers.25.ln2,PushPop,30,30,1,1,9152,9152.0,9152.0,9152,9152,0.0,"void at::native::reduce_kernel<(int)512, (int)1, at::native::ReduceOp<float, at::native::MeanOps<float, float, float, float>, unsigned int, float, (int)4, (int)4>>(T3)"
:BasicsTransformerLM.layers.25.ln2,PushPop,30,30,1,1,5088,5088.0,5088.0,5088,5088,0.0,"void at::native::vectorized_elementwise_kernel<(int)4, void at::native::<unnamed>::pow_tensor_scalar_kernel_impl<float, float>(at::TensorIteratorBase &, T2)::[lambda(float) (instance 1)], std::array<char *, (unsigned long)2>>(int, T2, T3)"
:BasicsTransformerLM.layers.25.ln2,PushPop,30,30,1,1,1568,1568.0,1568.0,1568,1568,0.0,"void at::native::vectorized_elementwise_kernel<(int)4, at::native::CUDAFunctorOnSelf_add<float>, std::array<char *, (unsigned long)2>>(int, T2, T3)"
:BasicsTransformerLM.layers.25.ln2,PushPop,30,30,1,1,1440,1440.0,1440.0,1440,1440,0.0,"void at::native::vectorized_elementwise_kernel<(int)4, at::native::rsqrt_kernel_cuda(at::TensorIteratorBase &)::[lambda() (instance 2)]::operator ()() const::[lambda() (instance 2)]::operator ()() const::[lambda(float) (instance 1)], std::array<char *, (unsigned long)2>>(int, T2, T3)"
:BasicsTransformerLM.layers.26,PushPop,30,30,1,3,4391593,1463864.3,1911638.0,567645,1912310,776148.8,cutlass3x_sm100_simt_sgemm_f32_f32_f32_f32_f32_128x128x16_1x1x1_3_tnn_align1_bias_f32_relu
:BasicsTransformerLM.layers.26,PushPop,30,30,1,4,2035735,508933.8,508157.5,506814,512606,2551.4,cutlass3x_sm100_simt_sgemm_f32_f32_f32_f32_f32_128x64x16_1x1x1_3_tnn_align1_bias_f32_relu
:BasicsTransformerLM.layers.26,PushPop,30,30,1,1,1989078,1989078.0,1989078.0,1989078,1989078,0.0,cutlass3x_sm100_simt_sgemm_f32_f32_f32_f32_f32_64x64x16_1x1x1_3_tnn_align1_bias_f32_relu
:BasicsTransformerLM.layers.26,PushPop,30,30,1,1,546174,546174.0,546174.0,546174,546174,0.0,cutlass3x_sm100_simt_sgemm_f32_f32_f32_f32_f32_32x64x16_1x1x1_3_nnn_align1_bias_f32_relu
:BasicsTransformerLM.layers.26,PushPop,30,30,1,1,416414,416414.0,416414.0,416414,416414,0.0,"void at::native::elementwise_kernel<(int)128, (int)2, void at::native::gpu_kernel_impl_nocast<at::native::BinaryFunctor<float, float, float, at::native::binary_internal::DivFunctor<float>>>(at::TensorIteratorBase &, const T1 &)::[lambda(int) (instance 1)]>(int, T3)"
:BasicsTransformerLM.layers.26,PushPop,30,30,1,1,365342,365342.0,365342.0,365342,365342,0.0,"void at::native::elementwise_kernel<(int)128, (int)2, void at::native::gpu_kernel_impl_nocast<at::native::<unnamed>::where_kernel_impl(at::TensorIterator &)::[lambda() (instance 1)]::operator ()() const::[lambda() (instance 11)]::operator ()() const::[lambda(bool, float, float) (instance 1)]>(at::TensorIteratorBase &, const T1 &)::[lambda(int) (instance 1)]>(int, T3)"
:BasicsTransformerLM.layers.26,PushPop,30,30,1,1,361438,361438.0,361438.0,361438,361438,0.0,"void at::native::elementwise_kernel<(int)128, (int)2, void at::native::gpu_kernel_impl_nocast<at::native::CUDAFunctor_add<float>>(at::TensorIteratorBase &, const T1 &)::[lambda(int) (instance 1)]>(int, T3)"
:BasicsTransformerLM.layers.26,PushPop,30,30,1,1,157823,157823.0,157823.0,157823,157823,0.0,"void at::native::vectorized_elementwise_kernel<(int)4, at::native::BUnaryFunctor<float, float, float, at::native::binary_internal::MulFunctor<float>>, std::array<char *, (unsigned long)2>>(int, T2, T3)"
:BasicsTransformerLM.layers.26,PushPop,30,30,1,1,153983,153983.0,153983.0,153983,153983,0.0,"void at::native::vectorized_elementwise_kernel<(int)4, at::native::exp_kernel_cuda(at::TensorIteratorBase &)::[lambda() (instance 2)]::operator ()() const::[lambda() (instance 2)]::operator ()() const::[lambda(float) (instance 1)], std::array<char *, (unsigned long)2>>(int, T2, T3)"
:BasicsTransformerLM.layers.26,PushPop,30,30,1,1,135488,135488.0,135488.0,135488,135488,0.0,"void at::native::reduce_kernel<(int)512, (int)1, at::native::ReduceOp<float, at::native::MaxOps<float>, unsigned int, float, (int)4, (int)4>>(T3)"
:BasicsTransformerLM.layers.26,PushPop,30,30,1,12,117406,9783.8,9056.0,7519,12768,2322.8,"void at::native::elementwise_kernel<(int)128, (int)2, void at::native::gpu_kernel_impl_nocast<at::native::BinaryFunctor<float, float, float, at::native::binary_internal::MulFunctor<float>>>(at::TensorIteratorBase &, const T1 &)::[lambda(int) (instance 1)]>(int, T3)"
:BasicsTransformerLM.layers.26,PushPop,30,30,1,1,101631,101631.0,101631.0,101631,101631,0.0,"void at::native::reduce_kernel<(int)512, (int)1, at::native::ReduceOp<float, at::native::func_wrapper_t<float, at::native::sum_functor<float, float, float>::operator ()(at::TensorIterator &)::[lambda(float, float) (instance 1)]>, unsigned int, float, (int)4, (int)4>>(T3)"
:BasicsTransformerLM.layers.26,PushPop,30,30,1,2,69856,34928.0,34928.0,32256,37600,3778.8,"void at::native::vectorized_elementwise_kernel<(int)4, at::native::BinaryFunctor<float, float, float, at::native::binary_internal::MulFunctor<float>>, std::array<char *, (unsigned long)3>>(int, T2, T3)"
:BasicsTransformerLM.layers.26,PushPop,30,30,1,2,54944,27472.0,27472.0,27392,27552,113.1,"void at::native::<unnamed>::CatArrayBatchedCopy<at::native::<unnamed>::OpaqueType<(unsigned int)4>, unsigned int, (int)4, (int)64, (int)64>(T1 *, at::native::<unnamed>::CatArrInputTensorMetadata<T1, T2, T4, T5>, at::native::<unnamed>::TensorSizeStride<T2, (unsigned int)4>, int, T2)"
:BasicsTransformerLM.layers.26,PushPop,30,30,1,6,32384,5397.3,4048.0,3904,8768,2207.0,"void at::native::vectorized_elementwise_kernel<(int)4, at::native::CUDAFunctor_add<float>, std::array<char *, (unsigned long)3>>(int, T2, T3)"
:BasicsTransformerLM.layers.26,PushPop,30,30,1,1,21824,21824.0,21824.0,21824,21824,0.0,"void at::native::vectorized_elementwise_kernel<(int)4, at::native::sigmoid_kernel_cuda(at::TensorIteratorBase &)::[lambda() (instance 2)]::operator ()() const::[lambda() (instance 2)]::operator ()() const::[lambda(float) (instance 1)], std::array<char *, (unsigned long)2>>(int, T2, T3)"
:BasicsTransformerLM.layers.26,PushPop,30,30,1,2,18432,9216.0,9216.0,9184,9248,45.3,"void at::native::reduce_kernel<(int)512, (int)1, at::native::ReduceOp<float, at::native::MeanOps<float, float, float, float>, unsigned int, float, (int)4, (int)4>>(T3)"
:BasicsTransformerLM.layers.26,PushPop,30,30,1,1,14943,14943.0,14943.0,14943,14943,0.0,"void at::native::elementwise_kernel<(int)128, (int)2, void at::native::gpu_kernel_impl_nocast<at::native::direct_copy_kernel_cuda(at::TensorIteratorBase &)::[lambda() (instance 3)]::operator ()() const::[lambda() (instance 7)]::operator ()() const::[lambda(float) (instance 1)]>(at::TensorIteratorBase &, const T1 &)::[lambda(int) (instance 1)]>(int, T3)"
:BasicsTransformerLM.layers.26,PushPop,30,30,1,2,10464,5232.0,5232.0,5088,5376,203.6,"void at::native::vectorized_elementwise_kernel<(int)4, void at::native::<unnamed>::pow_tensor_scalar_kernel_impl<float, float>(at::TensorIteratorBase &, T2)::[lambda(float) (instance 1)], std::array<char *, (unsigned long)2>>(int, T2, T3)"
:BasicsTransformerLM.layers.26,PushPop,30,30,1,1,8608,8608.0,8608.0,8608,8608,0.0,"void at::native::elementwise_kernel<(int)128, (int)4, void at::native::gpu_kernel_impl_nocast<at::native::<unnamed>::CompareFunctor<long>>(at::TensorIteratorBase &, const T1 &)::[lambda(int) (instance 1)]>(int, T3)"
:BasicsTransformerLM.layers.26,PushPop,30,30,1,2,3072,1536.0,1536.0,1536,1536,0.0,"void at::native::vectorized_elementwise_kernel<(int)4, at::native::CUDAFunctorOnSelf_add<float>, std::array<char *, (unsigned long)2>>(int, T2, T3)"
:BasicsTransformerLM.layers.26,PushPop,30,30,1,2,2912,1456.0,1456.0,1440,1472,22.6,"void at::native::vectorized_elementwise_kernel<(int)4, at::native::rsqrt_kernel_cuda(at::TensorIteratorBase &)::[lambda() (instance 2)]::operator ()() const::[lambda() (instance 2)]::operator ()() const::[lambda(float) (instance 1)], std::array<char *, (unsigned long)2>>(int, T2, T3)"
:BasicsTransformerLM.layers.26,PushPop,30,30,1,1,1152,1152.0,1152.0,1152,1152,0.0,"void <unnamed>::elementwise_kernel_with_index<int, at::native::arange_cuda_out(const c10::Scalar &, const c10::Scalar &, const c10::Scalar &, at::Tensor &)::[lambda() (instance 1)]::operator ()() const::[lambda() (instance 4)]::operator ()() const::[lambda(long) (instance 1)]>(T1, T2, function_traits<T2>::result_type *)"
:BasicsTransformerLM.layers.26,PushPop,30,30,1,1,1024,1024.0,1024.0,1024,1024,0.0,"void at::native::vectorized_elementwise_kernel<(int)4, at::native::FillFunctor<float>, std::array<char *, (unsigned long)1>>(int, T2, T3)"
:BasicsTransformerLM.layers.26.attn,PushPop,30,30,1,4,2035735,508933.8,508157.5,506814,512606,2551.4,cutlass3x_sm100_simt_sgemm_f32_f32_f32_f32_f32_128x64x16_1x1x1_3_tnn_align1_bias_f32_relu
:BasicsTransformerLM.layers.26.attn,PushPop,30,30,1,1,567645,567645.0,567645.0,567645,567645,0.0,cutlass3x_sm100_simt_sgemm_f32_f32_f32_f32_f32_128x128x16_1x1x1_3_tnn_align1_bias_f32_relu
:BasicsTransformerLM.layers.26.attn,PushPop,30,30,1,1,546174,546174.0,546174.0,546174,546174,0.0,cutlass3x_sm100_simt_sgemm_f32_f32_f32_f32_f32_32x64x16_1x1x1_3_nnn_align1_bias_f32_relu
:BasicsTransformerLM.layers.26.attn,PushPop,30,30,1,1,416414,416414.0,416414.0,416414,416414,0.0,"void at::native::elementwise_kernel<(int)128, (int)2, void at::native::gpu_kernel_impl_nocast<at::native::BinaryFunctor<float, float, float, at::native::binary_internal::DivFunctor<float>>>(at::TensorIteratorBase &, const T1 &)::[lambda(int) (instance 1)]>(int, T3)"
:BasicsTransformerLM.layers.26.attn,PushPop,30,30,1,1,365342,365342.0,365342.0,365342,365342,0.0,"void at::native::elementwise_kernel<(int)128, (int)2, void at::native::gpu_kernel_impl_nocast<at::native::<unnamed>::where_kernel_impl(at::TensorIterator &)::[lambda() (instance 1)]::operator ()() const::[lambda() (instance 11)]::operator ()() const::[lambda(bool, float, float) (instance 1)]>(at::TensorIteratorBase &, const T1 &)::[lambda(int) (instance 1)]>(int, T3)"
:BasicsTransformerLM.layers.26.attn,PushPop,30,30,1,1,361438,361438.0,361438.0,361438,361438,0.0,"void at::native::elementwise_kernel<(int)128, (int)2, void at::native::gpu_kernel_impl_nocast<at::native::CUDAFunctor_add<float>>(at::TensorIteratorBase &, const T1 &)::[lambda(int) (instance 1)]>(int, T3)"
:BasicsTransformerLM.layers.26.attn,PushPop,30,30,1,1,157823,157823.0,157823.0,157823,157823,0.0,"void at::native::vectorized_elementwise_kernel<(int)4, at::native::BUnaryFunctor<float, float, float, at::native::binary_internal::MulFunctor<float>>, std::array<char *, (unsigned long)2>>(int, T2, T3)"
:BasicsTransformerLM.layers.26.attn,PushPop,30,30,1,1,153983,153983.0,153983.0,153983,153983,0.0,"void at::native::vectorized_elementwise_kernel<(int)4, at::native::exp_kernel_cuda(at::TensorIteratorBase &)::[lambda() (instance 2)]::operator ()() const::[lambda() (instance 2)]::operator ()() const::[lambda(float) (instance 1)], std::array<char *, (unsigned long)2>>(int, T2, T3)"
:BasicsTransformerLM.layers.26.attn,PushPop,30,30,1,1,135488,135488.0,135488.0,135488,135488,0.0,"void at::native::reduce_kernel<(int)512, (int)1, at::native::ReduceOp<float, at::native::MaxOps<float>, unsigned int, float, (int)4, (int)4>>(T3)"
:BasicsTransformerLM.layers.26.attn,PushPop,30,30,1,1,101631,101631.0,101631.0,101631,101631,0.0,"void at::native::reduce_kernel<(int)512, (int)1, at::native::ReduceOp<float, at::native::func_wrapper_t<float, at::native::sum_functor<float, float, float>::operator ()(at::TensorIterator &)::[lambda(float, float) (instance 1)]>, unsigned int, float, (int)4, (int)4>>(T3)"
:BasicsTransformerLM.layers.26.attn,PushPop,30,30,1,8,66751,8343.9,7776.0,7519,10272,1169.1,"void at::native::elementwise_kernel<(int)128, (int)2, void at::native::gpu_kernel_impl_nocast<at::native::BinaryFunctor<float, float, float, at::native::binary_internal::MulFunctor<float>>>(at::TensorIteratorBase &, const T1 &)::[lambda(int) (instance 1)]>(int, T3)"
:BasicsTransformerLM.layers.26.attn,PushPop,30,30,1,2,54944,27472.0,27472.0,27392,27552,113.1,"void at::native::<unnamed>::CatArrayBatchedCopy<at::native::<unnamed>::OpaqueType<(unsigned int)4>, unsigned int, (int)4, (int)64, (int)64>(T1 *, at::native::<unnamed>::CatArrInputTensorMetadata<T1, T2, T4, T5>, at::native::<unnamed>::TensorSizeStride<T2, (unsigned int)4>, int, T2)"
:BasicsTransformerLM.layers.26.attn,PushPop,30,30,1,4,15968,3992.0,3968.0,3904,4128,95.6,"void at::native::vectorized_elementwise_kernel<(int)4, at::native::CUDAFunctor_add<float>, std::array<char *, (unsigned long)3>>(int, T2, T3)"
:BasicsTransformerLM.layers.26.attn,PushPop,30,30,1,1,14943,14943.0,14943.0,14943,14943,0.0,"void at::native::elementwise_kernel<(int)128, (int)2, void at::native::gpu_kernel_impl_nocast<at::native::direct_copy_kernel_cuda(at::TensorIteratorBase &)::[lambda() (instance 3)]::operator ()() const::[lambda() (instance 7)]::operator ()() const::[lambda(float) (instance 1)]>(at::TensorIteratorBase &, const T1 &)::[lambda(int) (instance 1)]>(int, T3)"
:BasicsTransformerLM.layers.26.attn,PushPop,30,30,1,1,8608,8608.0,8608.0,8608,8608,0.0,"void at::native::elementwise_kernel<(int)128, (int)4, void at::native::gpu_kernel_impl_nocast<at::native::<unnamed>::CompareFunctor<long>>(at::TensorIteratorBase &, const T1 &)::[lambda(int) (instance 1)]>(int, T3)"
:BasicsTransformerLM.layers.26.attn,PushPop,30,30,1,1,1152,1152.0,1152.0,1152,1152,0.0,"void <unnamed>::elementwise_kernel_with_index<int, at::native::arange_cuda_out(const c10::Scalar &, const c10::Scalar &, const c10::Scalar &, at::Tensor &)::[lambda() (instance 1)]::operator ()() const::[lambda() (instance 4)]::operator ()() const::[lambda(long) (instance 1)]>(T1, T2, function_traits<T2>::result_type *)"
:BasicsTransformerLM.layers.26.attn,PushPop,30,30,1,1,1024,1024.0,1024.0,1024,1024,0.0,"void at::native::vectorized_elementwise_kernel<(int)4, at::native::FillFunctor<float>, std::array<char *, (unsigned long)1>>(int, T2, T3)"
:BasicsTransformerLM.layers.26.attn.k_proj,PushPop,30,30,1,1,508573,508573.0,508573.0,508573,508573,0.0,cutlass3x_sm100_simt_sgemm_f32_f32_f32_f32_f32_128x64x16_1x1x1_3_tnn_align1_bias_f32_relu
:BasicsTransformerLM.layers.26.attn.output_proj,PushPop,30,30,1,1,512606,512606.0,512606.0,512606,512606,0.0,cutlass3x_sm100_simt_sgemm_f32_f32_f32_f32_f32_128x64x16_1x1x1_3_tnn_align1_bias_f32_relu
:BasicsTransformerLM.layers.26.attn.q_proj,PushPop,30,30,1,1,506814,506814.0,506814.0,506814,506814,0.0,cutlass3x_sm100_simt_sgemm_f32_f32_f32_f32_f32_128x64x16_1x1x1_3_tnn_align1_bias_f32_relu
:BasicsTransformerLM.layers.26.attn.v_proj,PushPop,30,30,1,1,507742,507742.0,507742.0,507742,507742,0.0,cutlass3x_sm100_simt_sgemm_f32_f32_f32_f32_f32_128x64x16_1x1x1_3_tnn_align1_bias_f32_relu
:BasicsTransformerLM.layers.26.ffn,PushPop,30,30,1,2,3823948,1911974.0,1911974.0,1911638,1912310,475.2,cutlass3x_sm100_simt_sgemm_f32_f32_f32_f32_f32_128x128x16_1x1x1_3_tnn_align1_bias_f32_relu
:BasicsTransformerLM.layers.26.ffn,PushPop,30,30,1,1,1989078,1989078.0,1989078.0,1989078,1989078,0.0,cutlass3x_sm100_simt_sgemm_f32_f32_f32_f32_f32_64x64x16_1x1x1_3_tnn_align1_bias_f32_relu
:BasicsTransformerLM.layers.26.ffn,PushPop,30,30,1,2,69856,34928.0,34928.0,32256,37600,3778.8,"void at::native::vectorized_elementwise_kernel<(int)4, at::native::BinaryFunctor<float, float, float, at::native::binary_internal::MulFunctor<float>>, std::array<char *, (unsigned long)3>>(int, T2, T3)"
:BasicsTransformerLM.layers.26.ffn,PushPop,30,30,1,1,21824,21824.0,21824.0,21824,21824,0.0,"void at::native::vectorized_elementwise_kernel<(int)4, at::native::sigmoid_kernel_cuda(at::TensorIteratorBase &)::[lambda() (instance 2)]::operator ()() const::[lambda() (instance 2)]::operator ()() const::[lambda(float) (instance 1)], std::array<char *, (unsigned long)2>>(int, T2, T3)"
:BasicsTransformerLM.layers.26.ffn.w1,PushPop,30,30,1,1,1912310,1912310.0,1912310.0,1912310,1912310,0.0,cutlass3x_sm100_simt_sgemm_f32_f32_f32_f32_f32_128x128x16_1x1x1_3_tnn_align1_bias_f32_relu
:BasicsTransformerLM.layers.26.ffn.w2,PushPop,30,30,1,1,1989078,1989078.0,1989078.0,1989078,1989078,0.0,cutlass3x_sm100_simt_sgemm_f32_f32_f32_f32_f32_64x64x16_1x1x1_3_tnn_align1_bias_f32_relu
:BasicsTransformerLM.layers.26.ffn.w3,PushPop,30,30,1,1,1911638,1911638.0,1911638.0,1911638,1911638,0.0,cutlass3x_sm100_simt_sgemm_f32_f32_f32_f32_f32_128x128x16_1x1x1_3_tnn_align1_bias_f32_relu
:BasicsTransformerLM.layers.26.ln1,PushPop,30,30,1,2,25279,12639.5,12639.5,12608,12671,44.5,"void at::native::elementwise_kernel<(int)128, (int)2, void at::native::gpu_kernel_impl_nocast<at::native::BinaryFunctor<float, float, float, at::native::binary_internal::MulFunctor<float>>>(at::TensorIteratorBase &, const T1 &)::[lambda(int) (instance 1)]>(int, T3)"
:BasicsTransformerLM.layers.26.ln1,PushPop,30,30,1,1,9248,9248.0,9248.0,9248,9248,0.0,"void at::native::reduce_kernel<(int)512, (int)1, at::native::ReduceOp<float, at::native::MeanOps<float, float, float, float>, unsigned int, float, (int)4, (int)4>>(T3)"
:BasicsTransformerLM.layers.26.ln1,PushPop,30,30,1,1,5376,5376.0,5376.0,5376,5376,0.0,"void at::native::vectorized_elementwise_kernel<(int)4, void at::native::<unnamed>::pow_tensor_scalar_kernel_impl<float, float>(at::TensorIteratorBase &, T2)::[lambda(float) (instance 1)], std::array<char *, (unsigned long)2>>(int, T2, T3)"
:BasicsTransformerLM.layers.26.ln1,PushPop,30,30,1,1,1536,1536.0,1536.0,1536,1536,0.0,"void at::native::vectorized_elementwise_kernel<(int)4, at::native::CUDAFunctorOnSelf_add<float>, std::array<char *, (unsigned long)2>>(int, T2, T3)"
:BasicsTransformerLM.layers.26.ln1,PushPop,30,30,1,1,1440,1440.0,1440.0,1440,1440,0.0,"void at::native::vectorized_elementwise_kernel<(int)4, at::native::rsqrt_kernel_cuda(at::TensorIteratorBase &)::[lambda() (instance 2)]::operator ()() const::[lambda() (instance 2)]::operator ()() const::[lambda(float) (instance 1)], std::array<char *, (unsigned long)2>>(int, T2, T3)"
:BasicsTransformerLM.layers.26.ln2,PushPop,30,30,1,2,25376,12688.0,12688.0,12608,12768,113.1,"void at::native::elementwise_kernel<(int)128, (int)2, void at::native::gpu_kernel_impl_nocast<at::native::BinaryFunctor<float, float, float, at::native::binary_internal::MulFunctor<float>>>(at::TensorIteratorBase &, const T1 &)::[lambda(int) (instance 1)]>(int, T3)"
:BasicsTransformerLM.layers.26.ln2,PushPop,30,30,1,1,9184,9184.0,9184.0,9184,9184,0.0,"void at::native::reduce_kernel<(int)512, (int)1, at::native::ReduceOp<float, at::native::MeanOps<float, float, float, float>, unsigned int, float, (int)4, (int)4>>(T3)"
:BasicsTransformerLM.layers.26.ln2,PushPop,30,30,1,1,5088,5088.0,5088.0,5088,5088,0.0,"void at::native::vectorized_elementwise_kernel<(int)4, void at::native::<unnamed>::pow_tensor_scalar_kernel_impl<float, float>(at::TensorIteratorBase &, T2)::[lambda(float) (instance 1)], std::array<char *, (unsigned long)2>>(int, T2, T3)"
:BasicsTransformerLM.layers.26.ln2,PushPop,30,30,1,1,1536,1536.0,1536.0,1536,1536,0.0,"void at::native::vectorized_elementwise_kernel<(int)4, at::native::CUDAFunctorOnSelf_add<float>, std::array<char *, (unsigned long)2>>(int, T2, T3)"
:BasicsTransformerLM.layers.26.ln2,PushPop,30,30,1,1,1472,1472.0,1472.0,1472,1472,0.0,"void at::native::vectorized_elementwise_kernel<(int)4, at::native::rsqrt_kernel_cuda(at::TensorIteratorBase &)::[lambda() (instance 2)]::operator ()() const::[lambda() (instance 2)]::operator ()() const::[lambda(float) (instance 1)], std::array<char *, (unsigned long)2>>(int, T2, T3)"
:BasicsTransformerLM.layers.27,PushPop,30,30,1,3,4388809,1462936.3,1911126.0,566205,1911478,776592.1,cutlass3x_sm100_simt_sgemm_f32_f32_f32_f32_f32_128x128x16_1x1x1_3_tnn_align1_bias_f32_relu
:BasicsTransformerLM.layers.27,PushPop,30,30,1,4,2036759,509189.8,508381.5,507262,512734,2428.0,cutlass3x_sm100_simt_sgemm_f32_f32_f32_f32_f32_128x64x16_1x1x1_3_tnn_align1_bias_f32_relu
:BasicsTransformerLM.layers.27,PushPop,30,30,1,1,1990646,1990646.0,1990646.0,1990646,1990646,0.0,cutlass3x_sm100_simt_sgemm_f32_f32_f32_f32_f32_64x64x16_1x1x1_3_tnn_align1_bias_f32_relu
:BasicsTransformerLM.layers.27,PushPop,30,30,1,1,545726,545726.0,545726.0,545726,545726,0.0,cutlass3x_sm100_simt_sgemm_f32_f32_f32_f32_f32_32x64x16_1x1x1_3_nnn_align1_bias_f32_relu
:BasicsTransformerLM.layers.27,PushPop,30,30,1,1,415806,415806.0,415806.0,415806,415806,0.0,"void at::native::elementwise_kernel<(int)128, (int)2, void at::native::gpu_kernel_impl_nocast<at::native::BinaryFunctor<float, float, float, at::native::binary_internal::DivFunctor<float>>>(at::TensorIteratorBase &, const T1 &)::[lambda(int) (instance 1)]>(int, T3)"
:BasicsTransformerLM.layers.27,PushPop,30,30,1,1,365182,365182.0,365182.0,365182,365182,0.0,"void at::native::elementwise_kernel<(int)128, (int)2, void at::native::gpu_kernel_impl_nocast<at::native::<unnamed>::where_kernel_impl(at::TensorIterator &)::[lambda() (instance 1)]::operator ()() const::[lambda() (instance 11)]::operator ()() const::[lambda(bool, float, float) (instance 1)]>(at::TensorIteratorBase &, const T1 &)::[lambda(int) (instance 1)]>(int, T3)"
:BasicsTransformerLM.layers.27,PushPop,30,30,1,1,362398,362398.0,362398.0,362398,362398,0.0,"void at::native::elementwise_kernel<(int)128, (int)2, void at::native::gpu_kernel_impl_nocast<at::native::CUDAFunctor_add<float>>(at::TensorIteratorBase &, const T1 &)::[lambda(int) (instance 1)]>(int, T3)"
:BasicsTransformerLM.layers.27,PushPop,30,30,1,1,156351,156351.0,156351.0,156351,156351,0.0,"void at::native::vectorized_elementwise_kernel<(int)4, at::native::BUnaryFunctor<float, float, float, at::native::binary_internal::MulFunctor<float>>, std::array<char *, (unsigned long)2>>(int, T2, T3)"
:BasicsTransformerLM.layers.27,PushPop,30,30,1,1,155519,155519.0,155519.0,155519,155519,0.0,"void at::native::vectorized_elementwise_kernel<(int)4, at::native::exp_kernel_cuda(at::TensorIteratorBase &)::[lambda() (instance 2)]::operator ()() const::[lambda() (instance 2)]::operator ()() const::[lambda(float) (instance 1)], std::array<char *, (unsigned long)2>>(int, T2, T3)"
:BasicsTransformerLM.layers.27,PushPop,30,30,1,1,135616,135616.0,135616.0,135616,135616,0.0,"void at::native::reduce_kernel<(int)512, (int)1, at::native::ReduceOp<float, at::native::MaxOps<float>, unsigned int, float, (int)4, (int)4>>(T3)"
:BasicsTransformerLM.layers.27,PushPop,30,30,1,12,117182,9765.2,8992.0,7487,12768,2365.3,"void at::native::elementwise_kernel<(int)128, (int)2, void at::native::gpu_kernel_impl_nocast<at::native::BinaryFunctor<float, float, float, at::native::binary_internal::MulFunctor<float>>>(at::TensorIteratorBase &, const T1 &)::[lambda(int) (instance 1)]>(int, T3)"
:BasicsTransformerLM.layers.27,PushPop,30,30,1,1,101567,101567.0,101567.0,101567,101567,0.0,"void at::native::reduce_kernel<(int)512, (int)1, at::native::ReduceOp<float, at::native::func_wrapper_t<float, at::native::sum_functor<float, float, float>::operator ()(at::TensorIterator &)::[lambda(float, float) (instance 1)]>, unsigned int, float, (int)4, (int)4>>(T3)"
:BasicsTransformerLM.layers.27,PushPop,30,30,1,2,70848,35424.0,35424.0,32576,38272,4027.7,"void at::native::vectorized_elementwise_kernel<(int)4, at::native::BinaryFunctor<float, float, float, at::native::binary_internal::MulFunctor<float>>, std::array<char *, (unsigned long)3>>(int, T2, T3)"
:BasicsTransformerLM.layers.27,PushPop,30,30,1,2,54688,27344.0,27344.0,27328,27360,22.6,"void at::native::<unnamed>::CatArrayBatchedCopy<at::native::<unnamed>::OpaqueType<(unsigned int)4>, unsigned int, (int)4, (int)64, (int)64>(T1 *, at::native::<unnamed>::CatArrInputTensorMetadata<T1, T2, T4, T5>, at::native::<unnamed>::TensorSizeStride<T2, (unsigned int)4>, int, T2)"
:BasicsTransformerLM.layers.27,PushPop,30,30,1,6,32416,5402.7,4128.0,3904,8736,2147.5,"void at::native::vectorized_elementwise_kernel<(int)4, at::native::CUDAFunctor_add<float>, std::array<char *, (unsigned long)3>>(int, T2, T3)"
:BasicsTransformerLM.layers.27,PushPop,30,30,1,1,21696,21696.0,21696.0,21696,21696,0.0,"void at::native::vectorized_elementwise_kernel<(int)4, at::native::sigmoid_kernel_cuda(at::TensorIteratorBase &)::[lambda() (instance 2)]::operator ()() const::[lambda() (instance 2)]::operator ()() const::[lambda(float) (instance 1)], std::array<char *, (unsigned long)2>>(int, T2, T3)"
:BasicsTransformerLM.layers.27,PushPop,30,30,1,2,18432,9216.0,9216.0,9184,9248,45.3,"void at::native::reduce_kernel<(int)512, (int)1, at::native::ReduceOp<float, at::native::MeanOps<float, float, float, float>, unsigned int, float, (int)4, (int)4>>(T3)"
:BasicsTransformerLM.layers.27,PushPop,30,30,1,1,14687,14687.0,14687.0,14687,14687,0.0,"void at::native::elementwise_kernel<(int)128, (int)2, void at::native::gpu_kernel_impl_nocast<at::native::direct_copy_kernel_cuda(at::TensorIteratorBase &)::[lambda() (instance 3)]::operator ()() const::[lambda() (instance 7)]::operator ()() const::[lambda(float) (instance 1)]>(at::TensorIteratorBase &, const T1 &)::[lambda(int) (instance 1)]>(int, T3)"
:BasicsTransformerLM.layers.27,PushPop,30,30,1,2,10720,5360.0,5360.0,5248,5472,158.4,"void at::native::vectorized_elementwise_kernel<(int)4, void at::native::<unnamed>::pow_tensor_scalar_kernel_impl<float, float>(at::TensorIteratorBase &, T2)::[lambda(float) (instance 1)], std::array<char *, (unsigned long)2>>(int, T2, T3)"
:BasicsTransformerLM.layers.27,PushPop,30,30,1,1,8672,8672.0,8672.0,8672,8672,0.0,"void at::native::elementwise_kernel<(int)128, (int)4, void at::native::gpu_kernel_impl_nocast<at::native::<unnamed>::CompareFunctor<long>>(at::TensorIteratorBase &, const T1 &)::[lambda(int) (instance 1)]>(int, T3)"
:BasicsTransformerLM.layers.27,PushPop,30,30,1,2,3136,1568.0,1568.0,1568,1568,0.0,"void at::native::vectorized_elementwise_kernel<(int)4, at::native::CUDAFunctorOnSelf_add<float>, std::array<char *, (unsigned long)2>>(int, T2, T3)"
:BasicsTransformerLM.layers.27,PushPop,30,30,1,2,2944,1472.0,1472.0,1472,1472,0.0,"void at::native::vectorized_elementwise_kernel<(int)4, at::native::rsqrt_kernel_cuda(at::TensorIteratorBase &)::[lambda() (instance 2)]::operator ()() const::[lambda() (instance 2)]::operator ()() const::[lambda(float) (instance 1)], std::array<char *, (unsigned long)2>>(int, T2, T3)"
:BasicsTransformerLM.layers.27,PushPop,30,30,1,1,1152,1152.0,1152.0,1152,1152,0.0,"void <unnamed>::elementwise_kernel_with_index<int, at::native::arange_cuda_out(const c10::Scalar &, const c10::Scalar &, const c10::Scalar &, at::Tensor &)::[lambda() (instance 1)]::operator ()() const::[lambda() (instance 4)]::operator ()() const::[lambda(long) (instance 1)]>(T1, T2, function_traits<T2>::result_type *)"
:BasicsTransformerLM.layers.27,PushPop,30,30,1,1,1120,1120.0,1120.0,1120,1120,0.0,"void at::native::vectorized_elementwise_kernel<(int)4, at::native::FillFunctor<float>, std::array<char *, (unsigned long)1>>(int, T2, T3)"
:BasicsTransformerLM.layers.27.attn,PushPop,30,30,1,4,2036759,509189.8,508381.5,507262,512734,2428.0,cutlass3x_sm100_simt_sgemm_f32_f32_f32_f32_f32_128x64x16_1x1x1_3_tnn_align1_bias_f32_relu
:BasicsTransformerLM.layers.27.attn,PushPop,30,30,1,1,566205,566205.0,566205.0,566205,566205,0.0,cutlass3x_sm100_simt_sgemm_f32_f32_f32_f32_f32_128x128x16_1x1x1_3_tnn_align1_bias_f32_relu
:BasicsTransformerLM.layers.27.attn,PushPop,30,30,1,1,545726,545726.0,545726.0,545726,545726,0.0,cutlass3x_sm100_simt_sgemm_f32_f32_f32_f32_f32_32x64x16_1x1x1_3_nnn_align1_bias_f32_relu
:BasicsTransformerLM.layers.27.attn,PushPop,30,30,1,1,415806,415806.0,415806.0,415806,415806,0.0,"void at::native::elementwise_kernel<(int)128, (int)2, void at::native::gpu_kernel_impl_nocast<at::native::BinaryFunctor<float, float, float, at::native::binary_internal::DivFunctor<float>>>(at::TensorIteratorBase &, const T1 &)::[lambda(int) (instance 1)]>(int, T3)"
:BasicsTransformerLM.layers.27.attn,PushPop,30,30,1,1,365182,365182.0,365182.0,365182,365182,0.0,"void at::native::elementwise_kernel<(int)128, (int)2, void at::native::gpu_kernel_impl_nocast<at::native::<unnamed>::where_kernel_impl(at::TensorIterator &)::[lambda() (instance 1)]::operator ()() const::[lambda() (instance 11)]::operator ()() const::[lambda(bool, float, float) (instance 1)]>(at::TensorIteratorBase &, const T1 &)::[lambda(int) (instance 1)]>(int, T3)"
:BasicsTransformerLM.layers.27.attn,PushPop,30,30,1,1,362398,362398.0,362398.0,362398,362398,0.0,"void at::native::elementwise_kernel<(int)128, (int)2, void at::native::gpu_kernel_impl_nocast<at::native::CUDAFunctor_add<float>>(at::TensorIteratorBase &, const T1 &)::[lambda(int) (instance 1)]>(int, T3)"
:BasicsTransformerLM.layers.27.attn,PushPop,30,30,1,1,156351,156351.0,156351.0,156351,156351,0.0,"void at::native::vectorized_elementwise_kernel<(int)4, at::native::BUnaryFunctor<float, float, float, at::native::binary_internal::MulFunctor<float>>, std::array<char *, (unsigned long)2>>(int, T2, T3)"
:BasicsTransformerLM.layers.27.attn,PushPop,30,30,1,1,155519,155519.0,155519.0,155519,155519,0.0,"void at::native::vectorized_elementwise_kernel<(int)4, at::native::exp_kernel_cuda(at::TensorIteratorBase &)::[lambda() (instance 2)]::operator ()() const::[lambda() (instance 2)]::operator ()() const::[lambda(float) (instance 1)], std::array<char *, (unsigned long)2>>(int, T2, T3)"
:BasicsTransformerLM.layers.27.attn,PushPop,30,30,1,1,135616,135616.0,135616.0,135616,135616,0.0,"void at::native::reduce_kernel<(int)512, (int)1, at::native::ReduceOp<float, at::native::MaxOps<float>, unsigned int, float, (int)4, (int)4>>(T3)"
:BasicsTransformerLM.layers.27.attn,PushPop,30,30,1,1,101567,101567.0,101567.0,101567,101567,0.0,"void at::native::reduce_kernel<(int)512, (int)1, at::native::ReduceOp<float, at::native::func_wrapper_t<float, at::native::sum_functor<float, float, float>::operator ()(at::TensorIterator &)::[lambda(float, float) (instance 1)]>, unsigned int, float, (int)4, (int)4>>(T3)"
:BasicsTransformerLM.layers.27.attn,PushPop,30,30,1,8,66367,8295.9,7744.0,7487,10272,1178.4,"void at::native::elementwise_kernel<(int)128, (int)2, void at::native::gpu_kernel_impl_nocast<at::native::BinaryFunctor<float, float, float, at::native::binary_internal::MulFunctor<float>>>(at::TensorIteratorBase &, const T1 &)::[lambda(int) (instance 1)]>(int, T3)"
:BasicsTransformerLM.layers.27.attn,PushPop,30,30,1,2,54688,27344.0,27344.0,27328,27360,22.6,"void at::native::<unnamed>::CatArrayBatchedCopy<at::native::<unnamed>::OpaqueType<(unsigned int)4>, unsigned int, (int)4, (int)64, (int)64>(T1 *, at::native::<unnamed>::CatArrInputTensorMetadata<T1, T2, T4, T5>, at::native::<unnamed>::TensorSizeStride<T2, (unsigned int)4>, int, T2)"
:BasicsTransformerLM.layers.27.attn,PushPop,30,30,1,4,16160,4040.0,4048.0,3904,4160,112.0,"void at::native::vectorized_elementwise_kernel<(int)4, at::native::CUDAFunctor_add<float>, std::array<char *, (unsigned long)3>>(int, T2, T3)"
:BasicsTransformerLM.layers.27.attn,PushPop,30,30,1,1,14687,14687.0,14687.0,14687,14687,0.0,"void at::native::elementwise_kernel<(int)128, (int)2, void at::native::gpu_kernel_impl_nocast<at::native::direct_copy_kernel_cuda(at::TensorIteratorBase &)::[lambda() (instance 3)]::operator ()() const::[lambda() (instance 7)]::operator ()() const::[lambda(float) (instance 1)]>(at::TensorIteratorBase &, const T1 &)::[lambda(int) (instance 1)]>(int, T3)"
:BasicsTransformerLM.layers.27.attn,PushPop,30,30,1,1,8672,8672.0,8672.0,8672,8672,0.0,"void at::native::elementwise_kernel<(int)128, (int)4, void at::native::gpu_kernel_impl_nocast<at::native::<unnamed>::CompareFunctor<long>>(at::TensorIteratorBase &, const T1 &)::[lambda(int) (instance 1)]>(int, T3)"
:BasicsTransformerLM.layers.27.attn,PushPop,30,30,1,1,1152,1152.0,1152.0,1152,1152,0.0,"void <unnamed>::elementwise_kernel_with_index<int, at::native::arange_cuda_out(const c10::Scalar &, const c10::Scalar &, const c10::Scalar &, at::Tensor &)::[lambda() (instance 1)]::operator ()() const::[lambda() (instance 4)]::operator ()() const::[lambda(long) (instance 1)]>(T1, T2, function_traits<T2>::result_type *)"
:BasicsTransformerLM.layers.27.attn,PushPop,30,30,1,1,1120,1120.0,1120.0,1120,1120,0.0,"void at::native::vectorized_elementwise_kernel<(int)4, at::native::FillFunctor<float>, std::array<char *, (unsigned long)1>>(int, T2, T3)"
:BasicsTransformerLM.layers.27.attn.k_proj,PushPop,30,30,1,1,508157,508157.0,508157.0,508157,508157,0.0,cutlass3x_sm100_simt_sgemm_f32_f32_f32_f32_f32_128x64x16_1x1x1_3_tnn_align1_bias_f32_relu
:BasicsTransformerLM.layers.27.attn.output_proj,PushPop,30,30,1,1,512734,512734.0,512734.0,512734,512734,0.0,cutlass3x_sm100_simt_sgemm_f32_f32_f32_f32_f32_128x64x16_1x1x1_3_tnn_align1_bias_f32_relu
:BasicsTransformerLM.layers.27.attn.q_proj,PushPop,30,30,1,1,507262,507262.0,507262.0,507262,507262,0.0,cutlass3x_sm100_simt_sgemm_f32_f32_f32_f32_f32_128x64x16_1x1x1_3_tnn_align1_bias_f32_relu
:BasicsTransformerLM.layers.27.attn.v_proj,PushPop,30,30,1,1,508606,508606.0,508606.0,508606,508606,0.0,cutlass3x_sm100_simt_sgemm_f32_f32_f32_f32_f32_128x64x16_1x1x1_3_tnn_align1_bias_f32_relu
:BasicsTransformerLM.layers.27.ffn,PushPop,30,30,1,2,3822604,1911302.0,1911302.0,1911126,1911478,248.9,cutlass3x_sm100_simt_sgemm_f32_f32_f32_f32_f32_128x128x16_1x1x1_3_tnn_align1_bias_f32_relu
:BasicsTransformerLM.layers.27.ffn,PushPop,30,30,1,1,1990646,1990646.0,1990646.0,1990646,1990646,0.0,cutlass3x_sm100_simt_sgemm_f32_f32_f32_f32_f32_64x64x16_1x1x1_3_tnn_align1_bias_f32_relu
:BasicsTransformerLM.layers.27.ffn,PushPop,30,30,1,2,70848,35424.0,35424.0,32576,38272,4027.7,"void at::native::vectorized_elementwise_kernel<(int)4, at::native::BinaryFunctor<float, float, float, at::native::binary_internal::MulFunctor<float>>, std::array<char *, (unsigned long)3>>(int, T2, T3)"
:BasicsTransformerLM.layers.27.ffn,PushPop,30,30,1,1,21696,21696.0,21696.0,21696,21696,0.0,"void at::native::vectorized_elementwise_kernel<(int)4, at::native::sigmoid_kernel_cuda(at::TensorIteratorBase &)::[lambda() (instance 2)]::operator ()() const::[lambda() (instance 2)]::operator ()() const::[lambda(float) (instance 1)], std::array<char *, (unsigned long)2>>(int, T2, T3)"
:BasicsTransformerLM.layers.27.ffn.w1,PushPop,30,30,1,1,1911478,1911478.0,1911478.0,1911478,1911478,0.0,cutlass3x_sm100_simt_sgemm_f32_f32_f32_f32_f32_128x128x16_1x1x1_3_tnn_align1_bias_f32_relu
:BasicsTransformerLM.layers.27.ffn.w2,PushPop,30,30,1,1,1990646,1990646.0,1990646.0,1990646,1990646,0.0,cutlass3x_sm100_simt_sgemm_f32_f32_f32_f32_f32_64x64x16_1x1x1_3_tnn_align1_bias_f32_relu
:BasicsTransformerLM.layers.27.ffn.w3,PushPop,30,30,1,1,1911126,1911126.0,1911126.0,1911126,1911126,0.0,cutlass3x_sm100_simt_sgemm_f32_f32_f32_f32_f32_128x128x16_1x1x1_3_tnn_align1_bias_f32_relu
:BasicsTransformerLM.layers.27.ln1,PushPop,30,30,1,2,25503,12751.5,12751.5,12735,12768,23.3,"void at::native::elementwise_kernel<(int)128, (int)2, void at::native::gpu_kernel_impl_nocast<at::native::BinaryFunctor<float, float, float, at::native::binary_internal::MulFunctor<float>>>(at::TensorIteratorBase &, const T1 &)::[lambda(int) (instance 1)]>(int, T3)"
:BasicsTransformerLM.layers.27.ln1,PushPop,30,30,1,1,9184,9184.0,9184.0,9184,9184,0.0,"void at::native::reduce_kernel<(int)512, (int)1, at::native::ReduceOp<float, at::native::MeanOps<float, float, float, float>, unsigned int, float, (int)4, (int)4>>(T3)"
:BasicsTransformerLM.layers.27.ln1,PushPop,30,30,1,1,5472,5472.0,5472.0,5472,5472,0.0,"void at::native::vectorized_elementwise_kernel<(int)4, void at::native::<unnamed>::pow_tensor_scalar_kernel_impl<float, float>(at::TensorIteratorBase &, T2)::[lambda(float) (instance 1)], std::array<char *, (unsigned long)2>>(int, T2, T3)"
:BasicsTransformerLM.layers.27.ln1,PushPop,30,30,1,1,1568,1568.0,1568.0,1568,1568,0.0,"void at::native::vectorized_elementwise_kernel<(int)4, at::native::CUDAFunctorOnSelf_add<float>, std::array<char *, (unsigned long)2>>(int, T2, T3)"
:BasicsTransformerLM.layers.27.ln1,PushPop,30,30,1,1,1472,1472.0,1472.0,1472,1472,0.0,"void at::native::vectorized_elementwise_kernel<(int)4, at::native::rsqrt_kernel_cuda(at::TensorIteratorBase &)::[lambda() (instance 2)]::operator ()() const::[lambda() (instance 2)]::operator ()() const::[lambda(float) (instance 1)], std::array<char *, (unsigned long)2>>(int, T2, T3)"
:BasicsTransformerLM.layers.27.ln2,PushPop,30,30,1,2,25312,12656.0,12656.0,12640,12672,22.6,"void at::native::elementwise_kernel<(int)128, (int)2, void at::native::gpu_kernel_impl_nocast<at::native::BinaryFunctor<float, float, float, at::native::binary_internal::MulFunctor<float>>>(at::TensorIteratorBase &, const T1 &)::[lambda(int) (instance 1)]>(int, T3)"
:BasicsTransformerLM.layers.27.ln2,PushPop,30,30,1,1,9248,9248.0,9248.0,9248,9248,0.0,"void at::native::reduce_kernel<(int)512, (int)1, at::native::ReduceOp<float, at::native::MeanOps<float, float, float, float>, unsigned int, float, (int)4, (int)4>>(T3)"
:BasicsTransformerLM.layers.27.ln2,PushPop,30,30,1,1,5248,5248.0,5248.0,5248,5248,0.0,"void at::native::vectorized_elementwise_kernel<(int)4, void at::native::<unnamed>::pow_tensor_scalar_kernel_impl<float, float>(at::TensorIteratorBase &, T2)::[lambda(float) (instance 1)], std::array<char *, (unsigned long)2>>(int, T2, T3)"
:BasicsTransformerLM.layers.27.ln2,PushPop,30,30,1,1,1568,1568.0,1568.0,1568,1568,0.0,"void at::native::vectorized_elementwise_kernel<(int)4, at::native::CUDAFunctorOnSelf_add<float>, std::array<char *, (unsigned long)2>>(int, T2, T3)"
:BasicsTransformerLM.layers.27.ln2,PushPop,30,30,1,1,1472,1472.0,1472.0,1472,1472,0.0,"void at::native::vectorized_elementwise_kernel<(int)4, at::native::rsqrt_kernel_cuda(at::TensorIteratorBase &)::[lambda() (instance 2)]::operator ()() const::[lambda() (instance 2)]::operator ()() const::[lambda(float) (instance 1)], std::array<char *, (unsigned long)2>>(int, T2, T3)"
:BasicsTransformerLM.layers.28,PushPop,30,30,1,3,4393097,1464365.7,1911766.0,566717,1914614,777387.9,cutlass3x_sm100_simt_sgemm_f32_f32_f32_f32_f32_128x128x16_1x1x1_3_tnn_align1_bias_f32_relu
:BasicsTransformerLM.layers.28,PushPop,30,30,1,4,2133238,533309.5,508781.5,507326,608349,50031.4,cutlass3x_sm100_simt_sgemm_f32_f32_f32_f32_f32_128x64x16_1x1x1_3_tnn_align1_bias_f32_relu
:BasicsTransformerLM.layers.28,PushPop,30,30,1,1,1991286,1991286.0,1991286.0,1991286,1991286,0.0,cutlass3x_sm100_simt_sgemm_f32_f32_f32_f32_f32_64x64x16_1x1x1_3_tnn_align1_bias_f32_relu
:BasicsTransformerLM.layers.28,PushPop,30,30,1,1,545374,545374.0,545374.0,545374,545374,0.0,cutlass3x_sm100_simt_sgemm_f32_f32_f32_f32_f32_32x64x16_1x1x1_3_nnn_align1_bias_f32_relu
:BasicsTransformerLM.layers.28,PushPop,30,30,1,1,415902,415902.0,415902.0,415902,415902,0.0,"void at::native::elementwise_kernel<(int)128, (int)2, void at::native::gpu_kernel_impl_nocast<at::native::BinaryFunctor<float, float, float, at::native::binary_internal::DivFunctor<float>>>(at::TensorIteratorBase &, const T1 &)::[lambda(int) (instance 1)]>(int, T3)"
:BasicsTransformerLM.layers.28,PushPop,30,30,1,1,365470,365470.0,365470.0,365470,365470,0.0,"void at::native::elementwise_kernel<(int)128, (int)2, void at::native::gpu_kernel_impl_nocast<at::native::<unnamed>::where_kernel_impl(at::TensorIterator &)::[lambda() (instance 1)]::operator ()() const::[lambda() (instance 11)]::operator ()() const::[lambda(bool, float, float) (instance 1)]>(at::TensorIteratorBase &, const T1 &)::[lambda(int) (instance 1)]>(int, T3)"
:BasicsTransformerLM.layers.28,PushPop,30,30,1,1,361086,361086.0,361086.0,361086,361086,0.0,"void at::native::elementwise_kernel<(int)128, (int)2, void at::native::gpu_kernel_impl_nocast<at::native::CUDAFunctor_add<float>>(at::TensorIteratorBase &, const T1 &)::[lambda(int) (instance 1)]>(int, T3)"
:BasicsTransformerLM.layers.28,PushPop,30,30,1,1,157151,157151.0,157151.0,157151,157151,0.0,"void at::native::vectorized_elementwise_kernel<(int)4, at::native::BUnaryFunctor<float, float, float, at::native::binary_internal::MulFunctor<float>>, std::array<char *, (unsigned long)2>>(int, T2, T3)"
:BasicsTransformerLM.layers.28,PushPop,30,30,1,1,155615,155615.0,155615.0,155615,155615,0.0,"void at::native::vectorized_elementwise_kernel<(int)4, at::native::exp_kernel_cuda(at::TensorIteratorBase &)::[lambda() (instance 2)]::operator ()() const::[lambda() (instance 2)]::operator ()() const::[lambda(float) (instance 1)], std::array<char *, (unsigned long)2>>(int, T2, T3)"
:BasicsTransformerLM.layers.28,PushPop,30,30,1,1,135456,135456.0,135456.0,135456,135456,0.0,"void at::native::reduce_kernel<(int)512, (int)1, at::native::ReduceOp<float, at::native::MaxOps<float>, unsigned int, float, (int)4, (int)4>>(T3)"
:BasicsTransformerLM.layers.28,PushPop,30,30,1,12,117471,9789.3,8944.0,7455,12864,2383.0,"void at::native::elementwise_kernel<(int)128, (int)2, void at::native::gpu_kernel_impl_nocast<at::native::BinaryFunctor<float, float, float, at::native::binary_internal::MulFunctor<float>>>(at::TensorIteratorBase &, const T1 &)::[lambda(int) (instance 1)]>(int, T3)"
:BasicsTransformerLM.layers.28,PushPop,30,30,1,1,101183,101183.0,101183.0,101183,101183,0.0,"void at::native::reduce_kernel<(int)512, (int)1, at::native::ReduceOp<float, at::native::func_wrapper_t<float, at::native::sum_functor<float, float, float>::operator ()(at::TensorIterator &)::[lambda(float, float) (instance 1)]>, unsigned int, float, (int)4, (int)4>>(T3)"
:BasicsTransformerLM.layers.28,PushPop,30,30,1,2,70528,35264.0,35264.0,32480,38048,3937.2,"void at::native::vectorized_elementwise_kernel<(int)4, at::native::BinaryFunctor<float, float, float, at::native::binary_internal::MulFunctor<float>>, std::array<char *, (unsigned long)3>>(int, T2, T3)"
:BasicsTransformerLM.layers.28,PushPop,30,30,1,2,54848,27424.0,27424.0,27296,27552,181.0,"void at::native::<unnamed>::CatArrayBatchedCopy<at::native::<unnamed>::OpaqueType<(unsigned int)4>, unsigned int, (int)4, (int)64, (int)64>(T1 *, at::native::<unnamed>::CatArrInputTensorMetadata<T1, T2, T4, T5>, at::native::<unnamed>::TensorSizeStride<T2, (unsigned int)4>, int, T2)"
:BasicsTransformerLM.layers.28,PushPop,30,30,1,6,32352,5392.0,3984.0,3872,8800,2289.0,"void at::native::vectorized_elementwise_kernel<(int)4, at::native::CUDAFunctor_add<float>, std::array<char *, (unsigned long)3>>(int, T2, T3)"
:BasicsTransformerLM.layers.28,PushPop,30,30,1,1,21824,21824.0,21824.0,21824,21824,0.0,"void at::native::vectorized_elementwise_kernel<(int)4, at::native::sigmoid_kernel_cuda(at::TensorIteratorBase &)::[lambda() (instance 2)]::operator ()() const::[lambda() (instance 2)]::operator ()() const::[lambda(float) (instance 1)], std::array<char *, (unsigned long)2>>(int, T2, T3)"
:BasicsTransformerLM.layers.28,PushPop,30,30,1,2,18336,9168.0,9168.0,9120,9216,67.9,"void at::native::reduce_kernel<(int)512, (int)1, at::native::ReduceOp<float, at::native::MeanOps<float, float, float, float>, unsigned int, float, (int)4, (int)4>>(T3)"
:BasicsTransformerLM.layers.28,PushPop,30,30,1,1,14751,14751.0,14751.0,14751,14751,0.0,"void at::native::elementwise_kernel<(int)128, (int)2, void at::native::gpu_kernel_impl_nocast<at::native::direct_copy_kernel_cuda(at::TensorIteratorBase &)::[lambda() (instance 3)]::operator ()() const::[lambda() (instance 7)]::operator ()() const::[lambda(float) (instance 1)]>(at::TensorIteratorBase &, const T1 &)::[lambda(int) (instance 1)]>(int, T3)"
:BasicsTransformerLM.layers.28,PushPop,30,30,1,2,10400,5200.0,5200.0,5056,5344,203.6,"void at::native::vectorized_elementwise_kernel<(int)4, void at::native::<unnamed>::pow_tensor_scalar_kernel_impl<float, float>(at::TensorIteratorBase &, T2)::[lambda(float) (instance 1)], std::array<char *, (unsigned long)2>>(int, T2, T3)"
:BasicsTransformerLM.layers.28,PushPop,30,30,1,1,8608,8608.0,8608.0,8608,8608,0.0,"void at::native::elementwise_kernel<(int)128, (int)4, void at::native::gpu_kernel_impl_nocast<at::native::<unnamed>::CompareFunctor<long>>(at::TensorIteratorBase &, const T1 &)::[lambda(int) (instance 1)]>(int, T3)"
:BasicsTransformerLM.layers.28,PushPop,30,30,1,2,3264,1632.0,1632.0,1504,1760,181.0,"void at::native::vectorized_elementwise_kernel<(int)4, at::native::CUDAFunctorOnSelf_add<float>, std::array<char *, (unsigned long)2>>(int, T2, T3)"
:BasicsTransformerLM.layers.28,PushPop,30,30,1,2,2880,1440.0,1440.0,1408,1472,45.3,"void at::native::vectorized_elementwise_kernel<(int)4, at::native::rsqrt_kernel_cuda(at::TensorIteratorBase &)::[lambda() (instance 2)]::operator ()() const::[lambda() (instance 2)]::operator ()() const::[lambda(float) (instance 1)], std::array<char *, (unsigned long)2>>(int, T2, T3)"
:BasicsTransformerLM.layers.28,PushPop,30,30,1,1,1408,1408.0,1408.0,1408,1408,0.0,"void <unnamed>::elementwise_kernel_with_index<int, at::native::arange_cuda_out(const c10::Scalar &, const c10::Scalar &, const c10::Scalar &, at::Tensor &)::[lambda() (instance 1)]::operator ()() const::[lambda() (instance 4)]::operator ()() const::[lambda(long) (instance 1)]>(T1, T2, function_traits<T2>::result_type *)"
:BasicsTransformerLM.layers.28,PushPop,30,30,1,1,1024,1024.0,1024.0,1024,1024,0.0,"void at::native::vectorized_elementwise_kernel<(int)4, at::native::FillFunctor<float>, std::array<char *, (unsigned long)1>>(int, T2, T3)"
:BasicsTransformerLM.layers.28.attn,PushPop,30,30,1,4,2133238,533309.5,508781.5,507326,608349,50031.4,cutlass3x_sm100_simt_sgemm_f32_f32_f32_f32_f32_128x64x16_1x1x1_3_tnn_align1_bias_f32_relu
:BasicsTransformerLM.layers.28.attn,PushPop,30,30,1,1,566717,566717.0,566717.0,566717,566717,0.0,cutlass3x_sm100_simt_sgemm_f32_f32_f32_f32_f32_128x128x16_1x1x1_3_tnn_align1_bias_f32_relu
:BasicsTransformerLM.layers.28.attn,PushPop,30,30,1,1,545374,545374.0,545374.0,545374,545374,0.0,cutlass3x_sm100_simt_sgemm_f32_f32_f32_f32_f32_32x64x16_1x1x1_3_nnn_align1_bias_f32_relu
:BasicsTransformerLM.layers.28.attn,PushPop,30,30,1,1,415902,415902.0,415902.0,415902,415902,0.0,"void at::native::elementwise_kernel<(int)128, (int)2, void at::native::gpu_kernel_impl_nocast<at::native::BinaryFunctor<float, float, float, at::native::binary_internal::DivFunctor<float>>>(at::TensorIteratorBase &, const T1 &)::[lambda(int) (instance 1)]>(int, T3)"
:BasicsTransformerLM.layers.28.attn,PushPop,30,30,1,1,365470,365470.0,365470.0,365470,365470,0.0,"void at::native::elementwise_kernel<(int)128, (int)2, void at::native::gpu_kernel_impl_nocast<at::native::<unnamed>::where_kernel_impl(at::TensorIterator &)::[lambda() (instance 1)]::operator ()() const::[lambda() (instance 11)]::operator ()() const::[lambda(bool, float, float) (instance 1)]>(at::TensorIteratorBase &, const T1 &)::[lambda(int) (instance 1)]>(int, T3)"
:BasicsTransformerLM.layers.28.attn,PushPop,30,30,1,1,361086,361086.0,361086.0,361086,361086,0.0,"void at::native::elementwise_kernel<(int)128, (int)2, void at::native::gpu_kernel_impl_nocast<at::native::CUDAFunctor_add<float>>(at::TensorIteratorBase &, const T1 &)::[lambda(int) (instance 1)]>(int, T3)"
:BasicsTransformerLM.layers.28.attn,PushPop,30,30,1,1,157151,157151.0,157151.0,157151,157151,0.0,"void at::native::vectorized_elementwise_kernel<(int)4, at::native::BUnaryFunctor<float, float, float, at::native::binary_internal::MulFunctor<float>>, std::array<char *, (unsigned long)2>>(int, T2, T3)"
:BasicsTransformerLM.layers.28.attn,PushPop,30,30,1,1,155615,155615.0,155615.0,155615,155615,0.0,"void at::native::vectorized_elementwise_kernel<(int)4, at::native::exp_kernel_cuda(at::TensorIteratorBase &)::[lambda() (instance 2)]::operator ()() const::[lambda() (instance 2)]::operator ()() const::[lambda(float) (instance 1)], std::array<char *, (unsigned long)2>>(int, T2, T3)"
:BasicsTransformerLM.layers.28.attn,PushPop,30,30,1,1,135456,135456.0,135456.0,135456,135456,0.0,"void at::native::reduce_kernel<(int)512, (int)1, at::native::ReduceOp<float, at::native::MaxOps<float>, unsigned int, float, (int)4, (int)4>>(T3)"
:BasicsTransformerLM.layers.28.attn,PushPop,30,30,1,1,101183,101183.0,101183.0,101183,101183,0.0,"void at::native::reduce_kernel<(int)512, (int)1, at::native::ReduceOp<float, at::native::func_wrapper_t<float, at::native::sum_functor<float, float, float>::operator ()(at::TensorIterator &)::[lambda(float, float) (instance 1)]>, unsigned int, float, (int)4, (int)4>>(T3)"
:BasicsTransformerLM.layers.28.attn,PushPop,30,30,1,8,66367,8295.9,7792.0,7455,10176,1128.2,"void at::native::elementwise_kernel<(int)128, (int)2, void at::native::gpu_kernel_impl_nocast<at::native::BinaryFunctor<float, float, float, at::native::binary_internal::MulFunctor<float>>>(at::TensorIteratorBase &, const T1 &)::[lambda(int) (instance 1)]>(int, T3)"
:BasicsTransformerLM.layers.28.attn,PushPop,30,30,1,2,54848,27424.0,27424.0,27296,27552,181.0,"void at::native::<unnamed>::CatArrayBatchedCopy<at::native::<unnamed>::OpaqueType<(unsigned int)4>, unsigned int, (int)4, (int)64, (int)64>(T1 *, at::native::<unnamed>::CatArrInputTensorMetadata<T1, T2, T4, T5>, at::native::<unnamed>::TensorSizeStride<T2, (unsigned int)4>, int, T2)"
:BasicsTransformerLM.layers.28.attn,PushPop,30,30,1,4,15712,3928.0,3904.0,3872,4032,75.6,"void at::native::vectorized_elementwise_kernel<(int)4, at::native::CUDAFunctor_add<float>, std::array<char *, (unsigned long)3>>(int, T2, T3)"
:BasicsTransformerLM.layers.28.attn,PushPop,30,30,1,1,14751,14751.0,14751.0,14751,14751,0.0,"void at::native::elementwise_kernel<(int)128, (int)2, void at::native::gpu_kernel_impl_nocast<at::native::direct_copy_kernel_cuda(at::TensorIteratorBase &)::[lambda() (instance 3)]::operator ()() const::[lambda() (instance 7)]::operator ()() const::[lambda(float) (instance 1)]>(at::TensorIteratorBase &, const T1 &)::[lambda(int) (instance 1)]>(int, T3)"
:BasicsTransformerLM.layers.28.attn,PushPop,30,30,1,1,8608,8608.0,8608.0,8608,8608,0.0,"void at::native::elementwise_kernel<(int)128, (int)4, void at::native::gpu_kernel_impl_nocast<at::native::<unnamed>::CompareFunctor<long>>(at::TensorIteratorBase &, const T1 &)::[lambda(int) (instance 1)]>(int, T3)"
:BasicsTransformerLM.layers.28.attn,PushPop,30,30,1,1,1408,1408.0,1408.0,1408,1408,0.0,"void <unnamed>::elementwise_kernel_with_index<int, at::native::arange_cuda_out(const c10::Scalar &, const c10::Scalar &, const c10::Scalar &, at::Tensor &)::[lambda() (instance 1)]::operator ()() const::[lambda() (instance 4)]::operator ()() const::[lambda(long) (instance 1)]>(T1, T2, function_traits<T2>::result_type *)"
:BasicsTransformerLM.layers.28.attn,PushPop,30,30,1,1,1024,1024.0,1024.0,1024,1024,0.0,"void at::native::vectorized_elementwise_kernel<(int)4, at::native::FillFunctor<float>, std::array<char *, (unsigned long)1>>(int, T2, T3)"
:BasicsTransformerLM.layers.28.attn.k_proj,PushPop,30,30,1,1,509021,509021.0,509021.0,509021,509021,0.0,cutlass3x_sm100_simt_sgemm_f32_f32_f32_f32_f32_128x64x16_1x1x1_3_tnn_align1_bias_f32_relu
:BasicsTransformerLM.layers.28.attn.output_proj,PushPop,30,30,1,1,608349,608349.0,608349.0,608349,608349,0.0,cutlass3x_sm100_simt_sgemm_f32_f32_f32_f32_f32_128x64x16_1x1x1_3_tnn_align1_bias_f32_relu
:BasicsTransformerLM.layers.28.attn.q_proj,PushPop,30,30,1,1,507326,507326.0,507326.0,507326,507326,0.0,cutlass3x_sm100_simt_sgemm_f32_f32_f32_f32_f32_128x64x16_1x1x1_3_tnn_align1_bias_f32_relu
:BasicsTransformerLM.layers.28.attn.v_proj,PushPop,30,30,1,1,508542,508542.0,508542.0,508542,508542,0.0,cutlass3x_sm100_simt_sgemm_f32_f32_f32_f32_f32_128x64x16_1x1x1_3_tnn_align1_bias_f32_relu
:BasicsTransformerLM.layers.28.ffn,PushPop,30,30,1,2,3826380,1913190.0,1913190.0,1911766,1914614,2013.8,cutlass3x_sm100_simt_sgemm_f32_f32_f32_f32_f32_128x128x16_1x1x1_3_tnn_align1_bias_f32_relu
:BasicsTransformerLM.layers.28.ffn,PushPop,30,30,1,1,1991286,1991286.0,1991286.0,1991286,1991286,0.0,cutlass3x_sm100_simt_sgemm_f32_f32_f32_f32_f32_64x64x16_1x1x1_3_tnn_align1_bias_f32_relu
:BasicsTransformerLM.layers.28.ffn,PushPop,30,30,1,2,70528,35264.0,35264.0,32480,38048,3937.2,"void at::native::vectorized_elementwise_kernel<(int)4, at::native::BinaryFunctor<float, float, float, at::native::binary_internal::MulFunctor<float>>, std::array<char *, (unsigned long)3>>(int, T2, T3)"
:BasicsTransformerLM.layers.28.ffn,PushPop,30,30,1,1,21824,21824.0,21824.0,21824,21824,0.0,"void at::native::vectorized_elementwise_kernel<(int)4, at::native::sigmoid_kernel_cuda(at::TensorIteratorBase &)::[lambda() (instance 2)]::operator ()() const::[lambda() (instance 2)]::operator ()() const::[lambda(float) (instance 1)], std::array<char *, (unsigned long)2>>(int, T2, T3)"
:BasicsTransformerLM.layers.28.ffn.w1,PushPop,30,30,1,1,1914614,1914614.0,1914614.0,1914614,1914614,0.0,cutlass3x_sm100_simt_sgemm_f32_f32_f32_f32_f32_128x128x16_1x1x1_3_tnn_align1_bias_f32_relu
:BasicsTransformerLM.layers.28.ffn.w2,PushPop,30,30,1,1,1991286,1991286.0,1991286.0,1991286,1991286,0.0,cutlass3x_sm100_simt_sgemm_f32_f32_f32_f32_f32_64x64x16_1x1x1_3_tnn_align1_bias_f32_relu
:BasicsTransformerLM.layers.28.ffn.w3,PushPop,30,30,1,1,1911766,1911766.0,1911766.0,1911766,1911766,0.0,cutlass3x_sm100_simt_sgemm_f32_f32_f32_f32_f32_128x128x16_1x1x1_3_tnn_align1_bias_f32_relu
:BasicsTransformerLM.layers.28.ln1,PushPop,30,30,1,2,25568,12784.0,12784.0,12704,12864,113.1,"void at::native::elementwise_kernel<(int)128, (int)2, void at::native::gpu_kernel_impl_nocast<at::native::BinaryFunctor<float, float, float, at::native::binary_internal::MulFunctor<float>>>(at::TensorIteratorBase &, const T1 &)::[lambda(int) (instance 1)]>(int, T3)"
:BasicsTransformerLM.layers.28.ln1,PushPop,30,30,1,1,9120,9120.0,9120.0,9120,9120,0.0,"void at::native::reduce_kernel<(int)512, (int)1, at::native::ReduceOp<float, at::native::MeanOps<float, float, float, float>, unsigned int, float, (int)4, (int)4>>(T3)"
:BasicsTransformerLM.layers.28.ln1,PushPop,30,30,1,1,5344,5344.0,5344.0,5344,5344,0.0,"void at::native::vectorized_elementwise_kernel<(int)4, void at::native::<unnamed>::pow_tensor_scalar_kernel_impl<float, float>(at::TensorIteratorBase &, T2)::[lambda(float) (instance 1)], std::array<char *, (unsigned long)2>>(int, T2, T3)"
:BasicsTransformerLM.layers.28.ln1,PushPop,30,30,1,1,1760,1760.0,1760.0,1760,1760,0.0,"void at::native::vectorized_elementwise_kernel<(int)4, at::native::CUDAFunctorOnSelf_add<float>, std::array<char *, (unsigned long)2>>(int, T2, T3)"
:BasicsTransformerLM.layers.28.ln1,PushPop,30,30,1,1,1472,1472.0,1472.0,1472,1472,0.0,"void at::native::vectorized_elementwise_kernel<(int)4, at::native::rsqrt_kernel_cuda(at::TensorIteratorBase &)::[lambda() (instance 2)]::operator ()() const::[lambda() (instance 2)]::operator ()() const::[lambda(float) (instance 1)], std::array<char *, (unsigned long)2>>(int, T2, T3)"
:BasicsTransformerLM.layers.28.ln2,PushPop,30,30,1,2,25536,12768.0,12768.0,12672,12864,135.8,"void at::native::elementwise_kernel<(int)128, (int)2, void at::native::gpu_kernel_impl_nocast<at::native::BinaryFunctor<float, float, float, at::native::binary_internal::MulFunctor<float>>>(at::TensorIteratorBase &, const T1 &)::[lambda(int) (instance 1)]>(int, T3)"
:BasicsTransformerLM.layers.28.ln2,PushPop,30,30,1,1,9216,9216.0,9216.0,9216,9216,0.0,"void at::native::reduce_kernel<(int)512, (int)1, at::native::ReduceOp<float, at::native::MeanOps<float, float, float, float>, unsigned int, float, (int)4, (int)4>>(T3)"
:BasicsTransformerLM.layers.28.ln2,PushPop,30,30,1,1,5056,5056.0,5056.0,5056,5056,0.0,"void at::native::vectorized_elementwise_kernel<(int)4, void at::native::<unnamed>::pow_tensor_scalar_kernel_impl<float, float>(at::TensorIteratorBase &, T2)::[lambda(float) (instance 1)], std::array<char *, (unsigned long)2>>(int, T2, T3)"
:BasicsTransformerLM.layers.28.ln2,PushPop,30,30,1,1,1504,1504.0,1504.0,1504,1504,0.0,"void at::native::vectorized_elementwise_kernel<(int)4, at::native::CUDAFunctorOnSelf_add<float>, std::array<char *, (unsigned long)2>>(int, T2, T3)"
:BasicsTransformerLM.layers.28.ln2,PushPop,30,30,1,1,1408,1408.0,1408.0,1408,1408,0.0,"void at::native::vectorized_elementwise_kernel<(int)4, at::native::rsqrt_kernel_cuda(at::TensorIteratorBase &)::[lambda() (instance 2)]::operator ()() const::[lambda() (instance 2)]::operator ()() const::[lambda(float) (instance 1)], std::array<char *, (unsigned long)2>>(int, T2, T3)"
:BasicsTransformerLM.layers.29,PushPop,30,30,1,3,4393129,1464376.3,1911414.0,566557,1915158,777536.6,cutlass3x_sm100_simt_sgemm_f32_f32_f32_f32_f32_128x128x16_1x1x1_3_tnn_align1_bias_f32_relu
:BasicsTransformerLM.layers.29,PushPop,30,30,1,4,2131701,532925.3,508205.0,507390,607901,49987.6,cutlass3x_sm100_simt_sgemm_f32_f32_f32_f32_f32_128x64x16_1x1x1_3_tnn_align1_bias_f32_relu
:BasicsTransformerLM.layers.29,PushPop,30,30,1,1,1989846,1989846.0,1989846.0,1989846,1989846,0.0,cutlass3x_sm100_simt_sgemm_f32_f32_f32_f32_f32_64x64x16_1x1x1_3_tnn_align1_bias_f32_relu
:BasicsTransformerLM.layers.29,PushPop,30,30,1,1,544925,544925.0,544925.0,544925,544925,0.0,cutlass3x_sm100_simt_sgemm_f32_f32_f32_f32_f32_32x64x16_1x1x1_3_nnn_align1_bias_f32_relu
:BasicsTransformerLM.layers.29,PushPop,30,30,1,1,416286,416286.0,416286.0,416286,416286,0.0,"void at::native::elementwise_kernel<(int)128, (int)2, void at::native::gpu_kernel_impl_nocast<at::native::BinaryFunctor<float, float, float, at::native::binary_internal::DivFunctor<float>>>(at::TensorIteratorBase &, const T1 &)::[lambda(int) (instance 1)]>(int, T3)"
:BasicsTransformerLM.layers.29,PushPop,30,30,1,1,365310,365310.0,365310.0,365310,365310,0.0,"void at::native::elementwise_kernel<(int)128, (int)2, void at::native::gpu_kernel_impl_nocast<at::native::<unnamed>::where_kernel_impl(at::TensorIterator &)::[lambda() (instance 1)]::operator ()() const::[lambda() (instance 11)]::operator ()() const::[lambda(bool, float, float) (instance 1)]>(at::TensorIteratorBase &, const T1 &)::[lambda(int) (instance 1)]>(int, T3)"
:BasicsTransformerLM.layers.29,PushPop,30,30,1,1,361054,361054.0,361054.0,361054,361054,0.0,"void at::native::elementwise_kernel<(int)128, (int)2, void at::native::gpu_kernel_impl_nocast<at::native::CUDAFunctor_add<float>>(at::TensorIteratorBase &, const T1 &)::[lambda(int) (instance 1)]>(int, T3)"
:BasicsTransformerLM.layers.29,PushPop,30,30,1,1,158208,158208.0,158208.0,158208,158208,0.0,"void at::native::vectorized_elementwise_kernel<(int)4, at::native::BUnaryFunctor<float, float, float, at::native::binary_internal::MulFunctor<float>>, std::array<char *, (unsigned long)2>>(int, T2, T3)"
:BasicsTransformerLM.layers.29,PushPop,30,30,1,1,154783,154783.0,154783.0,154783,154783,0.0,"void at::native::vectorized_elementwise_kernel<(int)4, at::native::exp_kernel_cuda(at::TensorIteratorBase &)::[lambda() (instance 2)]::operator ()() const::[lambda() (instance 2)]::operator ()() const::[lambda(float) (instance 1)], std::array<char *, (unsigned long)2>>(int, T2, T3)"
:BasicsTransformerLM.layers.29,PushPop,30,30,1,1,135391,135391.0,135391.0,135391,135391,0.0,"void at::native::reduce_kernel<(int)512, (int)1, at::native::ReduceOp<float, at::native::MaxOps<float>, unsigned int, float, (int)4, (int)4>>(T3)"
:BasicsTransformerLM.layers.29,PushPop,30,30,1,12,117504,9792.0,9008.0,7616,12736,2316.3,"void at::native::elementwise_kernel<(int)128, (int)2, void at::native::gpu_kernel_impl_nocast<at::native::BinaryFunctor<float, float, float, at::native::binary_internal::MulFunctor<float>>>(at::TensorIteratorBase &, const T1 &)::[lambda(int) (instance 1)]>(int, T3)"
:BasicsTransformerLM.layers.29,PushPop,30,30,1,1,101408,101408.0,101408.0,101408,101408,0.0,"void at::native::reduce_kernel<(int)512, (int)1, at::native::ReduceOp<float, at::native::func_wrapper_t<float, at::native::sum_functor<float, float, float>::operator ()(at::TensorIterator &)::[lambda(float, float) (instance 1)]>, unsigned int, float, (int)4, (int)4>>(T3)"
:BasicsTransformerLM.layers.29,PushPop,30,30,1,2,70144,35072.0,35072.0,32320,37824,3891.9,"void at::native::vectorized_elementwise_kernel<(int)4, at::native::BinaryFunctor<float, float, float, at::native::binary_internal::MulFunctor<float>>, std::array<char *, (unsigned long)3>>(int, T2, T3)"
:BasicsTransformerLM.layers.29,PushPop,30,30,1,2,55167,27583.5,27583.5,27487,27680,136.5,"void at::native::<unnamed>::CatArrayBatchedCopy<at::native::<unnamed>::OpaqueType<(unsigned int)4>, unsigned int, (int)4, (int)64, (int)64>(T1 *, at::native::<unnamed>::CatArrInputTensorMetadata<T1, T2, T4, T5>, at::native::<unnamed>::TensorSizeStride<T2, (unsigned int)4>, int, T2)"
:BasicsTransformerLM.layers.29,PushPop,30,30,1,6,32352,5392.0,4048.0,3904,8832,2186.5,"void at::native::vectorized_elementwise_kernel<(int)4, at::native::CUDAFunctor_add<float>, std::array<char *, (unsigned long)3>>(int, T2, T3)"
:BasicsTransformerLM.layers.29,PushPop,30,30,1,1,21664,21664.0,21664.0,21664,21664,0.0,"void at::native::vectorized_elementwise_kernel<(int)4, at::native::sigmoid_kernel_cuda(at::TensorIteratorBase &)::[lambda() (instance 2)]::operator ()() const::[lambda() (instance 2)]::operator ()() const::[lambda(float) (instance 1)], std::array<char *, (unsigned long)2>>(int, T2, T3)"
:BasicsTransformerLM.layers.29,PushPop,30,30,1,2,18496,9248.0,9248.0,9216,9280,45.3,"void at::native::reduce_kernel<(int)512, (int)1, at::native::ReduceOp<float, at::native::MeanOps<float, float, float, float>, unsigned int, float, (int)4, (int)4>>(T3)"
:BasicsTransformerLM.layers.29,PushPop,30,30,1,1,14656,14656.0,14656.0,14656,14656,0.0,"void at::native::elementwise_kernel<(int)128, (int)2, void at::native::gpu_kernel_impl_nocast<at::native::direct_copy_kernel_cuda(at::TensorIteratorBase &)::[lambda() (instance 3)]::operator ()() const::[lambda() (instance 7)]::operator ()() const::[lambda(float) (instance 1)]>(at::TensorIteratorBase &, const T1 &)::[lambda(int) (instance 1)]>(int, T3)"
:BasicsTransformerLM.layers.29,PushPop,30,30,1,2,10496,5248.0,5248.0,5152,5344,135.8,"void at::native::vectorized_elementwise_kernel<(int)4, void at::native::<unnamed>::pow_tensor_scalar_kernel_impl<float, float>(at::TensorIteratorBase &, T2)::[lambda(float) (instance 1)], std::array<char *, (unsigned long)2>>(int, T2, T3)"
:BasicsTransformerLM.layers.29,PushPop,30,30,1,1,8640,8640.0,8640.0,8640,8640,0.0,"void at::native::elementwise_kernel<(int)128, (int)4, void at::native::gpu_kernel_impl_nocast<at::native::<unnamed>::CompareFunctor<long>>(at::TensorIteratorBase &, const T1 &)::[lambda(int) (instance 1)]>(int, T3)"
:BasicsTransformerLM.layers.29,PushPop,30,30,1,2,3072,1536.0,1536.0,1536,1536,0.0,"void at::native::vectorized_elementwise_kernel<(int)4, at::native::CUDAFunctorOnSelf_add<float>, std::array<char *, (unsigned long)2>>(int, T2, T3)"
:BasicsTransformerLM.layers.29,PushPop,30,30,1,2,2912,1456.0,1456.0,1440,1472,22.6,"void at::native::vectorized_elementwise_kernel<(int)4, at::native::rsqrt_kernel_cuda(at::TensorIteratorBase &)::[lambda() (instance 2)]::operator ()() const::[lambda() (instance 2)]::operator ()() const::[lambda(float) (instance 1)], std::array<char *, (unsigned long)2>>(int, T2, T3)"
:BasicsTransformerLM.layers.29,PushPop,30,30,1,1,1184,1184.0,1184.0,1184,1184,0.0,"void at::native::vectorized_elementwise_kernel<(int)4, at::native::FillFunctor<float>, std::array<char *, (unsigned long)1>>(int, T2, T3)"
:BasicsTransformerLM.layers.29,PushPop,30,30,1,1,1152,1152.0,1152.0,1152,1152,0.0,"void <unnamed>::elementwise_kernel_with_index<int, at::native::arange_cuda_out(const c10::Scalar &, const c10::Scalar &, const c10::Scalar &, at::Tensor &)::[lambda() (instance 1)]::operator ()() const::[lambda() (instance 4)]::operator ()() const::[lambda(long) (instance 1)]>(T1, T2, function_traits<T2>::result_type *)"
:BasicsTransformerLM.layers.29.attn,PushPop,30,30,1,4,2131701,532925.3,508205.0,507390,607901,49987.6,cutlass3x_sm100_simt_sgemm_f32_f32_f32_f32_f32_128x64x16_1x1x1_3_tnn_align1_bias_f32_relu
:BasicsTransformerLM.layers.29.attn,PushPop,30,30,1,1,566557,566557.0,566557.0,566557,566557,0.0,cutlass3x_sm100_simt_sgemm_f32_f32_f32_f32_f32_128x128x16_1x1x1_3_tnn_align1_bias_f32_relu
:BasicsTransformerLM.layers.29.attn,PushPop,30,30,1,1,544925,544925.0,544925.0,544925,544925,0.0,cutlass3x_sm100_simt_sgemm_f32_f32_f32_f32_f32_32x64x16_1x1x1_3_nnn_align1_bias_f32_relu
:BasicsTransformerLM.layers.29.attn,PushPop,30,30,1,1,416286,416286.0,416286.0,416286,416286,0.0,"void at::native::elementwise_kernel<(int)128, (int)2, void at::native::gpu_kernel_impl_nocast<at::native::BinaryFunctor<float, float, float, at::native::binary_internal::DivFunctor<float>>>(at::TensorIteratorBase &, const T1 &)::[lambda(int) (instance 1)]>(int, T3)"
:BasicsTransformerLM.layers.29.attn,PushPop,30,30,1,1,365310,365310.0,365310.0,365310,365310,0.0,"void at::native::elementwise_kernel<(int)128, (int)2, void at::native::gpu_kernel_impl_nocast<at::native::<unnamed>::where_kernel_impl(at::TensorIterator &)::[lambda() (instance 1)]::operator ()() const::[lambda() (instance 11)]::operator ()() const::[lambda(bool, float, float) (instance 1)]>(at::TensorIteratorBase &, const T1 &)::[lambda(int) (instance 1)]>(int, T3)"
:BasicsTransformerLM.layers.29.attn,PushPop,30,30,1,1,361054,361054.0,361054.0,361054,361054,0.0,"void at::native::elementwise_kernel<(int)128, (int)2, void at::native::gpu_kernel_impl_nocast<at::native::CUDAFunctor_add<float>>(at::TensorIteratorBase &, const T1 &)::[lambda(int) (instance 1)]>(int, T3)"
:BasicsTransformerLM.layers.29.attn,PushPop,30,30,1,1,158208,158208.0,158208.0,158208,158208,0.0,"void at::native::vectorized_elementwise_kernel<(int)4, at::native::BUnaryFunctor<float, float, float, at::native::binary_internal::MulFunctor<float>>, std::array<char *, (unsigned long)2>>(int, T2, T3)"
:BasicsTransformerLM.layers.29.attn,PushPop,30,30,1,1,154783,154783.0,154783.0,154783,154783,0.0,"void at::native::vectorized_elementwise_kernel<(int)4, at::native::exp_kernel_cuda(at::TensorIteratorBase &)::[lambda() (instance 2)]::operator ()() const::[lambda() (instance 2)]::operator ()() const::[lambda(float) (instance 1)], std::array<char *, (unsigned long)2>>(int, T2, T3)"
:BasicsTransformerLM.layers.29.attn,PushPop,30,30,1,1,135391,135391.0,135391.0,135391,135391,0.0,"void at::native::reduce_kernel<(int)512, (int)1, at::native::ReduceOp<float, at::native::MaxOps<float>, unsigned int, float, (int)4, (int)4>>(T3)"
:BasicsTransformerLM.layers.29.attn,PushPop,30,30,1,1,101408,101408.0,101408.0,101408,101408,0.0,"void at::native::reduce_kernel<(int)512, (int)1, at::native::ReduceOp<float, at::native::func_wrapper_t<float, at::native::sum_functor<float, float, float>::operator ()(at::TensorIterator &)::[lambda(float, float) (instance 1)]>, unsigned int, float, (int)4, (int)4>>(T3)"
:BasicsTransformerLM.layers.29.attn,PushPop,30,30,1,8,66816,8352.0,7776.0,7616,10272,1148.8,"void at::native::elementwise_kernel<(int)128, (int)2, void at::native::gpu_kernel_impl_nocast<at::native::BinaryFunctor<float, float, float, at::native::binary_internal::MulFunctor<float>>>(at::TensorIteratorBase &, const T1 &)::[lambda(int) (instance 1)]>(int, T3)"
:BasicsTransformerLM.layers.29.attn,PushPop,30,30,1,2,55167,27583.5,27583.5,27487,27680,136.5,"void at::native::<unnamed>::CatArrayBatchedCopy<at::native::<unnamed>::OpaqueType<(unsigned int)4>, unsigned int, (int)4, (int)64, (int)64>(T1 *, at::native::<unnamed>::CatArrInputTensorMetadata<T1, T2, T4, T5>, at::native::<unnamed>::TensorSizeStride<T2, (unsigned int)4>, int, T2)"
:BasicsTransformerLM.layers.29.attn,PushPop,30,30,1,4,16032,4008.0,4032.0,3904,4064,71.0,"void at::native::vectorized_elementwise_kernel<(int)4, at::native::CUDAFunctor_add<float>, std::array<char *, (unsigned long)3>>(int, T2, T3)"
:BasicsTransformerLM.layers.29.attn,PushPop,30,30,1,1,14656,14656.0,14656.0,14656,14656,0.0,"void at::native::elementwise_kernel<(int)128, (int)2, void at::native::gpu_kernel_impl_nocast<at::native::direct_copy_kernel_cuda(at::TensorIteratorBase &)::[lambda() (instance 3)]::operator ()() const::[lambda() (instance 7)]::operator ()() const::[lambda(float) (instance 1)]>(at::TensorIteratorBase &, const T1 &)::[lambda(int) (instance 1)]>(int, T3)"
:BasicsTransformerLM.layers.29.attn,PushPop,30,30,1,1,8640,8640.0,8640.0,8640,8640,0.0,"void at::native::elementwise_kernel<(int)128, (int)4, void at::native::gpu_kernel_impl_nocast<at::native::<unnamed>::CompareFunctor<long>>(at::TensorIteratorBase &, const T1 &)::[lambda(int) (instance 1)]>(int, T3)"
:BasicsTransformerLM.layers.29.attn,PushPop,30,30,1,1,1184,1184.0,1184.0,1184,1184,0.0,"void at::native::vectorized_elementwise_kernel<(int)4, at::native::FillFunctor<float>, std::array<char *, (unsigned long)1>>(int, T2, T3)"
:BasicsTransformerLM.layers.29.attn,PushPop,30,30,1,1,1152,1152.0,1152.0,1152,1152,0.0,"void <unnamed>::elementwise_kernel_with_index<int, at::native::arange_cuda_out(const c10::Scalar &, const c10::Scalar &, const c10::Scalar &, at::Tensor &)::[lambda() (instance 1)]::operator ()() const::[lambda() (instance 4)]::operator ()() const::[lambda(long) (instance 1)]>(T1, T2, function_traits<T2>::result_type *)"
:BasicsTransformerLM.layers.29.attn.k_proj,PushPop,30,30,1,1,507390,507390.0,507390.0,507390,507390,0.0,cutlass3x_sm100_simt_sgemm_f32_f32_f32_f32_f32_128x64x16_1x1x1_3_tnn_align1_bias_f32_relu
:BasicsTransformerLM.layers.29.attn.output_proj,PushPop,30,30,1,1,607901,607901.0,607901.0,607901,607901,0.0,cutlass3x_sm100_simt_sgemm_f32_f32_f32_f32_f32_128x64x16_1x1x1_3_tnn_align1_bias_f32_relu
:BasicsTransformerLM.layers.29.attn.q_proj,PushPop,30,30,1,1,507613,507613.0,507613.0,507613,507613,0.0,cutlass3x_sm100_simt_sgemm_f32_f32_f32_f32_f32_128x64x16_1x1x1_3_tnn_align1_bias_f32_relu
:BasicsTransformerLM.layers.29.attn.v_proj,PushPop,30,30,1,1,508797,508797.0,508797.0,508797,508797,0.0,cutlass3x_sm100_simt_sgemm_f32_f32_f32_f32_f32_128x64x16_1x1x1_3_tnn_align1_bias_f32_relu
:BasicsTransformerLM.layers.29.ffn,PushPop,30,30,1,2,3826572,1913286.0,1913286.0,1911414,1915158,2647.4,cutlass3x_sm100_simt_sgemm_f32_f32_f32_f32_f32_128x128x16_1x1x1_3_tnn_align1_bias_f32_relu
:BasicsTransformerLM.layers.29.ffn,PushPop,30,30,1,1,1989846,1989846.0,1989846.0,1989846,1989846,0.0,cutlass3x_sm100_simt_sgemm_f32_f32_f32_f32_f32_64x64x16_1x1x1_3_tnn_align1_bias_f32_relu
:BasicsTransformerLM.layers.29.ffn,PushPop,30,30,1,2,70144,35072.0,35072.0,32320,37824,3891.9,"void at::native::vectorized_elementwise_kernel<(int)4, at::native::BinaryFunctor<float, float, float, at::native::binary_internal::MulFunctor<float>>, std::array<char *, (unsigned long)3>>(int, T2, T3)"
:BasicsTransformerLM.layers.29.ffn,PushPop,30,30,1,1,21664,21664.0,21664.0,21664,21664,0.0,"void at::native::vectorized_elementwise_kernel<(int)4, at::native::sigmoid_kernel_cuda(at::TensorIteratorBase &)::[lambda() (instance 2)]::operator ()() const::[lambda() (instance 2)]::operator ()() const::[lambda(float) (instance 1)], std::array<char *, (unsigned long)2>>(int, T2, T3)"
:BasicsTransformerLM.layers.29.ffn.w1,PushPop,30,30,1,1,1915158,1915158.0,1915158.0,1915158,1915158,0.0,cutlass3x_sm100_simt_sgemm_f32_f32_f32_f32_f32_128x128x16_1x1x1_3_tnn_align1_bias_f32_relu
:BasicsTransformerLM.layers.29.ffn.w2,PushPop,30,30,1,1,1989846,1989846.0,1989846.0,1989846,1989846,0.0,cutlass3x_sm100_simt_sgemm_f32_f32_f32_f32_f32_64x64x16_1x1x1_3_tnn_align1_bias_f32_relu
:BasicsTransformerLM.layers.29.ffn.w3,PushPop,30,30,1,1,1911414,1911414.0,1911414.0,1911414,1911414,0.0,cutlass3x_sm100_simt_sgemm_f32_f32_f32_f32_f32_128x128x16_1x1x1_3_tnn_align1_bias_f32_relu
:BasicsTransformerLM.layers.29.ln1,PushPop,30,30,1,2,25248,12624.0,12624.0,12576,12672,67.9,"void at::native::elementwise_kernel<(int)128, (int)2, void at::native::gpu_kernel_impl_nocast<at::native::BinaryFunctor<float, float, float, at::native::binary_internal::MulFunctor<float>>>(at::TensorIteratorBase &, const T1 &)::[lambda(int) (instance 1)]>(int, T3)"
:BasicsTransformerLM.layers.29.ln1,PushPop,30,30,1,1,9216,9216.0,9216.0,9216,9216,0.0,"void at::native::reduce_kernel<(int)512, (int)1, at::native::ReduceOp<float, at::native::MeanOps<float, float, float, float>, unsigned int, float, (int)4, (int)4>>(T3)"
:BasicsTransformerLM.layers.29.ln1,PushPop,30,30,1,1,5152,5152.0,5152.0,5152,5152,0.0,"void at::native::vectorized_elementwise_kernel<(int)4, void at::native::<unnamed>::pow_tensor_scalar_kernel_impl<float, float>(at::TensorIteratorBase &, T2)::[lambda(float) (instance 1)], std::array<char *, (unsigned long)2>>(int, T2, T3)"
:BasicsTransformerLM.layers.29.ln1,PushPop,30,30,1,1,1536,1536.0,1536.0,1536,1536,0.0,"void at::native::vectorized_elementwise_kernel<(int)4, at::native::CUDAFunctorOnSelf_add<float>, std::array<char *, (unsigned long)2>>(int, T2, T3)"
:BasicsTransformerLM.layers.29.ln1,PushPop,30,30,1,1,1440,1440.0,1440.0,1440,1440,0.0,"void at::native::vectorized_elementwise_kernel<(int)4, at::native::rsqrt_kernel_cuda(at::TensorIteratorBase &)::[lambda() (instance 2)]::operator ()() const::[lambda() (instance 2)]::operator ()() const::[lambda(float) (instance 1)], std::array<char *, (unsigned long)2>>(int, T2, T3)"
:BasicsTransformerLM.layers.29.ln2,PushPop,30,30,1,2,25440,12720.0,12720.0,12704,12736,22.6,"void at::native::elementwise_kernel<(int)128, (int)2, void at::native::gpu_kernel_impl_nocast<at::native::BinaryFunctor<float, float, float, at::native::binary_internal::MulFunctor<float>>>(at::TensorIteratorBase &, const T1 &)::[lambda(int) (instance 1)]>(int, T3)"
:BasicsTransformerLM.layers.29.ln2,PushPop,30,30,1,1,9280,9280.0,9280.0,9280,9280,0.0,"void at::native::reduce_kernel<(int)512, (int)1, at::native::ReduceOp<float, at::native::MeanOps<float, float, float, float>, unsigned int, float, (int)4, (int)4>>(T3)"
:BasicsTransformerLM.layers.29.ln2,PushPop,30,30,1,1,5344,5344.0,5344.0,5344,5344,0.0,"void at::native::vectorized_elementwise_kernel<(int)4, void at::native::<unnamed>::pow_tensor_scalar_kernel_impl<float, float>(at::TensorIteratorBase &, T2)::[lambda(float) (instance 1)], std::array<char *, (unsigned long)2>>(int, T2, T3)"
:BasicsTransformerLM.layers.29.ln2,PushPop,30,30,1,1,1536,1536.0,1536.0,1536,1536,0.0,"void at::native::vectorized_elementwise_kernel<(int)4, at::native::CUDAFunctorOnSelf_add<float>, std::array<char *, (unsigned long)2>>(int, T2, T3)"
:BasicsTransformerLM.layers.29.ln2,PushPop,30,30,1,1,1472,1472.0,1472.0,1472,1472,0.0,"void at::native::vectorized_elementwise_kernel<(int)4, at::native::rsqrt_kernel_cuda(at::TensorIteratorBase &)::[lambda() (instance 2)]::operator ()() const::[lambda() (instance 2)]::operator ()() const::[lambda(float) (instance 1)], std::array<char *, (unsigned long)2>>(int, T2, T3)"
:BasicsTransformerLM.layers.3,PushPop,30,30,1,3,4390539,1463513.0,1911287.0,567741,1911511,775761.3,cutlass3x_sm100_simt_sgemm_f32_f32_f32_f32_f32_128x128x16_1x1x1_3_tnn_align1_bias_f32_relu
:BasicsTransformerLM.layers.3,PushPop,30,30,1,4,2041302,510325.5,508525.0,507966,516286,3982.6,cutlass3x_sm100_simt_sgemm_f32_f32_f32_f32_f32_128x64x16_1x1x1_3_tnn_align1_bias_f32_relu
:BasicsTransformerLM.layers.3,PushPop,30,30,1,1,1989334,1989334.0,1989334.0,1989334,1989334,0.0,cutlass3x_sm100_simt_sgemm_f32_f32_f32_f32_f32_64x64x16_1x1x1_3_tnn_align1_bias_f32_relu
:BasicsTransformerLM.layers.3,PushPop,30,30,1,1,545149,545149.0,545149.0,545149,545149,0.0,cutlass3x_sm100_simt_sgemm_f32_f32_f32_f32_f32_32x64x16_1x1x1_3_nnn_align1_bias_f32_relu
:BasicsTransformerLM.layers.3,PushPop,30,30,1,1,416542,416542.0,416542.0,416542,416542,0.0,"void at::native::elementwise_kernel<(int)128, (int)2, void at::native::gpu_kernel_impl_nocast<at::native::BinaryFunctor<float, float, float, at::native::binary_internal::DivFunctor<float>>>(at::TensorIteratorBase &, const T1 &)::[lambda(int) (instance 1)]>(int, T3)"
:BasicsTransformerLM.layers.3,PushPop,30,30,1,1,365470,365470.0,365470.0,365470,365470,0.0,"void at::native::elementwise_kernel<(int)128, (int)2, void at::native::gpu_kernel_impl_nocast<at::native::<unnamed>::where_kernel_impl(at::TensorIterator &)::[lambda() (instance 1)]::operator ()() const::[lambda() (instance 11)]::operator ()() const::[lambda(bool, float, float) (instance 1)]>(at::TensorIteratorBase &, const T1 &)::[lambda(int) (instance 1)]>(int, T3)"
:BasicsTransformerLM.layers.3,PushPop,30,30,1,1,361502,361502.0,361502.0,361502,361502,0.0,"void at::native::elementwise_kernel<(int)128, (int)2, void at::native::gpu_kernel_impl_nocast<at::native::CUDAFunctor_add<float>>(at::TensorIteratorBase &, const T1 &)::[lambda(int) (instance 1)]>(int, T3)"
:BasicsTransformerLM.layers.3,PushPop,30,30,1,1,156831,156831.0,156831.0,156831,156831,0.0,"void at::native::vectorized_elementwise_kernel<(int)4, at::native::BUnaryFunctor<float, float, float, at::native::binary_internal::MulFunctor<float>>, std::array<char *, (unsigned long)2>>(int, T2, T3)"
:BasicsTransformerLM.layers.3,PushPop,30,30,1,1,155264,155264.0,155264.0,155264,155264,0.0,"void at::native::vectorized_elementwise_kernel<(int)4, at::native::exp_kernel_cuda(at::TensorIteratorBase &)::[lambda() (instance 2)]::operator ()() const::[lambda() (instance 2)]::operator ()() const::[lambda(float) (instance 1)], std::array<char *, (unsigned long)2>>(int, T2, T3)"
:BasicsTransformerLM.layers.3,PushPop,30,30,1,1,135967,135967.0,135967.0,135967,135967,0.0,"void at::native::reduce_kernel<(int)512, (int)1, at::native::ReduceOp<float, at::native::MaxOps<float>, unsigned int, float, (int)4, (int)4>>(T3)"
:BasicsTransformerLM.layers.3,PushPop,30,30,1,12,116832,9736.0,8960.0,7328,12800,2423.2,"void at::native::elementwise_kernel<(int)128, (int)2, void at::native::gpu_kernel_impl_nocast<at::native::BinaryFunctor<float, float, float, at::native::binary_internal::MulFunctor<float>>>(at::TensorIteratorBase &, const T1 &)::[lambda(int) (instance 1)]>(int, T3)"
:BasicsTransformerLM.layers.3,PushPop,30,30,1,1,101503,101503.0,101503.0,101503,101503,0.0,"void at::native::reduce_kernel<(int)512, (int)1, at::native::ReduceOp<float, at::native::func_wrapper_t<float, at::native::sum_functor<float, float, float>::operator ()(at::TensorIterator &)::[lambda(float, float) (instance 1)]>, unsigned int, float, (int)4, (int)4>>(T3)"
:BasicsTransformerLM.layers.3,PushPop,30,30,1,2,71295,35647.5,35647.5,32384,38911,4615.3,"void at::native::vectorized_elementwise_kernel<(int)4, at::native::BinaryFunctor<float, float, float, at::native::binary_internal::MulFunctor<float>>, std::array<char *, (unsigned long)3>>(int, T2, T3)"
:BasicsTransformerLM.layers.3,PushPop,30,30,1,2,54976,27488.0,27488.0,27392,27584,135.8,"void at::native::<unnamed>::CatArrayBatchedCopy<at::native::<unnamed>::OpaqueType<(unsigned int)4>, unsigned int, (int)4, (int)64, (int)64>(T1 *, at::native::<unnamed>::CatArrInputTensorMetadata<T1, T2, T4, T5>, at::native::<unnamed>::TensorSizeStride<T2, (unsigned int)4>, int, T2)"
:BasicsTransformerLM.layers.3,PushPop,30,30,1,6,32255,5375.8,4064.0,3808,8703,2230.4,"void at::native::vectorized_elementwise_kernel<(int)4, at::native::CUDAFunctor_add<float>, std::array<char *, (unsigned long)3>>(int, T2, T3)"
:BasicsTransformerLM.layers.3,PushPop,30,30,1,1,21600,21600.0,21600.0,21600,21600,0.0,"void at::native::vectorized_elementwise_kernel<(int)4, at::native::sigmoid_kernel_cuda(at::TensorIteratorBase &)::[lambda() (instance 2)]::operator ()() const::[lambda() (instance 2)]::operator ()() const::[lambda(float) (instance 1)], std::array<char *, (unsigned long)2>>(int, T2, T3)"
:BasicsTransformerLM.layers.3,PushPop,30,30,1,2,18367,9183.5,9183.5,9120,9247,89.8,"void at::native::reduce_kernel<(int)512, (int)1, at::native::ReduceOp<float, at::native::MeanOps<float, float, float, float>, unsigned int, float, (int)4, (int)4>>(T3)"
:BasicsTransformerLM.layers.3,PushPop,30,30,1,1,14816,14816.0,14816.0,14816,14816,0.0,"void at::native::elementwise_kernel<(int)128, (int)2, void at::native::gpu_kernel_impl_nocast<at::native::direct_copy_kernel_cuda(at::TensorIteratorBase &)::[lambda() (instance 3)]::operator ()() const::[lambda() (instance 7)]::operator ()() const::[lambda(float) (instance 1)]>(at::TensorIteratorBase &, const T1 &)::[lambda(int) (instance 1)]>(int, T3)"
:BasicsTransformerLM.layers.3,PushPop,30,30,1,2,10368,5184.0,5184.0,5088,5280,135.8,"void at::native::vectorized_elementwise_kernel<(int)4, void at::native::<unnamed>::pow_tensor_scalar_kernel_impl<float, float>(at::TensorIteratorBase &, T2)::[lambda(float) (instance 1)], std::array<char *, (unsigned long)2>>(int, T2, T3)"
:BasicsTransformerLM.layers.3,PushPop,30,30,1,1,8704,8704.0,8704.0,8704,8704,0.0,"void at::native::elementwise_kernel<(int)128, (int)4, void at::native::gpu_kernel_impl_nocast<at::native::<unnamed>::CompareFunctor<long>>(at::TensorIteratorBase &, const T1 &)::[lambda(int) (instance 1)]>(int, T3)"
:BasicsTransformerLM.layers.3,PushPop,30,30,1,2,3072,1536.0,1536.0,1536,1536,0.0,"void at::native::vectorized_elementwise_kernel<(int)4, at::native::CUDAFunctorOnSelf_add<float>, std::array<char *, (unsigned long)2>>(int, T2, T3)"
:BasicsTransformerLM.layers.3,PushPop,30,30,1,2,3008,1504.0,1504.0,1472,1536,45.3,"void at::native::vectorized_elementwise_kernel<(int)4, at::native::rsqrt_kernel_cuda(at::TensorIteratorBase &)::[lambda() (instance 2)]::operator ()() const::[lambda() (instance 2)]::operator ()() const::[lambda(float) (instance 1)], std::array<char *, (unsigned long)2>>(int, T2, T3)"
:BasicsTransformerLM.layers.3,PushPop,30,30,1,1,1184,1184.0,1184.0,1184,1184,0.0,"void <unnamed>::elementwise_kernel_with_index<int, at::native::arange_cuda_out(const c10::Scalar &, const c10::Scalar &, const c10::Scalar &, at::Tensor &)::[lambda() (instance 1)]::operator ()() const::[lambda() (instance 4)]::operator ()() const::[lambda(long) (instance 1)]>(T1, T2, function_traits<T2>::result_type *)"
:BasicsTransformerLM.layers.3,PushPop,30,30,1,1,1024,1024.0,1024.0,1024,1024,0.0,"void at::native::vectorized_elementwise_kernel<(int)4, at::native::FillFunctor<float>, std::array<char *, (unsigned long)1>>(int, T2, T3)"
:BasicsTransformerLM.layers.3.attn,PushPop,30,30,1,4,2041302,510325.5,508525.0,507966,516286,3982.6,cutlass3x_sm100_simt_sgemm_f32_f32_f32_f32_f32_128x64x16_1x1x1_3_tnn_align1_bias_f32_relu
:BasicsTransformerLM.layers.3.attn,PushPop,30,30,1,1,567741,567741.0,567741.0,567741,567741,0.0,cutlass3x_sm100_simt_sgemm_f32_f32_f32_f32_f32_128x128x16_1x1x1_3_tnn_align1_bias_f32_relu
:BasicsTransformerLM.layers.3.attn,PushPop,30,30,1,1,545149,545149.0,545149.0,545149,545149,0.0,cutlass3x_sm100_simt_sgemm_f32_f32_f32_f32_f32_32x64x16_1x1x1_3_nnn_align1_bias_f32_relu
:BasicsTransformerLM.layers.3.attn,PushPop,30,30,1,1,416542,416542.0,416542.0,416542,416542,0.0,"void at::native::elementwise_kernel<(int)128, (int)2, void at::native::gpu_kernel_impl_nocast<at::native::BinaryFunctor<float, float, float, at::native::binary_internal::DivFunctor<float>>>(at::TensorIteratorBase &, const T1 &)::[lambda(int) (instance 1)]>(int, T3)"
:BasicsTransformerLM.layers.3.attn,PushPop,30,30,1,1,365470,365470.0,365470.0,365470,365470,0.0,"void at::native::elementwise_kernel<(int)128, (int)2, void at::native::gpu_kernel_impl_nocast<at::native::<unnamed>::where_kernel_impl(at::TensorIterator &)::[lambda() (instance 1)]::operator ()() const::[lambda() (instance 11)]::operator ()() const::[lambda(bool, float, float) (instance 1)]>(at::TensorIteratorBase &, const T1 &)::[lambda(int) (instance 1)]>(int, T3)"
:BasicsTransformerLM.layers.3.attn,PushPop,30,30,1,1,361502,361502.0,361502.0,361502,361502,0.0,"void at::native::elementwise_kernel<(int)128, (int)2, void at::native::gpu_kernel_impl_nocast<at::native::CUDAFunctor_add<float>>(at::TensorIteratorBase &, const T1 &)::[lambda(int) (instance 1)]>(int, T3)"
:BasicsTransformerLM.layers.3.attn,PushPop,30,30,1,1,156831,156831.0,156831.0,156831,156831,0.0,"void at::native::vectorized_elementwise_kernel<(int)4, at::native::BUnaryFunctor<float, float, float, at::native::binary_internal::MulFunctor<float>>, std::array<char *, (unsigned long)2>>(int, T2, T3)"
:BasicsTransformerLM.layers.3.attn,PushPop,30,30,1,1,155264,155264.0,155264.0,155264,155264,0.0,"void at::native::vectorized_elementwise_kernel<(int)4, at::native::exp_kernel_cuda(at::TensorIteratorBase &)::[lambda() (instance 2)]::operator ()() const::[lambda() (instance 2)]::operator ()() const::[lambda(float) (instance 1)], std::array<char *, (unsigned long)2>>(int, T2, T3)"
:BasicsTransformerLM.layers.3.attn,PushPop,30,30,1,1,135967,135967.0,135967.0,135967,135967,0.0,"void at::native::reduce_kernel<(int)512, (int)1, at::native::ReduceOp<float, at::native::MaxOps<float>, unsigned int, float, (int)4, (int)4>>(T3)"
:BasicsTransformerLM.layers.3.attn,PushPop,30,30,1,1,101503,101503.0,101503.0,101503,101503,0.0,"void at::native::reduce_kernel<(int)512, (int)1, at::native::ReduceOp<float, at::native::func_wrapper_t<float, at::native::sum_functor<float, float, float>::operator ()(at::TensorIterator &)::[lambda(float, float) (instance 1)]>, unsigned int, float, (int)4, (int)4>>(T3)"
:BasicsTransformerLM.layers.3.attn,PushPop,30,30,1,8,65856,8232.0,7744.0,7328,10240,1212.8,"void at::native::elementwise_kernel<(int)128, (int)2, void at::native::gpu_kernel_impl_nocast<at::native::BinaryFunctor<float, float, float, at::native::binary_internal::MulFunctor<float>>>(at::TensorIteratorBase &, const T1 &)::[lambda(int) (instance 1)]>(int, T3)"
:BasicsTransformerLM.layers.3.attn,PushPop,30,30,1,2,54976,27488.0,27488.0,27392,27584,135.8,"void at::native::<unnamed>::CatArrayBatchedCopy<at::native::<unnamed>::OpaqueType<(unsigned int)4>, unsigned int, (int)4, (int)64, (int)64>(T1 *, at::native::<unnamed>::CatArrInputTensorMetadata<T1, T2, T4, T5>, at::native::<unnamed>::TensorSizeStride<T2, (unsigned int)4>, int, T2)"
:BasicsTransformerLM.layers.3.attn,PushPop,30,30,1,4,15808,3952.0,3904.0,3808,4192,168.3,"void at::native::vectorized_elementwise_kernel<(int)4, at::native::CUDAFunctor_add<float>, std::array<char *, (unsigned long)3>>(int, T2, T3)"
:BasicsTransformerLM.layers.3.attn,PushPop,30,30,1,1,14816,14816.0,14816.0,14816,14816,0.0,"void at::native::elementwise_kernel<(int)128, (int)2, void at::native::gpu_kernel_impl_nocast<at::native::direct_copy_kernel_cuda(at::TensorIteratorBase &)::[lambda() (instance 3)]::operator ()() const::[lambda() (instance 7)]::operator ()() const::[lambda(float) (instance 1)]>(at::TensorIteratorBase &, const T1 &)::[lambda(int) (instance 1)]>(int, T3)"
:BasicsTransformerLM.layers.3.attn,PushPop,30,30,1,1,8704,8704.0,8704.0,8704,8704,0.0,"void at::native::elementwise_kernel<(int)128, (int)4, void at::native::gpu_kernel_impl_nocast<at::native::<unnamed>::CompareFunctor<long>>(at::TensorIteratorBase &, const T1 &)::[lambda(int) (instance 1)]>(int, T3)"
:BasicsTransformerLM.layers.3.attn,PushPop,30,30,1,1,1184,1184.0,1184.0,1184,1184,0.0,"void <unnamed>::elementwise_kernel_with_index<int, at::native::arange_cuda_out(const c10::Scalar &, const c10::Scalar &, const c10::Scalar &, at::Tensor &)::[lambda() (instance 1)]::operator ()() const::[lambda() (instance 4)]::operator ()() const::[lambda(long) (instance 1)]>(T1, T2, function_traits<T2>::result_type *)"
:BasicsTransformerLM.layers.3.attn,PushPop,30,30,1,1,1024,1024.0,1024.0,1024,1024,0.0,"void at::native::vectorized_elementwise_kernel<(int)4, at::native::FillFunctor<float>, std::array<char *, (unsigned long)1>>(int, T2, T3)"
:BasicsTransformerLM.layers.3.attn.k_proj,PushPop,30,30,1,1,508477,508477.0,508477.0,508477,508477,0.0,cutlass3x_sm100_simt_sgemm_f32_f32_f32_f32_f32_128x64x16_1x1x1_3_tnn_align1_bias_f32_relu
:BasicsTransformerLM.layers.3.attn.output_proj,PushPop,30,30,1,1,516286,516286.0,516286.0,516286,516286,0.0,cutlass3x_sm100_simt_sgemm_f32_f32_f32_f32_f32_128x64x16_1x1x1_3_tnn_align1_bias_f32_relu
:BasicsTransformerLM.layers.3.attn.q_proj,PushPop,30,30,1,1,507966,507966.0,507966.0,507966,507966,0.0,cutlass3x_sm100_simt_sgemm_f32_f32_f32_f32_f32_128x64x16_1x1x1_3_tnn_align1_bias_f32_relu
:BasicsTransformerLM.layers.3.attn.v_proj,PushPop,30,30,1,1,508573,508573.0,508573.0,508573,508573,0.0,cutlass3x_sm100_simt_sgemm_f32_f32_f32_f32_f32_128x64x16_1x1x1_3_tnn_align1_bias_f32_relu
:BasicsTransformerLM.layers.3.ffn,PushPop,30,30,1,2,3822798,1911399.0,1911399.0,1911287,1911511,158.4,cutlass3x_sm100_simt_sgemm_f32_f32_f32_f32_f32_128x128x16_1x1x1_3_tnn_align1_bias_f32_relu
:BasicsTransformerLM.layers.3.ffn,PushPop,30,30,1,1,1989334,1989334.0,1989334.0,1989334,1989334,0.0,cutlass3x_sm100_simt_sgemm_f32_f32_f32_f32_f32_64x64x16_1x1x1_3_tnn_align1_bias_f32_relu
:BasicsTransformerLM.layers.3.ffn,PushPop,30,30,1,2,71295,35647.5,35647.5,32384,38911,4615.3,"void at::native::vectorized_elementwise_kernel<(int)4, at::native::BinaryFunctor<float, float, float, at::native::binary_internal::MulFunctor<float>>, std::array<char *, (unsigned long)3>>(int, T2, T3)"
:BasicsTransformerLM.layers.3.ffn,PushPop,30,30,1,1,21600,21600.0,21600.0,21600,21600,0.0,"void at::native::vectorized_elementwise_kernel<(int)4, at::native::sigmoid_kernel_cuda(at::TensorIteratorBase &)::[lambda() (instance 2)]::operator ()() const::[lambda() (instance 2)]::operator ()() const::[lambda(float) (instance 1)], std::array<char *, (unsigned long)2>>(int, T2, T3)"
:BasicsTransformerLM.layers.3.ffn.w1,PushPop,30,30,1,1,1911287,1911287.0,1911287.0,1911287,1911287,0.0,cutlass3x_sm100_simt_sgemm_f32_f32_f32_f32_f32_128x128x16_1x1x1_3_tnn_align1_bias_f32_relu
:BasicsTransformerLM.layers.3.ffn.w2,PushPop,30,30,1,1,1989334,1989334.0,1989334.0,1989334,1989334,0.0,cutlass3x_sm100_simt_sgemm_f32_f32_f32_f32_f32_64x64x16_1x1x1_3_tnn_align1_bias_f32_relu
:BasicsTransformerLM.layers.3.ffn.w3,PushPop,30,30,1,1,1911511,1911511.0,1911511.0,1911511,1911511,0.0,cutlass3x_sm100_simt_sgemm_f32_f32_f32_f32_f32_128x128x16_1x1x1_3_tnn_align1_bias_f32_relu
:BasicsTransformerLM.layers.3.ln1,PushPop,30,30,1,2,25472,12736.0,12736.0,12704,12768,45.3,"void at::native::elementwise_kernel<(int)128, (int)2, void at::native::gpu_kernel_impl_nocast<at::native::BinaryFunctor<float, float, float, at::native::binary_internal::MulFunctor<float>>>(at::TensorIteratorBase &, const T1 &)::[lambda(int) (instance 1)]>(int, T3)"
:BasicsTransformerLM.layers.3.ln1,PushPop,30,30,1,1,9120,9120.0,9120.0,9120,9120,0.0,"void at::native::reduce_kernel<(int)512, (int)1, at::native::ReduceOp<float, at::native::MeanOps<float, float, float, float>, unsigned int, float, (int)4, (int)4>>(T3)"
:BasicsTransformerLM.layers.3.ln1,PushPop,30,30,1,1,5280,5280.0,5280.0,5280,5280,0.0,"void at::native::vectorized_elementwise_kernel<(int)4, void at::native::<unnamed>::pow_tensor_scalar_kernel_impl<float, float>(at::TensorIteratorBase &, T2)::[lambda(float) (instance 1)], std::array<char *, (unsigned long)2>>(int, T2, T3)"
:BasicsTransformerLM.layers.3.ln1,PushPop,30,30,1,1,1536,1536.0,1536.0,1536,1536,0.0,"void at::native::vectorized_elementwise_kernel<(int)4, at::native::CUDAFunctorOnSelf_add<float>, std::array<char *, (unsigned long)2>>(int, T2, T3)"
:BasicsTransformerLM.layers.3.ln1,PushPop,30,30,1,1,1472,1472.0,1472.0,1472,1472,0.0,"void at::native::vectorized_elementwise_kernel<(int)4, at::native::rsqrt_kernel_cuda(at::TensorIteratorBase &)::[lambda() (instance 2)]::operator ()() const::[lambda() (instance 2)]::operator ()() const::[lambda(float) (instance 1)], std::array<char *, (unsigned long)2>>(int, T2, T3)"
:BasicsTransformerLM.layers.3.ln2,PushPop,30,30,1,2,25504,12752.0,12752.0,12704,12800,67.9,"void at::native::elementwise_kernel<(int)128, (int)2, void at::native::gpu_kernel_impl_nocast<at::native::BinaryFunctor<float, float, float, at::native::binary_internal::MulFunctor<float>>>(at::TensorIteratorBase &, const T1 &)::[lambda(int) (instance 1)]>(int, T3)"
:BasicsTransformerLM.layers.3.ln2,PushPop,30,30,1,1,9247,9247.0,9247.0,9247,9247,0.0,"void at::native::reduce_kernel<(int)512, (int)1, at::native::ReduceOp<float, at::native::MeanOps<float, float, float, float>, unsigned int, float, (int)4, (int)4>>(T3)"
:BasicsTransformerLM.layers.3.ln2,PushPop,30,30,1,1,5088,5088.0,5088.0,5088,5088,0.0,"void at::native::vectorized_elementwise_kernel<(int)4, void at::native::<unnamed>::pow_tensor_scalar_kernel_impl<float, float>(at::TensorIteratorBase &, T2)::[lambda(float) (instance 1)], std::array<char *, (unsigned long)2>>(int, T2, T3)"
:BasicsTransformerLM.layers.3.ln2,PushPop,30,30,1,1,1536,1536.0,1536.0,1536,1536,0.0,"void at::native::vectorized_elementwise_kernel<(int)4, at::native::CUDAFunctorOnSelf_add<float>, std::array<char *, (unsigned long)2>>(int, T2, T3)"
:BasicsTransformerLM.layers.3.ln2,PushPop,30,30,1,1,1536,1536.0,1536.0,1536,1536,0.0,"void at::native::vectorized_elementwise_kernel<(int)4, at::native::rsqrt_kernel_cuda(at::TensorIteratorBase &)::[lambda() (instance 2)]::operator ()() const::[lambda() (instance 2)]::operator ()() const::[lambda(float) (instance 1)], std::array<char *, (unsigned long)2>>(int, T2, T3)"
:BasicsTransformerLM.layers.30,PushPop,30,30,1,3,4392714,1464238.0,1911351.0,566749,1914614,777250.0,cutlass3x_sm100_simt_sgemm_f32_f32_f32_f32_f32_128x128x16_1x1x1_3_tnn_align1_bias_f32_relu
:BasicsTransformerLM.layers.30,PushPop,30,30,1,4,2136053,534013.3,509310.0,509085,608348,49556.7,cutlass3x_sm100_simt_sgemm_f32_f32_f32_f32_f32_128x64x16_1x1x1_3_tnn_align1_bias_f32_relu
:BasicsTransformerLM.layers.30,PushPop,30,30,1,1,1991542,1991542.0,1991542.0,1991542,1991542,0.0,cutlass3x_sm100_simt_sgemm_f32_f32_f32_f32_f32_64x64x16_1x1x1_3_tnn_align1_bias_f32_relu
:BasicsTransformerLM.layers.30,PushPop,30,30,1,1,546270,546270.0,546270.0,546270,546270,0.0,cutlass3x_sm100_simt_sgemm_f32_f32_f32_f32_f32_32x64x16_1x1x1_3_nnn_align1_bias_f32_relu
:BasicsTransformerLM.layers.30,PushPop,30,30,1,1,415582,415582.0,415582.0,415582,415582,0.0,"void at::native::elementwise_kernel<(int)128, (int)2, void at::native::gpu_kernel_impl_nocast<at::native::BinaryFunctor<float, float, float, at::native::binary_internal::DivFunctor<float>>>(at::TensorIteratorBase &, const T1 &)::[lambda(int) (instance 1)]>(int, T3)"
:BasicsTransformerLM.layers.30,PushPop,30,30,1,1,365566,365566.0,365566.0,365566,365566,0.0,"void at::native::elementwise_kernel<(int)128, (int)2, void at::native::gpu_kernel_impl_nocast<at::native::<unnamed>::where_kernel_impl(at::TensorIterator &)::[lambda() (instance 1)]::operator ()() const::[lambda() (instance 11)]::operator ()() const::[lambda(bool, float, float) (instance 1)]>(at::TensorIteratorBase &, const T1 &)::[lambda(int) (instance 1)]>(int, T3)"
:BasicsTransformerLM.layers.30,PushPop,30,30,1,1,362078,362078.0,362078.0,362078,362078,0.0,"void at::native::elementwise_kernel<(int)128, (int)2, void at::native::gpu_kernel_impl_nocast<at::native::CUDAFunctor_add<float>>(at::TensorIteratorBase &, const T1 &)::[lambda(int) (instance 1)]>(int, T3)"
:BasicsTransformerLM.layers.30,PushPop,30,30,1,1,156959,156959.0,156959.0,156959,156959,0.0,"void at::native::vectorized_elementwise_kernel<(int)4, at::native::BUnaryFunctor<float, float, float, at::native::binary_internal::MulFunctor<float>>, std::array<char *, (unsigned long)2>>(int, T2, T3)"
:BasicsTransformerLM.layers.30,PushPop,30,30,1,1,155519,155519.0,155519.0,155519,155519,0.0,"void at::native::vectorized_elementwise_kernel<(int)4, at::native::exp_kernel_cuda(at::TensorIteratorBase &)::[lambda() (instance 2)]::operator ()() const::[lambda() (instance 2)]::operator ()() const::[lambda(float) (instance 1)], std::array<char *, (unsigned long)2>>(int, T2, T3)"
:BasicsTransformerLM.layers.30,PushPop,30,30,1,1,135296,135296.0,135296.0,135296,135296,0.0,"void at::native::reduce_kernel<(int)512, (int)1, at::native::ReduceOp<float, at::native::MaxOps<float>, unsigned int, float, (int)4, (int)4>>(T3)"
:BasicsTransformerLM.layers.30,PushPop,30,30,1,12,116959,9746.6,8976.0,7360,12863,2352.6,"void at::native::elementwise_kernel<(int)128, (int)2, void at::native::gpu_kernel_impl_nocast<at::native::BinaryFunctor<float, float, float, at::native::binary_internal::MulFunctor<float>>>(at::TensorIteratorBase &, const T1 &)::[lambda(int) (instance 1)]>(int, T3)"
:BasicsTransformerLM.layers.30,PushPop,30,30,1,1,100607,100607.0,100607.0,100607,100607,0.0,"void at::native::reduce_kernel<(int)512, (int)1, at::native::ReduceOp<float, at::native::func_wrapper_t<float, at::native::sum_functor<float, float, float>::operator ()(at::TensorIterator &)::[lambda(float, float) (instance 1)]>, unsigned int, float, (int)4, (int)4>>(T3)"
:BasicsTransformerLM.layers.30,PushPop,30,30,1,2,70079,35039.5,35039.5,32063,38016,4209.4,"void at::native::vectorized_elementwise_kernel<(int)4, at::native::BinaryFunctor<float, float, float, at::native::binary_internal::MulFunctor<float>>, std::array<char *, (unsigned long)3>>(int, T2, T3)"
:BasicsTransformerLM.layers.30,PushPop,30,30,1,2,54879,27439.5,27439.5,27392,27487,67.2,"void at::native::<unnamed>::CatArrayBatchedCopy<at::native::<unnamed>::OpaqueType<(unsigned int)4>, unsigned int, (int)4, (int)64, (int)64>(T1 *, at::native::<unnamed>::CatArrInputTensorMetadata<T1, T2, T4, T5>, at::native::<unnamed>::TensorSizeStride<T2, (unsigned int)4>, int, T2)"
:BasicsTransformerLM.layers.30,PushPop,30,30,1,6,32128,5354.7,4000.0,3840,8736,2214.8,"void at::native::vectorized_elementwise_kernel<(int)4, at::native::CUDAFunctor_add<float>, std::array<char *, (unsigned long)3>>(int, T2, T3)"
:BasicsTransformerLM.layers.30,PushPop,30,30,1,1,21632,21632.0,21632.0,21632,21632,0.0,"void at::native::vectorized_elementwise_kernel<(int)4, at::native::sigmoid_kernel_cuda(at::TensorIteratorBase &)::[lambda() (instance 2)]::operator ()() const::[lambda() (instance 2)]::operator ()() const::[lambda(float) (instance 1)], std::array<char *, (unsigned long)2>>(int, T2, T3)"
:BasicsTransformerLM.layers.30,PushPop,30,30,1,2,18368,9184.0,9184.0,9088,9280,135.8,"void at::native::reduce_kernel<(int)512, (int)1, at::native::ReduceOp<float, at::native::MeanOps<float, float, float, float>, unsigned int, float, (int)4, (int)4>>(T3)"
:BasicsTransformerLM.layers.30,PushPop,30,30,1,1,14880,14880.0,14880.0,14880,14880,0.0,"void at::native::elementwise_kernel<(int)128, (int)2, void at::native::gpu_kernel_impl_nocast<at::native::direct_copy_kernel_cuda(at::TensorIteratorBase &)::[lambda() (instance 3)]::operator ()() const::[lambda() (instance 7)]::operator ()() const::[lambda(float) (instance 1)]>(at::TensorIteratorBase &, const T1 &)::[lambda(int) (instance 1)]>(int, T3)"
:BasicsTransformerLM.layers.30,PushPop,30,30,1,2,10432,5216.0,5216.0,5056,5376,226.3,"void at::native::vectorized_elementwise_kernel<(int)4, void at::native::<unnamed>::pow_tensor_scalar_kernel_impl<float, float>(at::TensorIteratorBase &, T2)::[lambda(float) (instance 1)], std::array<char *, (unsigned long)2>>(int, T2, T3)"
:BasicsTransformerLM.layers.30,PushPop,30,30,1,1,8672,8672.0,8672.0,8672,8672,0.0,"void at::native::elementwise_kernel<(int)128, (int)4, void at::native::gpu_kernel_impl_nocast<at::native::<unnamed>::CompareFunctor<long>>(at::TensorIteratorBase &, const T1 &)::[lambda(int) (instance 1)]>(int, T3)"
:BasicsTransformerLM.layers.30,PushPop,30,30,1,2,3072,1536.0,1536.0,1536,1536,0.0,"void at::native::vectorized_elementwise_kernel<(int)4, at::native::CUDAFunctorOnSelf_add<float>, std::array<char *, (unsigned long)2>>(int, T2, T3)"
:BasicsTransformerLM.layers.30,PushPop,30,30,1,2,3040,1520.0,1520.0,1440,1600,113.1,"void at::native::vectorized_elementwise_kernel<(int)4, at::native::rsqrt_kernel_cuda(at::TensorIteratorBase &)::[lambda() (instance 2)]::operator ()() const::[lambda() (instance 2)]::operator ()() const::[lambda(float) (instance 1)], std::array<char *, (unsigned long)2>>(int, T2, T3)"
:BasicsTransformerLM.layers.30,PushPop,30,30,1,1,1184,1184.0,1184.0,1184,1184,0.0,"void <unnamed>::elementwise_kernel_with_index<int, at::native::arange_cuda_out(const c10::Scalar &, const c10::Scalar &, const c10::Scalar &, at::Tensor &)::[lambda() (instance 1)]::operator ()() const::[lambda() (instance 4)]::operator ()() const::[lambda(long) (instance 1)]>(T1, T2, function_traits<T2>::result_type *)"
:BasicsTransformerLM.layers.30,PushPop,30,30,1,1,1056,1056.0,1056.0,1056,1056,0.0,"void at::native::vectorized_elementwise_kernel<(int)4, at::native::FillFunctor<float>, std::array<char *, (unsigned long)1>>(int, T2, T3)"
:BasicsTransformerLM.layers.30.attn,PushPop,30,30,1,4,2136053,534013.3,509310.0,509085,608348,49556.7,cutlass3x_sm100_simt_sgemm_f32_f32_f32_f32_f32_128x64x16_1x1x1_3_tnn_align1_bias_f32_relu
:BasicsTransformerLM.layers.30.attn,PushPop,30,30,1,1,566749,566749.0,566749.0,566749,566749,0.0,cutlass3x_sm100_simt_sgemm_f32_f32_f32_f32_f32_128x128x16_1x1x1_3_tnn_align1_bias_f32_relu
:BasicsTransformerLM.layers.30.attn,PushPop,30,30,1,1,546270,546270.0,546270.0,546270,546270,0.0,cutlass3x_sm100_simt_sgemm_f32_f32_f32_f32_f32_32x64x16_1x1x1_3_nnn_align1_bias_f32_relu
:BasicsTransformerLM.layers.30.attn,PushPop,30,30,1,1,415582,415582.0,415582.0,415582,415582,0.0,"void at::native::elementwise_kernel<(int)128, (int)2, void at::native::gpu_kernel_impl_nocast<at::native::BinaryFunctor<float, float, float, at::native::binary_internal::DivFunctor<float>>>(at::TensorIteratorBase &, const T1 &)::[lambda(int) (instance 1)]>(int, T3)"
:BasicsTransformerLM.layers.30.attn,PushPop,30,30,1,1,365566,365566.0,365566.0,365566,365566,0.0,"void at::native::elementwise_kernel<(int)128, (int)2, void at::native::gpu_kernel_impl_nocast<at::native::<unnamed>::where_kernel_impl(at::TensorIterator &)::[lambda() (instance 1)]::operator ()() const::[lambda() (instance 11)]::operator ()() const::[lambda(bool, float, float) (instance 1)]>(at::TensorIteratorBase &, const T1 &)::[lambda(int) (instance 1)]>(int, T3)"
:BasicsTransformerLM.layers.30.attn,PushPop,30,30,1,1,362078,362078.0,362078.0,362078,362078,0.0,"void at::native::elementwise_kernel<(int)128, (int)2, void at::native::gpu_kernel_impl_nocast<at::native::CUDAFunctor_add<float>>(at::TensorIteratorBase &, const T1 &)::[lambda(int) (instance 1)]>(int, T3)"
:BasicsTransformerLM.layers.30.attn,PushPop,30,30,1,1,156959,156959.0,156959.0,156959,156959,0.0,"void at::native::vectorized_elementwise_kernel<(int)4, at::native::BUnaryFunctor<float, float, float, at::native::binary_internal::MulFunctor<float>>, std::array<char *, (unsigned long)2>>(int, T2, T3)"
:BasicsTransformerLM.layers.30.attn,PushPop,30,30,1,1,155519,155519.0,155519.0,155519,155519,0.0,"void at::native::vectorized_elementwise_kernel<(int)4, at::native::exp_kernel_cuda(at::TensorIteratorBase &)::[lambda() (instance 2)]::operator ()() const::[lambda() (instance 2)]::operator ()() const::[lambda(float) (instance 1)], std::array<char *, (unsigned long)2>>(int, T2, T3)"
:BasicsTransformerLM.layers.30.attn,PushPop,30,30,1,1,135296,135296.0,135296.0,135296,135296,0.0,"void at::native::reduce_kernel<(int)512, (int)1, at::native::ReduceOp<float, at::native::MaxOps<float>, unsigned int, float, (int)4, (int)4>>(T3)"
:BasicsTransformerLM.layers.30.attn,PushPop,30,30,1,1,100607,100607.0,100607.0,100607,100607,0.0,"void at::native::reduce_kernel<(int)512, (int)1, at::native::ReduceOp<float, at::native::func_wrapper_t<float, at::native::sum_functor<float, float, float>::operator ()(at::TensorIterator &)::[lambda(float, float) (instance 1)]>, unsigned int, float, (int)4, (int)4>>(T3)"
:BasicsTransformerLM.layers.30.attn,PushPop,30,30,1,8,66208,8276.0,7776.0,7360,10176,1129.3,"void at::native::elementwise_kernel<(int)128, (int)2, void at::native::gpu_kernel_impl_nocast<at::native::BinaryFunctor<float, float, float, at::native::binary_internal::MulFunctor<float>>>(at::TensorIteratorBase &, const T1 &)::[lambda(int) (instance 1)]>(int, T3)"
:BasicsTransformerLM.layers.30.attn,PushPop,30,30,1,2,54879,27439.5,27439.5,27392,27487,67.2,"void at::native::<unnamed>::CatArrayBatchedCopy<at::native::<unnamed>::OpaqueType<(unsigned int)4>, unsigned int, (int)4, (int)64, (int)64>(T1 *, at::native::<unnamed>::CatArrInputTensorMetadata<T1, T2, T4, T5>, at::native::<unnamed>::TensorSizeStride<T2, (unsigned int)4>, int, T2)"
:BasicsTransformerLM.layers.30.attn,PushPop,30,30,1,4,15776,3944.0,3952.0,3840,4032,80.0,"void at::native::vectorized_elementwise_kernel<(int)4, at::native::CUDAFunctor_add<float>, std::array<char *, (unsigned long)3>>(int, T2, T3)"
:BasicsTransformerLM.layers.30.attn,PushPop,30,30,1,1,14880,14880.0,14880.0,14880,14880,0.0,"void at::native::elementwise_kernel<(int)128, (int)2, void at::native::gpu_kernel_impl_nocast<at::native::direct_copy_kernel_cuda(at::TensorIteratorBase &)::[lambda() (instance 3)]::operator ()() const::[lambda() (instance 7)]::operator ()() const::[lambda(float) (instance 1)]>(at::TensorIteratorBase &, const T1 &)::[lambda(int) (instance 1)]>(int, T3)"
:BasicsTransformerLM.layers.30.attn,PushPop,30,30,1,1,8672,8672.0,8672.0,8672,8672,0.0,"void at::native::elementwise_kernel<(int)128, (int)4, void at::native::gpu_kernel_impl_nocast<at::native::<unnamed>::CompareFunctor<long>>(at::TensorIteratorBase &, const T1 &)::[lambda(int) (instance 1)]>(int, T3)"
:BasicsTransformerLM.layers.30.attn,PushPop,30,30,1,1,1184,1184.0,1184.0,1184,1184,0.0,"void <unnamed>::elementwise_kernel_with_index<int, at::native::arange_cuda_out(const c10::Scalar &, const c10::Scalar &, const c10::Scalar &, at::Tensor &)::[lambda() (instance 1)]::operator ()() const::[lambda() (instance 4)]::operator ()() const::[lambda(long) (instance 1)]>(T1, T2, function_traits<T2>::result_type *)"
:BasicsTransformerLM.layers.30.attn,PushPop,30,30,1,1,1056,1056.0,1056.0,1056,1056,0.0,"void at::native::vectorized_elementwise_kernel<(int)4, at::native::FillFunctor<float>, std::array<char *, (unsigned long)1>>(int, T2, T3)"
:BasicsTransformerLM.layers.30.attn.k_proj,PushPop,30,30,1,1,509085,509085.0,509085.0,509085,509085,0.0,cutlass3x_sm100_simt_sgemm_f32_f32_f32_f32_f32_128x64x16_1x1x1_3_tnn_align1_bias_f32_relu
:BasicsTransformerLM.layers.30.attn.output_proj,PushPop,30,30,1,1,608348,608348.0,608348.0,608348,608348,0.0,cutlass3x_sm100_simt_sgemm_f32_f32_f32_f32_f32_128x64x16_1x1x1_3_tnn_align1_bias_f32_relu
:BasicsTransformerLM.layers.30.attn.q_proj,PushPop,30,30,1,1,509214,509214.0,509214.0,509214,509214,0.0,cutlass3x_sm100_simt_sgemm_f32_f32_f32_f32_f32_128x64x16_1x1x1_3_tnn_align1_bias_f32_relu
:BasicsTransformerLM.layers.30.attn.v_proj,PushPop,30,30,1,1,509406,509406.0,509406.0,509406,509406,0.0,cutlass3x_sm100_simt_sgemm_f32_f32_f32_f32_f32_128x64x16_1x1x1_3_tnn_align1_bias_f32_relu
:BasicsTransformerLM.layers.30.ffn,PushPop,30,30,1,2,3825965,1912982.5,1912982.5,1911351,1914614,2307.3,cutlass3x_sm100_simt_sgemm_f32_f32_f32_f32_f32_128x128x16_1x1x1_3_tnn_align1_bias_f32_relu
:BasicsTransformerLM.layers.30.ffn,PushPop,30,30,1,1,1991542,1991542.0,1991542.0,1991542,1991542,0.0,cutlass3x_sm100_simt_sgemm_f32_f32_f32_f32_f32_64x64x16_1x1x1_3_tnn_align1_bias_f32_relu
:BasicsTransformerLM.layers.30.ffn,PushPop,30,30,1,2,70079,35039.5,35039.5,32063,38016,4209.4,"void at::native::vectorized_elementwise_kernel<(int)4, at::native::BinaryFunctor<float, float, float, at::native::binary_internal::MulFunctor<float>>, std::array<char *, (unsigned long)3>>(int, T2, T3)"
:BasicsTransformerLM.layers.30.ffn,PushPop,30,30,1,1,21632,21632.0,21632.0,21632,21632,0.0,"void at::native::vectorized_elementwise_kernel<(int)4, at::native::sigmoid_kernel_cuda(at::TensorIteratorBase &)::[lambda() (instance 2)]::operator ()() const::[lambda() (instance 2)]::operator ()() const::[lambda(float) (instance 1)], std::array<char *, (unsigned long)2>>(int, T2, T3)"
:BasicsTransformerLM.layers.30.ffn.w1,PushPop,30,30,1,1,1914614,1914614.0,1914614.0,1914614,1914614,0.0,cutlass3x_sm100_simt_sgemm_f32_f32_f32_f32_f32_128x128x16_1x1x1_3_tnn_align1_bias_f32_relu
:BasicsTransformerLM.layers.30.ffn.w2,PushPop,30,30,1,1,1991542,1991542.0,1991542.0,1991542,1991542,0.0,cutlass3x_sm100_simt_sgemm_f32_f32_f32_f32_f32_64x64x16_1x1x1_3_tnn_align1_bias_f32_relu
:BasicsTransformerLM.layers.30.ffn.w3,PushPop,30,30,1,1,1911351,1911351.0,1911351.0,1911351,1911351,0.0,cutlass3x_sm100_simt_sgemm_f32_f32_f32_f32_f32_128x128x16_1x1x1_3_tnn_align1_bias_f32_relu
:BasicsTransformerLM.layers.30.ln1,PushPop,30,30,1,2,25407,12703.5,12703.5,12544,12863,225.6,"void at::native::elementwise_kernel<(int)128, (int)2, void at::native::gpu_kernel_impl_nocast<at::native::BinaryFunctor<float, float, float, at::native::binary_internal::MulFunctor<float>>>(at::TensorIteratorBase &, const T1 &)::[lambda(int) (instance 1)]>(int, T3)"
:BasicsTransformerLM.layers.30.ln1,PushPop,30,30,1,1,9280,9280.0,9280.0,9280,9280,0.0,"void at::native::reduce_kernel<(int)512, (int)1, at::native::ReduceOp<float, at::native::MeanOps<float, float, float, float>, unsigned int, float, (int)4, (int)4>>(T3)"
:BasicsTransformerLM.layers.30.ln1,PushPop,30,30,1,1,5376,5376.0,5376.0,5376,5376,0.0,"void at::native::vectorized_elementwise_kernel<(int)4, void at::native::<unnamed>::pow_tensor_scalar_kernel_impl<float, float>(at::TensorIteratorBase &, T2)::[lambda(float) (instance 1)], std::array<char *, (unsigned long)2>>(int, T2, T3)"
:BasicsTransformerLM.layers.30.ln1,PushPop,30,30,1,1,1536,1536.0,1536.0,1536,1536,0.0,"void at::native::vectorized_elementwise_kernel<(int)4, at::native::CUDAFunctorOnSelf_add<float>, std::array<char *, (unsigned long)2>>(int, T2, T3)"
:BasicsTransformerLM.layers.30.ln1,PushPop,30,30,1,1,1440,1440.0,1440.0,1440,1440,0.0,"void at::native::vectorized_elementwise_kernel<(int)4, at::native::rsqrt_kernel_cuda(at::TensorIteratorBase &)::[lambda() (instance 2)]::operator ()() const::[lambda() (instance 2)]::operator ()() const::[lambda(float) (instance 1)], std::array<char *, (unsigned long)2>>(int, T2, T3)"
:BasicsTransformerLM.layers.30.ln2,PushPop,30,30,1,2,25344,12672.0,12672.0,12672,12672,0.0,"void at::native::elementwise_kernel<(int)128, (int)2, void at::native::gpu_kernel_impl_nocast<at::native::BinaryFunctor<float, float, float, at::native::binary_internal::MulFunctor<float>>>(at::TensorIteratorBase &, const T1 &)::[lambda(int) (instance 1)]>(int, T3)"
:BasicsTransformerLM.layers.30.ln2,PushPop,30,30,1,1,9088,9088.0,9088.0,9088,9088,0.0,"void at::native::reduce_kernel<(int)512, (int)1, at::native::ReduceOp<float, at::native::MeanOps<float, float, float, float>, unsigned int, float, (int)4, (int)4>>(T3)"
:BasicsTransformerLM.layers.30.ln2,PushPop,30,30,1,1,5056,5056.0,5056.0,5056,5056,0.0,"void at::native::vectorized_elementwise_kernel<(int)4, void at::native::<unnamed>::pow_tensor_scalar_kernel_impl<float, float>(at::TensorIteratorBase &, T2)::[lambda(float) (instance 1)], std::array<char *, (unsigned long)2>>(int, T2, T3)"
:BasicsTransformerLM.layers.30.ln2,PushPop,30,30,1,1,1600,1600.0,1600.0,1600,1600,0.0,"void at::native::vectorized_elementwise_kernel<(int)4, at::native::rsqrt_kernel_cuda(at::TensorIteratorBase &)::[lambda() (instance 2)]::operator ()() const::[lambda() (instance 2)]::operator ()() const::[lambda(float) (instance 1)], std::array<char *, (unsigned long)2>>(int, T2, T3)"
:BasicsTransformerLM.layers.30.ln2,PushPop,30,30,1,1,1536,1536.0,1536.0,1536,1536,0.0,"void at::native::vectorized_elementwise_kernel<(int)4, at::native::CUDAFunctorOnSelf_add<float>, std::array<char *, (unsigned long)2>>(int, T2, T3)"
:BasicsTransformerLM.layers.31,PushPop,30,30,1,3,4393386,1464462.0,1911126.0,567646,1914614,776667.4,cutlass3x_sm100_simt_sgemm_f32_f32_f32_f32_f32_128x128x16_1x1x1_3_tnn_align1_bias_f32_relu
:BasicsTransformerLM.layers.31,PushPop,30,30,1,4,2133621,533405.3,508925.5,507677,608093,49798.6,cutlass3x_sm100_simt_sgemm_f32_f32_f32_f32_f32_128x64x16_1x1x1_3_tnn_align1_bias_f32_relu
:BasicsTransformerLM.layers.31,PushPop,30,30,1,1,1989654,1989654.0,1989654.0,1989654,1989654,0.0,cutlass3x_sm100_simt_sgemm_f32_f32_f32_f32_f32_64x64x16_1x1x1_3_tnn_align1_bias_f32_relu
:BasicsTransformerLM.layers.31,PushPop,30,30,1,1,545085,545085.0,545085.0,545085,545085,0.0,cutlass3x_sm100_simt_sgemm_f32_f32_f32_f32_f32_32x64x16_1x1x1_3_nnn_align1_bias_f32_relu
:BasicsTransformerLM.layers.31,PushPop,30,30,1,1,416158,416158.0,416158.0,416158,416158,0.0,"void at::native::elementwise_kernel<(int)128, (int)2, void at::native::gpu_kernel_impl_nocast<at::native::BinaryFunctor<float, float, float, at::native::binary_internal::DivFunctor<float>>>(at::TensorIteratorBase &, const T1 &)::[lambda(int) (instance 1)]>(int, T3)"
:BasicsTransformerLM.layers.31,PushPop,30,30,1,1,365502,365502.0,365502.0,365502,365502,0.0,"void at::native::elementwise_kernel<(int)128, (int)2, void at::native::gpu_kernel_impl_nocast<at::native::<unnamed>::where_kernel_impl(at::TensorIterator &)::[lambda() (instance 1)]::operator ()() const::[lambda() (instance 11)]::operator ()() const::[lambda(bool, float, float) (instance 1)]>(at::TensorIteratorBase &, const T1 &)::[lambda(int) (instance 1)]>(int, T3)"
:BasicsTransformerLM.layers.31,PushPop,30,30,1,1,361662,361662.0,361662.0,361662,361662,0.0,"void at::native::elementwise_kernel<(int)128, (int)2, void at::native::gpu_kernel_impl_nocast<at::native::CUDAFunctor_add<float>>(at::TensorIteratorBase &, const T1 &)::[lambda(int) (instance 1)]>(int, T3)"
:BasicsTransformerLM.layers.31,PushPop,30,30,1,1,157503,157503.0,157503.0,157503,157503,0.0,"void at::native::vectorized_elementwise_kernel<(int)4, at::native::BUnaryFunctor<float, float, float, at::native::binary_internal::MulFunctor<float>>, std::array<char *, (unsigned long)2>>(int, T2, T3)"
:BasicsTransformerLM.layers.31,PushPop,30,30,1,1,155168,155168.0,155168.0,155168,155168,0.0,"void at::native::vectorized_elementwise_kernel<(int)4, at::native::exp_kernel_cuda(at::TensorIteratorBase &)::[lambda() (instance 2)]::operator ()() const::[lambda() (instance 2)]::operator ()() const::[lambda(float) (instance 1)], std::array<char *, (unsigned long)2>>(int, T2, T3)"
:BasicsTransformerLM.layers.31,PushPop,30,30,1,1,135807,135807.0,135807.0,135807,135807,0.0,"void at::native::reduce_kernel<(int)512, (int)1, at::native::ReduceOp<float, at::native::MaxOps<float>, unsigned int, float, (int)4, (int)4>>(T3)"
:BasicsTransformerLM.layers.31,PushPop,30,30,1,12,117056,9754.7,8992.0,7488,12736,2359.6,"void at::native::elementwise_kernel<(int)128, (int)2, void at::native::gpu_kernel_impl_nocast<at::native::BinaryFunctor<float, float, float, at::native::binary_internal::MulFunctor<float>>>(at::TensorIteratorBase &, const T1 &)::[lambda(int) (instance 1)]>(int, T3)"
:BasicsTransformerLM.layers.31,PushPop,30,30,1,1,101471,101471.0,101471.0,101471,101471,0.0,"void at::native::reduce_kernel<(int)512, (int)1, at::native::ReduceOp<float, at::native::func_wrapper_t<float, at::native::sum_functor<float, float, float>::operator ()(at::TensorIterator &)::[lambda(float, float) (instance 1)]>, unsigned int, float, (int)4, (int)4>>(T3)"
:BasicsTransformerLM.layers.31,PushPop,30,30,1,2,70336,35168.0,35168.0,32672,37664,3529.9,"void at::native::vectorized_elementwise_kernel<(int)4, at::native::BinaryFunctor<float, float, float, at::native::binary_internal::MulFunctor<float>>, std::array<char *, (unsigned long)3>>(int, T2, T3)"
:BasicsTransformerLM.layers.31,PushPop,30,30,1,2,54911,27455.5,27455.5,27392,27519,89.8,"void at::native::<unnamed>::CatArrayBatchedCopy<at::native::<unnamed>::OpaqueType<(unsigned int)4>, unsigned int, (int)4, (int)64, (int)64>(T1 *, at::native::<unnamed>::CatArrInputTensorMetadata<T1, T2, T4, T5>, at::native::<unnamed>::TensorSizeStride<T2, (unsigned int)4>, int, T2)"
:BasicsTransformerLM.layers.31,PushPop,30,30,1,6,32256,5376.0,3968.0,3904,8768,2243.6,"void at::native::vectorized_elementwise_kernel<(int)4, at::native::CUDAFunctor_add<float>, std::array<char *, (unsigned long)3>>(int, T2, T3)"
:BasicsTransformerLM.layers.31,PushPop,30,30,1,1,22272,22272.0,22272.0,22272,22272,0.0,"void at::native::vectorized_elementwise_kernel<(int)4, at::native::sigmoid_kernel_cuda(at::TensorIteratorBase &)::[lambda() (instance 2)]::operator ()() const::[lambda() (instance 2)]::operator ()() const::[lambda(float) (instance 1)], std::array<char *, (unsigned long)2>>(int, T2, T3)"
:BasicsTransformerLM.layers.31,PushPop,30,30,1,2,18336,9168.0,9168.0,9120,9216,67.9,"void at::native::reduce_kernel<(int)512, (int)1, at::native::ReduceOp<float, at::native::MeanOps<float, float, float, float>, unsigned int, float, (int)4, (int)4>>(T3)"
:BasicsTransformerLM.layers.31,PushPop,30,30,1,1,14784,14784.0,14784.0,14784,14784,0.0,"void at::native::elementwise_kernel<(int)128, (int)2, void at::native::gpu_kernel_impl_nocast<at::native::direct_copy_kernel_cuda(at::TensorIteratorBase &)::[lambda() (instance 3)]::operator ()() const::[lambda() (instance 7)]::operator ()() const::[lambda(float) (instance 1)]>(at::TensorIteratorBase &, const T1 &)::[lambda(int) (instance 1)]>(int, T3)"
:BasicsTransformerLM.layers.31,PushPop,30,30,1,2,10336,5168.0,5168.0,5152,5184,22.6,"void at::native::vectorized_elementwise_kernel<(int)4, void at::native::<unnamed>::pow_tensor_scalar_kernel_impl<float, float>(at::TensorIteratorBase &, T2)::[lambda(float) (instance 1)], std::array<char *, (unsigned long)2>>(int, T2, T3)"
:BasicsTransformerLM.layers.31,PushPop,30,30,1,1,8640,8640.0,8640.0,8640,8640,0.0,"void at::native::elementwise_kernel<(int)128, (int)4, void at::native::gpu_kernel_impl_nocast<at::native::<unnamed>::CompareFunctor<long>>(at::TensorIteratorBase &, const T1 &)::[lambda(int) (instance 1)]>(int, T3)"
:BasicsTransformerLM.layers.31,PushPop,30,30,1,2,3264,1632.0,1632.0,1504,1760,181.0,"void at::native::vectorized_elementwise_kernel<(int)4, at::native::CUDAFunctorOnSelf_add<float>, std::array<char *, (unsigned long)2>>(int, T2, T3)"
:BasicsTransformerLM.layers.31,PushPop,30,30,1,2,2976,1488.0,1488.0,1472,1504,22.6,"void at::native::vectorized_elementwise_kernel<(int)4, at::native::rsqrt_kernel_cuda(at::TensorIteratorBase &)::[lambda() (instance 2)]::operator ()() const::[lambda() (instance 2)]::operator ()() const::[lambda(float) (instance 1)], std::array<char *, (unsigned long)2>>(int, T2, T3)"
:BasicsTransformerLM.layers.31,PushPop,30,30,1,1,1376,1376.0,1376.0,1376,1376,0.0,"void <unnamed>::elementwise_kernel_with_index<int, at::native::arange_cuda_out(const c10::Scalar &, const c10::Scalar &, const c10::Scalar &, at::Tensor &)::[lambda() (instance 1)]::operator ()() const::[lambda() (instance 4)]::operator ()() const::[lambda(long) (instance 1)]>(T1, T2, function_traits<T2>::result_type *)"
:BasicsTransformerLM.layers.31,PushPop,30,30,1,1,1024,1024.0,1024.0,1024,1024,0.0,"void at::native::vectorized_elementwise_kernel<(int)4, at::native::FillFunctor<float>, std::array<char *, (unsigned long)1>>(int, T2, T3)"
:BasicsTransformerLM.layers.31.attn,PushPop,30,30,1,4,2133621,533405.3,508925.5,507677,608093,49798.6,cutlass3x_sm100_simt_sgemm_f32_f32_f32_f32_f32_128x64x16_1x1x1_3_tnn_align1_bias_f32_relu
:BasicsTransformerLM.layers.31.attn,PushPop,30,30,1,1,567646,567646.0,567646.0,567646,567646,0.0,cutlass3x_sm100_simt_sgemm_f32_f32_f32_f32_f32_128x128x16_1x1x1_3_tnn_align1_bias_f32_relu
:BasicsTransformerLM.layers.31.attn,PushPop,30,30,1,1,545085,545085.0,545085.0,545085,545085,0.0,cutlass3x_sm100_simt_sgemm_f32_f32_f32_f32_f32_32x64x16_1x1x1_3_nnn_align1_bias_f32_relu
:BasicsTransformerLM.layers.31.attn,PushPop,30,30,1,1,416158,416158.0,416158.0,416158,416158,0.0,"void at::native::elementwise_kernel<(int)128, (int)2, void at::native::gpu_kernel_impl_nocast<at::native::BinaryFunctor<float, float, float, at::native::binary_internal::DivFunctor<float>>>(at::TensorIteratorBase &, const T1 &)::[lambda(int) (instance 1)]>(int, T3)"
:BasicsTransformerLM.layers.31.attn,PushPop,30,30,1,1,365502,365502.0,365502.0,365502,365502,0.0,"void at::native::elementwise_kernel<(int)128, (int)2, void at::native::gpu_kernel_impl_nocast<at::native::<unnamed>::where_kernel_impl(at::TensorIterator &)::[lambda() (instance 1)]::operator ()() const::[lambda() (instance 11)]::operator ()() const::[lambda(bool, float, float) (instance 1)]>(at::TensorIteratorBase &, const T1 &)::[lambda(int) (instance 1)]>(int, T3)"
:BasicsTransformerLM.layers.31.attn,PushPop,30,30,1,1,361662,361662.0,361662.0,361662,361662,0.0,"void at::native::elementwise_kernel<(int)128, (int)2, void at::native::gpu_kernel_impl_nocast<at::native::CUDAFunctor_add<float>>(at::TensorIteratorBase &, const T1 &)::[lambda(int) (instance 1)]>(int, T3)"
:BasicsTransformerLM.layers.31.attn,PushPop,30,30,1,1,157503,157503.0,157503.0,157503,157503,0.0,"void at::native::vectorized_elementwise_kernel<(int)4, at::native::BUnaryFunctor<float, float, float, at::native::binary_internal::MulFunctor<float>>, std::array<char *, (unsigned long)2>>(int, T2, T3)"
:BasicsTransformerLM.layers.31.attn,PushPop,30,30,1,1,155168,155168.0,155168.0,155168,155168,0.0,"void at::native::vectorized_elementwise_kernel<(int)4, at::native::exp_kernel_cuda(at::TensorIteratorBase &)::[lambda() (instance 2)]::operator ()() const::[lambda() (instance 2)]::operator ()() const::[lambda(float) (instance 1)], std::array<char *, (unsigned long)2>>(int, T2, T3)"
:BasicsTransformerLM.layers.31.attn,PushPop,30,30,1,1,135807,135807.0,135807.0,135807,135807,0.0,"void at::native::reduce_kernel<(int)512, (int)1, at::native::ReduceOp<float, at::native::MaxOps<float>, unsigned int, float, (int)4, (int)4>>(T3)"
:BasicsTransformerLM.layers.31.attn,PushPop,30,30,1,1,101471,101471.0,101471.0,101471,101471,0.0,"void at::native::reduce_kernel<(int)512, (int)1, at::native::ReduceOp<float, at::native::func_wrapper_t<float, at::native::sum_functor<float, float, float>::operator ()(at::TensorIterator &)::[lambda(float, float) (instance 1)]>, unsigned int, float, (int)4, (int)4>>(T3)"
:BasicsTransformerLM.layers.31.attn,PushPop,30,30,1,8,66304,8288.0,7728.0,7488,10208,1171.4,"void at::native::elementwise_kernel<(int)128, (int)2, void at::native::gpu_kernel_impl_nocast<at::native::BinaryFunctor<float, float, float, at::native::binary_internal::MulFunctor<float>>>(at::TensorIteratorBase &, const T1 &)::[lambda(int) (instance 1)]>(int, T3)"
:BasicsTransformerLM.layers.31.attn,PushPop,30,30,1,2,54911,27455.5,27455.5,27392,27519,89.8,"void at::native::<unnamed>::CatArrayBatchedCopy<at::native::<unnamed>::OpaqueType<(unsigned int)4>, unsigned int, (int)4, (int)64, (int)64>(T1 *, at::native::<unnamed>::CatArrInputTensorMetadata<T1, T2, T4, T5>, at::native::<unnamed>::TensorSizeStride<T2, (unsigned int)4>, int, T2)"
:BasicsTransformerLM.layers.31.attn,PushPop,30,30,1,4,15776,3944.0,3952.0,3904,3968,30.6,"void at::native::vectorized_elementwise_kernel<(int)4, at::native::CUDAFunctor_add<float>, std::array<char *, (unsigned long)3>>(int, T2, T3)"
:BasicsTransformerLM.layers.31.attn,PushPop,30,30,1,1,14784,14784.0,14784.0,14784,14784,0.0,"void at::native::elementwise_kernel<(int)128, (int)2, void at::native::gpu_kernel_impl_nocast<at::native::direct_copy_kernel_cuda(at::TensorIteratorBase &)::[lambda() (instance 3)]::operator ()() const::[lambda() (instance 7)]::operator ()() const::[lambda(float) (instance 1)]>(at::TensorIteratorBase &, const T1 &)::[lambda(int) (instance 1)]>(int, T3)"
:BasicsTransformerLM.layers.31.attn,PushPop,30,30,1,1,8640,8640.0,8640.0,8640,8640,0.0,"void at::native::elementwise_kernel<(int)128, (int)4, void at::native::gpu_kernel_impl_nocast<at::native::<unnamed>::CompareFunctor<long>>(at::TensorIteratorBase &, const T1 &)::[lambda(int) (instance 1)]>(int, T3)"
:BasicsTransformerLM.layers.31.attn,PushPop,30,30,1,1,1376,1376.0,1376.0,1376,1376,0.0,"void <unnamed>::elementwise_kernel_with_index<int, at::native::arange_cuda_out(const c10::Scalar &, const c10::Scalar &, const c10::Scalar &, at::Tensor &)::[lambda() (instance 1)]::operator ()() const::[lambda() (instance 4)]::operator ()() const::[lambda(long) (instance 1)]>(T1, T2, function_traits<T2>::result_type *)"
:BasicsTransformerLM.layers.31.attn,PushPop,30,30,1,1,1024,1024.0,1024.0,1024,1024,0.0,"void at::native::vectorized_elementwise_kernel<(int)4, at::native::FillFunctor<float>, std::array<char *, (unsigned long)1>>(int, T2, T3)"
:BasicsTransformerLM.layers.31.attn.k_proj,PushPop,30,30,1,1,508222,508222.0,508222.0,508222,508222,0.0,cutlass3x_sm100_simt_sgemm_f32_f32_f32_f32_f32_128x64x16_1x1x1_3_tnn_align1_bias_f32_relu
:BasicsTransformerLM.layers.31.attn.output_proj,PushPop,30,30,1,1,608093,608093.0,608093.0,608093,608093,0.0,cutlass3x_sm100_simt_sgemm_f32_f32_f32_f32_f32_128x64x16_1x1x1_3_tnn_align1_bias_f32_relu
:BasicsTransformerLM.layers.31.attn.q_proj,PushPop,30,30,1,1,507677,507677.0,507677.0,507677,507677,0.0,cutlass3x_sm100_simt_sgemm_f32_f32_f32_f32_f32_128x64x16_1x1x1_3_tnn_align1_bias_f32_relu
:BasicsTransformerLM.layers.31.attn.v_proj,PushPop,30,30,1,1,509629,509629.0,509629.0,509629,509629,0.0,cutlass3x_sm100_simt_sgemm_f32_f32_f32_f32_f32_128x64x16_1x1x1_3_tnn_align1_bias_f32_relu
:BasicsTransformerLM.layers.31.ffn,PushPop,30,30,1,2,3825740,1912870.0,1912870.0,1911126,1914614,2466.4,cutlass3x_sm100_simt_sgemm_f32_f32_f32_f32_f32_128x128x16_1x1x1_3_tnn_align1_bias_f32_relu
:BasicsTransformerLM.layers.31.ffn,PushPop,30,30,1,1,1989654,1989654.0,1989654.0,1989654,1989654,0.0,cutlass3x_sm100_simt_sgemm_f32_f32_f32_f32_f32_64x64x16_1x1x1_3_tnn_align1_bias_f32_relu
:BasicsTransformerLM.layers.31.ffn,PushPop,30,30,1,2,70336,35168.0,35168.0,32672,37664,3529.9,"void at::native::vectorized_elementwise_kernel<(int)4, at::native::BinaryFunctor<float, float, float, at::native::binary_internal::MulFunctor<float>>, std::array<char *, (unsigned long)3>>(int, T2, T3)"
:BasicsTransformerLM.layers.31.ffn,PushPop,30,30,1,1,22272,22272.0,22272.0,22272,22272,0.0,"void at::native::vectorized_elementwise_kernel<(int)4, at::native::sigmoid_kernel_cuda(at::TensorIteratorBase &)::[lambda() (instance 2)]::operator ()() const::[lambda() (instance 2)]::operator ()() const::[lambda(float) (instance 1)], std::array<char *, (unsigned long)2>>(int, T2, T3)"
:BasicsTransformerLM.layers.31.ffn.w1,PushPop,30,30,1,1,1914614,1914614.0,1914614.0,1914614,1914614,0.0,cutlass3x_sm100_simt_sgemm_f32_f32_f32_f32_f32_128x128x16_1x1x1_3_tnn_align1_bias_f32_relu
:BasicsTransformerLM.layers.31.ffn.w2,PushPop,30,30,1,1,1989654,1989654.0,1989654.0,1989654,1989654,0.0,cutlass3x_sm100_simt_sgemm_f32_f32_f32_f32_f32_64x64x16_1x1x1_3_tnn_align1_bias_f32_relu
:BasicsTransformerLM.layers.31.ffn.w3,PushPop,30,30,1,1,1911126,1911126.0,1911126.0,1911126,1911126,0.0,cutlass3x_sm100_simt_sgemm_f32_f32_f32_f32_f32_128x128x16_1x1x1_3_tnn_align1_bias_f32_relu
:BasicsTransformerLM.layers.31.ln1,PushPop,30,30,1,2,25408,12704.0,12704.0,12672,12736,45.3,"void at::native::elementwise_kernel<(int)128, (int)2, void at::native::gpu_kernel_impl_nocast<at::native::BinaryFunctor<float, float, float, at::native::binary_internal::MulFunctor<float>>>(at::TensorIteratorBase &, const T1 &)::[lambda(int) (instance 1)]>(int, T3)"
:BasicsTransformerLM.layers.31.ln1,PushPop,30,30,1,1,9216,9216.0,9216.0,9216,9216,0.0,"void at::native::reduce_kernel<(int)512, (int)1, at::native::ReduceOp<float, at::native::MeanOps<float, float, float, float>, unsigned int, float, (int)4, (int)4>>(T3)"
:BasicsTransformerLM.layers.31.ln1,PushPop,30,30,1,1,5152,5152.0,5152.0,5152,5152,0.0,"void at::native::vectorized_elementwise_kernel<(int)4, void at::native::<unnamed>::pow_tensor_scalar_kernel_impl<float, float>(at::TensorIteratorBase &, T2)::[lambda(float) (instance 1)], std::array<char *, (unsigned long)2>>(int, T2, T3)"
:BasicsTransformerLM.layers.31.ln1,PushPop,30,30,1,1,1760,1760.0,1760.0,1760,1760,0.0,"void at::native::vectorized_elementwise_kernel<(int)4, at::native::CUDAFunctorOnSelf_add<float>, std::array<char *, (unsigned long)2>>(int, T2, T3)"
:BasicsTransformerLM.layers.31.ln1,PushPop,30,30,1,1,1504,1504.0,1504.0,1504,1504,0.0,"void at::native::vectorized_elementwise_kernel<(int)4, at::native::rsqrt_kernel_cuda(at::TensorIteratorBase &)::[lambda() (instance 2)]::operator ()() const::[lambda() (instance 2)]::operator ()() const::[lambda(float) (instance 1)], std::array<char *, (unsigned long)2>>(int, T2, T3)"
:BasicsTransformerLM.layers.31.ln2,PushPop,30,30,1,2,25344,12672.0,12672.0,12608,12736,90.5,"void at::native::elementwise_kernel<(int)128, (int)2, void at::native::gpu_kernel_impl_nocast<at::native::BinaryFunctor<float, float, float, at::native::binary_internal::MulFunctor<float>>>(at::TensorIteratorBase &, const T1 &)::[lambda(int) (instance 1)]>(int, T3)"
:BasicsTransformerLM.layers.31.ln2,PushPop,30,30,1,1,9120,9120.0,9120.0,9120,9120,0.0,"void at::native::reduce_kernel<(int)512, (int)1, at::native::ReduceOp<float, at::native::MeanOps<float, float, float, float>, unsigned int, float, (int)4, (int)4>>(T3)"
:BasicsTransformerLM.layers.31.ln2,PushPop,30,30,1,1,5184,5184.0,5184.0,5184,5184,0.0,"void at::native::vectorized_elementwise_kernel<(int)4, void at::native::<unnamed>::pow_tensor_scalar_kernel_impl<float, float>(at::TensorIteratorBase &, T2)::[lambda(float) (instance 1)], std::array<char *, (unsigned long)2>>(int, T2, T3)"
:BasicsTransformerLM.layers.31.ln2,PushPop,30,30,1,1,1504,1504.0,1504.0,1504,1504,0.0,"void at::native::vectorized_elementwise_kernel<(int)4, at::native::CUDAFunctorOnSelf_add<float>, std::array<char *, (unsigned long)2>>(int, T2, T3)"
:BasicsTransformerLM.layers.31.ln2,PushPop,30,30,1,1,1472,1472.0,1472.0,1472,1472,0.0,"void at::native::vectorized_elementwise_kernel<(int)4, at::native::rsqrt_kernel_cuda(at::TensorIteratorBase &)::[lambda() (instance 2)]::operator ()() const::[lambda() (instance 2)]::operator ()() const::[lambda(float) (instance 1)], std::array<char *, (unsigned long)2>>(int, T2, T3)"
:BasicsTransformerLM.layers.4,PushPop,30,30,1,3,4392681,1464227.0,1910614.0,567133,1914934,776909.2,cutlass3x_sm100_simt_sgemm_f32_f32_f32_f32_f32_128x128x16_1x1x1_3_tnn_align1_bias_f32_relu
:BasicsTransformerLM.layers.4,PushPop,30,30,1,4,2132181,533045.3,508365.5,507613,607837,49865.6,cutlass3x_sm100_simt_sgemm_f32_f32_f32_f32_f32_128x64x16_1x1x1_3_tnn_align1_bias_f32_relu
:BasicsTransformerLM.layers.4,PushPop,30,30,1,1,1990454,1990454.0,1990454.0,1990454,1990454,0.0,cutlass3x_sm100_simt_sgemm_f32_f32_f32_f32_f32_64x64x16_1x1x1_3_tnn_align1_bias_f32_relu
:BasicsTransformerLM.layers.4,PushPop,30,30,1,1,546205,546205.0,546205.0,546205,546205,0.0,cutlass3x_sm100_simt_sgemm_f32_f32_f32_f32_f32_32x64x16_1x1x1_3_nnn_align1_bias_f32_relu
:BasicsTransformerLM.layers.4,PushPop,30,30,1,1,415678,415678.0,415678.0,415678,415678,0.0,"void at::native::elementwise_kernel<(int)128, (int)2, void at::native::gpu_kernel_impl_nocast<at::native::BinaryFunctor<float, float, float, at::native::binary_internal::DivFunctor<float>>>(at::TensorIteratorBase &, const T1 &)::[lambda(int) (instance 1)]>(int, T3)"
:BasicsTransformerLM.layers.4,PushPop,30,30,1,1,365470,365470.0,365470.0,365470,365470,0.0,"void at::native::elementwise_kernel<(int)128, (int)2, void at::native::gpu_kernel_impl_nocast<at::native::<unnamed>::where_kernel_impl(at::TensorIterator &)::[lambda() (instance 1)]::operator ()() const::[lambda() (instance 11)]::operator ()() const::[lambda(bool, float, float) (instance 1)]>(at::TensorIteratorBase &, const T1 &)::[lambda(int) (instance 1)]>(int, T3)"
:BasicsTransformerLM.layers.4,PushPop,30,30,1,1,361055,361055.0,361055.0,361055,361055,0.0,"void at::native::elementwise_kernel<(int)128, (int)2, void at::native::gpu_kernel_impl_nocast<at::native::CUDAFunctor_add<float>>(at::TensorIteratorBase &, const T1 &)::[lambda(int) (instance 1)]>(int, T3)"
:BasicsTransformerLM.layers.4,PushPop,30,30,1,1,156831,156831.0,156831.0,156831,156831,0.0,"void at::native::vectorized_elementwise_kernel<(int)4, at::native::BUnaryFunctor<float, float, float, at::native::binary_internal::MulFunctor<float>>, std::array<char *, (unsigned long)2>>(int, T2, T3)"
:BasicsTransformerLM.layers.4,PushPop,30,30,1,1,154111,154111.0,154111.0,154111,154111,0.0,"void at::native::vectorized_elementwise_kernel<(int)4, at::native::exp_kernel_cuda(at::TensorIteratorBase &)::[lambda() (instance 2)]::operator ()() const::[lambda() (instance 2)]::operator ()() const::[lambda(float) (instance 1)], std::array<char *, (unsigned long)2>>(int, T2, T3)"
:BasicsTransformerLM.layers.4,PushPop,30,30,1,1,135423,135423.0,135423.0,135423,135423,0.0,"void at::native::reduce_kernel<(int)512, (int)1, at::native::ReduceOp<float, at::native::MaxOps<float>, unsigned int, float, (int)4, (int)4>>(T3)"
:BasicsTransformerLM.layers.4,PushPop,30,30,1,12,116352,9696.0,8864.0,7328,12800,2409.7,"void at::native::elementwise_kernel<(int)128, (int)2, void at::native::gpu_kernel_impl_nocast<at::native::BinaryFunctor<float, float, float, at::native::binary_internal::MulFunctor<float>>>(at::TensorIteratorBase &, const T1 &)::[lambda(int) (instance 1)]>(int, T3)"
:BasicsTransformerLM.layers.4,PushPop,30,30,1,1,101567,101567.0,101567.0,101567,101567,0.0,"void at::native::reduce_kernel<(int)512, (int)1, at::native::ReduceOp<float, at::native::func_wrapper_t<float, at::native::sum_functor<float, float, float>::operator ()(at::TensorIterator &)::[lambda(float, float) (instance 1)]>, unsigned int, float, (int)4, (int)4>>(T3)"
:BasicsTransformerLM.layers.4,PushPop,30,30,1,2,71072,35536.0,35536.0,33568,37504,2783.2,"void at::native::vectorized_elementwise_kernel<(int)4, at::native::BinaryFunctor<float, float, float, at::native::binary_internal::MulFunctor<float>>, std::array<char *, (unsigned long)3>>(int, T2, T3)"
:BasicsTransformerLM.layers.4,PushPop,30,30,1,2,54912,27456.0,27456.0,27392,27520,90.5,"void at::native::<unnamed>::CatArrayBatchedCopy<at::native::<unnamed>::OpaqueType<(unsigned int)4>, unsigned int, (int)4, (int)64, (int)64>(T1 *, at::native::<unnamed>::CatArrInputTensorMetadata<T1, T2, T4, T5>, at::native::<unnamed>::TensorSizeStride<T2, (unsigned int)4>, int, T2)"
:BasicsTransformerLM.layers.4,PushPop,30,30,1,6,32064,5344.0,3952.0,3840,8800,2250.2,"void at::native::vectorized_elementwise_kernel<(int)4, at::native::CUDAFunctor_add<float>, std::array<char *, (unsigned long)3>>(int, T2, T3)"
:BasicsTransformerLM.layers.4,PushPop,30,30,1,1,22304,22304.0,22304.0,22304,22304,0.0,"void at::native::vectorized_elementwise_kernel<(int)4, at::native::sigmoid_kernel_cuda(at::TensorIteratorBase &)::[lambda() (instance 2)]::operator ()() const::[lambda() (instance 2)]::operator ()() const::[lambda(float) (instance 1)], std::array<char *, (unsigned long)2>>(int, T2, T3)"
:BasicsTransformerLM.layers.4,PushPop,30,30,1,2,18560,9280.0,9280.0,9280,9280,0.0,"void at::native::reduce_kernel<(int)512, (int)1, at::native::ReduceOp<float, at::native::MeanOps<float, float, float, float>, unsigned int, float, (int)4, (int)4>>(T3)"
:BasicsTransformerLM.layers.4,PushPop,30,30,1,1,14720,14720.0,14720.0,14720,14720,0.0,"void at::native::elementwise_kernel<(int)128, (int)2, void at::native::gpu_kernel_impl_nocast<at::native::direct_copy_kernel_cuda(at::TensorIteratorBase &)::[lambda() (instance 3)]::operator ()() const::[lambda() (instance 7)]::operator ()() const::[lambda(float) (instance 1)]>(at::TensorIteratorBase &, const T1 &)::[lambda(int) (instance 1)]>(int, T3)"
:BasicsTransformerLM.layers.4,PushPop,30,30,1,2,10304,5152.0,5152.0,5088,5216,90.5,"void at::native::vectorized_elementwise_kernel<(int)4, void at::native::<unnamed>::pow_tensor_scalar_kernel_impl<float, float>(at::TensorIteratorBase &, T2)::[lambda(float) (instance 1)], std::array<char *, (unsigned long)2>>(int, T2, T3)"
:BasicsTransformerLM.layers.4,PushPop,30,30,1,1,8672,8672.0,8672.0,8672,8672,0.0,"void at::native::elementwise_kernel<(int)128, (int)4, void at::native::gpu_kernel_impl_nocast<at::native::<unnamed>::CompareFunctor<long>>(at::TensorIteratorBase &, const T1 &)::[lambda(int) (instance 1)]>(int, T3)"
:BasicsTransformerLM.layers.4,PushPop,30,30,1,2,3136,1568.0,1568.0,1536,1600,45.3,"void at::native::vectorized_elementwise_kernel<(int)4, at::native::CUDAFunctorOnSelf_add<float>, std::array<char *, (unsigned long)2>>(int, T2, T3)"
:BasicsTransformerLM.layers.4,PushPop,30,30,1,2,2880,1440.0,1440.0,1440,1440,0.0,"void at::native::vectorized_elementwise_kernel<(int)4, at::native::rsqrt_kernel_cuda(at::TensorIteratorBase &)::[lambda() (instance 2)]::operator ()() const::[lambda() (instance 2)]::operator ()() const::[lambda(float) (instance 1)], std::array<char *, (unsigned long)2>>(int, T2, T3)"
:BasicsTransformerLM.layers.4,PushPop,30,30,1,1,1152,1152.0,1152.0,1152,1152,0.0,"void <unnamed>::elementwise_kernel_with_index<int, at::native::arange_cuda_out(const c10::Scalar &, const c10::Scalar &, const c10::Scalar &, at::Tensor &)::[lambda() (instance 1)]::operator ()() const::[lambda() (instance 4)]::operator ()() const::[lambda(long) (instance 1)]>(T1, T2, function_traits<T2>::result_type *)"
:BasicsTransformerLM.layers.4,PushPop,30,30,1,1,1024,1024.0,1024.0,1024,1024,0.0,"void at::native::vectorized_elementwise_kernel<(int)4, at::native::FillFunctor<float>, std::array<char *, (unsigned long)1>>(int, T2, T3)"
:BasicsTransformerLM.layers.4.attn,PushPop,30,30,1,4,2132181,533045.3,508365.5,507613,607837,49865.6,cutlass3x_sm100_simt_sgemm_f32_f32_f32_f32_f32_128x64x16_1x1x1_3_tnn_align1_bias_f32_relu
:BasicsTransformerLM.layers.4.attn,PushPop,30,30,1,1,567133,567133.0,567133.0,567133,567133,0.0,cutlass3x_sm100_simt_sgemm_f32_f32_f32_f32_f32_128x128x16_1x1x1_3_tnn_align1_bias_f32_relu
:BasicsTransformerLM.layers.4.attn,PushPop,30,30,1,1,546205,546205.0,546205.0,546205,546205,0.0,cutlass3x_sm100_simt_sgemm_f32_f32_f32_f32_f32_32x64x16_1x1x1_3_nnn_align1_bias_f32_relu
:BasicsTransformerLM.layers.4.attn,PushPop,30,30,1,1,415678,415678.0,415678.0,415678,415678,0.0,"void at::native::elementwise_kernel<(int)128, (int)2, void at::native::gpu_kernel_impl_nocast<at::native::BinaryFunctor<float, float, float, at::native::binary_internal::DivFunctor<float>>>(at::TensorIteratorBase &, const T1 &)::[lambda(int) (instance 1)]>(int, T3)"
:BasicsTransformerLM.layers.4.attn,PushPop,30,30,1,1,365470,365470.0,365470.0,365470,365470,0.0,"void at::native::elementwise_kernel<(int)128, (int)2, void at::native::gpu_kernel_impl_nocast<at::native::<unnamed>::where_kernel_impl(at::TensorIterator &)::[lambda() (instance 1)]::operator ()() const::[lambda() (instance 11)]::operator ()() const::[lambda(bool, float, float) (instance 1)]>(at::TensorIteratorBase &, const T1 &)::[lambda(int) (instance 1)]>(int, T3)"
:BasicsTransformerLM.layers.4.attn,PushPop,30,30,1,1,361055,361055.0,361055.0,361055,361055,0.0,"void at::native::elementwise_kernel<(int)128, (int)2, void at::native::gpu_kernel_impl_nocast<at::native::CUDAFunctor_add<float>>(at::TensorIteratorBase &, const T1 &)::[lambda(int) (instance 1)]>(int, T3)"
:BasicsTransformerLM.layers.4.attn,PushPop,30,30,1,1,156831,156831.0,156831.0,156831,156831,0.0,"void at::native::vectorized_elementwise_kernel<(int)4, at::native::BUnaryFunctor<float, float, float, at::native::binary_internal::MulFunctor<float>>, std::array<char *, (unsigned long)2>>(int, T2, T3)"
:BasicsTransformerLM.layers.4.attn,PushPop,30,30,1,1,154111,154111.0,154111.0,154111,154111,0.0,"void at::native::vectorized_elementwise_kernel<(int)4, at::native::exp_kernel_cuda(at::TensorIteratorBase &)::[lambda() (instance 2)]::operator ()() const::[lambda() (instance 2)]::operator ()() const::[lambda(float) (instance 1)], std::array<char *, (unsigned long)2>>(int, T2, T3)"
:BasicsTransformerLM.layers.4.attn,PushPop,30,30,1,1,135423,135423.0,135423.0,135423,135423,0.0,"void at::native::reduce_kernel<(int)512, (int)1, at::native::ReduceOp<float, at::native::MaxOps<float>, unsigned int, float, (int)4, (int)4>>(T3)"
:BasicsTransformerLM.layers.4.attn,PushPop,30,30,1,1,101567,101567.0,101567.0,101567,101567,0.0,"void at::native::reduce_kernel<(int)512, (int)1, at::native::ReduceOp<float, at::native::func_wrapper_t<float, at::native::sum_functor<float, float, float>::operator ()(at::TensorIterator &)::[lambda(float, float) (instance 1)]>, unsigned int, float, (int)4, (int)4>>(T3)"
:BasicsTransformerLM.layers.4.attn,PushPop,30,30,1,8,65408,8176.0,7696.0,7328,9952,1096.4,"void at::native::elementwise_kernel<(int)128, (int)2, void at::native::gpu_kernel_impl_nocast<at::native::BinaryFunctor<float, float, float, at::native::binary_internal::MulFunctor<float>>>(at::TensorIteratorBase &, const T1 &)::[lambda(int) (instance 1)]>(int, T3)"
:BasicsTransformerLM.layers.4.attn,PushPop,30,30,1,2,54912,27456.0,27456.0,27392,27520,90.5,"void at::native::<unnamed>::CatArrayBatchedCopy<at::native::<unnamed>::OpaqueType<(unsigned int)4>, unsigned int, (int)4, (int)64, (int)64>(T1 *, at::native::<unnamed>::CatArrInputTensorMetadata<T1, T2, T4, T5>, at::native::<unnamed>::TensorSizeStride<T2, (unsigned int)4>, int, T2)"
:BasicsTransformerLM.layers.4.attn,PushPop,30,30,1,4,15648,3912.0,3920.0,3840,3968,54.7,"void at::native::vectorized_elementwise_kernel<(int)4, at::native::CUDAFunctor_add<float>, std::array<char *, (unsigned long)3>>(int, T2, T3)"
:BasicsTransformerLM.layers.4.attn,PushPop,30,30,1,1,14720,14720.0,14720.0,14720,14720,0.0,"void at::native::elementwise_kernel<(int)128, (int)2, void at::native::gpu_kernel_impl_nocast<at::native::direct_copy_kernel_cuda(at::TensorIteratorBase &)::[lambda() (instance 3)]::operator ()() const::[lambda() (instance 7)]::operator ()() const::[lambda(float) (instance 1)]>(at::TensorIteratorBase &, const T1 &)::[lambda(int) (instance 1)]>(int, T3)"
:BasicsTransformerLM.layers.4.attn,PushPop,30,30,1,1,8672,8672.0,8672.0,8672,8672,0.0,"void at::native::elementwise_kernel<(int)128, (int)4, void at::native::gpu_kernel_impl_nocast<at::native::<unnamed>::CompareFunctor<long>>(at::TensorIteratorBase &, const T1 &)::[lambda(int) (instance 1)]>(int, T3)"
:BasicsTransformerLM.layers.4.attn,PushPop,30,30,1,1,1152,1152.0,1152.0,1152,1152,0.0,"void <unnamed>::elementwise_kernel_with_index<int, at::native::arange_cuda_out(const c10::Scalar &, const c10::Scalar &, const c10::Scalar &, at::Tensor &)::[lambda() (instance 1)]::operator ()() const::[lambda() (instance 4)]::operator ()() const::[lambda(long) (instance 1)]>(T1, T2, function_traits<T2>::result_type *)"
:BasicsTransformerLM.layers.4.attn,PushPop,30,30,1,1,1024,1024.0,1024.0,1024,1024,0.0,"void at::native::vectorized_elementwise_kernel<(int)4, at::native::FillFunctor<float>, std::array<char *, (unsigned long)1>>(int, T2, T3)"
:BasicsTransformerLM.layers.4.attn.k_proj,PushPop,30,30,1,1,507613,507613.0,507613.0,507613,507613,0.0,cutlass3x_sm100_simt_sgemm_f32_f32_f32_f32_f32_128x64x16_1x1x1_3_tnn_align1_bias_f32_relu
:BasicsTransformerLM.layers.4.attn.output_proj,PushPop,30,30,1,1,607837,607837.0,607837.0,607837,607837,0.0,cutlass3x_sm100_simt_sgemm_f32_f32_f32_f32_f32_128x64x16_1x1x1_3_tnn_align1_bias_f32_relu
:BasicsTransformerLM.layers.4.attn.q_proj,PushPop,30,30,1,1,507678,507678.0,507678.0,507678,507678,0.0,cutlass3x_sm100_simt_sgemm_f32_f32_f32_f32_f32_128x64x16_1x1x1_3_tnn_align1_bias_f32_relu
:BasicsTransformerLM.layers.4.attn.v_proj,PushPop,30,30,1,1,509053,509053.0,509053.0,509053,509053,0.0,cutlass3x_sm100_simt_sgemm_f32_f32_f32_f32_f32_128x64x16_1x1x1_3_tnn_align1_bias_f32_relu
:BasicsTransformerLM.layers.4.ffn,PushPop,30,30,1,2,3825548,1912774.0,1912774.0,1910614,1914934,3054.7,cutlass3x_sm100_simt_sgemm_f32_f32_f32_f32_f32_128x128x16_1x1x1_3_tnn_align1_bias_f32_relu
:BasicsTransformerLM.layers.4.ffn,PushPop,30,30,1,1,1990454,1990454.0,1990454.0,1990454,1990454,0.0,cutlass3x_sm100_simt_sgemm_f32_f32_f32_f32_f32_64x64x16_1x1x1_3_tnn_align1_bias_f32_relu
:BasicsTransformerLM.layers.4.ffn,PushPop,30,30,1,2,71072,35536.0,35536.0,33568,37504,2783.2,"void at::native::vectorized_elementwise_kernel<(int)4, at::native::BinaryFunctor<float, float, float, at::native::binary_internal::MulFunctor<float>>, std::array<char *, (unsigned long)3>>(int, T2, T3)"
:BasicsTransformerLM.layers.4.ffn,PushPop,30,30,1,1,22304,22304.0,22304.0,22304,22304,0.0,"void at::native::vectorized_elementwise_kernel<(int)4, at::native::sigmoid_kernel_cuda(at::TensorIteratorBase &)::[lambda() (instance 2)]::operator ()() const::[lambda() (instance 2)]::operator ()() const::[lambda(float) (instance 1)], std::array<char *, (unsigned long)2>>(int, T2, T3)"
:BasicsTransformerLM.layers.4.ffn.w1,PushPop,30,30,1,1,1914934,1914934.0,1914934.0,1914934,1914934,0.0,cutlass3x_sm100_simt_sgemm_f32_f32_f32_f32_f32_128x128x16_1x1x1_3_tnn_align1_bias_f32_relu
:BasicsTransformerLM.layers.4.ffn.w2,PushPop,30,30,1,1,1990454,1990454.0,1990454.0,1990454,1990454,0.0,cutlass3x_sm100_simt_sgemm_f32_f32_f32_f32_f32_64x64x16_1x1x1_3_tnn_align1_bias_f32_relu
:BasicsTransformerLM.layers.4.ffn.w3,PushPop,30,30,1,1,1910614,1910614.0,1910614.0,1910614,1910614,0.0,cutlass3x_sm100_simt_sgemm_f32_f32_f32_f32_f32_128x128x16_1x1x1_3_tnn_align1_bias_f32_relu
:BasicsTransformerLM.layers.4.ln1,PushPop,30,30,1,2,25472,12736.0,12736.0,12672,12800,90.5,"void at::native::elementwise_kernel<(int)128, (int)2, void at::native::gpu_kernel_impl_nocast<at::native::BinaryFunctor<float, float, float, at::native::binary_internal::MulFunctor<float>>>(at::TensorIteratorBase &, const T1 &)::[lambda(int) (instance 1)]>(int, T3)"
:BasicsTransformerLM.layers.4.ln1,PushPop,30,30,1,1,9280,9280.0,9280.0,9280,9280,0.0,"void at::native::reduce_kernel<(int)512, (int)1, at::native::ReduceOp<float, at::native::MeanOps<float, float, float, float>, unsigned int, float, (int)4, (int)4>>(T3)"
:BasicsTransformerLM.layers.4.ln1,PushPop,30,30,1,1,5088,5088.0,5088.0,5088,5088,0.0,"void at::native::vectorized_elementwise_kernel<(int)4, void at::native::<unnamed>::pow_tensor_scalar_kernel_impl<float, float>(at::TensorIteratorBase &, T2)::[lambda(float) (instance 1)], std::array<char *, (unsigned long)2>>(int, T2, T3)"
:BasicsTransformerLM.layers.4.ln1,PushPop,30,30,1,1,1536,1536.0,1536.0,1536,1536,0.0,"void at::native::vectorized_elementwise_kernel<(int)4, at::native::CUDAFunctorOnSelf_add<float>, std::array<char *, (unsigned long)2>>(int, T2, T3)"
:BasicsTransformerLM.layers.4.ln1,PushPop,30,30,1,1,1440,1440.0,1440.0,1440,1440,0.0,"void at::native::vectorized_elementwise_kernel<(int)4, at::native::rsqrt_kernel_cuda(at::TensorIteratorBase &)::[lambda() (instance 2)]::operator ()() const::[lambda() (instance 2)]::operator ()() const::[lambda(float) (instance 1)], std::array<char *, (unsigned long)2>>(int, T2, T3)"
:BasicsTransformerLM.layers.4.ln2,PushPop,30,30,1,2,25472,12736.0,12736.0,12704,12768,45.3,"void at::native::elementwise_kernel<(int)128, (int)2, void at::native::gpu_kernel_impl_nocast<at::native::BinaryFunctor<float, float, float, at::native::binary_internal::MulFunctor<float>>>(at::TensorIteratorBase &, const T1 &)::[lambda(int) (instance 1)]>(int, T3)"
:BasicsTransformerLM.layers.4.ln2,PushPop,30,30,1,1,9280,9280.0,9280.0,9280,9280,0.0,"void at::native::reduce_kernel<(int)512, (int)1, at::native::ReduceOp<float, at::native::MeanOps<float, float, float, float>, unsigned int, float, (int)4, (int)4>>(T3)"
:BasicsTransformerLM.layers.4.ln2,PushPop,30,30,1,1,5216,5216.0,5216.0,5216,5216,0.0,"void at::native::vectorized_elementwise_kernel<(int)4, void at::native::<unnamed>::pow_tensor_scalar_kernel_impl<float, float>(at::TensorIteratorBase &, T2)::[lambda(float) (instance 1)], std::array<char *, (unsigned long)2>>(int, T2, T3)"
:BasicsTransformerLM.layers.4.ln2,PushPop,30,30,1,1,1600,1600.0,1600.0,1600,1600,0.0,"void at::native::vectorized_elementwise_kernel<(int)4, at::native::CUDAFunctorOnSelf_add<float>, std::array<char *, (unsigned long)2>>(int, T2, T3)"
:BasicsTransformerLM.layers.4.ln2,PushPop,30,30,1,1,1440,1440.0,1440.0,1440,1440,0.0,"void at::native::vectorized_elementwise_kernel<(int)4, at::native::rsqrt_kernel_cuda(at::TensorIteratorBase &)::[lambda() (instance 2)]::operator ()() const::[lambda() (instance 2)]::operator ()() const::[lambda(float) (instance 1)], std::array<char *, (unsigned long)2>>(int, T2, T3)"
:BasicsTransformerLM.layers.5,PushPop,30,30,1,3,4389993,1463331.0,1911158.0,567037,1911798,776213.4,cutlass3x_sm100_simt_sgemm_f32_f32_f32_f32_f32_128x128x16_1x1x1_3_tnn_align1_bias_f32_relu
:BasicsTransformerLM.layers.5,PushPop,30,30,1,4,2041109,510277.3,509197.5,507549,515165,3443.3,cutlass3x_sm100_simt_sgemm_f32_f32_f32_f32_f32_128x64x16_1x1x1_3_tnn_align1_bias_f32_relu
:BasicsTransformerLM.layers.5,PushPop,30,30,1,1,1987830,1987830.0,1987830.0,1987830,1987830,0.0,cutlass3x_sm100_simt_sgemm_f32_f32_f32_f32_f32_64x64x16_1x1x1_3_tnn_align1_bias_f32_relu
:BasicsTransformerLM.layers.5,PushPop,30,30,1,1,545213,545213.0,545213.0,545213,545213,0.0,cutlass3x_sm100_simt_sgemm_f32_f32_f32_f32_f32_32x64x16_1x1x1_3_nnn_align1_bias_f32_relu
:BasicsTransformerLM.layers.5,PushPop,30,30,1,1,416094,416094.0,416094.0,416094,416094,0.0,"void at::native::elementwise_kernel<(int)128, (int)2, void at::native::gpu_kernel_impl_nocast<at::native::BinaryFunctor<float, float, float, at::native::binary_internal::DivFunctor<float>>>(at::TensorIteratorBase &, const T1 &)::[lambda(int) (instance 1)]>(int, T3)"
:BasicsTransformerLM.layers.5,PushPop,30,30,1,1,365023,365023.0,365023.0,365023,365023,0.0,"void at::native::elementwise_kernel<(int)128, (int)2, void at::native::gpu_kernel_impl_nocast<at::native::<unnamed>::where_kernel_impl(at::TensorIterator &)::[lambda() (instance 1)]::operator ()() const::[lambda() (instance 11)]::operator ()() const::[lambda(bool, float, float) (instance 1)]>(at::TensorIteratorBase &, const T1 &)::[lambda(int) (instance 1)]>(int, T3)"
:BasicsTransformerLM.layers.5,PushPop,30,30,1,1,362366,362366.0,362366.0,362366,362366,0.0,"void at::native::elementwise_kernel<(int)128, (int)2, void at::native::gpu_kernel_impl_nocast<at::native::CUDAFunctor_add<float>>(at::TensorIteratorBase &, const T1 &)::[lambda(int) (instance 1)]>(int, T3)"
:BasicsTransformerLM.layers.5,PushPop,30,30,1,1,158111,158111.0,158111.0,158111,158111,0.0,"void at::native::vectorized_elementwise_kernel<(int)4, at::native::BUnaryFunctor<float, float, float, at::native::binary_internal::MulFunctor<float>>, std::array<char *, (unsigned long)2>>(int, T2, T3)"
:BasicsTransformerLM.layers.5,PushPop,30,30,1,1,154239,154239.0,154239.0,154239,154239,0.0,"void at::native::vectorized_elementwise_kernel<(int)4, at::native::exp_kernel_cuda(at::TensorIteratorBase &)::[lambda() (instance 2)]::operator ()() const::[lambda() (instance 2)]::operator ()() const::[lambda(float) (instance 1)], std::array<char *, (unsigned long)2>>(int, T2, T3)"
:BasicsTransformerLM.layers.5,PushPop,30,30,1,1,135295,135295.0,135295.0,135295,135295,0.0,"void at::native::reduce_kernel<(int)512, (int)1, at::native::ReduceOp<float, at::native::MaxOps<float>, unsigned int, float, (int)4, (int)4>>(T3)"
:BasicsTransformerLM.layers.5,PushPop,30,30,1,12,116512,9709.3,8848.0,7392,12864,2411.8,"void at::native::elementwise_kernel<(int)128, (int)2, void at::native::gpu_kernel_impl_nocast<at::native::BinaryFunctor<float, float, float, at::native::binary_internal::MulFunctor<float>>>(at::TensorIteratorBase &, const T1 &)::[lambda(int) (instance 1)]>(int, T3)"
:BasicsTransformerLM.layers.5,PushPop,30,30,1,1,100992,100992.0,100992.0,100992,100992,0.0,"void at::native::reduce_kernel<(int)512, (int)1, at::native::ReduceOp<float, at::native::func_wrapper_t<float, at::native::sum_functor<float, float, float>::operator ()(at::TensorIterator &)::[lambda(float, float) (instance 1)]>, unsigned int, float, (int)4, (int)4>>(T3)"
:BasicsTransformerLM.layers.5,PushPop,30,30,1,2,70080,35040.0,35040.0,32480,37600,3620.4,"void at::native::vectorized_elementwise_kernel<(int)4, at::native::BinaryFunctor<float, float, float, at::native::binary_internal::MulFunctor<float>>, std::array<char *, (unsigned long)3>>(int, T2, T3)"
:BasicsTransformerLM.layers.5,PushPop,30,30,1,2,54944,27472.0,27472.0,27360,27584,158.4,"void at::native::<unnamed>::CatArrayBatchedCopy<at::native::<unnamed>::OpaqueType<(unsigned int)4>, unsigned int, (int)4, (int)64, (int)64>(T1 *, at::native::<unnamed>::CatArrInputTensorMetadata<T1, T2, T4, T5>, at::native::<unnamed>::TensorSizeStride<T2, (unsigned int)4>, int, T2)"
:BasicsTransformerLM.layers.5,PushPop,30,30,1,6,32095,5349.2,3999.5,3776,8672,2257.6,"void at::native::vectorized_elementwise_kernel<(int)4, at::native::CUDAFunctor_add<float>, std::array<char *, (unsigned long)3>>(int, T2, T3)"
:BasicsTransformerLM.layers.5,PushPop,30,30,1,1,21696,21696.0,21696.0,21696,21696,0.0,"void at::native::vectorized_elementwise_kernel<(int)4, at::native::sigmoid_kernel_cuda(at::TensorIteratorBase &)::[lambda() (instance 2)]::operator ()() const::[lambda() (instance 2)]::operator ()() const::[lambda(float) (instance 1)], std::array<char *, (unsigned long)2>>(int, T2, T3)"
:BasicsTransformerLM.layers.5,PushPop,30,30,1,2,18496,9248.0,9248.0,9152,9344,135.8,"void at::native::reduce_kernel<(int)512, (int)1, at::native::ReduceOp<float, at::native::MeanOps<float, float, float, float>, unsigned int, float, (int)4, (int)4>>(T3)"
:BasicsTransformerLM.layers.5,PushPop,30,30,1,1,14720,14720.0,14720.0,14720,14720,0.0,"void at::native::elementwise_kernel<(int)128, (int)2, void at::native::gpu_kernel_impl_nocast<at::native::direct_copy_kernel_cuda(at::TensorIteratorBase &)::[lambda() (instance 3)]::operator ()() const::[lambda() (instance 7)]::operator ()() const::[lambda(float) (instance 1)]>(at::TensorIteratorBase &, const T1 &)::[lambda(int) (instance 1)]>(int, T3)"
:BasicsTransformerLM.layers.5,PushPop,30,30,1,2,10304,5152.0,5152.0,5120,5184,45.3,"void at::native::vectorized_elementwise_kernel<(int)4, void at::native::<unnamed>::pow_tensor_scalar_kernel_impl<float, float>(at::TensorIteratorBase &, T2)::[lambda(float) (instance 1)], std::array<char *, (unsigned long)2>>(int, T2, T3)"
:BasicsTransformerLM.layers.5,PushPop,30,30,1,1,8672,8672.0,8672.0,8672,8672,0.0,"void at::native::elementwise_kernel<(int)128, (int)4, void at::native::gpu_kernel_impl_nocast<at::native::<unnamed>::CompareFunctor<long>>(at::TensorIteratorBase &, const T1 &)::[lambda(int) (instance 1)]>(int, T3)"
:BasicsTransformerLM.layers.5,PushPop,30,30,1,2,3136,1568.0,1568.0,1568,1568,0.0,"void at::native::vectorized_elementwise_kernel<(int)4, at::native::CUDAFunctorOnSelf_add<float>, std::array<char *, (unsigned long)2>>(int, T2, T3)"
:BasicsTransformerLM.layers.5,PushPop,30,30,1,2,2912,1456.0,1456.0,1440,1472,22.6,"void at::native::vectorized_elementwise_kernel<(int)4, at::native::rsqrt_kernel_cuda(at::TensorIteratorBase &)::[lambda() (instance 2)]::operator ()() const::[lambda() (instance 2)]::operator ()() const::[lambda(float) (instance 1)], std::array<char *, (unsigned long)2>>(int, T2, T3)"
:BasicsTransformerLM.layers.5,PushPop,30,30,1,1,1184,1184.0,1184.0,1184,1184,0.0,"void <unnamed>::elementwise_kernel_with_index<int, at::native::arange_cuda_out(const c10::Scalar &, const c10::Scalar &, const c10::Scalar &, at::Tensor &)::[lambda() (instance 1)]::operator ()() const::[lambda() (instance 4)]::operator ()() const::[lambda(long) (instance 1)]>(T1, T2, function_traits<T2>::result_type *)"
:BasicsTransformerLM.layers.5,PushPop,30,30,1,1,1184,1184.0,1184.0,1184,1184,0.0,"void at::native::vectorized_elementwise_kernel<(int)4, at::native::FillFunctor<float>, std::array<char *, (unsigned long)1>>(int, T2, T3)"
:BasicsTransformerLM.layers.5.attn,PushPop,30,30,1,4,2041109,510277.3,509197.5,507549,515165,3443.3,cutlass3x_sm100_simt_sgemm_f32_f32_f32_f32_f32_128x64x16_1x1x1_3_tnn_align1_bias_f32_relu
:BasicsTransformerLM.layers.5.attn,PushPop,30,30,1,1,567037,567037.0,567037.0,567037,567037,0.0,cutlass3x_sm100_simt_sgemm_f32_f32_f32_f32_f32_128x128x16_1x1x1_3_tnn_align1_bias_f32_relu
:BasicsTransformerLM.layers.5.attn,PushPop,30,30,1,1,545213,545213.0,545213.0,545213,545213,0.0,cutlass3x_sm100_simt_sgemm_f32_f32_f32_f32_f32_32x64x16_1x1x1_3_nnn_align1_bias_f32_relu
:BasicsTransformerLM.layers.5.attn,PushPop,30,30,1,1,416094,416094.0,416094.0,416094,416094,0.0,"void at::native::elementwise_kernel<(int)128, (int)2, void at::native::gpu_kernel_impl_nocast<at::native::BinaryFunctor<float, float, float, at::native::binary_internal::DivFunctor<float>>>(at::TensorIteratorBase &, const T1 &)::[lambda(int) (instance 1)]>(int, T3)"
:BasicsTransformerLM.layers.5.attn,PushPop,30,30,1,1,365023,365023.0,365023.0,365023,365023,0.0,"void at::native::elementwise_kernel<(int)128, (int)2, void at::native::gpu_kernel_impl_nocast<at::native::<unnamed>::where_kernel_impl(at::TensorIterator &)::[lambda() (instance 1)]::operator ()() const::[lambda() (instance 11)]::operator ()() const::[lambda(bool, float, float) (instance 1)]>(at::TensorIteratorBase &, const T1 &)::[lambda(int) (instance 1)]>(int, T3)"
:BasicsTransformerLM.layers.5.attn,PushPop,30,30,1,1,362366,362366.0,362366.0,362366,362366,0.0,"void at::native::elementwise_kernel<(int)128, (int)2, void at::native::gpu_kernel_impl_nocast<at::native::CUDAFunctor_add<float>>(at::TensorIteratorBase &, const T1 &)::[lambda(int) (instance 1)]>(int, T3)"
:BasicsTransformerLM.layers.5.attn,PushPop,30,30,1,1,158111,158111.0,158111.0,158111,158111,0.0,"void at::native::vectorized_elementwise_kernel<(int)4, at::native::BUnaryFunctor<float, float, float, at::native::binary_internal::MulFunctor<float>>, std::array<char *, (unsigned long)2>>(int, T2, T3)"
:BasicsTransformerLM.layers.5.attn,PushPop,30,30,1,1,154239,154239.0,154239.0,154239,154239,0.0,"void at::native::vectorized_elementwise_kernel<(int)4, at::native::exp_kernel_cuda(at::TensorIteratorBase &)::[lambda() (instance 2)]::operator ()() const::[lambda() (instance 2)]::operator ()() const::[lambda(float) (instance 1)], std::array<char *, (unsigned long)2>>(int, T2, T3)"
:BasicsTransformerLM.layers.5.attn,PushPop,30,30,1,1,135295,135295.0,135295.0,135295,135295,0.0,"void at::native::reduce_kernel<(int)512, (int)1, at::native::ReduceOp<float, at::native::MaxOps<float>, unsigned int, float, (int)4, (int)4>>(T3)"
:BasicsTransformerLM.layers.5.attn,PushPop,30,30,1,1,100992,100992.0,100992.0,100992,100992,0.0,"void at::native::reduce_kernel<(int)512, (int)1, at::native::ReduceOp<float, at::native::func_wrapper_t<float, at::native::sum_functor<float, float, float>::operator ()(at::TensorIterator &)::[lambda(float, float) (instance 1)]>, unsigned int, float, (int)4, (int)4>>(T3)"
:BasicsTransformerLM.layers.5.attn,PushPop,30,30,1,8,65664,8208.0,7632.0,7392,10432,1186.4,"void at::native::elementwise_kernel<(int)128, (int)2, void at::native::gpu_kernel_impl_nocast<at::native::BinaryFunctor<float, float, float, at::native::binary_internal::MulFunctor<float>>>(at::TensorIteratorBase &, const T1 &)::[lambda(int) (instance 1)]>(int, T3)"
:BasicsTransformerLM.layers.5.attn,PushPop,30,30,1,2,54944,27472.0,27472.0,27360,27584,158.4,"void at::native::<unnamed>::CatArrayBatchedCopy<at::native::<unnamed>::OpaqueType<(unsigned int)4>, unsigned int, (int)4, (int)64, (int)64>(T1 *, at::native::<unnamed>::CatArrInputTensorMetadata<T1, T2, T4, T5>, at::native::<unnamed>::TensorSizeStride<T2, (unsigned int)4>, int, T2)"
:BasicsTransformerLM.layers.5.attn,PushPop,30,30,1,4,15615,3903.8,3919.5,3776,4000,113.6,"void at::native::vectorized_elementwise_kernel<(int)4, at::native::CUDAFunctor_add<float>, std::array<char *, (unsigned long)3>>(int, T2, T3)"
:BasicsTransformerLM.layers.5.attn,PushPop,30,30,1,1,14720,14720.0,14720.0,14720,14720,0.0,"void at::native::elementwise_kernel<(int)128, (int)2, void at::native::gpu_kernel_impl_nocast<at::native::direct_copy_kernel_cuda(at::TensorIteratorBase &)::[lambda() (instance 3)]::operator ()() const::[lambda() (instance 7)]::operator ()() const::[lambda(float) (instance 1)]>(at::TensorIteratorBase &, const T1 &)::[lambda(int) (instance 1)]>(int, T3)"
:BasicsTransformerLM.layers.5.attn,PushPop,30,30,1,1,8672,8672.0,8672.0,8672,8672,0.0,"void at::native::elementwise_kernel<(int)128, (int)4, void at::native::gpu_kernel_impl_nocast<at::native::<unnamed>::CompareFunctor<long>>(at::TensorIteratorBase &, const T1 &)::[lambda(int) (instance 1)]>(int, T3)"
:BasicsTransformerLM.layers.5.attn,PushPop,30,30,1,1,1184,1184.0,1184.0,1184,1184,0.0,"void <unnamed>::elementwise_kernel_with_index<int, at::native::arange_cuda_out(const c10::Scalar &, const c10::Scalar &, const c10::Scalar &, at::Tensor &)::[lambda() (instance 1)]::operator ()() const::[lambda() (instance 4)]::operator ()() const::[lambda(long) (instance 1)]>(T1, T2, function_traits<T2>::result_type *)"
:BasicsTransformerLM.layers.5.attn,PushPop,30,30,1,1,1184,1184.0,1184.0,1184,1184,0.0,"void at::native::vectorized_elementwise_kernel<(int)4, at::native::FillFunctor<float>, std::array<char *, (unsigned long)1>>(int, T2, T3)"
:BasicsTransformerLM.layers.5.attn.k_proj,PushPop,30,30,1,1,508222,508222.0,508222.0,508222,508222,0.0,cutlass3x_sm100_simt_sgemm_f32_f32_f32_f32_f32_128x64x16_1x1x1_3_tnn_align1_bias_f32_relu
:BasicsTransformerLM.layers.5.attn.output_proj,PushPop,30,30,1,1,515165,515165.0,515165.0,515165,515165,0.0,cutlass3x_sm100_simt_sgemm_f32_f32_f32_f32_f32_128x64x16_1x1x1_3_tnn_align1_bias_f32_relu
:BasicsTransformerLM.layers.5.attn.q_proj,PushPop,30,30,1,1,507549,507549.0,507549.0,507549,507549,0.0,cutlass3x_sm100_simt_sgemm_f32_f32_f32_f32_f32_128x64x16_1x1x1_3_tnn_align1_bias_f32_relu
:BasicsTransformerLM.layers.5.attn.v_proj,PushPop,30,30,1,1,510173,510173.0,510173.0,510173,510173,0.0,cutlass3x_sm100_simt_sgemm_f32_f32_f32_f32_f32_128x64x16_1x1x1_3_tnn_align1_bias_f32_relu
:BasicsTransformerLM.layers.5.ffn,PushPop,30,30,1,2,3822956,1911478.0,1911478.0,1911158,1911798,452.5,cutlass3x_sm100_simt_sgemm_f32_f32_f32_f32_f32_128x128x16_1x1x1_3_tnn_align1_bias_f32_relu
:BasicsTransformerLM.layers.5.ffn,PushPop,30,30,1,1,1987830,1987830.0,1987830.0,1987830,1987830,0.0,cutlass3x_sm100_simt_sgemm_f32_f32_f32_f32_f32_64x64x16_1x1x1_3_tnn_align1_bias_f32_relu
:BasicsTransformerLM.layers.5.ffn,PushPop,30,30,1,2,70080,35040.0,35040.0,32480,37600,3620.4,"void at::native::vectorized_elementwise_kernel<(int)4, at::native::BinaryFunctor<float, float, float, at::native::binary_internal::MulFunctor<float>>, std::array<char *, (unsigned long)3>>(int, T2, T3)"
:BasicsTransformerLM.layers.5.ffn,PushPop,30,30,1,1,21696,21696.0,21696.0,21696,21696,0.0,"void at::native::vectorized_elementwise_kernel<(int)4, at::native::sigmoid_kernel_cuda(at::TensorIteratorBase &)::[lambda() (instance 2)]::operator ()() const::[lambda() (instance 2)]::operator ()() const::[lambda(float) (instance 1)], std::array<char *, (unsigned long)2>>(int, T2, T3)"
:BasicsTransformerLM.layers.5.ffn.w1,PushPop,30,30,1,1,1911798,1911798.0,1911798.0,1911798,1911798,0.0,cutlass3x_sm100_simt_sgemm_f32_f32_f32_f32_f32_128x128x16_1x1x1_3_tnn_align1_bias_f32_relu
:BasicsTransformerLM.layers.5.ffn.w2,PushPop,30,30,1,1,1987830,1987830.0,1987830.0,1987830,1987830,0.0,cutlass3x_sm100_simt_sgemm_f32_f32_f32_f32_f32_64x64x16_1x1x1_3_tnn_align1_bias_f32_relu
:BasicsTransformerLM.layers.5.ffn.w3,PushPop,30,30,1,1,1911158,1911158.0,1911158.0,1911158,1911158,0.0,cutlass3x_sm100_simt_sgemm_f32_f32_f32_f32_f32_128x128x16_1x1x1_3_tnn_align1_bias_f32_relu
:BasicsTransformerLM.layers.5.ln1,PushPop,30,30,1,2,25536,12768.0,12768.0,12672,12864,135.8,"void at::native::elementwise_kernel<(int)128, (int)2, void at::native::gpu_kernel_impl_nocast<at::native::BinaryFunctor<float, float, float, at::native::binary_internal::MulFunctor<float>>>(at::TensorIteratorBase &, const T1 &)::[lambda(int) (instance 1)]>(int, T3)"
:BasicsTransformerLM.layers.5.ln1,PushPop,30,30,1,1,9344,9344.0,9344.0,9344,9344,0.0,"void at::native::reduce_kernel<(int)512, (int)1, at::native::ReduceOp<float, at::native::MeanOps<float, float, float, float>, unsigned int, float, (int)4, (int)4>>(T3)"
:BasicsTransformerLM.layers.5.ln1,PushPop,30,30,1,1,5184,5184.0,5184.0,5184,5184,0.0,"void at::native::vectorized_elementwise_kernel<(int)4, void at::native::<unnamed>::pow_tensor_scalar_kernel_impl<float, float>(at::TensorIteratorBase &, T2)::[lambda(float) (instance 1)], std::array<char *, (unsigned long)2>>(int, T2, T3)"
:BasicsTransformerLM.layers.5.ln1,PushPop,30,30,1,1,1568,1568.0,1568.0,1568,1568,0.0,"void at::native::vectorized_elementwise_kernel<(int)4, at::native::CUDAFunctorOnSelf_add<float>, std::array<char *, (unsigned long)2>>(int, T2, T3)"
:BasicsTransformerLM.layers.5.ln1,PushPop,30,30,1,1,1440,1440.0,1440.0,1440,1440,0.0,"void at::native::vectorized_elementwise_kernel<(int)4, at::native::rsqrt_kernel_cuda(at::TensorIteratorBase &)::[lambda() (instance 2)]::operator ()() const::[lambda() (instance 2)]::operator ()() const::[lambda(float) (instance 1)], std::array<char *, (unsigned long)2>>(int, T2, T3)"
:BasicsTransformerLM.layers.5.ln2,PushPop,30,30,1,2,25312,12656.0,12656.0,12608,12704,67.9,"void at::native::elementwise_kernel<(int)128, (int)2, void at::native::gpu_kernel_impl_nocast<at::native::BinaryFunctor<float, float, float, at::native::binary_internal::MulFunctor<float>>>(at::TensorIteratorBase &, const T1 &)::[lambda(int) (instance 1)]>(int, T3)"
:BasicsTransformerLM.layers.5.ln2,PushPop,30,30,1,1,9152,9152.0,9152.0,9152,9152,0.0,"void at::native::reduce_kernel<(int)512, (int)1, at::native::ReduceOp<float, at::native::MeanOps<float, float, float, float>, unsigned int, float, (int)4, (int)4>>(T3)"
:BasicsTransformerLM.layers.5.ln2,PushPop,30,30,1,1,5120,5120.0,5120.0,5120,5120,0.0,"void at::native::vectorized_elementwise_kernel<(int)4, void at::native::<unnamed>::pow_tensor_scalar_kernel_impl<float, float>(at::TensorIteratorBase &, T2)::[lambda(float) (instance 1)], std::array<char *, (unsigned long)2>>(int, T2, T3)"
:BasicsTransformerLM.layers.5.ln2,PushPop,30,30,1,1,1568,1568.0,1568.0,1568,1568,0.0,"void at::native::vectorized_elementwise_kernel<(int)4, at::native::CUDAFunctorOnSelf_add<float>, std::array<char *, (unsigned long)2>>(int, T2, T3)"
:BasicsTransformerLM.layers.5.ln2,PushPop,30,30,1,1,1472,1472.0,1472.0,1472,1472,0.0,"void at::native::vectorized_elementwise_kernel<(int)4, at::native::rsqrt_kernel_cuda(at::TensorIteratorBase &)::[lambda() (instance 2)]::operator ()() const::[lambda() (instance 2)]::operator ()() const::[lambda(float) (instance 1)], std::array<char *, (unsigned long)2>>(int, T2, T3)"
:BasicsTransformerLM.layers.6,PushPop,30,30,1,3,4390955,1463651.7,1911383.0,565693,1913879,777656.0,cutlass3x_sm100_simt_sgemm_f32_f32_f32_f32_f32_128x128x16_1x1x1_3_tnn_align1_bias_f32_relu
:BasicsTransformerLM.layers.6,PushPop,30,30,1,4,2133205,533301.3,508909.5,507837,607549,49504.9,cutlass3x_sm100_simt_sgemm_f32_f32_f32_f32_f32_128x64x16_1x1x1_3_tnn_align1_bias_f32_relu
:BasicsTransformerLM.layers.6,PushPop,30,30,1,1,1990678,1990678.0,1990678.0,1990678,1990678,0.0,cutlass3x_sm100_simt_sgemm_f32_f32_f32_f32_f32_64x64x16_1x1x1_3_tnn_align1_bias_f32_relu
:BasicsTransformerLM.layers.6,PushPop,30,30,1,1,545341,545341.0,545341.0,545341,545341,0.0,cutlass3x_sm100_simt_sgemm_f32_f32_f32_f32_f32_32x64x16_1x1x1_3_nnn_align1_bias_f32_relu
:BasicsTransformerLM.layers.6,PushPop,30,30,1,1,416158,416158.0,416158.0,416158,416158,0.0,"void at::native::elementwise_kernel<(int)128, (int)2, void at::native::gpu_kernel_impl_nocast<at::native::BinaryFunctor<float, float, float, at::native::binary_internal::DivFunctor<float>>>(at::TensorIteratorBase &, const T1 &)::[lambda(int) (instance 1)]>(int, T3)"
:BasicsTransformerLM.layers.6,PushPop,30,30,1,1,365311,365311.0,365311.0,365311,365311,0.0,"void at::native::elementwise_kernel<(int)128, (int)2, void at::native::gpu_kernel_impl_nocast<at::native::<unnamed>::where_kernel_impl(at::TensorIterator &)::[lambda() (instance 1)]::operator ()() const::[lambda() (instance 11)]::operator ()() const::[lambda(bool, float, float) (instance 1)]>(at::TensorIteratorBase &, const T1 &)::[lambda(int) (instance 1)]>(int, T3)"
:BasicsTransformerLM.layers.6,PushPop,30,30,1,1,361566,361566.0,361566.0,361566,361566,0.0,"void at::native::elementwise_kernel<(int)128, (int)2, void at::native::gpu_kernel_impl_nocast<at::native::CUDAFunctor_add<float>>(at::TensorIteratorBase &, const T1 &)::[lambda(int) (instance 1)]>(int, T3)"
:BasicsTransformerLM.layers.6,PushPop,30,30,1,1,156351,156351.0,156351.0,156351,156351,0.0,"void at::native::vectorized_elementwise_kernel<(int)4, at::native::BUnaryFunctor<float, float, float, at::native::binary_internal::MulFunctor<float>>, std::array<char *, (unsigned long)2>>(int, T2, T3)"
:BasicsTransformerLM.layers.6,PushPop,30,30,1,1,154111,154111.0,154111.0,154111,154111,0.0,"void at::native::vectorized_elementwise_kernel<(int)4, at::native::exp_kernel_cuda(at::TensorIteratorBase &)::[lambda() (instance 2)]::operator ()() const::[lambda() (instance 2)]::operator ()() const::[lambda(float) (instance 1)], std::array<char *, (unsigned long)2>>(int, T2, T3)"
:BasicsTransformerLM.layers.6,PushPop,30,30,1,1,135391,135391.0,135391.0,135391,135391,0.0,"void at::native::reduce_kernel<(int)512, (int)1, at::native::ReduceOp<float, at::native::MaxOps<float>, unsigned int, float, (int)4, (int)4>>(T3)"
:BasicsTransformerLM.layers.6,PushPop,30,30,1,12,116448,9704.0,8896.0,7424,12736,2376.0,"void at::native::elementwise_kernel<(int)128, (int)2, void at::native::gpu_kernel_impl_nocast<at::native::BinaryFunctor<float, float, float, at::native::binary_internal::MulFunctor<float>>>(at::TensorIteratorBase &, const T1 &)::[lambda(int) (instance 1)]>(int, T3)"
:BasicsTransformerLM.layers.6,PushPop,30,30,1,1,101888,101888.0,101888.0,101888,101888,0.0,"void at::native::reduce_kernel<(int)512, (int)1, at::native::ReduceOp<float, at::native::func_wrapper_t<float, at::native::sum_functor<float, float, float>::operator ()(at::TensorIterator &)::[lambda(float, float) (instance 1)]>, unsigned int, float, (int)4, (int)4>>(T3)"
:BasicsTransformerLM.layers.6,PushPop,30,30,1,2,69503,34751.5,34751.5,32128,37375,3710.2,"void at::native::vectorized_elementwise_kernel<(int)4, at::native::BinaryFunctor<float, float, float, at::native::binary_internal::MulFunctor<float>>, std::array<char *, (unsigned long)3>>(int, T2, T3)"
:BasicsTransformerLM.layers.6,PushPop,30,30,1,2,54496,27248.0,27248.0,27200,27296,67.9,"void at::native::<unnamed>::CatArrayBatchedCopy<at::native::<unnamed>::OpaqueType<(unsigned int)4>, unsigned int, (int)4, (int)64, (int)64>(T1 *, at::native::<unnamed>::CatArrInputTensorMetadata<T1, T2, T4, T5>, at::native::<unnamed>::TensorSizeStride<T2, (unsigned int)4>, int, T2)"
:BasicsTransformerLM.layers.6,PushPop,30,30,1,6,31872,5312.0,3952.0,3840,8608,2191.8,"void at::native::vectorized_elementwise_kernel<(int)4, at::native::CUDAFunctor_add<float>, std::array<char *, (unsigned long)3>>(int, T2, T3)"
:BasicsTransformerLM.layers.6,PushPop,30,30,1,1,21568,21568.0,21568.0,21568,21568,0.0,"void at::native::vectorized_elementwise_kernel<(int)4, at::native::sigmoid_kernel_cuda(at::TensorIteratorBase &)::[lambda() (instance 2)]::operator ()() const::[lambda() (instance 2)]::operator ()() const::[lambda(float) (instance 1)], std::array<char *, (unsigned long)2>>(int, T2, T3)"
:BasicsTransformerLM.layers.6,PushPop,30,30,1,2,18336,9168.0,9168.0,9088,9248,113.1,"void at::native::reduce_kernel<(int)512, (int)1, at::native::ReduceOp<float, at::native::MeanOps<float, float, float, float>, unsigned int, float, (int)4, (int)4>>(T3)"
:BasicsTransformerLM.layers.6,PushPop,30,30,1,1,14752,14752.0,14752.0,14752,14752,0.0,"void at::native::elementwise_kernel<(int)128, (int)2, void at::native::gpu_kernel_impl_nocast<at::native::direct_copy_kernel_cuda(at::TensorIteratorBase &)::[lambda() (instance 3)]::operator ()() const::[lambda() (instance 7)]::operator ()() const::[lambda(float) (instance 1)]>(at::TensorIteratorBase &, const T1 &)::[lambda(int) (instance 1)]>(int, T3)"
:BasicsTransformerLM.layers.6,PushPop,30,30,1,2,10464,5232.0,5232.0,5088,5376,203.6,"void at::native::vectorized_elementwise_kernel<(int)4, void at::native::<unnamed>::pow_tensor_scalar_kernel_impl<float, float>(at::TensorIteratorBase &, T2)::[lambda(float) (instance 1)], std::array<char *, (unsigned long)2>>(int, T2, T3)"
:BasicsTransformerLM.layers.6,PushPop,30,30,1,1,8640,8640.0,8640.0,8640,8640,0.0,"void at::native::elementwise_kernel<(int)128, (int)4, void at::native::gpu_kernel_impl_nocast<at::native::<unnamed>::CompareFunctor<long>>(at::TensorIteratorBase &, const T1 &)::[lambda(int) (instance 1)]>(int, T3)"
:BasicsTransformerLM.layers.6,PushPop,30,30,1,2,3200,1600.0,1600.0,1568,1632,45.3,"void at::native::vectorized_elementwise_kernel<(int)4, at::native::rsqrt_kernel_cuda(at::TensorIteratorBase &)::[lambda() (instance 2)]::operator ()() const::[lambda() (instance 2)]::operator ()() const::[lambda(float) (instance 1)], std::array<char *, (unsigned long)2>>(int, T2, T3)"
:BasicsTransformerLM.layers.6,PushPop,30,30,1,2,3104,1552.0,1552.0,1536,1568,22.6,"void at::native::vectorized_elementwise_kernel<(int)4, at::native::CUDAFunctorOnSelf_add<float>, std::array<char *, (unsigned long)2>>(int, T2, T3)"
:BasicsTransformerLM.layers.6,PushPop,30,30,1,1,1408,1408.0,1408.0,1408,1408,0.0,"void <unnamed>::elementwise_kernel_with_index<int, at::native::arange_cuda_out(const c10::Scalar &, const c10::Scalar &, const c10::Scalar &, at::Tensor &)::[lambda() (instance 1)]::operator ()() const::[lambda() (instance 4)]::operator ()() const::[lambda(long) (instance 1)]>(T1, T2, function_traits<T2>::result_type *)"
:BasicsTransformerLM.layers.6,PushPop,30,30,1,1,1024,1024.0,1024.0,1024,1024,0.0,"void at::native::vectorized_elementwise_kernel<(int)4, at::native::FillFunctor<float>, std::array<char *, (unsigned long)1>>(int, T2, T3)"
:BasicsTransformerLM.layers.6.attn,PushPop,30,30,1,4,2133205,533301.3,508909.5,507837,607549,49504.9,cutlass3x_sm100_simt_sgemm_f32_f32_f32_f32_f32_128x64x16_1x1x1_3_tnn_align1_bias_f32_relu
:BasicsTransformerLM.layers.6.attn,PushPop,30,30,1,1,565693,565693.0,565693.0,565693,565693,0.0,cutlass3x_sm100_simt_sgemm_f32_f32_f32_f32_f32_128x128x16_1x1x1_3_tnn_align1_bias_f32_relu
:BasicsTransformerLM.layers.6.attn,PushPop,30,30,1,1,545341,545341.0,545341.0,545341,545341,0.0,cutlass3x_sm100_simt_sgemm_f32_f32_f32_f32_f32_32x64x16_1x1x1_3_nnn_align1_bias_f32_relu
:BasicsTransformerLM.layers.6.attn,PushPop,30,30,1,1,416158,416158.0,416158.0,416158,416158,0.0,"void at::native::elementwise_kernel<(int)128, (int)2, void at::native::gpu_kernel_impl_nocast<at::native::BinaryFunctor<float, float, float, at::native::binary_internal::DivFunctor<float>>>(at::TensorIteratorBase &, const T1 &)::[lambda(int) (instance 1)]>(int, T3)"
:BasicsTransformerLM.layers.6.attn,PushPop,30,30,1,1,365311,365311.0,365311.0,365311,365311,0.0,"void at::native::elementwise_kernel<(int)128, (int)2, void at::native::gpu_kernel_impl_nocast<at::native::<unnamed>::where_kernel_impl(at::TensorIterator &)::[lambda() (instance 1)]::operator ()() const::[lambda() (instance 11)]::operator ()() const::[lambda(bool, float, float) (instance 1)]>(at::TensorIteratorBase &, const T1 &)::[lambda(int) (instance 1)]>(int, T3)"
:BasicsTransformerLM.layers.6.attn,PushPop,30,30,1,1,361566,361566.0,361566.0,361566,361566,0.0,"void at::native::elementwise_kernel<(int)128, (int)2, void at::native::gpu_kernel_impl_nocast<at::native::CUDAFunctor_add<float>>(at::TensorIteratorBase &, const T1 &)::[lambda(int) (instance 1)]>(int, T3)"
:BasicsTransformerLM.layers.6.attn,PushPop,30,30,1,1,156351,156351.0,156351.0,156351,156351,0.0,"void at::native::vectorized_elementwise_kernel<(int)4, at::native::BUnaryFunctor<float, float, float, at::native::binary_internal::MulFunctor<float>>, std::array<char *, (unsigned long)2>>(int, T2, T3)"
:BasicsTransformerLM.layers.6.attn,PushPop,30,30,1,1,154111,154111.0,154111.0,154111,154111,0.0,"void at::native::vectorized_elementwise_kernel<(int)4, at::native::exp_kernel_cuda(at::TensorIteratorBase &)::[lambda() (instance 2)]::operator ()() const::[lambda() (instance 2)]::operator ()() const::[lambda(float) (instance 1)], std::array<char *, (unsigned long)2>>(int, T2, T3)"
:BasicsTransformerLM.layers.6.attn,PushPop,30,30,1,1,135391,135391.0,135391.0,135391,135391,0.0,"void at::native::reduce_kernel<(int)512, (int)1, at::native::ReduceOp<float, at::native::MaxOps<float>, unsigned int, float, (int)4, (int)4>>(T3)"
:BasicsTransformerLM.layers.6.attn,PushPop,30,30,1,1,101888,101888.0,101888.0,101888,101888,0.0,"void at::native::reduce_kernel<(int)512, (int)1, at::native::ReduceOp<float, at::native::func_wrapper_t<float, at::native::sum_functor<float, float, float>::operator ()(at::TensorIterator &)::[lambda(float, float) (instance 1)]>, unsigned int, float, (int)4, (int)4>>(T3)"
:BasicsTransformerLM.layers.6.attn,PushPop,30,30,1,8,65888,8236.0,7648.0,7424,10368,1216.0,"void at::native::elementwise_kernel<(int)128, (int)2, void at::native::gpu_kernel_impl_nocast<at::native::BinaryFunctor<float, float, float, at::native::binary_internal::MulFunctor<float>>>(at::TensorIteratorBase &, const T1 &)::[lambda(int) (instance 1)]>(int, T3)"
:BasicsTransformerLM.layers.6.attn,PushPop,30,30,1,2,54496,27248.0,27248.0,27200,27296,67.9,"void at::native::<unnamed>::CatArrayBatchedCopy<at::native::<unnamed>::OpaqueType<(unsigned int)4>, unsigned int, (int)4, (int)64, (int)64>(T1 *, at::native::<unnamed>::CatArrInputTensorMetadata<T1, T2, T4, T5>, at::native::<unnamed>::TensorSizeStride<T2, (unsigned int)4>, int, T2)"
:BasicsTransformerLM.layers.6.attn,PushPop,30,30,1,4,15648,3912.0,3920.0,3840,3968,54.7,"void at::native::vectorized_elementwise_kernel<(int)4, at::native::CUDAFunctor_add<float>, std::array<char *, (unsigned long)3>>(int, T2, T3)"
:BasicsTransformerLM.layers.6.attn,PushPop,30,30,1,1,14752,14752.0,14752.0,14752,14752,0.0,"void at::native::elementwise_kernel<(int)128, (int)2, void at::native::gpu_kernel_impl_nocast<at::native::direct_copy_kernel_cuda(at::TensorIteratorBase &)::[lambda() (instance 3)]::operator ()() const::[lambda() (instance 7)]::operator ()() const::[lambda(float) (instance 1)]>(at::TensorIteratorBase &, const T1 &)::[lambda(int) (instance 1)]>(int, T3)"
:BasicsTransformerLM.layers.6.attn,PushPop,30,30,1,1,8640,8640.0,8640.0,8640,8640,0.0,"void at::native::elementwise_kernel<(int)128, (int)4, void at::native::gpu_kernel_impl_nocast<at::native::<unnamed>::CompareFunctor<long>>(at::TensorIteratorBase &, const T1 &)::[lambda(int) (instance 1)]>(int, T3)"
:BasicsTransformerLM.layers.6.attn,PushPop,30,30,1,1,1408,1408.0,1408.0,1408,1408,0.0,"void <unnamed>::elementwise_kernel_with_index<int, at::native::arange_cuda_out(const c10::Scalar &, const c10::Scalar &, const c10::Scalar &, at::Tensor &)::[lambda() (instance 1)]::operator ()() const::[lambda() (instance 4)]::operator ()() const::[lambda(long) (instance 1)]>(T1, T2, function_traits<T2>::result_type *)"
:BasicsTransformerLM.layers.6.attn,PushPop,30,30,1,1,1024,1024.0,1024.0,1024,1024,0.0,"void at::native::vectorized_elementwise_kernel<(int)4, at::native::FillFunctor<float>, std::array<char *, (unsigned long)1>>(int, T2, T3)"
:BasicsTransformerLM.layers.6.attn.k_proj,PushPop,30,30,1,1,509662,509662.0,509662.0,509662,509662,0.0,cutlass3x_sm100_simt_sgemm_f32_f32_f32_f32_f32_128x64x16_1x1x1_3_tnn_align1_bias_f32_relu
:BasicsTransformerLM.layers.6.attn.output_proj,PushPop,30,30,1,1,607549,607549.0,607549.0,607549,607549,0.0,cutlass3x_sm100_simt_sgemm_f32_f32_f32_f32_f32_128x64x16_1x1x1_3_tnn_align1_bias_f32_relu
:BasicsTransformerLM.layers.6.attn.q_proj,PushPop,30,30,1,1,507837,507837.0,507837.0,507837,507837,0.0,cutlass3x_sm100_simt_sgemm_f32_f32_f32_f32_f32_128x64x16_1x1x1_3_tnn_align1_bias_f32_relu
:BasicsTransformerLM.layers.6.attn.v_proj,PushPop,30,30,1,1,508157,508157.0,508157.0,508157,508157,0.0,cutlass3x_sm100_simt_sgemm_f32_f32_f32_f32_f32_128x64x16_1x1x1_3_tnn_align1_bias_f32_relu
:BasicsTransformerLM.layers.6.ffn,PushPop,30,30,1,2,3825262,1912631.0,1912631.0,1911383,1913879,1764.9,cutlass3x_sm100_simt_sgemm_f32_f32_f32_f32_f32_128x128x16_1x1x1_3_tnn_align1_bias_f32_relu
:BasicsTransformerLM.layers.6.ffn,PushPop,30,30,1,1,1990678,1990678.0,1990678.0,1990678,1990678,0.0,cutlass3x_sm100_simt_sgemm_f32_f32_f32_f32_f32_64x64x16_1x1x1_3_tnn_align1_bias_f32_relu
:BasicsTransformerLM.layers.6.ffn,PushPop,30,30,1,2,69503,34751.5,34751.5,32128,37375,3710.2,"void at::native::vectorized_elementwise_kernel<(int)4, at::native::BinaryFunctor<float, float, float, at::native::binary_internal::MulFunctor<float>>, std::array<char *, (unsigned long)3>>(int, T2, T3)"
:BasicsTransformerLM.layers.6.ffn,PushPop,30,30,1,1,21568,21568.0,21568.0,21568,21568,0.0,"void at::native::vectorized_elementwise_kernel<(int)4, at::native::sigmoid_kernel_cuda(at::TensorIteratorBase &)::[lambda() (instance 2)]::operator ()() const::[lambda() (instance 2)]::operator ()() const::[lambda(float) (instance 1)], std::array<char *, (unsigned long)2>>(int, T2, T3)"
:BasicsTransformerLM.layers.6.ffn.w1,PushPop,30,30,1,1,1913879,1913879.0,1913879.0,1913879,1913879,0.0,cutlass3x_sm100_simt_sgemm_f32_f32_f32_f32_f32_128x128x16_1x1x1_3_tnn_align1_bias_f32_relu
:BasicsTransformerLM.layers.6.ffn.w2,PushPop,30,30,1,1,1990678,1990678.0,1990678.0,1990678,1990678,0.0,cutlass3x_sm100_simt_sgemm_f32_f32_f32_f32_f32_64x64x16_1x1x1_3_tnn_align1_bias_f32_relu
:BasicsTransformerLM.layers.6.ffn.w3,PushPop,30,30,1,1,1911383,1911383.0,1911383.0,1911383,1911383,0.0,cutlass3x_sm100_simt_sgemm_f32_f32_f32_f32_f32_128x128x16_1x1x1_3_tnn_align1_bias_f32_relu
:BasicsTransformerLM.layers.6.ln1,PushPop,30,30,1,2,25280,12640.0,12640.0,12544,12736,135.8,"void at::native::elementwise_kernel<(int)128, (int)2, void at::native::gpu_kernel_impl_nocast<at::native::BinaryFunctor<float, float, float, at::native::binary_internal::MulFunctor<float>>>(at::TensorIteratorBase &, const T1 &)::[lambda(int) (instance 1)]>(int, T3)"
:BasicsTransformerLM.layers.6.ln1,PushPop,30,30,1,1,9248,9248.0,9248.0,9248,9248,0.0,"void at::native::reduce_kernel<(int)512, (int)1, at::native::ReduceOp<float, at::native::MeanOps<float, float, float, float>, unsigned int, float, (int)4, (int)4>>(T3)"
:BasicsTransformerLM.layers.6.ln1,PushPop,30,30,1,1,5376,5376.0,5376.0,5376,5376,0.0,"void at::native::vectorized_elementwise_kernel<(int)4, void at::native::<unnamed>::pow_tensor_scalar_kernel_impl<float, float>(at::TensorIteratorBase &, T2)::[lambda(float) (instance 1)], std::array<char *, (unsigned long)2>>(int, T2, T3)"
:BasicsTransformerLM.layers.6.ln1,PushPop,30,30,1,1,1568,1568.0,1568.0,1568,1568,0.0,"void at::native::vectorized_elementwise_kernel<(int)4, at::native::rsqrt_kernel_cuda(at::TensorIteratorBase &)::[lambda() (instance 2)]::operator ()() const::[lambda() (instance 2)]::operator ()() const::[lambda(float) (instance 1)], std::array<char *, (unsigned long)2>>(int, T2, T3)"
:BasicsTransformerLM.layers.6.ln1,PushPop,30,30,1,1,1536,1536.0,1536.0,1536,1536,0.0,"void at::native::vectorized_elementwise_kernel<(int)4, at::native::CUDAFunctorOnSelf_add<float>, std::array<char *, (unsigned long)2>>(int, T2, T3)"
:BasicsTransformerLM.layers.6.ln2,PushPop,30,30,1,2,25280,12640.0,12640.0,12576,12704,90.5,"void at::native::elementwise_kernel<(int)128, (int)2, void at::native::gpu_kernel_impl_nocast<at::native::BinaryFunctor<float, float, float, at::native::binary_internal::MulFunctor<float>>>(at::TensorIteratorBase &, const T1 &)::[lambda(int) (instance 1)]>(int, T3)"
:BasicsTransformerLM.layers.6.ln2,PushPop,30,30,1,1,9088,9088.0,9088.0,9088,9088,0.0,"void at::native::reduce_kernel<(int)512, (int)1, at::native::ReduceOp<float, at::native::MeanOps<float, float, float, float>, unsigned int, float, (int)4, (int)4>>(T3)"
:BasicsTransformerLM.layers.6.ln2,PushPop,30,30,1,1,5088,5088.0,5088.0,5088,5088,0.0,"void at::native::vectorized_elementwise_kernel<(int)4, void at::native::<unnamed>::pow_tensor_scalar_kernel_impl<float, float>(at::TensorIteratorBase &, T2)::[lambda(float) (instance 1)], std::array<char *, (unsigned long)2>>(int, T2, T3)"
:BasicsTransformerLM.layers.6.ln2,PushPop,30,30,1,1,1632,1632.0,1632.0,1632,1632,0.0,"void at::native::vectorized_elementwise_kernel<(int)4, at::native::rsqrt_kernel_cuda(at::TensorIteratorBase &)::[lambda() (instance 2)]::operator ()() const::[lambda() (instance 2)]::operator ()() const::[lambda(float) (instance 1)], std::array<char *, (unsigned long)2>>(int, T2, T3)"
:BasicsTransformerLM.layers.6.ln2,PushPop,30,30,1,1,1568,1568.0,1568.0,1568,1568,0.0,"void at::native::vectorized_elementwise_kernel<(int)4, at::native::CUDAFunctorOnSelf_add<float>, std::array<char *, (unsigned long)2>>(int, T2, T3)"
:BasicsTransformerLM.layers.7,PushPop,30,30,1,3,4389579,1463193.0,1911287.0,565661,1912631,777285.8,cutlass3x_sm100_simt_sgemm_f32_f32_f32_f32_f32_128x128x16_1x1x1_3_tnn_align1_bias_f32_relu
:BasicsTransformerLM.layers.7,PushPop,30,30,1,4,2042167,510541.8,509309.5,507166,516382,4031.0,cutlass3x_sm100_simt_sgemm_f32_f32_f32_f32_f32_128x64x16_1x1x1_3_tnn_align1_bias_f32_relu
:BasicsTransformerLM.layers.7,PushPop,30,30,1,1,1987574,1987574.0,1987574.0,1987574,1987574,0.0,cutlass3x_sm100_simt_sgemm_f32_f32_f32_f32_f32_64x64x16_1x1x1_3_tnn_align1_bias_f32_relu
:BasicsTransformerLM.layers.7,PushPop,30,30,1,1,545565,545565.0,545565.0,545565,545565,0.0,cutlass3x_sm100_simt_sgemm_f32_f32_f32_f32_f32_32x64x16_1x1x1_3_nnn_align1_bias_f32_relu
:BasicsTransformerLM.layers.7,PushPop,30,30,1,1,416062,416062.0,416062.0,416062,416062,0.0,"void at::native::elementwise_kernel<(int)128, (int)2, void at::native::gpu_kernel_impl_nocast<at::native::BinaryFunctor<float, float, float, at::native::binary_internal::DivFunctor<float>>>(at::TensorIteratorBase &, const T1 &)::[lambda(int) (instance 1)]>(int, T3)"
:BasicsTransformerLM.layers.7,PushPop,30,30,1,1,365630,365630.0,365630.0,365630,365630,0.0,"void at::native::elementwise_kernel<(int)128, (int)2, void at::native::gpu_kernel_impl_nocast<at::native::<unnamed>::where_kernel_impl(at::TensorIterator &)::[lambda() (instance 1)]::operator ()() const::[lambda() (instance 11)]::operator ()() const::[lambda(bool, float, float) (instance 1)]>(at::TensorIteratorBase &, const T1 &)::[lambda(int) (instance 1)]>(int, T3)"
:BasicsTransformerLM.layers.7,PushPop,30,30,1,1,362527,362527.0,362527.0,362527,362527,0.0,"void at::native::elementwise_kernel<(int)128, (int)2, void at::native::gpu_kernel_impl_nocast<at::native::CUDAFunctor_add<float>>(at::TensorIteratorBase &, const T1 &)::[lambda(int) (instance 1)]>(int, T3)"
:BasicsTransformerLM.layers.7,PushPop,30,30,1,1,156415,156415.0,156415.0,156415,156415,0.0,"void at::native::vectorized_elementwise_kernel<(int)4, at::native::BUnaryFunctor<float, float, float, at::native::binary_internal::MulFunctor<float>>, std::array<char *, (unsigned long)2>>(int, T2, T3)"
:BasicsTransformerLM.layers.7,PushPop,30,30,1,1,155615,155615.0,155615.0,155615,155615,0.0,"void at::native::vectorized_elementwise_kernel<(int)4, at::native::exp_kernel_cuda(at::TensorIteratorBase &)::[lambda() (instance 2)]::operator ()() const::[lambda() (instance 2)]::operator ()() const::[lambda(float) (instance 1)], std::array<char *, (unsigned long)2>>(int, T2, T3)"
:BasicsTransformerLM.layers.7,PushPop,30,30,1,1,135487,135487.0,135487.0,135487,135487,0.0,"void at::native::reduce_kernel<(int)512, (int)1, at::native::ReduceOp<float, at::native::MaxOps<float>, unsigned int, float, (int)4, (int)4>>(T3)"
:BasicsTransformerLM.layers.7,PushPop,30,30,1,12,116992,9749.3,8880.0,7328,12896,2417.7,"void at::native::elementwise_kernel<(int)128, (int)2, void at::native::gpu_kernel_impl_nocast<at::native::BinaryFunctor<float, float, float, at::native::binary_internal::MulFunctor<float>>>(at::TensorIteratorBase &, const T1 &)::[lambda(int) (instance 1)]>(int, T3)"
:BasicsTransformerLM.layers.7,PushPop,30,30,1,1,101759,101759.0,101759.0,101759,101759,0.0,"void at::native::reduce_kernel<(int)512, (int)1, at::native::ReduceOp<float, at::native::func_wrapper_t<float, at::native::sum_functor<float, float, float>::operator ()(at::TensorIterator &)::[lambda(float, float) (instance 1)]>, unsigned int, float, (int)4, (int)4>>(T3)"
:BasicsTransformerLM.layers.7,PushPop,30,30,1,2,71039,35519.5,35519.5,32672,38367,4027.0,"void at::native::vectorized_elementwise_kernel<(int)4, at::native::BinaryFunctor<float, float, float, at::native::binary_internal::MulFunctor<float>>, std::array<char *, (unsigned long)3>>(int, T2, T3)"
:BasicsTransformerLM.layers.7,PushPop,30,30,1,2,54976,27488.0,27488.0,27424,27552,90.5,"void at::native::<unnamed>::CatArrayBatchedCopy<at::native::<unnamed>::OpaqueType<(unsigned int)4>, unsigned int, (int)4, (int)64, (int)64>(T1 *, at::native::<unnamed>::CatArrInputTensorMetadata<T1, T2, T4, T5>, at::native::<unnamed>::TensorSizeStride<T2, (unsigned int)4>, int, T2)"
:BasicsTransformerLM.layers.7,PushPop,30,30,1,6,31904,5317.3,3888.0,3808,8864,2308.8,"void at::native::vectorized_elementwise_kernel<(int)4, at::native::CUDAFunctor_add<float>, std::array<char *, (unsigned long)3>>(int, T2, T3)"
:BasicsTransformerLM.layers.7,PushPop,30,30,1,1,22048,22048.0,22048.0,22048,22048,0.0,"void at::native::vectorized_elementwise_kernel<(int)4, at::native::sigmoid_kernel_cuda(at::TensorIteratorBase &)::[lambda() (instance 2)]::operator ()() const::[lambda() (instance 2)]::operator ()() const::[lambda(float) (instance 1)], std::array<char *, (unsigned long)2>>(int, T2, T3)"
:BasicsTransformerLM.layers.7,PushPop,30,30,1,2,18560,9280.0,9280.0,9248,9312,45.3,"void at::native::reduce_kernel<(int)512, (int)1, at::native::ReduceOp<float, at::native::MeanOps<float, float, float, float>, unsigned int, float, (int)4, (int)4>>(T3)"
:BasicsTransformerLM.layers.7,PushPop,30,30,1,1,14880,14880.0,14880.0,14880,14880,0.0,"void at::native::elementwise_kernel<(int)128, (int)2, void at::native::gpu_kernel_impl_nocast<at::native::direct_copy_kernel_cuda(at::TensorIteratorBase &)::[lambda() (instance 3)]::operator ()() const::[lambda() (instance 7)]::operator ()() const::[lambda(float) (instance 1)]>(at::TensorIteratorBase &, const T1 &)::[lambda(int) (instance 1)]>(int, T3)"
:BasicsTransformerLM.layers.7,PushPop,30,30,1,2,10368,5184.0,5184.0,5152,5216,45.3,"void at::native::vectorized_elementwise_kernel<(int)4, void at::native::<unnamed>::pow_tensor_scalar_kernel_impl<float, float>(at::TensorIteratorBase &, T2)::[lambda(float) (instance 1)], std::array<char *, (unsigned long)2>>(int, T2, T3)"
:BasicsTransformerLM.layers.7,PushPop,30,30,1,1,8800,8800.0,8800.0,8800,8800,0.0,"void at::native::elementwise_kernel<(int)128, (int)4, void at::native::gpu_kernel_impl_nocast<at::native::<unnamed>::CompareFunctor<long>>(at::TensorIteratorBase &, const T1 &)::[lambda(int) (instance 1)]>(int, T3)"
:BasicsTransformerLM.layers.7,PushPop,30,30,1,2,3167,1583.5,1583.5,1568,1599,21.9,"void at::native::vectorized_elementwise_kernel<(int)4, at::native::CUDAFunctorOnSelf_add<float>, std::array<char *, (unsigned long)2>>(int, T2, T3)"
:BasicsTransformerLM.layers.7,PushPop,30,30,1,2,3104,1552.0,1552.0,1472,1632,113.1,"void at::native::vectorized_elementwise_kernel<(int)4, at::native::rsqrt_kernel_cuda(at::TensorIteratorBase &)::[lambda() (instance 2)]::operator ()() const::[lambda() (instance 2)]::operator ()() const::[lambda(float) (instance 1)], std::array<char *, (unsigned long)2>>(int, T2, T3)"
:BasicsTransformerLM.layers.7,PushPop,30,30,1,1,1184,1184.0,1184.0,1184,1184,0.0,"void <unnamed>::elementwise_kernel_with_index<int, at::native::arange_cuda_out(const c10::Scalar &, const c10::Scalar &, const c10::Scalar &, at::Tensor &)::[lambda() (instance 1)]::operator ()() const::[lambda() (instance 4)]::operator ()() const::[lambda(long) (instance 1)]>(T1, T2, function_traits<T2>::result_type *)"
:BasicsTransformerLM.layers.7,PushPop,30,30,1,1,1024,1024.0,1024.0,1024,1024,0.0,"void at::native::vectorized_elementwise_kernel<(int)4, at::native::FillFunctor<float>, std::array<char *, (unsigned long)1>>(int, T2, T3)"
:BasicsTransformerLM.layers.7.attn,PushPop,30,30,1,4,2042167,510541.8,509309.5,507166,516382,4031.0,cutlass3x_sm100_simt_sgemm_f32_f32_f32_f32_f32_128x64x16_1x1x1_3_tnn_align1_bias_f32_relu
:BasicsTransformerLM.layers.7.attn,PushPop,30,30,1,1,565661,565661.0,565661.0,565661,565661,0.0,cutlass3x_sm100_simt_sgemm_f32_f32_f32_f32_f32_128x128x16_1x1x1_3_tnn_align1_bias_f32_relu
:BasicsTransformerLM.layers.7.attn,PushPop,30,30,1,1,545565,545565.0,545565.0,545565,545565,0.0,cutlass3x_sm100_simt_sgemm_f32_f32_f32_f32_f32_32x64x16_1x1x1_3_nnn_align1_bias_f32_relu
:BasicsTransformerLM.layers.7.attn,PushPop,30,30,1,1,416062,416062.0,416062.0,416062,416062,0.0,"void at::native::elementwise_kernel<(int)128, (int)2, void at::native::gpu_kernel_impl_nocast<at::native::BinaryFunctor<float, float, float, at::native::binary_internal::DivFunctor<float>>>(at::TensorIteratorBase &, const T1 &)::[lambda(int) (instance 1)]>(int, T3)"
:BasicsTransformerLM.layers.7.attn,PushPop,30,30,1,1,365630,365630.0,365630.0,365630,365630,0.0,"void at::native::elementwise_kernel<(int)128, (int)2, void at::native::gpu_kernel_impl_nocast<at::native::<unnamed>::where_kernel_impl(at::TensorIterator &)::[lambda() (instance 1)]::operator ()() const::[lambda() (instance 11)]::operator ()() const::[lambda(bool, float, float) (instance 1)]>(at::TensorIteratorBase &, const T1 &)::[lambda(int) (instance 1)]>(int, T3)"
:BasicsTransformerLM.layers.7.attn,PushPop,30,30,1,1,362527,362527.0,362527.0,362527,362527,0.0,"void at::native::elementwise_kernel<(int)128, (int)2, void at::native::gpu_kernel_impl_nocast<at::native::CUDAFunctor_add<float>>(at::TensorIteratorBase &, const T1 &)::[lambda(int) (instance 1)]>(int, T3)"
:BasicsTransformerLM.layers.7.attn,PushPop,30,30,1,1,156415,156415.0,156415.0,156415,156415,0.0,"void at::native::vectorized_elementwise_kernel<(int)4, at::native::BUnaryFunctor<float, float, float, at::native::binary_internal::MulFunctor<float>>, std::array<char *, (unsigned long)2>>(int, T2, T3)"
:BasicsTransformerLM.layers.7.attn,PushPop,30,30,1,1,155615,155615.0,155615.0,155615,155615,0.0,"void at::native::vectorized_elementwise_kernel<(int)4, at::native::exp_kernel_cuda(at::TensorIteratorBase &)::[lambda() (instance 2)]::operator ()() const::[lambda() (instance 2)]::operator ()() const::[lambda(float) (instance 1)], std::array<char *, (unsigned long)2>>(int, T2, T3)"
:BasicsTransformerLM.layers.7.attn,PushPop,30,30,1,1,135487,135487.0,135487.0,135487,135487,0.0,"void at::native::reduce_kernel<(int)512, (int)1, at::native::ReduceOp<float, at::native::MaxOps<float>, unsigned int, float, (int)4, (int)4>>(T3)"
:BasicsTransformerLM.layers.7.attn,PushPop,30,30,1,1,101759,101759.0,101759.0,101759,101759,0.0,"void at::native::reduce_kernel<(int)512, (int)1, at::native::ReduceOp<float, at::native::func_wrapper_t<float, at::native::sum_functor<float, float, float>::operator ()(at::TensorIterator &)::[lambda(float, float) (instance 1)]>, unsigned int, float, (int)4, (int)4>>(T3)"
:BasicsTransformerLM.layers.7.attn,PushPop,30,30,1,8,65920,8240.0,7728.0,7328,10304,1171.3,"void at::native::elementwise_kernel<(int)128, (int)2, void at::native::gpu_kernel_impl_nocast<at::native::BinaryFunctor<float, float, float, at::native::binary_internal::MulFunctor<float>>>(at::TensorIteratorBase &, const T1 &)::[lambda(int) (instance 1)]>(int, T3)"
:BasicsTransformerLM.layers.7.attn,PushPop,30,30,1,2,54976,27488.0,27488.0,27424,27552,90.5,"void at::native::<unnamed>::CatArrayBatchedCopy<at::native::<unnamed>::OpaqueType<(unsigned int)4>, unsigned int, (int)4, (int)64, (int)64>(T1 *, at::native::<unnamed>::CatArrInputTensorMetadata<T1, T2, T4, T5>, at::native::<unnamed>::TensorSizeStride<T2, (unsigned int)4>, int, T2)"
:BasicsTransformerLM.layers.7.attn,PushPop,30,30,1,4,15392,3848.0,3840.0,3808,3904,48.0,"void at::native::vectorized_elementwise_kernel<(int)4, at::native::CUDAFunctor_add<float>, std::array<char *, (unsigned long)3>>(int, T2, T3)"
:BasicsTransformerLM.layers.7.attn,PushPop,30,30,1,1,14880,14880.0,14880.0,14880,14880,0.0,"void at::native::elementwise_kernel<(int)128, (int)2, void at::native::gpu_kernel_impl_nocast<at::native::direct_copy_kernel_cuda(at::TensorIteratorBase &)::[lambda() (instance 3)]::operator ()() const::[lambda() (instance 7)]::operator ()() const::[lambda(float) (instance 1)]>(at::TensorIteratorBase &, const T1 &)::[lambda(int) (instance 1)]>(int, T3)"
:BasicsTransformerLM.layers.7.attn,PushPop,30,30,1,1,8800,8800.0,8800.0,8800,8800,0.0,"void at::native::elementwise_kernel<(int)128, (int)4, void at::native::gpu_kernel_impl_nocast<at::native::<unnamed>::CompareFunctor<long>>(at::TensorIteratorBase &, const T1 &)::[lambda(int) (instance 1)]>(int, T3)"
:BasicsTransformerLM.layers.7.attn,PushPop,30,30,1,1,1184,1184.0,1184.0,1184,1184,0.0,"void <unnamed>::elementwise_kernel_with_index<int, at::native::arange_cuda_out(const c10::Scalar &, const c10::Scalar &, const c10::Scalar &, at::Tensor &)::[lambda() (instance 1)]::operator ()() const::[lambda() (instance 4)]::operator ()() const::[lambda(long) (instance 1)]>(T1, T2, function_traits<T2>::result_type *)"
:BasicsTransformerLM.layers.7.attn,PushPop,30,30,1,1,1024,1024.0,1024.0,1024,1024,0.0,"void at::native::vectorized_elementwise_kernel<(int)4, at::native::FillFunctor<float>, std::array<char *, (unsigned long)1>>(int, T2, T3)"
:BasicsTransformerLM.layers.7.attn.k_proj,PushPop,30,30,1,1,508989,508989.0,508989.0,508989,508989,0.0,cutlass3x_sm100_simt_sgemm_f32_f32_f32_f32_f32_128x64x16_1x1x1_3_tnn_align1_bias_f32_relu
:BasicsTransformerLM.layers.7.attn.output_proj,PushPop,30,30,1,1,516382,516382.0,516382.0,516382,516382,0.0,cutlass3x_sm100_simt_sgemm_f32_f32_f32_f32_f32_128x64x16_1x1x1_3_tnn_align1_bias_f32_relu
:BasicsTransformerLM.layers.7.attn.q_proj,PushPop,30,30,1,1,507166,507166.0,507166.0,507166,507166,0.0,cutlass3x_sm100_simt_sgemm_f32_f32_f32_f32_f32_128x64x16_1x1x1_3_tnn_align1_bias_f32_relu
:BasicsTransformerLM.layers.7.attn.v_proj,PushPop,30,30,1,1,509630,509630.0,509630.0,509630,509630,0.0,cutlass3x_sm100_simt_sgemm_f32_f32_f32_f32_f32_128x64x16_1x1x1_3_tnn_align1_bias_f32_relu
:BasicsTransformerLM.layers.7.ffn,PushPop,30,30,1,2,3823918,1911959.0,1911959.0,1911287,1912631,950.4,cutlass3x_sm100_simt_sgemm_f32_f32_f32_f32_f32_128x128x16_1x1x1_3_tnn_align1_bias_f32_relu
:BasicsTransformerLM.layers.7.ffn,PushPop,30,30,1,1,1987574,1987574.0,1987574.0,1987574,1987574,0.0,cutlass3x_sm100_simt_sgemm_f32_f32_f32_f32_f32_64x64x16_1x1x1_3_tnn_align1_bias_f32_relu
:BasicsTransformerLM.layers.7.ffn,PushPop,30,30,1,2,71039,35519.5,35519.5,32672,38367,4027.0,"void at::native::vectorized_elementwise_kernel<(int)4, at::native::BinaryFunctor<float, float, float, at::native::binary_internal::MulFunctor<float>>, std::array<char *, (unsigned long)3>>(int, T2, T3)"
:BasicsTransformerLM.layers.7.ffn,PushPop,30,30,1,1,22048,22048.0,22048.0,22048,22048,0.0,"void at::native::vectorized_elementwise_kernel<(int)4, at::native::sigmoid_kernel_cuda(at::TensorIteratorBase &)::[lambda() (instance 2)]::operator ()() const::[lambda() (instance 2)]::operator ()() const::[lambda(float) (instance 1)], std::array<char *, (unsigned long)2>>(int, T2, T3)"
:BasicsTransformerLM.layers.7.ffn.w1,PushPop,30,30,1,1,1912631,1912631.0,1912631.0,1912631,1912631,0.0,cutlass3x_sm100_simt_sgemm_f32_f32_f32_f32_f32_128x128x16_1x1x1_3_tnn_align1_bias_f32_relu
:BasicsTransformerLM.layers.7.ffn.w2,PushPop,30,30,1,1,1987574,1987574.0,1987574.0,1987574,1987574,0.0,cutlass3x_sm100_simt_sgemm_f32_f32_f32_f32_f32_64x64x16_1x1x1_3_tnn_align1_bias_f32_relu
:BasicsTransformerLM.layers.7.ffn.w3,PushPop,30,30,1,1,1911287,1911287.0,1911287.0,1911287,1911287,0.0,cutlass3x_sm100_simt_sgemm_f32_f32_f32_f32_f32_128x128x16_1x1x1_3_tnn_align1_bias_f32_relu
:BasicsTransformerLM.layers.7.ln1,PushPop,30,30,1,2,25472,12736.0,12736.0,12736,12736,0.0,"void at::native::elementwise_kernel<(int)128, (int)2, void at::native::gpu_kernel_impl_nocast<at::native::BinaryFunctor<float, float, float, at::native::binary_internal::MulFunctor<float>>>(at::TensorIteratorBase &, const T1 &)::[lambda(int) (instance 1)]>(int, T3)"
:BasicsTransformerLM.layers.7.ln1,PushPop,30,30,1,1,9312,9312.0,9312.0,9312,9312,0.0,"void at::native::reduce_kernel<(int)512, (int)1, at::native::ReduceOp<float, at::native::MeanOps<float, float, float, float>, unsigned int, float, (int)4, (int)4>>(T3)"
:BasicsTransformerLM.layers.7.ln1,PushPop,30,30,1,1,5216,5216.0,5216.0,5216,5216,0.0,"void at::native::vectorized_elementwise_kernel<(int)4, void at::native::<unnamed>::pow_tensor_scalar_kernel_impl<float, float>(at::TensorIteratorBase &, T2)::[lambda(float) (instance 1)], std::array<char *, (unsigned long)2>>(int, T2, T3)"
:BasicsTransformerLM.layers.7.ln1,PushPop,30,30,1,1,1599,1599.0,1599.0,1599,1599,0.0,"void at::native::vectorized_elementwise_kernel<(int)4, at::native::CUDAFunctorOnSelf_add<float>, std::array<char *, (unsigned long)2>>(int, T2, T3)"
:BasicsTransformerLM.layers.7.ln1,PushPop,30,30,1,1,1472,1472.0,1472.0,1472,1472,0.0,"void at::native::vectorized_elementwise_kernel<(int)4, at::native::rsqrt_kernel_cuda(at::TensorIteratorBase &)::[lambda() (instance 2)]::operator ()() const::[lambda() (instance 2)]::operator ()() const::[lambda(float) (instance 1)], std::array<char *, (unsigned long)2>>(int, T2, T3)"
:BasicsTransformerLM.layers.7.ln2,PushPop,30,30,1,2,25600,12800.0,12800.0,12704,12896,135.8,"void at::native::elementwise_kernel<(int)128, (int)2, void at::native::gpu_kernel_impl_nocast<at::native::BinaryFunctor<float, float, float, at::native::binary_internal::MulFunctor<float>>>(at::TensorIteratorBase &, const T1 &)::[lambda(int) (instance 1)]>(int, T3)"
:BasicsTransformerLM.layers.7.ln2,PushPop,30,30,1,1,9248,9248.0,9248.0,9248,9248,0.0,"void at::native::reduce_kernel<(int)512, (int)1, at::native::ReduceOp<float, at::native::MeanOps<float, float, float, float>, unsigned int, float, (int)4, (int)4>>(T3)"
:BasicsTransformerLM.layers.7.ln2,PushPop,30,30,1,1,5152,5152.0,5152.0,5152,5152,0.0,"void at::native::vectorized_elementwise_kernel<(int)4, void at::native::<unnamed>::pow_tensor_scalar_kernel_impl<float, float>(at::TensorIteratorBase &, T2)::[lambda(float) (instance 1)], std::array<char *, (unsigned long)2>>(int, T2, T3)"
:BasicsTransformerLM.layers.7.ln2,PushPop,30,30,1,1,1632,1632.0,1632.0,1632,1632,0.0,"void at::native::vectorized_elementwise_kernel<(int)4, at::native::rsqrt_kernel_cuda(at::TensorIteratorBase &)::[lambda() (instance 2)]::operator ()() const::[lambda() (instance 2)]::operator ()() const::[lambda(float) (instance 1)], std::array<char *, (unsigned long)2>>(int, T2, T3)"
:BasicsTransformerLM.layers.7.ln2,PushPop,30,30,1,1,1568,1568.0,1568.0,1568,1568,0.0,"void at::native::vectorized_elementwise_kernel<(int)4, at::native::CUDAFunctorOnSelf_add<float>, std::array<char *, (unsigned long)2>>(int, T2, T3)"
:BasicsTransformerLM.layers.8,PushPop,30,30,1,3,4390603,1463534.3,1911255.0,567453,1911895,776029.3,cutlass3x_sm100_simt_sgemm_f32_f32_f32_f32_f32_128x128x16_1x1x1_3_tnn_align1_bias_f32_relu
:BasicsTransformerLM.layers.8,PushPop,30,30,1,4,2038551,509637.8,508957.5,507358,513278,2557.5,cutlass3x_sm100_simt_sgemm_f32_f32_f32_f32_f32_128x64x16_1x1x1_3_tnn_align1_bias_f32_relu
:BasicsTransformerLM.layers.8,PushPop,30,30,1,1,1989302,1989302.0,1989302.0,1989302,1989302,0.0,cutlass3x_sm100_simt_sgemm_f32_f32_f32_f32_f32_64x64x16_1x1x1_3_tnn_align1_bias_f32_relu
:BasicsTransformerLM.layers.8,PushPop,30,30,1,1,545917,545917.0,545917.0,545917,545917,0.0,cutlass3x_sm100_simt_sgemm_f32_f32_f32_f32_f32_32x64x16_1x1x1_3_nnn_align1_bias_f32_relu
:BasicsTransformerLM.layers.8,PushPop,30,30,1,1,416126,416126.0,416126.0,416126,416126,0.0,"void at::native::elementwise_kernel<(int)128, (int)2, void at::native::gpu_kernel_impl_nocast<at::native::BinaryFunctor<float, float, float, at::native::binary_internal::DivFunctor<float>>>(at::TensorIteratorBase &, const T1 &)::[lambda(int) (instance 1)]>(int, T3)"
:BasicsTransformerLM.layers.8,PushPop,30,30,1,1,365246,365246.0,365246.0,365246,365246,0.0,"void at::native::elementwise_kernel<(int)128, (int)2, void at::native::gpu_kernel_impl_nocast<at::native::<unnamed>::where_kernel_impl(at::TensorIterator &)::[lambda() (instance 1)]::operator ()() const::[lambda() (instance 11)]::operator ()() const::[lambda(bool, float, float) (instance 1)]>(at::TensorIteratorBase &, const T1 &)::[lambda(int) (instance 1)]>(int, T3)"
:BasicsTransformerLM.layers.8,PushPop,30,30,1,1,361695,361695.0,361695.0,361695,361695,0.0,"void at::native::elementwise_kernel<(int)128, (int)2, void at::native::gpu_kernel_impl_nocast<at::native::CUDAFunctor_add<float>>(at::TensorIteratorBase &, const T1 &)::[lambda(int) (instance 1)]>(int, T3)"
:BasicsTransformerLM.layers.8,PushPop,30,30,1,1,157599,157599.0,157599.0,157599,157599,0.0,"void at::native::vectorized_elementwise_kernel<(int)4, at::native::BUnaryFunctor<float, float, float, at::native::binary_internal::MulFunctor<float>>, std::array<char *, (unsigned long)2>>(int, T2, T3)"
:BasicsTransformerLM.layers.8,PushPop,30,30,1,1,154079,154079.0,154079.0,154079,154079,0.0,"void at::native::vectorized_elementwise_kernel<(int)4, at::native::exp_kernel_cuda(at::TensorIteratorBase &)::[lambda() (instance 2)]::operator ()() const::[lambda() (instance 2)]::operator ()() const::[lambda(float) (instance 1)], std::array<char *, (unsigned long)2>>(int, T2, T3)"
:BasicsTransformerLM.layers.8,PushPop,30,30,1,1,135295,135295.0,135295.0,135295,135295,0.0,"void at::native::reduce_kernel<(int)512, (int)1, at::native::ReduceOp<float, at::native::MaxOps<float>, unsigned int, float, (int)4, (int)4>>(T3)"
:BasicsTransformerLM.layers.8,PushPop,30,30,1,12,116991,9749.3,8912.0,7328,12896,2471.8,"void at::native::elementwise_kernel<(int)128, (int)2, void at::native::gpu_kernel_impl_nocast<at::native::BinaryFunctor<float, float, float, at::native::binary_internal::MulFunctor<float>>>(at::TensorIteratorBase &, const T1 &)::[lambda(int) (instance 1)]>(int, T3)"
:BasicsTransformerLM.layers.8,PushPop,30,30,1,1,101855,101855.0,101855.0,101855,101855,0.0,"void at::native::reduce_kernel<(int)512, (int)1, at::native::ReduceOp<float, at::native::func_wrapper_t<float, at::native::sum_functor<float, float, float>::operator ()(at::TensorIterator &)::[lambda(float, float) (instance 1)]>, unsigned int, float, (int)4, (int)4>>(T3)"
:BasicsTransformerLM.layers.8,PushPop,30,30,1,2,69823,34911.5,34911.5,32064,37759,4027.0,"void at::native::vectorized_elementwise_kernel<(int)4, at::native::BinaryFunctor<float, float, float, at::native::binary_internal::MulFunctor<float>>, std::array<char *, (unsigned long)3>>(int, T2, T3)"
:BasicsTransformerLM.layers.8,PushPop,30,30,1,2,55360,27680.0,27680.0,27648,27712,45.3,"void at::native::<unnamed>::CatArrayBatchedCopy<at::native::<unnamed>::OpaqueType<(unsigned int)4>, unsigned int, (int)4, (int)64, (int)64>(T1 *, at::native::<unnamed>::CatArrInputTensorMetadata<T1, T2, T4, T5>, at::native::<unnamed>::TensorSizeStride<T2, (unsigned int)4>, int, T2)"
:BasicsTransformerLM.layers.8,PushPop,30,30,1,6,32671,5445.2,4079.5,3872,8960,2264.8,"void at::native::vectorized_elementwise_kernel<(int)4, at::native::CUDAFunctor_add<float>, std::array<char *, (unsigned long)3>>(int, T2, T3)"
:BasicsTransformerLM.layers.8,PushPop,30,30,1,1,21792,21792.0,21792.0,21792,21792,0.0,"void at::native::vectorized_elementwise_kernel<(int)4, at::native::sigmoid_kernel_cuda(at::TensorIteratorBase &)::[lambda() (instance 2)]::operator ()() const::[lambda() (instance 2)]::operator ()() const::[lambda(float) (instance 1)], std::array<char *, (unsigned long)2>>(int, T2, T3)"
:BasicsTransformerLM.layers.8,PushPop,30,30,1,2,18368,9184.0,9184.0,9152,9216,45.3,"void at::native::reduce_kernel<(int)512, (int)1, at::native::ReduceOp<float, at::native::MeanOps<float, float, float, float>, unsigned int, float, (int)4, (int)4>>(T3)"
:BasicsTransformerLM.layers.8,PushPop,30,30,1,1,14880,14880.0,14880.0,14880,14880,0.0,"void at::native::elementwise_kernel<(int)128, (int)2, void at::native::gpu_kernel_impl_nocast<at::native::direct_copy_kernel_cuda(at::TensorIteratorBase &)::[lambda() (instance 3)]::operator ()() const::[lambda() (instance 7)]::operator ()() const::[lambda(float) (instance 1)]>(at::TensorIteratorBase &, const T1 &)::[lambda(int) (instance 1)]>(int, T3)"
:BasicsTransformerLM.layers.8,PushPop,30,30,1,2,10336,5168.0,5168.0,5120,5216,67.9,"void at::native::vectorized_elementwise_kernel<(int)4, void at::native::<unnamed>::pow_tensor_scalar_kernel_impl<float, float>(at::TensorIteratorBase &, T2)::[lambda(float) (instance 1)], std::array<char *, (unsigned long)2>>(int, T2, T3)"
:BasicsTransformerLM.layers.8,PushPop,30,30,1,1,8672,8672.0,8672.0,8672,8672,0.0,"void at::native::elementwise_kernel<(int)128, (int)4, void at::native::gpu_kernel_impl_nocast<at::native::<unnamed>::CompareFunctor<long>>(at::TensorIteratorBase &, const T1 &)::[lambda(int) (instance 1)]>(int, T3)"
:BasicsTransformerLM.layers.8,PushPop,30,30,1,2,3008,1504.0,1504.0,1472,1536,45.3,"void at::native::vectorized_elementwise_kernel<(int)4, at::native::CUDAFunctorOnSelf_add<float>, std::array<char *, (unsigned long)2>>(int, T2, T3)"
:BasicsTransformerLM.layers.8,PushPop,30,30,1,2,2944,1472.0,1472.0,1440,1504,45.3,"void at::native::vectorized_elementwise_kernel<(int)4, at::native::rsqrt_kernel_cuda(at::TensorIteratorBase &)::[lambda() (instance 2)]::operator ()() const::[lambda() (instance 2)]::operator ()() const::[lambda(float) (instance 1)], std::array<char *, (unsigned long)2>>(int, T2, T3)"
:BasicsTransformerLM.layers.8,PushPop,30,30,1,1,1184,1184.0,1184.0,1184,1184,0.0,"void <unnamed>::elementwise_kernel_with_index<int, at::native::arange_cuda_out(const c10::Scalar &, const c10::Scalar &, const c10::Scalar &, at::Tensor &)::[lambda() (instance 1)]::operator ()() const::[lambda() (instance 4)]::operator ()() const::[lambda(long) (instance 1)]>(T1, T2, function_traits<T2>::result_type *)"
:BasicsTransformerLM.layers.8,PushPop,30,30,1,1,1024,1024.0,1024.0,1024,1024,0.0,"void at::native::vectorized_elementwise_kernel<(int)4, at::native::FillFunctor<float>, std::array<char *, (unsigned long)1>>(int, T2, T3)"
:BasicsTransformerLM.layers.8.attn,PushPop,30,30,1,4,2038551,509637.8,508957.5,507358,513278,2557.5,cutlass3x_sm100_simt_sgemm_f32_f32_f32_f32_f32_128x64x16_1x1x1_3_tnn_align1_bias_f32_relu
:BasicsTransformerLM.layers.8.attn,PushPop,30,30,1,1,567453,567453.0,567453.0,567453,567453,0.0,cutlass3x_sm100_simt_sgemm_f32_f32_f32_f32_f32_128x128x16_1x1x1_3_tnn_align1_bias_f32_relu
:BasicsTransformerLM.layers.8.attn,PushPop,30,30,1,1,545917,545917.0,545917.0,545917,545917,0.0,cutlass3x_sm100_simt_sgemm_f32_f32_f32_f32_f32_32x64x16_1x1x1_3_nnn_align1_bias_f32_relu
:BasicsTransformerLM.layers.8.attn,PushPop,30,30,1,1,416126,416126.0,416126.0,416126,416126,0.0,"void at::native::elementwise_kernel<(int)128, (int)2, void at::native::gpu_kernel_impl_nocast<at::native::BinaryFunctor<float, float, float, at::native::binary_internal::DivFunctor<float>>>(at::TensorIteratorBase &, const T1 &)::[lambda(int) (instance 1)]>(int, T3)"
:BasicsTransformerLM.layers.8.attn,PushPop,30,30,1,1,365246,365246.0,365246.0,365246,365246,0.0,"void at::native::elementwise_kernel<(int)128, (int)2, void at::native::gpu_kernel_impl_nocast<at::native::<unnamed>::where_kernel_impl(at::TensorIterator &)::[lambda() (instance 1)]::operator ()() const::[lambda() (instance 11)]::operator ()() const::[lambda(bool, float, float) (instance 1)]>(at::TensorIteratorBase &, const T1 &)::[lambda(int) (instance 1)]>(int, T3)"
:BasicsTransformerLM.layers.8.attn,PushPop,30,30,1,1,361695,361695.0,361695.0,361695,361695,0.0,"void at::native::elementwise_kernel<(int)128, (int)2, void at::native::gpu_kernel_impl_nocast<at::native::CUDAFunctor_add<float>>(at::TensorIteratorBase &, const T1 &)::[lambda(int) (instance 1)]>(int, T3)"
:BasicsTransformerLM.layers.8.attn,PushPop,30,30,1,1,157599,157599.0,157599.0,157599,157599,0.0,"void at::native::vectorized_elementwise_kernel<(int)4, at::native::BUnaryFunctor<float, float, float, at::native::binary_internal::MulFunctor<float>>, std::array<char *, (unsigned long)2>>(int, T2, T3)"
:BasicsTransformerLM.layers.8.attn,PushPop,30,30,1,1,154079,154079.0,154079.0,154079,154079,0.0,"void at::native::vectorized_elementwise_kernel<(int)4, at::native::exp_kernel_cuda(at::TensorIteratorBase &)::[lambda() (instance 2)]::operator ()() const::[lambda() (instance 2)]::operator ()() const::[lambda(float) (instance 1)], std::array<char *, (unsigned long)2>>(int, T2, T3)"
:BasicsTransformerLM.layers.8.attn,PushPop,30,30,1,1,135295,135295.0,135295.0,135295,135295,0.0,"void at::native::reduce_kernel<(int)512, (int)1, at::native::ReduceOp<float, at::native::MaxOps<float>, unsigned int, float, (int)4, (int)4>>(T3)"
:BasicsTransformerLM.layers.8.attn,PushPop,30,30,1,1,101855,101855.0,101855.0,101855,101855,0.0,"void at::native::reduce_kernel<(int)512, (int)1, at::native::ReduceOp<float, at::native::func_wrapper_t<float, at::native::sum_functor<float, float, float>::operator ()(at::TensorIterator &)::[lambda(float, float) (instance 1)]>, unsigned int, float, (int)4, (int)4>>(T3)"
:BasicsTransformerLM.layers.8.attn,PushPop,30,30,1,8,65888,8236.0,7632.0,7328,10624,1321.8,"void at::native::elementwise_kernel<(int)128, (int)2, void at::native::gpu_kernel_impl_nocast<at::native::BinaryFunctor<float, float, float, at::native::binary_internal::MulFunctor<float>>>(at::TensorIteratorBase &, const T1 &)::[lambda(int) (instance 1)]>(int, T3)"
:BasicsTransformerLM.layers.8.attn,PushPop,30,30,1,2,55360,27680.0,27680.0,27648,27712,45.3,"void at::native::<unnamed>::CatArrayBatchedCopy<at::native::<unnamed>::OpaqueType<(unsigned int)4>, unsigned int, (int)4, (int)64, (int)64>(T1 *, at::native::<unnamed>::CatArrInputTensorMetadata<T1, T2, T4, T5>, at::native::<unnamed>::TensorSizeStride<T2, (unsigned int)4>, int, T2)"
:BasicsTransformerLM.layers.8.attn,PushPop,30,30,1,4,16031,4007.8,4016.0,3872,4127,105.4,"void at::native::vectorized_elementwise_kernel<(int)4, at::native::CUDAFunctor_add<float>, std::array<char *, (unsigned long)3>>(int, T2, T3)"
:BasicsTransformerLM.layers.8.attn,PushPop,30,30,1,1,14880,14880.0,14880.0,14880,14880,0.0,"void at::native::elementwise_kernel<(int)128, (int)2, void at::native::gpu_kernel_impl_nocast<at::native::direct_copy_kernel_cuda(at::TensorIteratorBase &)::[lambda() (instance 3)]::operator ()() const::[lambda() (instance 7)]::operator ()() const::[lambda(float) (instance 1)]>(at::TensorIteratorBase &, const T1 &)::[lambda(int) (instance 1)]>(int, T3)"
:BasicsTransformerLM.layers.8.attn,PushPop,30,30,1,1,8672,8672.0,8672.0,8672,8672,0.0,"void at::native::elementwise_kernel<(int)128, (int)4, void at::native::gpu_kernel_impl_nocast<at::native::<unnamed>::CompareFunctor<long>>(at::TensorIteratorBase &, const T1 &)::[lambda(int) (instance 1)]>(int, T3)"
:BasicsTransformerLM.layers.8.attn,PushPop,30,30,1,1,1184,1184.0,1184.0,1184,1184,0.0,"void <unnamed>::elementwise_kernel_with_index<int, at::native::arange_cuda_out(const c10::Scalar &, const c10::Scalar &, const c10::Scalar &, at::Tensor &)::[lambda() (instance 1)]::operator ()() const::[lambda() (instance 4)]::operator ()() const::[lambda(long) (instance 1)]>(T1, T2, function_traits<T2>::result_type *)"
:BasicsTransformerLM.layers.8.attn,PushPop,30,30,1,1,1024,1024.0,1024.0,1024,1024,0.0,"void at::native::vectorized_elementwise_kernel<(int)4, at::native::FillFunctor<float>, std::array<char *, (unsigned long)1>>(int, T2, T3)"
:BasicsTransformerLM.layers.8.attn.k_proj,PushPop,30,30,1,1,508605,508605.0,508605.0,508605,508605,0.0,cutlass3x_sm100_simt_sgemm_f32_f32_f32_f32_f32_128x64x16_1x1x1_3_tnn_align1_bias_f32_relu
:BasicsTransformerLM.layers.8.attn.output_proj,PushPop,30,30,1,1,513278,513278.0,513278.0,513278,513278,0.0,cutlass3x_sm100_simt_sgemm_f32_f32_f32_f32_f32_128x64x16_1x1x1_3_tnn_align1_bias_f32_relu
:BasicsTransformerLM.layers.8.attn.q_proj,PushPop,30,30,1,1,507358,507358.0,507358.0,507358,507358,0.0,cutlass3x_sm100_simt_sgemm_f32_f32_f32_f32_f32_128x64x16_1x1x1_3_tnn_align1_bias_f32_relu
:BasicsTransformerLM.layers.8.attn.v_proj,PushPop,30,30,1,1,509310,509310.0,509310.0,509310,509310,0.0,cutlass3x_sm100_simt_sgemm_f32_f32_f32_f32_f32_128x64x16_1x1x1_3_tnn_align1_bias_f32_relu
:BasicsTransformerLM.layers.8.ffn,PushPop,30,30,1,2,3823150,1911575.0,1911575.0,1911255,1911895,452.5,cutlass3x_sm100_simt_sgemm_f32_f32_f32_f32_f32_128x128x16_1x1x1_3_tnn_align1_bias_f32_relu
:BasicsTransformerLM.layers.8.ffn,PushPop,30,30,1,1,1989302,1989302.0,1989302.0,1989302,1989302,0.0,cutlass3x_sm100_simt_sgemm_f32_f32_f32_f32_f32_64x64x16_1x1x1_3_tnn_align1_bias_f32_relu
:BasicsTransformerLM.layers.8.ffn,PushPop,30,30,1,2,69823,34911.5,34911.5,32064,37759,4027.0,"void at::native::vectorized_elementwise_kernel<(int)4, at::native::BinaryFunctor<float, float, float, at::native::binary_internal::MulFunctor<float>>, std::array<char *, (unsigned long)3>>(int, T2, T3)"
:BasicsTransformerLM.layers.8.ffn,PushPop,30,30,1,1,21792,21792.0,21792.0,21792,21792,0.0,"void at::native::vectorized_elementwise_kernel<(int)4, at::native::sigmoid_kernel_cuda(at::TensorIteratorBase &)::[lambda() (instance 2)]::operator ()() const::[lambda() (instance 2)]::operator ()() const::[lambda(float) (instance 1)], std::array<char *, (unsigned long)2>>(int, T2, T3)"
:BasicsTransformerLM.layers.8.ffn.w1,PushPop,30,30,1,1,1911895,1911895.0,1911895.0,1911895,1911895,0.0,cutlass3x_sm100_simt_sgemm_f32_f32_f32_f32_f32_128x128x16_1x1x1_3_tnn_align1_bias_f32_relu
:BasicsTransformerLM.layers.8.ffn.w2,PushPop,30,30,1,1,1989302,1989302.0,1989302.0,1989302,1989302,0.0,cutlass3x_sm100_simt_sgemm_f32_f32_f32_f32_f32_64x64x16_1x1x1_3_tnn_align1_bias_f32_relu
:BasicsTransformerLM.layers.8.ffn.w3,PushPop,30,30,1,1,1911255,1911255.0,1911255.0,1911255,1911255,0.0,cutlass3x_sm100_simt_sgemm_f32_f32_f32_f32_f32_128x128x16_1x1x1_3_tnn_align1_bias_f32_relu
:BasicsTransformerLM.layers.8.ln1,PushPop,30,30,1,2,25632,12816.0,12816.0,12736,12896,113.1,"void at::native::elementwise_kernel<(int)128, (int)2, void at::native::gpu_kernel_impl_nocast<at::native::BinaryFunctor<float, float, float, at::native::binary_internal::MulFunctor<float>>>(at::TensorIteratorBase &, const T1 &)::[lambda(int) (instance 1)]>(int, T3)"
:BasicsTransformerLM.layers.8.ln1,PushPop,30,30,1,1,9152,9152.0,9152.0,9152,9152,0.0,"void at::native::reduce_kernel<(int)512, (int)1, at::native::ReduceOp<float, at::native::MeanOps<float, float, float, float>, unsigned int, float, (int)4, (int)4>>(T3)"
:BasicsTransformerLM.layers.8.ln1,PushPop,30,30,1,1,5216,5216.0,5216.0,5216,5216,0.0,"void at::native::vectorized_elementwise_kernel<(int)4, void at::native::<unnamed>::pow_tensor_scalar_kernel_impl<float, float>(at::TensorIteratorBase &, T2)::[lambda(float) (instance 1)], std::array<char *, (unsigned long)2>>(int, T2, T3)"
:BasicsTransformerLM.layers.8.ln1,PushPop,30,30,1,1,1504,1504.0,1504.0,1504,1504,0.0,"void at::native::vectorized_elementwise_kernel<(int)4, at::native::rsqrt_kernel_cuda(at::TensorIteratorBase &)::[lambda() (instance 2)]::operator ()() const::[lambda() (instance 2)]::operator ()() const::[lambda(float) (instance 1)], std::array<char *, (unsigned long)2>>(int, T2, T3)"
:BasicsTransformerLM.layers.8.ln1,PushPop,30,30,1,1,1472,1472.0,1472.0,1472,1472,0.0,"void at::native::vectorized_elementwise_kernel<(int)4, at::native::CUDAFunctorOnSelf_add<float>, std::array<char *, (unsigned long)2>>(int, T2, T3)"
:BasicsTransformerLM.layers.8.ln2,PushPop,30,30,1,2,25471,12735.5,12735.5,12735,12736,0.7,"void at::native::elementwise_kernel<(int)128, (int)2, void at::native::gpu_kernel_impl_nocast<at::native::BinaryFunctor<float, float, float, at::native::binary_internal::MulFunctor<float>>>(at::TensorIteratorBase &, const T1 &)::[lambda(int) (instance 1)]>(int, T3)"
:BasicsTransformerLM.layers.8.ln2,PushPop,30,30,1,1,9216,9216.0,9216.0,9216,9216,0.0,"void at::native::reduce_kernel<(int)512, (int)1, at::native::ReduceOp<float, at::native::MeanOps<float, float, float, float>, unsigned int, float, (int)4, (int)4>>(T3)"
:BasicsTransformerLM.layers.8.ln2,PushPop,30,30,1,1,5120,5120.0,5120.0,5120,5120,0.0,"void at::native::vectorized_elementwise_kernel<(int)4, void at::native::<unnamed>::pow_tensor_scalar_kernel_impl<float, float>(at::TensorIteratorBase &, T2)::[lambda(float) (instance 1)], std::array<char *, (unsigned long)2>>(int, T2, T3)"
:BasicsTransformerLM.layers.8.ln2,PushPop,30,30,1,1,1536,1536.0,1536.0,1536,1536,0.0,"void at::native::vectorized_elementwise_kernel<(int)4, at::native::CUDAFunctorOnSelf_add<float>, std::array<char *, (unsigned long)2>>(int, T2, T3)"
:BasicsTransformerLM.layers.8.ln2,PushPop,30,30,1,1,1440,1440.0,1440.0,1440,1440,0.0,"void at::native::vectorized_elementwise_kernel<(int)4, at::native::rsqrt_kernel_cuda(at::TensorIteratorBase &)::[lambda() (instance 2)]::operator ()() const::[lambda() (instance 2)]::operator ()() const::[lambda(float) (instance 1)], std::array<char *, (unsigned long)2>>(int, T2, T3)"
:BasicsTransformerLM.layers.9,PushPop,30,30,1,3,4393193,1464397.7,1910550.0,567613,1915030,776641.5,cutlass3x_sm100_simt_sgemm_f32_f32_f32_f32_f32_128x128x16_1x1x1_3_tnn_align1_bias_f32_relu
:BasicsTransformerLM.layers.9,PushPop,30,30,1,4,2136214,534053.5,510141.5,507774,608157,49415.3,cutlass3x_sm100_simt_sgemm_f32_f32_f32_f32_f32_128x64x16_1x1x1_3_tnn_align1_bias_f32_relu
:BasicsTransformerLM.layers.9,PushPop,30,30,1,1,1991478,1991478.0,1991478.0,1991478,1991478,0.0,cutlass3x_sm100_simt_sgemm_f32_f32_f32_f32_f32_64x64x16_1x1x1_3_tnn_align1_bias_f32_relu
:BasicsTransformerLM.layers.9,PushPop,30,30,1,1,546461,546461.0,546461.0,546461,546461,0.0,cutlass3x_sm100_simt_sgemm_f32_f32_f32_f32_f32_32x64x16_1x1x1_3_nnn_align1_bias_f32_relu
:BasicsTransformerLM.layers.9,PushPop,30,30,1,1,416190,416190.0,416190.0,416190,416190,0.0,"void at::native::elementwise_kernel<(int)128, (int)2, void at::native::gpu_kernel_impl_nocast<at::native::BinaryFunctor<float, float, float, at::native::binary_internal::DivFunctor<float>>>(at::TensorIteratorBase &, const T1 &)::[lambda(int) (instance 1)]>(int, T3)"
:BasicsTransformerLM.layers.9,PushPop,30,30,1,1,365054,365054.0,365054.0,365054,365054,0.0,"void at::native::elementwise_kernel<(int)128, (int)2, void at::native::gpu_kernel_impl_nocast<at::native::<unnamed>::where_kernel_impl(at::TensorIterator &)::[lambda() (instance 1)]::operator ()() const::[lambda() (instance 11)]::operator ()() const::[lambda(bool, float, float) (instance 1)]>(at::TensorIteratorBase &, const T1 &)::[lambda(int) (instance 1)]>(int, T3)"
:BasicsTransformerLM.layers.9,PushPop,30,30,1,1,362015,362015.0,362015.0,362015,362015,0.0,"void at::native::elementwise_kernel<(int)128, (int)2, void at::native::gpu_kernel_impl_nocast<at::native::CUDAFunctor_add<float>>(at::TensorIteratorBase &, const T1 &)::[lambda(int) (instance 1)]>(int, T3)"
:BasicsTransformerLM.layers.9,PushPop,30,30,1,1,156415,156415.0,156415.0,156415,156415,0.0,"void at::native::vectorized_elementwise_kernel<(int)4, at::native::BUnaryFunctor<float, float, float, at::native::binary_internal::MulFunctor<float>>, std::array<char *, (unsigned long)2>>(int, T2, T3)"
:BasicsTransformerLM.layers.9,PushPop,30,30,1,1,154207,154207.0,154207.0,154207,154207,0.0,"void at::native::vectorized_elementwise_kernel<(int)4, at::native::exp_kernel_cuda(at::TensorIteratorBase &)::[lambda() (instance 2)]::operator ()() const::[lambda() (instance 2)]::operator ()() const::[lambda(float) (instance 1)], std::array<char *, (unsigned long)2>>(int, T2, T3)"
:BasicsTransformerLM.layers.9,PushPop,30,30,1,1,135103,135103.0,135103.0,135103,135103,0.0,"void at::native::reduce_kernel<(int)512, (int)1, at::native::ReduceOp<float, at::native::MaxOps<float>, unsigned int, float, (int)4, (int)4>>(T3)"
:BasicsTransformerLM.layers.9,PushPop,30,30,1,12,116320,9693.3,8784.0,7360,12864,2415.2,"void at::native::elementwise_kernel<(int)128, (int)2, void at::native::gpu_kernel_impl_nocast<at::native::BinaryFunctor<float, float, float, at::native::binary_internal::MulFunctor<float>>>(at::TensorIteratorBase &, const T1 &)::[lambda(int) (instance 1)]>(int, T3)"
:BasicsTransformerLM.layers.9,PushPop,30,30,1,1,101599,101599.0,101599.0,101599,101599,0.0,"void at::native::reduce_kernel<(int)512, (int)1, at::native::ReduceOp<float, at::native::func_wrapper_t<float, at::native::sum_functor<float, float, float>::operator ()(at::TensorIterator &)::[lambda(float, float) (instance 1)]>, unsigned int, float, (int)4, (int)4>>(T3)"
:BasicsTransformerLM.layers.9,PushPop,30,30,1,2,71296,35648.0,35648.0,32768,38528,4072.9,"void at::native::vectorized_elementwise_kernel<(int)4, at::native::BinaryFunctor<float, float, float, at::native::binary_internal::MulFunctor<float>>, std::array<char *, (unsigned long)3>>(int, T2, T3)"
:BasicsTransformerLM.layers.9,PushPop,30,30,1,2,54624,27312.0,27312.0,27296,27328,22.6,"void at::native::<unnamed>::CatArrayBatchedCopy<at::native::<unnamed>::OpaqueType<(unsigned int)4>, unsigned int, (int)4, (int)64, (int)64>(T1 *, at::native::<unnamed>::CatArrInputTensorMetadata<T1, T2, T4, T5>, at::native::<unnamed>::TensorSizeStride<T2, (unsigned int)4>, int, T2)"
:BasicsTransformerLM.layers.9,PushPop,30,30,1,6,32063,5343.8,3983.5,3904,8640,2181.0,"void at::native::vectorized_elementwise_kernel<(int)4, at::native::CUDAFunctor_add<float>, std::array<char *, (unsigned long)3>>(int, T2, T3)"
:BasicsTransformerLM.layers.9,PushPop,30,30,1,1,21664,21664.0,21664.0,21664,21664,0.0,"void at::native::vectorized_elementwise_kernel<(int)4, at::native::sigmoid_kernel_cuda(at::TensorIteratorBase &)::[lambda() (instance 2)]::operator ()() const::[lambda() (instance 2)]::operator ()() const::[lambda(float) (instance 1)], std::array<char *, (unsigned long)2>>(int, T2, T3)"
:BasicsTransformerLM.layers.9,PushPop,30,30,1,2,18464,9232.0,9232.0,9152,9312,113.1,"void at::native::reduce_kernel<(int)512, (int)1, at::native::ReduceOp<float, at::native::MeanOps<float, float, float, float>, unsigned int, float, (int)4, (int)4>>(T3)"
:BasicsTransformerLM.layers.9,PushPop,30,30,1,1,14752,14752.0,14752.0,14752,14752,0.0,"void at::native::elementwise_kernel<(int)128, (int)2, void at::native::gpu_kernel_impl_nocast<at::native::direct_copy_kernel_cuda(at::TensorIteratorBase &)::[lambda() (instance 3)]::operator ()() const::[lambda() (instance 7)]::operator ()() const::[lambda(float) (instance 1)]>(at::TensorIteratorBase &, const T1 &)::[lambda(int) (instance 1)]>(int, T3)"
:BasicsTransformerLM.layers.9,PushPop,30,30,1,2,10688,5344.0,5344.0,5280,5408,90.5,"void at::native::vectorized_elementwise_kernel<(int)4, void at::native::<unnamed>::pow_tensor_scalar_kernel_impl<float, float>(at::TensorIteratorBase &, T2)::[lambda(float) (instance 1)], std::array<char *, (unsigned long)2>>(int, T2, T3)"
:BasicsTransformerLM.layers.9,PushPop,30,30,1,1,8672,8672.0,8672.0,8672,8672,0.0,"void at::native::elementwise_kernel<(int)128, (int)4, void at::native::gpu_kernel_impl_nocast<at::native::<unnamed>::CompareFunctor<long>>(at::TensorIteratorBase &, const T1 &)::[lambda(int) (instance 1)]>(int, T3)"
:BasicsTransformerLM.layers.9,PushPop,30,30,1,2,3360,1680.0,1680.0,1568,1792,158.4,"void at::native::vectorized_elementwise_kernel<(int)4, at::native::CUDAFunctorOnSelf_add<float>, std::array<char *, (unsigned long)2>>(int, T2, T3)"
:BasicsTransformerLM.layers.9,PushPop,30,30,1,2,3167,1583.5,1583.5,1504,1663,112.4,"void at::native::vectorized_elementwise_kernel<(int)4, at::native::rsqrt_kernel_cuda(at::TensorIteratorBase &)::[lambda() (instance 2)]::operator ()() const::[lambda() (instance 2)]::operator ()() const::[lambda(float) (instance 1)], std::array<char *, (unsigned long)2>>(int, T2, T3)"
:BasicsTransformerLM.layers.9,PushPop,30,30,1,1,1216,1216.0,1216.0,1216,1216,0.0,"void <unnamed>::elementwise_kernel_with_index<int, at::native::arange_cuda_out(const c10::Scalar &, const c10::Scalar &, const c10::Scalar &, at::Tensor &)::[lambda() (instance 1)]::operator ()() const::[lambda() (instance 4)]::operator ()() const::[lambda(long) (instance 1)]>(T1, T2, function_traits<T2>::result_type *)"
:BasicsTransformerLM.layers.9,PushPop,30,30,1,1,1024,1024.0,1024.0,1024,1024,0.0,"void at::native::vectorized_elementwise_kernel<(int)4, at::native::FillFunctor<float>, std::array<char *, (unsigned long)1>>(int, T2, T3)"
:BasicsTransformerLM.layers.9.attn,PushPop,30,30,1,4,2136214,534053.5,510141.5,507774,608157,49415.3,cutlass3x_sm100_simt_sgemm_f32_f32_f32_f32_f32_128x64x16_1x1x1_3_tnn_align1_bias_f32_relu
:BasicsTransformerLM.layers.9.attn,PushPop,30,30,1,1,567613,567613.0,567613.0,567613,567613,0.0,cutlass3x_sm100_simt_sgemm_f32_f32_f32_f32_f32_128x128x16_1x1x1_3_tnn_align1_bias_f32_relu
:BasicsTransformerLM.layers.9.attn,PushPop,30,30,1,1,546461,546461.0,546461.0,546461,546461,0.0,cutlass3x_sm100_simt_sgemm_f32_f32_f32_f32_f32_32x64x16_1x1x1_3_nnn_align1_bias_f32_relu
:BasicsTransformerLM.layers.9.attn,PushPop,30,30,1,1,416190,416190.0,416190.0,416190,416190,0.0,"void at::native::elementwise_kernel<(int)128, (int)2, void at::native::gpu_kernel_impl_nocast<at::native::BinaryFunctor<float, float, float, at::native::binary_internal::DivFunctor<float>>>(at::TensorIteratorBase &, const T1 &)::[lambda(int) (instance 1)]>(int, T3)"
:BasicsTransformerLM.layers.9.attn,PushPop,30,30,1,1,365054,365054.0,365054.0,365054,365054,0.0,"void at::native::elementwise_kernel<(int)128, (int)2, void at::native::gpu_kernel_impl_nocast<at::native::<unnamed>::where_kernel_impl(at::TensorIterator &)::[lambda() (instance 1)]::operator ()() const::[lambda() (instance 11)]::operator ()() const::[lambda(bool, float, float) (instance 1)]>(at::TensorIteratorBase &, const T1 &)::[lambda(int) (instance 1)]>(int, T3)"
:BasicsTransformerLM.layers.9.attn,PushPop,30,30,1,1,362015,362015.0,362015.0,362015,362015,0.0,"void at::native::elementwise_kernel<(int)128, (int)2, void at::native::gpu_kernel_impl_nocast<at::native::CUDAFunctor_add<float>>(at::TensorIteratorBase &, const T1 &)::[lambda(int) (instance 1)]>(int, T3)"
:BasicsTransformerLM.layers.9.attn,PushPop,30,30,1,1,156415,156415.0,156415.0,156415,156415,0.0,"void at::native::vectorized_elementwise_kernel<(int)4, at::native::BUnaryFunctor<float, float, float, at::native::binary_internal::MulFunctor<float>>, std::array<char *, (unsigned long)2>>(int, T2, T3)"
:BasicsTransformerLM.layers.9.attn,PushPop,30,30,1,1,154207,154207.0,154207.0,154207,154207,0.0,"void at::native::vectorized_elementwise_kernel<(int)4, at::native::exp_kernel_cuda(at::TensorIteratorBase &)::[lambda() (instance 2)]::operator ()() const::[lambda() (instance 2)]::operator ()() const::[lambda(float) (instance 1)], std::array<char *, (unsigned long)2>>(int, T2, T3)"
:BasicsTransformerLM.layers.9.attn,PushPop,30,30,1,1,135103,135103.0,135103.0,135103,135103,0.0,"void at::native::reduce_kernel<(int)512, (int)1, at::native::ReduceOp<float, at::native::MaxOps<float>, unsigned int, float, (int)4, (int)4>>(T3)"
:BasicsTransformerLM.layers.9.attn,PushPop,30,30,1,1,101599,101599.0,101599.0,101599,101599,0.0,"void at::native::reduce_kernel<(int)512, (int)1, at::native::ReduceOp<float, at::native::func_wrapper_t<float, at::native::sum_functor<float, float, float>::operator ()(at::TensorIterator &)::[lambda(float, float) (instance 1)]>, unsigned int, float, (int)4, (int)4>>(T3)"
:BasicsTransformerLM.layers.9.attn,PushPop,30,30,1,8,65408,8176.0,7664.0,7360,10144,1125.9,"void at::native::elementwise_kernel<(int)128, (int)2, void at::native::gpu_kernel_impl_nocast<at::native::BinaryFunctor<float, float, float, at::native::binary_internal::MulFunctor<float>>>(at::TensorIteratorBase &, const T1 &)::[lambda(int) (instance 1)]>(int, T3)"
:BasicsTransformerLM.layers.9.attn,PushPop,30,30,1,2,54624,27312.0,27312.0,27296,27328,22.6,"void at::native::<unnamed>::CatArrayBatchedCopy<at::native::<unnamed>::OpaqueType<(unsigned int)4>, unsigned int, (int)4, (int)64, (int)64>(T1 *, at::native::<unnamed>::CatArrInputTensorMetadata<T1, T2, T4, T5>, at::native::<unnamed>::TensorSizeStride<T2, (unsigned int)4>, int, T2)"
:BasicsTransformerLM.layers.9.attn,PushPop,30,30,1,4,15807,3951.8,3952.0,3904,3999,40.9,"void at::native::vectorized_elementwise_kernel<(int)4, at::native::CUDAFunctor_add<float>, std::array<char *, (unsigned long)3>>(int, T2, T3)"
:BasicsTransformerLM.layers.9.attn,PushPop,30,30,1,1,14752,14752.0,14752.0,14752,14752,0.0,"void at::native::elementwise_kernel<(int)128, (int)2, void at::native::gpu_kernel_impl_nocast<at::native::direct_copy_kernel_cuda(at::TensorIteratorBase &)::[lambda() (instance 3)]::operator ()() const::[lambda() (instance 7)]::operator ()() const::[lambda(float) (instance 1)]>(at::TensorIteratorBase &, const T1 &)::[lambda(int) (instance 1)]>(int, T3)"
:BasicsTransformerLM.layers.9.attn,PushPop,30,30,1,1,8672,8672.0,8672.0,8672,8672,0.0,"void at::native::elementwise_kernel<(int)128, (int)4, void at::native::gpu_kernel_impl_nocast<at::native::<unnamed>::CompareFunctor<long>>(at::TensorIteratorBase &, const T1 &)::[lambda(int) (instance 1)]>(int, T3)"
:BasicsTransformerLM.layers.9.attn,PushPop,30,30,1,1,1216,1216.0,1216.0,1216,1216,0.0,"void <unnamed>::elementwise_kernel_with_index<int, at::native::arange_cuda_out(const c10::Scalar &, const c10::Scalar &, const c10::Scalar &, at::Tensor &)::[lambda() (instance 1)]::operator ()() const::[lambda() (instance 4)]::operator ()() const::[lambda(long) (instance 1)]>(T1, T2, function_traits<T2>::result_type *)"
:BasicsTransformerLM.layers.9.attn,PushPop,30,30,1,1,1024,1024.0,1024.0,1024,1024,0.0,"void at::native::vectorized_elementwise_kernel<(int)4, at::native::FillFunctor<float>, std::array<char *, (unsigned long)1>>(int, T2, T3)"
:BasicsTransformerLM.layers.9.attn.k_proj,PushPop,30,30,1,1,509917,509917.0,509917.0,509917,509917,0.0,cutlass3x_sm100_simt_sgemm_f32_f32_f32_f32_f32_128x64x16_1x1x1_3_tnn_align1_bias_f32_relu
:BasicsTransformerLM.layers.9.attn.output_proj,PushPop,30,30,1,1,608157,608157.0,608157.0,608157,608157,0.0,cutlass3x_sm100_simt_sgemm_f32_f32_f32_f32_f32_128x64x16_1x1x1_3_tnn_align1_bias_f32_relu
:BasicsTransformerLM.layers.9.attn.q_proj,PushPop,30,30,1,1,507774,507774.0,507774.0,507774,507774,0.0,cutlass3x_sm100_simt_sgemm_f32_f32_f32_f32_f32_128x64x16_1x1x1_3_tnn_align1_bias_f32_relu
:BasicsTransformerLM.layers.9.attn.v_proj,PushPop,30,30,1,1,510366,510366.0,510366.0,510366,510366,0.0,cutlass3x_sm100_simt_sgemm_f32_f32_f32_f32_f32_128x64x16_1x1x1_3_tnn_align1_bias_f32_relu
:BasicsTransformerLM.layers.9.ffn,PushPop,30,30,1,2,3825580,1912790.0,1912790.0,1910550,1915030,3167.8,cutlass3x_sm100_simt_sgemm_f32_f32_f32_f32_f32_128x128x16_1x1x1_3_tnn_align1_bias_f32_relu
:BasicsTransformerLM.layers.9.ffn,PushPop,30,30,1,1,1991478,1991478.0,1991478.0,1991478,1991478,0.0,cutlass3x_sm100_simt_sgemm_f32_f32_f32_f32_f32_64x64x16_1x1x1_3_tnn_align1_bias_f32_relu
:BasicsTransformerLM.layers.9.ffn,PushPop,30,30,1,2,71296,35648.0,35648.0,32768,38528,4072.9,"void at::native::vectorized_elementwise_kernel<(int)4, at::native::BinaryFunctor<float, float, float, at::native::binary_internal::MulFunctor<float>>, std::array<char *, (unsigned long)3>>(int, T2, T3)"
:BasicsTransformerLM.layers.9.ffn,PushPop,30,30,1,1,21664,21664.0,21664.0,21664,21664,0.0,"void at::native::vectorized_elementwise_kernel<(int)4, at::native::sigmoid_kernel_cuda(at::TensorIteratorBase &)::[lambda() (instance 2)]::operator ()() const::[lambda() (instance 2)]::operator ()() const::[lambda(float) (instance 1)], std::array<char *, (unsigned long)2>>(int, T2, T3)"
:BasicsTransformerLM.layers.9.ffn.w1,PushPop,30,30,1,1,1915030,1915030.0,1915030.0,1915030,1915030,0.0,cutlass3x_sm100_simt_sgemm_f32_f32_f32_f32_f32_128x128x16_1x1x1_3_tnn_align1_bias_f32_relu
:BasicsTransformerLM.layers.9.ffn.w2,PushPop,30,30,1,1,1991478,1991478.0,1991478.0,1991478,1991478,0.0,cutlass3x_sm100_simt_sgemm_f32_f32_f32_f32_f32_64x64x16_1x1x1_3_tnn_align1_bias_f32_relu
:BasicsTransformerLM.layers.9.ffn.w3,PushPop,30,30,1,1,1910550,1910550.0,1910550.0,1910550,1910550,0.0,cutlass3x_sm100_simt_sgemm_f32_f32_f32_f32_f32_128x128x16_1x1x1_3_tnn_align1_bias_f32_relu
:BasicsTransformerLM.layers.9.ln1,PushPop,30,30,1,2,25472,12736.0,12736.0,12608,12864,181.0,"void at::native::elementwise_kernel<(int)128, (int)2, void at::native::gpu_kernel_impl_nocast<at::native::BinaryFunctor<float, float, float, at::native::binary_internal::MulFunctor<float>>>(at::TensorIteratorBase &, const T1 &)::[lambda(int) (instance 1)]>(int, T3)"
:BasicsTransformerLM.layers.9.ln1,PushPop,30,30,1,1,9152,9152.0,9152.0,9152,9152,0.0,"void at::native::reduce_kernel<(int)512, (int)1, at::native::ReduceOp<float, at::native::MeanOps<float, float, float, float>, unsigned int, float, (int)4, (int)4>>(T3)"
:BasicsTransformerLM.layers.9.ln1,PushPop,30,30,1,1,5408,5408.0,5408.0,5408,5408,0.0,"void at::native::vectorized_elementwise_kernel<(int)4, void at::native::<unnamed>::pow_tensor_scalar_kernel_impl<float, float>(at::TensorIteratorBase &, T2)::[lambda(float) (instance 1)], std::array<char *, (unsigned long)2>>(int, T2, T3)"
:BasicsTransformerLM.layers.9.ln1,PushPop,30,30,1,1,1792,1792.0,1792.0,1792,1792,0.0,"void at::native::vectorized_elementwise_kernel<(int)4, at::native::CUDAFunctorOnSelf_add<float>, std::array<char *, (unsigned long)2>>(int, T2, T3)"
:BasicsTransformerLM.layers.9.ln1,PushPop,30,30,1,1,1663,1663.0,1663.0,1663,1663,0.0,"void at::native::vectorized_elementwise_kernel<(int)4, at::native::rsqrt_kernel_cuda(at::TensorIteratorBase &)::[lambda() (instance 2)]::operator ()() const::[lambda() (instance 2)]::operator ()() const::[lambda(float) (instance 1)], std::array<char *, (unsigned long)2>>(int, T2, T3)"
:BasicsTransformerLM.layers.9.ln2,PushPop,30,30,1,2,25440,12720.0,12720.0,12704,12736,22.6,"void at::native::elementwise_kernel<(int)128, (int)2, void at::native::gpu_kernel_impl_nocast<at::native::BinaryFunctor<float, float, float, at::native::binary_internal::MulFunctor<float>>>(at::TensorIteratorBase &, const T1 &)::[lambda(int) (instance 1)]>(int, T3)"
:BasicsTransformerLM.layers.9.ln2,PushPop,30,30,1,1,9312,9312.0,9312.0,9312,9312,0.0,"void at::native::reduce_kernel<(int)512, (int)1, at::native::ReduceOp<float, at::native::MeanOps<float, float, float, float>, unsigned int, float, (int)4, (int)4>>(T3)"
:BasicsTransformerLM.layers.9.ln2,PushPop,30,30,1,1,5280,5280.0,5280.0,5280,5280,0.0,"void at::native::vectorized_elementwise_kernel<(int)4, void at::native::<unnamed>::pow_tensor_scalar_kernel_impl<float, float>(at::TensorIteratorBase &, T2)::[lambda(float) (instance 1)], std::array<char *, (unsigned long)2>>(int, T2, T3)"
:BasicsTransformerLM.layers.9.ln2,PushPop,30,30,1,1,1568,1568.0,1568.0,1568,1568,0.0,"void at::native::vectorized_elementwise_kernel<(int)4, at::native::CUDAFunctorOnSelf_add<float>, std::array<char *, (unsigned long)2>>(int, T2, T3)"
:BasicsTransformerLM.layers.9.ln2,PushPop,30,30,1,1,1504,1504.0,1504.0,1504,1504,0.0,"void at::native::vectorized_elementwise_kernel<(int)4, at::native::rsqrt_kernel_cuda(at::TensorIteratorBase &)::[lambda() (instance 2)]::operator ()() const::[lambda() (instance 2)]::operator ()() const::[lambda(float) (instance 1)], std::array<char *, (unsigned long)2>>(int, T2, T3)"
:BasicsTransformerLM.lm_head,PushPop,30,30,1,1,1905398,1905398.0,1905398.0,1905398,1905398,0.0,cutlass3x_sm100_simt_sgemm_f32_f32_f32_f32_f32_128x128x16_1x1x1_3_tnn_align1_bias_f32_relu
:BasicsTransformerLM.ln_final,PushPop,30,30,1,2,25472,12736.0,12736.0,12704,12768,45.3,"void at::native::elementwise_kernel<(int)128, (int)2, void at::native::gpu_kernel_impl_nocast<at::native::BinaryFunctor<float, float, float, at::native::binary_internal::MulFunctor<float>>>(at::TensorIteratorBase &, const T1 &)::[lambda(int) (instance 1)]>(int, T3)"
:BasicsTransformerLM.ln_final,PushPop,30,30,1,1,9152,9152.0,9152.0,9152,9152,0.0,"void at::native::reduce_kernel<(int)512, (int)1, at::native::ReduceOp<float, at::native::MeanOps<float, float, float, float>, unsigned int, float, (int)4, (int)4>>(T3)"
:BasicsTransformerLM.ln_final,PushPop,30,30,1,1,5088,5088.0,5088.0,5088,5088,0.0,"void at::native::vectorized_elementwise_kernel<(int)4, void at::native::<unnamed>::pow_tensor_scalar_kernel_impl<float, float>(at::TensorIteratorBase &, T2)::[lambda(float) (instance 1)], std::array<char *, (unsigned long)2>>(int, T2, T3)"
:BasicsTransformerLM.ln_final,PushPop,30,30,1,1,1792,1792.0,1792.0,1792,1792,0.0,"void at::native::vectorized_elementwise_kernel<(int)4, at::native::CUDAFunctorOnSelf_add<float>, std::array<char *, (unsigned long)2>>(int, T2, T3)"
:BasicsTransformerLM.ln_final,PushPop,30,30,1,1,1472,1472.0,1472.0,1472,1472,0.0,"void at::native::vectorized_elementwise_kernel<(int)4, at::native::rsqrt_kernel_cuda(at::TensorIteratorBase &)::[lambda() (instance 2)]::operator ()() const::[lambda() (instance 2)]::operator ()() const::[lambda(float) (instance 1)], std::array<char *, (unsigned long)2>>(int, T2, T3)"
:BasicsTransformerLM.token_embeddings,PushPop,30,30,1,1,10112,10112.0,10112.0,10112,10112,0.0,"void at::native::vectorized_gather_kernel<(int)16, long>(char *, char *, T2 *, int, long, long, long, long, bool)"
:applying attention mask,PushPop,30,30,32,32,11692806,365400.2,365406.5,365023,365822,218.9,"void at::native::elementwise_kernel<(int)128, (int)2, void at::native::gpu_kernel_impl_nocast<at::native::<unnamed>::where_kernel_impl(at::TensorIterator &)::[lambda() (instance 1)]::operator ()() const::[lambda() (instance 11)]::operator ()() const::[lambda(bool, float, float) (instance 1)]>(at::TensorIteratorBase &, const T1 &)::[lambda(int) (instance 1)]>(int, T3)"
:applying attention mask,PushPop,30,30,32,32,33343,1042.0,1024.0,992,1184,44.5,"void at::native::vectorized_elementwise_kernel<(int)4, at::native::FillFunctor<float>, std::array<char *, (unsigned long)1>>(int, T2, T3)"
:backward,PushPop,30,30,1,1,1184,1184.0,1184.0,1184,1184,0.0,"void at::native::vectorized_elementwise_kernel<(int)4, at::native::FillFunctor<float>, std::array<char *, (unsigned long)1>>(int, T2, T3)"
:computing attention_scores,PushPop,30,30,32,32,18135074,566721.1,566829.0,564253,569501,1107.7,cutlass3x_sm100_simt_sgemm_f32_f32_f32_f32_f32_128x128x16_1x1x1_3_tnn_align1_bias_f32_relu
:computing attention_scores,PushPop,30,30,32,32,5030534,157204.2,157103.5,156320,158271,606.1,"void at::native::vectorized_elementwise_kernel<(int)4, at::native::BUnaryFunctor<float, float, float, at::native::binary_internal::MulFunctor<float>>, std::array<char *, (unsigned long)2>>(int, T2, T3)"
:computing output,PushPop,30,30,32,32,17459881,545621.3,545645.0,544605,546621,568.1,cutlass3x_sm100_simt_sgemm_f32_f32_f32_f32_f32_32x64x16_1x1x1_3_nnn_align1_bias_f32_relu
:computing softmax,PushPop,30,30,32,32,13318463,416202.0,416158.0,415582,416830,295.2,"void at::native::elementwise_kernel<(int)128, (int)2, void at::native::gpu_kernel_impl_nocast<at::native::BinaryFunctor<float, float, float, at::native::binary_internal::DivFunctor<float>>>(at::TensorIteratorBase &, const T1 &)::[lambda(int) (instance 1)]>(int, T3)"
:computing softmax,PushPop,30,30,32,32,11574023,361688.2,361695.0,360542,362879,522.8,"void at::native::elementwise_kernel<(int)128, (int)2, void at::native::gpu_kernel_impl_nocast<at::native::CUDAFunctor_add<float>>(at::TensorIteratorBase &, const T1 &)::[lambda(int) (instance 1)]>(int, T3)"
:computing softmax,PushPop,30,30,32,32,4958566,154955.2,155023.5,153983,155775,580.8,"void at::native::vectorized_elementwise_kernel<(int)4, at::native::exp_kernel_cuda(at::TensorIteratorBase &)::[lambda() (instance 2)]::operator ()() const::[lambda() (instance 2)]::operator ()() const::[lambda(float) (instance 1)], std::array<char *, (unsigned long)2>>(int, T2, T3)"
:computing softmax,PushPop,30,30,32,32,4335242,135476.3,135423.0,134976,136223,302.1,"void at::native::reduce_kernel<(int)512, (int)1, at::native::ReduceOp<float, at::native::MaxOps<float>, unsigned int, float, (int)4, (int)4>>(T3)"
:computing softmax,PushPop,30,30,32,32,3249615,101550.5,101583.0,100544,102207,378.1,"void at::native::reduce_kernel<(int)512, (int)1, at::native::ReduceOp<float, at::native::func_wrapper_t<float, at::native::sum_functor<float, float, float>::operator ()(at::TensorIterator &)::[lambda(float, float) (instance 1)]>, unsigned int, float, (int)4, (int)4>>(T3)"
:cub::DeviceRadixSort,PushPop,30,53,1,1,6848,6848.0,6848.0,6848,6848,0.0,"void at_cuda_detail::cub::detail::radix_sort::DeviceRadixSortSingleTileKernel<at_cuda_detail::cub::detail::radix::policy_hub<long, at::cuda::cub::detail::OpaqueType<(int)8>, unsigned long long>::Policy1000, (at_cuda_detail::cub::SortOrder)0, long, at::cuda::cub::detail::OpaqueType<(int)8>, unsigned long long, at_cuda_detail::cub::detail::identity_decomposer_t>(const T3 *, T3 *, const T4 *, T4 *, T5, int, int, T6)"
:forward,PushPop,30,30,1,97,142430350,1468354.1,1911318.0,564253,1915254,635915.9,cutlass3x_sm100_simt_sgemm_f32_f32_f32_f32_f32_128x128x16_1x1x1_3_tnn_align1_bias_f32_relu
:forward,PushPop,30,30,1,128,67080175,524063.9,508893.5,506814,619325,35599.8,cutlass3x_sm100_simt_sgemm_f32_f32_f32_f32_f32_128x64x16_1x1x1_3_tnn_align1_bias_f32_relu
:forward,PushPop,30,30,1,32,63668800,1989650.0,1989750.0,1985302,1992214,1587.7,cutlass3x_sm100_simt_sgemm_f32_f32_f32_f32_f32_64x64x16_1x1x1_3_tnn_align1_bias_f32_relu
:forward,PushPop,30,30,1,32,17459881,545621.3,545645.0,544605,546621,568.1,cutlass3x_sm100_simt_sgemm_f32_f32_f32_f32_f32_32x64x16_1x1x1_3_nnn_align1_bias_f32_relu
:forward,PushPop,30,30,1,32,13318463,416202.0,416158.0,415582,416830,295.2,"void at::native::elementwise_kernel<(int)128, (int)2, void at::native::gpu_kernel_impl_nocast<at::native::BinaryFunctor<float, float, float, at::native::binary_internal::DivFunctor<float>>>(at::TensorIteratorBase &, const T1 &)::[lambda(int) (instance 1)]>(int, T3)"
:forward,PushPop,30,30,1,32,11692806,365400.2,365406.5,365023,365822,218.9,"void at::native::elementwise_kernel<(int)128, (int)2, void at::native::gpu_kernel_impl_nocast<at::native::<unnamed>::where_kernel_impl(at::TensorIterator &)::[lambda() (instance 1)]::operator ()() const::[lambda() (instance 11)]::operator ()() const::[lambda(bool, float, float) (instance 1)]>(at::TensorIteratorBase &, const T1 &)::[lambda(int) (instance 1)]>(int, T3)"
:forward,PushPop,30,30,1,32,11574023,361688.2,361695.0,360542,362879,522.8,"void at::native::elementwise_kernel<(int)128, (int)2, void at::native::gpu_kernel_impl_nocast<at::native::CUDAFunctor_add<float>>(at::TensorIteratorBase &, const T1 &)::[lambda(int) (instance 1)]>(int, T3)"
:forward,PushPop,30,30,1,32,5030534,157204.2,157103.5,156320,158271,606.1,"void at::native::vectorized_elementwise_kernel<(int)4, at::native::BUnaryFunctor<float, float, float, at::native::binary_internal::MulFunctor<float>>, std::array<char *, (unsigned long)2>>(int, T2, T3)"
:forward,PushPop,30,30,1,32,4958566,154955.2,155023.5,153983,155775,580.8,"void at::native::vectorized_elementwise_kernel<(int)4, at::native::exp_kernel_cuda(at::TensorIteratorBase &)::[lambda() (instance 2)]::operator ()() const::[lambda() (instance 2)]::operator ()() const::[lambda(float) (instance 1)], std::array<char *, (unsigned long)2>>(int, T2, T3)"
:forward,PushPop,30,30,1,32,4335242,135476.3,135423.0,134976,136223,302.1,"void at::native::reduce_kernel<(int)512, (int)1, at::native::ReduceOp<float, at::native::MaxOps<float>, unsigned int, float, (int)4, (int)4>>(T3)"
:forward,PushPop,30,30,1,386,3766639,9758.1,9696.0,7296,13216,2293.2,"void at::native::elementwise_kernel<(int)128, (int)2, void at::native::gpu_kernel_impl_nocast<at::native::BinaryFunctor<float, float, float, at::native::binary_internal::MulFunctor<float>>>(at::TensorIteratorBase &, const T1 &)::[lambda(int) (instance 1)]>(int, T3)"
:forward,PushPop,30,30,1,32,3249615,101550.5,101583.0,100544,102207,378.1,"void at::native::reduce_kernel<(int)512, (int)1, at::native::ReduceOp<float, at::native::func_wrapper_t<float, at::native::sum_functor<float, float, float>::operator ()(at::TensorIterator &)::[lambda(float, float) (instance 1)]>, unsigned int, float, (int)4, (int)4>>(T3)"
:forward,PushPop,30,30,1,64,2258901,35295.3,35471.5,31936,38976,2759.0,"void at::native::vectorized_elementwise_kernel<(int)4, at::native::BinaryFunctor<float, float, float, at::native::binary_internal::MulFunctor<float>>, std::array<char *, (unsigned long)3>>(int, T2, T3)"
:forward,PushPop,30,30,1,64,1756024,27437.9,27424.0,27168,27776,141.2,"void at::native::<unnamed>::CatArrayBatchedCopy<at::native::<unnamed>::OpaqueType<(unsigned int)4>, unsigned int, (int)4, (int)64, (int)64>(T1 *, at::native::<unnamed>::CatArrInputTensorMetadata<T1, T2, T4, T5>, at::native::<unnamed>::TensorSizeStride<T2, (unsigned int)4>, int, T2)"
:forward,PushPop,30,30,1,192,1031960,5374.8,4000.0,3712,8992,2052.6,"void at::native::vectorized_elementwise_kernel<(int)4, at::native::CUDAFunctor_add<float>, std::array<char *, (unsigned long)3>>(int, T2, T3)"
:forward,PushPop,30,30,1,32,697343,21792.0,21776.0,21504,22304,191.6,"void at::native::vectorized_elementwise_kernel<(int)4, at::native::sigmoid_kernel_cuda(at::TensorIteratorBase &)::[lambda() (instance 2)]::operator ()() const::[lambda() (instance 2)]::operator ()() const::[lambda(float) (instance 1)], std::array<char *, (unsigned long)2>>(int, T2, T3)"
:forward,PushPop,30,30,1,65,598300,9204.6,9215.0,9088,9344,66.3,"void at::native::reduce_kernel<(int)512, (int)1, at::native::ReduceOp<float, at::native::MeanOps<float, float, float, float>, unsigned int, float, (int)4, (int)4>>(T3)"
:forward,PushPop,30,30,1,32,474844,14838.9,14816.0,14656,15232,146.3,"void at::native::elementwise_kernel<(int)128, (int)2, void at::native::gpu_kernel_impl_nocast<at::native::direct_copy_kernel_cuda(at::TensorIteratorBase &)::[lambda() (instance 3)]::operator ()() const::[lambda() (instance 7)]::operator ()() const::[lambda(float) (instance 1)]>(at::TensorIteratorBase &, const T1 &)::[lambda(int) (instance 1)]>(int, T3)"
:forward,PushPop,30,30,1,65,337918,5198.7,5184.0,4960,5472,103.7,"void at::native::vectorized_elementwise_kernel<(int)4, void at::native::<unnamed>::pow_tensor_scalar_kernel_impl<float, float>(at::TensorIteratorBase &, T2)::[lambda(float) (instance 1)], std::array<char *, (unsigned long)2>>(int, T2, T3)"
:forward,PushPop,30,30,1,32,277920,8685.0,8672.0,8608,8896,73.1,"void at::native::elementwise_kernel<(int)128, (int)4, void at::native::gpu_kernel_impl_nocast<at::native::<unnamed>::CompareFunctor<long>>(at::TensorIteratorBase &, const T1 &)::[lambda(int) (instance 1)]>(int, T3)"
:forward,PushPop,30,30,1,65,101823,1566.5,1568.0,1440,1792,64.6,"void at::native::vectorized_elementwise_kernel<(int)4, at::native::CUDAFunctorOnSelf_add<float>, std::array<char *, (unsigned long)2>>(int, T2, T3)"
:forward,PushPop,30,30,1,65,97151,1494.6,1472.0,1408,1696,73.0,"void at::native::vectorized_elementwise_kernel<(int)4, at::native::rsqrt_kernel_cuda(at::TensorIteratorBase &)::[lambda() (instance 2)]::operator ()() const::[lambda() (instance 2)]::operator ()() const::[lambda(float) (instance 1)], std::array<char *, (unsigned long)2>>(int, T2, T3)"
:forward,PushPop,30,30,1,32,38464,1202.0,1184.0,1152,1408,72.2,"void <unnamed>::elementwise_kernel_with_index<int, at::native::arange_cuda_out(const c10::Scalar &, const c10::Scalar &, const c10::Scalar &, at::Tensor &)::[lambda() (instance 1)]::operator ()() const::[lambda() (instance 4)]::operator ()() const::[lambda(long) (instance 1)]>(T1, T2, function_traits<T2>::result_type *)"
:forward,PushPop,30,30,1,32,33343,1042.0,1024.0,992,1184,44.5,"void at::native::vectorized_elementwise_kernel<(int)4, at::native::FillFunctor<float>, std::array<char *, (unsigned long)1>>(int, T2, T3)"
:forward,PushPop,30,30,1,1,10112,10112.0,10112.0,10112,10112,0.0,"void at::native::vectorized_gather_kernel<(int)16, long>(char *, char *, T2 *, int, long, long, long, long, bool)"
:loss,PushPop,30,30,1,2,105919,52959.5,52959.5,51839,54080,1584.6,"void at::native::elementwise_kernel<(int)128, (int)2, void at::native::gpu_kernel_impl_nocast<at::native::CUDAFunctor_add<float>>(at::TensorIteratorBase &, const T1 &)::[lambda(int) (instance 1)]>(int, T3)"
:loss,PushPop,30,30,1,1,32032,32032.0,32032.0,32032,32032,0.0,"void at::native::reduce_kernel<(int)512, (int)1, at::native::ReduceOp<float, at::native::MaxOps<float>, unsigned int, float, (int)4, (int)4>>(T3)"
:loss,PushPop,30,30,1,1,23328,23328.0,23328.0,23328,23328,0.0,"void at::native::vectorized_elementwise_kernel<(int)4, at::native::neg_kernel_cuda(at::TensorIteratorBase &)::[lambda() (instance 2)]::operator ()() const::[lambda() (instance 7)]::operator ()() const::[lambda(float) (instance 1)], std::array<char *, (unsigned long)2>>(int, T2, T3)"
:loss,PushPop,30,30,1,1,23296,23296.0,23296.0,23296,23296,0.0,"void at::native::reduce_kernel<(int)512, (int)1, at::native::ReduceOp<float, at::native::func_wrapper_t<float, at::native::sum_functor<float, float, float>::operator ()(at::TensorIterator &)::[lambda(float, float) (instance 1)]>, unsigned int, float, (int)4, (int)4>>(T3)"
:loss,PushPop,30,30,1,1,22944,22944.0,22944.0,22944,22944,0.0,"void at::native::vectorized_elementwise_kernel<(int)4, at::native::exp_kernel_cuda(at::TensorIteratorBase &)::[lambda() (instance 2)]::operator ()() const::[lambda() (instance 2)]::operator ()() const::[lambda(float) (instance 1)], std::array<char *, (unsigned long)2>>(int, T2, T3)"
:loss,PushPop,30,30,1,1,11008,11008.0,11008.0,11008,11008,0.0,"void at::native::_scatter_gather_elementwise_kernel<(int)128, (int)8, void at::native::_cuda_scatter_gather_internal_kernel<(bool)0, at::native::OpaqueType<(int)4>, long>::operator ()<at::native::TensorAssign>(at::TensorIterator &, long, long, long, const T1 &)::[lambda(int) (instance 1)]>(int, T3)"
:loss,PushPop,30,30,1,1,2784,2784.0,2784.0,2784,2784,0.0,"void at::native::reduce_kernel<(int)512, (int)1, at::native::ReduceOp<float, at::native::MeanOps<float, float, float, float>, unsigned int, float, (int)4, (int)4>>(T3)"
:loss,PushPop,30,30,1,1,1792,1792.0,1792.0,1792,1792,0.0,"void at::native::vectorized_elementwise_kernel<(int)4, at::native::log_kernel_cuda(at::TensorIteratorBase &)::[lambda() (instance 2)]::operator ()() const::[lambda() (instance 2)]::operator ()() const::[lambda(float) (instance 1)], std::array<char *, (unsigned long)2>>(int, T2, T3)"
:optim_step,PushPop,30,30,1,1444,21465523,14865.3,8896.0,1216,34464,12608.5,"void at::native::vectorized_elementwise_kernel<(int)4, at::native::AUnaryFunctor<float, float, float, at::native::binary_internal::MulFunctor<float>>, std::array<char *, (unsigned long)2>>(int, T2, T3)"
:optim_step,PushPop,30,30,1,962,18927639,19675.3,8704.0,1216,48832,19591.3,"void at::native::vectorized_elementwise_kernel<(int)4, at::native::CUDAFunctor_add<float>, std::array<char *, (unsigned long)3>>(int, T2, T3)"
:optim_step,PushPop,30,30,1,240,4932021,20550.1,9248.0,1984,49120,19444.5,"void at::native::vectorized_elementwise_kernel<(int)4, at::native::BinaryFunctor<float, float, float, at::native::binary_internal::DivFunctor<float>>, std::array<char *, (unsigned long)3>>(int, T2, T3)"
:optim_step,PushPop,30,30,1,241,3677778,15260.5,9216.0,1184,33472,12615.0,"void at::native::vectorized_elementwise_kernel<(int)4, void at::native::<unnamed>::pow_tensor_scalar_kernel_impl<float, float>(at::TensorIteratorBase &, T2)::[lambda(float) (instance 1)], std::array<char *, (unsigned long)2>>(int, T2, T3)"
:optim_step,PushPop,30,30,1,482,3613374,7496.6,4864.0,960,15936,5628.4,"void at::native::vectorized_elementwise_kernel<(int)4, at::native::FillFunctor<float>, std::array<char *, (unsigned long)1>>(int, T2, T3)"
:optim_step,PushPop,30,30,1,240,3470843,14461.8,7391.5,1664,33856,12912.9,"void at::native::vectorized_elementwise_kernel<(int)4, at::native::sqrt_kernel_cuda(at::TensorIteratorBase &)::[lambda() (instance 2)]::operator ()() const::[lambda() (instance 2)]::operator ()() const::[lambda(float) (instance 1)], std::array<char *, (unsigned long)2>>(int, T2, T3)"
:optim_step,PushPop,30,30,1,240,3303550,13764.8,5888.0,1408,33440,13321.6,"void at::native::vectorized_elementwise_kernel<(int)4, at::native::CUDAFunctorOnSelf_add<float>, std::array<char *, (unsigned long)2>>(int, T2, T3)"
:scaled_dot_product_attention,PushPop,30,30,32,32,18135074,566721.1,566829.0,564253,569501,1107.7,cutlass3x_sm100_simt_sgemm_f32_f32_f32_f32_f32_128x128x16_1x1x1_3_tnn_align1_bias_f32_relu
:scaled_dot_product_attention,PushPop,30,30,32,32,17459881,545621.3,545645.0,544605,546621,568.1,cutlass3x_sm100_simt_sgemm_f32_f32_f32_f32_f32_32x64x16_1x1x1_3_nnn_align1_bias_f32_relu
:scaled_dot_product_attention,PushPop,30,30,32,32,13318463,416202.0,416158.0,415582,416830,295.2,"void at::native::elementwise_kernel<(int)128, (int)2, void at::native::gpu_kernel_impl_nocast<at::native::BinaryFunctor<float, float, float, at::native::binary_internal::DivFunctor<float>>>(at::TensorIteratorBase &, const T1 &)::[lambda(int) (instance 1)]>(int, T3)"
:scaled_dot_product_attention,PushPop,30,30,32,32,11692806,365400.2,365406.5,365023,365822,218.9,"void at::native::elementwise_kernel<(int)128, (int)2, void at::native::gpu_kernel_impl_nocast<at::native::<unnamed>::where_kernel_impl(at::TensorIterator &)::[lambda() (instance 1)]::operator ()() const::[lambda() (instance 11)]::operator ()() const::[lambda(bool, float, float) (instance 1)]>(at::TensorIteratorBase &, const T1 &)::[lambda(int) (instance 1)]>(int, T3)"
:scaled_dot_product_attention,PushPop,30,30,32,32,11574023,361688.2,361695.0,360542,362879,522.8,"void at::native::elementwise_kernel<(int)128, (int)2, void at::native::gpu_kernel_impl_nocast<at::native::CUDAFunctor_add<float>>(at::TensorIteratorBase &, const T1 &)::[lambda(int) (instance 1)]>(int, T3)"
:scaled_dot_product_attention,PushPop,30,30,32,32,5030534,157204.2,157103.5,156320,158271,606.1,"void at::native::vectorized_elementwise_kernel<(int)4, at::native::BUnaryFunctor<float, float, float, at::native::binary_internal::MulFunctor<float>>, std::array<char *, (unsigned long)2>>(int, T2, T3)"
:scaled_dot_product_attention,PushPop,30,30,32,32,4958566,154955.2,155023.5,153983,155775,580.8,"void at::native::vectorized_elementwise_kernel<(int)4, at::native::exp_kernel_cuda(at::TensorIteratorBase &)::[lambda() (instance 2)]::operator ()() const::[lambda() (instance 2)]::operator ()() const::[lambda(float) (instance 1)], std::array<char *, (unsigned long)2>>(int, T2, T3)"
:scaled_dot_product_attention,PushPop,30,30,32,32,4335242,135476.3,135423.0,134976,136223,302.1,"void at::native::reduce_kernel<(int)512, (int)1, at::native::ReduceOp<float, at::native::MaxOps<float>, unsigned int, float, (int)4, (int)4>>(T3)"
:scaled_dot_product_attention,PushPop,30,30,32,32,3249615,101550.5,101583.0,100544,102207,378.1,"void at::native::reduce_kernel<(int)512, (int)1, at::native::ReduceOp<float, at::native::func_wrapper_t<float, at::native::sum_functor<float, float, float>::operator ()(at::TensorIterator &)::[lambda(float, float) (instance 1)]>, unsigned int, float, (int)4, (int)4>>(T3)"
:scaled_dot_product_attention,PushPop,30,30,32,32,33343,1042.0,1024.0,992,1184,44.5,"void at::native::vectorized_elementwise_kernel<(int)4, at::native::FillFunctor<float>, std::array<char *, (unsigned long)1>>(int, T2, T3)"
:timing,PushPop,30,30,1,97,142430350,1468354.1,1911318.0,564253,1915254,635915.9,cutlass3x_sm100_simt_sgemm_f32_f32_f32_f32_f32_128x128x16_1x1x1_3_tnn_align1_bias_f32_relu
:timing,PushPop,30,30,1,128,67080175,524063.9,508893.5,506814,619325,35599.8,cutlass3x_sm100_simt_sgemm_f32_f32_f32_f32_f32_128x64x16_1x1x1_3_tnn_align1_bias_f32_relu
:timing,PushPop,30,30,1,32,63668800,1989650.0,1989750.0,1985302,1992214,1587.7,cutlass3x_sm100_simt_sgemm_f32_f32_f32_f32_f32_64x64x16_1x1x1_3_tnn_align1_bias_f32_relu
:timing,PushPop,30,30,1,1444,21465523,14865.3,8896.0,1216,34464,12608.5,"void at::native::vectorized_elementwise_kernel<(int)4, at::native::AUnaryFunctor<float, float, float, at::native::binary_internal::MulFunctor<float>>, std::array<char *, (unsigned long)2>>(int, T2, T3)"
:timing,PushPop,30,30,1,1154,19959599,17296.0,7984.0,1216,48832,18681.3,"void at::native::vectorized_elementwise_kernel<(int)4, at::native::CUDAFunctor_add<float>, std::array<char *, (unsigned long)3>>(int, T2, T3)"
:timing,PushPop,30,30,1,32,17459881,545621.3,545645.0,544605,546621,568.1,cutlass3x_sm100_simt_sgemm_f32_f32_f32_f32_f32_32x64x16_1x1x1_3_nnn_align1_bias_f32_relu
:timing,PushPop,30,30,1,32,13318463,416202.0,416158.0,415582,416830,295.2,"void at::native::elementwise_kernel<(int)128, (int)2, void at::native::gpu_kernel_impl_nocast<at::native::BinaryFunctor<float, float, float, at::native::binary_internal::DivFunctor<float>>>(at::TensorIteratorBase &, const T1 &)::[lambda(int) (instance 1)]>(int, T3)"
:timing,PushPop,30,30,1,32,11692806,365400.2,365406.5,365023,365822,218.9,"void at::native::elementwise_kernel<(int)128, (int)2, void at::native::gpu_kernel_impl_nocast<at::native::<unnamed>::where_kernel_impl(at::TensorIterator &)::[lambda() (instance 1)]::operator ()() const::[lambda() (instance 11)]::operator ()() const::[lambda(bool, float, float) (instance 1)]>(at::TensorIteratorBase &, const T1 &)::[lambda(int) (instance 1)]>(int, T3)"
:timing,PushPop,30,30,1,34,11679942,343527.7,361678.5,51839,362879,73736.7,"void at::native::elementwise_kernel<(int)128, (int)2, void at::native::gpu_kernel_impl_nocast<at::native::CUDAFunctor_add<float>>(at::TensorIteratorBase &, const T1 &)::[lambda(int) (instance 1)]>(int, T3)"
:timing,PushPop,30,30,1,32,5030534,157204.2,157103.5,156320,158271,606.1,"void at::native::vectorized_elementwise_kernel<(int)4, at::native::BUnaryFunctor<float, float, float, at::native::binary_internal::MulFunctor<float>>, std::array<char *, (unsigned long)2>>(int, T2, T3)"
:timing,PushPop,30,30,1,33,4981510,150954.8,154943.0,22944,155775,22987.3,"void at::native::vectorized_elementwise_kernel<(int)4, at::native::exp_kernel_cuda(at::TensorIteratorBase &)::[lambda() (instance 2)]::operator ()() const::[lambda() (instance 2)]::operator ()() const::[lambda(float) (instance 1)], std::array<char *, (unsigned long)2>>(int, T2, T3)"
:timing,PushPop,30,30,1,240,4932021,20550.1,9248.0,1984,49120,19444.5,"void at::native::vectorized_elementwise_kernel<(int)4, at::native::BinaryFunctor<float, float, float, at::native::binary_internal::DivFunctor<float>>, std::array<char *, (unsigned long)3>>(int, T2, T3)"
:timing,PushPop,30,30,1,33,4367274,132341.6,135423.0,32032,136223,18009.8,"void at::native::reduce_kernel<(int)512, (int)1, at::native::ReduceOp<float, at::native::MaxOps<float>, unsigned int, float, (int)4, (int)4>>(T3)"
:timing,PushPop,30,30,1,306,4015696,13123.2,8896.0,1184,33472,11925.5,"void at::native::vectorized_elementwise_kernel<(int)4, void at::native::<unnamed>::pow_tensor_scalar_kernel_impl<float, float>(at::TensorIteratorBase &, T2)::[lambda(float) (instance 1)], std::array<char *, (unsigned long)2>>(int, T2, T3)"
:timing,PushPop,30,30,1,386,3766639,9758.1,9696.0,7296,13216,2293.2,"void at::native::elementwise_kernel<(int)128, (int)2, void at::native::gpu_kernel_impl_nocast<at::native::BinaryFunctor<float, float, float, at::native::binary_internal::MulFunctor<float>>>(at::TensorIteratorBase &, const T1 &)::[lambda(int) (instance 1)]>(int, T3)"
:timing,PushPop,30,30,1,515,3647901,7083.3,4864.0,960,15936,5669.7,"void at::native::vectorized_elementwise_kernel<(int)4, at::native::FillFunctor<float>, std::array<char *, (unsigned long)1>>(int, T2, T3)"
:timing,PushPop,30,30,1,240,3470843,14461.8,7391.5,1664,33856,12912.9,"void at::native::vectorized_elementwise_kernel<(int)4, at::native::sqrt_kernel_cuda(at::TensorIteratorBase &)::[lambda() (instance 2)]::operator ()() const::[lambda() (instance 2)]::operator ()() const::[lambda(float) (instance 1)], std::array<char *, (unsigned long)2>>(int, T2, T3)"
:timing,PushPop,30,30,1,305,3405373,11165.2,5824.0,1408,33440,12828.0,"void at::native::vectorized_elementwise_kernel<(int)4, at::native::CUDAFunctorOnSelf_add<float>, std::array<char *, (unsigned long)2>>(int, T2, T3)"
:timing,PushPop,30,30,1,33,3272911,99179.1,101567.0,23296,102207,13627.4,"void at::native::reduce_kernel<(int)512, (int)1, at::native::ReduceOp<float, at::native::func_wrapper_t<float, at::native::sum_functor<float, float, float>::operator ()(at::TensorIterator &)::[lambda(float, float) (instance 1)]>, unsigned int, float, (int)4, (int)4>>(T3)"
:timing,PushPop,30,30,1,64,2258901,35295.3,35471.5,31936,38976,2759.0,"void at::native::vectorized_elementwise_kernel<(int)4, at::native::BinaryFunctor<float, float, float, at::native::binary_internal::MulFunctor<float>>, std::array<char *, (unsigned long)3>>(int, T2, T3)"
:timing,PushPop,30,30,1,64,1756024,27437.9,27424.0,27168,27776,141.2,"void at::native::<unnamed>::CatArrayBatchedCopy<at::native::<unnamed>::OpaqueType<(unsigned int)4>, unsigned int, (int)4, (int)64, (int)64>(T1 *, at::native::<unnamed>::CatArrInputTensorMetadata<T1, T2, T4, T5>, at::native::<unnamed>::TensorSizeStride<T2, (unsigned int)4>, int, T2)"
:timing,PushPop,30,30,1,32,697343,21792.0,21776.0,21504,22304,191.6,"void at::native::vectorized_elementwise_kernel<(int)4, at::native::sigmoid_kernel_cuda(at::TensorIteratorBase &)::[lambda() (instance 2)]::operator ()() const::[lambda() (instance 2)]::operator ()() const::[lambda(float) (instance 1)], std::array<char *, (unsigned long)2>>(int, T2, T3)"
:timing,PushPop,30,30,1,66,601084,9107.3,9199.5,2784,9344,793.1,"void at::native::reduce_kernel<(int)512, (int)1, at::native::ReduceOp<float, at::native::MeanOps<float, float, float, float>, unsigned int, float, (int)4, (int)4>>(T3)"
:timing,PushPop,30,30,1,32,474844,14838.9,14816.0,14656,15232,146.3,"void at::native::elementwise_kernel<(int)128, (int)2, void at::native::gpu_kernel_impl_nocast<at::native::direct_copy_kernel_cuda(at::TensorIteratorBase &)::[lambda() (instance 3)]::operator ()() const::[lambda() (instance 7)]::operator ()() const::[lambda(float) (instance 1)]>(at::TensorIteratorBase &, const T1 &)::[lambda(int) (instance 1)]>(int, T3)"
:timing,PushPop,30,30,1,32,277920,8685.0,8672.0,8608,8896,73.1,"void at::native::elementwise_kernel<(int)128, (int)4, void at::native::gpu_kernel_impl_nocast<at::native::<unnamed>::CompareFunctor<long>>(at::TensorIteratorBase &, const T1 &)::[lambda(int) (instance 1)]>(int, T3)"
:timing,PushPop,30,30,1,65,97151,1494.6,1472.0,1408,1696,73.0,"void at::native::vectorized_elementwise_kernel<(int)4, at::native::rsqrt_kernel_cuda(at::TensorIteratorBase &)::[lambda() (instance 2)]::operator ()() const::[lambda() (instance 2)]::operator ()() const::[lambda(float) (instance 1)], std::array<char *, (unsigned long)2>>(int, T2, T3)"
:timing,PushPop,30,30,1,32,38464,1202.0,1184.0,1152,1408,72.2,"void <unnamed>::elementwise_kernel_with_index<int, at::native::arange_cuda_out(const c10::Scalar &, const c10::Scalar &, const c10::Scalar &, at::Tensor &)::[lambda() (instance 1)]::operator ()() const::[lambda() (instance 4)]::operator ()() const::[lambda(long) (instance 1)]>(T1, T2, function_traits<T2>::result_type *)"
:timing,PushPop,30,30,1,1,23328,23328.0,23328.0,23328,23328,0.0,"void at::native::vectorized_elementwise_kernel<(int)4, at::native::neg_kernel_cuda(at::TensorIteratorBase &)::[lambda() (instance 2)]::operator ()() const::[lambda() (instance 7)]::operator ()() const::[lambda(float) (instance 1)], std::array<char *, (unsigned long)2>>(int, T2, T3)"
:timing,PushPop,30,30,1,1,11008,11008.0,11008.0,11008,11008,0.0,"void at::native::_scatter_gather_elementwise_kernel<(int)128, (int)8, void at::native::_cuda_scatter_gather_internal_kernel<(bool)0, at::native::OpaqueType<(int)4>, long>::operator ()<at::native::TensorAssign>(at::TensorIterator &, long, long, long, const T1 &)::[lambda(int) (instance 1)]>(int, T3)"
:timing,PushPop,30,30,1,1,10112,10112.0,10112.0,10112,10112,0.0,"void at::native::vectorized_gather_kernel<(int)16, long>(char *, char *, T2 *, int, long, long, long, long, bool)"
:timing,PushPop,30,30,1,1,1792,1792.0,1792.0,1792,1792,0.0,"void at::native::vectorized_elementwise_kernel<(int)4, at::native::log_kernel_cuda(at::TensorIteratorBase &)::[lambda() (instance 2)]::operator ()() const::[lambda() (instance 2)]::operator ()() const::[lambda(float) (instance 1)], std::array<char *, (unsigned long)2>>(int, T2, T3)"
:torch.autograd.backward,PushPop,30,30,1,1,1184,1184.0,1184.0,1184,1184,0.0,"void at::native::vectorized_elementwise_kernel<(int)4, at::native::FillFunctor<float>, std::array<char *, (unsigned long)1>>(int, T2, T3)"
