NVTX Range,Style,PID,TID,NVTX Inst,Kern Inst,Total Time (ns),Avg (ns),Med (ns),Min (ns),Max (ns),StdDev (ns),Kernel Name
,,,,0,348,4976939,14301.5,8482.5,1184,34091,12879.8,"void at::native::vectorized_elementwise_kernel<(int)4, at::native::AUnaryFunctor<float, float, float, at::native::binary_internal::MulFunctor<float>>, std::array<char *, (unsigned long)2>>(int, T2, T3)"
,,,,0,233,4458886,19136.8,8482.0,1024,48367,19809.8,"void at::native::vectorized_elementwise_kernel<(int)4, at::native::CUDAFunctor_add<float>, std::array<char *, (unsigned long)3>>(int, T2, T3)"
,,,,0,58,1143415,19714.1,9139.0,1569,48240,19715.4,"void at::native::vectorized_elementwise_kernel<(int)4, at::native::BinaryFunctor<float, float, float, at::native::binary_internal::DivFunctor<float>>, std::array<char *, (unsigned long)3>>(int, T2, T3)"
,,,,0,58,852661,14701.1,9235.0,1184,33099,12836.4,"void at::native::vectorized_elementwise_kernel<(int)4, void at::native::<unnamed>::pow_tensor_scalar_kernel_impl<float, float>(at::TensorIteratorBase &, T2)::[lambda(float) (instance 1)], std::array<char *, (unsigned long)2>>(int, T2, T3)"
,,,,0,116,830898,7162.9,4769.0,961,15621,5733.6,"void at::native::vectorized_elementwise_kernel<(int)4, at::native::FillFunctor<float>, std::array<char *, (unsigned long)1>>(int, T2, T3)"
,,,,0,58,812070,14001.2,7475.0,1312,33003,13130.4,"void at::native::vectorized_elementwise_kernel<(int)4, at::native::sqrt_kernel_cuda(at::TensorIteratorBase &)::[lambda() (instance 2)]::operator ()() const::[lambda() (instance 2)]::operator ()() const::[lambda(float) (instance 1)], std::array<char *, (unsigned long)2>>(int, T2, T3)"
,,,,0,58,774814,13358.9,5954.0,1056,33259,13575.5,"void at::native::vectorized_elementwise_kernel<(int)4, at::native::CUDAFunctorOnSelf_add<float>, std::array<char *, (unsigned long)2>>(int, T2, T3)"
,,30,52,0,385,16035323,41650.2,31050.0,2208,121415,47375.9,"void at::native::elementwise_kernel<(int)128, (int)2, void at::native::gpu_kernel_impl_nocast<at::native::direct_copy_kernel_cuda(at::TensorIteratorBase &)::[lambda() (instance 3)]::operator ()() const::[lambda() (instance 7)]::operator ()() const::[lambda(float) (instance 1)]>(at::TensorIteratorBase &, const T1 &)::[lambda(int) (instance 1)]>(int, T3)"
,,30,52,0,192,14425048,75130.5,66614.0,6786,178265,50810.2,cutlass3x_sm100_simt_sgemm_f32_f32_f32_f32_f32_64x32x16_1x1x1_3_nnn_align1_bias_f32_relu
,,30,52,0,97,14317535,147603.5,147088.0,146320,154386,1329.7,void cutlass::Kernel2<cutlass_80_simt_sgemm_128x64_8x5_nt_align1>(T1::Params)
,,30,52,0,65,12623415,194206.4,194239.0,191102,201025,1385.5,void cutlass::Kernel2<cutlass_80_simt_sgemm_128x64_8x5_nn_align1>(T1::Params)
,,30,52,0,128,5677675,44356.8,44303.0,43950,44911,248.4,void cutlass::Kernel2<cutlass_80_simt_sgemm_64x128_8x5_nt_align1>(T1::Params)
,,30,52,0,452,1066300,2359.1,2176.5,736,4482,1013.3,"void at::native::vectorized_elementwise_kernel<(int)4, at::native::BinaryFunctor<float, float, float, at::native::binary_internal::MulFunctor<float>>, std::array<char *, (unsigned long)3>>(int, T2, T3)"
,,30,52,0,387,949235,2452.8,2401.0,1824,4610,442.2,"void at::native::elementwise_kernel<(int)128, (int)2, void at::native::gpu_kernel_impl_nocast<at::native::BinaryFunctor<float, float, float, at::native::binary_internal::MulFunctor<float>>>(at::TensorIteratorBase &, const T1 &)::[lambda(int) (instance 1)]>(int, T3)"
,,30,52,0,419,803790,1918.4,1921.0,1472,3041,375.1,"void at::native::vectorized_elementwise_kernel<(int)4, at::native::CUDAFunctor_add<float>, std::array<char *, (unsigned long)3>>(int, T2, T3)"
,,30,52,0,131,733644,5600.3,4354.0,2529,8803,2860.3,"void at::native::reduce_kernel<(int)512, (int)1, at::native::ReduceOp<float, at::native::func_wrapper_t<float, at::native::sum_functor<float, float, float>::operator ()(at::TensorIterator &)::[lambda(float, float) (instance 1)]>, unsigned int, float, (int)4, (int)4>>(T3)"
,,30,52,0,64,450801,7043.8,7026.5,6754,7682,173.4,cutlass3x_sm100_simt_sgemm_f32_f32_f32_f32_f32_64x32x16_1x1x1_3_ntn_align1_bias_f32_relu
,,30,52,0,65,419494,6453.8,6434.0,6146,6786,129.0,"void at::native::reduce_kernel<(int)128, (int)4, at::native::ReduceOp<float, at::native::func_wrapper_t<float, at::native::sum_functor<float, float, float>::operator ()(at::TensorIterator &)::[lambda(float, float) (instance 1)]>, unsigned int, float, (int)4, (int)4>>(T3)"
,,30,52,0,96,309508,3224.0,3041.0,2657,3970,450.7,"void at::native::elementwise_kernel<(int)128, (int)2, void at::native::gpu_kernel_impl_nocast<at::native::BinaryFunctor<float, float, float, at::native::binary_internal::DivFunctor<float>>>(at::TensorIteratorBase &, const T1 &)::[lambda(int) (instance 1)]>(int, T3)"
,,30,52,0,33,269431,8164.6,8323.0,1953,8803,1133.3,"void at::native::_scatter_gather_elementwise_kernel<(int)128, (int)8, void at::native::_cuda_scatter_gather_internal_kernel<(bool)1, at::native::OpaqueType<(int)4>, long>::operator ()<at::native::TensorAssign>(at::TensorIterator &, long, long, long, const T1 &)::[lambda(int) (instance 1)]>(int, T3)"
,,30,52,0,32,197152,6161.0,6146.0,6050,6338,67.5,cutlass3x_sm100_simt_sgemm_f32_f32_f32_f32_f32_64x32x16_1x1x1_3_tnn_align1_bias_f32_relu
,,30,52,0,130,161294,1240.7,1360.5,896,1536,236.1,"void at::native::vectorized_elementwise_kernel<(int)4, at::native::AUnaryFunctor<float, float, float, at::native::binary_internal::MulFunctor<float>>, std::array<char *, (unsigned long)2>>(int, T2, T3)"
,,30,52,0,66,154068,2334.4,2337.0,1153,2529,157.5,"void at::native::elementwise_kernel<(int)128, (int)2, void at::native::gpu_kernel_impl_nocast<at::native::BUnaryFunctor<float, float, float, at::native::binary_internal::MulFunctor<float>>>(at::TensorIteratorBase &, const T1 &)::[lambda(int) (instance 1)]>(int, T3)"
,,30,52,0,64,142413,2225.2,2225.0,2016,2497,135.0,"void at::native::elementwise_kernel<(int)128, (int)2, void at::native::gpu_kernel_impl_nocast<at::native::neg_kernel_cuda(at::TensorIteratorBase &)::[lambda() (instance 2)]::operator ()() const::[lambda() (instance 7)]::operator ()() const::[lambda(float) (instance 1)]>(at::TensorIteratorBase &, const T1 &)::[lambda(int) (instance 1)]>(int, T3)"
,,30,52,0,32,141739,4429.3,4417.0,4353,4642,65.1,"void at::native::<unnamed>::CatArrayBatchedCopy<at::native::<unnamed>::OpaqueType<(unsigned int)4>, unsigned int, (int)4, (int)64, (int)64>(T1 *, at::native::<unnamed>::CatArrInputTensorMetadata<T1, T2, T4, T5>, at::native::<unnamed>::TensorSizeStride<T2, (unsigned int)4>, int, T2)"
,,30,52,0,67,119465,1783.1,1857.0,1536,2241,192.8,"void at::native::vectorized_elementwise_kernel<(int)4, at::native::neg_kernel_cuda(at::TensorIteratorBase &)::[lambda() (instance 2)]::operator ()() const::[lambda() (instance 7)]::operator ()() const::[lambda(float) (instance 1)], std::array<char *, (unsigned long)2>>(int, T2, T3)"
,,30,52,0,32,108580,3393.1,3393.0,3297,3585,68.5,"void at::native::elementwise_kernel<(int)128, (int)2, void at::native::gpu_kernel_impl_nocast<at::native::<unnamed>::where_kernel_impl(at::TensorIterator &)::[lambda() (instance 1)]::operator ()() const::[lambda() (instance 11)]::operator ()() const::[lambda(bool, float, float) (instance 1)]>(at::TensorIteratorBase &, const T1 &)::[lambda(int) (instance 1)]>(int, T3)"
,,30,52,0,32,93821,2931.9,2913.0,2848,3105,60.8,"void at::native::elementwise_kernel<(int)128, (int)2, void at::native::gpu_kernel_impl_nocast<at::native::CUDAFunctor_add<float>>(at::TensorIteratorBase &, const T1 &)::[lambda(int) (instance 1)]>(int, T3)"
,,30,52,0,67,90138,1345.3,1536.0,544,14917,1749.7,"void at::native::vectorized_elementwise_kernel<(int)4, at::native::FillFunctor<float>, std::array<char *, (unsigned long)1>>(int, T2, T3)"
,,30,52,0,32,81496,2546.8,2529.0,2433,2753,80.9,"void at::native::vectorized_elementwise_kernel<(int)4, at::native::sigmoid_backward_kernel_cuda(at::TensorIteratorBase &)::[lambda() (instance 2)]::operator ()() const::[lambda() (instance 2)]::operator ()() const::[lambda(float, float) (instance 1)], std::array<char *, (unsigned long)3>>(int, T2, T3)"
,,30,52,0,65,76503,1177.0,1153.0,1056,1505,93.3,"void at::native::vectorized_elementwise_kernel<(int)4, void at::native::<unnamed>::pow_tensor_scalar_kernel_impl<float, float>(at::TensorIteratorBase &, T2)::[lambda(float) (instance 2)], std::array<char *, (unsigned long)2>>(int, T2, T3)"
,,30,52,0,32,60789,1899.7,1888.0,1793,2081,63.2,"void at::native::vectorized_elementwise_kernel<(int)4, at::native::BUnaryFunctor<float, float, float, at::native::binary_internal::MulFunctor<float>>, std::array<char *, (unsigned long)2>>(int, T2, T3)"
,,30,52,0,32,58643,1832.6,1824.5,1760,2080,62.4,"void at::native::<unnamed>::CatArrayBatchedCopy_vectorized<at::native::<unnamed>::OpaqueType<(unsigned int)4>, unsigned int, (int)1, (int)128, (int)1, (int)16, (int)4>(char *, at::native::<unnamed>::CatArrInputTensorMetadata<T1, T2, T4, T5>, at::native::<unnamed>::TensorSizeStride<T2, (unsigned int)4>, int, T2)"
,,30,52,0,1,4385,4385.0,4385.0,4385,4385,0.0,"void <unnamed>::indexing_backward_kernel<float, (int)4>(const long *, const long *, const T1 *, T1 *, long, long, long, long, bool)"
,,30,52,0,1,2401,2401.0,2401.0,2401,2401,0.0,"void at::native::vectorized_elementwise_kernel<(int)2, at::native::BUnaryFunctor<long, long, long, at::native::remainder_kernel_cuda(at::TensorIteratorBase &)::[lambda() (instance 1)]::operator ()() const::[lambda() (instance 4)]::operator ()() const::[lambda(long, long) (instance 1)]>, std::array<char *, (unsigned long)2>>(int, T2, T3)"
,,30,52,0,1,2017,2017.0,2017.0,2017,2017,0.0,"void at::native::vectorized_elementwise_kernel<(int)4, at::native::BinaryFunctor<float, float, float, at::native::binary_internal::DivFunctor<float>>, std::array<char *, (unsigned long)3>>(int, T2, T3)"
,,30,52,0,1,1953,1953.0,1953.0,1953,1953,0.0,"void at::native::_scatter_gather_elementwise_kernel<(int)128, (int)8, void at::native::_cuda_scatter_gather_internal_kernel<(bool)1, float, long>::operator ()<at::native::ReduceAdd>(at::TensorIterator &, long, long, long, const T1 &)::[lambda(int) (instance 1)]>(int, T3)"
,,30,52,0,1,1408,1408.0,1408.0,1408,1408,0.0,"void at::native::vectorized_elementwise_kernel<(int)2, at::native::BUnaryFunctor<long, long, long, at::native::binary_internal::div_trunc_kernel_cuda(at::TensorIteratorBase &)::[lambda() (instance 1)]::operator ()() const::[lambda() (instance 4)]::operator ()() const::[lambda(long, long) (instance 1)]>, std::array<char *, (unsigned long)2>>(int, T2, T3)"
,,30,52,0,1,1153,1153.0,1153.0,1153,1153,0.0,"void at::native::vectorized_elementwise_kernel<(int)2, at::native::AUnaryFunctor<long, long, long, at::native::binary_internal::MulFunctor<long>>, std::array<char *, (unsigned long)2>>(int, T2, T3)"
,,30,52,0,1,705,705.0,705.0,705,705,0.0,"void <unnamed>::elementwise_kernel_with_index<int, at::native::arange_cuda_out(const c10::Scalar &, const c10::Scalar &, const c10::Scalar &, at::Tensor &)::[lambda() (instance 1)]::operator ()() const::[lambda() (instance 4)]::operator ()() const::[lambda(long) (instance 1)]>(T1, T2, function_traits<T2>::result_type *)"
:BasicsTransformerLM.layers.0,PushPop,30,30,1,8,953078,119134.8,73560.0,5218,279514,90321.1,cutlass3x_sm100_simt_sgemm_f32_f32_f32_f32_f32_64x32x16_1x1x1_3_tnn_align1_bias_f32_relu
:BasicsTransformerLM.layers.0,PushPop,30,30,1,12,26439,2203.3,2160.5,1920,2560,271.3,"void at::native::elementwise_kernel<(int)128, (int)2, void at::native::gpu_kernel_impl_nocast<at::native::BinaryFunctor<float, float, float, at::native::binary_internal::MulFunctor<float>>>(at::TensorIteratorBase &, const T1 &)::[lambda(int) (instance 1)]>(int, T3)"
:BasicsTransformerLM.layers.0,PushPop,30,30,1,2,17222,8611.0,8611.0,8547,8675,90.5,"void at::native::reduce_kernel<(int)512, (int)1, at::native::ReduceOp<float, at::native::MeanOps<float, float, float, float>, unsigned int, float, (int)4, (int)4>>(T3)"
:BasicsTransformerLM.layers.0,PushPop,30,30,1,6,10755,1792.5,1681.0,1536,2240,279.7,"void at::native::vectorized_elementwise_kernel<(int)4, at::native::CUDAFunctor_add<float>, std::array<char *, (unsigned long)3>>(int, T2, T3)"
:BasicsTransformerLM.layers.0,PushPop,30,30,1,2,8740,4370.0,4370.0,4194,4546,248.9,"void at::native::<unnamed>::CatArrayBatchedCopy<at::native::<unnamed>::OpaqueType<(unsigned int)4>, unsigned int, (int)4, (int)64, (int)64>(T1 *, at::native::<unnamed>::CatArrInputTensorMetadata<T1, T2, T4, T5>, at::native::<unnamed>::TensorSizeStride<T2, (unsigned int)4>, int, T2)"
:BasicsTransformerLM.layers.0,PushPop,30,30,1,1,6787,6787.0,6787.0,6787,6787,0.0,cutlass3x_sm100_simt_sgemm_f32_f32_f32_f32_f32_64x32x16_1x1x1_3_nnn_align1_bias_f32_relu
:BasicsTransformerLM.layers.0,PushPop,30,30,1,1,5793,5793.0,5793.0,5793,5793,0.0,"void at::native::reduce_kernel<(int)512, (int)1, at::native::ReduceOp<float, at::native::MaxOps<float>, unsigned int, float, (int)4, (int)4>>(T3)"
:BasicsTransformerLM.layers.0,PushPop,30,30,1,2,5506,2753.0,2753.0,2433,3073,452.5,"void at::native::vectorized_elementwise_kernel<(int)4, at::native::BinaryFunctor<float, float, float, at::native::binary_internal::MulFunctor<float>>, std::array<char *, (unsigned long)3>>(int, T2, T3)"
:BasicsTransformerLM.layers.0,PushPop,30,30,1,1,3425,3425.0,3425.0,3425,3425,0.0,"void at::native::elementwise_kernel<(int)128, (int)2, void at::native::gpu_kernel_impl_nocast<at::native::BinaryFunctor<float, float, float, at::native::binary_internal::DivFunctor<float>>>(at::TensorIteratorBase &, const T1 &)::[lambda(int) (instance 1)]>(int, T3)"
:BasicsTransformerLM.layers.0,PushPop,30,30,1,2,3296,1648.0,1648.0,1632,1664,22.6,"void at::native::vectorized_elementwise_kernel<(int)4, void at::native::<unnamed>::pow_tensor_scalar_kernel_impl<float, float>(at::TensorIteratorBase &, T2)::[lambda(float) (instance 1)], std::array<char *, (unsigned long)2>>(int, T2, T3)"
:BasicsTransformerLM.layers.0,PushPop,30,30,1,1,3201,3201.0,3201.0,3201,3201,0.0,"void at::native::elementwise_kernel<(int)128, (int)2, void at::native::gpu_kernel_impl_nocast<at::native::<unnamed>::where_kernel_impl(at::TensorIterator &)::[lambda() (instance 1)]::operator ()() const::[lambda() (instance 11)]::operator ()() const::[lambda(bool, float, float) (instance 1)]>(at::TensorIteratorBase &, const T1 &)::[lambda(int) (instance 1)]>(int, T3)"
:BasicsTransformerLM.layers.0,PushPop,30,30,1,1,2977,2977.0,2977.0,2977,2977,0.0,"void at::native::elementwise_kernel<(int)128, (int)2, void at::native::gpu_kernel_impl_nocast<at::native::CUDAFunctor_add<float>>(at::TensorIteratorBase &, const T1 &)::[lambda(int) (instance 1)]>(int, T3)"
:BasicsTransformerLM.layers.0,PushPop,30,30,1,1,2913,2913.0,2913.0,2913,2913,0.0,"void at::native::vectorized_elementwise_kernel<(int)4, at::native::sigmoid_kernel_cuda(at::TensorIteratorBase &)::[lambda() (instance 2)]::operator ()() const::[lambda() (instance 2)]::operator ()() const::[lambda(float) (instance 1)], std::array<char *, (unsigned long)2>>(int, T2, T3)"
:BasicsTransformerLM.layers.0,PushPop,30,30,1,1,2849,2849.0,2849.0,2849,2849,0.0,"void at::native::reduce_kernel<(int)512, (int)1, at::native::ReduceOp<float, at::native::func_wrapper_t<float, at::native::sum_functor<float, float, float>::operator ()(at::TensorIterator &)::[lambda(float, float) (instance 1)]>, unsigned int, float, (int)4, (int)4>>(T3)"
:BasicsTransformerLM.layers.0,PushPop,30,30,1,1,2561,2561.0,2561.0,2561,2561,0.0,"void at::native::elementwise_kernel<(int)128, (int)2, void at::native::gpu_kernel_impl_nocast<at::native::direct_copy_kernel_cuda(at::TensorIteratorBase &)::[lambda() (instance 3)]::operator ()() const::[lambda() (instance 7)]::operator ()() const::[lambda(float) (instance 1)]>(at::TensorIteratorBase &, const T1 &)::[lambda(int) (instance 1)]>(int, T3)"
:BasicsTransformerLM.layers.0,PushPop,30,30,1,1,2209,2209.0,2209.0,2209,2209,0.0,"void at::native::elementwise_kernel<(int)128, (int)4, void at::native::gpu_kernel_impl_nocast<at::native::<unnamed>::CompareFunctor<long>>(at::TensorIteratorBase &, const T1 &)::[lambda(int) (instance 1)]>(int, T3)"
:BasicsTransformerLM.layers.0,PushPop,30,30,1,1,2145,2145.0,2145.0,2145,2145,0.0,"void at::native::vectorized_elementwise_kernel<(int)4, at::native::exp_kernel_cuda(at::TensorIteratorBase &)::[lambda() (instance 2)]::operator ()() const::[lambda() (instance 2)]::operator ()() const::[lambda(float) (instance 1)], std::array<char *, (unsigned long)2>>(int, T2, T3)"
:BasicsTransformerLM.layers.0,PushPop,30,30,1,2,2114,1057.0,1057.0,1025,1089,45.3,"void at::native::vectorized_elementwise_kernel<(int)4, at::native::CUDAFunctorOnSelf_add<float>, std::array<char *, (unsigned long)2>>(int, T2, T3)"
:BasicsTransformerLM.layers.0,PushPop,30,30,1,2,2080,1040.0,1040.0,1024,1056,22.6,"void at::native::vectorized_elementwise_kernel<(int)4, at::native::rsqrt_kernel_cuda(at::TensorIteratorBase &)::[lambda() (instance 2)]::operator ()() const::[lambda() (instance 2)]::operator ()() const::[lambda(float) (instance 1)], std::array<char *, (unsigned long)2>>(int, T2, T3)"
:BasicsTransformerLM.layers.0,PushPop,30,30,1,1,1857,1857.0,1857.0,1857,1857,0.0,"void at::native::vectorized_elementwise_kernel<(int)4, at::native::BUnaryFunctor<float, float, float, at::native::binary_internal::MulFunctor<float>>, std::array<char *, (unsigned long)2>>(int, T2, T3)"
:BasicsTransformerLM.layers.0,PushPop,30,30,1,1,800,800.0,800.0,800,800,0.0,"void at::native::vectorized_elementwise_kernel<(int)4, at::native::FillFunctor<float>, std::array<char *, (unsigned long)1>>(int, T2, T3)"
:BasicsTransformerLM.layers.0,PushPop,30,30,1,1,736,736.0,736.0,736,736,0.0,"void <unnamed>::elementwise_kernel_with_index<int, at::native::arange_cuda_out(const c10::Scalar &, const c10::Scalar &, const c10::Scalar &, at::Tensor &)::[lambda() (instance 1)]::operator ()() const::[lambda() (instance 4)]::operator ()() const::[lambda(long) (instance 1)]>(T1, T2, function_traits<T2>::result_type *)"
:BasicsTransformerLM.layers.0.attn,PushPop,30,30,1,5,295681,59136.2,72248.0,5218,73624,30158.8,cutlass3x_sm100_simt_sgemm_f32_f32_f32_f32_f32_64x32x16_1x1x1_3_tnn_align1_bias_f32_relu
:BasicsTransformerLM.layers.0.attn,PushPop,30,30,1,8,16484,2060.5,1953.0,1920,2497,206.9,"void at::native::elementwise_kernel<(int)128, (int)2, void at::native::gpu_kernel_impl_nocast<at::native::BinaryFunctor<float, float, float, at::native::binary_internal::MulFunctor<float>>>(at::TensorIteratorBase &, const T1 &)::[lambda(int) (instance 1)]>(int, T3)"
:BasicsTransformerLM.layers.0.attn,PushPop,30,30,1,2,8740,4370.0,4370.0,4194,4546,248.9,"void at::native::<unnamed>::CatArrayBatchedCopy<at::native::<unnamed>::OpaqueType<(unsigned int)4>, unsigned int, (int)4, (int)64, (int)64>(T1 *, at::native::<unnamed>::CatArrInputTensorMetadata<T1, T2, T4, T5>, at::native::<unnamed>::TensorSizeStride<T2, (unsigned int)4>, int, T2)"
:BasicsTransformerLM.layers.0.attn,PushPop,30,30,1,1,6787,6787.0,6787.0,6787,6787,0.0,cutlass3x_sm100_simt_sgemm_f32_f32_f32_f32_f32_64x32x16_1x1x1_3_nnn_align1_bias_f32_relu
:BasicsTransformerLM.layers.0.attn,PushPop,30,30,1,4,6498,1624.5,1600.5,1536,1761,95.9,"void at::native::vectorized_elementwise_kernel<(int)4, at::native::CUDAFunctor_add<float>, std::array<char *, (unsigned long)3>>(int, T2, T3)"
:BasicsTransformerLM.layers.0.attn,PushPop,30,30,1,1,5793,5793.0,5793.0,5793,5793,0.0,"void at::native::reduce_kernel<(int)512, (int)1, at::native::ReduceOp<float, at::native::MaxOps<float>, unsigned int, float, (int)4, (int)4>>(T3)"
:BasicsTransformerLM.layers.0.attn,PushPop,30,30,1,1,3425,3425.0,3425.0,3425,3425,0.0,"void at::native::elementwise_kernel<(int)128, (int)2, void at::native::gpu_kernel_impl_nocast<at::native::BinaryFunctor<float, float, float, at::native::binary_internal::DivFunctor<float>>>(at::TensorIteratorBase &, const T1 &)::[lambda(int) (instance 1)]>(int, T3)"
:BasicsTransformerLM.layers.0.attn,PushPop,30,30,1,1,3201,3201.0,3201.0,3201,3201,0.0,"void at::native::elementwise_kernel<(int)128, (int)2, void at::native::gpu_kernel_impl_nocast<at::native::<unnamed>::where_kernel_impl(at::TensorIterator &)::[lambda() (instance 1)]::operator ()() const::[lambda() (instance 11)]::operator ()() const::[lambda(bool, float, float) (instance 1)]>(at::TensorIteratorBase &, const T1 &)::[lambda(int) (instance 1)]>(int, T3)"
:BasicsTransformerLM.layers.0.attn,PushPop,30,30,1,1,2977,2977.0,2977.0,2977,2977,0.0,"void at::native::elementwise_kernel<(int)128, (int)2, void at::native::gpu_kernel_impl_nocast<at::native::CUDAFunctor_add<float>>(at::TensorIteratorBase &, const T1 &)::[lambda(int) (instance 1)]>(int, T3)"
:BasicsTransformerLM.layers.0.attn,PushPop,30,30,1,1,2849,2849.0,2849.0,2849,2849,0.0,"void at::native::reduce_kernel<(int)512, (int)1, at::native::ReduceOp<float, at::native::func_wrapper_t<float, at::native::sum_functor<float, float, float>::operator ()(at::TensorIterator &)::[lambda(float, float) (instance 1)]>, unsigned int, float, (int)4, (int)4>>(T3)"
:BasicsTransformerLM.layers.0.attn,PushPop,30,30,1,1,2561,2561.0,2561.0,2561,2561,0.0,"void at::native::elementwise_kernel<(int)128, (int)2, void at::native::gpu_kernel_impl_nocast<at::native::direct_copy_kernel_cuda(at::TensorIteratorBase &)::[lambda() (instance 3)]::operator ()() const::[lambda() (instance 7)]::operator ()() const::[lambda(float) (instance 1)]>(at::TensorIteratorBase &, const T1 &)::[lambda(int) (instance 1)]>(int, T3)"
:BasicsTransformerLM.layers.0.attn,PushPop,30,30,1,1,2209,2209.0,2209.0,2209,2209,0.0,"void at::native::elementwise_kernel<(int)128, (int)4, void at::native::gpu_kernel_impl_nocast<at::native::<unnamed>::CompareFunctor<long>>(at::TensorIteratorBase &, const T1 &)::[lambda(int) (instance 1)]>(int, T3)"
:BasicsTransformerLM.layers.0.attn,PushPop,30,30,1,1,2145,2145.0,2145.0,2145,2145,0.0,"void at::native::vectorized_elementwise_kernel<(int)4, at::native::exp_kernel_cuda(at::TensorIteratorBase &)::[lambda() (instance 2)]::operator ()() const::[lambda() (instance 2)]::operator ()() const::[lambda(float) (instance 1)], std::array<char *, (unsigned long)2>>(int, T2, T3)"
:BasicsTransformerLM.layers.0.attn,PushPop,30,30,1,1,1857,1857.0,1857.0,1857,1857,0.0,"void at::native::vectorized_elementwise_kernel<(int)4, at::native::BUnaryFunctor<float, float, float, at::native::binary_internal::MulFunctor<float>>, std::array<char *, (unsigned long)2>>(int, T2, T3)"
:BasicsTransformerLM.layers.0.attn,PushPop,30,30,1,1,800,800.0,800.0,800,800,0.0,"void at::native::vectorized_elementwise_kernel<(int)4, at::native::FillFunctor<float>, std::array<char *, (unsigned long)1>>(int, T2, T3)"
:BasicsTransformerLM.layers.0.attn,PushPop,30,30,1,1,736,736.0,736.0,736,736,0.0,"void <unnamed>::elementwise_kernel_with_index<int, at::native::arange_cuda_out(const c10::Scalar &, const c10::Scalar &, const c10::Scalar &, at::Tensor &)::[lambda() (instance 1)]::operator ()() const::[lambda() (instance 4)]::operator ()() const::[lambda(long) (instance 1)]>(T1, T2, function_traits<T2>::result_type *)"
:BasicsTransformerLM.layers.0.attn.k_proj,PushPop,30,30,1,1,73496,73496.0,73496.0,73496,73496,0.0,cutlass3x_sm100_simt_sgemm_f32_f32_f32_f32_f32_64x32x16_1x1x1_3_tnn_align1_bias_f32_relu
:BasicsTransformerLM.layers.0.attn.output_proj,PushPop,30,30,1,1,71095,71095.0,71095.0,71095,71095,0.0,cutlass3x_sm100_simt_sgemm_f32_f32_f32_f32_f32_64x32x16_1x1x1_3_tnn_align1_bias_f32_relu
:BasicsTransformerLM.layers.0.attn.positional_encoder,PushPop,30,30,64,256,533048,2082.2,1953.0,1888,2945,239.4,"void at::native::elementwise_kernel<(int)128, (int)2, void at::native::gpu_kernel_impl_nocast<at::native::BinaryFunctor<float, float, float, at::native::binary_internal::MulFunctor<float>>>(at::TensorIteratorBase &, const T1 &)::[lambda(int) (instance 1)]>(int, T3)"
:BasicsTransformerLM.layers.0.attn.positional_encoder,PushPop,30,30,64,64,274483,4288.8,4321.0,4129,4546,104.7,"void at::native::<unnamed>::CatArrayBatchedCopy<at::native::<unnamed>::OpaqueType<(unsigned int)4>, unsigned int, (int)4, (int)64, (int)64>(T1 *, at::native::<unnamed>::CatArrInputTensorMetadata<T1, T2, T4, T5>, at::native::<unnamed>::TensorSizeStride<T2, (unsigned int)4>, int, T2)"
:BasicsTransformerLM.layers.0.attn.positional_encoder,PushPop,30,30,64,128,209110,1633.7,1601.0,1472,2017,108.7,"void at::native::vectorized_elementwise_kernel<(int)4, at::native::CUDAFunctor_add<float>, std::array<char *, (unsigned long)3>>(int, T2, T3)"
:BasicsTransformerLM.layers.0.attn.q_proj,PushPop,30,30,1,1,73624,73624.0,73624.0,73624,73624,0.0,cutlass3x_sm100_simt_sgemm_f32_f32_f32_f32_f32_64x32x16_1x1x1_3_tnn_align1_bias_f32_relu
:BasicsTransformerLM.layers.0.attn.v_proj,PushPop,30,30,1,1,72248,72248.0,72248.0,72248,72248,0.0,cutlass3x_sm100_simt_sgemm_f32_f32_f32_f32_f32_64x32x16_1x1x1_3_tnn_align1_bias_f32_relu
:BasicsTransformerLM.layers.0.ffn,PushPop,30,30,1,3,657397,219132.3,189470.0,188413,279514,52294.7,cutlass3x_sm100_simt_sgemm_f32_f32_f32_f32_f32_64x32x16_1x1x1_3_tnn_align1_bias_f32_relu
:BasicsTransformerLM.layers.0.ffn,PushPop,30,30,1,2,5506,2753.0,2753.0,2433,3073,452.5,"void at::native::vectorized_elementwise_kernel<(int)4, at::native::BinaryFunctor<float, float, float, at::native::binary_internal::MulFunctor<float>>, std::array<char *, (unsigned long)3>>(int, T2, T3)"
:BasicsTransformerLM.layers.0.ffn,PushPop,30,30,1,1,2913,2913.0,2913.0,2913,2913,0.0,"void at::native::vectorized_elementwise_kernel<(int)4, at::native::sigmoid_kernel_cuda(at::TensorIteratorBase &)::[lambda() (instance 2)]::operator ()() const::[lambda() (instance 2)]::operator ()() const::[lambda(float) (instance 1)], std::array<char *, (unsigned long)2>>(int, T2, T3)"
:BasicsTransformerLM.layers.0.ffn.w1,PushPop,30,30,1,1,189470,189470.0,189470.0,189470,189470,0.0,cutlass3x_sm100_simt_sgemm_f32_f32_f32_f32_f32_64x32x16_1x1x1_3_tnn_align1_bias_f32_relu
:BasicsTransformerLM.layers.0.ffn.w2,PushPop,30,30,1,1,279514,279514.0,279514.0,279514,279514,0.0,cutlass3x_sm100_simt_sgemm_f32_f32_f32_f32_f32_64x32x16_1x1x1_3_tnn_align1_bias_f32_relu
:BasicsTransformerLM.layers.0.ffn.w3,PushPop,30,30,1,1,188413,188413.0,188413.0,188413,188413,0.0,cutlass3x_sm100_simt_sgemm_f32_f32_f32_f32_f32_64x32x16_1x1x1_3_tnn_align1_bias_f32_relu
:BasicsTransformerLM.layers.0.ln1,PushPop,30,30,1,1,8547,8547.0,8547.0,8547,8547,0.0,"void at::native::reduce_kernel<(int)512, (int)1, at::native::ReduceOp<float, at::native::MeanOps<float, float, float, float>, unsigned int, float, (int)4, (int)4>>(T3)"
:BasicsTransformerLM.layers.0.ln1,PushPop,30,30,1,2,5026,2513.0,2513.0,2497,2529,22.6,"void at::native::elementwise_kernel<(int)128, (int)2, void at::native::gpu_kernel_impl_nocast<at::native::BinaryFunctor<float, float, float, at::native::binary_internal::MulFunctor<float>>>(at::TensorIteratorBase &, const T1 &)::[lambda(int) (instance 1)]>(int, T3)"
:BasicsTransformerLM.layers.0.ln1,PushPop,30,30,1,1,1632,1632.0,1632.0,1632,1632,0.0,"void at::native::vectorized_elementwise_kernel<(int)4, void at::native::<unnamed>::pow_tensor_scalar_kernel_impl<float, float>(at::TensorIteratorBase &, T2)::[lambda(float) (instance 1)], std::array<char *, (unsigned long)2>>(int, T2, T3)"
:BasicsTransformerLM.layers.0.ln1,PushPop,30,30,1,1,1025,1025.0,1025.0,1025,1025,0.0,"void at::native::vectorized_elementwise_kernel<(int)4, at::native::CUDAFunctorOnSelf_add<float>, std::array<char *, (unsigned long)2>>(int, T2, T3)"
:BasicsTransformerLM.layers.0.ln1,PushPop,30,30,1,1,1024,1024.0,1024.0,1024,1024,0.0,"void at::native::vectorized_elementwise_kernel<(int)4, at::native::rsqrt_kernel_cuda(at::TensorIteratorBase &)::[lambda() (instance 2)]::operator ()() const::[lambda() (instance 2)]::operator ()() const::[lambda(float) (instance 1)], std::array<char *, (unsigned long)2>>(int, T2, T3)"
:BasicsTransformerLM.layers.0.ln2,PushPop,30,30,1,1,8675,8675.0,8675.0,8675,8675,0.0,"void at::native::reduce_kernel<(int)512, (int)1, at::native::ReduceOp<float, at::native::MeanOps<float, float, float, float>, unsigned int, float, (int)4, (int)4>>(T3)"
:BasicsTransformerLM.layers.0.ln2,PushPop,30,30,1,2,4929,2464.5,2464.5,2369,2560,135.1,"void at::native::elementwise_kernel<(int)128, (int)2, void at::native::gpu_kernel_impl_nocast<at::native::BinaryFunctor<float, float, float, at::native::binary_internal::MulFunctor<float>>>(at::TensorIteratorBase &, const T1 &)::[lambda(int) (instance 1)]>(int, T3)"
:BasicsTransformerLM.layers.0.ln2,PushPop,30,30,1,1,1664,1664.0,1664.0,1664,1664,0.0,"void at::native::vectorized_elementwise_kernel<(int)4, void at::native::<unnamed>::pow_tensor_scalar_kernel_impl<float, float>(at::TensorIteratorBase &, T2)::[lambda(float) (instance 1)], std::array<char *, (unsigned long)2>>(int, T2, T3)"
:BasicsTransformerLM.layers.0.ln2,PushPop,30,30,1,1,1089,1089.0,1089.0,1089,1089,0.0,"void at::native::vectorized_elementwise_kernel<(int)4, at::native::CUDAFunctorOnSelf_add<float>, std::array<char *, (unsigned long)2>>(int, T2, T3)"
:BasicsTransformerLM.layers.0.ln2,PushPop,30,30,1,1,1056,1056.0,1056.0,1056,1056,0.0,"void at::native::vectorized_elementwise_kernel<(int)4, at::native::rsqrt_kernel_cuda(at::TensorIteratorBase &)::[lambda() (instance 2)]::operator ()() const::[lambda() (instance 2)]::operator ()() const::[lambda(float) (instance 1)], std::array<char *, (unsigned long)2>>(int, T2, T3)"
:BasicsTransformerLM.layers.1,PushPop,30,30,1,8,941489,117686.1,70503.0,5249,278426,90485.5,cutlass3x_sm100_simt_sgemm_f32_f32_f32_f32_f32_64x32x16_1x1x1_3_tnn_align1_bias_f32_relu
:BasicsTransformerLM.layers.1,PushPop,30,30,1,12,26277,2189.8,2192.5,1920,2625,264.8,"void at::native::elementwise_kernel<(int)128, (int)2, void at::native::gpu_kernel_impl_nocast<at::native::BinaryFunctor<float, float, float, at::native::binary_internal::MulFunctor<float>>>(at::TensorIteratorBase &, const T1 &)::[lambda(int) (instance 1)]>(int, T3)"
:BasicsTransformerLM.layers.1,PushPop,30,30,1,2,16901,8450.5,8450.5,8355,8546,135.1,"void at::native::reduce_kernel<(int)512, (int)1, at::native::ReduceOp<float, at::native::MeanOps<float, float, float, float>, unsigned int, float, (int)4, (int)4>>(T3)"
:BasicsTransformerLM.layers.1,PushPop,30,30,1,6,10726,1787.7,1681.0,1537,2113,259.5,"void at::native::vectorized_elementwise_kernel<(int)4, at::native::CUDAFunctor_add<float>, std::array<char *, (unsigned long)3>>(int, T2, T3)"
:BasicsTransformerLM.layers.1,PushPop,30,30,1,2,8482,4241.0,4241.0,4161,4321,113.1,"void at::native::<unnamed>::CatArrayBatchedCopy<at::native::<unnamed>::OpaqueType<(unsigned int)4>, unsigned int, (int)4, (int)64, (int)64>(T1 *, at::native::<unnamed>::CatArrInputTensorMetadata<T1, T2, T4, T5>, at::native::<unnamed>::TensorSizeStride<T2, (unsigned int)4>, int, T2)"
:BasicsTransformerLM.layers.1,PushPop,30,30,1,1,6818,6818.0,6818.0,6818,6818,0.0,cutlass3x_sm100_simt_sgemm_f32_f32_f32_f32_f32_64x32x16_1x1x1_3_nnn_align1_bias_f32_relu
:BasicsTransformerLM.layers.1,PushPop,30,30,1,2,5570,2785.0,2785.0,2433,3137,497.8,"void at::native::vectorized_elementwise_kernel<(int)4, at::native::BinaryFunctor<float, float, float, at::native::binary_internal::MulFunctor<float>>, std::array<char *, (unsigned long)3>>(int, T2, T3)"
:BasicsTransformerLM.layers.1,PushPop,30,30,1,1,4065,4065.0,4065.0,4065,4065,0.0,"void at::native::reduce_kernel<(int)512, (int)1, at::native::ReduceOp<float, at::native::MaxOps<float>, unsigned int, float, (int)4, (int)4>>(T3)"
:BasicsTransformerLM.layers.1,PushPop,30,30,1,1,3425,3425.0,3425.0,3425,3425,0.0,"void at::native::elementwise_kernel<(int)128, (int)2, void at::native::gpu_kernel_impl_nocast<at::native::BinaryFunctor<float, float, float, at::native::binary_internal::DivFunctor<float>>>(at::TensorIteratorBase &, const T1 &)::[lambda(int) (instance 1)]>(int, T3)"
:BasicsTransformerLM.layers.1,PushPop,30,30,1,2,3361,1680.5,1680.5,1665,1696,21.9,"void at::native::vectorized_elementwise_kernel<(int)4, void at::native::<unnamed>::pow_tensor_scalar_kernel_impl<float, float>(at::TensorIteratorBase &, T2)::[lambda(float) (instance 1)], std::array<char *, (unsigned long)2>>(int, T2, T3)"
:BasicsTransformerLM.layers.1,PushPop,30,30,1,1,3234,3234.0,3234.0,3234,3234,0.0,"void at::native::elementwise_kernel<(int)128, (int)2, void at::native::gpu_kernel_impl_nocast<at::native::<unnamed>::where_kernel_impl(at::TensorIterator &)::[lambda() (instance 1)]::operator ()() const::[lambda() (instance 11)]::operator ()() const::[lambda(bool, float, float) (instance 1)]>(at::TensorIteratorBase &, const T1 &)::[lambda(int) (instance 1)]>(int, T3)"
:BasicsTransformerLM.layers.1,PushPop,30,30,1,1,2945,2945.0,2945.0,2945,2945,0.0,"void at::native::vectorized_elementwise_kernel<(int)4, at::native::sigmoid_kernel_cuda(at::TensorIteratorBase &)::[lambda() (instance 2)]::operator ()() const::[lambda() (instance 2)]::operator ()() const::[lambda(float) (instance 1)], std::array<char *, (unsigned long)2>>(int, T2, T3)"
:BasicsTransformerLM.layers.1,PushPop,30,30,1,1,2913,2913.0,2913.0,2913,2913,0.0,"void at::native::elementwise_kernel<(int)128, (int)2, void at::native::gpu_kernel_impl_nocast<at::native::CUDAFunctor_add<float>>(at::TensorIteratorBase &, const T1 &)::[lambda(int) (instance 1)]>(int, T3)"
:BasicsTransformerLM.layers.1,PushPop,30,30,1,1,2817,2817.0,2817.0,2817,2817,0.0,"void at::native::reduce_kernel<(int)512, (int)1, at::native::ReduceOp<float, at::native::func_wrapper_t<float, at::native::sum_functor<float, float, float>::operator ()(at::TensorIterator &)::[lambda(float, float) (instance 1)]>, unsigned int, float, (int)4, (int)4>>(T3)"
:BasicsTransformerLM.layers.1,PushPop,30,30,1,1,2753,2753.0,2753.0,2753,2753,0.0,"void at::native::elementwise_kernel<(int)128, (int)2, void at::native::gpu_kernel_impl_nocast<at::native::direct_copy_kernel_cuda(at::TensorIteratorBase &)::[lambda() (instance 3)]::operator ()() const::[lambda() (instance 7)]::operator ()() const::[lambda(float) (instance 1)]>(at::TensorIteratorBase &, const T1 &)::[lambda(int) (instance 1)]>(int, T3)"
:BasicsTransformerLM.layers.1,PushPop,30,30,1,2,2401,1200.5,1200.5,1088,1313,159.1,"void at::native::vectorized_elementwise_kernel<(int)4, at::native::CUDAFunctorOnSelf_add<float>, std::array<char *, (unsigned long)2>>(int, T2, T3)"
:BasicsTransformerLM.layers.1,PushPop,30,30,1,1,2337,2337.0,2337.0,2337,2337,0.0,"void at::native::elementwise_kernel<(int)128, (int)4, void at::native::gpu_kernel_impl_nocast<at::native::<unnamed>::CompareFunctor<long>>(at::TensorIteratorBase &, const T1 &)::[lambda(int) (instance 1)]>(int, T3)"
:BasicsTransformerLM.layers.1,PushPop,30,30,1,2,2048,1024.0,1024.0,1024,1024,0.0,"void at::native::vectorized_elementwise_kernel<(int)4, at::native::rsqrt_kernel_cuda(at::TensorIteratorBase &)::[lambda() (instance 2)]::operator ()() const::[lambda() (instance 2)]::operator ()() const::[lambda(float) (instance 1)], std::array<char *, (unsigned long)2>>(int, T2, T3)"
:BasicsTransformerLM.layers.1,PushPop,30,30,1,1,1953,1953.0,1953.0,1953,1953,0.0,"void at::native::vectorized_elementwise_kernel<(int)4, at::native::exp_kernel_cuda(at::TensorIteratorBase &)::[lambda() (instance 2)]::operator ()() const::[lambda() (instance 2)]::operator ()() const::[lambda(float) (instance 1)], std::array<char *, (unsigned long)2>>(int, T2, T3)"
:BasicsTransformerLM.layers.1,PushPop,30,30,1,1,1856,1856.0,1856.0,1856,1856,0.0,"void at::native::vectorized_elementwise_kernel<(int)4, at::native::BUnaryFunctor<float, float, float, at::native::binary_internal::MulFunctor<float>>, std::array<char *, (unsigned long)2>>(int, T2, T3)"
:BasicsTransformerLM.layers.1,PushPop,30,30,1,1,768,768.0,768.0,768,768,0.0,"void at::native::vectorized_elementwise_kernel<(int)4, at::native::FillFunctor<float>, std::array<char *, (unsigned long)1>>(int, T2, T3)"
:BasicsTransformerLM.layers.1,PushPop,30,30,1,1,704,704.0,704.0,704,704,0.0,"void <unnamed>::elementwise_kernel_with_index<int, at::native::arange_cuda_out(const c10::Scalar &, const c10::Scalar &, const c10::Scalar &, at::Tensor &)::[lambda() (instance 1)]::operator ()() const::[lambda() (instance 4)]::operator ()() const::[lambda(long) (instance 1)]>(T1, T2, function_traits<T2>::result_type *)"
:BasicsTransformerLM.layers.1.attn,PushPop,30,30,1,5,286973,57394.6,70423.0,5249,70551,29150.4,cutlass3x_sm100_simt_sgemm_f32_f32_f32_f32_f32_64x32x16_1x1x1_3_tnn_align1_bias_f32_relu
:BasicsTransformerLM.layers.1.attn,PushPop,30,30,1,8,16387,2048.4,1921.0,1920,2400,189.6,"void at::native::elementwise_kernel<(int)128, (int)2, void at::native::gpu_kernel_impl_nocast<at::native::BinaryFunctor<float, float, float, at::native::binary_internal::MulFunctor<float>>>(at::TensorIteratorBase &, const T1 &)::[lambda(int) (instance 1)]>(int, T3)"
:BasicsTransformerLM.layers.1.attn,PushPop,30,30,1,2,8482,4241.0,4241.0,4161,4321,113.1,"void at::native::<unnamed>::CatArrayBatchedCopy<at::native::<unnamed>::OpaqueType<(unsigned int)4>, unsigned int, (int)4, (int)64, (int)64>(T1 *, at::native::<unnamed>::CatArrInputTensorMetadata<T1, T2, T4, T5>, at::native::<unnamed>::TensorSizeStride<T2, (unsigned int)4>, int, T2)"
:BasicsTransformerLM.layers.1.attn,PushPop,30,30,1,1,6818,6818.0,6818.0,6818,6818,0.0,cutlass3x_sm100_simt_sgemm_f32_f32_f32_f32_f32_64x32x16_1x1x1_3_nnn_align1_bias_f32_relu
:BasicsTransformerLM.layers.1.attn,PushPop,30,30,1,4,6500,1625.0,1617.0,1537,1729,80.0,"void at::native::vectorized_elementwise_kernel<(int)4, at::native::CUDAFunctor_add<float>, std::array<char *, (unsigned long)3>>(int, T2, T3)"
:BasicsTransformerLM.layers.1.attn,PushPop,30,30,1,1,4065,4065.0,4065.0,4065,4065,0.0,"void at::native::reduce_kernel<(int)512, (int)1, at::native::ReduceOp<float, at::native::MaxOps<float>, unsigned int, float, (int)4, (int)4>>(T3)"
:BasicsTransformerLM.layers.1.attn,PushPop,30,30,1,1,3425,3425.0,3425.0,3425,3425,0.0,"void at::native::elementwise_kernel<(int)128, (int)2, void at::native::gpu_kernel_impl_nocast<at::native::BinaryFunctor<float, float, float, at::native::binary_internal::DivFunctor<float>>>(at::TensorIteratorBase &, const T1 &)::[lambda(int) (instance 1)]>(int, T3)"
:BasicsTransformerLM.layers.1.attn,PushPop,30,30,1,1,3234,3234.0,3234.0,3234,3234,0.0,"void at::native::elementwise_kernel<(int)128, (int)2, void at::native::gpu_kernel_impl_nocast<at::native::<unnamed>::where_kernel_impl(at::TensorIterator &)::[lambda() (instance 1)]::operator ()() const::[lambda() (instance 11)]::operator ()() const::[lambda(bool, float, float) (instance 1)]>(at::TensorIteratorBase &, const T1 &)::[lambda(int) (instance 1)]>(int, T3)"
:BasicsTransformerLM.layers.1.attn,PushPop,30,30,1,1,2913,2913.0,2913.0,2913,2913,0.0,"void at::native::elementwise_kernel<(int)128, (int)2, void at::native::gpu_kernel_impl_nocast<at::native::CUDAFunctor_add<float>>(at::TensorIteratorBase &, const T1 &)::[lambda(int) (instance 1)]>(int, T3)"
:BasicsTransformerLM.layers.1.attn,PushPop,30,30,1,1,2817,2817.0,2817.0,2817,2817,0.0,"void at::native::reduce_kernel<(int)512, (int)1, at::native::ReduceOp<float, at::native::func_wrapper_t<float, at::native::sum_functor<float, float, float>::operator ()(at::TensorIterator &)::[lambda(float, float) (instance 1)]>, unsigned int, float, (int)4, (int)4>>(T3)"
:BasicsTransformerLM.layers.1.attn,PushPop,30,30,1,1,2753,2753.0,2753.0,2753,2753,0.0,"void at::native::elementwise_kernel<(int)128, (int)2, void at::native::gpu_kernel_impl_nocast<at::native::direct_copy_kernel_cuda(at::TensorIteratorBase &)::[lambda() (instance 3)]::operator ()() const::[lambda() (instance 7)]::operator ()() const::[lambda(float) (instance 1)]>(at::TensorIteratorBase &, const T1 &)::[lambda(int) (instance 1)]>(int, T3)"
:BasicsTransformerLM.layers.1.attn,PushPop,30,30,1,1,2337,2337.0,2337.0,2337,2337,0.0,"void at::native::elementwise_kernel<(int)128, (int)4, void at::native::gpu_kernel_impl_nocast<at::native::<unnamed>::CompareFunctor<long>>(at::TensorIteratorBase &, const T1 &)::[lambda(int) (instance 1)]>(int, T3)"
:BasicsTransformerLM.layers.1.attn,PushPop,30,30,1,1,1953,1953.0,1953.0,1953,1953,0.0,"void at::native::vectorized_elementwise_kernel<(int)4, at::native::exp_kernel_cuda(at::TensorIteratorBase &)::[lambda() (instance 2)]::operator ()() const::[lambda() (instance 2)]::operator ()() const::[lambda(float) (instance 1)], std::array<char *, (unsigned long)2>>(int, T2, T3)"
:BasicsTransformerLM.layers.1.attn,PushPop,30,30,1,1,1856,1856.0,1856.0,1856,1856,0.0,"void at::native::vectorized_elementwise_kernel<(int)4, at::native::BUnaryFunctor<float, float, float, at::native::binary_internal::MulFunctor<float>>, std::array<char *, (unsigned long)2>>(int, T2, T3)"
:BasicsTransformerLM.layers.1.attn,PushPop,30,30,1,1,768,768.0,768.0,768,768,0.0,"void at::native::vectorized_elementwise_kernel<(int)4, at::native::FillFunctor<float>, std::array<char *, (unsigned long)1>>(int, T2, T3)"
:BasicsTransformerLM.layers.1.attn,PushPop,30,30,1,1,704,704.0,704.0,704,704,0.0,"void <unnamed>::elementwise_kernel_with_index<int, at::native::arange_cuda_out(const c10::Scalar &, const c10::Scalar &, const c10::Scalar &, at::Tensor &)::[lambda() (instance 1)]::operator ()() const::[lambda() (instance 4)]::operator ()() const::[lambda(long) (instance 1)]>(T1, T2, function_traits<T2>::result_type *)"
:BasicsTransformerLM.layers.1.attn.k_proj,PushPop,30,30,1,1,70455,70455.0,70455.0,70455,70455,0.0,cutlass3x_sm100_simt_sgemm_f32_f32_f32_f32_f32_64x32x16_1x1x1_3_tnn_align1_bias_f32_relu
:BasicsTransformerLM.layers.1.attn.output_proj,PushPop,30,30,1,1,70423,70423.0,70423.0,70423,70423,0.0,cutlass3x_sm100_simt_sgemm_f32_f32_f32_f32_f32_64x32x16_1x1x1_3_tnn_align1_bias_f32_relu
:BasicsTransformerLM.layers.1.attn.q_proj,PushPop,30,30,1,1,70295,70295.0,70295.0,70295,70295,0.0,cutlass3x_sm100_simt_sgemm_f32_f32_f32_f32_f32_64x32x16_1x1x1_3_tnn_align1_bias_f32_relu
:BasicsTransformerLM.layers.1.attn.v_proj,PushPop,30,30,1,1,70551,70551.0,70551.0,70551,70551,0.0,cutlass3x_sm100_simt_sgemm_f32_f32_f32_f32_f32_64x32x16_1x1x1_3_tnn_align1_bias_f32_relu
:BasicsTransformerLM.layers.1.ffn,PushPop,30,30,1,3,654516,218172.0,188733.0,187357,278426,52186.0,cutlass3x_sm100_simt_sgemm_f32_f32_f32_f32_f32_64x32x16_1x1x1_3_tnn_align1_bias_f32_relu
:BasicsTransformerLM.layers.1.ffn,PushPop,30,30,1,2,5570,2785.0,2785.0,2433,3137,497.8,"void at::native::vectorized_elementwise_kernel<(int)4, at::native::BinaryFunctor<float, float, float, at::native::binary_internal::MulFunctor<float>>, std::array<char *, (unsigned long)3>>(int, T2, T3)"
:BasicsTransformerLM.layers.1.ffn,PushPop,30,30,1,1,2945,2945.0,2945.0,2945,2945,0.0,"void at::native::vectorized_elementwise_kernel<(int)4, at::native::sigmoid_kernel_cuda(at::TensorIteratorBase &)::[lambda() (instance 2)]::operator ()() const::[lambda() (instance 2)]::operator ()() const::[lambda(float) (instance 1)], std::array<char *, (unsigned long)2>>(int, T2, T3)"
:BasicsTransformerLM.layers.1.ffn.w1,PushPop,30,30,1,1,188733,188733.0,188733.0,188733,188733,0.0,cutlass3x_sm100_simt_sgemm_f32_f32_f32_f32_f32_64x32x16_1x1x1_3_tnn_align1_bias_f32_relu
:BasicsTransformerLM.layers.1.ffn.w2,PushPop,30,30,1,1,278426,278426.0,278426.0,278426,278426,0.0,cutlass3x_sm100_simt_sgemm_f32_f32_f32_f32_f32_64x32x16_1x1x1_3_tnn_align1_bias_f32_relu
:BasicsTransformerLM.layers.1.ffn.w3,PushPop,30,30,1,1,187357,187357.0,187357.0,187357,187357,0.0,cutlass3x_sm100_simt_sgemm_f32_f32_f32_f32_f32_64x32x16_1x1x1_3_tnn_align1_bias_f32_relu
:BasicsTransformerLM.layers.1.ln1,PushPop,30,30,1,1,8355,8355.0,8355.0,8355,8355,0.0,"void at::native::reduce_kernel<(int)512, (int)1, at::native::ReduceOp<float, at::native::MeanOps<float, float, float, float>, unsigned int, float, (int)4, (int)4>>(T3)"
:BasicsTransformerLM.layers.1.ln1,PushPop,30,30,1,2,4897,2448.5,2448.5,2401,2496,67.2,"void at::native::elementwise_kernel<(int)128, (int)2, void at::native::gpu_kernel_impl_nocast<at::native::BinaryFunctor<float, float, float, at::native::binary_internal::MulFunctor<float>>>(at::TensorIteratorBase &, const T1 &)::[lambda(int) (instance 1)]>(int, T3)"
:BasicsTransformerLM.layers.1.ln1,PushPop,30,30,1,1,1696,1696.0,1696.0,1696,1696,0.0,"void at::native::vectorized_elementwise_kernel<(int)4, void at::native::<unnamed>::pow_tensor_scalar_kernel_impl<float, float>(at::TensorIteratorBase &, T2)::[lambda(float) (instance 1)], std::array<char *, (unsigned long)2>>(int, T2, T3)"
:BasicsTransformerLM.layers.1.ln1,PushPop,30,30,1,1,1313,1313.0,1313.0,1313,1313,0.0,"void at::native::vectorized_elementwise_kernel<(int)4, at::native::CUDAFunctorOnSelf_add<float>, std::array<char *, (unsigned long)2>>(int, T2, T3)"
:BasicsTransformerLM.layers.1.ln1,PushPop,30,30,1,1,1024,1024.0,1024.0,1024,1024,0.0,"void at::native::vectorized_elementwise_kernel<(int)4, at::native::rsqrt_kernel_cuda(at::TensorIteratorBase &)::[lambda() (instance 2)]::operator ()() const::[lambda() (instance 2)]::operator ()() const::[lambda(float) (instance 1)], std::array<char *, (unsigned long)2>>(int, T2, T3)"
:BasicsTransformerLM.layers.1.ln2,PushPop,30,30,1,1,8546,8546.0,8546.0,8546,8546,0.0,"void at::native::reduce_kernel<(int)512, (int)1, at::native::ReduceOp<float, at::native::MeanOps<float, float, float, float>, unsigned int, float, (int)4, (int)4>>(T3)"
:BasicsTransformerLM.layers.1.ln2,PushPop,30,30,1,2,4993,2496.5,2496.5,2368,2625,181.7,"void at::native::elementwise_kernel<(int)128, (int)2, void at::native::gpu_kernel_impl_nocast<at::native::BinaryFunctor<float, float, float, at::native::binary_internal::MulFunctor<float>>>(at::TensorIteratorBase &, const T1 &)::[lambda(int) (instance 1)]>(int, T3)"
:BasicsTransformerLM.layers.1.ln2,PushPop,30,30,1,1,1665,1665.0,1665.0,1665,1665,0.0,"void at::native::vectorized_elementwise_kernel<(int)4, void at::native::<unnamed>::pow_tensor_scalar_kernel_impl<float, float>(at::TensorIteratorBase &, T2)::[lambda(float) (instance 1)], std::array<char *, (unsigned long)2>>(int, T2, T3)"
:BasicsTransformerLM.layers.1.ln2,PushPop,30,30,1,1,1088,1088.0,1088.0,1088,1088,0.0,"void at::native::vectorized_elementwise_kernel<(int)4, at::native::CUDAFunctorOnSelf_add<float>, std::array<char *, (unsigned long)2>>(int, T2, T3)"
:BasicsTransformerLM.layers.1.ln2,PushPop,30,30,1,1,1024,1024.0,1024.0,1024,1024,0.0,"void at::native::vectorized_elementwise_kernel<(int)4, at::native::rsqrt_kernel_cuda(at::TensorIteratorBase &)::[lambda() (instance 2)]::operator ()() const::[lambda() (instance 2)]::operator ()() const::[lambda(float) (instance 1)], std::array<char *, (unsigned long)2>>(int, T2, T3)"
:BasicsTransformerLM.layers.10,PushPop,30,30,1,8,939856,117482.0,70551.0,5218,278042,90305.6,cutlass3x_sm100_simt_sgemm_f32_f32_f32_f32_f32_64x32x16_1x1x1_3_tnn_align1_bias_f32_relu
:BasicsTransformerLM.layers.10,PushPop,30,30,1,12,26251,2187.6,2177.0,1889,2560,266.0,"void at::native::elementwise_kernel<(int)128, (int)2, void at::native::gpu_kernel_impl_nocast<at::native::BinaryFunctor<float, float, float, at::native::binary_internal::MulFunctor<float>>>(at::TensorIteratorBase &, const T1 &)::[lambda(int) (instance 1)]>(int, T3)"
:BasicsTransformerLM.layers.10,PushPop,30,30,1,2,16902,8451.0,8451.0,8419,8483,45.3,"void at::native::reduce_kernel<(int)512, (int)1, at::native::ReduceOp<float, at::native::MeanOps<float, float, float, float>, unsigned int, float, (int)4, (int)4>>(T3)"
:BasicsTransformerLM.layers.10,PushPop,30,30,1,6,10657,1776.2,1664.0,1536,2176,271.5,"void at::native::vectorized_elementwise_kernel<(int)4, at::native::CUDAFunctor_add<float>, std::array<char *, (unsigned long)3>>(int, T2, T3)"
:BasicsTransformerLM.layers.10,PushPop,30,30,1,2,8610,4305.0,4305.0,4225,4385,113.1,"void at::native::<unnamed>::CatArrayBatchedCopy<at::native::<unnamed>::OpaqueType<(unsigned int)4>, unsigned int, (int)4, (int)64, (int)64>(T1 *, at::native::<unnamed>::CatArrInputTensorMetadata<T1, T2, T4, T5>, at::native::<unnamed>::TensorSizeStride<T2, (unsigned int)4>, int, T2)"
:BasicsTransformerLM.layers.10,PushPop,30,30,1,1,6722,6722.0,6722.0,6722,6722,0.0,cutlass3x_sm100_simt_sgemm_f32_f32_f32_f32_f32_64x32x16_1x1x1_3_nnn_align1_bias_f32_relu
:BasicsTransformerLM.layers.10,PushPop,30,30,1,2,5474,2737.0,2737.0,2433,3041,429.9,"void at::native::vectorized_elementwise_kernel<(int)4, at::native::BinaryFunctor<float, float, float, at::native::binary_internal::MulFunctor<float>>, std::array<char *, (unsigned long)3>>(int, T2, T3)"
:BasicsTransformerLM.layers.10,PushPop,30,30,1,1,4162,4162.0,4162.0,4162,4162,0.0,"void at::native::reduce_kernel<(int)512, (int)1, at::native::ReduceOp<float, at::native::MaxOps<float>, unsigned int, float, (int)4, (int)4>>(T3)"
:BasicsTransformerLM.layers.10,PushPop,30,30,1,1,3457,3457.0,3457.0,3457,3457,0.0,"void at::native::elementwise_kernel<(int)128, (int)2, void at::native::gpu_kernel_impl_nocast<at::native::BinaryFunctor<float, float, float, at::native::binary_internal::DivFunctor<float>>>(at::TensorIteratorBase &, const T1 &)::[lambda(int) (instance 1)]>(int, T3)"
:BasicsTransformerLM.layers.10,PushPop,30,30,1,2,3265,1632.5,1632.5,1632,1633,0.7,"void at::native::vectorized_elementwise_kernel<(int)4, void at::native::<unnamed>::pow_tensor_scalar_kernel_impl<float, float>(at::TensorIteratorBase &, T2)::[lambda(float) (instance 1)], std::array<char *, (unsigned long)2>>(int, T2, T3)"
:BasicsTransformerLM.layers.10,PushPop,30,30,1,1,3201,3201.0,3201.0,3201,3201,0.0,"void at::native::elementwise_kernel<(int)128, (int)2, void at::native::gpu_kernel_impl_nocast<at::native::<unnamed>::where_kernel_impl(at::TensorIterator &)::[lambda() (instance 1)]::operator ()() const::[lambda() (instance 11)]::operator ()() const::[lambda(bool, float, float) (instance 1)]>(at::TensorIteratorBase &, const T1 &)::[lambda(int) (instance 1)]>(int, T3)"
:BasicsTransformerLM.layers.10,PushPop,30,30,1,1,2913,2913.0,2913.0,2913,2913,0.0,"void at::native::elementwise_kernel<(int)128, (int)2, void at::native::gpu_kernel_impl_nocast<at::native::CUDAFunctor_add<float>>(at::TensorIteratorBase &, const T1 &)::[lambda(int) (instance 1)]>(int, T3)"
:BasicsTransformerLM.layers.10,PushPop,30,30,1,1,2913,2913.0,2913.0,2913,2913,0.0,"void at::native::vectorized_elementwise_kernel<(int)4, at::native::sigmoid_kernel_cuda(at::TensorIteratorBase &)::[lambda() (instance 2)]::operator ()() const::[lambda() (instance 2)]::operator ()() const::[lambda(float) (instance 1)], std::array<char *, (unsigned long)2>>(int, T2, T3)"
:BasicsTransformerLM.layers.10,PushPop,30,30,1,1,2849,2849.0,2849.0,2849,2849,0.0,"void at::native::reduce_kernel<(int)512, (int)1, at::native::ReduceOp<float, at::native::func_wrapper_t<float, at::native::sum_functor<float, float, float>::operator ()(at::TensorIterator &)::[lambda(float, float) (instance 1)]>, unsigned int, float, (int)4, (int)4>>(T3)"
:BasicsTransformerLM.layers.10,PushPop,30,30,1,1,2529,2529.0,2529.0,2529,2529,0.0,"void at::native::elementwise_kernel<(int)128, (int)2, void at::native::gpu_kernel_impl_nocast<at::native::direct_copy_kernel_cuda(at::TensorIteratorBase &)::[lambda() (instance 3)]::operator ()() const::[lambda() (instance 7)]::operator ()() const::[lambda(float) (instance 1)]>(at::TensorIteratorBase &, const T1 &)::[lambda(int) (instance 1)]>(int, T3)"
:BasicsTransformerLM.layers.10,PushPop,30,30,1,2,2498,1249.0,1249.0,1121,1377,181.0,"void at::native::vectorized_elementwise_kernel<(int)4, at::native::CUDAFunctorOnSelf_add<float>, std::array<char *, (unsigned long)2>>(int, T2, T3)"
:BasicsTransformerLM.layers.10,PushPop,30,30,1,2,2497,1248.5,1248.5,1056,1441,272.2,"void at::native::vectorized_elementwise_kernel<(int)4, at::native::rsqrt_kernel_cuda(at::TensorIteratorBase &)::[lambda() (instance 2)]::operator ()() const::[lambda() (instance 2)]::operator ()() const::[lambda(float) (instance 1)], std::array<char *, (unsigned long)2>>(int, T2, T3)"
:BasicsTransformerLM.layers.10,PushPop,30,30,1,1,2368,2368.0,2368.0,2368,2368,0.0,"void at::native::elementwise_kernel<(int)128, (int)4, void at::native::gpu_kernel_impl_nocast<at::native::<unnamed>::CompareFunctor<long>>(at::TensorIteratorBase &, const T1 &)::[lambda(int) (instance 1)]>(int, T3)"
:BasicsTransformerLM.layers.10,PushPop,30,30,1,1,1984,1984.0,1984.0,1984,1984,0.0,"void at::native::vectorized_elementwise_kernel<(int)4, at::native::exp_kernel_cuda(at::TensorIteratorBase &)::[lambda() (instance 2)]::operator ()() const::[lambda() (instance 2)]::operator ()() const::[lambda(float) (instance 1)], std::array<char *, (unsigned long)2>>(int, T2, T3)"
:BasicsTransformerLM.layers.10,PushPop,30,30,1,1,1888,1888.0,1888.0,1888,1888,0.0,"void at::native::vectorized_elementwise_kernel<(int)4, at::native::BUnaryFunctor<float, float, float, at::native::binary_internal::MulFunctor<float>>, std::array<char *, (unsigned long)2>>(int, T2, T3)"
:BasicsTransformerLM.layers.10,PushPop,30,30,1,1,832,832.0,832.0,832,832,0.0,"void at::native::vectorized_elementwise_kernel<(int)4, at::native::FillFunctor<float>, std::array<char *, (unsigned long)1>>(int, T2, T3)"
:BasicsTransformerLM.layers.10,PushPop,30,30,1,1,736,736.0,736.0,736,736,0.0,"void <unnamed>::elementwise_kernel_with_index<int, at::native::arange_cuda_out(const c10::Scalar &, const c10::Scalar &, const c10::Scalar &, at::Tensor &)::[lambda() (instance 1)]::operator ()() const::[lambda() (instance 4)]::operator ()() const::[lambda(long) (instance 1)]>(T1, T2, function_traits<T2>::result_type *)"
:BasicsTransformerLM.layers.10.attn,PushPop,30,30,1,5,286685,57337.0,70422.0,5218,70679,29136.6,cutlass3x_sm100_simt_sgemm_f32_f32_f32_f32_f32_64x32x16_1x1x1_3_tnn_align1_bias_f32_relu
:BasicsTransformerLM.layers.10.attn,PushPop,30,30,1,8,16360,2045.0,1921.0,1889,2433,199.8,"void at::native::elementwise_kernel<(int)128, (int)2, void at::native::gpu_kernel_impl_nocast<at::native::BinaryFunctor<float, float, float, at::native::binary_internal::MulFunctor<float>>>(at::TensorIteratorBase &, const T1 &)::[lambda(int) (instance 1)]>(int, T3)"
:BasicsTransformerLM.layers.10.attn,PushPop,30,30,1,2,8610,4305.0,4305.0,4225,4385,113.1,"void at::native::<unnamed>::CatArrayBatchedCopy<at::native::<unnamed>::OpaqueType<(unsigned int)4>, unsigned int, (int)4, (int)64, (int)64>(T1 *, at::native::<unnamed>::CatArrInputTensorMetadata<T1, T2, T4, T5>, at::native::<unnamed>::TensorSizeStride<T2, (unsigned int)4>, int, T2)"
:BasicsTransformerLM.layers.10.attn,PushPop,30,30,1,1,6722,6722.0,6722.0,6722,6722,0.0,cutlass3x_sm100_simt_sgemm_f32_f32_f32_f32_f32_64x32x16_1x1x1_3_nnn_align1_bias_f32_relu
:BasicsTransformerLM.layers.10.attn,PushPop,30,30,1,4,6432,1608.0,1584.0,1536,1728,84.2,"void at::native::vectorized_elementwise_kernel<(int)4, at::native::CUDAFunctor_add<float>, std::array<char *, (unsigned long)3>>(int, T2, T3)"
:BasicsTransformerLM.layers.10.attn,PushPop,30,30,1,1,4162,4162.0,4162.0,4162,4162,0.0,"void at::native::reduce_kernel<(int)512, (int)1, at::native::ReduceOp<float, at::native::MaxOps<float>, unsigned int, float, (int)4, (int)4>>(T3)"
:BasicsTransformerLM.layers.10.attn,PushPop,30,30,1,1,3457,3457.0,3457.0,3457,3457,0.0,"void at::native::elementwise_kernel<(int)128, (int)2, void at::native::gpu_kernel_impl_nocast<at::native::BinaryFunctor<float, float, float, at::native::binary_internal::DivFunctor<float>>>(at::TensorIteratorBase &, const T1 &)::[lambda(int) (instance 1)]>(int, T3)"
:BasicsTransformerLM.layers.10.attn,PushPop,30,30,1,1,3201,3201.0,3201.0,3201,3201,0.0,"void at::native::elementwise_kernel<(int)128, (int)2, void at::native::gpu_kernel_impl_nocast<at::native::<unnamed>::where_kernel_impl(at::TensorIterator &)::[lambda() (instance 1)]::operator ()() const::[lambda() (instance 11)]::operator ()() const::[lambda(bool, float, float) (instance 1)]>(at::TensorIteratorBase &, const T1 &)::[lambda(int) (instance 1)]>(int, T3)"
:BasicsTransformerLM.layers.10.attn,PushPop,30,30,1,1,2913,2913.0,2913.0,2913,2913,0.0,"void at::native::elementwise_kernel<(int)128, (int)2, void at::native::gpu_kernel_impl_nocast<at::native::CUDAFunctor_add<float>>(at::TensorIteratorBase &, const T1 &)::[lambda(int) (instance 1)]>(int, T3)"
:BasicsTransformerLM.layers.10.attn,PushPop,30,30,1,1,2849,2849.0,2849.0,2849,2849,0.0,"void at::native::reduce_kernel<(int)512, (int)1, at::native::ReduceOp<float, at::native::func_wrapper_t<float, at::native::sum_functor<float, float, float>::operator ()(at::TensorIterator &)::[lambda(float, float) (instance 1)]>, unsigned int, float, (int)4, (int)4>>(T3)"
:BasicsTransformerLM.layers.10.attn,PushPop,30,30,1,1,2529,2529.0,2529.0,2529,2529,0.0,"void at::native::elementwise_kernel<(int)128, (int)2, void at::native::gpu_kernel_impl_nocast<at::native::direct_copy_kernel_cuda(at::TensorIteratorBase &)::[lambda() (instance 3)]::operator ()() const::[lambda() (instance 7)]::operator ()() const::[lambda(float) (instance 1)]>(at::TensorIteratorBase &, const T1 &)::[lambda(int) (instance 1)]>(int, T3)"
:BasicsTransformerLM.layers.10.attn,PushPop,30,30,1,1,2368,2368.0,2368.0,2368,2368,0.0,"void at::native::elementwise_kernel<(int)128, (int)4, void at::native::gpu_kernel_impl_nocast<at::native::<unnamed>::CompareFunctor<long>>(at::TensorIteratorBase &, const T1 &)::[lambda(int) (instance 1)]>(int, T3)"
:BasicsTransformerLM.layers.10.attn,PushPop,30,30,1,1,1984,1984.0,1984.0,1984,1984,0.0,"void at::native::vectorized_elementwise_kernel<(int)4, at::native::exp_kernel_cuda(at::TensorIteratorBase &)::[lambda() (instance 2)]::operator ()() const::[lambda() (instance 2)]::operator ()() const::[lambda(float) (instance 1)], std::array<char *, (unsigned long)2>>(int, T2, T3)"
:BasicsTransformerLM.layers.10.attn,PushPop,30,30,1,1,1888,1888.0,1888.0,1888,1888,0.0,"void at::native::vectorized_elementwise_kernel<(int)4, at::native::BUnaryFunctor<float, float, float, at::native::binary_internal::MulFunctor<float>>, std::array<char *, (unsigned long)2>>(int, T2, T3)"
:BasicsTransformerLM.layers.10.attn,PushPop,30,30,1,1,832,832.0,832.0,832,832,0.0,"void at::native::vectorized_elementwise_kernel<(int)4, at::native::FillFunctor<float>, std::array<char *, (unsigned long)1>>(int, T2, T3)"
:BasicsTransformerLM.layers.10.attn,PushPop,30,30,1,1,736,736.0,736.0,736,736,0.0,"void <unnamed>::elementwise_kernel_with_index<int, at::native::arange_cuda_out(const c10::Scalar &, const c10::Scalar &, const c10::Scalar &, at::Tensor &)::[lambda() (instance 1)]::operator ()() const::[lambda() (instance 4)]::operator ()() const::[lambda(long) (instance 1)]>(T1, T2, function_traits<T2>::result_type *)"
:BasicsTransformerLM.layers.10.attn.k_proj,PushPop,30,30,1,1,70422,70422.0,70422.0,70422,70422,0.0,cutlass3x_sm100_simt_sgemm_f32_f32_f32_f32_f32_64x32x16_1x1x1_3_tnn_align1_bias_f32_relu
:BasicsTransformerLM.layers.10.attn.output_proj,PushPop,30,30,1,1,70423,70423.0,70423.0,70423,70423,0.0,cutlass3x_sm100_simt_sgemm_f32_f32_f32_f32_f32_64x32x16_1x1x1_3_tnn_align1_bias_f32_relu
:BasicsTransformerLM.layers.10.attn.q_proj,PushPop,30,30,1,1,69943,69943.0,69943.0,69943,69943,0.0,cutlass3x_sm100_simt_sgemm_f32_f32_f32_f32_f32_64x32x16_1x1x1_3_tnn_align1_bias_f32_relu
:BasicsTransformerLM.layers.10.attn.v_proj,PushPop,30,30,1,1,70679,70679.0,70679.0,70679,70679,0.0,cutlass3x_sm100_simt_sgemm_f32_f32_f32_f32_f32_64x32x16_1x1x1_3_tnn_align1_bias_f32_relu
:BasicsTransformerLM.layers.10.ffn,PushPop,30,30,1,3,653171,217723.7,187869.0,187260,278042,52238.1,cutlass3x_sm100_simt_sgemm_f32_f32_f32_f32_f32_64x32x16_1x1x1_3_tnn_align1_bias_f32_relu
:BasicsTransformerLM.layers.10.ffn,PushPop,30,30,1,2,5474,2737.0,2737.0,2433,3041,429.9,"void at::native::vectorized_elementwise_kernel<(int)4, at::native::BinaryFunctor<float, float, float, at::native::binary_internal::MulFunctor<float>>, std::array<char *, (unsigned long)3>>(int, T2, T3)"
:BasicsTransformerLM.layers.10.ffn,PushPop,30,30,1,1,2913,2913.0,2913.0,2913,2913,0.0,"void at::native::vectorized_elementwise_kernel<(int)4, at::native::sigmoid_kernel_cuda(at::TensorIteratorBase &)::[lambda() (instance 2)]::operator ()() const::[lambda() (instance 2)]::operator ()() const::[lambda(float) (instance 1)], std::array<char *, (unsigned long)2>>(int, T2, T3)"
:BasicsTransformerLM.layers.10.ffn.w1,PushPop,30,30,1,1,187869,187869.0,187869.0,187869,187869,0.0,cutlass3x_sm100_simt_sgemm_f32_f32_f32_f32_f32_64x32x16_1x1x1_3_tnn_align1_bias_f32_relu
:BasicsTransformerLM.layers.10.ffn.w2,PushPop,30,30,1,1,278042,278042.0,278042.0,278042,278042,0.0,cutlass3x_sm100_simt_sgemm_f32_f32_f32_f32_f32_64x32x16_1x1x1_3_tnn_align1_bias_f32_relu
:BasicsTransformerLM.layers.10.ffn.w3,PushPop,30,30,1,1,187260,187260.0,187260.0,187260,187260,0.0,cutlass3x_sm100_simt_sgemm_f32_f32_f32_f32_f32_64x32x16_1x1x1_3_tnn_align1_bias_f32_relu
:BasicsTransformerLM.layers.10.ln1,PushPop,30,30,1,1,8483,8483.0,8483.0,8483,8483,0.0,"void at::native::reduce_kernel<(int)512, (int)1, at::native::ReduceOp<float, at::native::MeanOps<float, float, float, float>, unsigned int, float, (int)4, (int)4>>(T3)"
:BasicsTransformerLM.layers.10.ln1,PushPop,30,30,1,2,4866,2433.0,2433.0,2433,2433,0.0,"void at::native::elementwise_kernel<(int)128, (int)2, void at::native::gpu_kernel_impl_nocast<at::native::BinaryFunctor<float, float, float, at::native::binary_internal::MulFunctor<float>>>(at::TensorIteratorBase &, const T1 &)::[lambda(int) (instance 1)]>(int, T3)"
:BasicsTransformerLM.layers.10.ln1,PushPop,30,30,1,1,1633,1633.0,1633.0,1633,1633,0.0,"void at::native::vectorized_elementwise_kernel<(int)4, void at::native::<unnamed>::pow_tensor_scalar_kernel_impl<float, float>(at::TensorIteratorBase &, T2)::[lambda(float) (instance 1)], std::array<char *, (unsigned long)2>>(int, T2, T3)"
:BasicsTransformerLM.layers.10.ln1,PushPop,30,30,1,1,1441,1441.0,1441.0,1441,1441,0.0,"void at::native::vectorized_elementwise_kernel<(int)4, at::native::rsqrt_kernel_cuda(at::TensorIteratorBase &)::[lambda() (instance 2)]::operator ()() const::[lambda() (instance 2)]::operator ()() const::[lambda(float) (instance 1)], std::array<char *, (unsigned long)2>>(int, T2, T3)"
:BasicsTransformerLM.layers.10.ln1,PushPop,30,30,1,1,1377,1377.0,1377.0,1377,1377,0.0,"void at::native::vectorized_elementwise_kernel<(int)4, at::native::CUDAFunctorOnSelf_add<float>, std::array<char *, (unsigned long)2>>(int, T2, T3)"
:BasicsTransformerLM.layers.10.ln2,PushPop,30,30,1,1,8419,8419.0,8419.0,8419,8419,0.0,"void at::native::reduce_kernel<(int)512, (int)1, at::native::ReduceOp<float, at::native::MeanOps<float, float, float, float>, unsigned int, float, (int)4, (int)4>>(T3)"
:BasicsTransformerLM.layers.10.ln2,PushPop,30,30,1,2,5025,2512.5,2512.5,2465,2560,67.2,"void at::native::elementwise_kernel<(int)128, (int)2, void at::native::gpu_kernel_impl_nocast<at::native::BinaryFunctor<float, float, float, at::native::binary_internal::MulFunctor<float>>>(at::TensorIteratorBase &, const T1 &)::[lambda(int) (instance 1)]>(int, T3)"
:BasicsTransformerLM.layers.10.ln2,PushPop,30,30,1,1,1632,1632.0,1632.0,1632,1632,0.0,"void at::native::vectorized_elementwise_kernel<(int)4, void at::native::<unnamed>::pow_tensor_scalar_kernel_impl<float, float>(at::TensorIteratorBase &, T2)::[lambda(float) (instance 1)], std::array<char *, (unsigned long)2>>(int, T2, T3)"
:BasicsTransformerLM.layers.10.ln2,PushPop,30,30,1,1,1121,1121.0,1121.0,1121,1121,0.0,"void at::native::vectorized_elementwise_kernel<(int)4, at::native::CUDAFunctorOnSelf_add<float>, std::array<char *, (unsigned long)2>>(int, T2, T3)"
:BasicsTransformerLM.layers.10.ln2,PushPop,30,30,1,1,1056,1056.0,1056.0,1056,1056,0.0,"void at::native::vectorized_elementwise_kernel<(int)4, at::native::rsqrt_kernel_cuda(at::TensorIteratorBase &)::[lambda() (instance 2)]::operator ()() const::[lambda() (instance 2)]::operator ()() const::[lambda(float) (instance 1)], std::array<char *, (unsigned long)2>>(int, T2, T3)"
:BasicsTransformerLM.layers.11,PushPop,30,30,1,8,941008,117626.0,70727.0,5154,279898,90631.1,cutlass3x_sm100_simt_sgemm_f32_f32_f32_f32_f32_64x32x16_1x1x1_3_tnn_align1_bias_f32_relu
:BasicsTransformerLM.layers.11,PushPop,30,30,1,12,26984,2248.7,2208.5,1888,2689,301.8,"void at::native::elementwise_kernel<(int)128, (int)2, void at::native::gpu_kernel_impl_nocast<at::native::BinaryFunctor<float, float, float, at::native::binary_internal::MulFunctor<float>>>(at::TensorIteratorBase &, const T1 &)::[lambda(int) (instance 1)]>(int, T3)"
:BasicsTransformerLM.layers.11,PushPop,30,30,1,2,17030,8515.0,8515.0,8355,8675,226.3,"void at::native::reduce_kernel<(int)512, (int)1, at::native::ReduceOp<float, at::native::MeanOps<float, float, float, float>, unsigned int, float, (int)4, (int)4>>(T3)"
:BasicsTransformerLM.layers.11,PushPop,30,30,1,6,10786,1797.7,1728.5,1568,2209,259.8,"void at::native::vectorized_elementwise_kernel<(int)4, at::native::CUDAFunctor_add<float>, std::array<char *, (unsigned long)3>>(int, T2, T3)"
:BasicsTransformerLM.layers.11,PushPop,30,30,1,2,8548,4274.0,4274.0,4194,4354,113.1,"void at::native::<unnamed>::CatArrayBatchedCopy<at::native::<unnamed>::OpaqueType<(unsigned int)4>, unsigned int, (int)4, (int)64, (int)64>(T1 *, at::native::<unnamed>::CatArrInputTensorMetadata<T1, T2, T4, T5>, at::native::<unnamed>::TensorSizeStride<T2, (unsigned int)4>, int, T2)"
:BasicsTransformerLM.layers.11,PushPop,30,30,1,1,6819,6819.0,6819.0,6819,6819,0.0,cutlass3x_sm100_simt_sgemm_f32_f32_f32_f32_f32_64x32x16_1x1x1_3_nnn_align1_bias_f32_relu
:BasicsTransformerLM.layers.11,PushPop,30,30,1,2,5538,2769.0,2769.0,2433,3105,475.2,"void at::native::vectorized_elementwise_kernel<(int)4, at::native::BinaryFunctor<float, float, float, at::native::binary_internal::MulFunctor<float>>, std::array<char *, (unsigned long)3>>(int, T2, T3)"
:BasicsTransformerLM.layers.11,PushPop,30,30,1,1,4097,4097.0,4097.0,4097,4097,0.0,"void at::native::reduce_kernel<(int)512, (int)1, at::native::ReduceOp<float, at::native::MaxOps<float>, unsigned int, float, (int)4, (int)4>>(T3)"
:BasicsTransformerLM.layers.11,PushPop,30,30,1,1,3426,3426.0,3426.0,3426,3426,0.0,"void at::native::elementwise_kernel<(int)128, (int)2, void at::native::gpu_kernel_impl_nocast<at::native::BinaryFunctor<float, float, float, at::native::binary_internal::DivFunctor<float>>>(at::TensorIteratorBase &, const T1 &)::[lambda(int) (instance 1)]>(int, T3)"
:BasicsTransformerLM.layers.11,PushPop,30,30,1,2,3296,1648.0,1648.0,1632,1664,22.6,"void at::native::vectorized_elementwise_kernel<(int)4, void at::native::<unnamed>::pow_tensor_scalar_kernel_impl<float, float>(at::TensorIteratorBase &, T2)::[lambda(float) (instance 1)], std::array<char *, (unsigned long)2>>(int, T2, T3)"
:BasicsTransformerLM.layers.11,PushPop,30,30,1,1,3169,3169.0,3169.0,3169,3169,0.0,"void at::native::elementwise_kernel<(int)128, (int)2, void at::native::gpu_kernel_impl_nocast<at::native::<unnamed>::where_kernel_impl(at::TensorIterator &)::[lambda() (instance 1)]::operator ()() const::[lambda() (instance 11)]::operator ()() const::[lambda(bool, float, float) (instance 1)]>(at::TensorIteratorBase &, const T1 &)::[lambda(int) (instance 1)]>(int, T3)"
:BasicsTransformerLM.layers.11,PushPop,30,30,1,1,3073,3073.0,3073.0,3073,3073,0.0,"void at::native::vectorized_elementwise_kernel<(int)4, at::native::sigmoid_kernel_cuda(at::TensorIteratorBase &)::[lambda() (instance 2)]::operator ()() const::[lambda() (instance 2)]::operator ()() const::[lambda(float) (instance 1)], std::array<char *, (unsigned long)2>>(int, T2, T3)"
:BasicsTransformerLM.layers.11,PushPop,30,30,1,1,2945,2945.0,2945.0,2945,2945,0.0,"void at::native::elementwise_kernel<(int)128, (int)2, void at::native::gpu_kernel_impl_nocast<at::native::CUDAFunctor_add<float>>(at::TensorIteratorBase &, const T1 &)::[lambda(int) (instance 1)]>(int, T3)"
:BasicsTransformerLM.layers.11,PushPop,30,30,1,1,2817,2817.0,2817.0,2817,2817,0.0,"void at::native::reduce_kernel<(int)512, (int)1, at::native::ReduceOp<float, at::native::func_wrapper_t<float, at::native::sum_functor<float, float, float>::operator ()(at::TensorIterator &)::[lambda(float, float) (instance 1)]>, unsigned int, float, (int)4, (int)4>>(T3)"
:BasicsTransformerLM.layers.11,PushPop,30,30,1,1,2753,2753.0,2753.0,2753,2753,0.0,"void at::native::elementwise_kernel<(int)128, (int)2, void at::native::gpu_kernel_impl_nocast<at::native::direct_copy_kernel_cuda(at::TensorIteratorBase &)::[lambda() (instance 3)]::operator ()() const::[lambda() (instance 7)]::operator ()() const::[lambda(float) (instance 1)]>(at::TensorIteratorBase &, const T1 &)::[lambda(int) (instance 1)]>(int, T3)"
:BasicsTransformerLM.layers.11,PushPop,30,30,1,2,2433,1216.5,1216.5,1152,1281,91.2,"void at::native::vectorized_elementwise_kernel<(int)4, at::native::CUDAFunctorOnSelf_add<float>, std::array<char *, (unsigned long)2>>(int, T2, T3)"
:BasicsTransformerLM.layers.11,PushPop,30,30,1,2,2337,1168.5,1168.5,1057,1280,157.7,"void at::native::vectorized_elementwise_kernel<(int)4, at::native::rsqrt_kernel_cuda(at::TensorIteratorBase &)::[lambda() (instance 2)]::operator ()() const::[lambda() (instance 2)]::operator ()() const::[lambda(float) (instance 1)], std::array<char *, (unsigned long)2>>(int, T2, T3)"
:BasicsTransformerLM.layers.11,PushPop,30,30,1,1,2273,2273.0,2273.0,2273,2273,0.0,"void at::native::elementwise_kernel<(int)128, (int)4, void at::native::gpu_kernel_impl_nocast<at::native::<unnamed>::CompareFunctor<long>>(at::TensorIteratorBase &, const T1 &)::[lambda(int) (instance 1)]>(int, T3)"
:BasicsTransformerLM.layers.11,PushPop,30,30,1,1,1952,1952.0,1952.0,1952,1952,0.0,"void at::native::vectorized_elementwise_kernel<(int)4, at::native::exp_kernel_cuda(at::TensorIteratorBase &)::[lambda() (instance 2)]::operator ()() const::[lambda() (instance 2)]::operator ()() const::[lambda(float) (instance 1)], std::array<char *, (unsigned long)2>>(int, T2, T3)"
:BasicsTransformerLM.layers.11,PushPop,30,30,1,1,1889,1889.0,1889.0,1889,1889,0.0,"void at::native::vectorized_elementwise_kernel<(int)4, at::native::BUnaryFunctor<float, float, float, at::native::binary_internal::MulFunctor<float>>, std::array<char *, (unsigned long)2>>(int, T2, T3)"
:BasicsTransformerLM.layers.11,PushPop,30,30,1,1,800,800.0,800.0,800,800,0.0,"void at::native::vectorized_elementwise_kernel<(int)4, at::native::FillFunctor<float>, std::array<char *, (unsigned long)1>>(int, T2, T3)"
:BasicsTransformerLM.layers.11,PushPop,30,30,1,1,736,736.0,736.0,736,736,0.0,"void <unnamed>::elementwise_kernel_with_index<int, at::native::arange_cuda_out(const c10::Scalar &, const c10::Scalar &, const c10::Scalar &, at::Tensor &)::[lambda() (instance 1)]::operator ()() const::[lambda() (instance 4)]::operator ()() const::[lambda(long) (instance 1)]>(T1, T2, function_traits<T2>::result_type *)"
:BasicsTransformerLM.layers.11.attn,PushPop,30,30,1,5,287101,57420.2,70327.0,5154,70775,29218.8,cutlass3x_sm100_simt_sgemm_f32_f32_f32_f32_f32_64x32x16_1x1x1_3_tnn_align1_bias_f32_relu
:BasicsTransformerLM.layers.11.attn,PushPop,30,30,1,8,16836,2104.5,1969.0,1888,2689,266.2,"void at::native::elementwise_kernel<(int)128, (int)2, void at::native::gpu_kernel_impl_nocast<at::native::BinaryFunctor<float, float, float, at::native::binary_internal::MulFunctor<float>>>(at::TensorIteratorBase &, const T1 &)::[lambda(int) (instance 1)]>(int, T3)"
:BasicsTransformerLM.layers.11.attn,PushPop,30,30,1,2,8548,4274.0,4274.0,4194,4354,113.1,"void at::native::<unnamed>::CatArrayBatchedCopy<at::native::<unnamed>::OpaqueType<(unsigned int)4>, unsigned int, (int)4, (int)64, (int)64>(T1 *, at::native::<unnamed>::CatArrInputTensorMetadata<T1, T2, T4, T5>, at::native::<unnamed>::TensorSizeStride<T2, (unsigned int)4>, int, T2)"
:BasicsTransformerLM.layers.11.attn,PushPop,30,30,1,1,6819,6819.0,6819.0,6819,6819,0.0,cutlass3x_sm100_simt_sgemm_f32_f32_f32_f32_f32_64x32x16_1x1x1_3_nnn_align1_bias_f32_relu
:BasicsTransformerLM.layers.11.attn,PushPop,30,30,1,4,6593,1648.3,1600.0,1568,1825,121.6,"void at::native::vectorized_elementwise_kernel<(int)4, at::native::CUDAFunctor_add<float>, std::array<char *, (unsigned long)3>>(int, T2, T3)"
:BasicsTransformerLM.layers.11.attn,PushPop,30,30,1,1,4097,4097.0,4097.0,4097,4097,0.0,"void at::native::reduce_kernel<(int)512, (int)1, at::native::ReduceOp<float, at::native::MaxOps<float>, unsigned int, float, (int)4, (int)4>>(T3)"
:BasicsTransformerLM.layers.11.attn,PushPop,30,30,1,1,3426,3426.0,3426.0,3426,3426,0.0,"void at::native::elementwise_kernel<(int)128, (int)2, void at::native::gpu_kernel_impl_nocast<at::native::BinaryFunctor<float, float, float, at::native::binary_internal::DivFunctor<float>>>(at::TensorIteratorBase &, const T1 &)::[lambda(int) (instance 1)]>(int, T3)"
:BasicsTransformerLM.layers.11.attn,PushPop,30,30,1,1,3169,3169.0,3169.0,3169,3169,0.0,"void at::native::elementwise_kernel<(int)128, (int)2, void at::native::gpu_kernel_impl_nocast<at::native::<unnamed>::where_kernel_impl(at::TensorIterator &)::[lambda() (instance 1)]::operator ()() const::[lambda() (instance 11)]::operator ()() const::[lambda(bool, float, float) (instance 1)]>(at::TensorIteratorBase &, const T1 &)::[lambda(int) (instance 1)]>(int, T3)"
:BasicsTransformerLM.layers.11.attn,PushPop,30,30,1,1,2945,2945.0,2945.0,2945,2945,0.0,"void at::native::elementwise_kernel<(int)128, (int)2, void at::native::gpu_kernel_impl_nocast<at::native::CUDAFunctor_add<float>>(at::TensorIteratorBase &, const T1 &)::[lambda(int) (instance 1)]>(int, T3)"
:BasicsTransformerLM.layers.11.attn,PushPop,30,30,1,1,2817,2817.0,2817.0,2817,2817,0.0,"void at::native::reduce_kernel<(int)512, (int)1, at::native::ReduceOp<float, at::native::func_wrapper_t<float, at::native::sum_functor<float, float, float>::operator ()(at::TensorIterator &)::[lambda(float, float) (instance 1)]>, unsigned int, float, (int)4, (int)4>>(T3)"
:BasicsTransformerLM.layers.11.attn,PushPop,30,30,1,1,2753,2753.0,2753.0,2753,2753,0.0,"void at::native::elementwise_kernel<(int)128, (int)2, void at::native::gpu_kernel_impl_nocast<at::native::direct_copy_kernel_cuda(at::TensorIteratorBase &)::[lambda() (instance 3)]::operator ()() const::[lambda() (instance 7)]::operator ()() const::[lambda(float) (instance 1)]>(at::TensorIteratorBase &, const T1 &)::[lambda(int) (instance 1)]>(int, T3)"
:BasicsTransformerLM.layers.11.attn,PushPop,30,30,1,1,2273,2273.0,2273.0,2273,2273,0.0,"void at::native::elementwise_kernel<(int)128, (int)4, void at::native::gpu_kernel_impl_nocast<at::native::<unnamed>::CompareFunctor<long>>(at::TensorIteratorBase &, const T1 &)::[lambda(int) (instance 1)]>(int, T3)"
:BasicsTransformerLM.layers.11.attn,PushPop,30,30,1,1,1952,1952.0,1952.0,1952,1952,0.0,"void at::native::vectorized_elementwise_kernel<(int)4, at::native::exp_kernel_cuda(at::TensorIteratorBase &)::[lambda() (instance 2)]::operator ()() const::[lambda() (instance 2)]::operator ()() const::[lambda(float) (instance 1)], std::array<char *, (unsigned long)2>>(int, T2, T3)"
:BasicsTransformerLM.layers.11.attn,PushPop,30,30,1,1,1889,1889.0,1889.0,1889,1889,0.0,"void at::native::vectorized_elementwise_kernel<(int)4, at::native::BUnaryFunctor<float, float, float, at::native::binary_internal::MulFunctor<float>>, std::array<char *, (unsigned long)2>>(int, T2, T3)"
:BasicsTransformerLM.layers.11.attn,PushPop,30,30,1,1,800,800.0,800.0,800,800,0.0,"void at::native::vectorized_elementwise_kernel<(int)4, at::native::FillFunctor<float>, std::array<char *, (unsigned long)1>>(int, T2, T3)"
:BasicsTransformerLM.layers.11.attn,PushPop,30,30,1,1,736,736.0,736.0,736,736,0.0,"void <unnamed>::elementwise_kernel_with_index<int, at::native::arange_cuda_out(const c10::Scalar &, const c10::Scalar &, const c10::Scalar &, at::Tensor &)::[lambda() (instance 1)]::operator ()() const::[lambda() (instance 4)]::operator ()() const::[lambda(long) (instance 1)]>(T1, T2, function_traits<T2>::result_type *)"
:BasicsTransformerLM.layers.11.attn.k_proj,PushPop,30,30,1,1,70327,70327.0,70327.0,70327,70327,0.0,cutlass3x_sm100_simt_sgemm_f32_f32_f32_f32_f32_64x32x16_1x1x1_3_tnn_align1_bias_f32_relu
:BasicsTransformerLM.layers.11.attn.output_proj,PushPop,30,30,1,1,70679,70679.0,70679.0,70679,70679,0.0,cutlass3x_sm100_simt_sgemm_f32_f32_f32_f32_f32_64x32x16_1x1x1_3_tnn_align1_bias_f32_relu
:BasicsTransformerLM.layers.11.attn.q_proj,PushPop,30,30,1,1,70166,70166.0,70166.0,70166,70166,0.0,cutlass3x_sm100_simt_sgemm_f32_f32_f32_f32_f32_64x32x16_1x1x1_3_tnn_align1_bias_f32_relu
:BasicsTransformerLM.layers.11.attn.v_proj,PushPop,30,30,1,1,70775,70775.0,70775.0,70775,70775,0.0,cutlass3x_sm100_simt_sgemm_f32_f32_f32_f32_f32_64x32x16_1x1x1_3_tnn_align1_bias_f32_relu
:BasicsTransformerLM.layers.11.ffn,PushPop,30,30,1,3,653907,217969.0,187452.0,186557,279898,53634.0,cutlass3x_sm100_simt_sgemm_f32_f32_f32_f32_f32_64x32x16_1x1x1_3_tnn_align1_bias_f32_relu
:BasicsTransformerLM.layers.11.ffn,PushPop,30,30,1,2,5538,2769.0,2769.0,2433,3105,475.2,"void at::native::vectorized_elementwise_kernel<(int)4, at::native::BinaryFunctor<float, float, float, at::native::binary_internal::MulFunctor<float>>, std::array<char *, (unsigned long)3>>(int, T2, T3)"
:BasicsTransformerLM.layers.11.ffn,PushPop,30,30,1,1,3073,3073.0,3073.0,3073,3073,0.0,"void at::native::vectorized_elementwise_kernel<(int)4, at::native::sigmoid_kernel_cuda(at::TensorIteratorBase &)::[lambda() (instance 2)]::operator ()() const::[lambda() (instance 2)]::operator ()() const::[lambda(float) (instance 1)], std::array<char *, (unsigned long)2>>(int, T2, T3)"
:BasicsTransformerLM.layers.11.ffn.w1,PushPop,30,30,1,1,187452,187452.0,187452.0,187452,187452,0.0,cutlass3x_sm100_simt_sgemm_f32_f32_f32_f32_f32_64x32x16_1x1x1_3_tnn_align1_bias_f32_relu
:BasicsTransformerLM.layers.11.ffn.w2,PushPop,30,30,1,1,279898,279898.0,279898.0,279898,279898,0.0,cutlass3x_sm100_simt_sgemm_f32_f32_f32_f32_f32_64x32x16_1x1x1_3_tnn_align1_bias_f32_relu
:BasicsTransformerLM.layers.11.ffn.w3,PushPop,30,30,1,1,186557,186557.0,186557.0,186557,186557,0.0,cutlass3x_sm100_simt_sgemm_f32_f32_f32_f32_f32_64x32x16_1x1x1_3_tnn_align1_bias_f32_relu
:BasicsTransformerLM.layers.11.ln1,PushPop,30,30,1,1,8355,8355.0,8355.0,8355,8355,0.0,"void at::native::reduce_kernel<(int)512, (int)1, at::native::ReduceOp<float, at::native::MeanOps<float, float, float, float>, unsigned int, float, (int)4, (int)4>>(T3)"
:BasicsTransformerLM.layers.11.ln1,PushPop,30,30,1,2,4994,2497.0,2497.0,2497,2497,0.0,"void at::native::elementwise_kernel<(int)128, (int)2, void at::native::gpu_kernel_impl_nocast<at::native::BinaryFunctor<float, float, float, at::native::binary_internal::MulFunctor<float>>>(at::TensorIteratorBase &, const T1 &)::[lambda(int) (instance 1)]>(int, T3)"
:BasicsTransformerLM.layers.11.ln1,PushPop,30,30,1,1,1664,1664.0,1664.0,1664,1664,0.0,"void at::native::vectorized_elementwise_kernel<(int)4, void at::native::<unnamed>::pow_tensor_scalar_kernel_impl<float, float>(at::TensorIteratorBase &, T2)::[lambda(float) (instance 1)], std::array<char *, (unsigned long)2>>(int, T2, T3)"
:BasicsTransformerLM.layers.11.ln1,PushPop,30,30,1,1,1281,1281.0,1281.0,1281,1281,0.0,"void at::native::vectorized_elementwise_kernel<(int)4, at::native::CUDAFunctorOnSelf_add<float>, std::array<char *, (unsigned long)2>>(int, T2, T3)"
:BasicsTransformerLM.layers.11.ln1,PushPop,30,30,1,1,1280,1280.0,1280.0,1280,1280,0.0,"void at::native::vectorized_elementwise_kernel<(int)4, at::native::rsqrt_kernel_cuda(at::TensorIteratorBase &)::[lambda() (instance 2)]::operator ()() const::[lambda() (instance 2)]::operator ()() const::[lambda(float) (instance 1)], std::array<char *, (unsigned long)2>>(int, T2, T3)"
:BasicsTransformerLM.layers.11.ln2,PushPop,30,30,1,1,8675,8675.0,8675.0,8675,8675,0.0,"void at::native::reduce_kernel<(int)512, (int)1, at::native::ReduceOp<float, at::native::MeanOps<float, float, float, float>, unsigned int, float, (int)4, (int)4>>(T3)"
:BasicsTransformerLM.layers.11.ln2,PushPop,30,30,1,2,5154,2577.0,2577.0,2561,2593,22.6,"void at::native::elementwise_kernel<(int)128, (int)2, void at::native::gpu_kernel_impl_nocast<at::native::BinaryFunctor<float, float, float, at::native::binary_internal::MulFunctor<float>>>(at::TensorIteratorBase &, const T1 &)::[lambda(int) (instance 1)]>(int, T3)"
:BasicsTransformerLM.layers.11.ln2,PushPop,30,30,1,1,1632,1632.0,1632.0,1632,1632,0.0,"void at::native::vectorized_elementwise_kernel<(int)4, void at::native::<unnamed>::pow_tensor_scalar_kernel_impl<float, float>(at::TensorIteratorBase &, T2)::[lambda(float) (instance 1)], std::array<char *, (unsigned long)2>>(int, T2, T3)"
:BasicsTransformerLM.layers.11.ln2,PushPop,30,30,1,1,1152,1152.0,1152.0,1152,1152,0.0,"void at::native::vectorized_elementwise_kernel<(int)4, at::native::CUDAFunctorOnSelf_add<float>, std::array<char *, (unsigned long)2>>(int, T2, T3)"
:BasicsTransformerLM.layers.11.ln2,PushPop,30,30,1,1,1057,1057.0,1057.0,1057,1057,0.0,"void at::native::vectorized_elementwise_kernel<(int)4, at::native::rsqrt_kernel_cuda(at::TensorIteratorBase &)::[lambda() (instance 2)]::operator ()() const::[lambda() (instance 2)]::operator ()() const::[lambda(float) (instance 1)], std::array<char *, (unsigned long)2>>(int, T2, T3)"
:BasicsTransformerLM.layers.12,PushPop,30,30,1,8,939473,117434.1,70550.5,5314,278458,90331.6,cutlass3x_sm100_simt_sgemm_f32_f32_f32_f32_f32_64x32x16_1x1x1_3_tnn_align1_bias_f32_relu
:BasicsTransformerLM.layers.12,PushPop,30,30,1,12,26537,2211.4,2225.0,1920,2625,274.7,"void at::native::elementwise_kernel<(int)128, (int)2, void at::native::gpu_kernel_impl_nocast<at::native::BinaryFunctor<float, float, float, at::native::binary_internal::MulFunctor<float>>>(at::TensorIteratorBase &, const T1 &)::[lambda(int) (instance 1)]>(int, T3)"
:BasicsTransformerLM.layers.12,PushPop,30,30,1,2,16710,8355.0,8355.0,8259,8451,135.8,"void at::native::reduce_kernel<(int)512, (int)1, at::native::ReduceOp<float, at::native::MeanOps<float, float, float, float>, unsigned int, float, (int)4, (int)4>>(T3)"
:BasicsTransformerLM.layers.12,PushPop,30,30,1,6,10753,1792.2,1744.0,1504,2081,257.8,"void at::native::vectorized_elementwise_kernel<(int)4, at::native::CUDAFunctor_add<float>, std::array<char *, (unsigned long)3>>(int, T2, T3)"
:BasicsTransformerLM.layers.12,PushPop,30,30,1,2,8546,4273.0,4273.0,4193,4353,113.1,"void at::native::<unnamed>::CatArrayBatchedCopy<at::native::<unnamed>::OpaqueType<(unsigned int)4>, unsigned int, (int)4, (int)64, (int)64>(T1 *, at::native::<unnamed>::CatArrInputTensorMetadata<T1, T2, T4, T5>, at::native::<unnamed>::TensorSizeStride<T2, (unsigned int)4>, int, T2)"
:BasicsTransformerLM.layers.12,PushPop,30,30,1,1,6786,6786.0,6786.0,6786,6786,0.0,cutlass3x_sm100_simt_sgemm_f32_f32_f32_f32_f32_64x32x16_1x1x1_3_nnn_align1_bias_f32_relu
:BasicsTransformerLM.layers.12,PushPop,30,30,1,2,5698,2849.0,2849.0,2497,3201,497.8,"void at::native::vectorized_elementwise_kernel<(int)4, at::native::BinaryFunctor<float, float, float, at::native::binary_internal::MulFunctor<float>>, std::array<char *, (unsigned long)3>>(int, T2, T3)"
:BasicsTransformerLM.layers.12,PushPop,30,30,1,1,4257,4257.0,4257.0,4257,4257,0.0,"void at::native::reduce_kernel<(int)512, (int)1, at::native::ReduceOp<float, at::native::MaxOps<float>, unsigned int, float, (int)4, (int)4>>(T3)"
:BasicsTransformerLM.layers.12,PushPop,30,30,1,1,3457,3457.0,3457.0,3457,3457,0.0,"void at::native::elementwise_kernel<(int)128, (int)2, void at::native::gpu_kernel_impl_nocast<at::native::BinaryFunctor<float, float, float, at::native::binary_internal::DivFunctor<float>>>(at::TensorIteratorBase &, const T1 &)::[lambda(int) (instance 1)]>(int, T3)"
:BasicsTransformerLM.layers.12,PushPop,30,30,1,2,3328,1664.0,1664.0,1632,1696,45.3,"void at::native::vectorized_elementwise_kernel<(int)4, void at::native::<unnamed>::pow_tensor_scalar_kernel_impl<float, float>(at::TensorIteratorBase &, T2)::[lambda(float) (instance 1)], std::array<char *, (unsigned long)2>>(int, T2, T3)"
:BasicsTransformerLM.layers.12,PushPop,30,30,1,1,3297,3297.0,3297.0,3297,3297,0.0,"void at::native::elementwise_kernel<(int)128, (int)2, void at::native::gpu_kernel_impl_nocast<at::native::<unnamed>::where_kernel_impl(at::TensorIterator &)::[lambda() (instance 1)]::operator ()() const::[lambda() (instance 11)]::operator ()() const::[lambda(bool, float, float) (instance 1)]>(at::TensorIteratorBase &, const T1 &)::[lambda(int) (instance 1)]>(int, T3)"
:BasicsTransformerLM.layers.12,PushPop,30,30,1,1,3073,3073.0,3073.0,3073,3073,0.0,"void at::native::vectorized_elementwise_kernel<(int)4, at::native::sigmoid_kernel_cuda(at::TensorIteratorBase &)::[lambda() (instance 2)]::operator ()() const::[lambda() (instance 2)]::operator ()() const::[lambda(float) (instance 1)], std::array<char *, (unsigned long)2>>(int, T2, T3)"
:BasicsTransformerLM.layers.12,PushPop,30,30,1,1,2913,2913.0,2913.0,2913,2913,0.0,"void at::native::elementwise_kernel<(int)128, (int)2, void at::native::gpu_kernel_impl_nocast<at::native::CUDAFunctor_add<float>>(at::TensorIteratorBase &, const T1 &)::[lambda(int) (instance 1)]>(int, T3)"
:BasicsTransformerLM.layers.12,PushPop,30,30,1,1,2849,2849.0,2849.0,2849,2849,0.0,"void at::native::reduce_kernel<(int)512, (int)1, at::native::ReduceOp<float, at::native::func_wrapper_t<float, at::native::sum_functor<float, float, float>::operator ()(at::TensorIterator &)::[lambda(float, float) (instance 1)]>, unsigned int, float, (int)4, (int)4>>(T3)"
:BasicsTransformerLM.layers.12,PushPop,30,30,1,1,2529,2529.0,2529.0,2529,2529,0.0,"void at::native::elementwise_kernel<(int)128, (int)2, void at::native::gpu_kernel_impl_nocast<at::native::direct_copy_kernel_cuda(at::TensorIteratorBase &)::[lambda() (instance 3)]::operator ()() const::[lambda() (instance 7)]::operator ()() const::[lambda(float) (instance 1)]>(at::TensorIteratorBase &, const T1 &)::[lambda(int) (instance 1)]>(int, T3)"
:BasicsTransformerLM.layers.12,PushPop,30,30,1,2,2432,1216.0,1216.0,1120,1312,135.8,"void at::native::vectorized_elementwise_kernel<(int)4, at::native::rsqrt_kernel_cuda(at::TensorIteratorBase &)::[lambda() (instance 2)]::operator ()() const::[lambda() (instance 2)]::operator ()() const::[lambda(float) (instance 1)], std::array<char *, (unsigned long)2>>(int, T2, T3)"
:BasicsTransformerLM.layers.12,PushPop,30,30,1,1,2368,2368.0,2368.0,2368,2368,0.0,"void at::native::elementwise_kernel<(int)128, (int)4, void at::native::gpu_kernel_impl_nocast<at::native::<unnamed>::CompareFunctor<long>>(at::TensorIteratorBase &, const T1 &)::[lambda(int) (instance 1)]>(int, T3)"
:BasicsTransformerLM.layers.12,PushPop,30,30,1,2,2210,1105.0,1105.0,1089,1121,22.6,"void at::native::vectorized_elementwise_kernel<(int)4, at::native::CUDAFunctorOnSelf_add<float>, std::array<char *, (unsigned long)2>>(int, T2, T3)"
:BasicsTransformerLM.layers.12,PushPop,30,30,1,1,1953,1953.0,1953.0,1953,1953,0.0,"void at::native::vectorized_elementwise_kernel<(int)4, at::native::exp_kernel_cuda(at::TensorIteratorBase &)::[lambda() (instance 2)]::operator ()() const::[lambda() (instance 2)]::operator ()() const::[lambda(float) (instance 1)], std::array<char *, (unsigned long)2>>(int, T2, T3)"
:BasicsTransformerLM.layers.12,PushPop,30,30,1,1,1921,1921.0,1921.0,1921,1921,0.0,"void at::native::vectorized_elementwise_kernel<(int)4, at::native::BUnaryFunctor<float, float, float, at::native::binary_internal::MulFunctor<float>>, std::array<char *, (unsigned long)2>>(int, T2, T3)"
:BasicsTransformerLM.layers.12,PushPop,30,30,1,1,800,800.0,800.0,800,800,0.0,"void at::native::vectorized_elementwise_kernel<(int)4, at::native::FillFunctor<float>, std::array<char *, (unsigned long)1>>(int, T2, T3)"
:BasicsTransformerLM.layers.12,PushPop,30,30,1,1,736,736.0,736.0,736,736,0.0,"void <unnamed>::elementwise_kernel_with_index<int, at::native::arange_cuda_out(const c10::Scalar &, const c10::Scalar &, const c10::Scalar &, at::Tensor &)::[lambda() (instance 1)]::operator ()() const::[lambda() (instance 4)]::operator ()() const::[lambda(long) (instance 1)]>(T1, T2, function_traits<T2>::result_type *)"
:BasicsTransformerLM.layers.12.attn,PushPop,30,30,1,5,286589,57317.8,70455.0,5314,70614,29073.1,cutlass3x_sm100_simt_sgemm_f32_f32_f32_f32_f32_64x32x16_1x1x1_3_tnn_align1_bias_f32_relu
:BasicsTransformerLM.layers.12.attn,PushPop,30,30,1,8,16487,2060.9,1937.0,1920,2401,194.3,"void at::native::elementwise_kernel<(int)128, (int)2, void at::native::gpu_kernel_impl_nocast<at::native::BinaryFunctor<float, float, float, at::native::binary_internal::MulFunctor<float>>>(at::TensorIteratorBase &, const T1 &)::[lambda(int) (instance 1)]>(int, T3)"
:BasicsTransformerLM.layers.12.attn,PushPop,30,30,1,2,8546,4273.0,4273.0,4193,4353,113.1,"void at::native::<unnamed>::CatArrayBatchedCopy<at::native::<unnamed>::OpaqueType<(unsigned int)4>, unsigned int, (int)4, (int)64, (int)64>(T1 *, at::native::<unnamed>::CatArrInputTensorMetadata<T1, T2, T4, T5>, at::native::<unnamed>::TensorSizeStride<T2, (unsigned int)4>, int, T2)"
:BasicsTransformerLM.layers.12.attn,PushPop,30,30,1,1,6786,6786.0,6786.0,6786,6786,0.0,cutlass3x_sm100_simt_sgemm_f32_f32_f32_f32_f32_64x32x16_1x1x1_3_nnn_align1_bias_f32_relu
:BasicsTransformerLM.layers.12.attn,PushPop,30,30,1,4,6592,1648.0,1600.0,1504,1888,166.3,"void at::native::vectorized_elementwise_kernel<(int)4, at::native::CUDAFunctor_add<float>, std::array<char *, (unsigned long)3>>(int, T2, T3)"
:BasicsTransformerLM.layers.12.attn,PushPop,30,30,1,1,4257,4257.0,4257.0,4257,4257,0.0,"void at::native::reduce_kernel<(int)512, (int)1, at::native::ReduceOp<float, at::native::MaxOps<float>, unsigned int, float, (int)4, (int)4>>(T3)"
:BasicsTransformerLM.layers.12.attn,PushPop,30,30,1,1,3457,3457.0,3457.0,3457,3457,0.0,"void at::native::elementwise_kernel<(int)128, (int)2, void at::native::gpu_kernel_impl_nocast<at::native::BinaryFunctor<float, float, float, at::native::binary_internal::DivFunctor<float>>>(at::TensorIteratorBase &, const T1 &)::[lambda(int) (instance 1)]>(int, T3)"
:BasicsTransformerLM.layers.12.attn,PushPop,30,30,1,1,3297,3297.0,3297.0,3297,3297,0.0,"void at::native::elementwise_kernel<(int)128, (int)2, void at::native::gpu_kernel_impl_nocast<at::native::<unnamed>::where_kernel_impl(at::TensorIterator &)::[lambda() (instance 1)]::operator ()() const::[lambda() (instance 11)]::operator ()() const::[lambda(bool, float, float) (instance 1)]>(at::TensorIteratorBase &, const T1 &)::[lambda(int) (instance 1)]>(int, T3)"
:BasicsTransformerLM.layers.12.attn,PushPop,30,30,1,1,2913,2913.0,2913.0,2913,2913,0.0,"void at::native::elementwise_kernel<(int)128, (int)2, void at::native::gpu_kernel_impl_nocast<at::native::CUDAFunctor_add<float>>(at::TensorIteratorBase &, const T1 &)::[lambda(int) (instance 1)]>(int, T3)"
:BasicsTransformerLM.layers.12.attn,PushPop,30,30,1,1,2849,2849.0,2849.0,2849,2849,0.0,"void at::native::reduce_kernel<(int)512, (int)1, at::native::ReduceOp<float, at::native::func_wrapper_t<float, at::native::sum_functor<float, float, float>::operator ()(at::TensorIterator &)::[lambda(float, float) (instance 1)]>, unsigned int, float, (int)4, (int)4>>(T3)"
:BasicsTransformerLM.layers.12.attn,PushPop,30,30,1,1,2529,2529.0,2529.0,2529,2529,0.0,"void at::native::elementwise_kernel<(int)128, (int)2, void at::native::gpu_kernel_impl_nocast<at::native::direct_copy_kernel_cuda(at::TensorIteratorBase &)::[lambda() (instance 3)]::operator ()() const::[lambda() (instance 7)]::operator ()() const::[lambda(float) (instance 1)]>(at::TensorIteratorBase &, const T1 &)::[lambda(int) (instance 1)]>(int, T3)"
:BasicsTransformerLM.layers.12.attn,PushPop,30,30,1,1,2368,2368.0,2368.0,2368,2368,0.0,"void at::native::elementwise_kernel<(int)128, (int)4, void at::native::gpu_kernel_impl_nocast<at::native::<unnamed>::CompareFunctor<long>>(at::TensorIteratorBase &, const T1 &)::[lambda(int) (instance 1)]>(int, T3)"
:BasicsTransformerLM.layers.12.attn,PushPop,30,30,1,1,1953,1953.0,1953.0,1953,1953,0.0,"void at::native::vectorized_elementwise_kernel<(int)4, at::native::exp_kernel_cuda(at::TensorIteratorBase &)::[lambda() (instance 2)]::operator ()() const::[lambda() (instance 2)]::operator ()() const::[lambda(float) (instance 1)], std::array<char *, (unsigned long)2>>(int, T2, T3)"
:BasicsTransformerLM.layers.12.attn,PushPop,30,30,1,1,1921,1921.0,1921.0,1921,1921,0.0,"void at::native::vectorized_elementwise_kernel<(int)4, at::native::BUnaryFunctor<float, float, float, at::native::binary_internal::MulFunctor<float>>, std::array<char *, (unsigned long)2>>(int, T2, T3)"
:BasicsTransformerLM.layers.12.attn,PushPop,30,30,1,1,800,800.0,800.0,800,800,0.0,"void at::native::vectorized_elementwise_kernel<(int)4, at::native::FillFunctor<float>, std::array<char *, (unsigned long)1>>(int, T2, T3)"
:BasicsTransformerLM.layers.12.attn,PushPop,30,30,1,1,736,736.0,736.0,736,736,0.0,"void <unnamed>::elementwise_kernel_with_index<int, at::native::arange_cuda_out(const c10::Scalar &, const c10::Scalar &, const c10::Scalar &, at::Tensor &)::[lambda() (instance 1)]::operator ()() const::[lambda() (instance 4)]::operator ()() const::[lambda(long) (instance 1)]>(T1, T2, function_traits<T2>::result_type *)"
:BasicsTransformerLM.layers.12.attn.k_proj,PushPop,30,30,1,1,70614,70614.0,70614.0,70614,70614,0.0,cutlass3x_sm100_simt_sgemm_f32_f32_f32_f32_f32_64x32x16_1x1x1_3_tnn_align1_bias_f32_relu
:BasicsTransformerLM.layers.12.attn.output_proj,PushPop,30,30,1,1,70455,70455.0,70455.0,70455,70455,0.0,cutlass3x_sm100_simt_sgemm_f32_f32_f32_f32_f32_64x32x16_1x1x1_3_tnn_align1_bias_f32_relu
:BasicsTransformerLM.layers.12.attn.q_proj,PushPop,30,30,1,1,69719,69719.0,69719.0,69719,69719,0.0,cutlass3x_sm100_simt_sgemm_f32_f32_f32_f32_f32_64x32x16_1x1x1_3_tnn_align1_bias_f32_relu
:BasicsTransformerLM.layers.12.attn.v_proj,PushPop,30,30,1,1,70487,70487.0,70487.0,70487,70487,0.0,cutlass3x_sm100_simt_sgemm_f32_f32_f32_f32_f32_64x32x16_1x1x1_3_tnn_align1_bias_f32_relu
:BasicsTransformerLM.layers.12.ffn,PushPop,30,30,1,3,652884,217628.0,187869.0,186557,278458,52684.4,cutlass3x_sm100_simt_sgemm_f32_f32_f32_f32_f32_64x32x16_1x1x1_3_tnn_align1_bias_f32_relu
:BasicsTransformerLM.layers.12.ffn,PushPop,30,30,1,2,5698,2849.0,2849.0,2497,3201,497.8,"void at::native::vectorized_elementwise_kernel<(int)4, at::native::BinaryFunctor<float, float, float, at::native::binary_internal::MulFunctor<float>>, std::array<char *, (unsigned long)3>>(int, T2, T3)"
:BasicsTransformerLM.layers.12.ffn,PushPop,30,30,1,1,3073,3073.0,3073.0,3073,3073,0.0,"void at::native::vectorized_elementwise_kernel<(int)4, at::native::sigmoid_kernel_cuda(at::TensorIteratorBase &)::[lambda() (instance 2)]::operator ()() const::[lambda() (instance 2)]::operator ()() const::[lambda(float) (instance 1)], std::array<char *, (unsigned long)2>>(int, T2, T3)"
:BasicsTransformerLM.layers.12.ffn.w1,PushPop,30,30,1,1,187869,187869.0,187869.0,187869,187869,0.0,cutlass3x_sm100_simt_sgemm_f32_f32_f32_f32_f32_64x32x16_1x1x1_3_tnn_align1_bias_f32_relu
:BasicsTransformerLM.layers.12.ffn.w2,PushPop,30,30,1,1,278458,278458.0,278458.0,278458,278458,0.0,cutlass3x_sm100_simt_sgemm_f32_f32_f32_f32_f32_64x32x16_1x1x1_3_tnn_align1_bias_f32_relu
:BasicsTransformerLM.layers.12.ffn.w3,PushPop,30,30,1,1,186557,186557.0,186557.0,186557,186557,0.0,cutlass3x_sm100_simt_sgemm_f32_f32_f32_f32_f32_64x32x16_1x1x1_3_tnn_align1_bias_f32_relu
:BasicsTransformerLM.layers.12.ln1,PushPop,30,30,1,1,8259,8259.0,8259.0,8259,8259,0.0,"void at::native::reduce_kernel<(int)512, (int)1, at::native::ReduceOp<float, at::native::MeanOps<float, float, float, float>, unsigned int, float, (int)4, (int)4>>(T3)"
:BasicsTransformerLM.layers.12.ln1,PushPop,30,30,1,2,4897,2448.5,2448.5,2432,2465,23.3,"void at::native::elementwise_kernel<(int)128, (int)2, void at::native::gpu_kernel_impl_nocast<at::native::BinaryFunctor<float, float, float, at::native::binary_internal::MulFunctor<float>>>(at::TensorIteratorBase &, const T1 &)::[lambda(int) (instance 1)]>(int, T3)"
:BasicsTransformerLM.layers.12.ln1,PushPop,30,30,1,1,1632,1632.0,1632.0,1632,1632,0.0,"void at::native::vectorized_elementwise_kernel<(int)4, void at::native::<unnamed>::pow_tensor_scalar_kernel_impl<float, float>(at::TensorIteratorBase &, T2)::[lambda(float) (instance 1)], std::array<char *, (unsigned long)2>>(int, T2, T3)"
:BasicsTransformerLM.layers.12.ln1,PushPop,30,30,1,1,1121,1121.0,1121.0,1121,1121,0.0,"void at::native::vectorized_elementwise_kernel<(int)4, at::native::CUDAFunctorOnSelf_add<float>, std::array<char *, (unsigned long)2>>(int, T2, T3)"
:BasicsTransformerLM.layers.12.ln1,PushPop,30,30,1,1,1120,1120.0,1120.0,1120,1120,0.0,"void at::native::vectorized_elementwise_kernel<(int)4, at::native::rsqrt_kernel_cuda(at::TensorIteratorBase &)::[lambda() (instance 2)]::operator ()() const::[lambda() (instance 2)]::operator ()() const::[lambda(float) (instance 1)], std::array<char *, (unsigned long)2>>(int, T2, T3)"
:BasicsTransformerLM.layers.12.ln2,PushPop,30,30,1,1,8451,8451.0,8451.0,8451,8451,0.0,"void at::native::reduce_kernel<(int)512, (int)1, at::native::ReduceOp<float, at::native::MeanOps<float, float, float, float>, unsigned int, float, (int)4, (int)4>>(T3)"
:BasicsTransformerLM.layers.12.ln2,PushPop,30,30,1,2,5153,2576.5,2576.5,2528,2625,68.6,"void at::native::elementwise_kernel<(int)128, (int)2, void at::native::gpu_kernel_impl_nocast<at::native::BinaryFunctor<float, float, float, at::native::binary_internal::MulFunctor<float>>>(at::TensorIteratorBase &, const T1 &)::[lambda(int) (instance 1)]>(int, T3)"
:BasicsTransformerLM.layers.12.ln2,PushPop,30,30,1,1,1696,1696.0,1696.0,1696,1696,0.0,"void at::native::vectorized_elementwise_kernel<(int)4, void at::native::<unnamed>::pow_tensor_scalar_kernel_impl<float, float>(at::TensorIteratorBase &, T2)::[lambda(float) (instance 1)], std::array<char *, (unsigned long)2>>(int, T2, T3)"
:BasicsTransformerLM.layers.12.ln2,PushPop,30,30,1,1,1312,1312.0,1312.0,1312,1312,0.0,"void at::native::vectorized_elementwise_kernel<(int)4, at::native::rsqrt_kernel_cuda(at::TensorIteratorBase &)::[lambda() (instance 2)]::operator ()() const::[lambda() (instance 2)]::operator ()() const::[lambda(float) (instance 1)], std::array<char *, (unsigned long)2>>(int, T2, T3)"
:BasicsTransformerLM.layers.12.ln2,PushPop,30,30,1,1,1089,1089.0,1089.0,1089,1089,0.0,"void at::native::vectorized_elementwise_kernel<(int)4, at::native::CUDAFunctorOnSelf_add<float>, std::array<char *, (unsigned long)2>>(int, T2, T3)"
:BasicsTransformerLM.layers.13,PushPop,30,30,1,8,938320,117290.0,70455.0,5186,278010,90235.9,cutlass3x_sm100_simt_sgemm_f32_f32_f32_f32_f32_64x32x16_1x1x1_3_tnn_align1_bias_f32_relu
:BasicsTransformerLM.layers.13,PushPop,30,30,1,12,26727,2227.3,2144.5,1889,2689,297.7,"void at::native::elementwise_kernel<(int)128, (int)2, void at::native::gpu_kernel_impl_nocast<at::native::BinaryFunctor<float, float, float, at::native::binary_internal::MulFunctor<float>>>(at::TensorIteratorBase &, const T1 &)::[lambda(int) (instance 1)]>(int, T3)"
:BasicsTransformerLM.layers.13,PushPop,30,30,1,2,17062,8531.0,8531.0,8515,8547,22.6,"void at::native::reduce_kernel<(int)512, (int)1, at::native::ReduceOp<float, at::native::MeanOps<float, float, float, float>, unsigned int, float, (int)4, (int)4>>(T3)"
:BasicsTransformerLM.layers.13,PushPop,30,30,1,6,10785,1797.5,1696.0,1536,2208,271.3,"void at::native::vectorized_elementwise_kernel<(int)4, at::native::CUDAFunctor_add<float>, std::array<char *, (unsigned long)3>>(int, T2, T3)"
:BasicsTransformerLM.layers.13,PushPop,30,30,1,2,8580,4290.0,4290.0,4194,4386,135.8,"void at::native::<unnamed>::CatArrayBatchedCopy<at::native::<unnamed>::OpaqueType<(unsigned int)4>, unsigned int, (int)4, (int)64, (int)64>(T1 *, at::native::<unnamed>::CatArrInputTensorMetadata<T1, T2, T4, T5>, at::native::<unnamed>::TensorSizeStride<T2, (unsigned int)4>, int, T2)"
:BasicsTransformerLM.layers.13,PushPop,30,30,1,1,6754,6754.0,6754.0,6754,6754,0.0,cutlass3x_sm100_simt_sgemm_f32_f32_f32_f32_f32_64x32x16_1x1x1_3_nnn_align1_bias_f32_relu
:BasicsTransformerLM.layers.13,PushPop,30,30,1,2,5794,2897.0,2897.0,2657,3137,339.4,"void at::native::vectorized_elementwise_kernel<(int)4, at::native::BinaryFunctor<float, float, float, at::native::binary_internal::MulFunctor<float>>, std::array<char *, (unsigned long)3>>(int, T2, T3)"
:BasicsTransformerLM.layers.13,PushPop,30,30,1,1,4193,4193.0,4193.0,4193,4193,0.0,"void at::native::reduce_kernel<(int)512, (int)1, at::native::ReduceOp<float, at::native::MaxOps<float>, unsigned int, float, (int)4, (int)4>>(T3)"
:BasicsTransformerLM.layers.13,PushPop,30,30,1,1,3457,3457.0,3457.0,3457,3457,0.0,"void at::native::elementwise_kernel<(int)128, (int)2, void at::native::gpu_kernel_impl_nocast<at::native::BinaryFunctor<float, float, float, at::native::binary_internal::DivFunctor<float>>>(at::TensorIteratorBase &, const T1 &)::[lambda(int) (instance 1)]>(int, T3)"
:BasicsTransformerLM.layers.13,PushPop,30,30,1,1,3393,3393.0,3393.0,3393,3393,0.0,"void at::native::elementwise_kernel<(int)128, (int)2, void at::native::gpu_kernel_impl_nocast<at::native::<unnamed>::where_kernel_impl(at::TensorIterator &)::[lambda() (instance 1)]::operator ()() const::[lambda() (instance 11)]::operator ()() const::[lambda(bool, float, float) (instance 1)]>(at::TensorIteratorBase &, const T1 &)::[lambda(int) (instance 1)]>(int, T3)"
:BasicsTransformerLM.layers.13,PushPop,30,30,1,2,3297,1648.5,1648.5,1632,1665,23.3,"void at::native::vectorized_elementwise_kernel<(int)4, void at::native::<unnamed>::pow_tensor_scalar_kernel_impl<float, float>(at::TensorIteratorBase &, T2)::[lambda(float) (instance 1)], std::array<char *, (unsigned long)2>>(int, T2, T3)"
:BasicsTransformerLM.layers.13,PushPop,30,30,1,1,2945,2945.0,2945.0,2945,2945,0.0,"void at::native::elementwise_kernel<(int)128, (int)2, void at::native::gpu_kernel_impl_nocast<at::native::CUDAFunctor_add<float>>(at::TensorIteratorBase &, const T1 &)::[lambda(int) (instance 1)]>(int, T3)"
:BasicsTransformerLM.layers.13,PushPop,30,30,1,1,2913,2913.0,2913.0,2913,2913,0.0,"void at::native::vectorized_elementwise_kernel<(int)4, at::native::sigmoid_kernel_cuda(at::TensorIteratorBase &)::[lambda() (instance 2)]::operator ()() const::[lambda() (instance 2)]::operator ()() const::[lambda(float) (instance 1)], std::array<char *, (unsigned long)2>>(int, T2, T3)"
:BasicsTransformerLM.layers.13,PushPop,30,30,1,1,2817,2817.0,2817.0,2817,2817,0.0,"void at::native::reduce_kernel<(int)512, (int)1, at::native::ReduceOp<float, at::native::func_wrapper_t<float, at::native::sum_functor<float, float, float>::operator ()(at::TensorIterator &)::[lambda(float, float) (instance 1)]>, unsigned int, float, (int)4, (int)4>>(T3)"
:BasicsTransformerLM.layers.13,PushPop,30,30,1,1,2593,2593.0,2593.0,2593,2593,0.0,"void at::native::elementwise_kernel<(int)128, (int)2, void at::native::gpu_kernel_impl_nocast<at::native::direct_copy_kernel_cuda(at::TensorIteratorBase &)::[lambda() (instance 3)]::operator ()() const::[lambda() (instance 7)]::operator ()() const::[lambda(float) (instance 1)]>(at::TensorIteratorBase &, const T1 &)::[lambda(int) (instance 1)]>(int, T3)"
:BasicsTransformerLM.layers.13,PushPop,30,30,1,2,2337,1168.5,1168.5,1089,1248,112.4,"void at::native::vectorized_elementwise_kernel<(int)4, at::native::CUDAFunctorOnSelf_add<float>, std::array<char *, (unsigned long)2>>(int, T2, T3)"
:BasicsTransformerLM.layers.13,PushPop,30,30,1,1,2273,2273.0,2273.0,2273,2273,0.0,"void at::native::vectorized_elementwise_kernel<(int)4, at::native::BUnaryFunctor<float, float, float, at::native::binary_internal::MulFunctor<float>>, std::array<char *, (unsigned long)2>>(int, T2, T3)"
:BasicsTransformerLM.layers.13,PushPop,30,30,1,1,2241,2241.0,2241.0,2241,2241,0.0,"void at::native::elementwise_kernel<(int)128, (int)4, void at::native::gpu_kernel_impl_nocast<at::native::<unnamed>::CompareFunctor<long>>(at::TensorIteratorBase &, const T1 &)::[lambda(int) (instance 1)]>(int, T3)"
:BasicsTransformerLM.layers.13,PushPop,30,30,1,2,2113,1056.5,1056.5,1024,1089,46.0,"void at::native::vectorized_elementwise_kernel<(int)4, at::native::rsqrt_kernel_cuda(at::TensorIteratorBase &)::[lambda() (instance 2)]::operator ()() const::[lambda() (instance 2)]::operator ()() const::[lambda(float) (instance 1)], std::array<char *, (unsigned long)2>>(int, T2, T3)"
:BasicsTransformerLM.layers.13,PushPop,30,30,1,1,1921,1921.0,1921.0,1921,1921,0.0,"void at::native::vectorized_elementwise_kernel<(int)4, at::native::exp_kernel_cuda(at::TensorIteratorBase &)::[lambda() (instance 2)]::operator ()() const::[lambda() (instance 2)]::operator ()() const::[lambda(float) (instance 1)], std::array<char *, (unsigned long)2>>(int, T2, T3)"
:BasicsTransformerLM.layers.13,PushPop,30,30,1,1,865,865.0,865.0,865,865,0.0,"void at::native::vectorized_elementwise_kernel<(int)4, at::native::FillFunctor<float>, std::array<char *, (unsigned long)1>>(int, T2, T3)"
:BasicsTransformerLM.layers.13,PushPop,30,30,1,1,736,736.0,736.0,736,736,0.0,"void <unnamed>::elementwise_kernel_with_index<int, at::native::arange_cuda_out(const c10::Scalar &, const c10::Scalar &, const c10::Scalar &, at::Tensor &)::[lambda() (instance 1)]::operator ()() const::[lambda() (instance 4)]::operator ()() const::[lambda(long) (instance 1)]>(T1, T2, function_traits<T2>::result_type *)"
:BasicsTransformerLM.layers.13.attn,PushPop,30,30,1,5,286141,57228.2,70070.0,5186,70583,29093.4,cutlass3x_sm100_simt_sgemm_f32_f32_f32_f32_f32_64x32x16_1x1x1_3_tnn_align1_bias_f32_relu
:BasicsTransformerLM.layers.13.attn,PushPop,30,30,1,8,16708,2088.5,1984.0,1889,2689,261.1,"void at::native::elementwise_kernel<(int)128, (int)2, void at::native::gpu_kernel_impl_nocast<at::native::BinaryFunctor<float, float, float, at::native::binary_internal::MulFunctor<float>>>(at::TensorIteratorBase &, const T1 &)::[lambda(int) (instance 1)]>(int, T3)"
:BasicsTransformerLM.layers.13.attn,PushPop,30,30,1,2,8580,4290.0,4290.0,4194,4386,135.8,"void at::native::<unnamed>::CatArrayBatchedCopy<at::native::<unnamed>::OpaqueType<(unsigned int)4>, unsigned int, (int)4, (int)64, (int)64>(T1 *, at::native::<unnamed>::CatArrInputTensorMetadata<T1, T2, T4, T5>, at::native::<unnamed>::TensorSizeStride<T2, (unsigned int)4>, int, T2)"
:BasicsTransformerLM.layers.13.attn,PushPop,30,30,1,1,6754,6754.0,6754.0,6754,6754,0.0,cutlass3x_sm100_simt_sgemm_f32_f32_f32_f32_f32_64x32x16_1x1x1_3_nnn_align1_bias_f32_relu
:BasicsTransformerLM.layers.13.attn,PushPop,30,30,1,4,6528,1632.0,1616.0,1536,1760,94.2,"void at::native::vectorized_elementwise_kernel<(int)4, at::native::CUDAFunctor_add<float>, std::array<char *, (unsigned long)3>>(int, T2, T3)"
:BasicsTransformerLM.layers.13.attn,PushPop,30,30,1,1,4193,4193.0,4193.0,4193,4193,0.0,"void at::native::reduce_kernel<(int)512, (int)1, at::native::ReduceOp<float, at::native::MaxOps<float>, unsigned int, float, (int)4, (int)4>>(T3)"
:BasicsTransformerLM.layers.13.attn,PushPop,30,30,1,1,3457,3457.0,3457.0,3457,3457,0.0,"void at::native::elementwise_kernel<(int)128, (int)2, void at::native::gpu_kernel_impl_nocast<at::native::BinaryFunctor<float, float, float, at::native::binary_internal::DivFunctor<float>>>(at::TensorIteratorBase &, const T1 &)::[lambda(int) (instance 1)]>(int, T3)"
:BasicsTransformerLM.layers.13.attn,PushPop,30,30,1,1,3393,3393.0,3393.0,3393,3393,0.0,"void at::native::elementwise_kernel<(int)128, (int)2, void at::native::gpu_kernel_impl_nocast<at::native::<unnamed>::where_kernel_impl(at::TensorIterator &)::[lambda() (instance 1)]::operator ()() const::[lambda() (instance 11)]::operator ()() const::[lambda(bool, float, float) (instance 1)]>(at::TensorIteratorBase &, const T1 &)::[lambda(int) (instance 1)]>(int, T3)"
:BasicsTransformerLM.layers.13.attn,PushPop,30,30,1,1,2945,2945.0,2945.0,2945,2945,0.0,"void at::native::elementwise_kernel<(int)128, (int)2, void at::native::gpu_kernel_impl_nocast<at::native::CUDAFunctor_add<float>>(at::TensorIteratorBase &, const T1 &)::[lambda(int) (instance 1)]>(int, T3)"
:BasicsTransformerLM.layers.13.attn,PushPop,30,30,1,1,2817,2817.0,2817.0,2817,2817,0.0,"void at::native::reduce_kernel<(int)512, (int)1, at::native::ReduceOp<float, at::native::func_wrapper_t<float, at::native::sum_functor<float, float, float>::operator ()(at::TensorIterator &)::[lambda(float, float) (instance 1)]>, unsigned int, float, (int)4, (int)4>>(T3)"
:BasicsTransformerLM.layers.13.attn,PushPop,30,30,1,1,2593,2593.0,2593.0,2593,2593,0.0,"void at::native::elementwise_kernel<(int)128, (int)2, void at::native::gpu_kernel_impl_nocast<at::native::direct_copy_kernel_cuda(at::TensorIteratorBase &)::[lambda() (instance 3)]::operator ()() const::[lambda() (instance 7)]::operator ()() const::[lambda(float) (instance 1)]>(at::TensorIteratorBase &, const T1 &)::[lambda(int) (instance 1)]>(int, T3)"
:BasicsTransformerLM.layers.13.attn,PushPop,30,30,1,1,2273,2273.0,2273.0,2273,2273,0.0,"void at::native::vectorized_elementwise_kernel<(int)4, at::native::BUnaryFunctor<float, float, float, at::native::binary_internal::MulFunctor<float>>, std::array<char *, (unsigned long)2>>(int, T2, T3)"
:BasicsTransformerLM.layers.13.attn,PushPop,30,30,1,1,2241,2241.0,2241.0,2241,2241,0.0,"void at::native::elementwise_kernel<(int)128, (int)4, void at::native::gpu_kernel_impl_nocast<at::native::<unnamed>::CompareFunctor<long>>(at::TensorIteratorBase &, const T1 &)::[lambda(int) (instance 1)]>(int, T3)"
:BasicsTransformerLM.layers.13.attn,PushPop,30,30,1,1,1921,1921.0,1921.0,1921,1921,0.0,"void at::native::vectorized_elementwise_kernel<(int)4, at::native::exp_kernel_cuda(at::TensorIteratorBase &)::[lambda() (instance 2)]::operator ()() const::[lambda() (instance 2)]::operator ()() const::[lambda(float) (instance 1)], std::array<char *, (unsigned long)2>>(int, T2, T3)"
:BasicsTransformerLM.layers.13.attn,PushPop,30,30,1,1,865,865.0,865.0,865,865,0.0,"void at::native::vectorized_elementwise_kernel<(int)4, at::native::FillFunctor<float>, std::array<char *, (unsigned long)1>>(int, T2, T3)"
:BasicsTransformerLM.layers.13.attn,PushPop,30,30,1,1,736,736.0,736.0,736,736,0.0,"void <unnamed>::elementwise_kernel_with_index<int, at::native::arange_cuda_out(const c10::Scalar &, const c10::Scalar &, const c10::Scalar &, at::Tensor &)::[lambda() (instance 1)]::operator ()() const::[lambda() (instance 4)]::operator ()() const::[lambda(long) (instance 1)]>(T1, T2, function_traits<T2>::result_type *)"
:BasicsTransformerLM.layers.13.attn.k_proj,PushPop,30,30,1,1,69975,69975.0,69975.0,69975,69975,0.0,cutlass3x_sm100_simt_sgemm_f32_f32_f32_f32_f32_64x32x16_1x1x1_3_tnn_align1_bias_f32_relu
:BasicsTransformerLM.layers.13.attn.output_proj,PushPop,30,30,1,1,70583,70583.0,70583.0,70583,70583,0.0,cutlass3x_sm100_simt_sgemm_f32_f32_f32_f32_f32_64x32x16_1x1x1_3_tnn_align1_bias_f32_relu
:BasicsTransformerLM.layers.13.attn.q_proj,PushPop,30,30,1,1,70070,70070.0,70070.0,70070,70070,0.0,cutlass3x_sm100_simt_sgemm_f32_f32_f32_f32_f32_64x32x16_1x1x1_3_tnn_align1_bias_f32_relu
:BasicsTransformerLM.layers.13.attn.v_proj,PushPop,30,30,1,1,70327,70327.0,70327.0,70327,70327,0.0,cutlass3x_sm100_simt_sgemm_f32_f32_f32_f32_f32_64x32x16_1x1x1_3_tnn_align1_bias_f32_relu
:BasicsTransformerLM.layers.13.ffn,PushPop,30,30,1,3,652179,217393.0,187901.0,186268,278010,52502.2,cutlass3x_sm100_simt_sgemm_f32_f32_f32_f32_f32_64x32x16_1x1x1_3_tnn_align1_bias_f32_relu
:BasicsTransformerLM.layers.13.ffn,PushPop,30,30,1,2,5794,2897.0,2897.0,2657,3137,339.4,"void at::native::vectorized_elementwise_kernel<(int)4, at::native::BinaryFunctor<float, float, float, at::native::binary_internal::MulFunctor<float>>, std::array<char *, (unsigned long)3>>(int, T2, T3)"
:BasicsTransformerLM.layers.13.ffn,PushPop,30,30,1,1,2913,2913.0,2913.0,2913,2913,0.0,"void at::native::vectorized_elementwise_kernel<(int)4, at::native::sigmoid_kernel_cuda(at::TensorIteratorBase &)::[lambda() (instance 2)]::operator ()() const::[lambda() (instance 2)]::operator ()() const::[lambda(float) (instance 1)], std::array<char *, (unsigned long)2>>(int, T2, T3)"
:BasicsTransformerLM.layers.13.ffn.w1,PushPop,30,30,1,1,187901,187901.0,187901.0,187901,187901,0.0,cutlass3x_sm100_simt_sgemm_f32_f32_f32_f32_f32_64x32x16_1x1x1_3_tnn_align1_bias_f32_relu
:BasicsTransformerLM.layers.13.ffn.w2,PushPop,30,30,1,1,278010,278010.0,278010.0,278010,278010,0.0,cutlass3x_sm100_simt_sgemm_f32_f32_f32_f32_f32_64x32x16_1x1x1_3_tnn_align1_bias_f32_relu
:BasicsTransformerLM.layers.13.ffn.w3,PushPop,30,30,1,1,186268,186268.0,186268.0,186268,186268,0.0,cutlass3x_sm100_simt_sgemm_f32_f32_f32_f32_f32_64x32x16_1x1x1_3_tnn_align1_bias_f32_relu
:BasicsTransformerLM.layers.13.ln1,PushPop,30,30,1,1,8547,8547.0,8547.0,8547,8547,0.0,"void at::native::reduce_kernel<(int)512, (int)1, at::native::ReduceOp<float, at::native::MeanOps<float, float, float, float>, unsigned int, float, (int)4, (int)4>>(T3)"
:BasicsTransformerLM.layers.13.ln1,PushPop,30,30,1,2,4898,2449.0,2449.0,2401,2497,67.9,"void at::native::elementwise_kernel<(int)128, (int)2, void at::native::gpu_kernel_impl_nocast<at::native::BinaryFunctor<float, float, float, at::native::binary_internal::MulFunctor<float>>>(at::TensorIteratorBase &, const T1 &)::[lambda(int) (instance 1)]>(int, T3)"
:BasicsTransformerLM.layers.13.ln1,PushPop,30,30,1,1,1665,1665.0,1665.0,1665,1665,0.0,"void at::native::vectorized_elementwise_kernel<(int)4, void at::native::<unnamed>::pow_tensor_scalar_kernel_impl<float, float>(at::TensorIteratorBase &, T2)::[lambda(float) (instance 1)], std::array<char *, (unsigned long)2>>(int, T2, T3)"
:BasicsTransformerLM.layers.13.ln1,PushPop,30,30,1,1,1248,1248.0,1248.0,1248,1248,0.0,"void at::native::vectorized_elementwise_kernel<(int)4, at::native::CUDAFunctorOnSelf_add<float>, std::array<char *, (unsigned long)2>>(int, T2, T3)"
:BasicsTransformerLM.layers.13.ln1,PushPop,30,30,1,1,1089,1089.0,1089.0,1089,1089,0.0,"void at::native::vectorized_elementwise_kernel<(int)4, at::native::rsqrt_kernel_cuda(at::TensorIteratorBase &)::[lambda() (instance 2)]::operator ()() const::[lambda() (instance 2)]::operator ()() const::[lambda(float) (instance 1)], std::array<char *, (unsigned long)2>>(int, T2, T3)"
:BasicsTransformerLM.layers.13.ln2,PushPop,30,30,1,1,8515,8515.0,8515.0,8515,8515,0.0,"void at::native::reduce_kernel<(int)512, (int)1, at::native::ReduceOp<float, at::native::MeanOps<float, float, float, float>, unsigned int, float, (int)4, (int)4>>(T3)"
:BasicsTransformerLM.layers.13.ln2,PushPop,30,30,1,2,5121,2560.5,2560.5,2465,2656,135.1,"void at::native::elementwise_kernel<(int)128, (int)2, void at::native::gpu_kernel_impl_nocast<at::native::BinaryFunctor<float, float, float, at::native::binary_internal::MulFunctor<float>>>(at::TensorIteratorBase &, const T1 &)::[lambda(int) (instance 1)]>(int, T3)"
:BasicsTransformerLM.layers.13.ln2,PushPop,30,30,1,1,1632,1632.0,1632.0,1632,1632,0.0,"void at::native::vectorized_elementwise_kernel<(int)4, void at::native::<unnamed>::pow_tensor_scalar_kernel_impl<float, float>(at::TensorIteratorBase &, T2)::[lambda(float) (instance 1)], std::array<char *, (unsigned long)2>>(int, T2, T3)"
:BasicsTransformerLM.layers.13.ln2,PushPop,30,30,1,1,1089,1089.0,1089.0,1089,1089,0.0,"void at::native::vectorized_elementwise_kernel<(int)4, at::native::CUDAFunctorOnSelf_add<float>, std::array<char *, (unsigned long)2>>(int, T2, T3)"
:BasicsTransformerLM.layers.13.ln2,PushPop,30,30,1,1,1024,1024.0,1024.0,1024,1024,0.0,"void at::native::vectorized_elementwise_kernel<(int)4, at::native::rsqrt_kernel_cuda(at::TensorIteratorBase &)::[lambda() (instance 2)]::operator ()() const::[lambda() (instance 2)]::operator ()() const::[lambda(float) (instance 1)], std::array<char *, (unsigned long)2>>(int, T2, T3)"
:BasicsTransformerLM.layers.14,PushPop,30,30,1,8,940626,117578.3,70583.0,5282,279099,90512.3,cutlass3x_sm100_simt_sgemm_f32_f32_f32_f32_f32_64x32x16_1x1x1_3_tnn_align1_bias_f32_relu
:BasicsTransformerLM.layers.14,PushPop,30,30,1,12,26823,2235.3,2192.5,1920,2753,318.9,"void at::native::elementwise_kernel<(int)128, (int)2, void at::native::gpu_kernel_impl_nocast<at::native::BinaryFunctor<float, float, float, at::native::binary_internal::MulFunctor<float>>>(at::TensorIteratorBase &, const T1 &)::[lambda(int) (instance 1)]>(int, T3)"
:BasicsTransformerLM.layers.14,PushPop,30,30,1,2,16934,8467.0,8467.0,8387,8547,113.1,"void at::native::reduce_kernel<(int)512, (int)1, at::native::ReduceOp<float, at::native::MeanOps<float, float, float, float>, unsigned int, float, (int)4, (int)4>>(T3)"
:BasicsTransformerLM.layers.14,PushPop,30,30,1,6,10786,1797.7,1696.0,1536,2209,271.6,"void at::native::vectorized_elementwise_kernel<(int)4, at::native::CUDAFunctor_add<float>, std::array<char *, (unsigned long)3>>(int, T2, T3)"
:BasicsTransformerLM.layers.14,PushPop,30,30,1,2,8579,4289.5,4289.5,4193,4386,136.5,"void at::native::<unnamed>::CatArrayBatchedCopy<at::native::<unnamed>::OpaqueType<(unsigned int)4>, unsigned int, (int)4, (int)64, (int)64>(T1 *, at::native::<unnamed>::CatArrInputTensorMetadata<T1, T2, T4, T5>, at::native::<unnamed>::TensorSizeStride<T2, (unsigned int)4>, int, T2)"
:BasicsTransformerLM.layers.14,PushPop,30,30,1,1,6786,6786.0,6786.0,6786,6786,0.0,cutlass3x_sm100_simt_sgemm_f32_f32_f32_f32_f32_64x32x16_1x1x1_3_nnn_align1_bias_f32_relu
:BasicsTransformerLM.layers.14,PushPop,30,30,1,2,5794,2897.0,2897.0,2657,3137,339.4,"void at::native::vectorized_elementwise_kernel<(int)4, at::native::BinaryFunctor<float, float, float, at::native::binary_internal::MulFunctor<float>>, std::array<char *, (unsigned long)3>>(int, T2, T3)"
:BasicsTransformerLM.layers.14,PushPop,30,30,1,1,4065,4065.0,4065.0,4065,4065,0.0,"void at::native::reduce_kernel<(int)512, (int)1, at::native::ReduceOp<float, at::native::MaxOps<float>, unsigned int, float, (int)4, (int)4>>(T3)"
:BasicsTransformerLM.layers.14,PushPop,30,30,1,1,3489,3489.0,3489.0,3489,3489,0.0,"void at::native::elementwise_kernel<(int)128, (int)2, void at::native::gpu_kernel_impl_nocast<at::native::BinaryFunctor<float, float, float, at::native::binary_internal::DivFunctor<float>>>(at::TensorIteratorBase &, const T1 &)::[lambda(int) (instance 1)]>(int, T3)"
:BasicsTransformerLM.layers.14,PushPop,30,30,1,1,3329,3329.0,3329.0,3329,3329,0.0,"void at::native::elementwise_kernel<(int)128, (int)2, void at::native::gpu_kernel_impl_nocast<at::native::<unnamed>::where_kernel_impl(at::TensorIterator &)::[lambda() (instance 1)]::operator ()() const::[lambda() (instance 11)]::operator ()() const::[lambda(bool, float, float) (instance 1)]>(at::TensorIteratorBase &, const T1 &)::[lambda(int) (instance 1)]>(int, T3)"
:BasicsTransformerLM.layers.14,PushPop,30,30,1,2,3329,1664.5,1664.5,1664,1665,0.7,"void at::native::vectorized_elementwise_kernel<(int)4, void at::native::<unnamed>::pow_tensor_scalar_kernel_impl<float, float>(at::TensorIteratorBase &, T2)::[lambda(float) (instance 1)], std::array<char *, (unsigned long)2>>(int, T2, T3)"
:BasicsTransformerLM.layers.14,PushPop,30,30,1,1,2944,2944.0,2944.0,2944,2944,0.0,"void at::native::vectorized_elementwise_kernel<(int)4, at::native::sigmoid_kernel_cuda(at::TensorIteratorBase &)::[lambda() (instance 2)]::operator ()() const::[lambda() (instance 2)]::operator ()() const::[lambda(float) (instance 1)], std::array<char *, (unsigned long)2>>(int, T2, T3)"
:BasicsTransformerLM.layers.14,PushPop,30,30,1,1,2881,2881.0,2881.0,2881,2881,0.0,"void at::native::elementwise_kernel<(int)128, (int)2, void at::native::gpu_kernel_impl_nocast<at::native::CUDAFunctor_add<float>>(at::TensorIteratorBase &, const T1 &)::[lambda(int) (instance 1)]>(int, T3)"
:BasicsTransformerLM.layers.14,PushPop,30,30,1,1,2849,2849.0,2849.0,2849,2849,0.0,"void at::native::reduce_kernel<(int)512, (int)1, at::native::ReduceOp<float, at::native::func_wrapper_t<float, at::native::sum_functor<float, float, float>::operator ()(at::TensorIterator &)::[lambda(float, float) (instance 1)]>, unsigned int, float, (int)4, (int)4>>(T3)"
:BasicsTransformerLM.layers.14,PushPop,30,30,1,1,2561,2561.0,2561.0,2561,2561,0.0,"void at::native::elementwise_kernel<(int)128, (int)2, void at::native::gpu_kernel_impl_nocast<at::native::direct_copy_kernel_cuda(at::TensorIteratorBase &)::[lambda() (instance 3)]::operator ()() const::[lambda() (instance 7)]::operator ()() const::[lambda(float) (instance 1)]>(at::TensorIteratorBase &, const T1 &)::[lambda(int) (instance 1)]>(int, T3)"
:BasicsTransformerLM.layers.14,PushPop,30,30,1,1,2305,2305.0,2305.0,2305,2305,0.0,"void at::native::elementwise_kernel<(int)128, (int)4, void at::native::gpu_kernel_impl_nocast<at::native::<unnamed>::CompareFunctor<long>>(at::TensorIteratorBase &, const T1 &)::[lambda(int) (instance 1)]>(int, T3)"
:BasicsTransformerLM.layers.14,PushPop,30,30,1,2,2305,1152.5,1152.5,1088,1217,91.2,"void at::native::vectorized_elementwise_kernel<(int)4, at::native::CUDAFunctorOnSelf_add<float>, std::array<char *, (unsigned long)2>>(int, T2, T3)"
:BasicsTransformerLM.layers.14,PushPop,30,30,1,2,2145,1072.5,1072.5,1025,1120,67.2,"void at::native::vectorized_elementwise_kernel<(int)4, at::native::rsqrt_kernel_cuda(at::TensorIteratorBase &)::[lambda() (instance 2)]::operator ()() const::[lambda() (instance 2)]::operator ()() const::[lambda(float) (instance 1)], std::array<char *, (unsigned long)2>>(int, T2, T3)"
:BasicsTransformerLM.layers.14,PushPop,30,30,1,1,1953,1953.0,1953.0,1953,1953,0.0,"void at::native::vectorized_elementwise_kernel<(int)4, at::native::BUnaryFunctor<float, float, float, at::native::binary_internal::MulFunctor<float>>, std::array<char *, (unsigned long)2>>(int, T2, T3)"
:BasicsTransformerLM.layers.14,PushPop,30,30,1,1,1889,1889.0,1889.0,1889,1889,0.0,"void at::native::vectorized_elementwise_kernel<(int)4, at::native::exp_kernel_cuda(at::TensorIteratorBase &)::[lambda() (instance 2)]::operator ()() const::[lambda() (instance 2)]::operator ()() const::[lambda(float) (instance 1)], std::array<char *, (unsigned long)2>>(int, T2, T3)"
:BasicsTransformerLM.layers.14,PushPop,30,30,1,1,929,929.0,929.0,929,929,0.0,"void at::native::vectorized_elementwise_kernel<(int)4, at::native::FillFunctor<float>, std::array<char *, (unsigned long)1>>(int, T2, T3)"
:BasicsTransformerLM.layers.14,PushPop,30,30,1,1,736,736.0,736.0,736,736,0.0,"void <unnamed>::elementwise_kernel_with_index<int, at::native::arange_cuda_out(const c10::Scalar &, const c10::Scalar &, const c10::Scalar &, at::Tensor &)::[lambda() (instance 1)]::operator ()() const::[lambda() (instance 4)]::operator ()() const::[lambda(long) (instance 1)]>(T1, T2, function_traits<T2>::result_type *)"
:BasicsTransformerLM.layers.14.attn,PushPop,30,30,1,5,286813,57362.6,70199.0,5282,70647,29114.7,cutlass3x_sm100_simt_sgemm_f32_f32_f32_f32_f32_64x32x16_1x1x1_3_tnn_align1_bias_f32_relu
:BasicsTransformerLM.layers.14.attn,PushPop,30,30,1,8,16740,2092.5,1921.0,1920,2753,293.9,"void at::native::elementwise_kernel<(int)128, (int)2, void at::native::gpu_kernel_impl_nocast<at::native::BinaryFunctor<float, float, float, at::native::binary_internal::MulFunctor<float>>>(at::TensorIteratorBase &, const T1 &)::[lambda(int) (instance 1)]>(int, T3)"
:BasicsTransformerLM.layers.14.attn,PushPop,30,30,1,2,8579,4289.5,4289.5,4193,4386,136.5,"void at::native::<unnamed>::CatArrayBatchedCopy<at::native::<unnamed>::OpaqueType<(unsigned int)4>, unsigned int, (int)4, (int)64, (int)64>(T1 *, at::native::<unnamed>::CatArrInputTensorMetadata<T1, T2, T4, T5>, at::native::<unnamed>::TensorSizeStride<T2, (unsigned int)4>, int, T2)"
:BasicsTransformerLM.layers.14.attn,PushPop,30,30,1,1,6786,6786.0,6786.0,6786,6786,0.0,cutlass3x_sm100_simt_sgemm_f32_f32_f32_f32_f32_64x32x16_1x1x1_3_nnn_align1_bias_f32_relu
:BasicsTransformerLM.layers.14.attn,PushPop,30,30,1,4,6528,1632.0,1616.0,1536,1760,94.2,"void at::native::vectorized_elementwise_kernel<(int)4, at::native::CUDAFunctor_add<float>, std::array<char *, (unsigned long)3>>(int, T2, T3)"
:BasicsTransformerLM.layers.14.attn,PushPop,30,30,1,1,4065,4065.0,4065.0,4065,4065,0.0,"void at::native::reduce_kernel<(int)512, (int)1, at::native::ReduceOp<float, at::native::MaxOps<float>, unsigned int, float, (int)4, (int)4>>(T3)"
:BasicsTransformerLM.layers.14.attn,PushPop,30,30,1,1,3489,3489.0,3489.0,3489,3489,0.0,"void at::native::elementwise_kernel<(int)128, (int)2, void at::native::gpu_kernel_impl_nocast<at::native::BinaryFunctor<float, float, float, at::native::binary_internal::DivFunctor<float>>>(at::TensorIteratorBase &, const T1 &)::[lambda(int) (instance 1)]>(int, T3)"
:BasicsTransformerLM.layers.14.attn,PushPop,30,30,1,1,3329,3329.0,3329.0,3329,3329,0.0,"void at::native::elementwise_kernel<(int)128, (int)2, void at::native::gpu_kernel_impl_nocast<at::native::<unnamed>::where_kernel_impl(at::TensorIterator &)::[lambda() (instance 1)]::operator ()() const::[lambda() (instance 11)]::operator ()() const::[lambda(bool, float, float) (instance 1)]>(at::TensorIteratorBase &, const T1 &)::[lambda(int) (instance 1)]>(int, T3)"
:BasicsTransformerLM.layers.14.attn,PushPop,30,30,1,1,2881,2881.0,2881.0,2881,2881,0.0,"void at::native::elementwise_kernel<(int)128, (int)2, void at::native::gpu_kernel_impl_nocast<at::native::CUDAFunctor_add<float>>(at::TensorIteratorBase &, const T1 &)::[lambda(int) (instance 1)]>(int, T3)"
:BasicsTransformerLM.layers.14.attn,PushPop,30,30,1,1,2849,2849.0,2849.0,2849,2849,0.0,"void at::native::reduce_kernel<(int)512, (int)1, at::native::ReduceOp<float, at::native::func_wrapper_t<float, at::native::sum_functor<float, float, float>::operator ()(at::TensorIterator &)::[lambda(float, float) (instance 1)]>, unsigned int, float, (int)4, (int)4>>(T3)"
:BasicsTransformerLM.layers.14.attn,PushPop,30,30,1,1,2561,2561.0,2561.0,2561,2561,0.0,"void at::native::elementwise_kernel<(int)128, (int)2, void at::native::gpu_kernel_impl_nocast<at::native::direct_copy_kernel_cuda(at::TensorIteratorBase &)::[lambda() (instance 3)]::operator ()() const::[lambda() (instance 7)]::operator ()() const::[lambda(float) (instance 1)]>(at::TensorIteratorBase &, const T1 &)::[lambda(int) (instance 1)]>(int, T3)"
:BasicsTransformerLM.layers.14.attn,PushPop,30,30,1,1,2305,2305.0,2305.0,2305,2305,0.0,"void at::native::elementwise_kernel<(int)128, (int)4, void at::native::gpu_kernel_impl_nocast<at::native::<unnamed>::CompareFunctor<long>>(at::TensorIteratorBase &, const T1 &)::[lambda(int) (instance 1)]>(int, T3)"
:BasicsTransformerLM.layers.14.attn,PushPop,30,30,1,1,1953,1953.0,1953.0,1953,1953,0.0,"void at::native::vectorized_elementwise_kernel<(int)4, at::native::BUnaryFunctor<float, float, float, at::native::binary_internal::MulFunctor<float>>, std::array<char *, (unsigned long)2>>(int, T2, T3)"
:BasicsTransformerLM.layers.14.attn,PushPop,30,30,1,1,1889,1889.0,1889.0,1889,1889,0.0,"void at::native::vectorized_elementwise_kernel<(int)4, at::native::exp_kernel_cuda(at::TensorIteratorBase &)::[lambda() (instance 2)]::operator ()() const::[lambda() (instance 2)]::operator ()() const::[lambda(float) (instance 1)], std::array<char *, (unsigned long)2>>(int, T2, T3)"
:BasicsTransformerLM.layers.14.attn,PushPop,30,30,1,1,929,929.0,929.0,929,929,0.0,"void at::native::vectorized_elementwise_kernel<(int)4, at::native::FillFunctor<float>, std::array<char *, (unsigned long)1>>(int, T2, T3)"
:BasicsTransformerLM.layers.14.attn,PushPop,30,30,1,1,736,736.0,736.0,736,736,0.0,"void <unnamed>::elementwise_kernel_with_index<int, at::native::arange_cuda_out(const c10::Scalar &, const c10::Scalar &, const c10::Scalar &, at::Tensor &)::[lambda() (instance 1)]::operator ()() const::[lambda() (instance 4)]::operator ()() const::[lambda(long) (instance 1)]>(T1, T2, function_traits<T2>::result_type *)"
:BasicsTransformerLM.layers.14.attn.k_proj,PushPop,30,30,1,1,70199,70199.0,70199.0,70199,70199,0.0,cutlass3x_sm100_simt_sgemm_f32_f32_f32_f32_f32_64x32x16_1x1x1_3_tnn_align1_bias_f32_relu
:BasicsTransformerLM.layers.14.attn.output_proj,PushPop,30,30,1,1,70647,70647.0,70647.0,70647,70647,0.0,cutlass3x_sm100_simt_sgemm_f32_f32_f32_f32_f32_64x32x16_1x1x1_3_tnn_align1_bias_f32_relu
:BasicsTransformerLM.layers.14.attn.q_proj,PushPop,30,30,1,1,70166,70166.0,70166.0,70166,70166,0.0,cutlass3x_sm100_simt_sgemm_f32_f32_f32_f32_f32_64x32x16_1x1x1_3_tnn_align1_bias_f32_relu
:BasicsTransformerLM.layers.14.attn.v_proj,PushPop,30,30,1,1,70519,70519.0,70519.0,70519,70519,0.0,cutlass3x_sm100_simt_sgemm_f32_f32_f32_f32_f32_64x32x16_1x1x1_3_tnn_align1_bias_f32_relu
:BasicsTransformerLM.layers.14.ffn,PushPop,30,30,1,3,653813,217937.7,187453.0,187261,279099,52967.4,cutlass3x_sm100_simt_sgemm_f32_f32_f32_f32_f32_64x32x16_1x1x1_3_tnn_align1_bias_f32_relu
:BasicsTransformerLM.layers.14.ffn,PushPop,30,30,1,2,5794,2897.0,2897.0,2657,3137,339.4,"void at::native::vectorized_elementwise_kernel<(int)4, at::native::BinaryFunctor<float, float, float, at::native::binary_internal::MulFunctor<float>>, std::array<char *, (unsigned long)3>>(int, T2, T3)"
:BasicsTransformerLM.layers.14.ffn,PushPop,30,30,1,1,2944,2944.0,2944.0,2944,2944,0.0,"void at::native::vectorized_elementwise_kernel<(int)4, at::native::sigmoid_kernel_cuda(at::TensorIteratorBase &)::[lambda() (instance 2)]::operator ()() const::[lambda() (instance 2)]::operator ()() const::[lambda(float) (instance 1)], std::array<char *, (unsigned long)2>>(int, T2, T3)"
:BasicsTransformerLM.layers.14.ffn.w1,PushPop,30,30,1,1,187453,187453.0,187453.0,187453,187453,0.0,cutlass3x_sm100_simt_sgemm_f32_f32_f32_f32_f32_64x32x16_1x1x1_3_tnn_align1_bias_f32_relu
:BasicsTransformerLM.layers.14.ffn.w2,PushPop,30,30,1,1,279099,279099.0,279099.0,279099,279099,0.0,cutlass3x_sm100_simt_sgemm_f32_f32_f32_f32_f32_64x32x16_1x1x1_3_tnn_align1_bias_f32_relu
:BasicsTransformerLM.layers.14.ffn.w3,PushPop,30,30,1,1,187261,187261.0,187261.0,187261,187261,0.0,cutlass3x_sm100_simt_sgemm_f32_f32_f32_f32_f32_64x32x16_1x1x1_3_tnn_align1_bias_f32_relu
:BasicsTransformerLM.layers.14.ln1,PushPop,30,30,1,1,8387,8387.0,8387.0,8387,8387,0.0,"void at::native::reduce_kernel<(int)512, (int)1, at::native::ReduceOp<float, at::native::MeanOps<float, float, float, float>, unsigned int, float, (int)4, (int)4>>(T3)"
:BasicsTransformerLM.layers.14.ln1,PushPop,30,30,1,2,4962,2481.0,2481.0,2465,2497,22.6,"void at::native::elementwise_kernel<(int)128, (int)2, void at::native::gpu_kernel_impl_nocast<at::native::BinaryFunctor<float, float, float, at::native::binary_internal::MulFunctor<float>>>(at::TensorIteratorBase &, const T1 &)::[lambda(int) (instance 1)]>(int, T3)"
:BasicsTransformerLM.layers.14.ln1,PushPop,30,30,1,1,1665,1665.0,1665.0,1665,1665,0.0,"void at::native::vectorized_elementwise_kernel<(int)4, void at::native::<unnamed>::pow_tensor_scalar_kernel_impl<float, float>(at::TensorIteratorBase &, T2)::[lambda(float) (instance 1)], std::array<char *, (unsigned long)2>>(int, T2, T3)"
:BasicsTransformerLM.layers.14.ln1,PushPop,30,30,1,1,1088,1088.0,1088.0,1088,1088,0.0,"void at::native::vectorized_elementwise_kernel<(int)4, at::native::CUDAFunctorOnSelf_add<float>, std::array<char *, (unsigned long)2>>(int, T2, T3)"
:BasicsTransformerLM.layers.14.ln1,PushPop,30,30,1,1,1025,1025.0,1025.0,1025,1025,0.0,"void at::native::vectorized_elementwise_kernel<(int)4, at::native::rsqrt_kernel_cuda(at::TensorIteratorBase &)::[lambda() (instance 2)]::operator ()() const::[lambda() (instance 2)]::operator ()() const::[lambda(float) (instance 1)], std::array<char *, (unsigned long)2>>(int, T2, T3)"
:BasicsTransformerLM.layers.14.ln2,PushPop,30,30,1,1,8547,8547.0,8547.0,8547,8547,0.0,"void at::native::reduce_kernel<(int)512, (int)1, at::native::ReduceOp<float, at::native::MeanOps<float, float, float, float>, unsigned int, float, (int)4, (int)4>>(T3)"
:BasicsTransformerLM.layers.14.ln2,PushPop,30,30,1,2,5121,2560.5,2560.5,2465,2656,135.1,"void at::native::elementwise_kernel<(int)128, (int)2, void at::native::gpu_kernel_impl_nocast<at::native::BinaryFunctor<float, float, float, at::native::binary_internal::MulFunctor<float>>>(at::TensorIteratorBase &, const T1 &)::[lambda(int) (instance 1)]>(int, T3)"
:BasicsTransformerLM.layers.14.ln2,PushPop,30,30,1,1,1664,1664.0,1664.0,1664,1664,0.0,"void at::native::vectorized_elementwise_kernel<(int)4, void at::native::<unnamed>::pow_tensor_scalar_kernel_impl<float, float>(at::TensorIteratorBase &, T2)::[lambda(float) (instance 1)], std::array<char *, (unsigned long)2>>(int, T2, T3)"
:BasicsTransformerLM.layers.14.ln2,PushPop,30,30,1,1,1217,1217.0,1217.0,1217,1217,0.0,"void at::native::vectorized_elementwise_kernel<(int)4, at::native::CUDAFunctorOnSelf_add<float>, std::array<char *, (unsigned long)2>>(int, T2, T3)"
:BasicsTransformerLM.layers.14.ln2,PushPop,30,30,1,1,1120,1120.0,1120.0,1120,1120,0.0,"void at::native::vectorized_elementwise_kernel<(int)4, at::native::rsqrt_kernel_cuda(at::TensorIteratorBase &)::[lambda() (instance 2)]::operator ()() const::[lambda() (instance 2)]::operator ()() const::[lambda(float) (instance 1)], std::array<char *, (unsigned long)2>>(int, T2, T3)"
:BasicsTransformerLM.layers.15,PushPop,30,30,1,8,940785,117598.1,70855.0,5282,278298,90249.4,cutlass3x_sm100_simt_sgemm_f32_f32_f32_f32_f32_64x32x16_1x1x1_3_tnn_align1_bias_f32_relu
:BasicsTransformerLM.layers.15,PushPop,30,30,1,12,26859,2238.3,2193.0,1889,2945,337.6,"void at::native::elementwise_kernel<(int)128, (int)2, void at::native::gpu_kernel_impl_nocast<at::native::BinaryFunctor<float, float, float, at::native::binary_internal::MulFunctor<float>>>(at::TensorIteratorBase &, const T1 &)::[lambda(int) (instance 1)]>(int, T3)"
:BasicsTransformerLM.layers.15,PushPop,30,30,1,2,16838,8419.0,8419.0,8355,8483,90.5,"void at::native::reduce_kernel<(int)512, (int)1, at::native::ReduceOp<float, at::native::MeanOps<float, float, float, float>, unsigned int, float, (int)4, (int)4>>(T3)"
:BasicsTransformerLM.layers.15,PushPop,30,30,1,6,10497,1749.5,1680.0,1504,2208,264.5,"void at::native::vectorized_elementwise_kernel<(int)4, at::native::CUDAFunctor_add<float>, std::array<char *, (unsigned long)3>>(int, T2, T3)"
:BasicsTransformerLM.layers.15,PushPop,30,30,1,2,8451,4225.5,4225.5,4129,4322,136.5,"void at::native::<unnamed>::CatArrayBatchedCopy<at::native::<unnamed>::OpaqueType<(unsigned int)4>, unsigned int, (int)4, (int)64, (int)64>(T1 *, at::native::<unnamed>::CatArrInputTensorMetadata<T1, T2, T4, T5>, at::native::<unnamed>::TensorSizeStride<T2, (unsigned int)4>, int, T2)"
:BasicsTransformerLM.layers.15,PushPop,30,30,1,1,6722,6722.0,6722.0,6722,6722,0.0,cutlass3x_sm100_simt_sgemm_f32_f32_f32_f32_f32_64x32x16_1x1x1_3_nnn_align1_bias_f32_relu
:BasicsTransformerLM.layers.15,PushPop,30,30,1,2,5570,2785.0,2785.0,2433,3137,497.8,"void at::native::vectorized_elementwise_kernel<(int)4, at::native::BinaryFunctor<float, float, float, at::native::binary_internal::MulFunctor<float>>, std::array<char *, (unsigned long)3>>(int, T2, T3)"
:BasicsTransformerLM.layers.15,PushPop,30,30,1,1,4193,4193.0,4193.0,4193,4193,0.0,"void at::native::reduce_kernel<(int)512, (int)1, at::native::ReduceOp<float, at::native::MaxOps<float>, unsigned int, float, (int)4, (int)4>>(T3)"
:BasicsTransformerLM.layers.15,PushPop,30,30,1,1,3617,3617.0,3617.0,3617,3617,0.0,"void at::native::elementwise_kernel<(int)128, (int)2, void at::native::gpu_kernel_impl_nocast<at::native::<unnamed>::where_kernel_impl(at::TensorIterator &)::[lambda() (instance 1)]::operator ()() const::[lambda() (instance 11)]::operator ()() const::[lambda(bool, float, float) (instance 1)]>(at::TensorIteratorBase &, const T1 &)::[lambda(int) (instance 1)]>(int, T3)"
:BasicsTransformerLM.layers.15,PushPop,30,30,1,1,3457,3457.0,3457.0,3457,3457,0.0,"void at::native::elementwise_kernel<(int)128, (int)2, void at::native::gpu_kernel_impl_nocast<at::native::BinaryFunctor<float, float, float, at::native::binary_internal::DivFunctor<float>>>(at::TensorIteratorBase &, const T1 &)::[lambda(int) (instance 1)]>(int, T3)"
:BasicsTransformerLM.layers.15,PushPop,30,30,1,2,3456,1728.0,1728.0,1632,1824,135.8,"void at::native::vectorized_elementwise_kernel<(int)4, void at::native::<unnamed>::pow_tensor_scalar_kernel_impl<float, float>(at::TensorIteratorBase &, T2)::[lambda(float) (instance 1)], std::array<char *, (unsigned long)2>>(int, T2, T3)"
:BasicsTransformerLM.layers.15,PushPop,30,30,1,1,3298,3298.0,3298.0,3298,3298,0.0,"void at::native::vectorized_elementwise_kernel<(int)4, at::native::sigmoid_kernel_cuda(at::TensorIteratorBase &)::[lambda() (instance 2)]::operator ()() const::[lambda() (instance 2)]::operator ()() const::[lambda(float) (instance 1)], std::array<char *, (unsigned long)2>>(int, T2, T3)"
:BasicsTransformerLM.layers.15,PushPop,30,30,1,1,2945,2945.0,2945.0,2945,2945,0.0,"void at::native::elementwise_kernel<(int)128, (int)2, void at::native::gpu_kernel_impl_nocast<at::native::CUDAFunctor_add<float>>(at::TensorIteratorBase &, const T1 &)::[lambda(int) (instance 1)]>(int, T3)"
:BasicsTransformerLM.layers.15,PushPop,30,30,1,1,2849,2849.0,2849.0,2849,2849,0.0,"void at::native::reduce_kernel<(int)512, (int)1, at::native::ReduceOp<float, at::native::func_wrapper_t<float, at::native::sum_functor<float, float, float>::operator ()(at::TensorIterator &)::[lambda(float, float) (instance 1)]>, unsigned int, float, (int)4, (int)4>>(T3)"
:BasicsTransformerLM.layers.15,PushPop,30,30,1,2,2592,1296.0,1296.0,1184,1408,158.4,"void at::native::vectorized_elementwise_kernel<(int)4, at::native::rsqrt_kernel_cuda(at::TensorIteratorBase &)::[lambda() (instance 2)]::operator ()() const::[lambda() (instance 2)]::operator ()() const::[lambda(float) (instance 1)], std::array<char *, (unsigned long)2>>(int, T2, T3)"
:BasicsTransformerLM.layers.15,PushPop,30,30,1,1,2528,2528.0,2528.0,2528,2528,0.0,"void at::native::elementwise_kernel<(int)128, (int)2, void at::native::gpu_kernel_impl_nocast<at::native::direct_copy_kernel_cuda(at::TensorIteratorBase &)::[lambda() (instance 3)]::operator ()() const::[lambda() (instance 7)]::operator ()() const::[lambda(float) (instance 1)]>(at::TensorIteratorBase &, const T1 &)::[lambda(int) (instance 1)]>(int, T3)"
:BasicsTransformerLM.layers.15,PushPop,30,30,1,2,2466,1233.0,1233.0,1217,1249,22.6,"void at::native::vectorized_elementwise_kernel<(int)4, at::native::CUDAFunctorOnSelf_add<float>, std::array<char *, (unsigned long)2>>(int, T2, T3)"
:BasicsTransformerLM.layers.15,PushPop,30,30,1,1,2208,2208.0,2208.0,2208,2208,0.0,"void at::native::elementwise_kernel<(int)128, (int)4, void at::native::gpu_kernel_impl_nocast<at::native::<unnamed>::CompareFunctor<long>>(at::TensorIteratorBase &, const T1 &)::[lambda(int) (instance 1)]>(int, T3)"
:BasicsTransformerLM.layers.15,PushPop,30,30,1,1,2049,2049.0,2049.0,2049,2049,0.0,"void at::native::vectorized_elementwise_kernel<(int)4, at::native::BUnaryFunctor<float, float, float, at::native::binary_internal::MulFunctor<float>>, std::array<char *, (unsigned long)2>>(int, T2, T3)"
:BasicsTransformerLM.layers.15,PushPop,30,30,1,1,1921,1921.0,1921.0,1921,1921,0.0,"void at::native::vectorized_elementwise_kernel<(int)4, at::native::exp_kernel_cuda(at::TensorIteratorBase &)::[lambda() (instance 2)]::operator ()() const::[lambda() (instance 2)]::operator ()() const::[lambda(float) (instance 1)], std::array<char *, (unsigned long)2>>(int, T2, T3)"
:BasicsTransformerLM.layers.15,PushPop,30,30,1,1,929,929.0,929.0,929,929,0.0,"void at::native::vectorized_elementwise_kernel<(int)4, at::native::FillFunctor<float>, std::array<char *, (unsigned long)1>>(int, T2, T3)"
:BasicsTransformerLM.layers.15,PushPop,30,30,1,1,896,896.0,896.0,896,896,0.0,"void <unnamed>::elementwise_kernel_with_index<int, at::native::arange_cuda_out(const c10::Scalar &, const c10::Scalar &, const c10::Scalar &, at::Tensor &)::[lambda() (instance 1)]::operator ()() const::[lambda() (instance 4)]::operator ()() const::[lambda(long) (instance 1)]>(T1, T2, function_traits<T2>::result_type *)"
:BasicsTransformerLM.layers.15.attn,PushPop,30,30,1,5,287710,57542.0,70391.0,5282,71255,29216.7,cutlass3x_sm100_simt_sgemm_f32_f32_f32_f32_f32_64x32x16_1x1x1_3_tnn_align1_bias_f32_relu
:BasicsTransformerLM.layers.15.attn,PushPop,30,30,1,8,16936,2117.0,1937.0,1889,2945,357.7,"void at::native::elementwise_kernel<(int)128, (int)2, void at::native::gpu_kernel_impl_nocast<at::native::BinaryFunctor<float, float, float, at::native::binary_internal::MulFunctor<float>>>(at::TensorIteratorBase &, const T1 &)::[lambda(int) (instance 1)]>(int, T3)"
:BasicsTransformerLM.layers.15.attn,PushPop,30,30,1,2,8451,4225.5,4225.5,4129,4322,136.5,"void at::native::<unnamed>::CatArrayBatchedCopy<at::native::<unnamed>::OpaqueType<(unsigned int)4>, unsigned int, (int)4, (int)64, (int)64>(T1 *, at::native::<unnamed>::CatArrInputTensorMetadata<T1, T2, T4, T5>, at::native::<unnamed>::TensorSizeStride<T2, (unsigned int)4>, int, T2)"
:BasicsTransformerLM.layers.15.attn,PushPop,30,30,1,1,6722,6722.0,6722.0,6722,6722,0.0,cutlass3x_sm100_simt_sgemm_f32_f32_f32_f32_f32_64x32x16_1x1x1_3_nnn_align1_bias_f32_relu
:BasicsTransformerLM.layers.15.attn,PushPop,30,30,1,4,6400,1600.0,1584.0,1504,1728,101.2,"void at::native::vectorized_elementwise_kernel<(int)4, at::native::CUDAFunctor_add<float>, std::array<char *, (unsigned long)3>>(int, T2, T3)"
:BasicsTransformerLM.layers.15.attn,PushPop,30,30,1,1,4193,4193.0,4193.0,4193,4193,0.0,"void at::native::reduce_kernel<(int)512, (int)1, at::native::ReduceOp<float, at::native::MaxOps<float>, unsigned int, float, (int)4, (int)4>>(T3)"
:BasicsTransformerLM.layers.15.attn,PushPop,30,30,1,1,3617,3617.0,3617.0,3617,3617,0.0,"void at::native::elementwise_kernel<(int)128, (int)2, void at::native::gpu_kernel_impl_nocast<at::native::<unnamed>::where_kernel_impl(at::TensorIterator &)::[lambda() (instance 1)]::operator ()() const::[lambda() (instance 11)]::operator ()() const::[lambda(bool, float, float) (instance 1)]>(at::TensorIteratorBase &, const T1 &)::[lambda(int) (instance 1)]>(int, T3)"
:BasicsTransformerLM.layers.15.attn,PushPop,30,30,1,1,3457,3457.0,3457.0,3457,3457,0.0,"void at::native::elementwise_kernel<(int)128, (int)2, void at::native::gpu_kernel_impl_nocast<at::native::BinaryFunctor<float, float, float, at::native::binary_internal::DivFunctor<float>>>(at::TensorIteratorBase &, const T1 &)::[lambda(int) (instance 1)]>(int, T3)"
:BasicsTransformerLM.layers.15.attn,PushPop,30,30,1,1,2945,2945.0,2945.0,2945,2945,0.0,"void at::native::elementwise_kernel<(int)128, (int)2, void at::native::gpu_kernel_impl_nocast<at::native::CUDAFunctor_add<float>>(at::TensorIteratorBase &, const T1 &)::[lambda(int) (instance 1)]>(int, T3)"
:BasicsTransformerLM.layers.15.attn,PushPop,30,30,1,1,2849,2849.0,2849.0,2849,2849,0.0,"void at::native::reduce_kernel<(int)512, (int)1, at::native::ReduceOp<float, at::native::func_wrapper_t<float, at::native::sum_functor<float, float, float>::operator ()(at::TensorIterator &)::[lambda(float, float) (instance 1)]>, unsigned int, float, (int)4, (int)4>>(T3)"
:BasicsTransformerLM.layers.15.attn,PushPop,30,30,1,1,2528,2528.0,2528.0,2528,2528,0.0,"void at::native::elementwise_kernel<(int)128, (int)2, void at::native::gpu_kernel_impl_nocast<at::native::direct_copy_kernel_cuda(at::TensorIteratorBase &)::[lambda() (instance 3)]::operator ()() const::[lambda() (instance 7)]::operator ()() const::[lambda(float) (instance 1)]>(at::TensorIteratorBase &, const T1 &)::[lambda(int) (instance 1)]>(int, T3)"
:BasicsTransformerLM.layers.15.attn,PushPop,30,30,1,1,2208,2208.0,2208.0,2208,2208,0.0,"void at::native::elementwise_kernel<(int)128, (int)4, void at::native::gpu_kernel_impl_nocast<at::native::<unnamed>::CompareFunctor<long>>(at::TensorIteratorBase &, const T1 &)::[lambda(int) (instance 1)]>(int, T3)"
:BasicsTransformerLM.layers.15.attn,PushPop,30,30,1,1,2049,2049.0,2049.0,2049,2049,0.0,"void at::native::vectorized_elementwise_kernel<(int)4, at::native::BUnaryFunctor<float, float, float, at::native::binary_internal::MulFunctor<float>>, std::array<char *, (unsigned long)2>>(int, T2, T3)"
:BasicsTransformerLM.layers.15.attn,PushPop,30,30,1,1,1921,1921.0,1921.0,1921,1921,0.0,"void at::native::vectorized_elementwise_kernel<(int)4, at::native::exp_kernel_cuda(at::TensorIteratorBase &)::[lambda() (instance 2)]::operator ()() const::[lambda() (instance 2)]::operator ()() const::[lambda(float) (instance 1)], std::array<char *, (unsigned long)2>>(int, T2, T3)"
:BasicsTransformerLM.layers.15.attn,PushPop,30,30,1,1,929,929.0,929.0,929,929,0.0,"void at::native::vectorized_elementwise_kernel<(int)4, at::native::FillFunctor<float>, std::array<char *, (unsigned long)1>>(int, T2, T3)"
:BasicsTransformerLM.layers.15.attn,PushPop,30,30,1,1,896,896.0,896.0,896,896,0.0,"void <unnamed>::elementwise_kernel_with_index<int, at::native::arange_cuda_out(const c10::Scalar &, const c10::Scalar &, const c10::Scalar &, at::Tensor &)::[lambda() (instance 1)]::operator ()() const::[lambda() (instance 4)]::operator ()() const::[lambda(long) (instance 1)]>(T1, T2, function_traits<T2>::result_type *)"
:BasicsTransformerLM.layers.15.attn.k_proj,PushPop,30,30,1,1,70327,70327.0,70327.0,70327,70327,0.0,cutlass3x_sm100_simt_sgemm_f32_f32_f32_f32_f32_64x32x16_1x1x1_3_tnn_align1_bias_f32_relu
:BasicsTransformerLM.layers.15.attn.output_proj,PushPop,30,30,1,1,70455,70455.0,70455.0,70455,70455,0.0,cutlass3x_sm100_simt_sgemm_f32_f32_f32_f32_f32_64x32x16_1x1x1_3_tnn_align1_bias_f32_relu
:BasicsTransformerLM.layers.15.attn.q_proj,PushPop,30,30,1,1,70391,70391.0,70391.0,70391,70391,0.0,cutlass3x_sm100_simt_sgemm_f32_f32_f32_f32_f32_64x32x16_1x1x1_3_tnn_align1_bias_f32_relu
:BasicsTransformerLM.layers.15.attn.v_proj,PushPop,30,30,1,1,71255,71255.0,71255.0,71255,71255,0.0,cutlass3x_sm100_simt_sgemm_f32_f32_f32_f32_f32_64x32x16_1x1x1_3_tnn_align1_bias_f32_relu
:BasicsTransformerLM.layers.15.ffn,PushPop,30,30,1,3,653075,217691.7,187965.0,186812,278298,52489.8,cutlass3x_sm100_simt_sgemm_f32_f32_f32_f32_f32_64x32x16_1x1x1_3_tnn_align1_bias_f32_relu
:BasicsTransformerLM.layers.15.ffn,PushPop,30,30,1,2,5570,2785.0,2785.0,2433,3137,497.8,"void at::native::vectorized_elementwise_kernel<(int)4, at::native::BinaryFunctor<float, float, float, at::native::binary_internal::MulFunctor<float>>, std::array<char *, (unsigned long)3>>(int, T2, T3)"
:BasicsTransformerLM.layers.15.ffn,PushPop,30,30,1,1,3298,3298.0,3298.0,3298,3298,0.0,"void at::native::vectorized_elementwise_kernel<(int)4, at::native::sigmoid_kernel_cuda(at::TensorIteratorBase &)::[lambda() (instance 2)]::operator ()() const::[lambda() (instance 2)]::operator ()() const::[lambda(float) (instance 1)], std::array<char *, (unsigned long)2>>(int, T2, T3)"
:BasicsTransformerLM.layers.15.ffn.w1,PushPop,30,30,1,1,187965,187965.0,187965.0,187965,187965,0.0,cutlass3x_sm100_simt_sgemm_f32_f32_f32_f32_f32_64x32x16_1x1x1_3_tnn_align1_bias_f32_relu
:BasicsTransformerLM.layers.15.ffn.w2,PushPop,30,30,1,1,278298,278298.0,278298.0,278298,278298,0.0,cutlass3x_sm100_simt_sgemm_f32_f32_f32_f32_f32_64x32x16_1x1x1_3_tnn_align1_bias_f32_relu
:BasicsTransformerLM.layers.15.ffn.w3,PushPop,30,30,1,1,186812,186812.0,186812.0,186812,186812,0.0,cutlass3x_sm100_simt_sgemm_f32_f32_f32_f32_f32_64x32x16_1x1x1_3_tnn_align1_bias_f32_relu
:BasicsTransformerLM.layers.15.ln1,PushPop,30,30,1,1,8355,8355.0,8355.0,8355,8355,0.0,"void at::native::reduce_kernel<(int)512, (int)1, at::native::ReduceOp<float, at::native::MeanOps<float, float, float, float>, unsigned int, float, (int)4, (int)4>>(T3)"
:BasicsTransformerLM.layers.15.ln1,PushPop,30,30,1,2,4929,2464.5,2464.5,2433,2496,44.5,"void at::native::elementwise_kernel<(int)128, (int)2, void at::native::gpu_kernel_impl_nocast<at::native::BinaryFunctor<float, float, float, at::native::binary_internal::MulFunctor<float>>>(at::TensorIteratorBase &, const T1 &)::[lambda(int) (instance 1)]>(int, T3)"
:BasicsTransformerLM.layers.15.ln1,PushPop,30,30,1,1,1632,1632.0,1632.0,1632,1632,0.0,"void at::native::vectorized_elementwise_kernel<(int)4, void at::native::<unnamed>::pow_tensor_scalar_kernel_impl<float, float>(at::TensorIteratorBase &, T2)::[lambda(float) (instance 1)], std::array<char *, (unsigned long)2>>(int, T2, T3)"
:BasicsTransformerLM.layers.15.ln1,PushPop,30,30,1,1,1408,1408.0,1408.0,1408,1408,0.0,"void at::native::vectorized_elementwise_kernel<(int)4, at::native::rsqrt_kernel_cuda(at::TensorIteratorBase &)::[lambda() (instance 2)]::operator ()() const::[lambda() (instance 2)]::operator ()() const::[lambda(float) (instance 1)], std::array<char *, (unsigned long)2>>(int, T2, T3)"
:BasicsTransformerLM.layers.15.ln1,PushPop,30,30,1,1,1217,1217.0,1217.0,1217,1217,0.0,"void at::native::vectorized_elementwise_kernel<(int)4, at::native::CUDAFunctorOnSelf_add<float>, std::array<char *, (unsigned long)2>>(int, T2, T3)"
:BasicsTransformerLM.layers.15.ln2,PushPop,30,30,1,1,8483,8483.0,8483.0,8483,8483,0.0,"void at::native::reduce_kernel<(int)512, (int)1, at::native::ReduceOp<float, at::native::MeanOps<float, float, float, float>, unsigned int, float, (int)4, (int)4>>(T3)"
:BasicsTransformerLM.layers.15.ln2,PushPop,30,30,1,2,4994,2497.0,2497.0,2465,2529,45.3,"void at::native::elementwise_kernel<(int)128, (int)2, void at::native::gpu_kernel_impl_nocast<at::native::BinaryFunctor<float, float, float, at::native::binary_internal::MulFunctor<float>>>(at::TensorIteratorBase &, const T1 &)::[lambda(int) (instance 1)]>(int, T3)"
:BasicsTransformerLM.layers.15.ln2,PushPop,30,30,1,1,1824,1824.0,1824.0,1824,1824,0.0,"void at::native::vectorized_elementwise_kernel<(int)4, void at::native::<unnamed>::pow_tensor_scalar_kernel_impl<float, float>(at::TensorIteratorBase &, T2)::[lambda(float) (instance 1)], std::array<char *, (unsigned long)2>>(int, T2, T3)"
:BasicsTransformerLM.layers.15.ln2,PushPop,30,30,1,1,1249,1249.0,1249.0,1249,1249,0.0,"void at::native::vectorized_elementwise_kernel<(int)4, at::native::CUDAFunctorOnSelf_add<float>, std::array<char *, (unsigned long)2>>(int, T2, T3)"
:BasicsTransformerLM.layers.15.ln2,PushPop,30,30,1,1,1184,1184.0,1184.0,1184,1184,0.0,"void at::native::vectorized_elementwise_kernel<(int)4, at::native::rsqrt_kernel_cuda(at::TensorIteratorBase &)::[lambda() (instance 2)]::operator ()() const::[lambda() (instance 2)]::operator ()() const::[lambda(float) (instance 1)], std::array<char *, (unsigned long)2>>(int, T2, T3)"
:BasicsTransformerLM.layers.16,PushPop,30,30,1,8,939312,117414.0,70374.5,5153,279195,90578.7,cutlass3x_sm100_simt_sgemm_f32_f32_f32_f32_f32_64x32x16_1x1x1_3_tnn_align1_bias_f32_relu
:BasicsTransformerLM.layers.16,PushPop,30,30,1,12,26184,2182.0,2208.5,1889,2497,242.6,"void at::native::elementwise_kernel<(int)128, (int)2, void at::native::gpu_kernel_impl_nocast<at::native::BinaryFunctor<float, float, float, at::native::binary_internal::MulFunctor<float>>>(at::TensorIteratorBase &, const T1 &)::[lambda(int) (instance 1)]>(int, T3)"
:BasicsTransformerLM.layers.16,PushPop,30,30,1,2,17126,8563.0,8563.0,8419,8707,203.6,"void at::native::reduce_kernel<(int)512, (int)1, at::native::ReduceOp<float, at::native::MeanOps<float, float, float, float>, unsigned int, float, (int)4, (int)4>>(T3)"
:BasicsTransformerLM.layers.16,PushPop,30,30,1,6,10949,1824.8,1729.0,1569,2241,285.3,"void at::native::vectorized_elementwise_kernel<(int)4, at::native::CUDAFunctor_add<float>, std::array<char *, (unsigned long)3>>(int, T2, T3)"
:BasicsTransformerLM.layers.16,PushPop,30,30,1,2,8578,4289.0,4289.0,4193,4385,135.8,"void at::native::<unnamed>::CatArrayBatchedCopy<at::native::<unnamed>::OpaqueType<(unsigned int)4>, unsigned int, (int)4, (int)64, (int)64>(T1 *, at::native::<unnamed>::CatArrInputTensorMetadata<T1, T2, T4, T5>, at::native::<unnamed>::TensorSizeStride<T2, (unsigned int)4>, int, T2)"
:BasicsTransformerLM.layers.16,PushPop,30,30,1,1,6850,6850.0,6850.0,6850,6850,0.0,cutlass3x_sm100_simt_sgemm_f32_f32_f32_f32_f32_64x32x16_1x1x1_3_nnn_align1_bias_f32_relu
:BasicsTransformerLM.layers.16,PushPop,30,30,1,2,5506,2753.0,2753.0,2465,3041,407.3,"void at::native::vectorized_elementwise_kernel<(int)4, at::native::BinaryFunctor<float, float, float, at::native::binary_internal::MulFunctor<float>>, std::array<char *, (unsigned long)3>>(int, T2, T3)"
:BasicsTransformerLM.layers.16,PushPop,30,30,1,1,4065,4065.0,4065.0,4065,4065,0.0,"void at::native::reduce_kernel<(int)512, (int)1, at::native::ReduceOp<float, at::native::MaxOps<float>, unsigned int, float, (int)4, (int)4>>(T3)"
:BasicsTransformerLM.layers.16,PushPop,30,30,1,1,3649,3649.0,3649.0,3649,3649,0.0,"void at::native::elementwise_kernel<(int)128, (int)2, void at::native::gpu_kernel_impl_nocast<at::native::BinaryFunctor<float, float, float, at::native::binary_internal::DivFunctor<float>>>(at::TensorIteratorBase &, const T1 &)::[lambda(int) (instance 1)]>(int, T3)"
:BasicsTransformerLM.layers.16,PushPop,30,30,1,2,3328,1664.0,1664.0,1632,1696,45.3,"void at::native::vectorized_elementwise_kernel<(int)4, void at::native::<unnamed>::pow_tensor_scalar_kernel_impl<float, float>(at::TensorIteratorBase &, T2)::[lambda(float) (instance 1)], std::array<char *, (unsigned long)2>>(int, T2, T3)"
:BasicsTransformerLM.layers.16,PushPop,30,30,1,1,3297,3297.0,3297.0,3297,3297,0.0,"void at::native::elementwise_kernel<(int)128, (int)2, void at::native::gpu_kernel_impl_nocast<at::native::<unnamed>::where_kernel_impl(at::TensorIterator &)::[lambda() (instance 1)]::operator ()() const::[lambda() (instance 11)]::operator ()() const::[lambda(bool, float, float) (instance 1)]>(at::TensorIteratorBase &, const T1 &)::[lambda(int) (instance 1)]>(int, T3)"
:BasicsTransformerLM.layers.16,PushPop,30,30,1,1,3265,3265.0,3265.0,3265,3265,0.0,"void at::native::vectorized_elementwise_kernel<(int)4, at::native::sigmoid_kernel_cuda(at::TensorIteratorBase &)::[lambda() (instance 2)]::operator ()() const::[lambda() (instance 2)]::operator ()() const::[lambda(float) (instance 1)], std::array<char *, (unsigned long)2>>(int, T2, T3)"
:BasicsTransformerLM.layers.16,PushPop,30,30,1,1,2945,2945.0,2945.0,2945,2945,0.0,"void at::native::elementwise_kernel<(int)128, (int)2, void at::native::gpu_kernel_impl_nocast<at::native::CUDAFunctor_add<float>>(at::TensorIteratorBase &, const T1 &)::[lambda(int) (instance 1)]>(int, T3)"
:BasicsTransformerLM.layers.16,PushPop,30,30,1,1,2817,2817.0,2817.0,2817,2817,0.0,"void at::native::reduce_kernel<(int)512, (int)1, at::native::ReduceOp<float, at::native::func_wrapper_t<float, at::native::sum_functor<float, float, float>::operator ()(at::TensorIterator &)::[lambda(float, float) (instance 1)]>, unsigned int, float, (int)4, (int)4>>(T3)"
:BasicsTransformerLM.layers.16,PushPop,30,30,1,2,2658,1329.0,1329.0,1185,1473,203.6,"void at::native::vectorized_elementwise_kernel<(int)4, at::native::rsqrt_kernel_cuda(at::TensorIteratorBase &)::[lambda() (instance 2)]::operator ()() const::[lambda() (instance 2)]::operator ()() const::[lambda(float) (instance 1)], std::array<char *, (unsigned long)2>>(int, T2, T3)"
:BasicsTransformerLM.layers.16,PushPop,30,30,1,1,2593,2593.0,2593.0,2593,2593,0.0,"void at::native::elementwise_kernel<(int)128, (int)2, void at::native::gpu_kernel_impl_nocast<at::native::direct_copy_kernel_cuda(at::TensorIteratorBase &)::[lambda() (instance 3)]::operator ()() const::[lambda() (instance 7)]::operator ()() const::[lambda(float) (instance 1)]>(at::TensorIteratorBase &, const T1 &)::[lambda(int) (instance 1)]>(int, T3)"
:BasicsTransformerLM.layers.16,PushPop,30,30,1,2,2465,1232.5,1232.5,1216,1249,23.3,"void at::native::vectorized_elementwise_kernel<(int)4, at::native::CUDAFunctorOnSelf_add<float>, std::array<char *, (unsigned long)2>>(int, T2, T3)"
:BasicsTransformerLM.layers.16,PushPop,30,30,1,1,2081,2081.0,2081.0,2081,2081,0.0,"void at::native::elementwise_kernel<(int)128, (int)4, void at::native::gpu_kernel_impl_nocast<at::native::<unnamed>::CompareFunctor<long>>(at::TensorIteratorBase &, const T1 &)::[lambda(int) (instance 1)]>(int, T3)"
:BasicsTransformerLM.layers.16,PushPop,30,30,1,1,1984,1984.0,1984.0,1984,1984,0.0,"void at::native::vectorized_elementwise_kernel<(int)4, at::native::BUnaryFunctor<float, float, float, at::native::binary_internal::MulFunctor<float>>, std::array<char *, (unsigned long)2>>(int, T2, T3)"
:BasicsTransformerLM.layers.16,PushPop,30,30,1,1,1921,1921.0,1921.0,1921,1921,0.0,"void at::native::vectorized_elementwise_kernel<(int)4, at::native::exp_kernel_cuda(at::TensorIteratorBase &)::[lambda() (instance 2)]::operator ()() const::[lambda() (instance 2)]::operator ()() const::[lambda(float) (instance 1)], std::array<char *, (unsigned long)2>>(int, T2, T3)"
:BasicsTransformerLM.layers.16,PushPop,30,30,1,1,960,960.0,960.0,960,960,0.0,"void at::native::vectorized_elementwise_kernel<(int)4, at::native::FillFunctor<float>, std::array<char *, (unsigned long)1>>(int, T2, T3)"
:BasicsTransformerLM.layers.16,PushPop,30,30,1,1,864,864.0,864.0,864,864,0.0,"void <unnamed>::elementwise_kernel_with_index<int, at::native::arange_cuda_out(const c10::Scalar &, const c10::Scalar &, const c10::Scalar &, at::Tensor &)::[lambda() (instance 1)]::operator ()() const::[lambda() (instance 4)]::operator ()() const::[lambda(long) (instance 1)]>(T1, T2, function_traits<T2>::result_type *)"
:BasicsTransformerLM.layers.16.attn,PushPop,30,30,1,5,285820,57164.0,70103.0,5153,70423,29076.0,cutlass3x_sm100_simt_sgemm_f32_f32_f32_f32_f32_64x32x16_1x1x1_3_tnn_align1_bias_f32_relu
:BasicsTransformerLM.layers.16.attn,PushPop,30,30,1,8,16389,2048.6,1952.5,1889,2337,173.6,"void at::native::elementwise_kernel<(int)128, (int)2, void at::native::gpu_kernel_impl_nocast<at::native::BinaryFunctor<float, float, float, at::native::binary_internal::MulFunctor<float>>>(at::TensorIteratorBase &, const T1 &)::[lambda(int) (instance 1)]>(int, T3)"
:BasicsTransformerLM.layers.16.attn,PushPop,30,30,1,2,8578,4289.0,4289.0,4193,4385,135.8,"void at::native::<unnamed>::CatArrayBatchedCopy<at::native::<unnamed>::OpaqueType<(unsigned int)4>, unsigned int, (int)4, (int)64, (int)64>(T1 *, at::native::<unnamed>::CatArrInputTensorMetadata<T1, T2, T4, T5>, at::native::<unnamed>::TensorSizeStride<T2, (unsigned int)4>, int, T2)"
:BasicsTransformerLM.layers.16.attn,PushPop,30,30,1,1,6850,6850.0,6850.0,6850,6850,0.0,cutlass3x_sm100_simt_sgemm_f32_f32_f32_f32_f32_64x32x16_1x1x1_3_nnn_align1_bias_f32_relu
:BasicsTransformerLM.layers.16.attn,PushPop,30,30,1,4,6596,1649.0,1633.0,1569,1761,96.0,"void at::native::vectorized_elementwise_kernel<(int)4, at::native::CUDAFunctor_add<float>, std::array<char *, (unsigned long)3>>(int, T2, T3)"
:BasicsTransformerLM.layers.16.attn,PushPop,30,30,1,1,4065,4065.0,4065.0,4065,4065,0.0,"void at::native::reduce_kernel<(int)512, (int)1, at::native::ReduceOp<float, at::native::MaxOps<float>, unsigned int, float, (int)4, (int)4>>(T3)"
:BasicsTransformerLM.layers.16.attn,PushPop,30,30,1,1,3649,3649.0,3649.0,3649,3649,0.0,"void at::native::elementwise_kernel<(int)128, (int)2, void at::native::gpu_kernel_impl_nocast<at::native::BinaryFunctor<float, float, float, at::native::binary_internal::DivFunctor<float>>>(at::TensorIteratorBase &, const T1 &)::[lambda(int) (instance 1)]>(int, T3)"
:BasicsTransformerLM.layers.16.attn,PushPop,30,30,1,1,3297,3297.0,3297.0,3297,3297,0.0,"void at::native::elementwise_kernel<(int)128, (int)2, void at::native::gpu_kernel_impl_nocast<at::native::<unnamed>::where_kernel_impl(at::TensorIterator &)::[lambda() (instance 1)]::operator ()() const::[lambda() (instance 11)]::operator ()() const::[lambda(bool, float, float) (instance 1)]>(at::TensorIteratorBase &, const T1 &)::[lambda(int) (instance 1)]>(int, T3)"
:BasicsTransformerLM.layers.16.attn,PushPop,30,30,1,1,2945,2945.0,2945.0,2945,2945,0.0,"void at::native::elementwise_kernel<(int)128, (int)2, void at::native::gpu_kernel_impl_nocast<at::native::CUDAFunctor_add<float>>(at::TensorIteratorBase &, const T1 &)::[lambda(int) (instance 1)]>(int, T3)"
:BasicsTransformerLM.layers.16.attn,PushPop,30,30,1,1,2817,2817.0,2817.0,2817,2817,0.0,"void at::native::reduce_kernel<(int)512, (int)1, at::native::ReduceOp<float, at::native::func_wrapper_t<float, at::native::sum_functor<float, float, float>::operator ()(at::TensorIterator &)::[lambda(float, float) (instance 1)]>, unsigned int, float, (int)4, (int)4>>(T3)"
:BasicsTransformerLM.layers.16.attn,PushPop,30,30,1,1,2593,2593.0,2593.0,2593,2593,0.0,"void at::native::elementwise_kernel<(int)128, (int)2, void at::native::gpu_kernel_impl_nocast<at::native::direct_copy_kernel_cuda(at::TensorIteratorBase &)::[lambda() (instance 3)]::operator ()() const::[lambda() (instance 7)]::operator ()() const::[lambda(float) (instance 1)]>(at::TensorIteratorBase &, const T1 &)::[lambda(int) (instance 1)]>(int, T3)"
:BasicsTransformerLM.layers.16.attn,PushPop,30,30,1,1,2081,2081.0,2081.0,2081,2081,0.0,"void at::native::elementwise_kernel<(int)128, (int)4, void at::native::gpu_kernel_impl_nocast<at::native::<unnamed>::CompareFunctor<long>>(at::TensorIteratorBase &, const T1 &)::[lambda(int) (instance 1)]>(int, T3)"
:BasicsTransformerLM.layers.16.attn,PushPop,30,30,1,1,1984,1984.0,1984.0,1984,1984,0.0,"void at::native::vectorized_elementwise_kernel<(int)4, at::native::BUnaryFunctor<float, float, float, at::native::binary_internal::MulFunctor<float>>, std::array<char *, (unsigned long)2>>(int, T2, T3)"
:BasicsTransformerLM.layers.16.attn,PushPop,30,30,1,1,1921,1921.0,1921.0,1921,1921,0.0,"void at::native::vectorized_elementwise_kernel<(int)4, at::native::exp_kernel_cuda(at::TensorIteratorBase &)::[lambda() (instance 2)]::operator ()() const::[lambda() (instance 2)]::operator ()() const::[lambda(float) (instance 1)], std::array<char *, (unsigned long)2>>(int, T2, T3)"
:BasicsTransformerLM.layers.16.attn,PushPop,30,30,1,1,960,960.0,960.0,960,960,0.0,"void at::native::vectorized_elementwise_kernel<(int)4, at::native::FillFunctor<float>, std::array<char *, (unsigned long)1>>(int, T2, T3)"
:BasicsTransformerLM.layers.16.attn,PushPop,30,30,1,1,864,864.0,864.0,864,864,0.0,"void <unnamed>::elementwise_kernel_with_index<int, at::native::arange_cuda_out(const c10::Scalar &, const c10::Scalar &, const c10::Scalar &, at::Tensor &)::[lambda() (instance 1)]::operator ()() const::[lambda() (instance 4)]::operator ()() const::[lambda(long) (instance 1)]>(T1, T2, function_traits<T2>::result_type *)"
:BasicsTransformerLM.layers.16.attn.k_proj,PushPop,30,30,1,1,70103,70103.0,70103.0,70103,70103,0.0,cutlass3x_sm100_simt_sgemm_f32_f32_f32_f32_f32_64x32x16_1x1x1_3_tnn_align1_bias_f32_relu
:BasicsTransformerLM.layers.16.attn.output_proj,PushPop,30,30,1,1,70423,70423.0,70423.0,70423,70423,0.0,cutlass3x_sm100_simt_sgemm_f32_f32_f32_f32_f32_64x32x16_1x1x1_3_tnn_align1_bias_f32_relu
:BasicsTransformerLM.layers.16.attn.q_proj,PushPop,30,30,1,1,69815,69815.0,69815.0,69815,69815,0.0,cutlass3x_sm100_simt_sgemm_f32_f32_f32_f32_f32_64x32x16_1x1x1_3_tnn_align1_bias_f32_relu
:BasicsTransformerLM.layers.16.attn.v_proj,PushPop,30,30,1,1,70326,70326.0,70326.0,70326,70326,0.0,cutlass3x_sm100_simt_sgemm_f32_f32_f32_f32_f32_64x32x16_1x1x1_3_tnn_align1_bias_f32_relu
:BasicsTransformerLM.layers.16.ffn,PushPop,30,30,1,3,653492,217830.7,187709.0,186588,279195,53146.0,cutlass3x_sm100_simt_sgemm_f32_f32_f32_f32_f32_64x32x16_1x1x1_3_tnn_align1_bias_f32_relu
:BasicsTransformerLM.layers.16.ffn,PushPop,30,30,1,2,5506,2753.0,2753.0,2465,3041,407.3,"void at::native::vectorized_elementwise_kernel<(int)4, at::native::BinaryFunctor<float, float, float, at::native::binary_internal::MulFunctor<float>>, std::array<char *, (unsigned long)3>>(int, T2, T3)"
:BasicsTransformerLM.layers.16.ffn,PushPop,30,30,1,1,3265,3265.0,3265.0,3265,3265,0.0,"void at::native::vectorized_elementwise_kernel<(int)4, at::native::sigmoid_kernel_cuda(at::TensorIteratorBase &)::[lambda() (instance 2)]::operator ()() const::[lambda() (instance 2)]::operator ()() const::[lambda(float) (instance 1)], std::array<char *, (unsigned long)2>>(int, T2, T3)"
:BasicsTransformerLM.layers.16.ffn.w1,PushPop,30,30,1,1,187709,187709.0,187709.0,187709,187709,0.0,cutlass3x_sm100_simt_sgemm_f32_f32_f32_f32_f32_64x32x16_1x1x1_3_tnn_align1_bias_f32_relu
:BasicsTransformerLM.layers.16.ffn.w2,PushPop,30,30,1,1,279195,279195.0,279195.0,279195,279195,0.0,cutlass3x_sm100_simt_sgemm_f32_f32_f32_f32_f32_64x32x16_1x1x1_3_tnn_align1_bias_f32_relu
:BasicsTransformerLM.layers.16.ffn.w3,PushPop,30,30,1,1,186588,186588.0,186588.0,186588,186588,0.0,cutlass3x_sm100_simt_sgemm_f32_f32_f32_f32_f32_64x32x16_1x1x1_3_tnn_align1_bias_f32_relu
:BasicsTransformerLM.layers.16.ln1,PushPop,30,30,1,1,8419,8419.0,8419.0,8419,8419,0.0,"void at::native::reduce_kernel<(int)512, (int)1, at::native::ReduceOp<float, at::native::MeanOps<float, float, float, float>, unsigned int, float, (int)4, (int)4>>(T3)"
:BasicsTransformerLM.layers.16.ln1,PushPop,30,30,1,2,4833,2416.5,2416.5,2369,2464,67.2,"void at::native::elementwise_kernel<(int)128, (int)2, void at::native::gpu_kernel_impl_nocast<at::native::BinaryFunctor<float, float, float, at::native::binary_internal::MulFunctor<float>>>(at::TensorIteratorBase &, const T1 &)::[lambda(int) (instance 1)]>(int, T3)"
:BasicsTransformerLM.layers.16.ln1,PushPop,30,30,1,1,1632,1632.0,1632.0,1632,1632,0.0,"void at::native::vectorized_elementwise_kernel<(int)4, void at::native::<unnamed>::pow_tensor_scalar_kernel_impl<float, float>(at::TensorIteratorBase &, T2)::[lambda(float) (instance 1)], std::array<char *, (unsigned long)2>>(int, T2, T3)"
:BasicsTransformerLM.layers.16.ln1,PushPop,30,30,1,1,1216,1216.0,1216.0,1216,1216,0.0,"void at::native::vectorized_elementwise_kernel<(int)4, at::native::CUDAFunctorOnSelf_add<float>, std::array<char *, (unsigned long)2>>(int, T2, T3)"
:BasicsTransformerLM.layers.16.ln1,PushPop,30,30,1,1,1185,1185.0,1185.0,1185,1185,0.0,"void at::native::vectorized_elementwise_kernel<(int)4, at::native::rsqrt_kernel_cuda(at::TensorIteratorBase &)::[lambda() (instance 2)]::operator ()() const::[lambda() (instance 2)]::operator ()() const::[lambda(float) (instance 1)], std::array<char *, (unsigned long)2>>(int, T2, T3)"
:BasicsTransformerLM.layers.16.ln2,PushPop,30,30,1,1,8707,8707.0,8707.0,8707,8707,0.0,"void at::native::reduce_kernel<(int)512, (int)1, at::native::ReduceOp<float, at::native::MeanOps<float, float, float, float>, unsigned int, float, (int)4, (int)4>>(T3)"
:BasicsTransformerLM.layers.16.ln2,PushPop,30,30,1,2,4962,2481.0,2481.0,2465,2497,22.6,"void at::native::elementwise_kernel<(int)128, (int)2, void at::native::gpu_kernel_impl_nocast<at::native::BinaryFunctor<float, float, float, at::native::binary_internal::MulFunctor<float>>>(at::TensorIteratorBase &, const T1 &)::[lambda(int) (instance 1)]>(int, T3)"
:BasicsTransformerLM.layers.16.ln2,PushPop,30,30,1,1,1696,1696.0,1696.0,1696,1696,0.0,"void at::native::vectorized_elementwise_kernel<(int)4, void at::native::<unnamed>::pow_tensor_scalar_kernel_impl<float, float>(at::TensorIteratorBase &, T2)::[lambda(float) (instance 1)], std::array<char *, (unsigned long)2>>(int, T2, T3)"
:BasicsTransformerLM.layers.16.ln2,PushPop,30,30,1,1,1473,1473.0,1473.0,1473,1473,0.0,"void at::native::vectorized_elementwise_kernel<(int)4, at::native::rsqrt_kernel_cuda(at::TensorIteratorBase &)::[lambda() (instance 2)]::operator ()() const::[lambda() (instance 2)]::operator ()() const::[lambda(float) (instance 1)], std::array<char *, (unsigned long)2>>(int, T2, T3)"
:BasicsTransformerLM.layers.16.ln2,PushPop,30,30,1,1,1249,1249.0,1249.0,1249,1249,0.0,"void at::native::vectorized_elementwise_kernel<(int)4, at::native::CUDAFunctorOnSelf_add<float>, std::array<char *, (unsigned long)2>>(int, T2, T3)"
:BasicsTransformerLM.layers.17,PushPop,30,30,1,8,939888,117486.0,70503.0,5282,278458,90326.9,cutlass3x_sm100_simt_sgemm_f32_f32_f32_f32_f32_64x32x16_1x1x1_3_tnn_align1_bias_f32_relu
:BasicsTransformerLM.layers.17,PushPop,30,30,1,12,26636,2219.7,2305.0,1921,2561,263.3,"void at::native::elementwise_kernel<(int)128, (int)2, void at::native::gpu_kernel_impl_nocast<at::native::BinaryFunctor<float, float, float, at::native::binary_internal::MulFunctor<float>>>(at::TensorIteratorBase &, const T1 &)::[lambda(int) (instance 1)]>(int, T3)"
:BasicsTransformerLM.layers.17,PushPop,30,30,1,2,16934,8467.0,8467.0,8355,8579,158.4,"void at::native::reduce_kernel<(int)512, (int)1, at::native::ReduceOp<float, at::native::MeanOps<float, float, float, float>, unsigned int, float, (int)4, (int)4>>(T3)"
:BasicsTransformerLM.layers.17,PushPop,30,30,1,6,10881,1813.5,1696.0,1504,2336,318.0,"void at::native::vectorized_elementwise_kernel<(int)4, at::native::CUDAFunctor_add<float>, std::array<char *, (unsigned long)3>>(int, T2, T3)"
:BasicsTransformerLM.layers.17,PushPop,30,30,1,2,8578,4289.0,4289.0,4225,4353,90.5,"void at::native::<unnamed>::CatArrayBatchedCopy<at::native::<unnamed>::OpaqueType<(unsigned int)4>, unsigned int, (int)4, (int)64, (int)64>(T1 *, at::native::<unnamed>::CatArrInputTensorMetadata<T1, T2, T4, T5>, at::native::<unnamed>::TensorSizeStride<T2, (unsigned int)4>, int, T2)"
:BasicsTransformerLM.layers.17,PushPop,30,30,1,1,6786,6786.0,6786.0,6786,6786,0.0,cutlass3x_sm100_simt_sgemm_f32_f32_f32_f32_f32_64x32x16_1x1x1_3_nnn_align1_bias_f32_relu
:BasicsTransformerLM.layers.17,PushPop,30,30,1,2,5570,2785.0,2785.0,2465,3105,452.5,"void at::native::vectorized_elementwise_kernel<(int)4, at::native::BinaryFunctor<float, float, float, at::native::binary_internal::MulFunctor<float>>, std::array<char *, (unsigned long)3>>(int, T2, T3)"
:BasicsTransformerLM.layers.17,PushPop,30,30,1,1,4066,4066.0,4066.0,4066,4066,0.0,"void at::native::reduce_kernel<(int)512, (int)1, at::native::ReduceOp<float, at::native::MaxOps<float>, unsigned int, float, (int)4, (int)4>>(T3)"
:BasicsTransformerLM.layers.17,PushPop,30,30,1,1,3425,3425.0,3425.0,3425,3425,0.0,"void at::native::elementwise_kernel<(int)128, (int)2, void at::native::gpu_kernel_impl_nocast<at::native::BinaryFunctor<float, float, float, at::native::binary_internal::DivFunctor<float>>>(at::TensorIteratorBase &, const T1 &)::[lambda(int) (instance 1)]>(int, T3)"
:BasicsTransformerLM.layers.17,PushPop,30,30,1,2,3296,1648.0,1648.0,1632,1664,22.6,"void at::native::vectorized_elementwise_kernel<(int)4, void at::native::<unnamed>::pow_tensor_scalar_kernel_impl<float, float>(at::TensorIteratorBase &, T2)::[lambda(float) (instance 1)], std::array<char *, (unsigned long)2>>(int, T2, T3)"
:BasicsTransformerLM.layers.17,PushPop,30,30,1,1,3233,3233.0,3233.0,3233,3233,0.0,"void at::native::elementwise_kernel<(int)128, (int)2, void at::native::gpu_kernel_impl_nocast<at::native::<unnamed>::where_kernel_impl(at::TensorIterator &)::[lambda() (instance 1)]::operator ()() const::[lambda() (instance 11)]::operator ()() const::[lambda(bool, float, float) (instance 1)]>(at::TensorIteratorBase &, const T1 &)::[lambda(int) (instance 1)]>(int, T3)"
:BasicsTransformerLM.layers.17,PushPop,30,30,1,1,2945,2945.0,2945.0,2945,2945,0.0,"void at::native::elementwise_kernel<(int)128, (int)2, void at::native::gpu_kernel_impl_nocast<at::native::CUDAFunctor_add<float>>(at::TensorIteratorBase &, const T1 &)::[lambda(int) (instance 1)]>(int, T3)"
:BasicsTransformerLM.layers.17,PushPop,30,30,1,1,2945,2945.0,2945.0,2945,2945,0.0,"void at::native::vectorized_elementwise_kernel<(int)4, at::native::sigmoid_kernel_cuda(at::TensorIteratorBase &)::[lambda() (instance 2)]::operator ()() const::[lambda() (instance 2)]::operator ()() const::[lambda(float) (instance 1)], std::array<char *, (unsigned long)2>>(int, T2, T3)"
:BasicsTransformerLM.layers.17,PushPop,30,30,1,1,2785,2785.0,2785.0,2785,2785,0.0,"void at::native::reduce_kernel<(int)512, (int)1, at::native::ReduceOp<float, at::native::func_wrapper_t<float, at::native::sum_functor<float, float, float>::operator ()(at::TensorIterator &)::[lambda(float, float) (instance 1)]>, unsigned int, float, (int)4, (int)4>>(T3)"
:BasicsTransformerLM.layers.17,PushPop,30,30,1,2,2562,1281.0,1281.0,1281,1281,0.0,"void at::native::vectorized_elementwise_kernel<(int)4, at::native::CUDAFunctorOnSelf_add<float>, std::array<char *, (unsigned long)2>>(int, T2, T3)"
:BasicsTransformerLM.layers.17,PushPop,30,30,1,1,2561,2561.0,2561.0,2561,2561,0.0,"void at::native::elementwise_kernel<(int)128, (int)2, void at::native::gpu_kernel_impl_nocast<at::native::direct_copy_kernel_cuda(at::TensorIteratorBase &)::[lambda() (instance 3)]::operator ()() const::[lambda() (instance 7)]::operator ()() const::[lambda(float) (instance 1)]>(at::TensorIteratorBase &, const T1 &)::[lambda(int) (instance 1)]>(int, T3)"
:BasicsTransformerLM.layers.17,PushPop,30,30,1,2,2432,1216.0,1216.0,1216,1216,0.0,"void at::native::vectorized_elementwise_kernel<(int)4, at::native::rsqrt_kernel_cuda(at::TensorIteratorBase &)::[lambda() (instance 2)]::operator ()() const::[lambda() (instance 2)]::operator ()() const::[lambda(float) (instance 1)], std::array<char *, (unsigned long)2>>(int, T2, T3)"
:BasicsTransformerLM.layers.17,PushPop,30,30,1,1,2208,2208.0,2208.0,2208,2208,0.0,"void at::native::elementwise_kernel<(int)128, (int)4, void at::native::gpu_kernel_impl_nocast<at::native::<unnamed>::CompareFunctor<long>>(at::TensorIteratorBase &, const T1 &)::[lambda(int) (instance 1)]>(int, T3)"
:BasicsTransformerLM.layers.17,PushPop,30,30,1,1,2081,2081.0,2081.0,2081,2081,0.0,"void at::native::vectorized_elementwise_kernel<(int)4, at::native::BUnaryFunctor<float, float, float, at::native::binary_internal::MulFunctor<float>>, std::array<char *, (unsigned long)2>>(int, T2, T3)"
:BasicsTransformerLM.layers.17,PushPop,30,30,1,1,1984,1984.0,1984.0,1984,1984,0.0,"void at::native::vectorized_elementwise_kernel<(int)4, at::native::exp_kernel_cuda(at::TensorIteratorBase &)::[lambda() (instance 2)]::operator ()() const::[lambda() (instance 2)]::operator ()() const::[lambda(float) (instance 1)], std::array<char *, (unsigned long)2>>(int, T2, T3)"
:BasicsTransformerLM.layers.17,PushPop,30,30,1,1,961,961.0,961.0,961,961,0.0,"void at::native::vectorized_elementwise_kernel<(int)4, at::native::FillFunctor<float>, std::array<char *, (unsigned long)1>>(int, T2, T3)"
:BasicsTransformerLM.layers.17,PushPop,30,30,1,1,960,960.0,960.0,960,960,0.0,"void <unnamed>::elementwise_kernel_with_index<int, at::native::arange_cuda_out(const c10::Scalar &, const c10::Scalar &, const c10::Scalar &, at::Tensor &)::[lambda() (instance 1)]::operator ()() const::[lambda() (instance 4)]::operator ()() const::[lambda(long) (instance 1)]>(T1, T2, function_traits<T2>::result_type *)"
:BasicsTransformerLM.layers.17.attn,PushPop,30,30,1,5,286877,57375.4,70295.0,5282,70583,29121.3,cutlass3x_sm100_simt_sgemm_f32_f32_f32_f32_f32_64x32x16_1x1x1_3_tnn_align1_bias_f32_relu
:BasicsTransformerLM.layers.17.attn,PushPop,30,30,1,8,16840,2105.0,1953.0,1921,2561,251.8,"void at::native::elementwise_kernel<(int)128, (int)2, void at::native::gpu_kernel_impl_nocast<at::native::BinaryFunctor<float, float, float, at::native::binary_internal::MulFunctor<float>>>(at::TensorIteratorBase &, const T1 &)::[lambda(int) (instance 1)]>(int, T3)"
:BasicsTransformerLM.layers.17.attn,PushPop,30,30,1,2,8578,4289.0,4289.0,4225,4353,90.5,"void at::native::<unnamed>::CatArrayBatchedCopy<at::native::<unnamed>::OpaqueType<(unsigned int)4>, unsigned int, (int)4, (int)64, (int)64>(T1 *, at::native::<unnamed>::CatArrInputTensorMetadata<T1, T2, T4, T5>, at::native::<unnamed>::TensorSizeStride<T2, (unsigned int)4>, int, T2)"
:BasicsTransformerLM.layers.17.attn,PushPop,30,30,1,1,6786,6786.0,6786.0,6786,6786,0.0,cutlass3x_sm100_simt_sgemm_f32_f32_f32_f32_f32_64x32x16_1x1x1_3_nnn_align1_bias_f32_relu
:BasicsTransformerLM.layers.17.attn,PushPop,30,30,1,4,6496,1624.0,1616.0,1504,1760,105.7,"void at::native::vectorized_elementwise_kernel<(int)4, at::native::CUDAFunctor_add<float>, std::array<char *, (unsigned long)3>>(int, T2, T3)"
:BasicsTransformerLM.layers.17.attn,PushPop,30,30,1,1,4066,4066.0,4066.0,4066,4066,0.0,"void at::native::reduce_kernel<(int)512, (int)1, at::native::ReduceOp<float, at::native::MaxOps<float>, unsigned int, float, (int)4, (int)4>>(T3)"
:BasicsTransformerLM.layers.17.attn,PushPop,30,30,1,1,3425,3425.0,3425.0,3425,3425,0.0,"void at::native::elementwise_kernel<(int)128, (int)2, void at::native::gpu_kernel_impl_nocast<at::native::BinaryFunctor<float, float, float, at::native::binary_internal::DivFunctor<float>>>(at::TensorIteratorBase &, const T1 &)::[lambda(int) (instance 1)]>(int, T3)"
:BasicsTransformerLM.layers.17.attn,PushPop,30,30,1,1,3233,3233.0,3233.0,3233,3233,0.0,"void at::native::elementwise_kernel<(int)128, (int)2, void at::native::gpu_kernel_impl_nocast<at::native::<unnamed>::where_kernel_impl(at::TensorIterator &)::[lambda() (instance 1)]::operator ()() const::[lambda() (instance 11)]::operator ()() const::[lambda(bool, float, float) (instance 1)]>(at::TensorIteratorBase &, const T1 &)::[lambda(int) (instance 1)]>(int, T3)"
:BasicsTransformerLM.layers.17.attn,PushPop,30,30,1,1,2945,2945.0,2945.0,2945,2945,0.0,"void at::native::elementwise_kernel<(int)128, (int)2, void at::native::gpu_kernel_impl_nocast<at::native::CUDAFunctor_add<float>>(at::TensorIteratorBase &, const T1 &)::[lambda(int) (instance 1)]>(int, T3)"
:BasicsTransformerLM.layers.17.attn,PushPop,30,30,1,1,2785,2785.0,2785.0,2785,2785,0.0,"void at::native::reduce_kernel<(int)512, (int)1, at::native::ReduceOp<float, at::native::func_wrapper_t<float, at::native::sum_functor<float, float, float>::operator ()(at::TensorIterator &)::[lambda(float, float) (instance 1)]>, unsigned int, float, (int)4, (int)4>>(T3)"
:BasicsTransformerLM.layers.17.attn,PushPop,30,30,1,1,2561,2561.0,2561.0,2561,2561,0.0,"void at::native::elementwise_kernel<(int)128, (int)2, void at::native::gpu_kernel_impl_nocast<at::native::direct_copy_kernel_cuda(at::TensorIteratorBase &)::[lambda() (instance 3)]::operator ()() const::[lambda() (instance 7)]::operator ()() const::[lambda(float) (instance 1)]>(at::TensorIteratorBase &, const T1 &)::[lambda(int) (instance 1)]>(int, T3)"
:BasicsTransformerLM.layers.17.attn,PushPop,30,30,1,1,2208,2208.0,2208.0,2208,2208,0.0,"void at::native::elementwise_kernel<(int)128, (int)4, void at::native::gpu_kernel_impl_nocast<at::native::<unnamed>::CompareFunctor<long>>(at::TensorIteratorBase &, const T1 &)::[lambda(int) (instance 1)]>(int, T3)"
:BasicsTransformerLM.layers.17.attn,PushPop,30,30,1,1,2081,2081.0,2081.0,2081,2081,0.0,"void at::native::vectorized_elementwise_kernel<(int)4, at::native::BUnaryFunctor<float, float, float, at::native::binary_internal::MulFunctor<float>>, std::array<char *, (unsigned long)2>>(int, T2, T3)"
:BasicsTransformerLM.layers.17.attn,PushPop,30,30,1,1,1984,1984.0,1984.0,1984,1984,0.0,"void at::native::vectorized_elementwise_kernel<(int)4, at::native::exp_kernel_cuda(at::TensorIteratorBase &)::[lambda() (instance 2)]::operator ()() const::[lambda() (instance 2)]::operator ()() const::[lambda(float) (instance 1)], std::array<char *, (unsigned long)2>>(int, T2, T3)"
:BasicsTransformerLM.layers.17.attn,PushPop,30,30,1,1,961,961.0,961.0,961,961,0.0,"void at::native::vectorized_elementwise_kernel<(int)4, at::native::FillFunctor<float>, std::array<char *, (unsigned long)1>>(int, T2, T3)"
:BasicsTransformerLM.layers.17.attn,PushPop,30,30,1,1,960,960.0,960.0,960,960,0.0,"void <unnamed>::elementwise_kernel_with_index<int, at::native::arange_cuda_out(const c10::Scalar &, const c10::Scalar &, const c10::Scalar &, at::Tensor &)::[lambda() (instance 1)]::operator ()() const::[lambda() (instance 4)]::operator ()() const::[lambda(long) (instance 1)]>(T1, T2, function_traits<T2>::result_type *)"
:BasicsTransformerLM.layers.17.attn.k_proj,PushPop,30,30,1,1,70294,70294.0,70294.0,70294,70294,0.0,cutlass3x_sm100_simt_sgemm_f32_f32_f32_f32_f32_64x32x16_1x1x1_3_tnn_align1_bias_f32_relu
:BasicsTransformerLM.layers.17.attn.output_proj,PushPop,30,30,1,1,70423,70423.0,70423.0,70423,70423,0.0,cutlass3x_sm100_simt_sgemm_f32_f32_f32_f32_f32_64x32x16_1x1x1_3_tnn_align1_bias_f32_relu
:BasicsTransformerLM.layers.17.attn.q_proj,PushPop,30,30,1,1,70295,70295.0,70295.0,70295,70295,0.0,cutlass3x_sm100_simt_sgemm_f32_f32_f32_f32_f32_64x32x16_1x1x1_3_tnn_align1_bias_f32_relu
:BasicsTransformerLM.layers.17.attn.v_proj,PushPop,30,30,1,1,70583,70583.0,70583.0,70583,70583,0.0,cutlass3x_sm100_simt_sgemm_f32_f32_f32_f32_f32_64x32x16_1x1x1_3_tnn_align1_bias_f32_relu
:BasicsTransformerLM.layers.17.ffn,PushPop,30,30,1,3,653011,217670.3,187804.0,186749,278458,52646.3,cutlass3x_sm100_simt_sgemm_f32_f32_f32_f32_f32_64x32x16_1x1x1_3_tnn_align1_bias_f32_relu
:BasicsTransformerLM.layers.17.ffn,PushPop,30,30,1,2,5570,2785.0,2785.0,2465,3105,452.5,"void at::native::vectorized_elementwise_kernel<(int)4, at::native::BinaryFunctor<float, float, float, at::native::binary_internal::MulFunctor<float>>, std::array<char *, (unsigned long)3>>(int, T2, T3)"
:BasicsTransformerLM.layers.17.ffn,PushPop,30,30,1,1,2945,2945.0,2945.0,2945,2945,0.0,"void at::native::vectorized_elementwise_kernel<(int)4, at::native::sigmoid_kernel_cuda(at::TensorIteratorBase &)::[lambda() (instance 2)]::operator ()() const::[lambda() (instance 2)]::operator ()() const::[lambda(float) (instance 1)], std::array<char *, (unsigned long)2>>(int, T2, T3)"
:BasicsTransformerLM.layers.17.ffn.w1,PushPop,30,30,1,1,187804,187804.0,187804.0,187804,187804,0.0,cutlass3x_sm100_simt_sgemm_f32_f32_f32_f32_f32_64x32x16_1x1x1_3_tnn_align1_bias_f32_relu
:BasicsTransformerLM.layers.17.ffn.w2,PushPop,30,30,1,1,278458,278458.0,278458.0,278458,278458,0.0,cutlass3x_sm100_simt_sgemm_f32_f32_f32_f32_f32_64x32x16_1x1x1_3_tnn_align1_bias_f32_relu
:BasicsTransformerLM.layers.17.ffn.w3,PushPop,30,30,1,1,186749,186749.0,186749.0,186749,186749,0.0,cutlass3x_sm100_simt_sgemm_f32_f32_f32_f32_f32_64x32x16_1x1x1_3_tnn_align1_bias_f32_relu
:BasicsTransformerLM.layers.17.ln1,PushPop,30,30,1,1,8355,8355.0,8355.0,8355,8355,0.0,"void at::native::reduce_kernel<(int)512, (int)1, at::native::ReduceOp<float, at::native::MeanOps<float, float, float, float>, unsigned int, float, (int)4, (int)4>>(T3)"
:BasicsTransformerLM.layers.17.ln1,PushPop,30,30,1,2,4866,2433.0,2433.0,2433,2433,0.0,"void at::native::elementwise_kernel<(int)128, (int)2, void at::native::gpu_kernel_impl_nocast<at::native::BinaryFunctor<float, float, float, at::native::binary_internal::MulFunctor<float>>>(at::TensorIteratorBase &, const T1 &)::[lambda(int) (instance 1)]>(int, T3)"
:BasicsTransformerLM.layers.17.ln1,PushPop,30,30,1,1,1632,1632.0,1632.0,1632,1632,0.0,"void at::native::vectorized_elementwise_kernel<(int)4, void at::native::<unnamed>::pow_tensor_scalar_kernel_impl<float, float>(at::TensorIteratorBase &, T2)::[lambda(float) (instance 1)], std::array<char *, (unsigned long)2>>(int, T2, T3)"
:BasicsTransformerLM.layers.17.ln1,PushPop,30,30,1,1,1281,1281.0,1281.0,1281,1281,0.0,"void at::native::vectorized_elementwise_kernel<(int)4, at::native::CUDAFunctorOnSelf_add<float>, std::array<char *, (unsigned long)2>>(int, T2, T3)"
:BasicsTransformerLM.layers.17.ln1,PushPop,30,30,1,1,1216,1216.0,1216.0,1216,1216,0.0,"void at::native::vectorized_elementwise_kernel<(int)4, at::native::rsqrt_kernel_cuda(at::TensorIteratorBase &)::[lambda() (instance 2)]::operator ()() const::[lambda() (instance 2)]::operator ()() const::[lambda(float) (instance 1)], std::array<char *, (unsigned long)2>>(int, T2, T3)"
:BasicsTransformerLM.layers.17.ln2,PushPop,30,30,1,1,8579,8579.0,8579.0,8579,8579,0.0,"void at::native::reduce_kernel<(int)512, (int)1, at::native::ReduceOp<float, at::native::MeanOps<float, float, float, float>, unsigned int, float, (int)4, (int)4>>(T3)"
:BasicsTransformerLM.layers.17.ln2,PushPop,30,30,1,2,4930,2465.0,2465.0,2433,2497,45.3,"void at::native::elementwise_kernel<(int)128, (int)2, void at::native::gpu_kernel_impl_nocast<at::native::BinaryFunctor<float, float, float, at::native::binary_internal::MulFunctor<float>>>(at::TensorIteratorBase &, const T1 &)::[lambda(int) (instance 1)]>(int, T3)"
:BasicsTransformerLM.layers.17.ln2,PushPop,30,30,1,1,1664,1664.0,1664.0,1664,1664,0.0,"void at::native::vectorized_elementwise_kernel<(int)4, void at::native::<unnamed>::pow_tensor_scalar_kernel_impl<float, float>(at::TensorIteratorBase &, T2)::[lambda(float) (instance 1)], std::array<char *, (unsigned long)2>>(int, T2, T3)"
:BasicsTransformerLM.layers.17.ln2,PushPop,30,30,1,1,1281,1281.0,1281.0,1281,1281,0.0,"void at::native::vectorized_elementwise_kernel<(int)4, at::native::CUDAFunctorOnSelf_add<float>, std::array<char *, (unsigned long)2>>(int, T2, T3)"
:BasicsTransformerLM.layers.17.ln2,PushPop,30,30,1,1,1216,1216.0,1216.0,1216,1216,0.0,"void at::native::vectorized_elementwise_kernel<(int)4, at::native::rsqrt_kernel_cuda(at::TensorIteratorBase &)::[lambda() (instance 2)]::operator ()() const::[lambda() (instance 2)]::operator ()() const::[lambda(float) (instance 1)], std::array<char *, (unsigned long)2>>(int, T2, T3)"
:BasicsTransformerLM.layers.18,PushPop,30,30,1,8,940175,117521.9,70598.0,5218,278746,90466.2,cutlass3x_sm100_simt_sgemm_f32_f32_f32_f32_f32_64x32x16_1x1x1_3_tnn_align1_bias_f32_relu
:BasicsTransformerLM.layers.18,PushPop,30,30,1,12,26471,2205.9,2192.5,1888,2785,306.4,"void at::native::elementwise_kernel<(int)128, (int)2, void at::native::gpu_kernel_impl_nocast<at::native::BinaryFunctor<float, float, float, at::native::binary_internal::MulFunctor<float>>>(at::TensorIteratorBase &, const T1 &)::[lambda(int) (instance 1)]>(int, T3)"
:BasicsTransformerLM.layers.18,PushPop,30,30,1,2,16902,8451.0,8451.0,8451,8451,0.0,"void at::native::reduce_kernel<(int)512, (int)1, at::native::ReduceOp<float, at::native::MeanOps<float, float, float, float>, unsigned int, float, (int)4, (int)4>>(T3)"
:BasicsTransformerLM.layers.18,PushPop,30,30,1,6,10692,1782.0,1697.0,1536,2177,258.1,"void at::native::vectorized_elementwise_kernel<(int)4, at::native::CUDAFunctor_add<float>, std::array<char *, (unsigned long)3>>(int, T2, T3)"
:BasicsTransformerLM.layers.18,PushPop,30,30,1,2,8548,4274.0,4274.0,4194,4354,113.1,"void at::native::<unnamed>::CatArrayBatchedCopy<at::native::<unnamed>::OpaqueType<(unsigned int)4>, unsigned int, (int)4, (int)64, (int)64>(T1 *, at::native::<unnamed>::CatArrInputTensorMetadata<T1, T2, T4, T5>, at::native::<unnamed>::TensorSizeStride<T2, (unsigned int)4>, int, T2)"
:BasicsTransformerLM.layers.18,PushPop,30,30,1,1,6786,6786.0,6786.0,6786,6786,0.0,cutlass3x_sm100_simt_sgemm_f32_f32_f32_f32_f32_64x32x16_1x1x1_3_nnn_align1_bias_f32_relu
:BasicsTransformerLM.layers.18,PushPop,30,30,1,2,5506,2753.0,2753.0,2401,3105,497.8,"void at::native::vectorized_elementwise_kernel<(int)4, at::native::BinaryFunctor<float, float, float, at::native::binary_internal::MulFunctor<float>>, std::array<char *, (unsigned long)3>>(int, T2, T3)"
:BasicsTransformerLM.layers.18,PushPop,30,30,1,1,4225,4225.0,4225.0,4225,4225,0.0,"void at::native::reduce_kernel<(int)512, (int)1, at::native::ReduceOp<float, at::native::MaxOps<float>, unsigned int, float, (int)4, (int)4>>(T3)"
:BasicsTransformerLM.layers.18,PushPop,30,30,1,1,3457,3457.0,3457.0,3457,3457,0.0,"void at::native::elementwise_kernel<(int)128, (int)2, void at::native::gpu_kernel_impl_nocast<at::native::BinaryFunctor<float, float, float, at::native::binary_internal::DivFunctor<float>>>(at::TensorIteratorBase &, const T1 &)::[lambda(int) (instance 1)]>(int, T3)"
:BasicsTransformerLM.layers.18,PushPop,30,30,1,2,3329,1664.5,1664.5,1664,1665,0.7,"void at::native::vectorized_elementwise_kernel<(int)4, void at::native::<unnamed>::pow_tensor_scalar_kernel_impl<float, float>(at::TensorIteratorBase &, T2)::[lambda(float) (instance 1)], std::array<char *, (unsigned long)2>>(int, T2, T3)"
:BasicsTransformerLM.layers.18,PushPop,30,30,1,1,3201,3201.0,3201.0,3201,3201,0.0,"void at::native::elementwise_kernel<(int)128, (int)2, void at::native::gpu_kernel_impl_nocast<at::native::<unnamed>::where_kernel_impl(at::TensorIterator &)::[lambda() (instance 1)]::operator ()() const::[lambda() (instance 11)]::operator ()() const::[lambda(bool, float, float) (instance 1)]>(at::TensorIteratorBase &, const T1 &)::[lambda(int) (instance 1)]>(int, T3)"
:BasicsTransformerLM.layers.18,PushPop,30,30,1,1,2945,2945.0,2945.0,2945,2945,0.0,"void at::native::elementwise_kernel<(int)128, (int)2, void at::native::gpu_kernel_impl_nocast<at::native::CUDAFunctor_add<float>>(at::TensorIteratorBase &, const T1 &)::[lambda(int) (instance 1)]>(int, T3)"
:BasicsTransformerLM.layers.18,PushPop,30,30,1,1,2913,2913.0,2913.0,2913,2913,0.0,"void at::native::vectorized_elementwise_kernel<(int)4, at::native::sigmoid_kernel_cuda(at::TensorIteratorBase &)::[lambda() (instance 2)]::operator ()() const::[lambda() (instance 2)]::operator ()() const::[lambda(float) (instance 1)], std::array<char *, (unsigned long)2>>(int, T2, T3)"
:BasicsTransformerLM.layers.18,PushPop,30,30,1,1,2785,2785.0,2785.0,2785,2785,0.0,"void at::native::reduce_kernel<(int)512, (int)1, at::native::ReduceOp<float, at::native::func_wrapper_t<float, at::native::sum_functor<float, float, float>::operator ()(at::TensorIterator &)::[lambda(float, float) (instance 1)]>, unsigned int, float, (int)4, (int)4>>(T3)"
:BasicsTransformerLM.layers.18,PushPop,30,30,1,1,2529,2529.0,2529.0,2529,2529,0.0,"void at::native::elementwise_kernel<(int)128, (int)2, void at::native::gpu_kernel_impl_nocast<at::native::direct_copy_kernel_cuda(at::TensorIteratorBase &)::[lambda() (instance 3)]::operator ()() const::[lambda() (instance 7)]::operator ()() const::[lambda(float) (instance 1)]>(at::TensorIteratorBase &, const T1 &)::[lambda(int) (instance 1)]>(int, T3)"
:BasicsTransformerLM.layers.18,PushPop,30,30,1,2,2529,1264.5,1264.5,1249,1280,21.9,"void at::native::vectorized_elementwise_kernel<(int)4, at::native::CUDAFunctorOnSelf_add<float>, std::array<char *, (unsigned long)2>>(int, T2, T3)"
:BasicsTransformerLM.layers.18,PushPop,30,30,1,2,2529,1264.5,1264.5,1216,1313,68.6,"void at::native::vectorized_elementwise_kernel<(int)4, at::native::rsqrt_kernel_cuda(at::TensorIteratorBase &)::[lambda() (instance 2)]::operator ()() const::[lambda() (instance 2)]::operator ()() const::[lambda(float) (instance 1)], std::array<char *, (unsigned long)2>>(int, T2, T3)"
:BasicsTransformerLM.layers.18,PushPop,30,30,1,1,2209,2209.0,2209.0,2209,2209,0.0,"void at::native::elementwise_kernel<(int)128, (int)4, void at::native::gpu_kernel_impl_nocast<at::native::<unnamed>::CompareFunctor<long>>(at::TensorIteratorBase &, const T1 &)::[lambda(int) (instance 1)]>(int, T3)"
:BasicsTransformerLM.layers.18,PushPop,30,30,1,1,1985,1985.0,1985.0,1985,1985,0.0,"void at::native::vectorized_elementwise_kernel<(int)4, at::native::exp_kernel_cuda(at::TensorIteratorBase &)::[lambda() (instance 2)]::operator ()() const::[lambda() (instance 2)]::operator ()() const::[lambda(float) (instance 1)], std::array<char *, (unsigned long)2>>(int, T2, T3)"
:BasicsTransformerLM.layers.18,PushPop,30,30,1,1,1857,1857.0,1857.0,1857,1857,0.0,"void at::native::vectorized_elementwise_kernel<(int)4, at::native::BUnaryFunctor<float, float, float, at::native::binary_internal::MulFunctor<float>>, std::array<char *, (unsigned long)2>>(int, T2, T3)"
:BasicsTransformerLM.layers.18,PushPop,30,30,1,1,865,865.0,865.0,865,865,0.0,"void <unnamed>::elementwise_kernel_with_index<int, at::native::arange_cuda_out(const c10::Scalar &, const c10::Scalar &, const c10::Scalar &, at::Tensor &)::[lambda() (instance 1)]::operator ()() const::[lambda() (instance 4)]::operator ()() const::[lambda(long) (instance 1)]>(T1, T2, function_traits<T2>::result_type *)"
:BasicsTransformerLM.layers.18,PushPop,30,30,1,1,768,768.0,768.0,768,768,0.0,"void at::native::vectorized_elementwise_kernel<(int)4, at::native::FillFunctor<float>, std::array<char *, (unsigned long)1>>(int, T2, T3)"
:BasicsTransformerLM.layers.18.attn,PushPop,30,30,1,5,286556,57311.2,70135.0,5218,70806,29122.6,cutlass3x_sm100_simt_sgemm_f32_f32_f32_f32_f32_64x32x16_1x1x1_3_tnn_align1_bias_f32_relu
:BasicsTransformerLM.layers.18.attn,PushPop,30,30,1,8,16708,2088.5,1936.0,1888,2785,313.2,"void at::native::elementwise_kernel<(int)128, (int)2, void at::native::gpu_kernel_impl_nocast<at::native::BinaryFunctor<float, float, float, at::native::binary_internal::MulFunctor<float>>>(at::TensorIteratorBase &, const T1 &)::[lambda(int) (instance 1)]>(int, T3)"
:BasicsTransformerLM.layers.18.attn,PushPop,30,30,1,2,8548,4274.0,4274.0,4194,4354,113.1,"void at::native::<unnamed>::CatArrayBatchedCopy<at::native::<unnamed>::OpaqueType<(unsigned int)4>, unsigned int, (int)4, (int)64, (int)64>(T1 *, at::native::<unnamed>::CatArrInputTensorMetadata<T1, T2, T4, T5>, at::native::<unnamed>::TensorSizeStride<T2, (unsigned int)4>, int, T2)"
:BasicsTransformerLM.layers.18.attn,PushPop,30,30,1,1,6786,6786.0,6786.0,6786,6786,0.0,cutlass3x_sm100_simt_sgemm_f32_f32_f32_f32_f32_64x32x16_1x1x1_3_nnn_align1_bias_f32_relu
:BasicsTransformerLM.layers.18.attn,PushPop,30,30,1,4,6499,1624.8,1617.0,1536,1729,88.5,"void at::native::vectorized_elementwise_kernel<(int)4, at::native::CUDAFunctor_add<float>, std::array<char *, (unsigned long)3>>(int, T2, T3)"
:BasicsTransformerLM.layers.18.attn,PushPop,30,30,1,1,4225,4225.0,4225.0,4225,4225,0.0,"void at::native::reduce_kernel<(int)512, (int)1, at::native::ReduceOp<float, at::native::MaxOps<float>, unsigned int, float, (int)4, (int)4>>(T3)"
:BasicsTransformerLM.layers.18.attn,PushPop,30,30,1,1,3457,3457.0,3457.0,3457,3457,0.0,"void at::native::elementwise_kernel<(int)128, (int)2, void at::native::gpu_kernel_impl_nocast<at::native::BinaryFunctor<float, float, float, at::native::binary_internal::DivFunctor<float>>>(at::TensorIteratorBase &, const T1 &)::[lambda(int) (instance 1)]>(int, T3)"
:BasicsTransformerLM.layers.18.attn,PushPop,30,30,1,1,3201,3201.0,3201.0,3201,3201,0.0,"void at::native::elementwise_kernel<(int)128, (int)2, void at::native::gpu_kernel_impl_nocast<at::native::<unnamed>::where_kernel_impl(at::TensorIterator &)::[lambda() (instance 1)]::operator ()() const::[lambda() (instance 11)]::operator ()() const::[lambda(bool, float, float) (instance 1)]>(at::TensorIteratorBase &, const T1 &)::[lambda(int) (instance 1)]>(int, T3)"
:BasicsTransformerLM.layers.18.attn,PushPop,30,30,1,1,2945,2945.0,2945.0,2945,2945,0.0,"void at::native::elementwise_kernel<(int)128, (int)2, void at::native::gpu_kernel_impl_nocast<at::native::CUDAFunctor_add<float>>(at::TensorIteratorBase &, const T1 &)::[lambda(int) (instance 1)]>(int, T3)"
:BasicsTransformerLM.layers.18.attn,PushPop,30,30,1,1,2785,2785.0,2785.0,2785,2785,0.0,"void at::native::reduce_kernel<(int)512, (int)1, at::native::ReduceOp<float, at::native::func_wrapper_t<float, at::native::sum_functor<float, float, float>::operator ()(at::TensorIterator &)::[lambda(float, float) (instance 1)]>, unsigned int, float, (int)4, (int)4>>(T3)"
:BasicsTransformerLM.layers.18.attn,PushPop,30,30,1,1,2529,2529.0,2529.0,2529,2529,0.0,"void at::native::elementwise_kernel<(int)128, (int)2, void at::native::gpu_kernel_impl_nocast<at::native::direct_copy_kernel_cuda(at::TensorIteratorBase &)::[lambda() (instance 3)]::operator ()() const::[lambda() (instance 7)]::operator ()() const::[lambda(float) (instance 1)]>(at::TensorIteratorBase &, const T1 &)::[lambda(int) (instance 1)]>(int, T3)"
:BasicsTransformerLM.layers.18.attn,PushPop,30,30,1,1,2209,2209.0,2209.0,2209,2209,0.0,"void at::native::elementwise_kernel<(int)128, (int)4, void at::native::gpu_kernel_impl_nocast<at::native::<unnamed>::CompareFunctor<long>>(at::TensorIteratorBase &, const T1 &)::[lambda(int) (instance 1)]>(int, T3)"
:BasicsTransformerLM.layers.18.attn,PushPop,30,30,1,1,1985,1985.0,1985.0,1985,1985,0.0,"void at::native::vectorized_elementwise_kernel<(int)4, at::native::exp_kernel_cuda(at::TensorIteratorBase &)::[lambda() (instance 2)]::operator ()() const::[lambda() (instance 2)]::operator ()() const::[lambda(float) (instance 1)], std::array<char *, (unsigned long)2>>(int, T2, T3)"
:BasicsTransformerLM.layers.18.attn,PushPop,30,30,1,1,1857,1857.0,1857.0,1857,1857,0.0,"void at::native::vectorized_elementwise_kernel<(int)4, at::native::BUnaryFunctor<float, float, float, at::native::binary_internal::MulFunctor<float>>, std::array<char *, (unsigned long)2>>(int, T2, T3)"
:BasicsTransformerLM.layers.18.attn,PushPop,30,30,1,1,865,865.0,865.0,865,865,0.0,"void <unnamed>::elementwise_kernel_with_index<int, at::native::arange_cuda_out(const c10::Scalar &, const c10::Scalar &, const c10::Scalar &, at::Tensor &)::[lambda() (instance 1)]::operator ()() const::[lambda() (instance 4)]::operator ()() const::[lambda(long) (instance 1)]>(T1, T2, function_traits<T2>::result_type *)"
:BasicsTransformerLM.layers.18.attn,PushPop,30,30,1,1,768,768.0,768.0,768,768,0.0,"void at::native::vectorized_elementwise_kernel<(int)4, at::native::FillFunctor<float>, std::array<char *, (unsigned long)1>>(int, T2, T3)"
:BasicsTransformerLM.layers.18.attn.k_proj,PushPop,30,30,1,1,70390,70390.0,70390.0,70390,70390,0.0,cutlass3x_sm100_simt_sgemm_f32_f32_f32_f32_f32_64x32x16_1x1x1_3_tnn_align1_bias_f32_relu
:BasicsTransformerLM.layers.18.attn.output_proj,PushPop,30,30,1,1,70806,70806.0,70806.0,70806,70806,0.0,cutlass3x_sm100_simt_sgemm_f32_f32_f32_f32_f32_64x32x16_1x1x1_3_tnn_align1_bias_f32_relu
:BasicsTransformerLM.layers.18.attn.q_proj,PushPop,30,30,1,1,70007,70007.0,70007.0,70007,70007,0.0,cutlass3x_sm100_simt_sgemm_f32_f32_f32_f32_f32_64x32x16_1x1x1_3_tnn_align1_bias_f32_relu
:BasicsTransformerLM.layers.18.attn.v_proj,PushPop,30,30,1,1,70135,70135.0,70135.0,70135,70135,0.0,cutlass3x_sm100_simt_sgemm_f32_f32_f32_f32_f32_64x32x16_1x1x1_3_tnn_align1_bias_f32_relu
:BasicsTransformerLM.layers.18.ffn,PushPop,30,30,1,3,653619,217873.0,187901.0,186972,278746,52719.6,cutlass3x_sm100_simt_sgemm_f32_f32_f32_f32_f32_64x32x16_1x1x1_3_tnn_align1_bias_f32_relu
:BasicsTransformerLM.layers.18.ffn,PushPop,30,30,1,2,5506,2753.0,2753.0,2401,3105,497.8,"void at::native::vectorized_elementwise_kernel<(int)4, at::native::BinaryFunctor<float, float, float, at::native::binary_internal::MulFunctor<float>>, std::array<char *, (unsigned long)3>>(int, T2, T3)"
:BasicsTransformerLM.layers.18.ffn,PushPop,30,30,1,1,2913,2913.0,2913.0,2913,2913,0.0,"void at::native::vectorized_elementwise_kernel<(int)4, at::native::sigmoid_kernel_cuda(at::TensorIteratorBase &)::[lambda() (instance 2)]::operator ()() const::[lambda() (instance 2)]::operator ()() const::[lambda(float) (instance 1)], std::array<char *, (unsigned long)2>>(int, T2, T3)"
:BasicsTransformerLM.layers.18.ffn.w1,PushPop,30,30,1,1,187901,187901.0,187901.0,187901,187901,0.0,cutlass3x_sm100_simt_sgemm_f32_f32_f32_f32_f32_64x32x16_1x1x1_3_tnn_align1_bias_f32_relu
:BasicsTransformerLM.layers.18.ffn.w2,PushPop,30,30,1,1,278746,278746.0,278746.0,278746,278746,0.0,cutlass3x_sm100_simt_sgemm_f32_f32_f32_f32_f32_64x32x16_1x1x1_3_tnn_align1_bias_f32_relu
:BasicsTransformerLM.layers.18.ffn.w3,PushPop,30,30,1,1,186972,186972.0,186972.0,186972,186972,0.0,cutlass3x_sm100_simt_sgemm_f32_f32_f32_f32_f32_64x32x16_1x1x1_3_tnn_align1_bias_f32_relu
:BasicsTransformerLM.layers.18.ln1,PushPop,30,30,1,1,8451,8451.0,8451.0,8451,8451,0.0,"void at::native::reduce_kernel<(int)512, (int)1, at::native::ReduceOp<float, at::native::MeanOps<float, float, float, float>, unsigned int, float, (int)4, (int)4>>(T3)"
:BasicsTransformerLM.layers.18.ln1,PushPop,30,30,1,2,4802,2401.0,2401.0,2337,2465,90.5,"void at::native::elementwise_kernel<(int)128, (int)2, void at::native::gpu_kernel_impl_nocast<at::native::BinaryFunctor<float, float, float, at::native::binary_internal::MulFunctor<float>>>(at::TensorIteratorBase &, const T1 &)::[lambda(int) (instance 1)]>(int, T3)"
:BasicsTransformerLM.layers.18.ln1,PushPop,30,30,1,1,1664,1664.0,1664.0,1664,1664,0.0,"void at::native::vectorized_elementwise_kernel<(int)4, void at::native::<unnamed>::pow_tensor_scalar_kernel_impl<float, float>(at::TensorIteratorBase &, T2)::[lambda(float) (instance 1)], std::array<char *, (unsigned long)2>>(int, T2, T3)"
:BasicsTransformerLM.layers.18.ln1,PushPop,30,30,1,1,1313,1313.0,1313.0,1313,1313,0.0,"void at::native::vectorized_elementwise_kernel<(int)4, at::native::rsqrt_kernel_cuda(at::TensorIteratorBase &)::[lambda() (instance 2)]::operator ()() const::[lambda() (instance 2)]::operator ()() const::[lambda(float) (instance 1)], std::array<char *, (unsigned long)2>>(int, T2, T3)"
:BasicsTransformerLM.layers.18.ln1,PushPop,30,30,1,1,1249,1249.0,1249.0,1249,1249,0.0,"void at::native::vectorized_elementwise_kernel<(int)4, at::native::CUDAFunctorOnSelf_add<float>, std::array<char *, (unsigned long)2>>(int, T2, T3)"
:BasicsTransformerLM.layers.18.ln2,PushPop,30,30,1,1,8451,8451.0,8451.0,8451,8451,0.0,"void at::native::reduce_kernel<(int)512, (int)1, at::native::ReduceOp<float, at::native::MeanOps<float, float, float, float>, unsigned int, float, (int)4, (int)4>>(T3)"
:BasicsTransformerLM.layers.18.ln2,PushPop,30,30,1,2,4961,2480.5,2480.5,2465,2496,21.9,"void at::native::elementwise_kernel<(int)128, (int)2, void at::native::gpu_kernel_impl_nocast<at::native::BinaryFunctor<float, float, float, at::native::binary_internal::MulFunctor<float>>>(at::TensorIteratorBase &, const T1 &)::[lambda(int) (instance 1)]>(int, T3)"
:BasicsTransformerLM.layers.18.ln2,PushPop,30,30,1,1,1665,1665.0,1665.0,1665,1665,0.0,"void at::native::vectorized_elementwise_kernel<(int)4, void at::native::<unnamed>::pow_tensor_scalar_kernel_impl<float, float>(at::TensorIteratorBase &, T2)::[lambda(float) (instance 1)], std::array<char *, (unsigned long)2>>(int, T2, T3)"
:BasicsTransformerLM.layers.18.ln2,PushPop,30,30,1,1,1280,1280.0,1280.0,1280,1280,0.0,"void at::native::vectorized_elementwise_kernel<(int)4, at::native::CUDAFunctorOnSelf_add<float>, std::array<char *, (unsigned long)2>>(int, T2, T3)"
:BasicsTransformerLM.layers.18.ln2,PushPop,30,30,1,1,1216,1216.0,1216.0,1216,1216,0.0,"void at::native::vectorized_elementwise_kernel<(int)4, at::native::rsqrt_kernel_cuda(at::TensorIteratorBase &)::[lambda() (instance 2)]::operator ()() const::[lambda() (instance 2)]::operator ()() const::[lambda(float) (instance 1)], std::array<char *, (unsigned long)2>>(int, T2, T3)"
:BasicsTransformerLM.layers.19,PushPop,30,30,1,8,940529,117566.1,70807.0,5121,278170,90183.5,cutlass3x_sm100_simt_sgemm_f32_f32_f32_f32_f32_64x32x16_1x1x1_3_tnn_align1_bias_f32_relu
:BasicsTransformerLM.layers.19,PushPop,30,30,1,12,27017,2251.4,2288.5,1889,2721,311.2,"void at::native::elementwise_kernel<(int)128, (int)2, void at::native::gpu_kernel_impl_nocast<at::native::BinaryFunctor<float, float, float, at::native::binary_internal::MulFunctor<float>>>(at::TensorIteratorBase &, const T1 &)::[lambda(int) (instance 1)]>(int, T3)"
:BasicsTransformerLM.layers.19,PushPop,30,30,1,2,16933,8466.5,8466.5,8355,8578,157.7,"void at::native::reduce_kernel<(int)512, (int)1, at::native::ReduceOp<float, at::native::MeanOps<float, float, float, float>, unsigned int, float, (int)4, (int)4>>(T3)"
:BasicsTransformerLM.layers.19,PushPop,30,30,1,6,11078,1846.3,1825.0,1601,2145,260.5,"void at::native::vectorized_elementwise_kernel<(int)4, at::native::CUDAFunctor_add<float>, std::array<char *, (unsigned long)3>>(int, T2, T3)"
:BasicsTransformerLM.layers.19,PushPop,30,30,1,2,8578,4289.0,4289.0,4193,4385,135.8,"void at::native::<unnamed>::CatArrayBatchedCopy<at::native::<unnamed>::OpaqueType<(unsigned int)4>, unsigned int, (int)4, (int)64, (int)64>(T1 *, at::native::<unnamed>::CatArrInputTensorMetadata<T1, T2, T4, T5>, at::native::<unnamed>::TensorSizeStride<T2, (unsigned int)4>, int, T2)"
:BasicsTransformerLM.layers.19,PushPop,30,30,1,1,6818,6818.0,6818.0,6818,6818,0.0,cutlass3x_sm100_simt_sgemm_f32_f32_f32_f32_f32_64x32x16_1x1x1_3_nnn_align1_bias_f32_relu
:BasicsTransformerLM.layers.19,PushPop,30,30,1,2,5602,2801.0,2801.0,2465,3137,475.2,"void at::native::vectorized_elementwise_kernel<(int)4, at::native::BinaryFunctor<float, float, float, at::native::binary_internal::MulFunctor<float>>, std::array<char *, (unsigned long)3>>(int, T2, T3)"
:BasicsTransformerLM.layers.19,PushPop,30,30,1,1,4193,4193.0,4193.0,4193,4193,0.0,"void at::native::reduce_kernel<(int)512, (int)1, at::native::ReduceOp<float, at::native::MaxOps<float>, unsigned int, float, (int)4, (int)4>>(T3)"
:BasicsTransformerLM.layers.19,PushPop,30,30,1,1,3425,3425.0,3425.0,3425,3425,0.0,"void at::native::elementwise_kernel<(int)128, (int)2, void at::native::gpu_kernel_impl_nocast<at::native::BinaryFunctor<float, float, float, at::native::binary_internal::DivFunctor<float>>>(at::TensorIteratorBase &, const T1 &)::[lambda(int) (instance 1)]>(int, T3)"
:BasicsTransformerLM.layers.19,PushPop,30,30,1,2,3298,1649.0,1649.0,1633,1665,22.6,"void at::native::vectorized_elementwise_kernel<(int)4, void at::native::<unnamed>::pow_tensor_scalar_kernel_impl<float, float>(at::TensorIteratorBase &, T2)::[lambda(float) (instance 1)], std::array<char *, (unsigned long)2>>(int, T2, T3)"
:BasicsTransformerLM.layers.19,PushPop,30,30,1,1,3297,3297.0,3297.0,3297,3297,0.0,"void at::native::elementwise_kernel<(int)128, (int)2, void at::native::gpu_kernel_impl_nocast<at::native::<unnamed>::where_kernel_impl(at::TensorIterator &)::[lambda() (instance 1)]::operator ()() const::[lambda() (instance 11)]::operator ()() const::[lambda(bool, float, float) (instance 1)]>(at::TensorIteratorBase &, const T1 &)::[lambda(int) (instance 1)]>(int, T3)"
:BasicsTransformerLM.layers.19,PushPop,30,30,1,1,3105,3105.0,3105.0,3105,3105,0.0,"void at::native::vectorized_elementwise_kernel<(int)4, at::native::sigmoid_kernel_cuda(at::TensorIteratorBase &)::[lambda() (instance 2)]::operator ()() const::[lambda() (instance 2)]::operator ()() const::[lambda(float) (instance 1)], std::array<char *, (unsigned long)2>>(int, T2, T3)"
:BasicsTransformerLM.layers.19,PushPop,30,30,1,1,2913,2913.0,2913.0,2913,2913,0.0,"void at::native::elementwise_kernel<(int)128, (int)2, void at::native::gpu_kernel_impl_nocast<at::native::CUDAFunctor_add<float>>(at::TensorIteratorBase &, const T1 &)::[lambda(int) (instance 1)]>(int, T3)"
:BasicsTransformerLM.layers.19,PushPop,30,30,1,1,2784,2784.0,2784.0,2784,2784,0.0,"void at::native::reduce_kernel<(int)512, (int)1, at::native::ReduceOp<float, at::native::func_wrapper_t<float, at::native::sum_functor<float, float, float>::operator ()(at::TensorIterator &)::[lambda(float, float) (instance 1)]>, unsigned int, float, (int)4, (int)4>>(T3)"
:BasicsTransformerLM.layers.19,PushPop,30,30,1,2,2592,1296.0,1296.0,1152,1440,203.6,"void at::native::vectorized_elementwise_kernel<(int)4, at::native::CUDAFunctorOnSelf_add<float>, std::array<char *, (unsigned long)2>>(int, T2, T3)"
:BasicsTransformerLM.layers.19,PushPop,30,30,1,1,2560,2560.0,2560.0,2560,2560,0.0,"void at::native::elementwise_kernel<(int)128, (int)2, void at::native::gpu_kernel_impl_nocast<at::native::direct_copy_kernel_cuda(at::TensorIteratorBase &)::[lambda() (instance 3)]::operator ()() const::[lambda() (instance 7)]::operator ()() const::[lambda(float) (instance 1)]>(at::TensorIteratorBase &, const T1 &)::[lambda(int) (instance 1)]>(int, T3)"
:BasicsTransformerLM.layers.19,PushPop,30,30,1,2,2305,1152.5,1152.5,1056,1249,136.5,"void at::native::vectorized_elementwise_kernel<(int)4, at::native::rsqrt_kernel_cuda(at::TensorIteratorBase &)::[lambda() (instance 2)]::operator ()() const::[lambda() (instance 2)]::operator ()() const::[lambda(float) (instance 1)], std::array<char *, (unsigned long)2>>(int, T2, T3)"
:BasicsTransformerLM.layers.19,PushPop,30,30,1,1,2273,2273.0,2273.0,2273,2273,0.0,"void at::native::elementwise_kernel<(int)128, (int)4, void at::native::gpu_kernel_impl_nocast<at::native::<unnamed>::CompareFunctor<long>>(at::TensorIteratorBase &, const T1 &)::[lambda(int) (instance 1)]>(int, T3)"
:BasicsTransformerLM.layers.19,PushPop,30,30,1,1,1984,1984.0,1984.0,1984,1984,0.0,"void at::native::vectorized_elementwise_kernel<(int)4, at::native::BUnaryFunctor<float, float, float, at::native::binary_internal::MulFunctor<float>>, std::array<char *, (unsigned long)2>>(int, T2, T3)"
:BasicsTransformerLM.layers.19,PushPop,30,30,1,1,1921,1921.0,1921.0,1921,1921,0.0,"void at::native::vectorized_elementwise_kernel<(int)4, at::native::exp_kernel_cuda(at::TensorIteratorBase &)::[lambda() (instance 2)]::operator ()() const::[lambda() (instance 2)]::operator ()() const::[lambda(float) (instance 1)], std::array<char *, (unsigned long)2>>(int, T2, T3)"
:BasicsTransformerLM.layers.19,PushPop,30,30,1,1,800,800.0,800.0,800,800,0.0,"void at::native::vectorized_elementwise_kernel<(int)4, at::native::FillFunctor<float>, std::array<char *, (unsigned long)1>>(int, T2, T3)"
:BasicsTransformerLM.layers.19,PushPop,30,30,1,1,768,768.0,768.0,768,768,0.0,"void <unnamed>::elementwise_kernel_with_index<int, at::native::arange_cuda_out(const c10::Scalar &, const c10::Scalar &, const c10::Scalar &, at::Tensor &)::[lambda() (instance 1)]::operator ()() const::[lambda() (instance 4)]::operator ()() const::[lambda(long) (instance 1)]>(T1, T2, function_traits<T2>::result_type *)"
:BasicsTransformerLM.layers.19.attn,PushPop,30,30,1,5,287901,57580.2,70615.0,5121,70807,29325.8,cutlass3x_sm100_simt_sgemm_f32_f32_f32_f32_f32_64x32x16_1x1x1_3_tnn_align1_bias_f32_relu
:BasicsTransformerLM.layers.19.attn,PushPop,30,30,1,8,16997,2124.6,1953.0,1889,2721,302.3,"void at::native::elementwise_kernel<(int)128, (int)2, void at::native::gpu_kernel_impl_nocast<at::native::BinaryFunctor<float, float, float, at::native::binary_internal::MulFunctor<float>>>(at::TensorIteratorBase &, const T1 &)::[lambda(int) (instance 1)]>(int, T3)"
:BasicsTransformerLM.layers.19.attn,PushPop,30,30,1,2,8578,4289.0,4289.0,4193,4385,135.8,"void at::native::<unnamed>::CatArrayBatchedCopy<at::native::<unnamed>::OpaqueType<(unsigned int)4>, unsigned int, (int)4, (int)64, (int)64>(T1 *, at::native::<unnamed>::CatArrInputTensorMetadata<T1, T2, T4, T5>, at::native::<unnamed>::TensorSizeStride<T2, (unsigned int)4>, int, T2)"
:BasicsTransformerLM.layers.19.attn,PushPop,30,30,1,4,6852,1713.0,1617.0,1601,2017,203.2,"void at::native::vectorized_elementwise_kernel<(int)4, at::native::CUDAFunctor_add<float>, std::array<char *, (unsigned long)3>>(int, T2, T3)"
:BasicsTransformerLM.layers.19.attn,PushPop,30,30,1,1,6818,6818.0,6818.0,6818,6818,0.0,cutlass3x_sm100_simt_sgemm_f32_f32_f32_f32_f32_64x32x16_1x1x1_3_nnn_align1_bias_f32_relu
:BasicsTransformerLM.layers.19.attn,PushPop,30,30,1,1,4193,4193.0,4193.0,4193,4193,0.0,"void at::native::reduce_kernel<(int)512, (int)1, at::native::ReduceOp<float, at::native::MaxOps<float>, unsigned int, float, (int)4, (int)4>>(T3)"
:BasicsTransformerLM.layers.19.attn,PushPop,30,30,1,1,3425,3425.0,3425.0,3425,3425,0.0,"void at::native::elementwise_kernel<(int)128, (int)2, void at::native::gpu_kernel_impl_nocast<at::native::BinaryFunctor<float, float, float, at::native::binary_internal::DivFunctor<float>>>(at::TensorIteratorBase &, const T1 &)::[lambda(int) (instance 1)]>(int, T3)"
:BasicsTransformerLM.layers.19.attn,PushPop,30,30,1,1,3297,3297.0,3297.0,3297,3297,0.0,"void at::native::elementwise_kernel<(int)128, (int)2, void at::native::gpu_kernel_impl_nocast<at::native::<unnamed>::where_kernel_impl(at::TensorIterator &)::[lambda() (instance 1)]::operator ()() const::[lambda() (instance 11)]::operator ()() const::[lambda(bool, float, float) (instance 1)]>(at::TensorIteratorBase &, const T1 &)::[lambda(int) (instance 1)]>(int, T3)"
:BasicsTransformerLM.layers.19.attn,PushPop,30,30,1,1,2913,2913.0,2913.0,2913,2913,0.0,"void at::native::elementwise_kernel<(int)128, (int)2, void at::native::gpu_kernel_impl_nocast<at::native::CUDAFunctor_add<float>>(at::TensorIteratorBase &, const T1 &)::[lambda(int) (instance 1)]>(int, T3)"
:BasicsTransformerLM.layers.19.attn,PushPop,30,30,1,1,2784,2784.0,2784.0,2784,2784,0.0,"void at::native::reduce_kernel<(int)512, (int)1, at::native::ReduceOp<float, at::native::func_wrapper_t<float, at::native::sum_functor<float, float, float>::operator ()(at::TensorIterator &)::[lambda(float, float) (instance 1)]>, unsigned int, float, (int)4, (int)4>>(T3)"
:BasicsTransformerLM.layers.19.attn,PushPop,30,30,1,1,2560,2560.0,2560.0,2560,2560,0.0,"void at::native::elementwise_kernel<(int)128, (int)2, void at::native::gpu_kernel_impl_nocast<at::native::direct_copy_kernel_cuda(at::TensorIteratorBase &)::[lambda() (instance 3)]::operator ()() const::[lambda() (instance 7)]::operator ()() const::[lambda(float) (instance 1)]>(at::TensorIteratorBase &, const T1 &)::[lambda(int) (instance 1)]>(int, T3)"
:BasicsTransformerLM.layers.19.attn,PushPop,30,30,1,1,2273,2273.0,2273.0,2273,2273,0.0,"void at::native::elementwise_kernel<(int)128, (int)4, void at::native::gpu_kernel_impl_nocast<at::native::<unnamed>::CompareFunctor<long>>(at::TensorIteratorBase &, const T1 &)::[lambda(int) (instance 1)]>(int, T3)"
:BasicsTransformerLM.layers.19.attn,PushPop,30,30,1,1,1984,1984.0,1984.0,1984,1984,0.0,"void at::native::vectorized_elementwise_kernel<(int)4, at::native::BUnaryFunctor<float, float, float, at::native::binary_internal::MulFunctor<float>>, std::array<char *, (unsigned long)2>>(int, T2, T3)"
:BasicsTransformerLM.layers.19.attn,PushPop,30,30,1,1,1921,1921.0,1921.0,1921,1921,0.0,"void at::native::vectorized_elementwise_kernel<(int)4, at::native::exp_kernel_cuda(at::TensorIteratorBase &)::[lambda() (instance 2)]::operator ()() const::[lambda() (instance 2)]::operator ()() const::[lambda(float) (instance 1)], std::array<char *, (unsigned long)2>>(int, T2, T3)"
:BasicsTransformerLM.layers.19.attn,PushPop,30,30,1,1,800,800.0,800.0,800,800,0.0,"void at::native::vectorized_elementwise_kernel<(int)4, at::native::FillFunctor<float>, std::array<char *, (unsigned long)1>>(int, T2, T3)"
:BasicsTransformerLM.layers.19.attn,PushPop,30,30,1,1,768,768.0,768.0,768,768,0.0,"void <unnamed>::elementwise_kernel_with_index<int, at::native::arange_cuda_out(const c10::Scalar &, const c10::Scalar &, const c10::Scalar &, at::Tensor &)::[lambda() (instance 1)]::operator ()() const::[lambda() (instance 4)]::operator ()() const::[lambda(long) (instance 1)]>(T1, T2, function_traits<T2>::result_type *)"
:BasicsTransformerLM.layers.19.attn.k_proj,PushPop,30,30,1,1,70551,70551.0,70551.0,70551,70551,0.0,cutlass3x_sm100_simt_sgemm_f32_f32_f32_f32_f32_64x32x16_1x1x1_3_tnn_align1_bias_f32_relu
:BasicsTransformerLM.layers.19.attn.output_proj,PushPop,30,30,1,1,70807,70807.0,70807.0,70807,70807,0.0,cutlass3x_sm100_simt_sgemm_f32_f32_f32_f32_f32_64x32x16_1x1x1_3_tnn_align1_bias_f32_relu
:BasicsTransformerLM.layers.19.attn.q_proj,PushPop,30,30,1,1,70615,70615.0,70615.0,70615,70615,0.0,cutlass3x_sm100_simt_sgemm_f32_f32_f32_f32_f32_64x32x16_1x1x1_3_tnn_align1_bias_f32_relu
:BasicsTransformerLM.layers.19.attn.v_proj,PushPop,30,30,1,1,70807,70807.0,70807.0,70807,70807,0.0,cutlass3x_sm100_simt_sgemm_f32_f32_f32_f32_f32_64x32x16_1x1x1_3_tnn_align1_bias_f32_relu
:BasicsTransformerLM.layers.19.ffn,PushPop,30,30,1,3,652628,217542.7,187709.0,186749,278170,52507.0,cutlass3x_sm100_simt_sgemm_f32_f32_f32_f32_f32_64x32x16_1x1x1_3_tnn_align1_bias_f32_relu
:BasicsTransformerLM.layers.19.ffn,PushPop,30,30,1,2,5602,2801.0,2801.0,2465,3137,475.2,"void at::native::vectorized_elementwise_kernel<(int)4, at::native::BinaryFunctor<float, float, float, at::native::binary_internal::MulFunctor<float>>, std::array<char *, (unsigned long)3>>(int, T2, T3)"
:BasicsTransformerLM.layers.19.ffn,PushPop,30,30,1,1,3105,3105.0,3105.0,3105,3105,0.0,"void at::native::vectorized_elementwise_kernel<(int)4, at::native::sigmoid_kernel_cuda(at::TensorIteratorBase &)::[lambda() (instance 2)]::operator ()() const::[lambda() (instance 2)]::operator ()() const::[lambda(float) (instance 1)], std::array<char *, (unsigned long)2>>(int, T2, T3)"
:BasicsTransformerLM.layers.19.ffn.w1,PushPop,30,30,1,1,187709,187709.0,187709.0,187709,187709,0.0,cutlass3x_sm100_simt_sgemm_f32_f32_f32_f32_f32_64x32x16_1x1x1_3_tnn_align1_bias_f32_relu
:BasicsTransformerLM.layers.19.ffn.w2,PushPop,30,30,1,1,278170,278170.0,278170.0,278170,278170,0.0,cutlass3x_sm100_simt_sgemm_f32_f32_f32_f32_f32_64x32x16_1x1x1_3_tnn_align1_bias_f32_relu
:BasicsTransformerLM.layers.19.ffn.w3,PushPop,30,30,1,1,186749,186749.0,186749.0,186749,186749,0.0,cutlass3x_sm100_simt_sgemm_f32_f32_f32_f32_f32_64x32x16_1x1x1_3_tnn_align1_bias_f32_relu
:BasicsTransformerLM.layers.19.ln1,PushPop,30,30,1,1,8355,8355.0,8355.0,8355,8355,0.0,"void at::native::reduce_kernel<(int)512, (int)1, at::native::ReduceOp<float, at::native::MeanOps<float, float, float, float>, unsigned int, float, (int)4, (int)4>>(T3)"
:BasicsTransformerLM.layers.19.ln1,PushPop,30,30,1,2,4834,2417.0,2417.0,2401,2433,22.6,"void at::native::elementwise_kernel<(int)128, (int)2, void at::native::gpu_kernel_impl_nocast<at::native::BinaryFunctor<float, float, float, at::native::binary_internal::MulFunctor<float>>>(at::TensorIteratorBase &, const T1 &)::[lambda(int) (instance 1)]>(int, T3)"
:BasicsTransformerLM.layers.19.ln1,PushPop,30,30,1,1,1633,1633.0,1633.0,1633,1633,0.0,"void at::native::vectorized_elementwise_kernel<(int)4, void at::native::<unnamed>::pow_tensor_scalar_kernel_impl<float, float>(at::TensorIteratorBase &, T2)::[lambda(float) (instance 1)], std::array<char *, (unsigned long)2>>(int, T2, T3)"
:BasicsTransformerLM.layers.19.ln1,PushPop,30,30,1,1,1440,1440.0,1440.0,1440,1440,0.0,"void at::native::vectorized_elementwise_kernel<(int)4, at::native::CUDAFunctorOnSelf_add<float>, std::array<char *, (unsigned long)2>>(int, T2, T3)"
:BasicsTransformerLM.layers.19.ln1,PushPop,30,30,1,1,1249,1249.0,1249.0,1249,1249,0.0,"void at::native::vectorized_elementwise_kernel<(int)4, at::native::rsqrt_kernel_cuda(at::TensorIteratorBase &)::[lambda() (instance 2)]::operator ()() const::[lambda() (instance 2)]::operator ()() const::[lambda(float) (instance 1)], std::array<char *, (unsigned long)2>>(int, T2, T3)"
:BasicsTransformerLM.layers.19.ln2,PushPop,30,30,1,1,8578,8578.0,8578.0,8578,8578,0.0,"void at::native::reduce_kernel<(int)512, (int)1, at::native::ReduceOp<float, at::native::MeanOps<float, float, float, float>, unsigned int, float, (int)4, (int)4>>(T3)"
:BasicsTransformerLM.layers.19.ln2,PushPop,30,30,1,2,5186,2593.0,2593.0,2529,2657,90.5,"void at::native::elementwise_kernel<(int)128, (int)2, void at::native::gpu_kernel_impl_nocast<at::native::BinaryFunctor<float, float, float, at::native::binary_internal::MulFunctor<float>>>(at::TensorIteratorBase &, const T1 &)::[lambda(int) (instance 1)]>(int, T3)"
:BasicsTransformerLM.layers.19.ln2,PushPop,30,30,1,1,1665,1665.0,1665.0,1665,1665,0.0,"void at::native::vectorized_elementwise_kernel<(int)4, void at::native::<unnamed>::pow_tensor_scalar_kernel_impl<float, float>(at::TensorIteratorBase &, T2)::[lambda(float) (instance 1)], std::array<char *, (unsigned long)2>>(int, T2, T3)"
:BasicsTransformerLM.layers.19.ln2,PushPop,30,30,1,1,1152,1152.0,1152.0,1152,1152,0.0,"void at::native::vectorized_elementwise_kernel<(int)4, at::native::CUDAFunctorOnSelf_add<float>, std::array<char *, (unsigned long)2>>(int, T2, T3)"
:BasicsTransformerLM.layers.19.ln2,PushPop,30,30,1,1,1056,1056.0,1056.0,1056,1056,0.0,"void at::native::vectorized_elementwise_kernel<(int)4, at::native::rsqrt_kernel_cuda(at::TensorIteratorBase &)::[lambda() (instance 2)]::operator ()() const::[lambda() (instance 2)]::operator ()() const::[lambda(float) (instance 1)], std::array<char *, (unsigned long)2>>(int, T2, T3)"
:BasicsTransformerLM.layers.2,PushPop,30,30,1,8,940559,117569.9,70663.0,5217,279130,90446.2,cutlass3x_sm100_simt_sgemm_f32_f32_f32_f32_f32_64x32x16_1x1x1_3_tnn_align1_bias_f32_relu
:BasicsTransformerLM.layers.2,PushPop,30,30,1,12,26409,2200.8,2177.0,1888,2721,293.9,"void at::native::elementwise_kernel<(int)128, (int)2, void at::native::gpu_kernel_impl_nocast<at::native::BinaryFunctor<float, float, float, at::native::binary_internal::MulFunctor<float>>>(at::TensorIteratorBase &, const T1 &)::[lambda(int) (instance 1)]>(int, T3)"
:BasicsTransformerLM.layers.2,PushPop,30,30,1,2,16966,8483.0,8483.0,8419,8547,90.5,"void at::native::reduce_kernel<(int)512, (int)1, at::native::ReduceOp<float, at::native::MeanOps<float, float, float, float>, unsigned int, float, (int)4, (int)4>>(T3)"
:BasicsTransformerLM.layers.2,PushPop,30,30,1,6,11009,1834.8,1808.0,1536,2208,273.7,"void at::native::vectorized_elementwise_kernel<(int)4, at::native::CUDAFunctor_add<float>, std::array<char *, (unsigned long)3>>(int, T2, T3)"
:BasicsTransformerLM.layers.2,PushPop,30,30,1,2,8514,4257.0,4257.0,4161,4353,135.8,"void at::native::<unnamed>::CatArrayBatchedCopy<at::native::<unnamed>::OpaqueType<(unsigned int)4>, unsigned int, (int)4, (int)64, (int)64>(T1 *, at::native::<unnamed>::CatArrInputTensorMetadata<T1, T2, T4, T5>, at::native::<unnamed>::TensorSizeStride<T2, (unsigned int)4>, int, T2)"
:BasicsTransformerLM.layers.2,PushPop,30,30,1,1,6754,6754.0,6754.0,6754,6754,0.0,cutlass3x_sm100_simt_sgemm_f32_f32_f32_f32_f32_64x32x16_1x1x1_3_nnn_align1_bias_f32_relu
:BasicsTransformerLM.layers.2,PushPop,30,30,1,2,5537,2768.5,2768.5,2432,3105,475.9,"void at::native::vectorized_elementwise_kernel<(int)4, at::native::BinaryFunctor<float, float, float, at::native::binary_internal::MulFunctor<float>>, std::array<char *, (unsigned long)3>>(int, T2, T3)"
:BasicsTransformerLM.layers.2,PushPop,30,30,1,1,4065,4065.0,4065.0,4065,4065,0.0,"void at::native::reduce_kernel<(int)512, (int)1, at::native::ReduceOp<float, at::native::MaxOps<float>, unsigned int, float, (int)4, (int)4>>(T3)"
:BasicsTransformerLM.layers.2,PushPop,30,30,1,1,3521,3521.0,3521.0,3521,3521,0.0,"void at::native::elementwise_kernel<(int)128, (int)2, void at::native::gpu_kernel_impl_nocast<at::native::BinaryFunctor<float, float, float, at::native::binary_internal::DivFunctor<float>>>(at::TensorIteratorBase &, const T1 &)::[lambda(int) (instance 1)]>(int, T3)"
:BasicsTransformerLM.layers.2,PushPop,30,30,1,2,3296,1648.0,1648.0,1632,1664,22.6,"void at::native::vectorized_elementwise_kernel<(int)4, void at::native::<unnamed>::pow_tensor_scalar_kernel_impl<float, float>(at::TensorIteratorBase &, T2)::[lambda(float) (instance 1)], std::array<char *, (unsigned long)2>>(int, T2, T3)"
:BasicsTransformerLM.layers.2,PushPop,30,30,1,1,3169,3169.0,3169.0,3169,3169,0.0,"void at::native::elementwise_kernel<(int)128, (int)2, void at::native::gpu_kernel_impl_nocast<at::native::<unnamed>::where_kernel_impl(at::TensorIterator &)::[lambda() (instance 1)]::operator ()() const::[lambda() (instance 11)]::operator ()() const::[lambda(bool, float, float) (instance 1)]>(at::TensorIteratorBase &, const T1 &)::[lambda(int) (instance 1)]>(int, T3)"
:BasicsTransformerLM.layers.2,PushPop,30,30,1,1,2977,2977.0,2977.0,2977,2977,0.0,"void at::native::elementwise_kernel<(int)128, (int)2, void at::native::gpu_kernel_impl_nocast<at::native::CUDAFunctor_add<float>>(at::TensorIteratorBase &, const T1 &)::[lambda(int) (instance 1)]>(int, T3)"
:BasicsTransformerLM.layers.2,PushPop,30,30,1,1,2913,2913.0,2913.0,2913,2913,0.0,"void at::native::vectorized_elementwise_kernel<(int)4, at::native::sigmoid_kernel_cuda(at::TensorIteratorBase &)::[lambda() (instance 2)]::operator ()() const::[lambda() (instance 2)]::operator ()() const::[lambda(float) (instance 1)], std::array<char *, (unsigned long)2>>(int, T2, T3)"
:BasicsTransformerLM.layers.2,PushPop,30,30,1,1,2817,2817.0,2817.0,2817,2817,0.0,"void at::native::reduce_kernel<(int)512, (int)1, at::native::ReduceOp<float, at::native::func_wrapper_t<float, at::native::sum_functor<float, float, float>::operator ()(at::TensorIterator &)::[lambda(float, float) (instance 1)]>, unsigned int, float, (int)4, (int)4>>(T3)"
:BasicsTransformerLM.layers.2,PushPop,30,30,1,1,2529,2529.0,2529.0,2529,2529,0.0,"void at::native::elementwise_kernel<(int)128, (int)2, void at::native::gpu_kernel_impl_nocast<at::native::direct_copy_kernel_cuda(at::TensorIteratorBase &)::[lambda() (instance 3)]::operator ()() const::[lambda() (instance 7)]::operator ()() const::[lambda(float) (instance 1)]>(at::TensorIteratorBase &, const T1 &)::[lambda(int) (instance 1)]>(int, T3)"
:BasicsTransformerLM.layers.2,PushPop,30,30,1,1,2368,2368.0,2368.0,2368,2368,0.0,"void at::native::elementwise_kernel<(int)128, (int)4, void at::native::gpu_kernel_impl_nocast<at::native::<unnamed>::CompareFunctor<long>>(at::TensorIteratorBase &, const T1 &)::[lambda(int) (instance 1)]>(int, T3)"
:BasicsTransformerLM.layers.2,PushPop,30,30,1,2,2210,1105.0,1105.0,1089,1121,22.6,"void at::native::vectorized_elementwise_kernel<(int)4, at::native::CUDAFunctorOnSelf_add<float>, std::array<char *, (unsigned long)2>>(int, T2, T3)"
:BasicsTransformerLM.layers.2,PushPop,30,30,1,2,2144,1072.0,1072.0,1024,1120,67.9,"void at::native::vectorized_elementwise_kernel<(int)4, at::native::rsqrt_kernel_cuda(at::TensorIteratorBase &)::[lambda() (instance 2)]::operator ()() const::[lambda() (instance 2)]::operator ()() const::[lambda(float) (instance 1)], std::array<char *, (unsigned long)2>>(int, T2, T3)"
:BasicsTransformerLM.layers.2,PushPop,30,30,1,1,1953,1953.0,1953.0,1953,1953,0.0,"void at::native::vectorized_elementwise_kernel<(int)4, at::native::exp_kernel_cuda(at::TensorIteratorBase &)::[lambda() (instance 2)]::operator ()() const::[lambda() (instance 2)]::operator ()() const::[lambda(float) (instance 1)], std::array<char *, (unsigned long)2>>(int, T2, T3)"
:BasicsTransformerLM.layers.2,PushPop,30,30,1,1,1952,1952.0,1952.0,1952,1952,0.0,"void at::native::vectorized_elementwise_kernel<(int)4, at::native::BUnaryFunctor<float, float, float, at::native::binary_internal::MulFunctor<float>>, std::array<char *, (unsigned long)2>>(int, T2, T3)"
:BasicsTransformerLM.layers.2,PushPop,30,30,1,1,800,800.0,800.0,800,800,0.0,"void at::native::vectorized_elementwise_kernel<(int)4, at::native::FillFunctor<float>, std::array<char *, (unsigned long)1>>(int, T2, T3)"
:BasicsTransformerLM.layers.2,PushPop,30,30,1,1,736,736.0,736.0,736,736,0.0,"void <unnamed>::elementwise_kernel_with_index<int, at::native::arange_cuda_out(const c10::Scalar &, const c10::Scalar &, const c10::Scalar &, at::Tensor &)::[lambda() (instance 1)]::operator ()() const::[lambda() (instance 4)]::operator ()() const::[lambda(long) (instance 1)]>(T1, T2, function_traits<T2>::result_type *)"
:BasicsTransformerLM.layers.2.attn,PushPop,30,30,1,5,287196,57439.2,70390.0,5217,70871,29194.0,cutlass3x_sm100_simt_sgemm_f32_f32_f32_f32_f32_64x32x16_1x1x1_3_tnn_align1_bias_f32_relu
:BasicsTransformerLM.layers.2.attn,PushPop,30,30,1,8,16647,2080.9,1937.0,1888,2721,287.3,"void at::native::elementwise_kernel<(int)128, (int)2, void at::native::gpu_kernel_impl_nocast<at::native::BinaryFunctor<float, float, float, at::native::binary_internal::MulFunctor<float>>>(at::TensorIteratorBase &, const T1 &)::[lambda(int) (instance 1)]>(int, T3)"
:BasicsTransformerLM.layers.2.attn,PushPop,30,30,1,2,8514,4257.0,4257.0,4161,4353,135.8,"void at::native::<unnamed>::CatArrayBatchedCopy<at::native::<unnamed>::OpaqueType<(unsigned int)4>, unsigned int, (int)4, (int)64, (int)64>(T1 *, at::native::<unnamed>::CatArrInputTensorMetadata<T1, T2, T4, T5>, at::native::<unnamed>::TensorSizeStride<T2, (unsigned int)4>, int, T2)"
:BasicsTransformerLM.layers.2.attn,PushPop,30,30,1,1,6754,6754.0,6754.0,6754,6754,0.0,cutlass3x_sm100_simt_sgemm_f32_f32_f32_f32_f32_64x32x16_1x1x1_3_nnn_align1_bias_f32_relu
:BasicsTransformerLM.layers.2.attn,PushPop,30,30,1,4,6720,1680.0,1648.0,1536,1888,162.1,"void at::native::vectorized_elementwise_kernel<(int)4, at::native::CUDAFunctor_add<float>, std::array<char *, (unsigned long)3>>(int, T2, T3)"
:BasicsTransformerLM.layers.2.attn,PushPop,30,30,1,1,4065,4065.0,4065.0,4065,4065,0.0,"void at::native::reduce_kernel<(int)512, (int)1, at::native::ReduceOp<float, at::native::MaxOps<float>, unsigned int, float, (int)4, (int)4>>(T3)"
:BasicsTransformerLM.layers.2.attn,PushPop,30,30,1,1,3521,3521.0,3521.0,3521,3521,0.0,"void at::native::elementwise_kernel<(int)128, (int)2, void at::native::gpu_kernel_impl_nocast<at::native::BinaryFunctor<float, float, float, at::native::binary_internal::DivFunctor<float>>>(at::TensorIteratorBase &, const T1 &)::[lambda(int) (instance 1)]>(int, T3)"
:BasicsTransformerLM.layers.2.attn,PushPop,30,30,1,1,3169,3169.0,3169.0,3169,3169,0.0,"void at::native::elementwise_kernel<(int)128, (int)2, void at::native::gpu_kernel_impl_nocast<at::native::<unnamed>::where_kernel_impl(at::TensorIterator &)::[lambda() (instance 1)]::operator ()() const::[lambda() (instance 11)]::operator ()() const::[lambda(bool, float, float) (instance 1)]>(at::TensorIteratorBase &, const T1 &)::[lambda(int) (instance 1)]>(int, T3)"
:BasicsTransformerLM.layers.2.attn,PushPop,30,30,1,1,2977,2977.0,2977.0,2977,2977,0.0,"void at::native::elementwise_kernel<(int)128, (int)2, void at::native::gpu_kernel_impl_nocast<at::native::CUDAFunctor_add<float>>(at::TensorIteratorBase &, const T1 &)::[lambda(int) (instance 1)]>(int, T3)"
:BasicsTransformerLM.layers.2.attn,PushPop,30,30,1,1,2817,2817.0,2817.0,2817,2817,0.0,"void at::native::reduce_kernel<(int)512, (int)1, at::native::ReduceOp<float, at::native::func_wrapper_t<float, at::native::sum_functor<float, float, float>::operator ()(at::TensorIterator &)::[lambda(float, float) (instance 1)]>, unsigned int, float, (int)4, (int)4>>(T3)"
:BasicsTransformerLM.layers.2.attn,PushPop,30,30,1,1,2529,2529.0,2529.0,2529,2529,0.0,"void at::native::elementwise_kernel<(int)128, (int)2, void at::native::gpu_kernel_impl_nocast<at::native::direct_copy_kernel_cuda(at::TensorIteratorBase &)::[lambda() (instance 3)]::operator ()() const::[lambda() (instance 7)]::operator ()() const::[lambda(float) (instance 1)]>(at::TensorIteratorBase &, const T1 &)::[lambda(int) (instance 1)]>(int, T3)"
:BasicsTransformerLM.layers.2.attn,PushPop,30,30,1,1,2368,2368.0,2368.0,2368,2368,0.0,"void at::native::elementwise_kernel<(int)128, (int)4, void at::native::gpu_kernel_impl_nocast<at::native::<unnamed>::CompareFunctor<long>>(at::TensorIteratorBase &, const T1 &)::[lambda(int) (instance 1)]>(int, T3)"
:BasicsTransformerLM.layers.2.attn,PushPop,30,30,1,1,1953,1953.0,1953.0,1953,1953,0.0,"void at::native::vectorized_elementwise_kernel<(int)4, at::native::exp_kernel_cuda(at::TensorIteratorBase &)::[lambda() (instance 2)]::operator ()() const::[lambda() (instance 2)]::operator ()() const::[lambda(float) (instance 1)], std::array<char *, (unsigned long)2>>(int, T2, T3)"
:BasicsTransformerLM.layers.2.attn,PushPop,30,30,1,1,1952,1952.0,1952.0,1952,1952,0.0,"void at::native::vectorized_elementwise_kernel<(int)4, at::native::BUnaryFunctor<float, float, float, at::native::binary_internal::MulFunctor<float>>, std::array<char *, (unsigned long)2>>(int, T2, T3)"
:BasicsTransformerLM.layers.2.attn,PushPop,30,30,1,1,800,800.0,800.0,800,800,0.0,"void at::native::vectorized_elementwise_kernel<(int)4, at::native::FillFunctor<float>, std::array<char *, (unsigned long)1>>(int, T2, T3)"
:BasicsTransformerLM.layers.2.attn,PushPop,30,30,1,1,736,736.0,736.0,736,736,0.0,"void <unnamed>::elementwise_kernel_with_index<int, at::native::arange_cuda_out(const c10::Scalar &, const c10::Scalar &, const c10::Scalar &, at::Tensor &)::[lambda() (instance 1)]::operator ()() const::[lambda() (instance 4)]::operator ()() const::[lambda(long) (instance 1)]>(T1, T2, function_traits<T2>::result_type *)"
:BasicsTransformerLM.layers.2.attn.k_proj,PushPop,30,30,1,1,70390,70390.0,70390.0,70390,70390,0.0,cutlass3x_sm100_simt_sgemm_f32_f32_f32_f32_f32_64x32x16_1x1x1_3_tnn_align1_bias_f32_relu
:BasicsTransformerLM.layers.2.attn.output_proj,PushPop,30,30,1,1,70871,70871.0,70871.0,70871,70871,0.0,cutlass3x_sm100_simt_sgemm_f32_f32_f32_f32_f32_64x32x16_1x1x1_3_tnn_align1_bias_f32_relu
:BasicsTransformerLM.layers.2.attn.q_proj,PushPop,30,30,1,1,70455,70455.0,70455.0,70455,70455,0.0,cutlass3x_sm100_simt_sgemm_f32_f32_f32_f32_f32_64x32x16_1x1x1_3_tnn_align1_bias_f32_relu
:BasicsTransformerLM.layers.2.attn.v_proj,PushPop,30,30,1,1,70263,70263.0,70263.0,70263,70263,0.0,cutlass3x_sm100_simt_sgemm_f32_f32_f32_f32_f32_64x32x16_1x1x1_3_tnn_align1_bias_f32_relu
:BasicsTransformerLM.layers.2.ffn,PushPop,30,30,1,3,653363,217787.7,187741.0,186492,279130,53127.7,cutlass3x_sm100_simt_sgemm_f32_f32_f32_f32_f32_64x32x16_1x1x1_3_tnn_align1_bias_f32_relu
:BasicsTransformerLM.layers.2.ffn,PushPop,30,30,1,2,5537,2768.5,2768.5,2432,3105,475.9,"void at::native::vectorized_elementwise_kernel<(int)4, at::native::BinaryFunctor<float, float, float, at::native::binary_internal::MulFunctor<float>>, std::array<char *, (unsigned long)3>>(int, T2, T3)"
:BasicsTransformerLM.layers.2.ffn,PushPop,30,30,1,1,2913,2913.0,2913.0,2913,2913,0.0,"void at::native::vectorized_elementwise_kernel<(int)4, at::native::sigmoid_kernel_cuda(at::TensorIteratorBase &)::[lambda() (instance 2)]::operator ()() const::[lambda() (instance 2)]::operator ()() const::[lambda(float) (instance 1)], std::array<char *, (unsigned long)2>>(int, T2, T3)"
:BasicsTransformerLM.layers.2.ffn.w1,PushPop,30,30,1,1,187741,187741.0,187741.0,187741,187741,0.0,cutlass3x_sm100_simt_sgemm_f32_f32_f32_f32_f32_64x32x16_1x1x1_3_tnn_align1_bias_f32_relu
:BasicsTransformerLM.layers.2.ffn.w2,PushPop,30,30,1,1,279130,279130.0,279130.0,279130,279130,0.0,cutlass3x_sm100_simt_sgemm_f32_f32_f32_f32_f32_64x32x16_1x1x1_3_tnn_align1_bias_f32_relu
:BasicsTransformerLM.layers.2.ffn.w3,PushPop,30,30,1,1,186492,186492.0,186492.0,186492,186492,0.0,cutlass3x_sm100_simt_sgemm_f32_f32_f32_f32_f32_64x32x16_1x1x1_3_tnn_align1_bias_f32_relu
:BasicsTransformerLM.layers.2.ln1,PushPop,30,30,1,1,8547,8547.0,8547.0,8547,8547,0.0,"void at::native::reduce_kernel<(int)512, (int)1, at::native::ReduceOp<float, at::native::MeanOps<float, float, float, float>, unsigned int, float, (int)4, (int)4>>(T3)"
:BasicsTransformerLM.layers.2.ln1,PushPop,30,30,1,2,4737,2368.5,2368.5,2337,2400,44.5,"void at::native::elementwise_kernel<(int)128, (int)2, void at::native::gpu_kernel_impl_nocast<at::native::BinaryFunctor<float, float, float, at::native::binary_internal::MulFunctor<float>>>(at::TensorIteratorBase &, const T1 &)::[lambda(int) (instance 1)]>(int, T3)"
:BasicsTransformerLM.layers.2.ln1,PushPop,30,30,1,1,1632,1632.0,1632.0,1632,1632,0.0,"void at::native::vectorized_elementwise_kernel<(int)4, void at::native::<unnamed>::pow_tensor_scalar_kernel_impl<float, float>(at::TensorIteratorBase &, T2)::[lambda(float) (instance 1)], std::array<char *, (unsigned long)2>>(int, T2, T3)"
:BasicsTransformerLM.layers.2.ln1,PushPop,30,30,1,1,1121,1121.0,1121.0,1121,1121,0.0,"void at::native::vectorized_elementwise_kernel<(int)4, at::native::CUDAFunctorOnSelf_add<float>, std::array<char *, (unsigned long)2>>(int, T2, T3)"
:BasicsTransformerLM.layers.2.ln1,PushPop,30,30,1,1,1120,1120.0,1120.0,1120,1120,0.0,"void at::native::vectorized_elementwise_kernel<(int)4, at::native::rsqrt_kernel_cuda(at::TensorIteratorBase &)::[lambda() (instance 2)]::operator ()() const::[lambda() (instance 2)]::operator ()() const::[lambda(float) (instance 1)], std::array<char *, (unsigned long)2>>(int, T2, T3)"
:BasicsTransformerLM.layers.2.ln2,PushPop,30,30,1,1,8419,8419.0,8419.0,8419,8419,0.0,"void at::native::reduce_kernel<(int)512, (int)1, at::native::ReduceOp<float, at::native::MeanOps<float, float, float, float>, unsigned int, float, (int)4, (int)4>>(T3)"
:BasicsTransformerLM.layers.2.ln2,PushPop,30,30,1,2,5025,2512.5,2512.5,2465,2560,67.2,"void at::native::elementwise_kernel<(int)128, (int)2, void at::native::gpu_kernel_impl_nocast<at::native::BinaryFunctor<float, float, float, at::native::binary_internal::MulFunctor<float>>>(at::TensorIteratorBase &, const T1 &)::[lambda(int) (instance 1)]>(int, T3)"
:BasicsTransformerLM.layers.2.ln2,PushPop,30,30,1,1,1664,1664.0,1664.0,1664,1664,0.0,"void at::native::vectorized_elementwise_kernel<(int)4, void at::native::<unnamed>::pow_tensor_scalar_kernel_impl<float, float>(at::TensorIteratorBase &, T2)::[lambda(float) (instance 1)], std::array<char *, (unsigned long)2>>(int, T2, T3)"
:BasicsTransformerLM.layers.2.ln2,PushPop,30,30,1,1,1089,1089.0,1089.0,1089,1089,0.0,"void at::native::vectorized_elementwise_kernel<(int)4, at::native::CUDAFunctorOnSelf_add<float>, std::array<char *, (unsigned long)2>>(int, T2, T3)"
:BasicsTransformerLM.layers.2.ln2,PushPop,30,30,1,1,1024,1024.0,1024.0,1024,1024,0.0,"void at::native::vectorized_elementwise_kernel<(int)4, at::native::rsqrt_kernel_cuda(at::TensorIteratorBase &)::[lambda() (instance 2)]::operator ()() const::[lambda() (instance 2)]::operator ()() const::[lambda(float) (instance 1)], std::array<char *, (unsigned long)2>>(int, T2, T3)"
:BasicsTransformerLM.layers.20,PushPop,30,30,1,8,941328,117666.0,70695.0,5313,279226,90557.8,cutlass3x_sm100_simt_sgemm_f32_f32_f32_f32_f32_64x32x16_1x1x1_3_tnn_align1_bias_f32_relu
:BasicsTransformerLM.layers.20,PushPop,30,30,1,12,27016,2251.3,2304.5,1920,2625,303.5,"void at::native::elementwise_kernel<(int)128, (int)2, void at::native::gpu_kernel_impl_nocast<at::native::BinaryFunctor<float, float, float, at::native::binary_internal::MulFunctor<float>>>(at::TensorIteratorBase &, const T1 &)::[lambda(int) (instance 1)]>(int, T3)"
:BasicsTransformerLM.layers.20,PushPop,30,30,1,2,16740,8370.0,8370.0,8354,8386,22.6,"void at::native::reduce_kernel<(int)512, (int)1, at::native::ReduceOp<float, at::native::MeanOps<float, float, float, float>, unsigned int, float, (int)4, (int)4>>(T3)"
:BasicsTransformerLM.layers.20,PushPop,30,30,1,6,10789,1798.2,1697.0,1537,2304,296.7,"void at::native::vectorized_elementwise_kernel<(int)4, at::native::CUDAFunctor_add<float>, std::array<char *, (unsigned long)3>>(int, T2, T3)"
:BasicsTransformerLM.layers.20,PushPop,30,30,1,2,8674,4337.0,4337.0,4257,4417,113.1,"void at::native::<unnamed>::CatArrayBatchedCopy<at::native::<unnamed>::OpaqueType<(unsigned int)4>, unsigned int, (int)4, (int)64, (int)64>(T1 *, at::native::<unnamed>::CatArrInputTensorMetadata<T1, T2, T4, T5>, at::native::<unnamed>::TensorSizeStride<T2, (unsigned int)4>, int, T2)"
:BasicsTransformerLM.layers.20,PushPop,30,30,1,1,6786,6786.0,6786.0,6786,6786,0.0,cutlass3x_sm100_simt_sgemm_f32_f32_f32_f32_f32_64x32x16_1x1x1_3_nnn_align1_bias_f32_relu
:BasicsTransformerLM.layers.20,PushPop,30,30,1,2,5634,2817.0,2817.0,2433,3201,543.1,"void at::native::vectorized_elementwise_kernel<(int)4, at::native::BinaryFunctor<float, float, float, at::native::binary_internal::MulFunctor<float>>, std::array<char *, (unsigned long)3>>(int, T2, T3)"
:BasicsTransformerLM.layers.20,PushPop,30,30,1,1,4097,4097.0,4097.0,4097,4097,0.0,"void at::native::reduce_kernel<(int)512, (int)1, at::native::ReduceOp<float, at::native::MaxOps<float>, unsigned int, float, (int)4, (int)4>>(T3)"
:BasicsTransformerLM.layers.20,PushPop,30,30,1,1,3457,3457.0,3457.0,3457,3457,0.0,"void at::native::elementwise_kernel<(int)128, (int)2, void at::native::gpu_kernel_impl_nocast<at::native::BinaryFunctor<float, float, float, at::native::binary_internal::DivFunctor<float>>>(at::TensorIteratorBase &, const T1 &)::[lambda(int) (instance 1)]>(int, T3)"
:BasicsTransformerLM.layers.20,PushPop,30,30,1,2,3266,1633.0,1633.0,1633,1633,0.0,"void at::native::vectorized_elementwise_kernel<(int)4, void at::native::<unnamed>::pow_tensor_scalar_kernel_impl<float, float>(at::TensorIteratorBase &, T2)::[lambda(float) (instance 1)], std::array<char *, (unsigned long)2>>(int, T2, T3)"
:BasicsTransformerLM.layers.20,PushPop,30,30,1,1,3169,3169.0,3169.0,3169,3169,0.0,"void at::native::elementwise_kernel<(int)128, (int)2, void at::native::gpu_kernel_impl_nocast<at::native::<unnamed>::where_kernel_impl(at::TensorIterator &)::[lambda() (instance 1)]::operator ()() const::[lambda() (instance 11)]::operator ()() const::[lambda(bool, float, float) (instance 1)]>(at::TensorIteratorBase &, const T1 &)::[lambda(int) (instance 1)]>(int, T3)"
:BasicsTransformerLM.layers.20,PushPop,30,30,1,1,2945,2945.0,2945.0,2945,2945,0.0,"void at::native::vectorized_elementwise_kernel<(int)4, at::native::sigmoid_kernel_cuda(at::TensorIteratorBase &)::[lambda() (instance 2)]::operator ()() const::[lambda() (instance 2)]::operator ()() const::[lambda(float) (instance 1)], std::array<char *, (unsigned long)2>>(int, T2, T3)"
:BasicsTransformerLM.layers.20,PushPop,30,30,1,1,2913,2913.0,2913.0,2913,2913,0.0,"void at::native::elementwise_kernel<(int)128, (int)2, void at::native::gpu_kernel_impl_nocast<at::native::CUDAFunctor_add<float>>(at::TensorIteratorBase &, const T1 &)::[lambda(int) (instance 1)]>(int, T3)"
:BasicsTransformerLM.layers.20,PushPop,30,30,1,1,2880,2880.0,2880.0,2880,2880,0.0,"void at::native::reduce_kernel<(int)512, (int)1, at::native::ReduceOp<float, at::native::func_wrapper_t<float, at::native::sum_functor<float, float, float>::operator ()(at::TensorIterator &)::[lambda(float, float) (instance 1)]>, unsigned int, float, (int)4, (int)4>>(T3)"
:BasicsTransformerLM.layers.20,PushPop,30,30,1,1,2657,2657.0,2657.0,2657,2657,0.0,"void at::native::elementwise_kernel<(int)128, (int)2, void at::native::gpu_kernel_impl_nocast<at::native::direct_copy_kernel_cuda(at::TensorIteratorBase &)::[lambda() (instance 3)]::operator ()() const::[lambda() (instance 7)]::operator ()() const::[lambda(float) (instance 1)]>(at::TensorIteratorBase &, const T1 &)::[lambda(int) (instance 1)]>(int, T3)"
:BasicsTransformerLM.layers.20,PushPop,30,30,1,1,2369,2369.0,2369.0,2369,2369,0.0,"void at::native::elementwise_kernel<(int)128, (int)4, void at::native::gpu_kernel_impl_nocast<at::native::<unnamed>::CompareFunctor<long>>(at::TensorIteratorBase &, const T1 &)::[lambda(int) (instance 1)]>(int, T3)"
:BasicsTransformerLM.layers.20,PushPop,30,30,1,2,2304,1152.0,1152.0,1120,1184,45.3,"void at::native::vectorized_elementwise_kernel<(int)4, at::native::CUDAFunctorOnSelf_add<float>, std::array<char *, (unsigned long)2>>(int, T2, T3)"
:BasicsTransformerLM.layers.20,PushPop,30,30,1,2,2208,1104.0,1104.0,1056,1152,67.9,"void at::native::vectorized_elementwise_kernel<(int)4, at::native::rsqrt_kernel_cuda(at::TensorIteratorBase &)::[lambda() (instance 2)]::operator ()() const::[lambda() (instance 2)]::operator ()() const::[lambda(float) (instance 1)], std::array<char *, (unsigned long)2>>(int, T2, T3)"
:BasicsTransformerLM.layers.20,PushPop,30,30,1,1,2080,2080.0,2080.0,2080,2080,0.0,"void at::native::vectorized_elementwise_kernel<(int)4, at::native::BUnaryFunctor<float, float, float, at::native::binary_internal::MulFunctor<float>>, std::array<char *, (unsigned long)2>>(int, T2, T3)"
:BasicsTransformerLM.layers.20,PushPop,30,30,1,1,1921,1921.0,1921.0,1921,1921,0.0,"void at::native::vectorized_elementwise_kernel<(int)4, at::native::exp_kernel_cuda(at::TensorIteratorBase &)::[lambda() (instance 2)]::operator ()() const::[lambda() (instance 2)]::operator ()() const::[lambda(float) (instance 1)], std::array<char *, (unsigned long)2>>(int, T2, T3)"
:BasicsTransformerLM.layers.20,PushPop,30,30,1,1,992,992.0,992.0,992,992,0.0,"void at::native::vectorized_elementwise_kernel<(int)4, at::native::FillFunctor<float>, std::array<char *, (unsigned long)1>>(int, T2, T3)"
:BasicsTransformerLM.layers.20,PushPop,30,30,1,1,832,832.0,832.0,832,832,0.0,"void <unnamed>::elementwise_kernel_with_index<int, at::native::arange_cuda_out(const c10::Scalar &, const c10::Scalar &, const c10::Scalar &, at::Tensor &)::[lambda() (instance 1)]::operator ()() const::[lambda() (instance 4)]::operator ()() const::[lambda(long) (instance 1)]>(T1, T2, function_traits<T2>::result_type *)"
:BasicsTransformerLM.layers.20.attn,PushPop,30,30,1,5,287069,57413.8,70263.0,5313,70775,29126.5,cutlass3x_sm100_simt_sgemm_f32_f32_f32_f32_f32_64x32x16_1x1x1_3_tnn_align1_bias_f32_relu
:BasicsTransformerLM.layers.20.attn,PushPop,30,30,1,8,16869,2108.6,1937.0,1920,2625,269.7,"void at::native::elementwise_kernel<(int)128, (int)2, void at::native::gpu_kernel_impl_nocast<at::native::BinaryFunctor<float, float, float, at::native::binary_internal::MulFunctor<float>>>(at::TensorIteratorBase &, const T1 &)::[lambda(int) (instance 1)]>(int, T3)"
:BasicsTransformerLM.layers.20.attn,PushPop,30,30,1,2,8674,4337.0,4337.0,4257,4417,113.1,"void at::native::<unnamed>::CatArrayBatchedCopy<at::native::<unnamed>::OpaqueType<(unsigned int)4>, unsigned int, (int)4, (int)64, (int)64>(T1 *, at::native::<unnamed>::CatArrInputTensorMetadata<T1, T2, T4, T5>, at::native::<unnamed>::TensorSizeStride<T2, (unsigned int)4>, int, T2)"
:BasicsTransformerLM.layers.20.attn,PushPop,30,30,1,1,6786,6786.0,6786.0,6786,6786,0.0,cutlass3x_sm100_simt_sgemm_f32_f32_f32_f32_f32_64x32x16_1x1x1_3_nnn_align1_bias_f32_relu
:BasicsTransformerLM.layers.20.attn,PushPop,30,30,1,4,6500,1625.0,1601.0,1537,1761,99.1,"void at::native::vectorized_elementwise_kernel<(int)4, at::native::CUDAFunctor_add<float>, std::array<char *, (unsigned long)3>>(int, T2, T3)"
:BasicsTransformerLM.layers.20.attn,PushPop,30,30,1,1,4097,4097.0,4097.0,4097,4097,0.0,"void at::native::reduce_kernel<(int)512, (int)1, at::native::ReduceOp<float, at::native::MaxOps<float>, unsigned int, float, (int)4, (int)4>>(T3)"
:BasicsTransformerLM.layers.20.attn,PushPop,30,30,1,1,3457,3457.0,3457.0,3457,3457,0.0,"void at::native::elementwise_kernel<(int)128, (int)2, void at::native::gpu_kernel_impl_nocast<at::native::BinaryFunctor<float, float, float, at::native::binary_internal::DivFunctor<float>>>(at::TensorIteratorBase &, const T1 &)::[lambda(int) (instance 1)]>(int, T3)"
:BasicsTransformerLM.layers.20.attn,PushPop,30,30,1,1,3169,3169.0,3169.0,3169,3169,0.0,"void at::native::elementwise_kernel<(int)128, (int)2, void at::native::gpu_kernel_impl_nocast<at::native::<unnamed>::where_kernel_impl(at::TensorIterator &)::[lambda() (instance 1)]::operator ()() const::[lambda() (instance 11)]::operator ()() const::[lambda(bool, float, float) (instance 1)]>(at::TensorIteratorBase &, const T1 &)::[lambda(int) (instance 1)]>(int, T3)"
:BasicsTransformerLM.layers.20.attn,PushPop,30,30,1,1,2913,2913.0,2913.0,2913,2913,0.0,"void at::native::elementwise_kernel<(int)128, (int)2, void at::native::gpu_kernel_impl_nocast<at::native::CUDAFunctor_add<float>>(at::TensorIteratorBase &, const T1 &)::[lambda(int) (instance 1)]>(int, T3)"
:BasicsTransformerLM.layers.20.attn,PushPop,30,30,1,1,2880,2880.0,2880.0,2880,2880,0.0,"void at::native::reduce_kernel<(int)512, (int)1, at::native::ReduceOp<float, at::native::func_wrapper_t<float, at::native::sum_functor<float, float, float>::operator ()(at::TensorIterator &)::[lambda(float, float) (instance 1)]>, unsigned int, float, (int)4, (int)4>>(T3)"
:BasicsTransformerLM.layers.20.attn,PushPop,30,30,1,1,2657,2657.0,2657.0,2657,2657,0.0,"void at::native::elementwise_kernel<(int)128, (int)2, void at::native::gpu_kernel_impl_nocast<at::native::direct_copy_kernel_cuda(at::TensorIteratorBase &)::[lambda() (instance 3)]::operator ()() const::[lambda() (instance 7)]::operator ()() const::[lambda(float) (instance 1)]>(at::TensorIteratorBase &, const T1 &)::[lambda(int) (instance 1)]>(int, T3)"
:BasicsTransformerLM.layers.20.attn,PushPop,30,30,1,1,2369,2369.0,2369.0,2369,2369,0.0,"void at::native::elementwise_kernel<(int)128, (int)4, void at::native::gpu_kernel_impl_nocast<at::native::<unnamed>::CompareFunctor<long>>(at::TensorIteratorBase &, const T1 &)::[lambda(int) (instance 1)]>(int, T3)"
:BasicsTransformerLM.layers.20.attn,PushPop,30,30,1,1,2080,2080.0,2080.0,2080,2080,0.0,"void at::native::vectorized_elementwise_kernel<(int)4, at::native::BUnaryFunctor<float, float, float, at::native::binary_internal::MulFunctor<float>>, std::array<char *, (unsigned long)2>>(int, T2, T3)"
:BasicsTransformerLM.layers.20.attn,PushPop,30,30,1,1,1921,1921.0,1921.0,1921,1921,0.0,"void at::native::vectorized_elementwise_kernel<(int)4, at::native::exp_kernel_cuda(at::TensorIteratorBase &)::[lambda() (instance 2)]::operator ()() const::[lambda() (instance 2)]::operator ()() const::[lambda(float) (instance 1)], std::array<char *, (unsigned long)2>>(int, T2, T3)"
:BasicsTransformerLM.layers.20.attn,PushPop,30,30,1,1,992,992.0,992.0,992,992,0.0,"void at::native::vectorized_elementwise_kernel<(int)4, at::native::FillFunctor<float>, std::array<char *, (unsigned long)1>>(int, T2, T3)"
:BasicsTransformerLM.layers.20.attn,PushPop,30,30,1,1,832,832.0,832.0,832,832,0.0,"void <unnamed>::elementwise_kernel_with_index<int, at::native::arange_cuda_out(const c10::Scalar &, const c10::Scalar &, const c10::Scalar &, at::Tensor &)::[lambda() (instance 1)]::operator ()() const::[lambda() (instance 4)]::operator ()() const::[lambda(long) (instance 1)]>(T1, T2, function_traits<T2>::result_type *)"
:BasicsTransformerLM.layers.20.attn.k_proj,PushPop,30,30,1,1,70103,70103.0,70103.0,70103,70103,0.0,cutlass3x_sm100_simt_sgemm_f32_f32_f32_f32_f32_64x32x16_1x1x1_3_tnn_align1_bias_f32_relu
:BasicsTransformerLM.layers.20.attn.output_proj,PushPop,30,30,1,1,70775,70775.0,70775.0,70775,70775,0.0,cutlass3x_sm100_simt_sgemm_f32_f32_f32_f32_f32_64x32x16_1x1x1_3_tnn_align1_bias_f32_relu
:BasicsTransformerLM.layers.20.attn.q_proj,PushPop,30,30,1,1,70263,70263.0,70263.0,70263,70263,0.0,cutlass3x_sm100_simt_sgemm_f32_f32_f32_f32_f32_64x32x16_1x1x1_3_tnn_align1_bias_f32_relu
:BasicsTransformerLM.layers.20.attn.v_proj,PushPop,30,30,1,1,70615,70615.0,70615.0,70615,70615,0.0,cutlass3x_sm100_simt_sgemm_f32_f32_f32_f32_f32_64x32x16_1x1x1_3_tnn_align1_bias_f32_relu
:BasicsTransformerLM.layers.20.ffn,PushPop,30,30,1,3,654259,218086.3,187805.0,187228,279226,52949.3,cutlass3x_sm100_simt_sgemm_f32_f32_f32_f32_f32_64x32x16_1x1x1_3_tnn_align1_bias_f32_relu
:BasicsTransformerLM.layers.20.ffn,PushPop,30,30,1,2,5634,2817.0,2817.0,2433,3201,543.1,"void at::native::vectorized_elementwise_kernel<(int)4, at::native::BinaryFunctor<float, float, float, at::native::binary_internal::MulFunctor<float>>, std::array<char *, (unsigned long)3>>(int, T2, T3)"
:BasicsTransformerLM.layers.20.ffn,PushPop,30,30,1,1,2945,2945.0,2945.0,2945,2945,0.0,"void at::native::vectorized_elementwise_kernel<(int)4, at::native::sigmoid_kernel_cuda(at::TensorIteratorBase &)::[lambda() (instance 2)]::operator ()() const::[lambda() (instance 2)]::operator ()() const::[lambda(float) (instance 1)], std::array<char *, (unsigned long)2>>(int, T2, T3)"
:BasicsTransformerLM.layers.20.ffn.w1,PushPop,30,30,1,1,187805,187805.0,187805.0,187805,187805,0.0,cutlass3x_sm100_simt_sgemm_f32_f32_f32_f32_f32_64x32x16_1x1x1_3_tnn_align1_bias_f32_relu
:BasicsTransformerLM.layers.20.ffn.w2,PushPop,30,30,1,1,279226,279226.0,279226.0,279226,279226,0.0,cutlass3x_sm100_simt_sgemm_f32_f32_f32_f32_f32_64x32x16_1x1x1_3_tnn_align1_bias_f32_relu
:BasicsTransformerLM.layers.20.ffn.w3,PushPop,30,30,1,1,187228,187228.0,187228.0,187228,187228,0.0,cutlass3x_sm100_simt_sgemm_f32_f32_f32_f32_f32_64x32x16_1x1x1_3_tnn_align1_bias_f32_relu
:BasicsTransformerLM.layers.20.ln1,PushPop,30,30,1,1,8354,8354.0,8354.0,8354,8354,0.0,"void at::native::reduce_kernel<(int)512, (int)1, at::native::ReduceOp<float, at::native::MeanOps<float, float, float, float>, unsigned int, float, (int)4, (int)4>>(T3)"
:BasicsTransformerLM.layers.20.ln1,PushPop,30,30,1,2,5026,2513.0,2513.0,2465,2561,67.9,"void at::native::elementwise_kernel<(int)128, (int)2, void at::native::gpu_kernel_impl_nocast<at::native::BinaryFunctor<float, float, float, at::native::binary_internal::MulFunctor<float>>>(at::TensorIteratorBase &, const T1 &)::[lambda(int) (instance 1)]>(int, T3)"
:BasicsTransformerLM.layers.20.ln1,PushPop,30,30,1,1,1633,1633.0,1633.0,1633,1633,0.0,"void at::native::vectorized_elementwise_kernel<(int)4, void at::native::<unnamed>::pow_tensor_scalar_kernel_impl<float, float>(at::TensorIteratorBase &, T2)::[lambda(float) (instance 1)], std::array<char *, (unsigned long)2>>(int, T2, T3)"
:BasicsTransformerLM.layers.20.ln1,PushPop,30,30,1,1,1184,1184.0,1184.0,1184,1184,0.0,"void at::native::vectorized_elementwise_kernel<(int)4, at::native::CUDAFunctorOnSelf_add<float>, std::array<char *, (unsigned long)2>>(int, T2, T3)"
:BasicsTransformerLM.layers.20.ln1,PushPop,30,30,1,1,1152,1152.0,1152.0,1152,1152,0.0,"void at::native::vectorized_elementwise_kernel<(int)4, at::native::rsqrt_kernel_cuda(at::TensorIteratorBase &)::[lambda() (instance 2)]::operator ()() const::[lambda() (instance 2)]::operator ()() const::[lambda(float) (instance 1)], std::array<char *, (unsigned long)2>>(int, T2, T3)"
:BasicsTransformerLM.layers.20.ln2,PushPop,30,30,1,1,8386,8386.0,8386.0,8386,8386,0.0,"void at::native::reduce_kernel<(int)512, (int)1, at::native::ReduceOp<float, at::native::MeanOps<float, float, float, float>, unsigned int, float, (int)4, (int)4>>(T3)"
:BasicsTransformerLM.layers.20.ln2,PushPop,30,30,1,2,5121,2560.5,2560.5,2496,2625,91.2,"void at::native::elementwise_kernel<(int)128, (int)2, void at::native::gpu_kernel_impl_nocast<at::native::BinaryFunctor<float, float, float, at::native::binary_internal::MulFunctor<float>>>(at::TensorIteratorBase &, const T1 &)::[lambda(int) (instance 1)]>(int, T3)"
:BasicsTransformerLM.layers.20.ln2,PushPop,30,30,1,1,1633,1633.0,1633.0,1633,1633,0.0,"void at::native::vectorized_elementwise_kernel<(int)4, void at::native::<unnamed>::pow_tensor_scalar_kernel_impl<float, float>(at::TensorIteratorBase &, T2)::[lambda(float) (instance 1)], std::array<char *, (unsigned long)2>>(int, T2, T3)"
:BasicsTransformerLM.layers.20.ln2,PushPop,30,30,1,1,1120,1120.0,1120.0,1120,1120,0.0,"void at::native::vectorized_elementwise_kernel<(int)4, at::native::CUDAFunctorOnSelf_add<float>, std::array<char *, (unsigned long)2>>(int, T2, T3)"
:BasicsTransformerLM.layers.20.ln2,PushPop,30,30,1,1,1056,1056.0,1056.0,1056,1056,0.0,"void at::native::vectorized_elementwise_kernel<(int)4, at::native::rsqrt_kernel_cuda(at::TensorIteratorBase &)::[lambda() (instance 2)]::operator ()() const::[lambda() (instance 2)]::operator ()() const::[lambda(float) (instance 1)], std::array<char *, (unsigned long)2>>(int, T2, T3)"
:BasicsTransformerLM.layers.21,PushPop,30,30,1,8,939088,117386.0,70711.0,5218,278074,90279.3,cutlass3x_sm100_simt_sgemm_f32_f32_f32_f32_f32_64x32x16_1x1x1_3_tnn_align1_bias_f32_relu
:BasicsTransformerLM.layers.21,PushPop,30,30,1,12,27115,2259.6,2305.0,1889,2721,318.3,"void at::native::elementwise_kernel<(int)128, (int)2, void at::native::gpu_kernel_impl_nocast<at::native::BinaryFunctor<float, float, float, at::native::binary_internal::MulFunctor<float>>>(at::TensorIteratorBase &, const T1 &)::[lambda(int) (instance 1)]>(int, T3)"
:BasicsTransformerLM.layers.21,PushPop,30,30,1,2,17062,8531.0,8531.0,8387,8675,203.6,"void at::native::reduce_kernel<(int)512, (int)1, at::native::ReduceOp<float, at::native::MeanOps<float, float, float, float>, unsigned int, float, (int)4, (int)4>>(T3)"
:BasicsTransformerLM.layers.21,PushPop,30,30,1,6,10690,1781.7,1712.0,1536,2145,235.3,"void at::native::vectorized_elementwise_kernel<(int)4, at::native::CUDAFunctor_add<float>, std::array<char *, (unsigned long)3>>(int, T2, T3)"
:BasicsTransformerLM.layers.21,PushPop,30,30,1,2,8514,4257.0,4257.0,4129,4385,181.0,"void at::native::<unnamed>::CatArrayBatchedCopy<at::native::<unnamed>::OpaqueType<(unsigned int)4>, unsigned int, (int)4, (int)64, (int)64>(T1 *, at::native::<unnamed>::CatArrInputTensorMetadata<T1, T2, T4, T5>, at::native::<unnamed>::TensorSizeStride<T2, (unsigned int)4>, int, T2)"
:BasicsTransformerLM.layers.21,PushPop,30,30,1,1,6722,6722.0,6722.0,6722,6722,0.0,cutlass3x_sm100_simt_sgemm_f32_f32_f32_f32_f32_64x32x16_1x1x1_3_nnn_align1_bias_f32_relu
:BasicsTransformerLM.layers.21,PushPop,30,30,1,2,5730,2865.0,2865.0,2593,3137,384.7,"void at::native::vectorized_elementwise_kernel<(int)4, at::native::BinaryFunctor<float, float, float, at::native::binary_internal::MulFunctor<float>>, std::array<char *, (unsigned long)3>>(int, T2, T3)"
:BasicsTransformerLM.layers.21,PushPop,30,30,1,1,4066,4066.0,4066.0,4066,4066,0.0,"void at::native::reduce_kernel<(int)512, (int)1, at::native::ReduceOp<float, at::native::MaxOps<float>, unsigned int, float, (int)4, (int)4>>(T3)"
:BasicsTransformerLM.layers.21,PushPop,30,30,1,1,3425,3425.0,3425.0,3425,3425,0.0,"void at::native::elementwise_kernel<(int)128, (int)2, void at::native::gpu_kernel_impl_nocast<at::native::BinaryFunctor<float, float, float, at::native::binary_internal::DivFunctor<float>>>(at::TensorIteratorBase &, const T1 &)::[lambda(int) (instance 1)]>(int, T3)"
:BasicsTransformerLM.layers.21,PushPop,30,30,1,2,3264,1632.0,1632.0,1632,1632,0.0,"void at::native::vectorized_elementwise_kernel<(int)4, void at::native::<unnamed>::pow_tensor_scalar_kernel_impl<float, float>(at::TensorIteratorBase &, T2)::[lambda(float) (instance 1)], std::array<char *, (unsigned long)2>>(int, T2, T3)"
:BasicsTransformerLM.layers.21,PushPop,30,30,1,1,3201,3201.0,3201.0,3201,3201,0.0,"void at::native::elementwise_kernel<(int)128, (int)2, void at::native::gpu_kernel_impl_nocast<at::native::<unnamed>::where_kernel_impl(at::TensorIterator &)::[lambda() (instance 1)]::operator ()() const::[lambda() (instance 11)]::operator ()() const::[lambda(bool, float, float) (instance 1)]>(at::TensorIteratorBase &, const T1 &)::[lambda(int) (instance 1)]>(int, T3)"
:BasicsTransformerLM.layers.21,PushPop,30,30,1,1,3041,3041.0,3041.0,3041,3041,0.0,"void at::native::vectorized_elementwise_kernel<(int)4, at::native::sigmoid_kernel_cuda(at::TensorIteratorBase &)::[lambda() (instance 2)]::operator ()() const::[lambda() (instance 2)]::operator ()() const::[lambda(float) (instance 1)], std::array<char *, (unsigned long)2>>(int, T2, T3)"
:BasicsTransformerLM.layers.21,PushPop,30,30,1,1,2977,2977.0,2977.0,2977,2977,0.0,"void at::native::elementwise_kernel<(int)128, (int)2, void at::native::gpu_kernel_impl_nocast<at::native::CUDAFunctor_add<float>>(at::TensorIteratorBase &, const T1 &)::[lambda(int) (instance 1)]>(int, T3)"
:BasicsTransformerLM.layers.21,PushPop,30,30,1,1,2785,2785.0,2785.0,2785,2785,0.0,"void at::native::reduce_kernel<(int)512, (int)1, at::native::ReduceOp<float, at::native::func_wrapper_t<float, at::native::sum_functor<float, float, float>::operator ()(at::TensorIterator &)::[lambda(float, float) (instance 1)]>, unsigned int, float, (int)4, (int)4>>(T3)"
:BasicsTransformerLM.layers.21,PushPop,30,30,1,1,2561,2561.0,2561.0,2561,2561,0.0,"void at::native::elementwise_kernel<(int)128, (int)2, void at::native::gpu_kernel_impl_nocast<at::native::direct_copy_kernel_cuda(at::TensorIteratorBase &)::[lambda() (instance 3)]::operator ()() const::[lambda() (instance 7)]::operator ()() const::[lambda(float) (instance 1)]>(at::TensorIteratorBase &, const T1 &)::[lambda(int) (instance 1)]>(int, T3)"
:BasicsTransformerLM.layers.21,PushPop,30,30,1,2,2432,1216.0,1216.0,1120,1312,135.8,"void at::native::vectorized_elementwise_kernel<(int)4, at::native::rsqrt_kernel_cuda(at::TensorIteratorBase &)::[lambda() (instance 2)]::operator ()() const::[lambda() (instance 2)]::operator ()() const::[lambda(float) (instance 1)], std::array<char *, (unsigned long)2>>(int, T2, T3)"
:BasicsTransformerLM.layers.21,PushPop,30,30,1,1,2240,2240.0,2240.0,2240,2240,0.0,"void at::native::elementwise_kernel<(int)128, (int)4, void at::native::gpu_kernel_impl_nocast<at::native::<unnamed>::CompareFunctor<long>>(at::TensorIteratorBase &, const T1 &)::[lambda(int) (instance 1)]>(int, T3)"
:BasicsTransformerLM.layers.21,PushPop,30,30,1,2,2210,1105.0,1105.0,1089,1121,22.6,"void at::native::vectorized_elementwise_kernel<(int)4, at::native::CUDAFunctorOnSelf_add<float>, std::array<char *, (unsigned long)2>>(int, T2, T3)"
:BasicsTransformerLM.layers.21,PushPop,30,30,1,1,2016,2016.0,2016.0,2016,2016,0.0,"void at::native::vectorized_elementwise_kernel<(int)4, at::native::BUnaryFunctor<float, float, float, at::native::binary_internal::MulFunctor<float>>, std::array<char *, (unsigned long)2>>(int, T2, T3)"
:BasicsTransformerLM.layers.21,PushPop,30,30,1,1,1920,1920.0,1920.0,1920,1920,0.0,"void at::native::vectorized_elementwise_kernel<(int)4, at::native::exp_kernel_cuda(at::TensorIteratorBase &)::[lambda() (instance 2)]::operator ()() const::[lambda() (instance 2)]::operator ()() const::[lambda(float) (instance 1)], std::array<char *, (unsigned long)2>>(int, T2, T3)"
:BasicsTransformerLM.layers.21,PushPop,30,30,1,1,800,800.0,800.0,800,800,0.0,"void at::native::vectorized_elementwise_kernel<(int)4, at::native::FillFunctor<float>, std::array<char *, (unsigned long)1>>(int, T2, T3)"
:BasicsTransformerLM.layers.21,PushPop,30,30,1,1,736,736.0,736.0,736,736,0.0,"void <unnamed>::elementwise_kernel_with_index<int, at::native::arange_cuda_out(const c10::Scalar &, const c10::Scalar &, const c10::Scalar &, at::Tensor &)::[lambda() (instance 1)]::operator ()() const::[lambda() (instance 4)]::operator ()() const::[lambda(long) (instance 1)]>(T1, T2, function_traits<T2>::result_type *)"
:BasicsTransformerLM.layers.21.attn,PushPop,30,30,1,5,286397,57279.4,69975.0,5218,70871,29106.5,cutlass3x_sm100_simt_sgemm_f32_f32_f32_f32_f32_64x32x16_1x1x1_3_tnn_align1_bias_f32_relu
:BasicsTransformerLM.layers.21.attn,PushPop,30,30,1,8,16968,2121.0,1953.0,1889,2721,298.1,"void at::native::elementwise_kernel<(int)128, (int)2, void at::native::gpu_kernel_impl_nocast<at::native::BinaryFunctor<float, float, float, at::native::binary_internal::MulFunctor<float>>>(at::TensorIteratorBase &, const T1 &)::[lambda(int) (instance 1)]>(int, T3)"
:BasicsTransformerLM.layers.21.attn,PushPop,30,30,1,2,8514,4257.0,4257.0,4129,4385,181.0,"void at::native::<unnamed>::CatArrayBatchedCopy<at::native::<unnamed>::OpaqueType<(unsigned int)4>, unsigned int, (int)4, (int)64, (int)64>(T1 *, at::native::<unnamed>::CatArrInputTensorMetadata<T1, T2, T4, T5>, at::native::<unnamed>::TensorSizeStride<T2, (unsigned int)4>, int, T2)"
:BasicsTransformerLM.layers.21.attn,PushPop,30,30,1,1,6722,6722.0,6722.0,6722,6722,0.0,cutlass3x_sm100_simt_sgemm_f32_f32_f32_f32_f32_64x32x16_1x1x1_3_nnn_align1_bias_f32_relu
:BasicsTransformerLM.layers.21.attn,PushPop,30,30,1,4,6560,1640.0,1648.0,1536,1728,88.1,"void at::native::vectorized_elementwise_kernel<(int)4, at::native::CUDAFunctor_add<float>, std::array<char *, (unsigned long)3>>(int, T2, T3)"
:BasicsTransformerLM.layers.21.attn,PushPop,30,30,1,1,4066,4066.0,4066.0,4066,4066,0.0,"void at::native::reduce_kernel<(int)512, (int)1, at::native::ReduceOp<float, at::native::MaxOps<float>, unsigned int, float, (int)4, (int)4>>(T3)"
:BasicsTransformerLM.layers.21.attn,PushPop,30,30,1,1,3425,3425.0,3425.0,3425,3425,0.0,"void at::native::elementwise_kernel<(int)128, (int)2, void at::native::gpu_kernel_impl_nocast<at::native::BinaryFunctor<float, float, float, at::native::binary_internal::DivFunctor<float>>>(at::TensorIteratorBase &, const T1 &)::[lambda(int) (instance 1)]>(int, T3)"
:BasicsTransformerLM.layers.21.attn,PushPop,30,30,1,1,3201,3201.0,3201.0,3201,3201,0.0,"void at::native::elementwise_kernel<(int)128, (int)2, void at::native::gpu_kernel_impl_nocast<at::native::<unnamed>::where_kernel_impl(at::TensorIterator &)::[lambda() (instance 1)]::operator ()() const::[lambda() (instance 11)]::operator ()() const::[lambda(bool, float, float) (instance 1)]>(at::TensorIteratorBase &, const T1 &)::[lambda(int) (instance 1)]>(int, T3)"
:BasicsTransformerLM.layers.21.attn,PushPop,30,30,1,1,2977,2977.0,2977.0,2977,2977,0.0,"void at::native::elementwise_kernel<(int)128, (int)2, void at::native::gpu_kernel_impl_nocast<at::native::CUDAFunctor_add<float>>(at::TensorIteratorBase &, const T1 &)::[lambda(int) (instance 1)]>(int, T3)"
:BasicsTransformerLM.layers.21.attn,PushPop,30,30,1,1,2785,2785.0,2785.0,2785,2785,0.0,"void at::native::reduce_kernel<(int)512, (int)1, at::native::ReduceOp<float, at::native::func_wrapper_t<float, at::native::sum_functor<float, float, float>::operator ()(at::TensorIterator &)::[lambda(float, float) (instance 1)]>, unsigned int, float, (int)4, (int)4>>(T3)"
:BasicsTransformerLM.layers.21.attn,PushPop,30,30,1,1,2561,2561.0,2561.0,2561,2561,0.0,"void at::native::elementwise_kernel<(int)128, (int)2, void at::native::gpu_kernel_impl_nocast<at::native::direct_copy_kernel_cuda(at::TensorIteratorBase &)::[lambda() (instance 3)]::operator ()() const::[lambda() (instance 7)]::operator ()() const::[lambda(float) (instance 1)]>(at::TensorIteratorBase &, const T1 &)::[lambda(int) (instance 1)]>(int, T3)"
:BasicsTransformerLM.layers.21.attn,PushPop,30,30,1,1,2240,2240.0,2240.0,2240,2240,0.0,"void at::native::elementwise_kernel<(int)128, (int)4, void at::native::gpu_kernel_impl_nocast<at::native::<unnamed>::CompareFunctor<long>>(at::TensorIteratorBase &, const T1 &)::[lambda(int) (instance 1)]>(int, T3)"
:BasicsTransformerLM.layers.21.attn,PushPop,30,30,1,1,2016,2016.0,2016.0,2016,2016,0.0,"void at::native::vectorized_elementwise_kernel<(int)4, at::native::BUnaryFunctor<float, float, float, at::native::binary_internal::MulFunctor<float>>, std::array<char *, (unsigned long)2>>(int, T2, T3)"
:BasicsTransformerLM.layers.21.attn,PushPop,30,30,1,1,1920,1920.0,1920.0,1920,1920,0.0,"void at::native::vectorized_elementwise_kernel<(int)4, at::native::exp_kernel_cuda(at::TensorIteratorBase &)::[lambda() (instance 2)]::operator ()() const::[lambda() (instance 2)]::operator ()() const::[lambda(float) (instance 1)], std::array<char *, (unsigned long)2>>(int, T2, T3)"
:BasicsTransformerLM.layers.21.attn,PushPop,30,30,1,1,800,800.0,800.0,800,800,0.0,"void at::native::vectorized_elementwise_kernel<(int)4, at::native::FillFunctor<float>, std::array<char *, (unsigned long)1>>(int, T2, T3)"
:BasicsTransformerLM.layers.21.attn,PushPop,30,30,1,1,736,736.0,736.0,736,736,0.0,"void <unnamed>::elementwise_kernel_with_index<int, at::native::arange_cuda_out(const c10::Scalar &, const c10::Scalar &, const c10::Scalar &, at::Tensor &)::[lambda() (instance 1)]::operator ()() const::[lambda() (instance 4)]::operator ()() const::[lambda(long) (instance 1)]>(T1, T2, function_traits<T2>::result_type *)"
:BasicsTransformerLM.layers.21.attn.k_proj,PushPop,30,30,1,1,69782,69782.0,69782.0,69782,69782,0.0,cutlass3x_sm100_simt_sgemm_f32_f32_f32_f32_f32_64x32x16_1x1x1_3_tnn_align1_bias_f32_relu
:BasicsTransformerLM.layers.21.attn.output_proj,PushPop,30,30,1,1,70551,70551.0,70551.0,70551,70551,0.0,cutlass3x_sm100_simt_sgemm_f32_f32_f32_f32_f32_64x32x16_1x1x1_3_tnn_align1_bias_f32_relu
:BasicsTransformerLM.layers.21.attn.q_proj,PushPop,30,30,1,1,69975,69975.0,69975.0,69975,69975,0.0,cutlass3x_sm100_simt_sgemm_f32_f32_f32_f32_f32_64x32x16_1x1x1_3_tnn_align1_bias_f32_relu
:BasicsTransformerLM.layers.21.attn.v_proj,PushPop,30,30,1,1,70871,70871.0,70871.0,70871,70871,0.0,cutlass3x_sm100_simt_sgemm_f32_f32_f32_f32_f32_64x32x16_1x1x1_3_tnn_align1_bias_f32_relu
:BasicsTransformerLM.layers.21.ffn,PushPop,30,30,1,3,652691,217563.7,187933.0,186684,278074,52407.2,cutlass3x_sm100_simt_sgemm_f32_f32_f32_f32_f32_64x32x16_1x1x1_3_tnn_align1_bias_f32_relu
:BasicsTransformerLM.layers.21.ffn,PushPop,30,30,1,2,5730,2865.0,2865.0,2593,3137,384.7,"void at::native::vectorized_elementwise_kernel<(int)4, at::native::BinaryFunctor<float, float, float, at::native::binary_internal::MulFunctor<float>>, std::array<char *, (unsigned long)3>>(int, T2, T3)"
:BasicsTransformerLM.layers.21.ffn,PushPop,30,30,1,1,3041,3041.0,3041.0,3041,3041,0.0,"void at::native::vectorized_elementwise_kernel<(int)4, at::native::sigmoid_kernel_cuda(at::TensorIteratorBase &)::[lambda() (instance 2)]::operator ()() const::[lambda() (instance 2)]::operator ()() const::[lambda(float) (instance 1)], std::array<char *, (unsigned long)2>>(int, T2, T3)"
:BasicsTransformerLM.layers.21.ffn.w1,PushPop,30,30,1,1,187933,187933.0,187933.0,187933,187933,0.0,cutlass3x_sm100_simt_sgemm_f32_f32_f32_f32_f32_64x32x16_1x1x1_3_tnn_align1_bias_f32_relu
:BasicsTransformerLM.layers.21.ffn.w2,PushPop,30,30,1,1,278074,278074.0,278074.0,278074,278074,0.0,cutlass3x_sm100_simt_sgemm_f32_f32_f32_f32_f32_64x32x16_1x1x1_3_tnn_align1_bias_f32_relu
:BasicsTransformerLM.layers.21.ffn.w3,PushPop,30,30,1,1,186684,186684.0,186684.0,186684,186684,0.0,cutlass3x_sm100_simt_sgemm_f32_f32_f32_f32_f32_64x32x16_1x1x1_3_tnn_align1_bias_f32_relu
:BasicsTransformerLM.layers.21.ln1,PushPop,30,30,1,1,8675,8675.0,8675.0,8675,8675,0.0,"void at::native::reduce_kernel<(int)512, (int)1, at::native::ReduceOp<float, at::native::MeanOps<float, float, float, float>, unsigned int, float, (int)4, (int)4>>(T3)"
:BasicsTransformerLM.layers.21.ln1,PushPop,30,30,1,2,4994,2497.0,2497.0,2497,2497,0.0,"void at::native::elementwise_kernel<(int)128, (int)2, void at::native::gpu_kernel_impl_nocast<at::native::BinaryFunctor<float, float, float, at::native::binary_internal::MulFunctor<float>>>(at::TensorIteratorBase &, const T1 &)::[lambda(int) (instance 1)]>(int, T3)"
:BasicsTransformerLM.layers.21.ln1,PushPop,30,30,1,1,1632,1632.0,1632.0,1632,1632,0.0,"void at::native::vectorized_elementwise_kernel<(int)4, void at::native::<unnamed>::pow_tensor_scalar_kernel_impl<float, float>(at::TensorIteratorBase &, T2)::[lambda(float) (instance 1)], std::array<char *, (unsigned long)2>>(int, T2, T3)"
:BasicsTransformerLM.layers.21.ln1,PushPop,30,30,1,1,1120,1120.0,1120.0,1120,1120,0.0,"void at::native::vectorized_elementwise_kernel<(int)4, at::native::rsqrt_kernel_cuda(at::TensorIteratorBase &)::[lambda() (instance 2)]::operator ()() const::[lambda() (instance 2)]::operator ()() const::[lambda(float) (instance 1)], std::array<char *, (unsigned long)2>>(int, T2, T3)"
:BasicsTransformerLM.layers.21.ln1,PushPop,30,30,1,1,1089,1089.0,1089.0,1089,1089,0.0,"void at::native::vectorized_elementwise_kernel<(int)4, at::native::CUDAFunctorOnSelf_add<float>, std::array<char *, (unsigned long)2>>(int, T2, T3)"
:BasicsTransformerLM.layers.21.ln2,PushPop,30,30,1,1,8387,8387.0,8387.0,8387,8387,0.0,"void at::native::reduce_kernel<(int)512, (int)1, at::native::ReduceOp<float, at::native::MeanOps<float, float, float, float>, unsigned int, float, (int)4, (int)4>>(T3)"
:BasicsTransformerLM.layers.21.ln2,PushPop,30,30,1,2,5153,2576.5,2576.5,2465,2688,157.7,"void at::native::elementwise_kernel<(int)128, (int)2, void at::native::gpu_kernel_impl_nocast<at::native::BinaryFunctor<float, float, float, at::native::binary_internal::MulFunctor<float>>>(at::TensorIteratorBase &, const T1 &)::[lambda(int) (instance 1)]>(int, T3)"
:BasicsTransformerLM.layers.21.ln2,PushPop,30,30,1,1,1632,1632.0,1632.0,1632,1632,0.0,"void at::native::vectorized_elementwise_kernel<(int)4, void at::native::<unnamed>::pow_tensor_scalar_kernel_impl<float, float>(at::TensorIteratorBase &, T2)::[lambda(float) (instance 1)], std::array<char *, (unsigned long)2>>(int, T2, T3)"
:BasicsTransformerLM.layers.21.ln2,PushPop,30,30,1,1,1312,1312.0,1312.0,1312,1312,0.0,"void at::native::vectorized_elementwise_kernel<(int)4, at::native::rsqrt_kernel_cuda(at::TensorIteratorBase &)::[lambda() (instance 2)]::operator ()() const::[lambda() (instance 2)]::operator ()() const::[lambda(float) (instance 1)], std::array<char *, (unsigned long)2>>(int, T2, T3)"
:BasicsTransformerLM.layers.21.ln2,PushPop,30,30,1,1,1121,1121.0,1121.0,1121,1121,0.0,"void at::native::vectorized_elementwise_kernel<(int)4, at::native::CUDAFunctorOnSelf_add<float>, std::array<char *, (unsigned long)2>>(int, T2, T3)"
:BasicsTransformerLM.layers.22,PushPop,30,30,1,8,940591,117573.9,70695.0,5281,278746,90423.2,cutlass3x_sm100_simt_sgemm_f32_f32_f32_f32_f32_64x32x16_1x1x1_3_tnn_align1_bias_f32_relu
:BasicsTransformerLM.layers.22,PushPop,30,30,1,12,27016,2251.3,2224.5,1921,2817,314.1,"void at::native::elementwise_kernel<(int)128, (int)2, void at::native::gpu_kernel_impl_nocast<at::native::BinaryFunctor<float, float, float, at::native::binary_internal::MulFunctor<float>>>(at::TensorIteratorBase &, const T1 &)::[lambda(int) (instance 1)]>(int, T3)"
:BasicsTransformerLM.layers.22,PushPop,30,30,1,2,17029,8514.5,8514.5,8322,8707,272.2,"void at::native::reduce_kernel<(int)512, (int)1, at::native::ReduceOp<float, at::native::MeanOps<float, float, float, float>, unsigned int, float, (int)4, (int)4>>(T3)"
:BasicsTransformerLM.layers.22,PushPop,30,30,1,6,10885,1814.2,1777.0,1537,2177,250.7,"void at::native::vectorized_elementwise_kernel<(int)4, at::native::CUDAFunctor_add<float>, std::array<char *, (unsigned long)3>>(int, T2, T3)"
:BasicsTransformerLM.layers.22,PushPop,30,30,1,2,8611,4305.5,4305.5,4226,4385,112.4,"void at::native::<unnamed>::CatArrayBatchedCopy<at::native::<unnamed>::OpaqueType<(unsigned int)4>, unsigned int, (int)4, (int)64, (int)64>(T1 *, at::native::<unnamed>::CatArrInputTensorMetadata<T1, T2, T4, T5>, at::native::<unnamed>::TensorSizeStride<T2, (unsigned int)4>, int, T2)"
:BasicsTransformerLM.layers.22,PushPop,30,30,1,1,6787,6787.0,6787.0,6787,6787,0.0,cutlass3x_sm100_simt_sgemm_f32_f32_f32_f32_f32_64x32x16_1x1x1_3_nnn_align1_bias_f32_relu
:BasicsTransformerLM.layers.22,PushPop,30,30,1,2,5793,2896.5,2896.5,2752,3041,204.4,"void at::native::vectorized_elementwise_kernel<(int)4, at::native::BinaryFunctor<float, float, float, at::native::binary_internal::MulFunctor<float>>, std::array<char *, (unsigned long)3>>(int, T2, T3)"
:BasicsTransformerLM.layers.22,PushPop,30,30,1,1,4162,4162.0,4162.0,4162,4162,0.0,"void at::native::reduce_kernel<(int)512, (int)1, at::native::ReduceOp<float, at::native::MaxOps<float>, unsigned int, float, (int)4, (int)4>>(T3)"
:BasicsTransformerLM.layers.22,PushPop,30,30,1,1,3521,3521.0,3521.0,3521,3521,0.0,"void at::native::elementwise_kernel<(int)128, (int)2, void at::native::gpu_kernel_impl_nocast<at::native::<unnamed>::where_kernel_impl(at::TensorIterator &)::[lambda() (instance 1)]::operator ()() const::[lambda() (instance 11)]::operator ()() const::[lambda(bool, float, float) (instance 1)]>(at::TensorIteratorBase &, const T1 &)::[lambda(int) (instance 1)]>(int, T3)"
:BasicsTransformerLM.layers.22,PushPop,30,30,1,1,3458,3458.0,3458.0,3458,3458,0.0,"void at::native::elementwise_kernel<(int)128, (int)2, void at::native::gpu_kernel_impl_nocast<at::native::BinaryFunctor<float, float, float, at::native::binary_internal::DivFunctor<float>>>(at::TensorIteratorBase &, const T1 &)::[lambda(int) (instance 1)]>(int, T3)"
:BasicsTransformerLM.layers.22,PushPop,30,30,1,2,3265,1632.5,1632.5,1632,1633,0.7,"void at::native::vectorized_elementwise_kernel<(int)4, void at::native::<unnamed>::pow_tensor_scalar_kernel_impl<float, float>(at::TensorIteratorBase &, T2)::[lambda(float) (instance 1)], std::array<char *, (unsigned long)2>>(int, T2, T3)"
:BasicsTransformerLM.layers.22,PushPop,30,30,1,1,2945,2945.0,2945.0,2945,2945,0.0,"void at::native::elementwise_kernel<(int)128, (int)2, void at::native::gpu_kernel_impl_nocast<at::native::CUDAFunctor_add<float>>(at::TensorIteratorBase &, const T1 &)::[lambda(int) (instance 1)]>(int, T3)"
:BasicsTransformerLM.layers.22,PushPop,30,30,1,1,2945,2945.0,2945.0,2945,2945,0.0,"void at::native::vectorized_elementwise_kernel<(int)4, at::native::sigmoid_kernel_cuda(at::TensorIteratorBase &)::[lambda() (instance 2)]::operator ()() const::[lambda() (instance 2)]::operator ()() const::[lambda(float) (instance 1)], std::array<char *, (unsigned long)2>>(int, T2, T3)"
:BasicsTransformerLM.layers.22,PushPop,30,30,1,1,2817,2817.0,2817.0,2817,2817,0.0,"void at::native::reduce_kernel<(int)512, (int)1, at::native::ReduceOp<float, at::native::func_wrapper_t<float, at::native::sum_functor<float, float, float>::operator ()(at::TensorIterator &)::[lambda(float, float) (instance 1)]>, unsigned int, float, (int)4, (int)4>>(T3)"
:BasicsTransformerLM.layers.22,PushPop,30,30,1,1,2561,2561.0,2561.0,2561,2561,0.0,"void at::native::elementwise_kernel<(int)128, (int)2, void at::native::gpu_kernel_impl_nocast<at::native::direct_copy_kernel_cuda(at::TensorIteratorBase &)::[lambda() (instance 3)]::operator ()() const::[lambda() (instance 7)]::operator ()() const::[lambda(float) (instance 1)]>(at::TensorIteratorBase &, const T1 &)::[lambda(int) (instance 1)]>(int, T3)"
:BasicsTransformerLM.layers.22,PushPop,30,30,1,1,2305,2305.0,2305.0,2305,2305,0.0,"void at::native::elementwise_kernel<(int)128, (int)4, void at::native::gpu_kernel_impl_nocast<at::native::<unnamed>::CompareFunctor<long>>(at::TensorIteratorBase &, const T1 &)::[lambda(int) (instance 1)]>(int, T3)"
:BasicsTransformerLM.layers.22,PushPop,30,30,1,2,2240,1120.0,1120.0,1120,1120,0.0,"void at::native::vectorized_elementwise_kernel<(int)4, at::native::CUDAFunctorOnSelf_add<float>, std::array<char *, (unsigned long)2>>(int, T2, T3)"
:BasicsTransformerLM.layers.22,PushPop,30,30,1,2,2081,1040.5,1040.5,1024,1057,23.3,"void at::native::vectorized_elementwise_kernel<(int)4, at::native::rsqrt_kernel_cuda(at::TensorIteratorBase &)::[lambda() (instance 2)]::operator ()() const::[lambda() (instance 2)]::operator ()() const::[lambda(float) (instance 1)], std::array<char *, (unsigned long)2>>(int, T2, T3)"
:BasicsTransformerLM.layers.22,PushPop,30,30,1,1,1888,1888.0,1888.0,1888,1888,0.0,"void at::native::vectorized_elementwise_kernel<(int)4, at::native::exp_kernel_cuda(at::TensorIteratorBase &)::[lambda() (instance 2)]::operator ()() const::[lambda() (instance 2)]::operator ()() const::[lambda(float) (instance 1)], std::array<char *, (unsigned long)2>>(int, T2, T3)"
:BasicsTransformerLM.layers.22,PushPop,30,30,1,1,1856,1856.0,1856.0,1856,1856,0.0,"void at::native::vectorized_elementwise_kernel<(int)4, at::native::BUnaryFunctor<float, float, float, at::native::binary_internal::MulFunctor<float>>, std::array<char *, (unsigned long)2>>(int, T2, T3)"
:BasicsTransformerLM.layers.22,PushPop,30,30,1,1,928,928.0,928.0,928,928,0.0,"void at::native::vectorized_elementwise_kernel<(int)4, at::native::FillFunctor<float>, std::array<char *, (unsigned long)1>>(int, T2, T3)"
:BasicsTransformerLM.layers.22,PushPop,30,30,1,1,737,737.0,737.0,737,737,0.0,"void <unnamed>::elementwise_kernel_with_index<int, at::native::arange_cuda_out(const c10::Scalar &, const c10::Scalar &, const c10::Scalar &, at::Tensor &)::[lambda() (instance 1)]::operator ()() const::[lambda() (instance 4)]::operator ()() const::[lambda(long) (instance 1)]>(T1, T2, function_traits<T2>::result_type *)"
:BasicsTransformerLM.layers.22.attn,PushPop,30,30,1,5,287005,57401.0,70423.0,5281,70839,29137.9,cutlass3x_sm100_simt_sgemm_f32_f32_f32_f32_f32_64x32x16_1x1x1_3_tnn_align1_bias_f32_relu
:BasicsTransformerLM.layers.22.attn,PushPop,30,30,1,8,16997,2124.6,1953.0,1921,2817,309.9,"void at::native::elementwise_kernel<(int)128, (int)2, void at::native::gpu_kernel_impl_nocast<at::native::BinaryFunctor<float, float, float, at::native::binary_internal::MulFunctor<float>>>(at::TensorIteratorBase &, const T1 &)::[lambda(int) (instance 1)]>(int, T3)"
:BasicsTransformerLM.layers.22.attn,PushPop,30,30,1,2,8611,4305.5,4305.5,4226,4385,112.4,"void at::native::<unnamed>::CatArrayBatchedCopy<at::native::<unnamed>::OpaqueType<(unsigned int)4>, unsigned int, (int)4, (int)64, (int)64>(T1 *, at::native::<unnamed>::CatArrInputTensorMetadata<T1, T2, T4, T5>, at::native::<unnamed>::TensorSizeStride<T2, (unsigned int)4>, int, T2)"
:BasicsTransformerLM.layers.22.attn,PushPop,30,30,1,1,6787,6787.0,6787.0,6787,6787,0.0,cutlass3x_sm100_simt_sgemm_f32_f32_f32_f32_f32_64x32x16_1x1x1_3_nnn_align1_bias_f32_relu
:BasicsTransformerLM.layers.22.attn,PushPop,30,30,1,4,6724,1681.0,1633.0,1537,1921,166.3,"void at::native::vectorized_elementwise_kernel<(int)4, at::native::CUDAFunctor_add<float>, std::array<char *, (unsigned long)3>>(int, T2, T3)"
:BasicsTransformerLM.layers.22.attn,PushPop,30,30,1,1,4162,4162.0,4162.0,4162,4162,0.0,"void at::native::reduce_kernel<(int)512, (int)1, at::native::ReduceOp<float, at::native::MaxOps<float>, unsigned int, float, (int)4, (int)4>>(T3)"
:BasicsTransformerLM.layers.22.attn,PushPop,30,30,1,1,3521,3521.0,3521.0,3521,3521,0.0,"void at::native::elementwise_kernel<(int)128, (int)2, void at::native::gpu_kernel_impl_nocast<at::native::<unnamed>::where_kernel_impl(at::TensorIterator &)::[lambda() (instance 1)]::operator ()() const::[lambda() (instance 11)]::operator ()() const::[lambda(bool, float, float) (instance 1)]>(at::TensorIteratorBase &, const T1 &)::[lambda(int) (instance 1)]>(int, T3)"
:BasicsTransformerLM.layers.22.attn,PushPop,30,30,1,1,3458,3458.0,3458.0,3458,3458,0.0,"void at::native::elementwise_kernel<(int)128, (int)2, void at::native::gpu_kernel_impl_nocast<at::native::BinaryFunctor<float, float, float, at::native::binary_internal::DivFunctor<float>>>(at::TensorIteratorBase &, const T1 &)::[lambda(int) (instance 1)]>(int, T3)"
:BasicsTransformerLM.layers.22.attn,PushPop,30,30,1,1,2945,2945.0,2945.0,2945,2945,0.0,"void at::native::elementwise_kernel<(int)128, (int)2, void at::native::gpu_kernel_impl_nocast<at::native::CUDAFunctor_add<float>>(at::TensorIteratorBase &, const T1 &)::[lambda(int) (instance 1)]>(int, T3)"
:BasicsTransformerLM.layers.22.attn,PushPop,30,30,1,1,2817,2817.0,2817.0,2817,2817,0.0,"void at::native::reduce_kernel<(int)512, (int)1, at::native::ReduceOp<float, at::native::func_wrapper_t<float, at::native::sum_functor<float, float, float>::operator ()(at::TensorIterator &)::[lambda(float, float) (instance 1)]>, unsigned int, float, (int)4, (int)4>>(T3)"
:BasicsTransformerLM.layers.22.attn,PushPop,30,30,1,1,2561,2561.0,2561.0,2561,2561,0.0,"void at::native::elementwise_kernel<(int)128, (int)2, void at::native::gpu_kernel_impl_nocast<at::native::direct_copy_kernel_cuda(at::TensorIteratorBase &)::[lambda() (instance 3)]::operator ()() const::[lambda() (instance 7)]::operator ()() const::[lambda(float) (instance 1)]>(at::TensorIteratorBase &, const T1 &)::[lambda(int) (instance 1)]>(int, T3)"
:BasicsTransformerLM.layers.22.attn,PushPop,30,30,1,1,2305,2305.0,2305.0,2305,2305,0.0,"void at::native::elementwise_kernel<(int)128, (int)4, void at::native::gpu_kernel_impl_nocast<at::native::<unnamed>::CompareFunctor<long>>(at::TensorIteratorBase &, const T1 &)::[lambda(int) (instance 1)]>(int, T3)"
:BasicsTransformerLM.layers.22.attn,PushPop,30,30,1,1,1888,1888.0,1888.0,1888,1888,0.0,"void at::native::vectorized_elementwise_kernel<(int)4, at::native::exp_kernel_cuda(at::TensorIteratorBase &)::[lambda() (instance 2)]::operator ()() const::[lambda() (instance 2)]::operator ()() const::[lambda(float) (instance 1)], std::array<char *, (unsigned long)2>>(int, T2, T3)"
:BasicsTransformerLM.layers.22.attn,PushPop,30,30,1,1,1856,1856.0,1856.0,1856,1856,0.0,"void at::native::vectorized_elementwise_kernel<(int)4, at::native::BUnaryFunctor<float, float, float, at::native::binary_internal::MulFunctor<float>>, std::array<char *, (unsigned long)2>>(int, T2, T3)"
:BasicsTransformerLM.layers.22.attn,PushPop,30,30,1,1,928,928.0,928.0,928,928,0.0,"void at::native::vectorized_elementwise_kernel<(int)4, at::native::FillFunctor<float>, std::array<char *, (unsigned long)1>>(int, T2, T3)"
:BasicsTransformerLM.layers.22.attn,PushPop,30,30,1,1,737,737.0,737.0,737,737,0.0,"void <unnamed>::elementwise_kernel_with_index<int, at::native::arange_cuda_out(const c10::Scalar &, const c10::Scalar &, const c10::Scalar &, at::Tensor &)::[lambda() (instance 1)]::operator ()() const::[lambda() (instance 4)]::operator ()() const::[lambda(long) (instance 1)]>(T1, T2, function_traits<T2>::result_type *)"
:BasicsTransformerLM.layers.22.attn.k_proj,PushPop,30,30,1,1,70551,70551.0,70551.0,70551,70551,0.0,cutlass3x_sm100_simt_sgemm_f32_f32_f32_f32_f32_64x32x16_1x1x1_3_tnn_align1_bias_f32_relu
:BasicsTransformerLM.layers.22.attn.output_proj,PushPop,30,30,1,1,70423,70423.0,70423.0,70423,70423,0.0,cutlass3x_sm100_simt_sgemm_f32_f32_f32_f32_f32_64x32x16_1x1x1_3_tnn_align1_bias_f32_relu
:BasicsTransformerLM.layers.22.attn.q_proj,PushPop,30,30,1,1,69911,69911.0,69911.0,69911,69911,0.0,cutlass3x_sm100_simt_sgemm_f32_f32_f32_f32_f32_64x32x16_1x1x1_3_tnn_align1_bias_f32_relu
:BasicsTransformerLM.layers.22.attn.v_proj,PushPop,30,30,1,1,70839,70839.0,70839.0,70839,70839,0.0,cutlass3x_sm100_simt_sgemm_f32_f32_f32_f32_f32_64x32x16_1x1x1_3_tnn_align1_bias_f32_relu
:BasicsTransformerLM.layers.22.ffn,PushPop,30,30,1,3,653586,217862.0,188188.0,186652,278746,52732.7,cutlass3x_sm100_simt_sgemm_f32_f32_f32_f32_f32_64x32x16_1x1x1_3_tnn_align1_bias_f32_relu
:BasicsTransformerLM.layers.22.ffn,PushPop,30,30,1,2,5793,2896.5,2896.5,2752,3041,204.4,"void at::native::vectorized_elementwise_kernel<(int)4, at::native::BinaryFunctor<float, float, float, at::native::binary_internal::MulFunctor<float>>, std::array<char *, (unsigned long)3>>(int, T2, T3)"
:BasicsTransformerLM.layers.22.ffn,PushPop,30,30,1,1,2945,2945.0,2945.0,2945,2945,0.0,"void at::native::vectorized_elementwise_kernel<(int)4, at::native::sigmoid_kernel_cuda(at::TensorIteratorBase &)::[lambda() (instance 2)]::operator ()() const::[lambda() (instance 2)]::operator ()() const::[lambda(float) (instance 1)], std::array<char *, (unsigned long)2>>(int, T2, T3)"
:BasicsTransformerLM.layers.22.ffn.w1,PushPop,30,30,1,1,188188,188188.0,188188.0,188188,188188,0.0,cutlass3x_sm100_simt_sgemm_f32_f32_f32_f32_f32_64x32x16_1x1x1_3_tnn_align1_bias_f32_relu
:BasicsTransformerLM.layers.22.ffn.w2,PushPop,30,30,1,1,278746,278746.0,278746.0,278746,278746,0.0,cutlass3x_sm100_simt_sgemm_f32_f32_f32_f32_f32_64x32x16_1x1x1_3_tnn_align1_bias_f32_relu
:BasicsTransformerLM.layers.22.ffn.w3,PushPop,30,30,1,1,186652,186652.0,186652.0,186652,186652,0.0,cutlass3x_sm100_simt_sgemm_f32_f32_f32_f32_f32_64x32x16_1x1x1_3_tnn_align1_bias_f32_relu
:BasicsTransformerLM.layers.22.ln1,PushPop,30,30,1,1,8322,8322.0,8322.0,8322,8322,0.0,"void at::native::reduce_kernel<(int)512, (int)1, at::native::ReduceOp<float, at::native::MeanOps<float, float, float, float>, unsigned int, float, (int)4, (int)4>>(T3)"
:BasicsTransformerLM.layers.22.ln1,PushPop,30,30,1,2,5057,2528.5,2528.5,2528,2529,0.7,"void at::native::elementwise_kernel<(int)128, (int)2, void at::native::gpu_kernel_impl_nocast<at::native::BinaryFunctor<float, float, float, at::native::binary_internal::MulFunctor<float>>>(at::TensorIteratorBase &, const T1 &)::[lambda(int) (instance 1)]>(int, T3)"
:BasicsTransformerLM.layers.22.ln1,PushPop,30,30,1,1,1633,1633.0,1633.0,1633,1633,0.0,"void at::native::vectorized_elementwise_kernel<(int)4, void at::native::<unnamed>::pow_tensor_scalar_kernel_impl<float, float>(at::TensorIteratorBase &, T2)::[lambda(float) (instance 1)], std::array<char *, (unsigned long)2>>(int, T2, T3)"
:BasicsTransformerLM.layers.22.ln1,PushPop,30,30,1,1,1120,1120.0,1120.0,1120,1120,0.0,"void at::native::vectorized_elementwise_kernel<(int)4, at::native::CUDAFunctorOnSelf_add<float>, std::array<char *, (unsigned long)2>>(int, T2, T3)"
:BasicsTransformerLM.layers.22.ln1,PushPop,30,30,1,1,1024,1024.0,1024.0,1024,1024,0.0,"void at::native::vectorized_elementwise_kernel<(int)4, at::native::rsqrt_kernel_cuda(at::TensorIteratorBase &)::[lambda() (instance 2)]::operator ()() const::[lambda() (instance 2)]::operator ()() const::[lambda(float) (instance 1)], std::array<char *, (unsigned long)2>>(int, T2, T3)"
:BasicsTransformerLM.layers.22.ln2,PushPop,30,30,1,1,8707,8707.0,8707.0,8707,8707,0.0,"void at::native::reduce_kernel<(int)512, (int)1, at::native::ReduceOp<float, at::native::MeanOps<float, float, float, float>, unsigned int, float, (int)4, (int)4>>(T3)"
:BasicsTransformerLM.layers.22.ln2,PushPop,30,30,1,2,4962,2481.0,2481.0,2369,2593,158.4,"void at::native::elementwise_kernel<(int)128, (int)2, void at::native::gpu_kernel_impl_nocast<at::native::BinaryFunctor<float, float, float, at::native::binary_internal::MulFunctor<float>>>(at::TensorIteratorBase &, const T1 &)::[lambda(int) (instance 1)]>(int, T3)"
:BasicsTransformerLM.layers.22.ln2,PushPop,30,30,1,1,1632,1632.0,1632.0,1632,1632,0.0,"void at::native::vectorized_elementwise_kernel<(int)4, void at::native::<unnamed>::pow_tensor_scalar_kernel_impl<float, float>(at::TensorIteratorBase &, T2)::[lambda(float) (instance 1)], std::array<char *, (unsigned long)2>>(int, T2, T3)"
:BasicsTransformerLM.layers.22.ln2,PushPop,30,30,1,1,1120,1120.0,1120.0,1120,1120,0.0,"void at::native::vectorized_elementwise_kernel<(int)4, at::native::CUDAFunctorOnSelf_add<float>, std::array<char *, (unsigned long)2>>(int, T2, T3)"
:BasicsTransformerLM.layers.22.ln2,PushPop,30,30,1,1,1057,1057.0,1057.0,1057,1057,0.0,"void at::native::vectorized_elementwise_kernel<(int)4, at::native::rsqrt_kernel_cuda(at::TensorIteratorBase &)::[lambda() (instance 2)]::operator ()() const::[lambda() (instance 2)]::operator ()() const::[lambda(float) (instance 1)], std::array<char *, (unsigned long)2>>(int, T2, T3)"
:BasicsTransformerLM.layers.23,PushPop,30,30,1,8,940625,117578.1,70423.0,5282,279387,90661.5,cutlass3x_sm100_simt_sgemm_f32_f32_f32_f32_f32_64x32x16_1x1x1_3_tnn_align1_bias_f32_relu
:BasicsTransformerLM.layers.23,PushPop,30,30,1,12,26246,2187.2,2176.5,1888,2497,259.5,"void at::native::elementwise_kernel<(int)128, (int)2, void at::native::gpu_kernel_impl_nocast<at::native::BinaryFunctor<float, float, float, at::native::binary_internal::MulFunctor<float>>>(at::TensorIteratorBase &, const T1 &)::[lambda(int) (instance 1)]>(int, T3)"
:BasicsTransformerLM.layers.23,PushPop,30,30,1,2,16644,8322.0,8322.0,8290,8354,45.3,"void at::native::reduce_kernel<(int)512, (int)1, at::native::ReduceOp<float, at::native::MeanOps<float, float, float, float>, unsigned int, float, (int)4, (int)4>>(T3)"
:BasicsTransformerLM.layers.23,PushPop,30,30,1,6,10534,1755.7,1681.0,1505,2209,268.0,"void at::native::vectorized_elementwise_kernel<(int)4, at::native::CUDAFunctor_add<float>, std::array<char *, (unsigned long)3>>(int, T2, T3)"
:BasicsTransformerLM.layers.23,PushPop,30,30,1,2,8546,4273.0,4273.0,4161,4385,158.4,"void at::native::<unnamed>::CatArrayBatchedCopy<at::native::<unnamed>::OpaqueType<(unsigned int)4>, unsigned int, (int)4, (int)64, (int)64>(T1 *, at::native::<unnamed>::CatArrInputTensorMetadata<T1, T2, T4, T5>, at::native::<unnamed>::TensorSizeStride<T2, (unsigned int)4>, int, T2)"
:BasicsTransformerLM.layers.23,PushPop,30,30,1,1,6722,6722.0,6722.0,6722,6722,0.0,cutlass3x_sm100_simt_sgemm_f32_f32_f32_f32_f32_64x32x16_1x1x1_3_nnn_align1_bias_f32_relu
:BasicsTransformerLM.layers.23,PushPop,30,30,1,2,5474,2737.0,2737.0,2433,3041,429.9,"void at::native::vectorized_elementwise_kernel<(int)4, at::native::BinaryFunctor<float, float, float, at::native::binary_internal::MulFunctor<float>>, std::array<char *, (unsigned long)3>>(int, T2, T3)"
:BasicsTransformerLM.layers.23,PushPop,30,30,1,1,4001,4001.0,4001.0,4001,4001,0.0,"void at::native::reduce_kernel<(int)512, (int)1, at::native::ReduceOp<float, at::native::MaxOps<float>, unsigned int, float, (int)4, (int)4>>(T3)"
:BasicsTransformerLM.layers.23,PushPop,30,30,1,1,3425,3425.0,3425.0,3425,3425,0.0,"void at::native::elementwise_kernel<(int)128, (int)2, void at::native::gpu_kernel_impl_nocast<at::native::BinaryFunctor<float, float, float, at::native::binary_internal::DivFunctor<float>>>(at::TensorIteratorBase &, const T1 &)::[lambda(int) (instance 1)]>(int, T3)"
:BasicsTransformerLM.layers.23,PushPop,30,30,1,1,3329,3329.0,3329.0,3329,3329,0.0,"void at::native::vectorized_elementwise_kernel<(int)4, at::native::sigmoid_kernel_cuda(at::TensorIteratorBase &)::[lambda() (instance 2)]::operator ()() const::[lambda() (instance 2)]::operator ()() const::[lambda(float) (instance 1)], std::array<char *, (unsigned long)2>>(int, T2, T3)"
:BasicsTransformerLM.layers.23,PushPop,30,30,1,2,3298,1649.0,1649.0,1633,1665,22.6,"void at::native::vectorized_elementwise_kernel<(int)4, void at::native::<unnamed>::pow_tensor_scalar_kernel_impl<float, float>(at::TensorIteratorBase &, T2)::[lambda(float) (instance 1)], std::array<char *, (unsigned long)2>>(int, T2, T3)"
:BasicsTransformerLM.layers.23,PushPop,30,30,1,1,3233,3233.0,3233.0,3233,3233,0.0,"void at::native::elementwise_kernel<(int)128, (int)2, void at::native::gpu_kernel_impl_nocast<at::native::<unnamed>::where_kernel_impl(at::TensorIterator &)::[lambda() (instance 1)]::operator ()() const::[lambda() (instance 11)]::operator ()() const::[lambda(bool, float, float) (instance 1)]>(at::TensorIteratorBase &, const T1 &)::[lambda(int) (instance 1)]>(int, T3)"
:BasicsTransformerLM.layers.23,PushPop,30,30,1,1,3105,3105.0,3105.0,3105,3105,0.0,"void at::native::elementwise_kernel<(int)128, (int)2, void at::native::gpu_kernel_impl_nocast<at::native::CUDAFunctor_add<float>>(at::TensorIteratorBase &, const T1 &)::[lambda(int) (instance 1)]>(int, T3)"
:BasicsTransformerLM.layers.23,PushPop,30,30,1,1,2849,2849.0,2849.0,2849,2849,0.0,"void at::native::reduce_kernel<(int)512, (int)1, at::native::ReduceOp<float, at::native::func_wrapper_t<float, at::native::sum_functor<float, float, float>::operator ()(at::TensorIterator &)::[lambda(float, float) (instance 1)]>, unsigned int, float, (int)4, (int)4>>(T3)"
:BasicsTransformerLM.layers.23,PushPop,30,30,1,1,2529,2529.0,2529.0,2529,2529,0.0,"void at::native::elementwise_kernel<(int)128, (int)2, void at::native::gpu_kernel_impl_nocast<at::native::direct_copy_kernel_cuda(at::TensorIteratorBase &)::[lambda() (instance 3)]::operator ()() const::[lambda() (instance 7)]::operator ()() const::[lambda(float) (instance 1)]>(at::TensorIteratorBase &, const T1 &)::[lambda(int) (instance 1)]>(int, T3)"
:BasicsTransformerLM.layers.23,PushPop,30,30,1,2,2464,1232.0,1232.0,1216,1248,22.6,"void at::native::vectorized_elementwise_kernel<(int)4, at::native::CUDAFunctorOnSelf_add<float>, std::array<char *, (unsigned long)2>>(int, T2, T3)"
:BasicsTransformerLM.layers.23,PushPop,30,30,1,2,2433,1216.5,1216.5,1185,1248,44.5,"void at::native::vectorized_elementwise_kernel<(int)4, at::native::rsqrt_kernel_cuda(at::TensorIteratorBase &)::[lambda() (instance 2)]::operator ()() const::[lambda() (instance 2)]::operator ()() const::[lambda(float) (instance 1)], std::array<char *, (unsigned long)2>>(int, T2, T3)"
:BasicsTransformerLM.layers.23,PushPop,30,30,1,1,2177,2177.0,2177.0,2177,2177,0.0,"void at::native::elementwise_kernel<(int)128, (int)4, void at::native::gpu_kernel_impl_nocast<at::native::<unnamed>::CompareFunctor<long>>(at::TensorIteratorBase &, const T1 &)::[lambda(int) (instance 1)]>(int, T3)"
:BasicsTransformerLM.layers.23,PushPop,30,30,1,1,2145,2145.0,2145.0,2145,2145,0.0,"void at::native::vectorized_elementwise_kernel<(int)4, at::native::exp_kernel_cuda(at::TensorIteratorBase &)::[lambda() (instance 2)]::operator ()() const::[lambda() (instance 2)]::operator ()() const::[lambda(float) (instance 1)], std::array<char *, (unsigned long)2>>(int, T2, T3)"
:BasicsTransformerLM.layers.23,PushPop,30,30,1,1,1857,1857.0,1857.0,1857,1857,0.0,"void at::native::vectorized_elementwise_kernel<(int)4, at::native::BUnaryFunctor<float, float, float, at::native::binary_internal::MulFunctor<float>>, std::array<char *, (unsigned long)2>>(int, T2, T3)"
:BasicsTransformerLM.layers.23,PushPop,30,30,1,1,960,960.0,960.0,960,960,0.0,"void at::native::vectorized_elementwise_kernel<(int)4, at::native::FillFunctor<float>, std::array<char *, (unsigned long)1>>(int, T2, T3)"
:BasicsTransformerLM.layers.23,PushPop,30,30,1,1,864,864.0,864.0,864,864,0.0,"void <unnamed>::elementwise_kernel_with_index<int, at::native::arange_cuda_out(const c10::Scalar &, const c10::Scalar &, const c10::Scalar &, at::Tensor &)::[lambda() (instance 1)]::operator ()() const::[lambda() (instance 4)]::operator ()() const::[lambda(long) (instance 1)]>(T1, T2, function_traits<T2>::result_type *)"
:BasicsTransformerLM.layers.23.attn,PushPop,30,30,1,5,286238,57247.6,70071.0,5282,70551,29050.4,cutlass3x_sm100_simt_sgemm_f32_f32_f32_f32_f32_64x32x16_1x1x1_3_tnn_align1_bias_f32_relu
:BasicsTransformerLM.layers.23.attn,PushPop,30,30,1,8,16355,2044.4,1937.0,1888,2400,188.4,"void at::native::elementwise_kernel<(int)128, (int)2, void at::native::gpu_kernel_impl_nocast<at::native::BinaryFunctor<float, float, float, at::native::binary_internal::MulFunctor<float>>>(at::TensorIteratorBase &, const T1 &)::[lambda(int) (instance 1)]>(int, T3)"
:BasicsTransformerLM.layers.23.attn,PushPop,30,30,1,2,8546,4273.0,4273.0,4161,4385,158.4,"void at::native::<unnamed>::CatArrayBatchedCopy<at::native::<unnamed>::OpaqueType<(unsigned int)4>, unsigned int, (int)4, (int)64, (int)64>(T1 *, at::native::<unnamed>::CatArrInputTensorMetadata<T1, T2, T4, T5>, at::native::<unnamed>::TensorSizeStride<T2, (unsigned int)4>, int, T2)"
:BasicsTransformerLM.layers.23.attn,PushPop,30,30,1,1,6722,6722.0,6722.0,6722,6722,0.0,cutlass3x_sm100_simt_sgemm_f32_f32_f32_f32_f32_64x32x16_1x1x1_3_nnn_align1_bias_f32_relu
:BasicsTransformerLM.layers.23.attn,PushPop,30,30,1,4,6404,1601.0,1585.0,1505,1729,101.2,"void at::native::vectorized_elementwise_kernel<(int)4, at::native::CUDAFunctor_add<float>, std::array<char *, (unsigned long)3>>(int, T2, T3)"
:BasicsTransformerLM.layers.23.attn,PushPop,30,30,1,1,4001,4001.0,4001.0,4001,4001,0.0,"void at::native::reduce_kernel<(int)512, (int)1, at::native::ReduceOp<float, at::native::MaxOps<float>, unsigned int, float, (int)4, (int)4>>(T3)"
:BasicsTransformerLM.layers.23.attn,PushPop,30,30,1,1,3425,3425.0,3425.0,3425,3425,0.0,"void at::native::elementwise_kernel<(int)128, (int)2, void at::native::gpu_kernel_impl_nocast<at::native::BinaryFunctor<float, float, float, at::native::binary_internal::DivFunctor<float>>>(at::TensorIteratorBase &, const T1 &)::[lambda(int) (instance 1)]>(int, T3)"
:BasicsTransformerLM.layers.23.attn,PushPop,30,30,1,1,3233,3233.0,3233.0,3233,3233,0.0,"void at::native::elementwise_kernel<(int)128, (int)2, void at::native::gpu_kernel_impl_nocast<at::native::<unnamed>::where_kernel_impl(at::TensorIterator &)::[lambda() (instance 1)]::operator ()() const::[lambda() (instance 11)]::operator ()() const::[lambda(bool, float, float) (instance 1)]>(at::TensorIteratorBase &, const T1 &)::[lambda(int) (instance 1)]>(int, T3)"
:BasicsTransformerLM.layers.23.attn,PushPop,30,30,1,1,3105,3105.0,3105.0,3105,3105,0.0,"void at::native::elementwise_kernel<(int)128, (int)2, void at::native::gpu_kernel_impl_nocast<at::native::CUDAFunctor_add<float>>(at::TensorIteratorBase &, const T1 &)::[lambda(int) (instance 1)]>(int, T3)"
:BasicsTransformerLM.layers.23.attn,PushPop,30,30,1,1,2849,2849.0,2849.0,2849,2849,0.0,"void at::native::reduce_kernel<(int)512, (int)1, at::native::ReduceOp<float, at::native::func_wrapper_t<float, at::native::sum_functor<float, float, float>::operator ()(at::TensorIterator &)::[lambda(float, float) (instance 1)]>, unsigned int, float, (int)4, (int)4>>(T3)"
:BasicsTransformerLM.layers.23.attn,PushPop,30,30,1,1,2529,2529.0,2529.0,2529,2529,0.0,"void at::native::elementwise_kernel<(int)128, (int)2, void at::native::gpu_kernel_impl_nocast<at::native::direct_copy_kernel_cuda(at::TensorIteratorBase &)::[lambda() (instance 3)]::operator ()() const::[lambda() (instance 7)]::operator ()() const::[lambda(float) (instance 1)]>(at::TensorIteratorBase &, const T1 &)::[lambda(int) (instance 1)]>(int, T3)"
:BasicsTransformerLM.layers.23.attn,PushPop,30,30,1,1,2177,2177.0,2177.0,2177,2177,0.0,"void at::native::elementwise_kernel<(int)128, (int)4, void at::native::gpu_kernel_impl_nocast<at::native::<unnamed>::CompareFunctor<long>>(at::TensorIteratorBase &, const T1 &)::[lambda(int) (instance 1)]>(int, T3)"
:BasicsTransformerLM.layers.23.attn,PushPop,30,30,1,1,2145,2145.0,2145.0,2145,2145,0.0,"void at::native::vectorized_elementwise_kernel<(int)4, at::native::exp_kernel_cuda(at::TensorIteratorBase &)::[lambda() (instance 2)]::operator ()() const::[lambda() (instance 2)]::operator ()() const::[lambda(float) (instance 1)], std::array<char *, (unsigned long)2>>(int, T2, T3)"
:BasicsTransformerLM.layers.23.attn,PushPop,30,30,1,1,1857,1857.0,1857.0,1857,1857,0.0,"void at::native::vectorized_elementwise_kernel<(int)4, at::native::BUnaryFunctor<float, float, float, at::native::binary_internal::MulFunctor<float>>, std::array<char *, (unsigned long)2>>(int, T2, T3)"
:BasicsTransformerLM.layers.23.attn,PushPop,30,30,1,1,960,960.0,960.0,960,960,0.0,"void at::native::vectorized_elementwise_kernel<(int)4, at::native::FillFunctor<float>, std::array<char *, (unsigned long)1>>(int, T2, T3)"
:BasicsTransformerLM.layers.23.attn,PushPop,30,30,1,1,864,864.0,864.0,864,864,0.0,"void <unnamed>::elementwise_kernel_with_index<int, at::native::arange_cuda_out(const c10::Scalar &, const c10::Scalar &, const c10::Scalar &, at::Tensor &)::[lambda() (instance 1)]::operator ()() const::[lambda() (instance 4)]::operator ()() const::[lambda(long) (instance 1)]>(T1, T2, function_traits<T2>::result_type *)"
:BasicsTransformerLM.layers.23.attn.k_proj,PushPop,30,30,1,1,70071,70071.0,70071.0,70071,70071,0.0,cutlass3x_sm100_simt_sgemm_f32_f32_f32_f32_f32_64x32x16_1x1x1_3_tnn_align1_bias_f32_relu
:BasicsTransformerLM.layers.23.attn.output_proj,PushPop,30,30,1,1,70551,70551.0,70551.0,70551,70551,0.0,cutlass3x_sm100_simt_sgemm_f32_f32_f32_f32_f32_64x32x16_1x1x1_3_tnn_align1_bias_f32_relu
:BasicsTransformerLM.layers.23.attn.q_proj,PushPop,30,30,1,1,70039,70039.0,70039.0,70039,70039,0.0,cutlass3x_sm100_simt_sgemm_f32_f32_f32_f32_f32_64x32x16_1x1x1_3_tnn_align1_bias_f32_relu
:BasicsTransformerLM.layers.23.attn.v_proj,PushPop,30,30,1,1,70295,70295.0,70295.0,70295,70295,0.0,cutlass3x_sm100_simt_sgemm_f32_f32_f32_f32_f32_64x32x16_1x1x1_3_tnn_align1_bias_f32_relu
:BasicsTransformerLM.layers.23.ffn,PushPop,30,30,1,3,654387,218129.0,188444.0,186556,279387,53059.4,cutlass3x_sm100_simt_sgemm_f32_f32_f32_f32_f32_64x32x16_1x1x1_3_tnn_align1_bias_f32_relu
:BasicsTransformerLM.layers.23.ffn,PushPop,30,30,1,2,5474,2737.0,2737.0,2433,3041,429.9,"void at::native::vectorized_elementwise_kernel<(int)4, at::native::BinaryFunctor<float, float, float, at::native::binary_internal::MulFunctor<float>>, std::array<char *, (unsigned long)3>>(int, T2, T3)"
:BasicsTransformerLM.layers.23.ffn,PushPop,30,30,1,1,3329,3329.0,3329.0,3329,3329,0.0,"void at::native::vectorized_elementwise_kernel<(int)4, at::native::sigmoid_kernel_cuda(at::TensorIteratorBase &)::[lambda() (instance 2)]::operator ()() const::[lambda() (instance 2)]::operator ()() const::[lambda(float) (instance 1)], std::array<char *, (unsigned long)2>>(int, T2, T3)"
:BasicsTransformerLM.layers.23.ffn.w1,PushPop,30,30,1,1,188444,188444.0,188444.0,188444,188444,0.0,cutlass3x_sm100_simt_sgemm_f32_f32_f32_f32_f32_64x32x16_1x1x1_3_tnn_align1_bias_f32_relu
:BasicsTransformerLM.layers.23.ffn.w2,PushPop,30,30,1,1,279387,279387.0,279387.0,279387,279387,0.0,cutlass3x_sm100_simt_sgemm_f32_f32_f32_f32_f32_64x32x16_1x1x1_3_tnn_align1_bias_f32_relu
:BasicsTransformerLM.layers.23.ffn.w3,PushPop,30,30,1,1,186556,186556.0,186556.0,186556,186556,0.0,cutlass3x_sm100_simt_sgemm_f32_f32_f32_f32_f32_64x32x16_1x1x1_3_tnn_align1_bias_f32_relu
:BasicsTransformerLM.layers.23.ln1,PushPop,30,30,1,1,8290,8290.0,8290.0,8290,8290,0.0,"void at::native::reduce_kernel<(int)512, (int)1, at::native::ReduceOp<float, at::native::MeanOps<float, float, float, float>, unsigned int, float, (int)4, (int)4>>(T3)"
:BasicsTransformerLM.layers.23.ln1,PushPop,30,30,1,2,4929,2464.5,2464.5,2433,2496,44.5,"void at::native::elementwise_kernel<(int)128, (int)2, void at::native::gpu_kernel_impl_nocast<at::native::BinaryFunctor<float, float, float, at::native::binary_internal::MulFunctor<float>>>(at::TensorIteratorBase &, const T1 &)::[lambda(int) (instance 1)]>(int, T3)"
:BasicsTransformerLM.layers.23.ln1,PushPop,30,30,1,1,1665,1665.0,1665.0,1665,1665,0.0,"void at::native::vectorized_elementwise_kernel<(int)4, void at::native::<unnamed>::pow_tensor_scalar_kernel_impl<float, float>(at::TensorIteratorBase &, T2)::[lambda(float) (instance 1)], std::array<char *, (unsigned long)2>>(int, T2, T3)"
:BasicsTransformerLM.layers.23.ln1,PushPop,30,30,1,1,1248,1248.0,1248.0,1248,1248,0.0,"void at::native::vectorized_elementwise_kernel<(int)4, at::native::rsqrt_kernel_cuda(at::TensorIteratorBase &)::[lambda() (instance 2)]::operator ()() const::[lambda() (instance 2)]::operator ()() const::[lambda(float) (instance 1)], std::array<char *, (unsigned long)2>>(int, T2, T3)"
:BasicsTransformerLM.layers.23.ln1,PushPop,30,30,1,1,1216,1216.0,1216.0,1216,1216,0.0,"void at::native::vectorized_elementwise_kernel<(int)4, at::native::CUDAFunctorOnSelf_add<float>, std::array<char *, (unsigned long)2>>(int, T2, T3)"
:BasicsTransformerLM.layers.23.ln2,PushPop,30,30,1,1,8354,8354.0,8354.0,8354,8354,0.0,"void at::native::reduce_kernel<(int)512, (int)1, at::native::ReduceOp<float, at::native::MeanOps<float, float, float, float>, unsigned int, float, (int)4, (int)4>>(T3)"
:BasicsTransformerLM.layers.23.ln2,PushPop,30,30,1,2,4962,2481.0,2481.0,2465,2497,22.6,"void at::native::elementwise_kernel<(int)128, (int)2, void at::native::gpu_kernel_impl_nocast<at::native::BinaryFunctor<float, float, float, at::native::binary_internal::MulFunctor<float>>>(at::TensorIteratorBase &, const T1 &)::[lambda(int) (instance 1)]>(int, T3)"
:BasicsTransformerLM.layers.23.ln2,PushPop,30,30,1,1,1633,1633.0,1633.0,1633,1633,0.0,"void at::native::vectorized_elementwise_kernel<(int)4, void at::native::<unnamed>::pow_tensor_scalar_kernel_impl<float, float>(at::TensorIteratorBase &, T2)::[lambda(float) (instance 1)], std::array<char *, (unsigned long)2>>(int, T2, T3)"
:BasicsTransformerLM.layers.23.ln2,PushPop,30,30,1,1,1248,1248.0,1248.0,1248,1248,0.0,"void at::native::vectorized_elementwise_kernel<(int)4, at::native::CUDAFunctorOnSelf_add<float>, std::array<char *, (unsigned long)2>>(int, T2, T3)"
:BasicsTransformerLM.layers.23.ln2,PushPop,30,30,1,1,1185,1185.0,1185.0,1185,1185,0.0,"void at::native::vectorized_elementwise_kernel<(int)4, at::native::rsqrt_kernel_cuda(at::TensorIteratorBase &)::[lambda() (instance 2)]::operator ()() const::[lambda() (instance 2)]::operator ()() const::[lambda(float) (instance 1)], std::array<char *, (unsigned long)2>>(int, T2, T3)"
:BasicsTransformerLM.layers.24,PushPop,30,30,1,8,939664,117458.0,70663.0,5186,278074,90233.2,cutlass3x_sm100_simt_sgemm_f32_f32_f32_f32_f32_64x32x16_1x1x1_3_tnn_align1_bias_f32_relu
:BasicsTransformerLM.layers.24,PushPop,30,30,1,12,26602,2216.8,2240.5,1921,2721,269.9,"void at::native::elementwise_kernel<(int)128, (int)2, void at::native::gpu_kernel_impl_nocast<at::native::BinaryFunctor<float, float, float, at::native::binary_internal::MulFunctor<float>>>(at::TensorIteratorBase &, const T1 &)::[lambda(int) (instance 1)]>(int, T3)"
:BasicsTransformerLM.layers.24,PushPop,30,30,1,2,17061,8530.5,8530.5,8354,8707,249.6,"void at::native::reduce_kernel<(int)512, (int)1, at::native::ReduceOp<float, at::native::MeanOps<float, float, float, float>, unsigned int, float, (int)4, (int)4>>(T3)"
:BasicsTransformerLM.layers.24,PushPop,30,30,1,6,10880,1813.3,1712.0,1536,2240,297.2,"void at::native::vectorized_elementwise_kernel<(int)4, at::native::CUDAFunctor_add<float>, std::array<char *, (unsigned long)3>>(int, T2, T3)"
:BasicsTransformerLM.layers.24,PushPop,30,30,1,2,8708,4354.0,4354.0,4290,4418,90.5,"void at::native::<unnamed>::CatArrayBatchedCopy<at::native::<unnamed>::OpaqueType<(unsigned int)4>, unsigned int, (int)4, (int)64, (int)64>(T1 *, at::native::<unnamed>::CatArrInputTensorMetadata<T1, T2, T4, T5>, at::native::<unnamed>::TensorSizeStride<T2, (unsigned int)4>, int, T2)"
:BasicsTransformerLM.layers.24,PushPop,30,30,1,1,6691,6691.0,6691.0,6691,6691,0.0,cutlass3x_sm100_simt_sgemm_f32_f32_f32_f32_f32_64x32x16_1x1x1_3_nnn_align1_bias_f32_relu
:BasicsTransformerLM.layers.24,PushPop,30,30,1,2,5730,2865.0,2865.0,2657,3073,294.2,"void at::native::vectorized_elementwise_kernel<(int)4, at::native::BinaryFunctor<float, float, float, at::native::binary_internal::MulFunctor<float>>, std::array<char *, (unsigned long)3>>(int, T2, T3)"
:BasicsTransformerLM.layers.24,PushPop,30,30,1,1,4193,4193.0,4193.0,4193,4193,0.0,"void at::native::reduce_kernel<(int)512, (int)1, at::native::ReduceOp<float, at::native::MaxOps<float>, unsigned int, float, (int)4, (int)4>>(T3)"
:BasicsTransformerLM.layers.24,PushPop,30,30,1,1,3457,3457.0,3457.0,3457,3457,0.0,"void at::native::elementwise_kernel<(int)128, (int)2, void at::native::gpu_kernel_impl_nocast<at::native::BinaryFunctor<float, float, float, at::native::binary_internal::DivFunctor<float>>>(at::TensorIteratorBase &, const T1 &)::[lambda(int) (instance 1)]>(int, T3)"
:BasicsTransformerLM.layers.24,PushPop,30,30,1,1,3393,3393.0,3393.0,3393,3393,0.0,"void at::native::elementwise_kernel<(int)128, (int)2, void at::native::gpu_kernel_impl_nocast<at::native::<unnamed>::where_kernel_impl(at::TensorIterator &)::[lambda() (instance 1)]::operator ()() const::[lambda() (instance 11)]::operator ()() const::[lambda(bool, float, float) (instance 1)]>(at::TensorIteratorBase &, const T1 &)::[lambda(int) (instance 1)]>(int, T3)"
:BasicsTransformerLM.layers.24,PushPop,30,30,1,2,3297,1648.5,1648.5,1633,1664,21.9,"void at::native::vectorized_elementwise_kernel<(int)4, void at::native::<unnamed>::pow_tensor_scalar_kernel_impl<float, float>(at::TensorIteratorBase &, T2)::[lambda(float) (instance 1)], std::array<char *, (unsigned long)2>>(int, T2, T3)"
:BasicsTransformerLM.layers.24,PushPop,30,30,1,1,3233,3233.0,3233.0,3233,3233,0.0,"void at::native::vectorized_elementwise_kernel<(int)4, at::native::sigmoid_kernel_cuda(at::TensorIteratorBase &)::[lambda() (instance 2)]::operator ()() const::[lambda() (instance 2)]::operator ()() const::[lambda(float) (instance 1)], std::array<char *, (unsigned long)2>>(int, T2, T3)"
:BasicsTransformerLM.layers.24,PushPop,30,30,1,1,3009,3009.0,3009.0,3009,3009,0.0,"void at::native::reduce_kernel<(int)512, (int)1, at::native::ReduceOp<float, at::native::func_wrapper_t<float, at::native::sum_functor<float, float, float>::operator ()(at::TensorIterator &)::[lambda(float, float) (instance 1)]>, unsigned int, float, (int)4, (int)4>>(T3)"
:BasicsTransformerLM.layers.24,PushPop,30,30,1,1,2913,2913.0,2913.0,2913,2913,0.0,"void at::native::elementwise_kernel<(int)128, (int)2, void at::native::gpu_kernel_impl_nocast<at::native::CUDAFunctor_add<float>>(at::TensorIteratorBase &, const T1 &)::[lambda(int) (instance 1)]>(int, T3)"
:BasicsTransformerLM.layers.24,PushPop,30,30,1,1,2593,2593.0,2593.0,2593,2593,0.0,"void at::native::elementwise_kernel<(int)128, (int)2, void at::native::gpu_kernel_impl_nocast<at::native::direct_copy_kernel_cuda(at::TensorIteratorBase &)::[lambda() (instance 3)]::operator ()() const::[lambda() (instance 7)]::operator ()() const::[lambda(float) (instance 1)]>(at::TensorIteratorBase &, const T1 &)::[lambda(int) (instance 1)]>(int, T3)"
:BasicsTransformerLM.layers.24,PushPop,30,30,1,2,2465,1232.5,1232.5,1217,1248,21.9,"void at::native::vectorized_elementwise_kernel<(int)4, at::native::CUDAFunctorOnSelf_add<float>, std::array<char *, (unsigned long)2>>(int, T2, T3)"
:BasicsTransformerLM.layers.24,PushPop,30,30,1,2,2401,1200.5,1200.5,1184,1217,23.3,"void at::native::vectorized_elementwise_kernel<(int)4, at::native::rsqrt_kernel_cuda(at::TensorIteratorBase &)::[lambda() (instance 2)]::operator ()() const::[lambda() (instance 2)]::operator ()() const::[lambda(float) (instance 1)], std::array<char *, (unsigned long)2>>(int, T2, T3)"
:BasicsTransformerLM.layers.24,PushPop,30,30,1,1,2112,2112.0,2112.0,2112,2112,0.0,"void at::native::elementwise_kernel<(int)128, (int)4, void at::native::gpu_kernel_impl_nocast<at::native::<unnamed>::CompareFunctor<long>>(at::TensorIteratorBase &, const T1 &)::[lambda(int) (instance 1)]>(int, T3)"
:BasicsTransformerLM.layers.24,PushPop,30,30,1,1,2081,2081.0,2081.0,2081,2081,0.0,"void at::native::vectorized_elementwise_kernel<(int)4, at::native::BUnaryFunctor<float, float, float, at::native::binary_internal::MulFunctor<float>>, std::array<char *, (unsigned long)2>>(int, T2, T3)"
:BasicsTransformerLM.layers.24,PushPop,30,30,1,1,1985,1985.0,1985.0,1985,1985,0.0,"void at::native::vectorized_elementwise_kernel<(int)4, at::native::exp_kernel_cuda(at::TensorIteratorBase &)::[lambda() (instance 2)]::operator ()() const::[lambda() (instance 2)]::operator ()() const::[lambda(float) (instance 1)], std::array<char *, (unsigned long)2>>(int, T2, T3)"
:BasicsTransformerLM.layers.24,PushPop,30,30,1,1,897,897.0,897.0,897,897,0.0,"void at::native::vectorized_elementwise_kernel<(int)4, at::native::FillFunctor<float>, std::array<char *, (unsigned long)1>>(int, T2, T3)"
:BasicsTransformerLM.layers.24,PushPop,30,30,1,1,896,896.0,896.0,896,896,0.0,"void <unnamed>::elementwise_kernel_with_index<int, at::native::arange_cuda_out(const c10::Scalar &, const c10::Scalar &, const c10::Scalar &, at::Tensor &)::[lambda() (instance 1)]::operator ()() const::[lambda() (instance 4)]::operator ()() const::[lambda(long) (instance 1)]>(T1, T2, function_traits<T2>::result_type *)"
:BasicsTransformerLM.layers.24.attn,PushPop,30,30,1,5,287005,57401.0,70327.0,5186,70743,29189.9,cutlass3x_sm100_simt_sgemm_f32_f32_f32_f32_f32_64x32x16_1x1x1_3_tnn_align1_bias_f32_relu
:BasicsTransformerLM.layers.24.attn,PushPop,30,30,1,8,16934,2116.8,1953.0,1921,2721,280.2,"void at::native::elementwise_kernel<(int)128, (int)2, void at::native::gpu_kernel_impl_nocast<at::native::BinaryFunctor<float, float, float, at::native::binary_internal::MulFunctor<float>>>(at::TensorIteratorBase &, const T1 &)::[lambda(int) (instance 1)]>(int, T3)"
:BasicsTransformerLM.layers.24.attn,PushPop,30,30,1,2,8708,4354.0,4354.0,4290,4418,90.5,"void at::native::<unnamed>::CatArrayBatchedCopy<at::native::<unnamed>::OpaqueType<(unsigned int)4>, unsigned int, (int)4, (int)64, (int)64>(T1 *, at::native::<unnamed>::CatArrInputTensorMetadata<T1, T2, T4, T5>, at::native::<unnamed>::TensorSizeStride<T2, (unsigned int)4>, int, T2)"
:BasicsTransformerLM.layers.24.attn,PushPop,30,30,1,1,6691,6691.0,6691.0,6691,6691,0.0,cutlass3x_sm100_simt_sgemm_f32_f32_f32_f32_f32_64x32x16_1x1x1_3_nnn_align1_bias_f32_relu
:BasicsTransformerLM.layers.24.attn,PushPop,30,30,1,4,6528,1632.0,1600.0,1536,1792,113.9,"void at::native::vectorized_elementwise_kernel<(int)4, at::native::CUDAFunctor_add<float>, std::array<char *, (unsigned long)3>>(int, T2, T3)"
:BasicsTransformerLM.layers.24.attn,PushPop,30,30,1,1,4193,4193.0,4193.0,4193,4193,0.0,"void at::native::reduce_kernel<(int)512, (int)1, at::native::ReduceOp<float, at::native::MaxOps<float>, unsigned int, float, (int)4, (int)4>>(T3)"
:BasicsTransformerLM.layers.24.attn,PushPop,30,30,1,1,3457,3457.0,3457.0,3457,3457,0.0,"void at::native::elementwise_kernel<(int)128, (int)2, void at::native::gpu_kernel_impl_nocast<at::native::BinaryFunctor<float, float, float, at::native::binary_internal::DivFunctor<float>>>(at::TensorIteratorBase &, const T1 &)::[lambda(int) (instance 1)]>(int, T3)"
:BasicsTransformerLM.layers.24.attn,PushPop,30,30,1,1,3393,3393.0,3393.0,3393,3393,0.0,"void at::native::elementwise_kernel<(int)128, (int)2, void at::native::gpu_kernel_impl_nocast<at::native::<unnamed>::where_kernel_impl(at::TensorIterator &)::[lambda() (instance 1)]::operator ()() const::[lambda() (instance 11)]::operator ()() const::[lambda(bool, float, float) (instance 1)]>(at::TensorIteratorBase &, const T1 &)::[lambda(int) (instance 1)]>(int, T3)"
:BasicsTransformerLM.layers.24.attn,PushPop,30,30,1,1,3009,3009.0,3009.0,3009,3009,0.0,"void at::native::reduce_kernel<(int)512, (int)1, at::native::ReduceOp<float, at::native::func_wrapper_t<float, at::native::sum_functor<float, float, float>::operator ()(at::TensorIterator &)::[lambda(float, float) (instance 1)]>, unsigned int, float, (int)4, (int)4>>(T3)"
:BasicsTransformerLM.layers.24.attn,PushPop,30,30,1,1,2913,2913.0,2913.0,2913,2913,0.0,"void at::native::elementwise_kernel<(int)128, (int)2, void at::native::gpu_kernel_impl_nocast<at::native::CUDAFunctor_add<float>>(at::TensorIteratorBase &, const T1 &)::[lambda(int) (instance 1)]>(int, T3)"
:BasicsTransformerLM.layers.24.attn,PushPop,30,30,1,1,2593,2593.0,2593.0,2593,2593,0.0,"void at::native::elementwise_kernel<(int)128, (int)2, void at::native::gpu_kernel_impl_nocast<at::native::direct_copy_kernel_cuda(at::TensorIteratorBase &)::[lambda() (instance 3)]::operator ()() const::[lambda() (instance 7)]::operator ()() const::[lambda(float) (instance 1)]>(at::TensorIteratorBase &, const T1 &)::[lambda(int) (instance 1)]>(int, T3)"
:BasicsTransformerLM.layers.24.attn,PushPop,30,30,1,1,2112,2112.0,2112.0,2112,2112,0.0,"void at::native::elementwise_kernel<(int)128, (int)4, void at::native::gpu_kernel_impl_nocast<at::native::<unnamed>::CompareFunctor<long>>(at::TensorIteratorBase &, const T1 &)::[lambda(int) (instance 1)]>(int, T3)"
:BasicsTransformerLM.layers.24.attn,PushPop,30,30,1,1,2081,2081.0,2081.0,2081,2081,0.0,"void at::native::vectorized_elementwise_kernel<(int)4, at::native::BUnaryFunctor<float, float, float, at::native::binary_internal::MulFunctor<float>>, std::array<char *, (unsigned long)2>>(int, T2, T3)"
:BasicsTransformerLM.layers.24.attn,PushPop,30,30,1,1,1985,1985.0,1985.0,1985,1985,0.0,"void at::native::vectorized_elementwise_kernel<(int)4, at::native::exp_kernel_cuda(at::TensorIteratorBase &)::[lambda() (instance 2)]::operator ()() const::[lambda() (instance 2)]::operator ()() const::[lambda(float) (instance 1)], std::array<char *, (unsigned long)2>>(int, T2, T3)"
:BasicsTransformerLM.layers.24.attn,PushPop,30,30,1,1,897,897.0,897.0,897,897,0.0,"void at::native::vectorized_elementwise_kernel<(int)4, at::native::FillFunctor<float>, std::array<char *, (unsigned long)1>>(int, T2, T3)"
:BasicsTransformerLM.layers.24.attn,PushPop,30,30,1,1,896,896.0,896.0,896,896,0.0,"void <unnamed>::elementwise_kernel_with_index<int, at::native::arange_cuda_out(const c10::Scalar &, const c10::Scalar &, const c10::Scalar &, at::Tensor &)::[lambda() (instance 1)]::operator ()() const::[lambda() (instance 4)]::operator ()() const::[lambda(long) (instance 1)]>(T1, T2, function_traits<T2>::result_type *)"
:BasicsTransformerLM.layers.24.attn.k_proj,PushPop,30,30,1,1,70327,70327.0,70327.0,70327,70327,0.0,cutlass3x_sm100_simt_sgemm_f32_f32_f32_f32_f32_64x32x16_1x1x1_3_tnn_align1_bias_f32_relu
:BasicsTransformerLM.layers.24.attn.output_proj,PushPop,30,30,1,1,70743,70743.0,70743.0,70743,70743,0.0,cutlass3x_sm100_simt_sgemm_f32_f32_f32_f32_f32_64x32x16_1x1x1_3_tnn_align1_bias_f32_relu
:BasicsTransformerLM.layers.24.attn.q_proj,PushPop,30,30,1,1,70166,70166.0,70166.0,70166,70166,0.0,cutlass3x_sm100_simt_sgemm_f32_f32_f32_f32_f32_64x32x16_1x1x1_3_tnn_align1_bias_f32_relu
:BasicsTransformerLM.layers.24.attn.v_proj,PushPop,30,30,1,1,70583,70583.0,70583.0,70583,70583,0.0,cutlass3x_sm100_simt_sgemm_f32_f32_f32_f32_f32_64x32x16_1x1x1_3_tnn_align1_bias_f32_relu
:BasicsTransformerLM.layers.24.ffn,PushPop,30,30,1,3,652659,217553.0,187836.0,186749,278074,52415.5,cutlass3x_sm100_simt_sgemm_f32_f32_f32_f32_f32_64x32x16_1x1x1_3_tnn_align1_bias_f32_relu
:BasicsTransformerLM.layers.24.ffn,PushPop,30,30,1,2,5730,2865.0,2865.0,2657,3073,294.2,"void at::native::vectorized_elementwise_kernel<(int)4, at::native::BinaryFunctor<float, float, float, at::native::binary_internal::MulFunctor<float>>, std::array<char *, (unsigned long)3>>(int, T2, T3)"
:BasicsTransformerLM.layers.24.ffn,PushPop,30,30,1,1,3233,3233.0,3233.0,3233,3233,0.0,"void at::native::vectorized_elementwise_kernel<(int)4, at::native::sigmoid_kernel_cuda(at::TensorIteratorBase &)::[lambda() (instance 2)]::operator ()() const::[lambda() (instance 2)]::operator ()() const::[lambda(float) (instance 1)], std::array<char *, (unsigned long)2>>(int, T2, T3)"
:BasicsTransformerLM.layers.24.ffn.w1,PushPop,30,30,1,1,187836,187836.0,187836.0,187836,187836,0.0,cutlass3x_sm100_simt_sgemm_f32_f32_f32_f32_f32_64x32x16_1x1x1_3_tnn_align1_bias_f32_relu
:BasicsTransformerLM.layers.24.ffn.w2,PushPop,30,30,1,1,278074,278074.0,278074.0,278074,278074,0.0,cutlass3x_sm100_simt_sgemm_f32_f32_f32_f32_f32_64x32x16_1x1x1_3_tnn_align1_bias_f32_relu
:BasicsTransformerLM.layers.24.ffn.w3,PushPop,30,30,1,1,186749,186749.0,186749.0,186749,186749,0.0,cutlass3x_sm100_simt_sgemm_f32_f32_f32_f32_f32_64x32x16_1x1x1_3_tnn_align1_bias_f32_relu
:BasicsTransformerLM.layers.24.ln1,PushPop,30,30,1,1,8354,8354.0,8354.0,8354,8354,0.0,"void at::native::reduce_kernel<(int)512, (int)1, at::native::ReduceOp<float, at::native::MeanOps<float, float, float, float>, unsigned int, float, (int)4, (int)4>>(T3)"
:BasicsTransformerLM.layers.24.ln1,PushPop,30,30,1,2,4802,2401.0,2401.0,2369,2433,45.3,"void at::native::elementwise_kernel<(int)128, (int)2, void at::native::gpu_kernel_impl_nocast<at::native::BinaryFunctor<float, float, float, at::native::binary_internal::MulFunctor<float>>>(at::TensorIteratorBase &, const T1 &)::[lambda(int) (instance 1)]>(int, T3)"
:BasicsTransformerLM.layers.24.ln1,PushPop,30,30,1,1,1633,1633.0,1633.0,1633,1633,0.0,"void at::native::vectorized_elementwise_kernel<(int)4, void at::native::<unnamed>::pow_tensor_scalar_kernel_impl<float, float>(at::TensorIteratorBase &, T2)::[lambda(float) (instance 1)], std::array<char *, (unsigned long)2>>(int, T2, T3)"
:BasicsTransformerLM.layers.24.ln1,PushPop,30,30,1,1,1248,1248.0,1248.0,1248,1248,0.0,"void at::native::vectorized_elementwise_kernel<(int)4, at::native::CUDAFunctorOnSelf_add<float>, std::array<char *, (unsigned long)2>>(int, T2, T3)"
:BasicsTransformerLM.layers.24.ln1,PushPop,30,30,1,1,1184,1184.0,1184.0,1184,1184,0.0,"void at::native::vectorized_elementwise_kernel<(int)4, at::native::rsqrt_kernel_cuda(at::TensorIteratorBase &)::[lambda() (instance 2)]::operator ()() const::[lambda() (instance 2)]::operator ()() const::[lambda(float) (instance 1)], std::array<char *, (unsigned long)2>>(int, T2, T3)"
:BasicsTransformerLM.layers.24.ln2,PushPop,30,30,1,1,8707,8707.0,8707.0,8707,8707,0.0,"void at::native::reduce_kernel<(int)512, (int)1, at::native::ReduceOp<float, at::native::MeanOps<float, float, float, float>, unsigned int, float, (int)4, (int)4>>(T3)"
:BasicsTransformerLM.layers.24.ln2,PushPop,30,30,1,2,4866,2433.0,2433.0,2369,2497,90.5,"void at::native::elementwise_kernel<(int)128, (int)2, void at::native::gpu_kernel_impl_nocast<at::native::BinaryFunctor<float, float, float, at::native::binary_internal::MulFunctor<float>>>(at::TensorIteratorBase &, const T1 &)::[lambda(int) (instance 1)]>(int, T3)"
:BasicsTransformerLM.layers.24.ln2,PushPop,30,30,1,1,1664,1664.0,1664.0,1664,1664,0.0,"void at::native::vectorized_elementwise_kernel<(int)4, void at::native::<unnamed>::pow_tensor_scalar_kernel_impl<float, float>(at::TensorIteratorBase &, T2)::[lambda(float) (instance 1)], std::array<char *, (unsigned long)2>>(int, T2, T3)"
:BasicsTransformerLM.layers.24.ln2,PushPop,30,30,1,1,1217,1217.0,1217.0,1217,1217,0.0,"void at::native::vectorized_elementwise_kernel<(int)4, at::native::CUDAFunctorOnSelf_add<float>, std::array<char *, (unsigned long)2>>(int, T2, T3)"
:BasicsTransformerLM.layers.24.ln2,PushPop,30,30,1,1,1217,1217.0,1217.0,1217,1217,0.0,"void at::native::vectorized_elementwise_kernel<(int)4, at::native::rsqrt_kernel_cuda(at::TensorIteratorBase &)::[lambda() (instance 2)]::operator ()() const::[lambda() (instance 2)]::operator ()() const::[lambda(float) (instance 1)], std::array<char *, (unsigned long)2>>(int, T2, T3)"
:BasicsTransformerLM.layers.25,PushPop,30,30,1,8,940080,117510.0,70679.0,5313,278778,90385.8,cutlass3x_sm100_simt_sgemm_f32_f32_f32_f32_f32_64x32x16_1x1x1_3_tnn_align1_bias_f32_relu
:BasicsTransformerLM.layers.25,PushPop,30,30,1,12,26697,2224.8,2193.0,1920,2849,303.6,"void at::native::elementwise_kernel<(int)128, (int)2, void at::native::gpu_kernel_impl_nocast<at::native::BinaryFunctor<float, float, float, at::native::binary_internal::MulFunctor<float>>>(at::TensorIteratorBase &, const T1 &)::[lambda(int) (instance 1)]>(int, T3)"
:BasicsTransformerLM.layers.25,PushPop,30,30,1,2,16806,8403.0,8403.0,8227,8579,248.9,"void at::native::reduce_kernel<(int)512, (int)1, at::native::ReduceOp<float, at::native::MeanOps<float, float, float, float>, unsigned int, float, (int)4, (int)4>>(T3)"
:BasicsTransformerLM.layers.25,PushPop,30,30,1,6,10885,1814.2,1680.5,1505,2497,365.3,"void at::native::vectorized_elementwise_kernel<(int)4, at::native::CUDAFunctor_add<float>, std::array<char *, (unsigned long)3>>(int, T2, T3)"
:BasicsTransformerLM.layers.25,PushPop,30,30,1,2,8546,4273.0,4273.0,4193,4353,113.1,"void at::native::<unnamed>::CatArrayBatchedCopy<at::native::<unnamed>::OpaqueType<(unsigned int)4>, unsigned int, (int)4, (int)64, (int)64>(T1 *, at::native::<unnamed>::CatArrInputTensorMetadata<T1, T2, T4, T5>, at::native::<unnamed>::TensorSizeStride<T2, (unsigned int)4>, int, T2)"
:BasicsTransformerLM.layers.25,PushPop,30,30,1,1,6754,6754.0,6754.0,6754,6754,0.0,cutlass3x_sm100_simt_sgemm_f32_f32_f32_f32_f32_64x32x16_1x1x1_3_nnn_align1_bias_f32_relu
:BasicsTransformerLM.layers.25,PushPop,30,30,1,2,5314,2657.0,2657.0,2433,2881,316.8,"void at::native::vectorized_elementwise_kernel<(int)4, at::native::BinaryFunctor<float, float, float, at::native::binary_internal::MulFunctor<float>>, std::array<char *, (unsigned long)3>>(int, T2, T3)"
:BasicsTransformerLM.layers.25,PushPop,30,30,1,1,4065,4065.0,4065.0,4065,4065,0.0,"void at::native::reduce_kernel<(int)512, (int)1, at::native::ReduceOp<float, at::native::MaxOps<float>, unsigned int, float, (int)4, (int)4>>(T3)"
:BasicsTransformerLM.layers.25,PushPop,30,30,1,1,3393,3393.0,3393.0,3393,3393,0.0,"void at::native::elementwise_kernel<(int)128, (int)2, void at::native::gpu_kernel_impl_nocast<at::native::BinaryFunctor<float, float, float, at::native::binary_internal::DivFunctor<float>>>(at::TensorIteratorBase &, const T1 &)::[lambda(int) (instance 1)]>(int, T3)"
:BasicsTransformerLM.layers.25,PushPop,30,30,1,2,3265,1632.5,1632.5,1632,1633,0.7,"void at::native::vectorized_elementwise_kernel<(int)4, void at::native::<unnamed>::pow_tensor_scalar_kernel_impl<float, float>(at::TensorIteratorBase &, T2)::[lambda(float) (instance 1)], std::array<char *, (unsigned long)2>>(int, T2, T3)"
:BasicsTransformerLM.layers.25,PushPop,30,30,1,1,3233,3233.0,3233.0,3233,3233,0.0,"void at::native::elementwise_kernel<(int)128, (int)2, void at::native::gpu_kernel_impl_nocast<at::native::<unnamed>::where_kernel_impl(at::TensorIterator &)::[lambda() (instance 1)]::operator ()() const::[lambda() (instance 11)]::operator ()() const::[lambda(bool, float, float) (instance 1)]>(at::TensorIteratorBase &, const T1 &)::[lambda(int) (instance 1)]>(int, T3)"
:BasicsTransformerLM.layers.25,PushPop,30,30,1,1,3041,3041.0,3041.0,3041,3041,0.0,"void at::native::elementwise_kernel<(int)128, (int)2, void at::native::gpu_kernel_impl_nocast<at::native::CUDAFunctor_add<float>>(at::TensorIteratorBase &, const T1 &)::[lambda(int) (instance 1)]>(int, T3)"
:BasicsTransformerLM.layers.25,PushPop,30,30,1,1,2977,2977.0,2977.0,2977,2977,0.0,"void at::native::vectorized_elementwise_kernel<(int)4, at::native::sigmoid_kernel_cuda(at::TensorIteratorBase &)::[lambda() (instance 2)]::operator ()() const::[lambda() (instance 2)]::operator ()() const::[lambda(float) (instance 1)], std::array<char *, (unsigned long)2>>(int, T2, T3)"
:BasicsTransformerLM.layers.25,PushPop,30,30,1,1,2817,2817.0,2817.0,2817,2817,0.0,"void at::native::reduce_kernel<(int)512, (int)1, at::native::ReduceOp<float, at::native::func_wrapper_t<float, at::native::sum_functor<float, float, float>::operator ()(at::TensorIterator &)::[lambda(float, float) (instance 1)]>, unsigned int, float, (int)4, (int)4>>(T3)"
:BasicsTransformerLM.layers.25,PushPop,30,30,1,1,2560,2560.0,2560.0,2560,2560,0.0,"void at::native::elementwise_kernel<(int)128, (int)2, void at::native::gpu_kernel_impl_nocast<at::native::direct_copy_kernel_cuda(at::TensorIteratorBase &)::[lambda() (instance 3)]::operator ()() const::[lambda() (instance 7)]::operator ()() const::[lambda(float) (instance 1)]>(at::TensorIteratorBase &, const T1 &)::[lambda(int) (instance 1)]>(int, T3)"
:BasicsTransformerLM.layers.25,PushPop,30,30,1,2,2465,1232.5,1232.5,1217,1248,21.9,"void at::native::vectorized_elementwise_kernel<(int)4, at::native::CUDAFunctorOnSelf_add<float>, std::array<char *, (unsigned long)2>>(int, T2, T3)"
:BasicsTransformerLM.layers.25,PushPop,30,30,1,2,2336,1168.0,1168.0,1152,1184,22.6,"void at::native::vectorized_elementwise_kernel<(int)4, at::native::rsqrt_kernel_cuda(at::TensorIteratorBase &)::[lambda() (instance 2)]::operator ()() const::[lambda() (instance 2)]::operator ()() const::[lambda(float) (instance 1)], std::array<char *, (unsigned long)2>>(int, T2, T3)"
:BasicsTransformerLM.layers.25,PushPop,30,30,1,1,2177,2177.0,2177.0,2177,2177,0.0,"void at::native::elementwise_kernel<(int)128, (int)4, void at::native::gpu_kernel_impl_nocast<at::native::<unnamed>::CompareFunctor<long>>(at::TensorIteratorBase &, const T1 &)::[lambda(int) (instance 1)]>(int, T3)"
:BasicsTransformerLM.layers.25,PushPop,30,30,1,1,1920,1920.0,1920.0,1920,1920,0.0,"void at::native::vectorized_elementwise_kernel<(int)4, at::native::BUnaryFunctor<float, float, float, at::native::binary_internal::MulFunctor<float>>, std::array<char *, (unsigned long)2>>(int, T2, T3)"
:BasicsTransformerLM.layers.25,PushPop,30,30,1,1,1889,1889.0,1889.0,1889,1889,0.0,"void at::native::vectorized_elementwise_kernel<(int)4, at::native::exp_kernel_cuda(at::TensorIteratorBase &)::[lambda() (instance 2)]::operator ()() const::[lambda() (instance 2)]::operator ()() const::[lambda(float) (instance 1)], std::array<char *, (unsigned long)2>>(int, T2, T3)"
:BasicsTransformerLM.layers.25,PushPop,30,30,1,1,928,928.0,928.0,928,928,0.0,"void at::native::vectorized_elementwise_kernel<(int)4, at::native::FillFunctor<float>, std::array<char *, (unsigned long)1>>(int, T2, T3)"
:BasicsTransformerLM.layers.25,PushPop,30,30,1,1,832,832.0,832.0,832,832,0.0,"void <unnamed>::elementwise_kernel_with_index<int, at::native::arange_cuda_out(const c10::Scalar &, const c10::Scalar &, const c10::Scalar &, at::Tensor &)::[lambda() (instance 1)]::operator ()() const::[lambda() (instance 4)]::operator ()() const::[lambda(long) (instance 1)]>(T1, T2, function_traits<T2>::result_type *)"
:BasicsTransformerLM.layers.25.attn,PushPop,30,30,1,5,286909,57381.8,70231.0,5313,70839,29109.0,cutlass3x_sm100_simt_sgemm_f32_f32_f32_f32_f32_64x32x16_1x1x1_3_tnn_align1_bias_f32_relu
:BasicsTransformerLM.layers.25.attn,PushPop,30,30,1,8,16934,2116.8,1968.5,1920,2849,319.0,"void at::native::elementwise_kernel<(int)128, (int)2, void at::native::gpu_kernel_impl_nocast<at::native::BinaryFunctor<float, float, float, at::native::binary_internal::MulFunctor<float>>>(at::TensorIteratorBase &, const T1 &)::[lambda(int) (instance 1)]>(int, T3)"
:BasicsTransformerLM.layers.25.attn,PushPop,30,30,1,2,8546,4273.0,4273.0,4193,4353,113.1,"void at::native::<unnamed>::CatArrayBatchedCopy<at::native::<unnamed>::OpaqueType<(unsigned int)4>, unsigned int, (int)4, (int)64, (int)64>(T1 *, at::native::<unnamed>::CatArrInputTensorMetadata<T1, T2, T4, T5>, at::native::<unnamed>::TensorSizeStride<T2, (unsigned int)4>, int, T2)"
:BasicsTransformerLM.layers.25.attn,PushPop,30,30,1,1,6754,6754.0,6754.0,6754,6754,0.0,cutlass3x_sm100_simt_sgemm_f32_f32_f32_f32_f32_64x32x16_1x1x1_3_nnn_align1_bias_f32_relu
:BasicsTransformerLM.layers.25.attn,PushPop,30,30,1,4,6467,1616.8,1601.0,1505,1760,105.7,"void at::native::vectorized_elementwise_kernel<(int)4, at::native::CUDAFunctor_add<float>, std::array<char *, (unsigned long)3>>(int, T2, T3)"
:BasicsTransformerLM.layers.25.attn,PushPop,30,30,1,1,4065,4065.0,4065.0,4065,4065,0.0,"void at::native::reduce_kernel<(int)512, (int)1, at::native::ReduceOp<float, at::native::MaxOps<float>, unsigned int, float, (int)4, (int)4>>(T3)"
:BasicsTransformerLM.layers.25.attn,PushPop,30,30,1,1,3393,3393.0,3393.0,3393,3393,0.0,"void at::native::elementwise_kernel<(int)128, (int)2, void at::native::gpu_kernel_impl_nocast<at::native::BinaryFunctor<float, float, float, at::native::binary_internal::DivFunctor<float>>>(at::TensorIteratorBase &, const T1 &)::[lambda(int) (instance 1)]>(int, T3)"
:BasicsTransformerLM.layers.25.attn,PushPop,30,30,1,1,3233,3233.0,3233.0,3233,3233,0.0,"void at::native::elementwise_kernel<(int)128, (int)2, void at::native::gpu_kernel_impl_nocast<at::native::<unnamed>::where_kernel_impl(at::TensorIterator &)::[lambda() (instance 1)]::operator ()() const::[lambda() (instance 11)]::operator ()() const::[lambda(bool, float, float) (instance 1)]>(at::TensorIteratorBase &, const T1 &)::[lambda(int) (instance 1)]>(int, T3)"
:BasicsTransformerLM.layers.25.attn,PushPop,30,30,1,1,3041,3041.0,3041.0,3041,3041,0.0,"void at::native::elementwise_kernel<(int)128, (int)2, void at::native::gpu_kernel_impl_nocast<at::native::CUDAFunctor_add<float>>(at::TensorIteratorBase &, const T1 &)::[lambda(int) (instance 1)]>(int, T3)"
:BasicsTransformerLM.layers.25.attn,PushPop,30,30,1,1,2817,2817.0,2817.0,2817,2817,0.0,"void at::native::reduce_kernel<(int)512, (int)1, at::native::ReduceOp<float, at::native::func_wrapper_t<float, at::native::sum_functor<float, float, float>::operator ()(at::TensorIterator &)::[lambda(float, float) (instance 1)]>, unsigned int, float, (int)4, (int)4>>(T3)"
:BasicsTransformerLM.layers.25.attn,PushPop,30,30,1,1,2560,2560.0,2560.0,2560,2560,0.0,"void at::native::elementwise_kernel<(int)128, (int)2, void at::native::gpu_kernel_impl_nocast<at::native::direct_copy_kernel_cuda(at::TensorIteratorBase &)::[lambda() (instance 3)]::operator ()() const::[lambda() (instance 7)]::operator ()() const::[lambda(float) (instance 1)]>(at::TensorIteratorBase &, const T1 &)::[lambda(int) (instance 1)]>(int, T3)"
:BasicsTransformerLM.layers.25.attn,PushPop,30,30,1,1,2177,2177.0,2177.0,2177,2177,0.0,"void at::native::elementwise_kernel<(int)128, (int)4, void at::native::gpu_kernel_impl_nocast<at::native::<unnamed>::CompareFunctor<long>>(at::TensorIteratorBase &, const T1 &)::[lambda(int) (instance 1)]>(int, T3)"
:BasicsTransformerLM.layers.25.attn,PushPop,30,30,1,1,1920,1920.0,1920.0,1920,1920,0.0,"void at::native::vectorized_elementwise_kernel<(int)4, at::native::BUnaryFunctor<float, float, float, at::native::binary_internal::MulFunctor<float>>, std::array<char *, (unsigned long)2>>(int, T2, T3)"
:BasicsTransformerLM.layers.25.attn,PushPop,30,30,1,1,1889,1889.0,1889.0,1889,1889,0.0,"void at::native::vectorized_elementwise_kernel<(int)4, at::native::exp_kernel_cuda(at::TensorIteratorBase &)::[lambda() (instance 2)]::operator ()() const::[lambda() (instance 2)]::operator ()() const::[lambda(float) (instance 1)], std::array<char *, (unsigned long)2>>(int, T2, T3)"
:BasicsTransformerLM.layers.25.attn,PushPop,30,30,1,1,928,928.0,928.0,928,928,0.0,"void at::native::vectorized_elementwise_kernel<(int)4, at::native::FillFunctor<float>, std::array<char *, (unsigned long)1>>(int, T2, T3)"
:BasicsTransformerLM.layers.25.attn,PushPop,30,30,1,1,832,832.0,832.0,832,832,0.0,"void <unnamed>::elementwise_kernel_with_index<int, at::native::arange_cuda_out(const c10::Scalar &, const c10::Scalar &, const c10::Scalar &, at::Tensor &)::[lambda() (instance 1)]::operator ()() const::[lambda() (instance 4)]::operator ()() const::[lambda(long) (instance 1)]>(T1, T2, function_traits<T2>::result_type *)"
:BasicsTransformerLM.layers.25.attn.k_proj,PushPop,30,30,1,1,70231,70231.0,70231.0,70231,70231,0.0,cutlass3x_sm100_simt_sgemm_f32_f32_f32_f32_f32_64x32x16_1x1x1_3_tnn_align1_bias_f32_relu
:BasicsTransformerLM.layers.25.attn.output_proj,PushPop,30,30,1,1,70519,70519.0,70519.0,70519,70519,0.0,cutlass3x_sm100_simt_sgemm_f32_f32_f32_f32_f32_64x32x16_1x1x1_3_tnn_align1_bias_f32_relu
:BasicsTransformerLM.layers.25.attn.q_proj,PushPop,30,30,1,1,70007,70007.0,70007.0,70007,70007,0.0,cutlass3x_sm100_simt_sgemm_f32_f32_f32_f32_f32_64x32x16_1x1x1_3_tnn_align1_bias_f32_relu
:BasicsTransformerLM.layers.25.attn.v_proj,PushPop,30,30,1,1,70839,70839.0,70839.0,70839,70839,0.0,cutlass3x_sm100_simt_sgemm_f32_f32_f32_f32_f32_64x32x16_1x1x1_3_tnn_align1_bias_f32_relu
:BasicsTransformerLM.layers.25.ffn,PushPop,30,30,1,3,653171,217723.7,187901.0,186492,278778,52879.3,cutlass3x_sm100_simt_sgemm_f32_f32_f32_f32_f32_64x32x16_1x1x1_3_tnn_align1_bias_f32_relu
:BasicsTransformerLM.layers.25.ffn,PushPop,30,30,1,2,5314,2657.0,2657.0,2433,2881,316.8,"void at::native::vectorized_elementwise_kernel<(int)4, at::native::BinaryFunctor<float, float, float, at::native::binary_internal::MulFunctor<float>>, std::array<char *, (unsigned long)3>>(int, T2, T3)"
:BasicsTransformerLM.layers.25.ffn,PushPop,30,30,1,1,2977,2977.0,2977.0,2977,2977,0.0,"void at::native::vectorized_elementwise_kernel<(int)4, at::native::sigmoid_kernel_cuda(at::TensorIteratorBase &)::[lambda() (instance 2)]::operator ()() const::[lambda() (instance 2)]::operator ()() const::[lambda(float) (instance 1)], std::array<char *, (unsigned long)2>>(int, T2, T3)"
:BasicsTransformerLM.layers.25.ffn.w1,PushPop,30,30,1,1,187901,187901.0,187901.0,187901,187901,0.0,cutlass3x_sm100_simt_sgemm_f32_f32_f32_f32_f32_64x32x16_1x1x1_3_tnn_align1_bias_f32_relu
:BasicsTransformerLM.layers.25.ffn.w2,PushPop,30,30,1,1,278778,278778.0,278778.0,278778,278778,0.0,cutlass3x_sm100_simt_sgemm_f32_f32_f32_f32_f32_64x32x16_1x1x1_3_tnn_align1_bias_f32_relu
:BasicsTransformerLM.layers.25.ffn.w3,PushPop,30,30,1,1,186492,186492.0,186492.0,186492,186492,0.0,cutlass3x_sm100_simt_sgemm_f32_f32_f32_f32_f32_64x32x16_1x1x1_3_tnn_align1_bias_f32_relu
:BasicsTransformerLM.layers.25.ln1,PushPop,30,30,1,1,8227,8227.0,8227.0,8227,8227,0.0,"void at::native::reduce_kernel<(int)512, (int)1, at::native::ReduceOp<float, at::native::MeanOps<float, float, float, float>, unsigned int, float, (int)4, (int)4>>(T3)"
:BasicsTransformerLM.layers.25.ln1,PushPop,30,30,1,2,4865,2432.5,2432.5,2368,2497,91.2,"void at::native::elementwise_kernel<(int)128, (int)2, void at::native::gpu_kernel_impl_nocast<at::native::BinaryFunctor<float, float, float, at::native::binary_internal::MulFunctor<float>>>(at::TensorIteratorBase &, const T1 &)::[lambda(int) (instance 1)]>(int, T3)"
:BasicsTransformerLM.layers.25.ln1,PushPop,30,30,1,1,1632,1632.0,1632.0,1632,1632,0.0,"void at::native::vectorized_elementwise_kernel<(int)4, void at::native::<unnamed>::pow_tensor_scalar_kernel_impl<float, float>(at::TensorIteratorBase &, T2)::[lambda(float) (instance 1)], std::array<char *, (unsigned long)2>>(int, T2, T3)"
:BasicsTransformerLM.layers.25.ln1,PushPop,30,30,1,1,1248,1248.0,1248.0,1248,1248,0.0,"void at::native::vectorized_elementwise_kernel<(int)4, at::native::CUDAFunctorOnSelf_add<float>, std::array<char *, (unsigned long)2>>(int, T2, T3)"
:BasicsTransformerLM.layers.25.ln1,PushPop,30,30,1,1,1152,1152.0,1152.0,1152,1152,0.0,"void at::native::vectorized_elementwise_kernel<(int)4, at::native::rsqrt_kernel_cuda(at::TensorIteratorBase &)::[lambda() (instance 2)]::operator ()() const::[lambda() (instance 2)]::operator ()() const::[lambda(float) (instance 1)], std::array<char *, (unsigned long)2>>(int, T2, T3)"
:BasicsTransformerLM.layers.25.ln2,PushPop,30,30,1,1,8579,8579.0,8579.0,8579,8579,0.0,"void at::native::reduce_kernel<(int)512, (int)1, at::native::ReduceOp<float, at::native::MeanOps<float, float, float, float>, unsigned int, float, (int)4, (int)4>>(T3)"
:BasicsTransformerLM.layers.25.ln2,PushPop,30,30,1,2,4898,2449.0,2449.0,2369,2529,113.1,"void at::native::elementwise_kernel<(int)128, (int)2, void at::native::gpu_kernel_impl_nocast<at::native::BinaryFunctor<float, float, float, at::native::binary_internal::MulFunctor<float>>>(at::TensorIteratorBase &, const T1 &)::[lambda(int) (instance 1)]>(int, T3)"
:BasicsTransformerLM.layers.25.ln2,PushPop,30,30,1,1,1633,1633.0,1633.0,1633,1633,0.0,"void at::native::vectorized_elementwise_kernel<(int)4, void at::native::<unnamed>::pow_tensor_scalar_kernel_impl<float, float>(at::TensorIteratorBase &, T2)::[lambda(float) (instance 1)], std::array<char *, (unsigned long)2>>(int, T2, T3)"
:BasicsTransformerLM.layers.25.ln2,PushPop,30,30,1,1,1217,1217.0,1217.0,1217,1217,0.0,"void at::native::vectorized_elementwise_kernel<(int)4, at::native::CUDAFunctorOnSelf_add<float>, std::array<char *, (unsigned long)2>>(int, T2, T3)"
:BasicsTransformerLM.layers.25.ln2,PushPop,30,30,1,1,1184,1184.0,1184.0,1184,1184,0.0,"void at::native::vectorized_elementwise_kernel<(int)4, at::native::rsqrt_kernel_cuda(at::TensorIteratorBase &)::[lambda() (instance 2)]::operator ()() const::[lambda() (instance 2)]::operator ()() const::[lambda(float) (instance 1)], std::array<char *, (unsigned long)2>>(int, T2, T3)"
:BasicsTransformerLM.layers.26,PushPop,30,30,1,8,939440,117430.0,70470.5,5154,278938,90532.1,cutlass3x_sm100_simt_sgemm_f32_f32_f32_f32_f32_64x32x16_1x1x1_3_tnn_align1_bias_f32_relu
:BasicsTransformerLM.layers.26,PushPop,30,30,1,12,26504,2208.7,2225.0,1888,2689,296.3,"void at::native::elementwise_kernel<(int)128, (int)2, void at::native::gpu_kernel_impl_nocast<at::native::BinaryFunctor<float, float, float, at::native::binary_internal::MulFunctor<float>>>(at::TensorIteratorBase &, const T1 &)::[lambda(int) (instance 1)]>(int, T3)"
:BasicsTransformerLM.layers.26,PushPop,30,30,1,2,17029,8514.5,8514.5,8514,8515,0.7,"void at::native::reduce_kernel<(int)512, (int)1, at::native::ReduceOp<float, at::native::MeanOps<float, float, float, float>, unsigned int, float, (int)4, (int)4>>(T3)"
:BasicsTransformerLM.layers.26,PushPop,30,30,1,6,10597,1766.2,1665.0,1537,2145,255.3,"void at::native::vectorized_elementwise_kernel<(int)4, at::native::CUDAFunctor_add<float>, std::array<char *, (unsigned long)3>>(int, T2, T3)"
:BasicsTransformerLM.layers.26,PushPop,30,30,1,2,8740,4370.0,4370.0,4354,4386,22.6,"void at::native::<unnamed>::CatArrayBatchedCopy<at::native::<unnamed>::OpaqueType<(unsigned int)4>, unsigned int, (int)4, (int)64, (int)64>(T1 *, at::native::<unnamed>::CatArrInputTensorMetadata<T1, T2, T4, T5>, at::native::<unnamed>::TensorSizeStride<T2, (unsigned int)4>, int, T2)"
:BasicsTransformerLM.layers.26,PushPop,30,30,1,1,6690,6690.0,6690.0,6690,6690,0.0,cutlass3x_sm100_simt_sgemm_f32_f32_f32_f32_f32_64x32x16_1x1x1_3_nnn_align1_bias_f32_relu
:BasicsTransformerLM.layers.26,PushPop,30,30,1,2,5250,2625.0,2625.0,2401,2849,316.8,"void at::native::vectorized_elementwise_kernel<(int)4, at::native::BinaryFunctor<float, float, float, at::native::binary_internal::MulFunctor<float>>, std::array<char *, (unsigned long)3>>(int, T2, T3)"
:BasicsTransformerLM.layers.26,PushPop,30,30,1,1,4161,4161.0,4161.0,4161,4161,0.0,"void at::native::reduce_kernel<(int)512, (int)1, at::native::ReduceOp<float, at::native::MaxOps<float>, unsigned int, float, (int)4, (int)4>>(T3)"
:BasicsTransformerLM.layers.26,PushPop,30,30,1,1,3585,3585.0,3585.0,3585,3585,0.0,"void at::native::elementwise_kernel<(int)128, (int)2, void at::native::gpu_kernel_impl_nocast<at::native::BinaryFunctor<float, float, float, at::native::binary_internal::DivFunctor<float>>>(at::TensorIteratorBase &, const T1 &)::[lambda(int) (instance 1)]>(int, T3)"
:BasicsTransformerLM.layers.26,PushPop,30,30,1,1,3297,3297.0,3297.0,3297,3297,0.0,"void at::native::elementwise_kernel<(int)128, (int)2, void at::native::gpu_kernel_impl_nocast<at::native::<unnamed>::where_kernel_impl(at::TensorIterator &)::[lambda() (instance 1)]::operator ()() const::[lambda() (instance 11)]::operator ()() const::[lambda(bool, float, float) (instance 1)]>(at::TensorIteratorBase &, const T1 &)::[lambda(int) (instance 1)]>(int, T3)"
:BasicsTransformerLM.layers.26,PushPop,30,30,1,2,3266,1633.0,1633.0,1633,1633,0.0,"void at::native::vectorized_elementwise_kernel<(int)4, void at::native::<unnamed>::pow_tensor_scalar_kernel_impl<float, float>(at::TensorIteratorBase &, T2)::[lambda(float) (instance 1)], std::array<char *, (unsigned long)2>>(int, T2, T3)"
:BasicsTransformerLM.layers.26,PushPop,30,30,1,1,3041,3041.0,3041.0,3041,3041,0.0,"void at::native::vectorized_elementwise_kernel<(int)4, at::native::sigmoid_kernel_cuda(at::TensorIteratorBase &)::[lambda() (instance 2)]::operator ()() const::[lambda() (instance 2)]::operator ()() const::[lambda(float) (instance 1)], std::array<char *, (unsigned long)2>>(int, T2, T3)"
:BasicsTransformerLM.layers.26,PushPop,30,30,1,1,2977,2977.0,2977.0,2977,2977,0.0,"void at::native::elementwise_kernel<(int)128, (int)2, void at::native::gpu_kernel_impl_nocast<at::native::CUDAFunctor_add<float>>(at::TensorIteratorBase &, const T1 &)::[lambda(int) (instance 1)]>(int, T3)"
:BasicsTransformerLM.layers.26,PushPop,30,30,1,1,2785,2785.0,2785.0,2785,2785,0.0,"void at::native::reduce_kernel<(int)512, (int)1, at::native::ReduceOp<float, at::native::func_wrapper_t<float, at::native::sum_functor<float, float, float>::operator ()(at::TensorIterator &)::[lambda(float, float) (instance 1)]>, unsigned int, float, (int)4, (int)4>>(T3)"
:BasicsTransformerLM.layers.26,PushPop,30,30,1,1,2561,2561.0,2561.0,2561,2561,0.0,"void at::native::elementwise_kernel<(int)128, (int)2, void at::native::gpu_kernel_impl_nocast<at::native::direct_copy_kernel_cuda(at::TensorIteratorBase &)::[lambda() (instance 3)]::operator ()() const::[lambda() (instance 7)]::operator ()() const::[lambda(float) (instance 1)]>(at::TensorIteratorBase &, const T1 &)::[lambda(int) (instance 1)]>(int, T3)"
:BasicsTransformerLM.layers.26,PushPop,30,30,1,2,2560,1280.0,1280.0,1184,1376,135.8,"void at::native::vectorized_elementwise_kernel<(int)4, at::native::CUDAFunctorOnSelf_add<float>, std::array<char *, (unsigned long)2>>(int, T2, T3)"
:BasicsTransformerLM.layers.26,PushPop,30,30,1,2,2400,1200.0,1200.0,1152,1248,67.9,"void at::native::vectorized_elementwise_kernel<(int)4, at::native::rsqrt_kernel_cuda(at::TensorIteratorBase &)::[lambda() (instance 2)]::operator ()() const::[lambda() (instance 2)]::operator ()() const::[lambda(float) (instance 1)], std::array<char *, (unsigned long)2>>(int, T2, T3)"
:BasicsTransformerLM.layers.26,PushPop,30,30,1,1,2177,2177.0,2177.0,2177,2177,0.0,"void at::native::elementwise_kernel<(int)128, (int)4, void at::native::gpu_kernel_impl_nocast<at::native::<unnamed>::CompareFunctor<long>>(at::TensorIteratorBase &, const T1 &)::[lambda(int) (instance 1)]>(int, T3)"
:BasicsTransformerLM.layers.26,PushPop,30,30,1,1,1953,1953.0,1953.0,1953,1953,0.0,"void at::native::vectorized_elementwise_kernel<(int)4, at::native::exp_kernel_cuda(at::TensorIteratorBase &)::[lambda() (instance 2)]::operator ()() const::[lambda() (instance 2)]::operator ()() const::[lambda(float) (instance 1)], std::array<char *, (unsigned long)2>>(int, T2, T3)"
:BasicsTransformerLM.layers.26,PushPop,30,30,1,1,1889,1889.0,1889.0,1889,1889,0.0,"void at::native::vectorized_elementwise_kernel<(int)4, at::native::BUnaryFunctor<float, float, float, at::native::binary_internal::MulFunctor<float>>, std::array<char *, (unsigned long)2>>(int, T2, T3)"
:BasicsTransformerLM.layers.26,PushPop,30,30,1,1,928,928.0,928.0,928,928,0.0,"void at::native::vectorized_elementwise_kernel<(int)4, at::native::FillFunctor<float>, std::array<char *, (unsigned long)1>>(int, T2, T3)"
:BasicsTransformerLM.layers.26,PushPop,30,30,1,1,865,865.0,865.0,865,865,0.0,"void <unnamed>::elementwise_kernel_with_index<int, at::native::arange_cuda_out(const c10::Scalar &, const c10::Scalar &, const c10::Scalar &, at::Tensor &)::[lambda() (instance 1)]::operator ()() const::[lambda() (instance 4)]::operator ()() const::[lambda(long) (instance 1)]>(T1, T2, function_traits<T2>::result_type *)"
:BasicsTransformerLM.layers.26.attn,PushPop,30,30,1,5,285949,57189.8,70007.0,5154,70646,29090.5,cutlass3x_sm100_simt_sgemm_f32_f32_f32_f32_f32_64x32x16_1x1x1_3_tnn_align1_bias_f32_relu
:BasicsTransformerLM.layers.26.attn,PushPop,30,30,1,8,16581,2072.6,1920.5,1888,2593,255.0,"void at::native::elementwise_kernel<(int)128, (int)2, void at::native::gpu_kernel_impl_nocast<at::native::BinaryFunctor<float, float, float, at::native::binary_internal::MulFunctor<float>>>(at::TensorIteratorBase &, const T1 &)::[lambda(int) (instance 1)]>(int, T3)"
:BasicsTransformerLM.layers.26.attn,PushPop,30,30,1,2,8740,4370.0,4370.0,4354,4386,22.6,"void at::native::<unnamed>::CatArrayBatchedCopy<at::native::<unnamed>::OpaqueType<(unsigned int)4>, unsigned int, (int)4, (int)64, (int)64>(T1 *, at::native::<unnamed>::CatArrInputTensorMetadata<T1, T2, T4, T5>, at::native::<unnamed>::TensorSizeStride<T2, (unsigned int)4>, int, T2)"
:BasicsTransformerLM.layers.26.attn,PushPop,30,30,1,1,6690,6690.0,6690.0,6690,6690,0.0,cutlass3x_sm100_simt_sgemm_f32_f32_f32_f32_f32_64x32x16_1x1x1_3_nnn_align1_bias_f32_relu
:BasicsTransformerLM.layers.26.attn,PushPop,30,30,1,4,6436,1609.0,1585.0,1537,1729,84.2,"void at::native::vectorized_elementwise_kernel<(int)4, at::native::CUDAFunctor_add<float>, std::array<char *, (unsigned long)3>>(int, T2, T3)"
:BasicsTransformerLM.layers.26.attn,PushPop,30,30,1,1,4161,4161.0,4161.0,4161,4161,0.0,"void at::native::reduce_kernel<(int)512, (int)1, at::native::ReduceOp<float, at::native::MaxOps<float>, unsigned int, float, (int)4, (int)4>>(T3)"
:BasicsTransformerLM.layers.26.attn,PushPop,30,30,1,1,3585,3585.0,3585.0,3585,3585,0.0,"void at::native::elementwise_kernel<(int)128, (int)2, void at::native::gpu_kernel_impl_nocast<at::native::BinaryFunctor<float, float, float, at::native::binary_internal::DivFunctor<float>>>(at::TensorIteratorBase &, const T1 &)::[lambda(int) (instance 1)]>(int, T3)"
:BasicsTransformerLM.layers.26.attn,PushPop,30,30,1,1,3297,3297.0,3297.0,3297,3297,0.0,"void at::native::elementwise_kernel<(int)128, (int)2, void at::native::gpu_kernel_impl_nocast<at::native::<unnamed>::where_kernel_impl(at::TensorIterator &)::[lambda() (instance 1)]::operator ()() const::[lambda() (instance 11)]::operator ()() const::[lambda(bool, float, float) (instance 1)]>(at::TensorIteratorBase &, const T1 &)::[lambda(int) (instance 1)]>(int, T3)"
:BasicsTransformerLM.layers.26.attn,PushPop,30,30,1,1,2977,2977.0,2977.0,2977,2977,0.0,"void at::native::elementwise_kernel<(int)128, (int)2, void at::native::gpu_kernel_impl_nocast<at::native::CUDAFunctor_add<float>>(at::TensorIteratorBase &, const T1 &)::[lambda(int) (instance 1)]>(int, T3)"
:BasicsTransformerLM.layers.26.attn,PushPop,30,30,1,1,2785,2785.0,2785.0,2785,2785,0.0,"void at::native::reduce_kernel<(int)512, (int)1, at::native::ReduceOp<float, at::native::func_wrapper_t<float, at::native::sum_functor<float, float, float>::operator ()(at::TensorIterator &)::[lambda(float, float) (instance 1)]>, unsigned int, float, (int)4, (int)4>>(T3)"
:BasicsTransformerLM.layers.26.attn,PushPop,30,30,1,1,2561,2561.0,2561.0,2561,2561,0.0,"void at::native::elementwise_kernel<(int)128, (int)2, void at::native::gpu_kernel_impl_nocast<at::native::direct_copy_kernel_cuda(at::TensorIteratorBase &)::[lambda() (instance 3)]::operator ()() const::[lambda() (instance 7)]::operator ()() const::[lambda(float) (instance 1)]>(at::TensorIteratorBase &, const T1 &)::[lambda(int) (instance 1)]>(int, T3)"
:BasicsTransformerLM.layers.26.attn,PushPop,30,30,1,1,2177,2177.0,2177.0,2177,2177,0.0,"void at::native::elementwise_kernel<(int)128, (int)4, void at::native::gpu_kernel_impl_nocast<at::native::<unnamed>::CompareFunctor<long>>(at::TensorIteratorBase &, const T1 &)::[lambda(int) (instance 1)]>(int, T3)"
:BasicsTransformerLM.layers.26.attn,PushPop,30,30,1,1,1953,1953.0,1953.0,1953,1953,0.0,"void at::native::vectorized_elementwise_kernel<(int)4, at::native::exp_kernel_cuda(at::TensorIteratorBase &)::[lambda() (instance 2)]::operator ()() const::[lambda() (instance 2)]::operator ()() const::[lambda(float) (instance 1)], std::array<char *, (unsigned long)2>>(int, T2, T3)"
:BasicsTransformerLM.layers.26.attn,PushPop,30,30,1,1,1889,1889.0,1889.0,1889,1889,0.0,"void at::native::vectorized_elementwise_kernel<(int)4, at::native::BUnaryFunctor<float, float, float, at::native::binary_internal::MulFunctor<float>>, std::array<char *, (unsigned long)2>>(int, T2, T3)"
:BasicsTransformerLM.layers.26.attn,PushPop,30,30,1,1,928,928.0,928.0,928,928,0.0,"void at::native::vectorized_elementwise_kernel<(int)4, at::native::FillFunctor<float>, std::array<char *, (unsigned long)1>>(int, T2, T3)"
:BasicsTransformerLM.layers.26.attn,PushPop,30,30,1,1,865,865.0,865.0,865,865,0.0,"void <unnamed>::elementwise_kernel_with_index<int, at::native::arange_cuda_out(const c10::Scalar &, const c10::Scalar &, const c10::Scalar &, at::Tensor &)::[lambda() (instance 1)]::operator ()() const::[lambda() (instance 4)]::operator ()() const::[lambda(long) (instance 1)]>(T1, T2, function_traits<T2>::result_type *)"
:BasicsTransformerLM.layers.26.attn.k_proj,PushPop,30,30,1,1,69847,69847.0,69847.0,69847,69847,0.0,cutlass3x_sm100_simt_sgemm_f32_f32_f32_f32_f32_64x32x16_1x1x1_3_tnn_align1_bias_f32_relu
:BasicsTransformerLM.layers.26.attn.output_proj,PushPop,30,30,1,1,70646,70646.0,70646.0,70646,70646,0.0,cutlass3x_sm100_simt_sgemm_f32_f32_f32_f32_f32_64x32x16_1x1x1_3_tnn_align1_bias_f32_relu
:BasicsTransformerLM.layers.26.attn.q_proj,PushPop,30,30,1,1,70007,70007.0,70007.0,70007,70007,0.0,cutlass3x_sm100_simt_sgemm_f32_f32_f32_f32_f32_64x32x16_1x1x1_3_tnn_align1_bias_f32_relu
:BasicsTransformerLM.layers.26.attn.v_proj,PushPop,30,30,1,1,70295,70295.0,70295.0,70295,70295,0.0,cutlass3x_sm100_simt_sgemm_f32_f32_f32_f32_f32_64x32x16_1x1x1_3_tnn_align1_bias_f32_relu
:BasicsTransformerLM.layers.26.ffn,PushPop,30,30,1,3,653491,217830.3,187997.0,186556,278938,52925.7,cutlass3x_sm100_simt_sgemm_f32_f32_f32_f32_f32_64x32x16_1x1x1_3_tnn_align1_bias_f32_relu
:BasicsTransformerLM.layers.26.ffn,PushPop,30,30,1,2,5250,2625.0,2625.0,2401,2849,316.8,"void at::native::vectorized_elementwise_kernel<(int)4, at::native::BinaryFunctor<float, float, float, at::native::binary_internal::MulFunctor<float>>, std::array<char *, (unsigned long)3>>(int, T2, T3)"
:BasicsTransformerLM.layers.26.ffn,PushPop,30,30,1,1,3041,3041.0,3041.0,3041,3041,0.0,"void at::native::vectorized_elementwise_kernel<(int)4, at::native::sigmoid_kernel_cuda(at::TensorIteratorBase &)::[lambda() (instance 2)]::operator ()() const::[lambda() (instance 2)]::operator ()() const::[lambda(float) (instance 1)], std::array<char *, (unsigned long)2>>(int, T2, T3)"
:BasicsTransformerLM.layers.26.ffn.w1,PushPop,30,30,1,1,187997,187997.0,187997.0,187997,187997,0.0,cutlass3x_sm100_simt_sgemm_f32_f32_f32_f32_f32_64x32x16_1x1x1_3_tnn_align1_bias_f32_relu
:BasicsTransformerLM.layers.26.ffn.w2,PushPop,30,30,1,1,278938,278938.0,278938.0,278938,278938,0.0,cutlass3x_sm100_simt_sgemm_f32_f32_f32_f32_f32_64x32x16_1x1x1_3_tnn_align1_bias_f32_relu
:BasicsTransformerLM.layers.26.ffn.w3,PushPop,30,30,1,1,186556,186556.0,186556.0,186556,186556,0.0,cutlass3x_sm100_simt_sgemm_f32_f32_f32_f32_f32_64x32x16_1x1x1_3_tnn_align1_bias_f32_relu
:BasicsTransformerLM.layers.26.ln1,PushPop,30,30,1,1,8514,8514.0,8514.0,8514,8514,0.0,"void at::native::reduce_kernel<(int)512, (int)1, at::native::ReduceOp<float, at::native::MeanOps<float, float, float, float>, unsigned int, float, (int)4, (int)4>>(T3)"
:BasicsTransformerLM.layers.26.ln1,PushPop,30,30,1,2,4769,2384.5,2384.5,2337,2432,67.2,"void at::native::elementwise_kernel<(int)128, (int)2, void at::native::gpu_kernel_impl_nocast<at::native::BinaryFunctor<float, float, float, at::native::binary_internal::MulFunctor<float>>>(at::TensorIteratorBase &, const T1 &)::[lambda(int) (instance 1)]>(int, T3)"
:BasicsTransformerLM.layers.26.ln1,PushPop,30,30,1,1,1633,1633.0,1633.0,1633,1633,0.0,"void at::native::vectorized_elementwise_kernel<(int)4, void at::native::<unnamed>::pow_tensor_scalar_kernel_impl<float, float>(at::TensorIteratorBase &, T2)::[lambda(float) (instance 1)], std::array<char *, (unsigned long)2>>(int, T2, T3)"
:BasicsTransformerLM.layers.26.ln1,PushPop,30,30,1,1,1248,1248.0,1248.0,1248,1248,0.0,"void at::native::vectorized_elementwise_kernel<(int)4, at::native::rsqrt_kernel_cuda(at::TensorIteratorBase &)::[lambda() (instance 2)]::operator ()() const::[lambda() (instance 2)]::operator ()() const::[lambda(float) (instance 1)], std::array<char *, (unsigned long)2>>(int, T2, T3)"
:BasicsTransformerLM.layers.26.ln1,PushPop,30,30,1,1,1184,1184.0,1184.0,1184,1184,0.0,"void at::native::vectorized_elementwise_kernel<(int)4, at::native::CUDAFunctorOnSelf_add<float>, std::array<char *, (unsigned long)2>>(int, T2, T3)"
:BasicsTransformerLM.layers.26.ln2,PushPop,30,30,1,1,8515,8515.0,8515.0,8515,8515,0.0,"void at::native::reduce_kernel<(int)512, (int)1, at::native::ReduceOp<float, at::native::MeanOps<float, float, float, float>, unsigned int, float, (int)4, (int)4>>(T3)"
:BasicsTransformerLM.layers.26.ln2,PushPop,30,30,1,2,5154,2577.0,2577.0,2465,2689,158.4,"void at::native::elementwise_kernel<(int)128, (int)2, void at::native::gpu_kernel_impl_nocast<at::native::BinaryFunctor<float, float, float, at::native::binary_internal::MulFunctor<float>>>(at::TensorIteratorBase &, const T1 &)::[lambda(int) (instance 1)]>(int, T3)"
:BasicsTransformerLM.layers.26.ln2,PushPop,30,30,1,1,1633,1633.0,1633.0,1633,1633,0.0,"void at::native::vectorized_elementwise_kernel<(int)4, void at::native::<unnamed>::pow_tensor_scalar_kernel_impl<float, float>(at::TensorIteratorBase &, T2)::[lambda(float) (instance 1)], std::array<char *, (unsigned long)2>>(int, T2, T3)"
:BasicsTransformerLM.layers.26.ln2,PushPop,30,30,1,1,1376,1376.0,1376.0,1376,1376,0.0,"void at::native::vectorized_elementwise_kernel<(int)4, at::native::CUDAFunctorOnSelf_add<float>, std::array<char *, (unsigned long)2>>(int, T2, T3)"
:BasicsTransformerLM.layers.26.ln2,PushPop,30,30,1,1,1152,1152.0,1152.0,1152,1152,0.0,"void at::native::vectorized_elementwise_kernel<(int)4, at::native::rsqrt_kernel_cuda(at::TensorIteratorBase &)::[lambda() (instance 2)]::operator ()() const::[lambda() (instance 2)]::operator ()() const::[lambda(float) (instance 1)], std::array<char *, (unsigned long)2>>(int, T2, T3)"
:BasicsTransformerLM.layers.27,PushPop,30,30,1,8,941233,117654.1,70775.0,5154,279547,90599.0,cutlass3x_sm100_simt_sgemm_f32_f32_f32_f32_f32_64x32x16_1x1x1_3_tnn_align1_bias_f32_relu
:BasicsTransformerLM.layers.27,PushPop,30,30,1,12,26444,2203.7,2161.0,1889,2721,289.4,"void at::native::elementwise_kernel<(int)128, (int)2, void at::native::gpu_kernel_impl_nocast<at::native::BinaryFunctor<float, float, float, at::native::binary_internal::MulFunctor<float>>>(at::TensorIteratorBase &, const T1 &)::[lambda(int) (instance 1)]>(int, T3)"
:BasicsTransformerLM.layers.27,PushPop,30,30,1,2,17125,8562.5,8562.5,8482,8643,113.8,"void at::native::reduce_kernel<(int)512, (int)1, at::native::ReduceOp<float, at::native::MeanOps<float, float, float, float>, unsigned int, float, (int)4, (int)4>>(T3)"
:BasicsTransformerLM.layers.27,PushPop,30,30,1,6,11042,1840.3,1696.0,1568,2305,319.7,"void at::native::vectorized_elementwise_kernel<(int)4, at::native::CUDAFunctor_add<float>, std::array<char *, (unsigned long)3>>(int, T2, T3)"
:BasicsTransformerLM.layers.27,PushPop,30,30,1,2,8739,4369.5,4369.5,4225,4514,204.4,"void at::native::<unnamed>::CatArrayBatchedCopy<at::native::<unnamed>::OpaqueType<(unsigned int)4>, unsigned int, (int)4, (int)64, (int)64>(T1 *, at::native::<unnamed>::CatArrInputTensorMetadata<T1, T2, T4, T5>, at::native::<unnamed>::TensorSizeStride<T2, (unsigned int)4>, int, T2)"
:BasicsTransformerLM.layers.27,PushPop,30,30,1,1,6754,6754.0,6754.0,6754,6754,0.0,cutlass3x_sm100_simt_sgemm_f32_f32_f32_f32_f32_64x32x16_1x1x1_3_nnn_align1_bias_f32_relu
:BasicsTransformerLM.layers.27,PushPop,30,30,1,2,5633,2816.5,2816.5,2432,3201,543.8,"void at::native::vectorized_elementwise_kernel<(int)4, at::native::BinaryFunctor<float, float, float, at::native::binary_internal::MulFunctor<float>>, std::array<char *, (unsigned long)3>>(int, T2, T3)"
:BasicsTransformerLM.layers.27,PushPop,30,30,1,1,4097,4097.0,4097.0,4097,4097,0.0,"void at::native::reduce_kernel<(int)512, (int)1, at::native::ReduceOp<float, at::native::MaxOps<float>, unsigned int, float, (int)4, (int)4>>(T3)"
:BasicsTransformerLM.layers.27,PushPop,30,30,1,1,3457,3457.0,3457.0,3457,3457,0.0,"void at::native::elementwise_kernel<(int)128, (int)2, void at::native::gpu_kernel_impl_nocast<at::native::BinaryFunctor<float, float, float, at::native::binary_internal::DivFunctor<float>>>(at::TensorIteratorBase &, const T1 &)::[lambda(int) (instance 1)]>(int, T3)"
:BasicsTransformerLM.layers.27,PushPop,30,30,1,2,3298,1649.0,1649.0,1633,1665,22.6,"void at::native::vectorized_elementwise_kernel<(int)4, void at::native::<unnamed>::pow_tensor_scalar_kernel_impl<float, float>(at::TensorIteratorBase &, T2)::[lambda(float) (instance 1)], std::array<char *, (unsigned long)2>>(int, T2, T3)"
:BasicsTransformerLM.layers.27,PushPop,30,30,1,1,3297,3297.0,3297.0,3297,3297,0.0,"void at::native::elementwise_kernel<(int)128, (int)2, void at::native::gpu_kernel_impl_nocast<at::native::<unnamed>::where_kernel_impl(at::TensorIterator &)::[lambda() (instance 1)]::operator ()() const::[lambda() (instance 11)]::operator ()() const::[lambda(bool, float, float) (instance 1)]>(at::TensorIteratorBase &, const T1 &)::[lambda(int) (instance 1)]>(int, T3)"
:BasicsTransformerLM.layers.27,PushPop,30,30,1,1,3041,3041.0,3041.0,3041,3041,0.0,"void at::native::elementwise_kernel<(int)128, (int)2, void at::native::gpu_kernel_impl_nocast<at::native::CUDAFunctor_add<float>>(at::TensorIteratorBase &, const T1 &)::[lambda(int) (instance 1)]>(int, T3)"
:BasicsTransformerLM.layers.27,PushPop,30,30,1,1,2913,2913.0,2913.0,2913,2913,0.0,"void at::native::vectorized_elementwise_kernel<(int)4, at::native::sigmoid_kernel_cuda(at::TensorIteratorBase &)::[lambda() (instance 2)]::operator ()() const::[lambda() (instance 2)]::operator ()() const::[lambda(float) (instance 1)], std::array<char *, (unsigned long)2>>(int, T2, T3)"
:BasicsTransformerLM.layers.27,PushPop,30,30,1,1,2816,2816.0,2816.0,2816,2816,0.0,"void at::native::reduce_kernel<(int)512, (int)1, at::native::ReduceOp<float, at::native::func_wrapper_t<float, at::native::sum_functor<float, float, float>::operator ()(at::TensorIterator &)::[lambda(float, float) (instance 1)]>, unsigned int, float, (int)4, (int)4>>(T3)"
:BasicsTransformerLM.layers.27,PushPop,30,30,1,2,2721,1360.5,1360.5,1248,1473,159.1,"void at::native::vectorized_elementwise_kernel<(int)4, at::native::CUDAFunctorOnSelf_add<float>, std::array<char *, (unsigned long)2>>(int, T2, T3)"
:BasicsTransformerLM.layers.27,PushPop,30,30,1,1,2593,2593.0,2593.0,2593,2593,0.0,"void at::native::elementwise_kernel<(int)128, (int)2, void at::native::gpu_kernel_impl_nocast<at::native::direct_copy_kernel_cuda(at::TensorIteratorBase &)::[lambda() (instance 3)]::operator ()() const::[lambda() (instance 7)]::operator ()() const::[lambda(float) (instance 1)]>(at::TensorIteratorBase &, const T1 &)::[lambda(int) (instance 1)]>(int, T3)"
:BasicsTransformerLM.layers.27,PushPop,30,30,1,2,2434,1217.0,1217.0,1217,1217,0.0,"void at::native::vectorized_elementwise_kernel<(int)4, at::native::rsqrt_kernel_cuda(at::TensorIteratorBase &)::[lambda() (instance 2)]::operator ()() const::[lambda() (instance 2)]::operator ()() const::[lambda(float) (instance 1)], std::array<char *, (unsigned long)2>>(int, T2, T3)"
:BasicsTransformerLM.layers.27,PushPop,30,30,1,1,2272,2272.0,2272.0,2272,2272,0.0,"void at::native::elementwise_kernel<(int)128, (int)4, void at::native::gpu_kernel_impl_nocast<at::native::<unnamed>::CompareFunctor<long>>(at::TensorIteratorBase &, const T1 &)::[lambda(int) (instance 1)]>(int, T3)"
:BasicsTransformerLM.layers.27,PushPop,30,30,1,1,2081,2081.0,2081.0,2081,2081,0.0,"void at::native::vectorized_elementwise_kernel<(int)4, at::native::exp_kernel_cuda(at::TensorIteratorBase &)::[lambda() (instance 2)]::operator ()() const::[lambda() (instance 2)]::operator ()() const::[lambda(float) (instance 1)], std::array<char *, (unsigned long)2>>(int, T2, T3)"
:BasicsTransformerLM.layers.27,PushPop,30,30,1,1,1857,1857.0,1857.0,1857,1857,0.0,"void at::native::vectorized_elementwise_kernel<(int)4, at::native::BUnaryFunctor<float, float, float, at::native::binary_internal::MulFunctor<float>>, std::array<char *, (unsigned long)2>>(int, T2, T3)"
:BasicsTransformerLM.layers.27,PushPop,30,30,1,1,961,961.0,961.0,961,961,0.0,"void at::native::vectorized_elementwise_kernel<(int)4, at::native::FillFunctor<float>, std::array<char *, (unsigned long)1>>(int, T2, T3)"
:BasicsTransformerLM.layers.27,PushPop,30,30,1,1,928,928.0,928.0,928,928,0.0,"void <unnamed>::elementwise_kernel_with_index<int, at::native::arange_cuda_out(const c10::Scalar &, const c10::Scalar &, const c10::Scalar &, at::Tensor &)::[lambda() (instance 1)]::operator ()() const::[lambda() (instance 4)]::operator ()() const::[lambda(long) (instance 1)]>(T1, T2, function_traits<T2>::result_type *)"
:BasicsTransformerLM.layers.27.attn,PushPop,30,30,1,5,287133,57426.6,70391.0,5154,70967,29223.2,cutlass3x_sm100_simt_sgemm_f32_f32_f32_f32_f32_64x32x16_1x1x1_3_tnn_align1_bias_f32_relu
:BasicsTransformerLM.layers.27.attn,PushPop,30,30,1,8,16232,2029.0,1953.0,1889,2273,146.1,"void at::native::elementwise_kernel<(int)128, (int)2, void at::native::gpu_kernel_impl_nocast<at::native::BinaryFunctor<float, float, float, at::native::binary_internal::MulFunctor<float>>>(at::TensorIteratorBase &, const T1 &)::[lambda(int) (instance 1)]>(int, T3)"
:BasicsTransformerLM.layers.27.attn,PushPop,30,30,1,2,8739,4369.5,4369.5,4225,4514,204.4,"void at::native::<unnamed>::CatArrayBatchedCopy<at::native::<unnamed>::OpaqueType<(unsigned int)4>, unsigned int, (int)4, (int)64, (int)64>(T1 *, at::native::<unnamed>::CatArrInputTensorMetadata<T1, T2, T4, T5>, at::native::<unnamed>::TensorSizeStride<T2, (unsigned int)4>, int, T2)"
:BasicsTransformerLM.layers.27.attn,PushPop,30,30,1,1,6754,6754.0,6754.0,6754,6754,0.0,cutlass3x_sm100_simt_sgemm_f32_f32_f32_f32_f32_64x32x16_1x1x1_3_nnn_align1_bias_f32_relu
:BasicsTransformerLM.layers.27.attn,PushPop,30,30,1,4,6560,1640.0,1616.0,1568,1760,84.2,"void at::native::vectorized_elementwise_kernel<(int)4, at::native::CUDAFunctor_add<float>, std::array<char *, (unsigned long)3>>(int, T2, T3)"
:BasicsTransformerLM.layers.27.attn,PushPop,30,30,1,1,4097,4097.0,4097.0,4097,4097,0.0,"void at::native::reduce_kernel<(int)512, (int)1, at::native::ReduceOp<float, at::native::MaxOps<float>, unsigned int, float, (int)4, (int)4>>(T3)"
:BasicsTransformerLM.layers.27.attn,PushPop,30,30,1,1,3457,3457.0,3457.0,3457,3457,0.0,"void at::native::elementwise_kernel<(int)128, (int)2, void at::native::gpu_kernel_impl_nocast<at::native::BinaryFunctor<float, float, float, at::native::binary_internal::DivFunctor<float>>>(at::TensorIteratorBase &, const T1 &)::[lambda(int) (instance 1)]>(int, T3)"
:BasicsTransformerLM.layers.27.attn,PushPop,30,30,1,1,3297,3297.0,3297.0,3297,3297,0.0,"void at::native::elementwise_kernel<(int)128, (int)2, void at::native::gpu_kernel_impl_nocast<at::native::<unnamed>::where_kernel_impl(at::TensorIterator &)::[lambda() (instance 1)]::operator ()() const::[lambda() (instance 11)]::operator ()() const::[lambda(bool, float, float) (instance 1)]>(at::TensorIteratorBase &, const T1 &)::[lambda(int) (instance 1)]>(int, T3)"
:BasicsTransformerLM.layers.27.attn,PushPop,30,30,1,1,3041,3041.0,3041.0,3041,3041,0.0,"void at::native::elementwise_kernel<(int)128, (int)2, void at::native::gpu_kernel_impl_nocast<at::native::CUDAFunctor_add<float>>(at::TensorIteratorBase &, const T1 &)::[lambda(int) (instance 1)]>(int, T3)"
:BasicsTransformerLM.layers.27.attn,PushPop,30,30,1,1,2816,2816.0,2816.0,2816,2816,0.0,"void at::native::reduce_kernel<(int)512, (int)1, at::native::ReduceOp<float, at::native::func_wrapper_t<float, at::native::sum_functor<float, float, float>::operator ()(at::TensorIterator &)::[lambda(float, float) (instance 1)]>, unsigned int, float, (int)4, (int)4>>(T3)"
:BasicsTransformerLM.layers.27.attn,PushPop,30,30,1,1,2593,2593.0,2593.0,2593,2593,0.0,"void at::native::elementwise_kernel<(int)128, (int)2, void at::native::gpu_kernel_impl_nocast<at::native::direct_copy_kernel_cuda(at::TensorIteratorBase &)::[lambda() (instance 3)]::operator ()() const::[lambda() (instance 7)]::operator ()() const::[lambda(float) (instance 1)]>(at::TensorIteratorBase &, const T1 &)::[lambda(int) (instance 1)]>(int, T3)"
:BasicsTransformerLM.layers.27.attn,PushPop,30,30,1,1,2272,2272.0,2272.0,2272,2272,0.0,"void at::native::elementwise_kernel<(int)128, (int)4, void at::native::gpu_kernel_impl_nocast<at::native::<unnamed>::CompareFunctor<long>>(at::TensorIteratorBase &, const T1 &)::[lambda(int) (instance 1)]>(int, T3)"
:BasicsTransformerLM.layers.27.attn,PushPop,30,30,1,1,2081,2081.0,2081.0,2081,2081,0.0,"void at::native::vectorized_elementwise_kernel<(int)4, at::native::exp_kernel_cuda(at::TensorIteratorBase &)::[lambda() (instance 2)]::operator ()() const::[lambda() (instance 2)]::operator ()() const::[lambda(float) (instance 1)], std::array<char *, (unsigned long)2>>(int, T2, T3)"
:BasicsTransformerLM.layers.27.attn,PushPop,30,30,1,1,1857,1857.0,1857.0,1857,1857,0.0,"void at::native::vectorized_elementwise_kernel<(int)4, at::native::BUnaryFunctor<float, float, float, at::native::binary_internal::MulFunctor<float>>, std::array<char *, (unsigned long)2>>(int, T2, T3)"
:BasicsTransformerLM.layers.27.attn,PushPop,30,30,1,1,961,961.0,961.0,961,961,0.0,"void at::native::vectorized_elementwise_kernel<(int)4, at::native::FillFunctor<float>, std::array<char *, (unsigned long)1>>(int, T2, T3)"
:BasicsTransformerLM.layers.27.attn,PushPop,30,30,1,1,928,928.0,928.0,928,928,0.0,"void <unnamed>::elementwise_kernel_with_index<int, at::native::arange_cuda_out(const c10::Scalar &, const c10::Scalar &, const c10::Scalar &, at::Tensor &)::[lambda() (instance 1)]::operator ()() const::[lambda() (instance 4)]::operator ()() const::[lambda(long) (instance 1)]>(T1, T2, function_traits<T2>::result_type *)"
:BasicsTransformerLM.layers.27.attn.k_proj,PushPop,30,30,1,1,70038,70038.0,70038.0,70038,70038,0.0,cutlass3x_sm100_simt_sgemm_f32_f32_f32_f32_f32_64x32x16_1x1x1_3_tnn_align1_bias_f32_relu
:BasicsTransformerLM.layers.27.attn.output_proj,PushPop,30,30,1,1,70967,70967.0,70967.0,70967,70967,0.0,cutlass3x_sm100_simt_sgemm_f32_f32_f32_f32_f32_64x32x16_1x1x1_3_tnn_align1_bias_f32_relu
:BasicsTransformerLM.layers.27.attn.q_proj,PushPop,30,30,1,1,70391,70391.0,70391.0,70391,70391,0.0,cutlass3x_sm100_simt_sgemm_f32_f32_f32_f32_f32_64x32x16_1x1x1_3_tnn_align1_bias_f32_relu
:BasicsTransformerLM.layers.27.attn.v_proj,PushPop,30,30,1,1,70583,70583.0,70583.0,70583,70583,0.0,cutlass3x_sm100_simt_sgemm_f32_f32_f32_f32_f32_64x32x16_1x1x1_3_tnn_align1_bias_f32_relu
:BasicsTransformerLM.layers.27.ffn,PushPop,30,30,1,3,654100,218033.3,187869.0,186684,279547,53275.7,cutlass3x_sm100_simt_sgemm_f32_f32_f32_f32_f32_64x32x16_1x1x1_3_tnn_align1_bias_f32_relu
:BasicsTransformerLM.layers.27.ffn,PushPop,30,30,1,2,5633,2816.5,2816.5,2432,3201,543.8,"void at::native::vectorized_elementwise_kernel<(int)4, at::native::BinaryFunctor<float, float, float, at::native::binary_internal::MulFunctor<float>>, std::array<char *, (unsigned long)3>>(int, T2, T3)"
:BasicsTransformerLM.layers.27.ffn,PushPop,30,30,1,1,2913,2913.0,2913.0,2913,2913,0.0,"void at::native::vectorized_elementwise_kernel<(int)4, at::native::sigmoid_kernel_cuda(at::TensorIteratorBase &)::[lambda() (instance 2)]::operator ()() const::[lambda() (instance 2)]::operator ()() const::[lambda(float) (instance 1)], std::array<char *, (unsigned long)2>>(int, T2, T3)"
:BasicsTransformerLM.layers.27.ffn.w1,PushPop,30,30,1,1,187869,187869.0,187869.0,187869,187869,0.0,cutlass3x_sm100_simt_sgemm_f32_f32_f32_f32_f32_64x32x16_1x1x1_3_tnn_align1_bias_f32_relu
:BasicsTransformerLM.layers.27.ffn.w2,PushPop,30,30,1,1,279547,279547.0,279547.0,279547,279547,0.0,cutlass3x_sm100_simt_sgemm_f32_f32_f32_f32_f32_64x32x16_1x1x1_3_tnn_align1_bias_f32_relu
:BasicsTransformerLM.layers.27.ffn.w3,PushPop,30,30,1,1,186684,186684.0,186684.0,186684,186684,0.0,cutlass3x_sm100_simt_sgemm_f32_f32_f32_f32_f32_64x32x16_1x1x1_3_tnn_align1_bias_f32_relu
:BasicsTransformerLM.layers.27.ln1,PushPop,30,30,1,1,8482,8482.0,8482.0,8482,8482,0.0,"void at::native::reduce_kernel<(int)512, (int)1, at::native::ReduceOp<float, at::native::MeanOps<float, float, float, float>, unsigned int, float, (int)4, (int)4>>(T3)"
:BasicsTransformerLM.layers.27.ln1,PushPop,30,30,1,2,4962,2481.0,2481.0,2465,2497,22.6,"void at::native::elementwise_kernel<(int)128, (int)2, void at::native::gpu_kernel_impl_nocast<at::native::BinaryFunctor<float, float, float, at::native::binary_internal::MulFunctor<float>>>(at::TensorIteratorBase &, const T1 &)::[lambda(int) (instance 1)]>(int, T3)"
:BasicsTransformerLM.layers.27.ln1,PushPop,30,30,1,1,1665,1665.0,1665.0,1665,1665,0.0,"void at::native::vectorized_elementwise_kernel<(int)4, void at::native::<unnamed>::pow_tensor_scalar_kernel_impl<float, float>(at::TensorIteratorBase &, T2)::[lambda(float) (instance 1)], std::array<char *, (unsigned long)2>>(int, T2, T3)"
:BasicsTransformerLM.layers.27.ln1,PushPop,30,30,1,1,1248,1248.0,1248.0,1248,1248,0.0,"void at::native::vectorized_elementwise_kernel<(int)4, at::native::CUDAFunctorOnSelf_add<float>, std::array<char *, (unsigned long)2>>(int, T2, T3)"
:BasicsTransformerLM.layers.27.ln1,PushPop,30,30,1,1,1217,1217.0,1217.0,1217,1217,0.0,"void at::native::vectorized_elementwise_kernel<(int)4, at::native::rsqrt_kernel_cuda(at::TensorIteratorBase &)::[lambda() (instance 2)]::operator ()() const::[lambda() (instance 2)]::operator ()() const::[lambda(float) (instance 1)], std::array<char *, (unsigned long)2>>(int, T2, T3)"
:BasicsTransformerLM.layers.27.ln2,PushPop,30,30,1,1,8643,8643.0,8643.0,8643,8643,0.0,"void at::native::reduce_kernel<(int)512, (int)1, at::native::ReduceOp<float, at::native::MeanOps<float, float, float, float>, unsigned int, float, (int)4, (int)4>>(T3)"
:BasicsTransformerLM.layers.27.ln2,PushPop,30,30,1,2,5250,2625.0,2625.0,2529,2721,135.8,"void at::native::elementwise_kernel<(int)128, (int)2, void at::native::gpu_kernel_impl_nocast<at::native::BinaryFunctor<float, float, float, at::native::binary_internal::MulFunctor<float>>>(at::TensorIteratorBase &, const T1 &)::[lambda(int) (instance 1)]>(int, T3)"
:BasicsTransformerLM.layers.27.ln2,PushPop,30,30,1,1,1633,1633.0,1633.0,1633,1633,0.0,"void at::native::vectorized_elementwise_kernel<(int)4, void at::native::<unnamed>::pow_tensor_scalar_kernel_impl<float, float>(at::TensorIteratorBase &, T2)::[lambda(float) (instance 1)], std::array<char *, (unsigned long)2>>(int, T2, T3)"
:BasicsTransformerLM.layers.27.ln2,PushPop,30,30,1,1,1473,1473.0,1473.0,1473,1473,0.0,"void at::native::vectorized_elementwise_kernel<(int)4, at::native::CUDAFunctorOnSelf_add<float>, std::array<char *, (unsigned long)2>>(int, T2, T3)"
:BasicsTransformerLM.layers.27.ln2,PushPop,30,30,1,1,1217,1217.0,1217.0,1217,1217,0.0,"void at::native::vectorized_elementwise_kernel<(int)4, at::native::rsqrt_kernel_cuda(at::TensorIteratorBase &)::[lambda() (instance 2)]::operator ()() const::[lambda() (instance 2)]::operator ()() const::[lambda(float) (instance 1)], std::array<char *, (unsigned long)2>>(int, T2, T3)"
:BasicsTransformerLM.layers.28,PushPop,30,30,1,8,939759,117469.9,70727.0,5250,278618,90375.2,cutlass3x_sm100_simt_sgemm_f32_f32_f32_f32_f32_64x32x16_1x1x1_3_tnn_align1_bias_f32_relu
:BasicsTransformerLM.layers.28,PushPop,30,30,1,12,26476,2206.3,2225.0,1921,2657,272.7,"void at::native::elementwise_kernel<(int)128, (int)2, void at::native::gpu_kernel_impl_nocast<at::native::BinaryFunctor<float, float, float, at::native::binary_internal::MulFunctor<float>>>(at::TensorIteratorBase &, const T1 &)::[lambda(int) (instance 1)]>(int, T3)"
:BasicsTransformerLM.layers.28,PushPop,30,30,1,2,16870,8435.0,8435.0,8355,8515,113.1,"void at::native::reduce_kernel<(int)512, (int)1, at::native::ReduceOp<float, at::native::MeanOps<float, float, float, float>, unsigned int, float, (int)4, (int)4>>(T3)"
:BasicsTransformerLM.layers.28,PushPop,30,30,1,6,10466,1744.3,1680.0,1504,2017,211.5,"void at::native::vectorized_elementwise_kernel<(int)4, at::native::CUDAFunctor_add<float>, std::array<char *, (unsigned long)3>>(int, T2, T3)"
:BasicsTransformerLM.layers.28,PushPop,30,30,1,2,8642,4321.0,4321.0,4257,4385,90.5,"void at::native::<unnamed>::CatArrayBatchedCopy<at::native::<unnamed>::OpaqueType<(unsigned int)4>, unsigned int, (int)4, (int)64, (int)64>(T1 *, at::native::<unnamed>::CatArrInputTensorMetadata<T1, T2, T4, T5>, at::native::<unnamed>::TensorSizeStride<T2, (unsigned int)4>, int, T2)"
:BasicsTransformerLM.layers.28,PushPop,30,30,1,1,6818,6818.0,6818.0,6818,6818,0.0,cutlass3x_sm100_simt_sgemm_f32_f32_f32_f32_f32_64x32x16_1x1x1_3_nnn_align1_bias_f32_relu
:BasicsTransformerLM.layers.28,PushPop,30,30,1,2,5889,2944.5,2944.5,2592,3297,498.5,"void at::native::vectorized_elementwise_kernel<(int)4, at::native::BinaryFunctor<float, float, float, at::native::binary_internal::MulFunctor<float>>, std::array<char *, (unsigned long)3>>(int, T2, T3)"
:BasicsTransformerLM.layers.28,PushPop,30,30,1,1,4098,4098.0,4098.0,4098,4098,0.0,"void at::native::reduce_kernel<(int)512, (int)1, at::native::ReduceOp<float, at::native::MaxOps<float>, unsigned int, float, (int)4, (int)4>>(T3)"
:BasicsTransformerLM.layers.28,PushPop,30,30,1,1,3617,3617.0,3617.0,3617,3617,0.0,"void at::native::elementwise_kernel<(int)128, (int)2, void at::native::gpu_kernel_impl_nocast<at::native::BinaryFunctor<float, float, float, at::native::binary_internal::DivFunctor<float>>>(at::TensorIteratorBase &, const T1 &)::[lambda(int) (instance 1)]>(int, T3)"
:BasicsTransformerLM.layers.28,PushPop,30,30,1,1,3329,3329.0,3329.0,3329,3329,0.0,"void at::native::elementwise_kernel<(int)128, (int)2, void at::native::gpu_kernel_impl_nocast<at::native::<unnamed>::where_kernel_impl(at::TensorIterator &)::[lambda() (instance 1)]::operator ()() const::[lambda() (instance 11)]::operator ()() const::[lambda(bool, float, float) (instance 1)]>(at::TensorIteratorBase &, const T1 &)::[lambda(int) (instance 1)]>(int, T3)"
:BasicsTransformerLM.layers.28,PushPop,30,30,1,2,3296,1648.0,1648.0,1632,1664,22.6,"void at::native::vectorized_elementwise_kernel<(int)4, void at::native::<unnamed>::pow_tensor_scalar_kernel_impl<float, float>(at::TensorIteratorBase &, T2)::[lambda(float) (instance 1)], std::array<char *, (unsigned long)2>>(int, T2, T3)"
:BasicsTransformerLM.layers.28,PushPop,30,30,1,1,2977,2977.0,2977.0,2977,2977,0.0,"void at::native::vectorized_elementwise_kernel<(int)4, at::native::sigmoid_kernel_cuda(at::TensorIteratorBase &)::[lambda() (instance 2)]::operator ()() const::[lambda() (instance 2)]::operator ()() const::[lambda(float) (instance 1)], std::array<char *, (unsigned long)2>>(int, T2, T3)"
:BasicsTransformerLM.layers.28,PushPop,30,30,1,1,2913,2913.0,2913.0,2913,2913,0.0,"void at::native::elementwise_kernel<(int)128, (int)2, void at::native::gpu_kernel_impl_nocast<at::native::CUDAFunctor_add<float>>(at::TensorIteratorBase &, const T1 &)::[lambda(int) (instance 1)]>(int, T3)"
:BasicsTransformerLM.layers.28,PushPop,30,30,1,1,2881,2881.0,2881.0,2881,2881,0.0,"void at::native::reduce_kernel<(int)512, (int)1, at::native::ReduceOp<float, at::native::func_wrapper_t<float, at::native::sum_functor<float, float, float>::operator ()(at::TensorIterator &)::[lambda(float, float) (instance 1)]>, unsigned int, float, (int)4, (int)4>>(T3)"
:BasicsTransformerLM.layers.28,PushPop,30,30,1,2,2754,1377.0,1377.0,1281,1473,135.8,"void at::native::vectorized_elementwise_kernel<(int)4, at::native::CUDAFunctorOnSelf_add<float>, std::array<char *, (unsigned long)2>>(int, T2, T3)"
:BasicsTransformerLM.layers.28,PushPop,30,30,1,2,2753,1376.5,1376.5,1281,1472,135.1,"void at::native::vectorized_elementwise_kernel<(int)4, at::native::rsqrt_kernel_cuda(at::TensorIteratorBase &)::[lambda() (instance 2)]::operator ()() const::[lambda() (instance 2)]::operator ()() const::[lambda(float) (instance 1)], std::array<char *, (unsigned long)2>>(int, T2, T3)"
:BasicsTransformerLM.layers.28,PushPop,30,30,1,1,2529,2529.0,2529.0,2529,2529,0.0,"void at::native::elementwise_kernel<(int)128, (int)2, void at::native::gpu_kernel_impl_nocast<at::native::direct_copy_kernel_cuda(at::TensorIteratorBase &)::[lambda() (instance 3)]::operator ()() const::[lambda() (instance 7)]::operator ()() const::[lambda(float) (instance 1)]>(at::TensorIteratorBase &, const T1 &)::[lambda(int) (instance 1)]>(int, T3)"
:BasicsTransformerLM.layers.28,PushPop,30,30,1,1,2208,2208.0,2208.0,2208,2208,0.0,"void at::native::elementwise_kernel<(int)128, (int)4, void at::native::gpu_kernel_impl_nocast<at::native::<unnamed>::CompareFunctor<long>>(at::TensorIteratorBase &, const T1 &)::[lambda(int) (instance 1)]>(int, T3)"
:BasicsTransformerLM.layers.28,PushPop,30,30,1,1,1921,1921.0,1921.0,1921,1921,0.0,"void at::native::vectorized_elementwise_kernel<(int)4, at::native::BUnaryFunctor<float, float, float, at::native::binary_internal::MulFunctor<float>>, std::array<char *, (unsigned long)2>>(int, T2, T3)"
:BasicsTransformerLM.layers.28,PushPop,30,30,1,1,1920,1920.0,1920.0,1920,1920,0.0,"void at::native::vectorized_elementwise_kernel<(int)4, at::native::exp_kernel_cuda(at::TensorIteratorBase &)::[lambda() (instance 2)]::operator ()() const::[lambda() (instance 2)]::operator ()() const::[lambda(float) (instance 1)], std::array<char *, (unsigned long)2>>(int, T2, T3)"
:BasicsTransformerLM.layers.28,PushPop,30,30,1,1,929,929.0,929.0,929,929,0.0,"void at::native::vectorized_elementwise_kernel<(int)4, at::native::FillFunctor<float>, std::array<char *, (unsigned long)1>>(int, T2, T3)"
:BasicsTransformerLM.layers.28,PushPop,30,30,1,1,896,896.0,896.0,896,896,0.0,"void <unnamed>::elementwise_kernel_with_index<int, at::native::arange_cuda_out(const c10::Scalar &, const c10::Scalar &, const c10::Scalar &, at::Tensor &)::[lambda() (instance 1)]::operator ()() const::[lambda() (instance 4)]::operator ()() const::[lambda(long) (instance 1)]>(T1, T2, function_traits<T2>::result_type *)"
:BasicsTransformerLM.layers.28.attn,PushPop,30,30,1,5,286685,57337.0,70007.0,5250,70935,29120.2,cutlass3x_sm100_simt_sgemm_f32_f32_f32_f32_f32_64x32x16_1x1x1_3_tnn_align1_bias_f32_relu
:BasicsTransformerLM.layers.28.attn,PushPop,30,30,1,8,16520,2065.0,1937.0,1921,2433,202.4,"void at::native::elementwise_kernel<(int)128, (int)2, void at::native::gpu_kernel_impl_nocast<at::native::BinaryFunctor<float, float, float, at::native::binary_internal::MulFunctor<float>>>(at::TensorIteratorBase &, const T1 &)::[lambda(int) (instance 1)]>(int, T3)"
:BasicsTransformerLM.layers.28.attn,PushPop,30,30,1,2,8642,4321.0,4321.0,4257,4385,90.5,"void at::native::<unnamed>::CatArrayBatchedCopy<at::native::<unnamed>::OpaqueType<(unsigned int)4>, unsigned int, (int)4, (int)64, (int)64>(T1 *, at::native::<unnamed>::CatArrInputTensorMetadata<T1, T2, T4, T5>, at::native::<unnamed>::TensorSizeStride<T2, (unsigned int)4>, int, T2)"
:BasicsTransformerLM.layers.28.attn,PushPop,30,30,1,1,6818,6818.0,6818.0,6818,6818,0.0,cutlass3x_sm100_simt_sgemm_f32_f32_f32_f32_f32_64x32x16_1x1x1_3_nnn_align1_bias_f32_relu
:BasicsTransformerLM.layers.28.attn,PushPop,30,30,1,4,6464,1616.0,1616.0,1504,1728,92.4,"void at::native::vectorized_elementwise_kernel<(int)4, at::native::CUDAFunctor_add<float>, std::array<char *, (unsigned long)3>>(int, T2, T3)"
:BasicsTransformerLM.layers.28.attn,PushPop,30,30,1,1,4098,4098.0,4098.0,4098,4098,0.0,"void at::native::reduce_kernel<(int)512, (int)1, at::native::ReduceOp<float, at::native::MaxOps<float>, unsigned int, float, (int)4, (int)4>>(T3)"
:BasicsTransformerLM.layers.28.attn,PushPop,30,30,1,1,3617,3617.0,3617.0,3617,3617,0.0,"void at::native::elementwise_kernel<(int)128, (int)2, void at::native::gpu_kernel_impl_nocast<at::native::BinaryFunctor<float, float, float, at::native::binary_internal::DivFunctor<float>>>(at::TensorIteratorBase &, const T1 &)::[lambda(int) (instance 1)]>(int, T3)"
:BasicsTransformerLM.layers.28.attn,PushPop,30,30,1,1,3329,3329.0,3329.0,3329,3329,0.0,"void at::native::elementwise_kernel<(int)128, (int)2, void at::native::gpu_kernel_impl_nocast<at::native::<unnamed>::where_kernel_impl(at::TensorIterator &)::[lambda() (instance 1)]::operator ()() const::[lambda() (instance 11)]::operator ()() const::[lambda(bool, float, float) (instance 1)]>(at::TensorIteratorBase &, const T1 &)::[lambda(int) (instance 1)]>(int, T3)"
:BasicsTransformerLM.layers.28.attn,PushPop,30,30,1,1,2913,2913.0,2913.0,2913,2913,0.0,"void at::native::elementwise_kernel<(int)128, (int)2, void at::native::gpu_kernel_impl_nocast<at::native::CUDAFunctor_add<float>>(at::TensorIteratorBase &, const T1 &)::[lambda(int) (instance 1)]>(int, T3)"
:BasicsTransformerLM.layers.28.attn,PushPop,30,30,1,1,2881,2881.0,2881.0,2881,2881,0.0,"void at::native::reduce_kernel<(int)512, (int)1, at::native::ReduceOp<float, at::native::func_wrapper_t<float, at::native::sum_functor<float, float, float>::operator ()(at::TensorIterator &)::[lambda(float, float) (instance 1)]>, unsigned int, float, (int)4, (int)4>>(T3)"
:BasicsTransformerLM.layers.28.attn,PushPop,30,30,1,1,2529,2529.0,2529.0,2529,2529,0.0,"void at::native::elementwise_kernel<(int)128, (int)2, void at::native::gpu_kernel_impl_nocast<at::native::direct_copy_kernel_cuda(at::TensorIteratorBase &)::[lambda() (instance 3)]::operator ()() const::[lambda() (instance 7)]::operator ()() const::[lambda(float) (instance 1)]>(at::TensorIteratorBase &, const T1 &)::[lambda(int) (instance 1)]>(int, T3)"
:BasicsTransformerLM.layers.28.attn,PushPop,30,30,1,1,2208,2208.0,2208.0,2208,2208,0.0,"void at::native::elementwise_kernel<(int)128, (int)4, void at::native::gpu_kernel_impl_nocast<at::native::<unnamed>::CompareFunctor<long>>(at::TensorIteratorBase &, const T1 &)::[lambda(int) (instance 1)]>(int, T3)"
:BasicsTransformerLM.layers.28.attn,PushPop,30,30,1,1,1921,1921.0,1921.0,1921,1921,0.0,"void at::native::vectorized_elementwise_kernel<(int)4, at::native::BUnaryFunctor<float, float, float, at::native::binary_internal::MulFunctor<float>>, std::array<char *, (unsigned long)2>>(int, T2, T3)"
:BasicsTransformerLM.layers.28.attn,PushPop,30,30,1,1,1920,1920.0,1920.0,1920,1920,0.0,"void at::native::vectorized_elementwise_kernel<(int)4, at::native::exp_kernel_cuda(at::TensorIteratorBase &)::[lambda() (instance 2)]::operator ()() const::[lambda() (instance 2)]::operator ()() const::[lambda(float) (instance 1)], std::array<char *, (unsigned long)2>>(int, T2, T3)"
:BasicsTransformerLM.layers.28.attn,PushPop,30,30,1,1,929,929.0,929.0,929,929,0.0,"void at::native::vectorized_elementwise_kernel<(int)4, at::native::FillFunctor<float>, std::array<char *, (unsigned long)1>>(int, T2, T3)"
:BasicsTransformerLM.layers.28.attn,PushPop,30,30,1,1,896,896.0,896.0,896,896,0.0,"void <unnamed>::elementwise_kernel_with_index<int, at::native::arange_cuda_out(const c10::Scalar &, const c10::Scalar &, const c10::Scalar &, at::Tensor &)::[lambda() (instance 1)]::operator ()() const::[lambda() (instance 4)]::operator ()() const::[lambda(long) (instance 1)]>(T1, T2, function_traits<T2>::result_type *)"
:BasicsTransformerLM.layers.28.attn.k_proj,PushPop,30,30,1,1,70007,70007.0,70007.0,70007,70007,0.0,cutlass3x_sm100_simt_sgemm_f32_f32_f32_f32_f32_64x32x16_1x1x1_3_tnn_align1_bias_f32_relu
:BasicsTransformerLM.layers.28.attn.output_proj,PushPop,30,30,1,1,70519,70519.0,70519.0,70519,70519,0.0,cutlass3x_sm100_simt_sgemm_f32_f32_f32_f32_f32_64x32x16_1x1x1_3_tnn_align1_bias_f32_relu
:BasicsTransformerLM.layers.28.attn.q_proj,PushPop,30,30,1,1,69974,69974.0,69974.0,69974,69974,0.0,cutlass3x_sm100_simt_sgemm_f32_f32_f32_f32_f32_64x32x16_1x1x1_3_tnn_align1_bias_f32_relu
:BasicsTransformerLM.layers.28.attn.v_proj,PushPop,30,30,1,1,70935,70935.0,70935.0,70935,70935,0.0,cutlass3x_sm100_simt_sgemm_f32_f32_f32_f32_f32_64x32x16_1x1x1_3_tnn_align1_bias_f32_relu
:BasicsTransformerLM.layers.28.ffn,PushPop,30,30,1,3,653074,217691.3,187868.0,186588,278618,52767.9,cutlass3x_sm100_simt_sgemm_f32_f32_f32_f32_f32_64x32x16_1x1x1_3_tnn_align1_bias_f32_relu
:BasicsTransformerLM.layers.28.ffn,PushPop,30,30,1,2,5889,2944.5,2944.5,2592,3297,498.5,"void at::native::vectorized_elementwise_kernel<(int)4, at::native::BinaryFunctor<float, float, float, at::native::binary_internal::MulFunctor<float>>, std::array<char *, (unsigned long)3>>(int, T2, T3)"
:BasicsTransformerLM.layers.28.ffn,PushPop,30,30,1,1,2977,2977.0,2977.0,2977,2977,0.0,"void at::native::vectorized_elementwise_kernel<(int)4, at::native::sigmoid_kernel_cuda(at::TensorIteratorBase &)::[lambda() (instance 2)]::operator ()() const::[lambda() (instance 2)]::operator ()() const::[lambda(float) (instance 1)], std::array<char *, (unsigned long)2>>(int, T2, T3)"
:BasicsTransformerLM.layers.28.ffn.w1,PushPop,30,30,1,1,187868,187868.0,187868.0,187868,187868,0.0,cutlass3x_sm100_simt_sgemm_f32_f32_f32_f32_f32_64x32x16_1x1x1_3_tnn_align1_bias_f32_relu
:BasicsTransformerLM.layers.28.ffn.w2,PushPop,30,30,1,1,278618,278618.0,278618.0,278618,278618,0.0,cutlass3x_sm100_simt_sgemm_f32_f32_f32_f32_f32_64x32x16_1x1x1_3_tnn_align1_bias_f32_relu
:BasicsTransformerLM.layers.28.ffn.w3,PushPop,30,30,1,1,186588,186588.0,186588.0,186588,186588,0.0,cutlass3x_sm100_simt_sgemm_f32_f32_f32_f32_f32_64x32x16_1x1x1_3_tnn_align1_bias_f32_relu
:BasicsTransformerLM.layers.28.ln1,PushPop,30,30,1,1,8355,8355.0,8355.0,8355,8355,0.0,"void at::native::reduce_kernel<(int)512, (int)1, at::native::ReduceOp<float, at::native::MeanOps<float, float, float, float>, unsigned int, float, (int)4, (int)4>>(T3)"
:BasicsTransformerLM.layers.28.ln1,PushPop,30,30,1,2,4834,2417.0,2417.0,2337,2497,113.1,"void at::native::elementwise_kernel<(int)128, (int)2, void at::native::gpu_kernel_impl_nocast<at::native::BinaryFunctor<float, float, float, at::native::binary_internal::MulFunctor<float>>>(at::TensorIteratorBase &, const T1 &)::[lambda(int) (instance 1)]>(int, T3)"
:BasicsTransformerLM.layers.28.ln1,PushPop,30,30,1,1,1632,1632.0,1632.0,1632,1632,0.0,"void at::native::vectorized_elementwise_kernel<(int)4, void at::native::<unnamed>::pow_tensor_scalar_kernel_impl<float, float>(at::TensorIteratorBase &, T2)::[lambda(float) (instance 1)], std::array<char *, (unsigned long)2>>(int, T2, T3)"
:BasicsTransformerLM.layers.28.ln1,PushPop,30,30,1,1,1281,1281.0,1281.0,1281,1281,0.0,"void at::native::vectorized_elementwise_kernel<(int)4, at::native::CUDAFunctorOnSelf_add<float>, std::array<char *, (unsigned long)2>>(int, T2, T3)"
:BasicsTransformerLM.layers.28.ln1,PushPop,30,30,1,1,1281,1281.0,1281.0,1281,1281,0.0,"void at::native::vectorized_elementwise_kernel<(int)4, at::native::rsqrt_kernel_cuda(at::TensorIteratorBase &)::[lambda() (instance 2)]::operator ()() const::[lambda() (instance 2)]::operator ()() const::[lambda(float) (instance 1)], std::array<char *, (unsigned long)2>>(int, T2, T3)"
:BasicsTransformerLM.layers.28.ln2,PushPop,30,30,1,1,8515,8515.0,8515.0,8515,8515,0.0,"void at::native::reduce_kernel<(int)512, (int)1, at::native::ReduceOp<float, at::native::MeanOps<float, float, float, float>, unsigned int, float, (int)4, (int)4>>(T3)"
:BasicsTransformerLM.layers.28.ln2,PushPop,30,30,1,2,5122,2561.0,2561.0,2465,2657,135.8,"void at::native::elementwise_kernel<(int)128, (int)2, void at::native::gpu_kernel_impl_nocast<at::native::BinaryFunctor<float, float, float, at::native::binary_internal::MulFunctor<float>>>(at::TensorIteratorBase &, const T1 &)::[lambda(int) (instance 1)]>(int, T3)"
:BasicsTransformerLM.layers.28.ln2,PushPop,30,30,1,1,1664,1664.0,1664.0,1664,1664,0.0,"void at::native::vectorized_elementwise_kernel<(int)4, void at::native::<unnamed>::pow_tensor_scalar_kernel_impl<float, float>(at::TensorIteratorBase &, T2)::[lambda(float) (instance 1)], std::array<char *, (unsigned long)2>>(int, T2, T3)"
:BasicsTransformerLM.layers.28.ln2,PushPop,30,30,1,1,1473,1473.0,1473.0,1473,1473,0.0,"void at::native::vectorized_elementwise_kernel<(int)4, at::native::CUDAFunctorOnSelf_add<float>, std::array<char *, (unsigned long)2>>(int, T2, T3)"
:BasicsTransformerLM.layers.28.ln2,PushPop,30,30,1,1,1472,1472.0,1472.0,1472,1472,0.0,"void at::native::vectorized_elementwise_kernel<(int)4, at::native::rsqrt_kernel_cuda(at::TensorIteratorBase &)::[lambda() (instance 2)]::operator ()() const::[lambda() (instance 2)]::operator ()() const::[lambda(float) (instance 1)], std::array<char *, (unsigned long)2>>(int, T2, T3)"
:BasicsTransformerLM.layers.29,PushPop,30,30,1,8,939951,117493.9,70726.5,5185,279035,90517.4,cutlass3x_sm100_simt_sgemm_f32_f32_f32_f32_f32_64x32x16_1x1x1_3_tnn_align1_bias_f32_relu
:BasicsTransformerLM.layers.29,PushPop,30,30,1,12,26313,2192.8,2160.5,1888,2561,270.2,"void at::native::elementwise_kernel<(int)128, (int)2, void at::native::gpu_kernel_impl_nocast<at::native::BinaryFunctor<float, float, float, at::native::binary_internal::MulFunctor<float>>>(at::TensorIteratorBase &, const T1 &)::[lambda(int) (instance 1)]>(int, T3)"
:BasicsTransformerLM.layers.29,PushPop,30,30,1,2,16902,8451.0,8451.0,8419,8483,45.3,"void at::native::reduce_kernel<(int)512, (int)1, at::native::ReduceOp<float, at::native::MeanOps<float, float, float, float>, unsigned int, float, (int)4, (int)4>>(T3)"
:BasicsTransformerLM.layers.29,PushPop,30,30,1,6,10789,1798.2,1665.0,1537,2240,302.9,"void at::native::vectorized_elementwise_kernel<(int)4, at::native::CUDAFunctor_add<float>, std::array<char *, (unsigned long)3>>(int, T2, T3)"
:BasicsTransformerLM.layers.29,PushPop,30,30,1,2,8546,4273.0,4273.0,4161,4385,158.4,"void at::native::<unnamed>::CatArrayBatchedCopy<at::native::<unnamed>::OpaqueType<(unsigned int)4>, unsigned int, (int)4, (int)64, (int)64>(T1 *, at::native::<unnamed>::CatArrInputTensorMetadata<T1, T2, T4, T5>, at::native::<unnamed>::TensorSizeStride<T2, (unsigned int)4>, int, T2)"
:BasicsTransformerLM.layers.29,PushPop,30,30,1,1,6723,6723.0,6723.0,6723,6723,0.0,cutlass3x_sm100_simt_sgemm_f32_f32_f32_f32_f32_64x32x16_1x1x1_3_nnn_align1_bias_f32_relu
:BasicsTransformerLM.layers.29,PushPop,30,30,1,2,5697,2848.5,2848.5,2624,3073,317.5,"void at::native::vectorized_elementwise_kernel<(int)4, at::native::BinaryFunctor<float, float, float, at::native::binary_internal::MulFunctor<float>>, std::array<char *, (unsigned long)3>>(int, T2, T3)"
:BasicsTransformerLM.layers.29,PushPop,30,30,1,1,4193,4193.0,4193.0,4193,4193,0.0,"void at::native::reduce_kernel<(int)512, (int)1, at::native::ReduceOp<float, at::native::MaxOps<float>, unsigned int, float, (int)4, (int)4>>(T3)"
:BasicsTransformerLM.layers.29,PushPop,30,30,1,1,3617,3617.0,3617.0,3617,3617,0.0,"void at::native::elementwise_kernel<(int)128, (int)2, void at::native::gpu_kernel_impl_nocast<at::native::<unnamed>::where_kernel_impl(at::TensorIterator &)::[lambda() (instance 1)]::operator ()() const::[lambda() (instance 11)]::operator ()() const::[lambda(bool, float, float) (instance 1)]>(at::TensorIteratorBase &, const T1 &)::[lambda(int) (instance 1)]>(int, T3)"
:BasicsTransformerLM.layers.29,PushPop,30,30,1,1,3458,3458.0,3458.0,3458,3458,0.0,"void at::native::elementwise_kernel<(int)128, (int)2, void at::native::gpu_kernel_impl_nocast<at::native::BinaryFunctor<float, float, float, at::native::binary_internal::DivFunctor<float>>>(at::TensorIteratorBase &, const T1 &)::[lambda(int) (instance 1)]>(int, T3)"
:BasicsTransformerLM.layers.29,PushPop,30,30,1,2,3298,1649.0,1649.0,1633,1665,22.6,"void at::native::vectorized_elementwise_kernel<(int)4, void at::native::<unnamed>::pow_tensor_scalar_kernel_impl<float, float>(at::TensorIteratorBase &, T2)::[lambda(float) (instance 1)], std::array<char *, (unsigned long)2>>(int, T2, T3)"
:BasicsTransformerLM.layers.29,PushPop,30,30,1,1,2945,2945.0,2945.0,2945,2945,0.0,"void at::native::elementwise_kernel<(int)128, (int)2, void at::native::gpu_kernel_impl_nocast<at::native::CUDAFunctor_add<float>>(at::TensorIteratorBase &, const T1 &)::[lambda(int) (instance 1)]>(int, T3)"
:BasicsTransformerLM.layers.29,PushPop,30,30,1,1,2913,2913.0,2913.0,2913,2913,0.0,"void at::native::vectorized_elementwise_kernel<(int)4, at::native::sigmoid_kernel_cuda(at::TensorIteratorBase &)::[lambda() (instance 2)]::operator ()() const::[lambda() (instance 2)]::operator ()() const::[lambda(float) (instance 1)], std::array<char *, (unsigned long)2>>(int, T2, T3)"
:BasicsTransformerLM.layers.29,PushPop,30,30,1,1,2785,2785.0,2785.0,2785,2785,0.0,"void at::native::reduce_kernel<(int)512, (int)1, at::native::ReduceOp<float, at::native::func_wrapper_t<float, at::native::sum_functor<float, float, float>::operator ()(at::TensorIterator &)::[lambda(float, float) (instance 1)]>, unsigned int, float, (int)4, (int)4>>(T3)"
:BasicsTransformerLM.layers.29,PushPop,30,30,1,1,2529,2529.0,2529.0,2529,2529,0.0,"void at::native::elementwise_kernel<(int)128, (int)2, void at::native::gpu_kernel_impl_nocast<at::native::direct_copy_kernel_cuda(at::TensorIteratorBase &)::[lambda() (instance 3)]::operator ()() const::[lambda() (instance 7)]::operator ()() const::[lambda(float) (instance 1)]>(at::TensorIteratorBase &, const T1 &)::[lambda(int) (instance 1)]>(int, T3)"
:BasicsTransformerLM.layers.29,PushPop,30,30,1,2,2528,1264.0,1264.0,1216,1312,67.9,"void at::native::vectorized_elementwise_kernel<(int)4, at::native::CUDAFunctorOnSelf_add<float>, std::array<char *, (unsigned long)2>>(int, T2, T3)"
:BasicsTransformerLM.layers.29,PushPop,30,30,1,2,2466,1233.0,1233.0,1185,1281,67.9,"void at::native::vectorized_elementwise_kernel<(int)4, at::native::rsqrt_kernel_cuda(at::TensorIteratorBase &)::[lambda() (instance 2)]::operator ()() const::[lambda() (instance 2)]::operator ()() const::[lambda(float) (instance 1)], std::array<char *, (unsigned long)2>>(int, T2, T3)"
:BasicsTransformerLM.layers.29,PushPop,30,30,1,1,2113,2113.0,2113.0,2113,2113,0.0,"void at::native::elementwise_kernel<(int)128, (int)4, void at::native::gpu_kernel_impl_nocast<at::native::<unnamed>::CompareFunctor<long>>(at::TensorIteratorBase &, const T1 &)::[lambda(int) (instance 1)]>(int, T3)"
:BasicsTransformerLM.layers.29,PushPop,30,30,1,1,2016,2016.0,2016.0,2016,2016,0.0,"void at::native::vectorized_elementwise_kernel<(int)4, at::native::BUnaryFunctor<float, float, float, at::native::binary_internal::MulFunctor<float>>, std::array<char *, (unsigned long)2>>(int, T2, T3)"
:BasicsTransformerLM.layers.29,PushPop,30,30,1,1,1953,1953.0,1953.0,1953,1953,0.0,"void at::native::vectorized_elementwise_kernel<(int)4, at::native::exp_kernel_cuda(at::TensorIteratorBase &)::[lambda() (instance 2)]::operator ()() const::[lambda() (instance 2)]::operator ()() const::[lambda(float) (instance 1)], std::array<char *, (unsigned long)2>>(int, T2, T3)"
:BasicsTransformerLM.layers.29,PushPop,30,30,1,1,960,960.0,960.0,960,960,0.0,"void at::native::vectorized_elementwise_kernel<(int)4, at::native::FillFunctor<float>, std::array<char *, (unsigned long)1>>(int, T2, T3)"
:BasicsTransformerLM.layers.29,PushPop,30,30,1,1,896,896.0,896.0,896,896,0.0,"void <unnamed>::elementwise_kernel_with_index<int, at::native::arange_cuda_out(const c10::Scalar &, const c10::Scalar &, const c10::Scalar &, at::Tensor &)::[lambda() (instance 1)]::operator ()() const::[lambda() (instance 4)]::operator ()() const::[lambda(long) (instance 1)]>(T1, T2, function_traits<T2>::result_type *)"
:BasicsTransformerLM.layers.29.attn,PushPop,30,30,1,5,286395,57279.0,69975.0,5185,70774,29124.6,cutlass3x_sm100_simt_sgemm_f32_f32_f32_f32_f32_64x32x16_1x1x1_3_tnn_align1_bias_f32_relu
:BasicsTransformerLM.layers.29.attn,PushPop,30,30,1,8,16485,2060.6,1937.0,1888,2561,230.2,"void at::native::elementwise_kernel<(int)128, (int)2, void at::native::gpu_kernel_impl_nocast<at::native::BinaryFunctor<float, float, float, at::native::binary_internal::MulFunctor<float>>>(at::TensorIteratorBase &, const T1 &)::[lambda(int) (instance 1)]>(int, T3)"
:BasicsTransformerLM.layers.29.attn,PushPop,30,30,1,2,8546,4273.0,4273.0,4161,4385,158.4,"void at::native::<unnamed>::CatArrayBatchedCopy<at::native::<unnamed>::OpaqueType<(unsigned int)4>, unsigned int, (int)4, (int)64, (int)64>(T1 *, at::native::<unnamed>::CatArrInputTensorMetadata<T1, T2, T4, T5>, at::native::<unnamed>::TensorSizeStride<T2, (unsigned int)4>, int, T2)"
:BasicsTransformerLM.layers.29.attn,PushPop,30,30,1,1,6723,6723.0,6723.0,6723,6723,0.0,cutlass3x_sm100_simt_sgemm_f32_f32_f32_f32_f32_64x32x16_1x1x1_3_nnn_align1_bias_f32_relu
:BasicsTransformerLM.layers.29.attn,PushPop,30,30,1,4,6436,1609.0,1585.0,1537,1729,84.2,"void at::native::vectorized_elementwise_kernel<(int)4, at::native::CUDAFunctor_add<float>, std::array<char *, (unsigned long)3>>(int, T2, T3)"
:BasicsTransformerLM.layers.29.attn,PushPop,30,30,1,1,4193,4193.0,4193.0,4193,4193,0.0,"void at::native::reduce_kernel<(int)512, (int)1, at::native::ReduceOp<float, at::native::MaxOps<float>, unsigned int, float, (int)4, (int)4>>(T3)"
:BasicsTransformerLM.layers.29.attn,PushPop,30,30,1,1,3617,3617.0,3617.0,3617,3617,0.0,"void at::native::elementwise_kernel<(int)128, (int)2, void at::native::gpu_kernel_impl_nocast<at::native::<unnamed>::where_kernel_impl(at::TensorIterator &)::[lambda() (instance 1)]::operator ()() const::[lambda() (instance 11)]::operator ()() const::[lambda(bool, float, float) (instance 1)]>(at::TensorIteratorBase &, const T1 &)::[lambda(int) (instance 1)]>(int, T3)"
:BasicsTransformerLM.layers.29.attn,PushPop,30,30,1,1,3458,3458.0,3458.0,3458,3458,0.0,"void at::native::elementwise_kernel<(int)128, (int)2, void at::native::gpu_kernel_impl_nocast<at::native::BinaryFunctor<float, float, float, at::native::binary_internal::DivFunctor<float>>>(at::TensorIteratorBase &, const T1 &)::[lambda(int) (instance 1)]>(int, T3)"
:BasicsTransformerLM.layers.29.attn,PushPop,30,30,1,1,2945,2945.0,2945.0,2945,2945,0.0,"void at::native::elementwise_kernel<(int)128, (int)2, void at::native::gpu_kernel_impl_nocast<at::native::CUDAFunctor_add<float>>(at::TensorIteratorBase &, const T1 &)::[lambda(int) (instance 1)]>(int, T3)"
:BasicsTransformerLM.layers.29.attn,PushPop,30,30,1,1,2785,2785.0,2785.0,2785,2785,0.0,"void at::native::reduce_kernel<(int)512, (int)1, at::native::ReduceOp<float, at::native::func_wrapper_t<float, at::native::sum_functor<float, float, float>::operator ()(at::TensorIterator &)::[lambda(float, float) (instance 1)]>, unsigned int, float, (int)4, (int)4>>(T3)"
:BasicsTransformerLM.layers.29.attn,PushPop,30,30,1,1,2529,2529.0,2529.0,2529,2529,0.0,"void at::native::elementwise_kernel<(int)128, (int)2, void at::native::gpu_kernel_impl_nocast<at::native::direct_copy_kernel_cuda(at::TensorIteratorBase &)::[lambda() (instance 3)]::operator ()() const::[lambda() (instance 7)]::operator ()() const::[lambda(float) (instance 1)]>(at::TensorIteratorBase &, const T1 &)::[lambda(int) (instance 1)]>(int, T3)"
:BasicsTransformerLM.layers.29.attn,PushPop,30,30,1,1,2113,2113.0,2113.0,2113,2113,0.0,"void at::native::elementwise_kernel<(int)128, (int)4, void at::native::gpu_kernel_impl_nocast<at::native::<unnamed>::CompareFunctor<long>>(at::TensorIteratorBase &, const T1 &)::[lambda(int) (instance 1)]>(int, T3)"
:BasicsTransformerLM.layers.29.attn,PushPop,30,30,1,1,2016,2016.0,2016.0,2016,2016,0.0,"void at::native::vectorized_elementwise_kernel<(int)4, at::native::BUnaryFunctor<float, float, float, at::native::binary_internal::MulFunctor<float>>, std::array<char *, (unsigned long)2>>(int, T2, T3)"
:BasicsTransformerLM.layers.29.attn,PushPop,30,30,1,1,1953,1953.0,1953.0,1953,1953,0.0,"void at::native::vectorized_elementwise_kernel<(int)4, at::native::exp_kernel_cuda(at::TensorIteratorBase &)::[lambda() (instance 2)]::operator ()() const::[lambda() (instance 2)]::operator ()() const::[lambda(float) (instance 1)], std::array<char *, (unsigned long)2>>(int, T2, T3)"
:BasicsTransformerLM.layers.29.attn,PushPop,30,30,1,1,960,960.0,960.0,960,960,0.0,"void at::native::vectorized_elementwise_kernel<(int)4, at::native::FillFunctor<float>, std::array<char *, (unsigned long)1>>(int, T2, T3)"
:BasicsTransformerLM.layers.29.attn,PushPop,30,30,1,1,896,896.0,896.0,896,896,0.0,"void <unnamed>::elementwise_kernel_with_index<int, at::native::arange_cuda_out(const c10::Scalar &, const c10::Scalar &, const c10::Scalar &, at::Tensor &)::[lambda() (instance 1)]::operator ()() const::[lambda() (instance 4)]::operator ()() const::[lambda(long) (instance 1)]>(T1, T2, function_traits<T2>::result_type *)"
:BasicsTransformerLM.layers.29.attn.k_proj,PushPop,30,30,1,1,69975,69975.0,69975.0,69975,69975,0.0,cutlass3x_sm100_simt_sgemm_f32_f32_f32_f32_f32_64x32x16_1x1x1_3_tnn_align1_bias_f32_relu
:BasicsTransformerLM.layers.29.attn.output_proj,PushPop,30,30,1,1,70774,70774.0,70774.0,70774,70774,0.0,cutlass3x_sm100_simt_sgemm_f32_f32_f32_f32_f32_64x32x16_1x1x1_3_tnn_align1_bias_f32_relu
:BasicsTransformerLM.layers.29.attn.q_proj,PushPop,30,30,1,1,69782,69782.0,69782.0,69782,69782,0.0,cutlass3x_sm100_simt_sgemm_f32_f32_f32_f32_f32_64x32x16_1x1x1_3_tnn_align1_bias_f32_relu
:BasicsTransformerLM.layers.29.attn.v_proj,PushPop,30,30,1,1,70679,70679.0,70679.0,70679,70679,0.0,cutlass3x_sm100_simt_sgemm_f32_f32_f32_f32_f32_64x32x16_1x1x1_3_tnn_align1_bias_f32_relu
:BasicsTransformerLM.layers.29.ffn,PushPop,30,30,1,3,653556,217852.0,188093.0,186428,279035,52992.6,cutlass3x_sm100_simt_sgemm_f32_f32_f32_f32_f32_64x32x16_1x1x1_3_tnn_align1_bias_f32_relu
:BasicsTransformerLM.layers.29.ffn,PushPop,30,30,1,2,5697,2848.5,2848.5,2624,3073,317.5,"void at::native::vectorized_elementwise_kernel<(int)4, at::native::BinaryFunctor<float, float, float, at::native::binary_internal::MulFunctor<float>>, std::array<char *, (unsigned long)3>>(int, T2, T3)"
:BasicsTransformerLM.layers.29.ffn,PushPop,30,30,1,1,2913,2913.0,2913.0,2913,2913,0.0,"void at::native::vectorized_elementwise_kernel<(int)4, at::native::sigmoid_kernel_cuda(at::TensorIteratorBase &)::[lambda() (instance 2)]::operator ()() const::[lambda() (instance 2)]::operator ()() const::[lambda(float) (instance 1)], std::array<char *, (unsigned long)2>>(int, T2, T3)"
:BasicsTransformerLM.layers.29.ffn.w1,PushPop,30,30,1,1,188093,188093.0,188093.0,188093,188093,0.0,cutlass3x_sm100_simt_sgemm_f32_f32_f32_f32_f32_64x32x16_1x1x1_3_tnn_align1_bias_f32_relu
:BasicsTransformerLM.layers.29.ffn.w2,PushPop,30,30,1,1,279035,279035.0,279035.0,279035,279035,0.0,cutlass3x_sm100_simt_sgemm_f32_f32_f32_f32_f32_64x32x16_1x1x1_3_tnn_align1_bias_f32_relu
:BasicsTransformerLM.layers.29.ffn.w3,PushPop,30,30,1,1,186428,186428.0,186428.0,186428,186428,0.0,cutlass3x_sm100_simt_sgemm_f32_f32_f32_f32_f32_64x32x16_1x1x1_3_tnn_align1_bias_f32_relu
:BasicsTransformerLM.layers.29.ln1,PushPop,30,30,1,1,8419,8419.0,8419.0,8419,8419,0.0,"void at::native::reduce_kernel<(int)512, (int)1, at::native::ReduceOp<float, at::native::MeanOps<float, float, float, float>, unsigned int, float, (int)4, (int)4>>(T3)"
:BasicsTransformerLM.layers.29.ln1,PushPop,30,30,1,2,4898,2449.0,2449.0,2369,2529,113.1,"void at::native::elementwise_kernel<(int)128, (int)2, void at::native::gpu_kernel_impl_nocast<at::native::BinaryFunctor<float, float, float, at::native::binary_internal::MulFunctor<float>>>(at::TensorIteratorBase &, const T1 &)::[lambda(int) (instance 1)]>(int, T3)"
:BasicsTransformerLM.layers.29.ln1,PushPop,30,30,1,1,1665,1665.0,1665.0,1665,1665,0.0,"void at::native::vectorized_elementwise_kernel<(int)4, void at::native::<unnamed>::pow_tensor_scalar_kernel_impl<float, float>(at::TensorIteratorBase &, T2)::[lambda(float) (instance 1)], std::array<char *, (unsigned long)2>>(int, T2, T3)"
:BasicsTransformerLM.layers.29.ln1,PushPop,30,30,1,1,1312,1312.0,1312.0,1312,1312,0.0,"void at::native::vectorized_elementwise_kernel<(int)4, at::native::CUDAFunctorOnSelf_add<float>, std::array<char *, (unsigned long)2>>(int, T2, T3)"
:BasicsTransformerLM.layers.29.ln1,PushPop,30,30,1,1,1281,1281.0,1281.0,1281,1281,0.0,"void at::native::vectorized_elementwise_kernel<(int)4, at::native::rsqrt_kernel_cuda(at::TensorIteratorBase &)::[lambda() (instance 2)]::operator ()() const::[lambda() (instance 2)]::operator ()() const::[lambda(float) (instance 1)], std::array<char *, (unsigned long)2>>(int, T2, T3)"
:BasicsTransformerLM.layers.29.ln2,PushPop,30,30,1,1,8483,8483.0,8483.0,8483,8483,0.0,"void at::native::reduce_kernel<(int)512, (int)1, at::native::ReduceOp<float, at::native::MeanOps<float, float, float, float>, unsigned int, float, (int)4, (int)4>>(T3)"
:BasicsTransformerLM.layers.29.ln2,PushPop,30,30,1,2,4930,2465.0,2465.0,2465,2465,0.0,"void at::native::elementwise_kernel<(int)128, (int)2, void at::native::gpu_kernel_impl_nocast<at::native::BinaryFunctor<float, float, float, at::native::binary_internal::MulFunctor<float>>>(at::TensorIteratorBase &, const T1 &)::[lambda(int) (instance 1)]>(int, T3)"
:BasicsTransformerLM.layers.29.ln2,PushPop,30,30,1,1,1633,1633.0,1633.0,1633,1633,0.0,"void at::native::vectorized_elementwise_kernel<(int)4, void at::native::<unnamed>::pow_tensor_scalar_kernel_impl<float, float>(at::TensorIteratorBase &, T2)::[lambda(float) (instance 1)], std::array<char *, (unsigned long)2>>(int, T2, T3)"
:BasicsTransformerLM.layers.29.ln2,PushPop,30,30,1,1,1216,1216.0,1216.0,1216,1216,0.0,"void at::native::vectorized_elementwise_kernel<(int)4, at::native::CUDAFunctorOnSelf_add<float>, std::array<char *, (unsigned long)2>>(int, T2, T3)"
:BasicsTransformerLM.layers.29.ln2,PushPop,30,30,1,1,1185,1185.0,1185.0,1185,1185,0.0,"void at::native::vectorized_elementwise_kernel<(int)4, at::native::rsqrt_kernel_cuda(at::TensorIteratorBase &)::[lambda() (instance 2)]::operator ()() const::[lambda() (instance 2)]::operator ()() const::[lambda(float) (instance 1)], std::array<char *, (unsigned long)2>>(int, T2, T3)"
:BasicsTransformerLM.layers.3,PushPop,30,30,1,8,939695,117461.9,70887.0,5185,278843,90325.1,cutlass3x_sm100_simt_sgemm_f32_f32_f32_f32_f32_64x32x16_1x1x1_3_tnn_align1_bias_f32_relu
:BasicsTransformerLM.layers.3,PushPop,30,30,1,12,26442,2203.5,2225.0,1889,2656,266.9,"void at::native::elementwise_kernel<(int)128, (int)2, void at::native::gpu_kernel_impl_nocast<at::native::BinaryFunctor<float, float, float, at::native::binary_internal::MulFunctor<float>>>(at::TensorIteratorBase &, const T1 &)::[lambda(int) (instance 1)]>(int, T3)"
:BasicsTransformerLM.layers.3,PushPop,30,30,1,2,17126,8563.0,8563.0,8451,8675,158.4,"void at::native::reduce_kernel<(int)512, (int)1, at::native::ReduceOp<float, at::native::MeanOps<float, float, float, float>, unsigned int, float, (int)4, (int)4>>(T3)"
:BasicsTransformerLM.layers.3,PushPop,30,30,1,6,10722,1787.0,1696.0,1568,2209,250.3,"void at::native::vectorized_elementwise_kernel<(int)4, at::native::CUDAFunctor_add<float>, std::array<char *, (unsigned long)3>>(int, T2, T3)"
:BasicsTransformerLM.layers.3,PushPop,30,30,1,2,8546,4273.0,4273.0,4193,4353,113.1,"void at::native::<unnamed>::CatArrayBatchedCopy<at::native::<unnamed>::OpaqueType<(unsigned int)4>, unsigned int, (int)4, (int)64, (int)64>(T1 *, at::native::<unnamed>::CatArrInputTensorMetadata<T1, T2, T4, T5>, at::native::<unnamed>::TensorSizeStride<T2, (unsigned int)4>, int, T2)"
:BasicsTransformerLM.layers.3,PushPop,30,30,1,1,6754,6754.0,6754.0,6754,6754,0.0,cutlass3x_sm100_simt_sgemm_f32_f32_f32_f32_f32_64x32x16_1x1x1_3_nnn_align1_bias_f32_relu
:BasicsTransformerLM.layers.3,PushPop,30,30,1,2,5634,2817.0,2817.0,2465,3169,497.8,"void at::native::vectorized_elementwise_kernel<(int)4, at::native::BinaryFunctor<float, float, float, at::native::binary_internal::MulFunctor<float>>, std::array<char *, (unsigned long)3>>(int, T2, T3)"
:BasicsTransformerLM.layers.3,PushPop,30,30,1,1,4162,4162.0,4162.0,4162,4162,0.0,"void at::native::reduce_kernel<(int)512, (int)1, at::native::ReduceOp<float, at::native::MaxOps<float>, unsigned int, float, (int)4, (int)4>>(T3)"
:BasicsTransformerLM.layers.3,PushPop,30,30,1,1,3425,3425.0,3425.0,3425,3425,0.0,"void at::native::elementwise_kernel<(int)128, (int)2, void at::native::gpu_kernel_impl_nocast<at::native::BinaryFunctor<float, float, float, at::native::binary_internal::DivFunctor<float>>>(at::TensorIteratorBase &, const T1 &)::[lambda(int) (instance 1)]>(int, T3)"
:BasicsTransformerLM.layers.3,PushPop,30,30,1,2,3297,1648.5,1648.5,1633,1664,21.9,"void at::native::vectorized_elementwise_kernel<(int)4, void at::native::<unnamed>::pow_tensor_scalar_kernel_impl<float, float>(at::TensorIteratorBase &, T2)::[lambda(float) (instance 1)], std::array<char *, (unsigned long)2>>(int, T2, T3)"
:BasicsTransformerLM.layers.3,PushPop,30,30,1,1,3201,3201.0,3201.0,3201,3201,0.0,"void at::native::elementwise_kernel<(int)128, (int)2, void at::native::gpu_kernel_impl_nocast<at::native::<unnamed>::where_kernel_impl(at::TensorIterator &)::[lambda() (instance 1)]::operator ()() const::[lambda() (instance 11)]::operator ()() const::[lambda(bool, float, float) (instance 1)]>(at::TensorIteratorBase &, const T1 &)::[lambda(int) (instance 1)]>(int, T3)"
:BasicsTransformerLM.layers.3,PushPop,30,30,1,1,2945,2945.0,2945.0,2945,2945,0.0,"void at::native::vectorized_elementwise_kernel<(int)4, at::native::sigmoid_kernel_cuda(at::TensorIteratorBase &)::[lambda() (instance 2)]::operator ()() const::[lambda() (instance 2)]::operator ()() const::[lambda(float) (instance 1)], std::array<char *, (unsigned long)2>>(int, T2, T3)"
:BasicsTransformerLM.layers.3,PushPop,30,30,1,1,2913,2913.0,2913.0,2913,2913,0.0,"void at::native::elementwise_kernel<(int)128, (int)2, void at::native::gpu_kernel_impl_nocast<at::native::CUDAFunctor_add<float>>(at::TensorIteratorBase &, const T1 &)::[lambda(int) (instance 1)]>(int, T3)"
:BasicsTransformerLM.layers.3,PushPop,30,30,1,1,2817,2817.0,2817.0,2817,2817,0.0,"void at::native::reduce_kernel<(int)512, (int)1, at::native::ReduceOp<float, at::native::func_wrapper_t<float, at::native::sum_functor<float, float, float>::operator ()(at::TensorIterator &)::[lambda(float, float) (instance 1)]>, unsigned int, float, (int)4, (int)4>>(T3)"
:BasicsTransformerLM.layers.3,PushPop,30,30,1,1,2561,2561.0,2561.0,2561,2561,0.0,"void at::native::elementwise_kernel<(int)128, (int)2, void at::native::gpu_kernel_impl_nocast<at::native::direct_copy_kernel_cuda(at::TensorIteratorBase &)::[lambda() (instance 3)]::operator ()() const::[lambda() (instance 7)]::operator ()() const::[lambda(float) (instance 1)]>(at::TensorIteratorBase &, const T1 &)::[lambda(int) (instance 1)]>(int, T3)"
:BasicsTransformerLM.layers.3,PushPop,30,30,1,1,2241,2241.0,2241.0,2241,2241,0.0,"void at::native::elementwise_kernel<(int)128, (int)4, void at::native::gpu_kernel_impl_nocast<at::native::<unnamed>::CompareFunctor<long>>(at::TensorIteratorBase &, const T1 &)::[lambda(int) (instance 1)]>(int, T3)"
:BasicsTransformerLM.layers.3,PushPop,30,30,1,2,2209,1104.5,1104.5,1088,1121,23.3,"void at::native::vectorized_elementwise_kernel<(int)4, at::native::CUDAFunctorOnSelf_add<float>, std::array<char *, (unsigned long)2>>(int, T2, T3)"
:BasicsTransformerLM.layers.3,PushPop,30,30,1,2,2081,1040.5,1040.5,1025,1056,21.9,"void at::native::vectorized_elementwise_kernel<(int)4, at::native::rsqrt_kernel_cuda(at::TensorIteratorBase &)::[lambda() (instance 2)]::operator ()() const::[lambda() (instance 2)]::operator ()() const::[lambda(float) (instance 1)], std::array<char *, (unsigned long)2>>(int, T2, T3)"
:BasicsTransformerLM.layers.3,PushPop,30,30,1,1,1921,1921.0,1921.0,1921,1921,0.0,"void at::native::vectorized_elementwise_kernel<(int)4, at::native::exp_kernel_cuda(at::TensorIteratorBase &)::[lambda() (instance 2)]::operator ()() const::[lambda() (instance 2)]::operator ()() const::[lambda(float) (instance 1)], std::array<char *, (unsigned long)2>>(int, T2, T3)"
:BasicsTransformerLM.layers.3,PushPop,30,30,1,1,1888,1888.0,1888.0,1888,1888,0.0,"void at::native::vectorized_elementwise_kernel<(int)4, at::native::BUnaryFunctor<float, float, float, at::native::binary_internal::MulFunctor<float>>, std::array<char *, (unsigned long)2>>(int, T2, T3)"
:BasicsTransformerLM.layers.3,PushPop,30,30,1,1,992,992.0,992.0,992,992,0.0,"void <unnamed>::elementwise_kernel_with_index<int, at::native::arange_cuda_out(const c10::Scalar &, const c10::Scalar &, const c10::Scalar &, at::Tensor &)::[lambda() (instance 1)]::operator ()() const::[lambda() (instance 4)]::operator ()() const::[lambda(long) (instance 1)]>(T1, T2, function_traits<T2>::result_type *)"
:BasicsTransformerLM.layers.3,PushPop,30,30,1,1,864,864.0,864.0,864,864,0.0,"void at::native::vectorized_elementwise_kernel<(int)4, at::native::FillFunctor<float>, std::array<char *, (unsigned long)1>>(int, T2, T3)"
:BasicsTransformerLM.layers.3.attn,PushPop,30,30,1,5,287131,57426.2,70454.0,5185,71095,29208.0,cutlass3x_sm100_simt_sgemm_f32_f32_f32_f32_f32_64x32x16_1x1x1_3_tnn_align1_bias_f32_relu
:BasicsTransformerLM.layers.3.attn,PushPop,30,30,1,8,16423,2052.9,1968.5,1889,2305,170.6,"void at::native::elementwise_kernel<(int)128, (int)2, void at::native::gpu_kernel_impl_nocast<at::native::BinaryFunctor<float, float, float, at::native::binary_internal::MulFunctor<float>>>(at::TensorIteratorBase &, const T1 &)::[lambda(int) (instance 1)]>(int, T3)"
:BasicsTransformerLM.layers.3.attn,PushPop,30,30,1,2,8546,4273.0,4273.0,4193,4353,113.1,"void at::native::<unnamed>::CatArrayBatchedCopy<at::native::<unnamed>::OpaqueType<(unsigned int)4>, unsigned int, (int)4, (int)64, (int)64>(T1 *, at::native::<unnamed>::CatArrInputTensorMetadata<T1, T2, T4, T5>, at::native::<unnamed>::TensorSizeStride<T2, (unsigned int)4>, int, T2)"
:BasicsTransformerLM.layers.3.attn,PushPop,30,30,1,1,6754,6754.0,6754.0,6754,6754,0.0,cutlass3x_sm100_simt_sgemm_f32_f32_f32_f32_f32_64x32x16_1x1x1_3_nnn_align1_bias_f32_relu
:BasicsTransformerLM.layers.3.attn,PushPop,30,30,1,4,6560,1640.0,1616.0,1568,1760,84.2,"void at::native::vectorized_elementwise_kernel<(int)4, at::native::CUDAFunctor_add<float>, std::array<char *, (unsigned long)3>>(int, T2, T3)"
:BasicsTransformerLM.layers.3.attn,PushPop,30,30,1,1,4162,4162.0,4162.0,4162,4162,0.0,"void at::native::reduce_kernel<(int)512, (int)1, at::native::ReduceOp<float, at::native::MaxOps<float>, unsigned int, float, (int)4, (int)4>>(T3)"
:BasicsTransformerLM.layers.3.attn,PushPop,30,30,1,1,3425,3425.0,3425.0,3425,3425,0.0,"void at::native::elementwise_kernel<(int)128, (int)2, void at::native::gpu_kernel_impl_nocast<at::native::BinaryFunctor<float, float, float, at::native::binary_internal::DivFunctor<float>>>(at::TensorIteratorBase &, const T1 &)::[lambda(int) (instance 1)]>(int, T3)"
:BasicsTransformerLM.layers.3.attn,PushPop,30,30,1,1,3201,3201.0,3201.0,3201,3201,0.0,"void at::native::elementwise_kernel<(int)128, (int)2, void at::native::gpu_kernel_impl_nocast<at::native::<unnamed>::where_kernel_impl(at::TensorIterator &)::[lambda() (instance 1)]::operator ()() const::[lambda() (instance 11)]::operator ()() const::[lambda(bool, float, float) (instance 1)]>(at::TensorIteratorBase &, const T1 &)::[lambda(int) (instance 1)]>(int, T3)"
:BasicsTransformerLM.layers.3.attn,PushPop,30,30,1,1,2913,2913.0,2913.0,2913,2913,0.0,"void at::native::elementwise_kernel<(int)128, (int)2, void at::native::gpu_kernel_impl_nocast<at::native::CUDAFunctor_add<float>>(at::TensorIteratorBase &, const T1 &)::[lambda(int) (instance 1)]>(int, T3)"
:BasicsTransformerLM.layers.3.attn,PushPop,30,30,1,1,2817,2817.0,2817.0,2817,2817,0.0,"void at::native::reduce_kernel<(int)512, (int)1, at::native::ReduceOp<float, at::native::func_wrapper_t<float, at::native::sum_functor<float, float, float>::operator ()(at::TensorIterator &)::[lambda(float, float) (instance 1)]>, unsigned int, float, (int)4, (int)4>>(T3)"
:BasicsTransformerLM.layers.3.attn,PushPop,30,30,1,1,2561,2561.0,2561.0,2561,2561,0.0,"void at::native::elementwise_kernel<(int)128, (int)2, void at::native::gpu_kernel_impl_nocast<at::native::direct_copy_kernel_cuda(at::TensorIteratorBase &)::[lambda() (instance 3)]::operator ()() const::[lambda() (instance 7)]::operator ()() const::[lambda(float) (instance 1)]>(at::TensorIteratorBase &, const T1 &)::[lambda(int) (instance 1)]>(int, T3)"
:BasicsTransformerLM.layers.3.attn,PushPop,30,30,1,1,2241,2241.0,2241.0,2241,2241,0.0,"void at::native::elementwise_kernel<(int)128, (int)4, void at::native::gpu_kernel_impl_nocast<at::native::<unnamed>::CompareFunctor<long>>(at::TensorIteratorBase &, const T1 &)::[lambda(int) (instance 1)]>(int, T3)"
:BasicsTransformerLM.layers.3.attn,PushPop,30,30,1,1,1921,1921.0,1921.0,1921,1921,0.0,"void at::native::vectorized_elementwise_kernel<(int)4, at::native::exp_kernel_cuda(at::TensorIteratorBase &)::[lambda() (instance 2)]::operator ()() const::[lambda() (instance 2)]::operator ()() const::[lambda(float) (instance 1)], std::array<char *, (unsigned long)2>>(int, T2, T3)"
:BasicsTransformerLM.layers.3.attn,PushPop,30,30,1,1,1888,1888.0,1888.0,1888,1888,0.0,"void at::native::vectorized_elementwise_kernel<(int)4, at::native::BUnaryFunctor<float, float, float, at::native::binary_internal::MulFunctor<float>>, std::array<char *, (unsigned long)2>>(int, T2, T3)"
:BasicsTransformerLM.layers.3.attn,PushPop,30,30,1,1,992,992.0,992.0,992,992,0.0,"void <unnamed>::elementwise_kernel_with_index<int, at::native::arange_cuda_out(const c10::Scalar &, const c10::Scalar &, const c10::Scalar &, at::Tensor &)::[lambda() (instance 1)]::operator ()() const::[lambda() (instance 4)]::operator ()() const::[lambda(long) (instance 1)]>(T1, T2, function_traits<T2>::result_type *)"
:BasicsTransformerLM.layers.3.attn,PushPop,30,30,1,1,864,864.0,864.0,864,864,0.0,"void at::native::vectorized_elementwise_kernel<(int)4, at::native::FillFunctor<float>, std::array<char *, (unsigned long)1>>(int, T2, T3)"
:BasicsTransformerLM.layers.3.attn.k_proj,PushPop,30,30,1,1,69718,69718.0,69718.0,69718,69718,0.0,cutlass3x_sm100_simt_sgemm_f32_f32_f32_f32_f32_64x32x16_1x1x1_3_tnn_align1_bias_f32_relu
:BasicsTransformerLM.layers.3.attn.output_proj,PushPop,30,30,1,1,70679,70679.0,70679.0,70679,70679,0.0,cutlass3x_sm100_simt_sgemm_f32_f32_f32_f32_f32_64x32x16_1x1x1_3_tnn_align1_bias_f32_relu
:BasicsTransformerLM.layers.3.attn.q_proj,PushPop,30,30,1,1,70454,70454.0,70454.0,70454,70454,0.0,cutlass3x_sm100_simt_sgemm_f32_f32_f32_f32_f32_64x32x16_1x1x1_3_tnn_align1_bias_f32_relu
:BasicsTransformerLM.layers.3.attn.v_proj,PushPop,30,30,1,1,71095,71095.0,71095.0,71095,71095,0.0,cutlass3x_sm100_simt_sgemm_f32_f32_f32_f32_f32_64x32x16_1x1x1_3_tnn_align1_bias_f32_relu
:BasicsTransformerLM.layers.3.ffn,PushPop,30,30,1,3,652564,217521.3,187261.0,186460,278843,53107.6,cutlass3x_sm100_simt_sgemm_f32_f32_f32_f32_f32_64x32x16_1x1x1_3_tnn_align1_bias_f32_relu
:BasicsTransformerLM.layers.3.ffn,PushPop,30,30,1,2,5634,2817.0,2817.0,2465,3169,497.8,"void at::native::vectorized_elementwise_kernel<(int)4, at::native::BinaryFunctor<float, float, float, at::native::binary_internal::MulFunctor<float>>, std::array<char *, (unsigned long)3>>(int, T2, T3)"
:BasicsTransformerLM.layers.3.ffn,PushPop,30,30,1,1,2945,2945.0,2945.0,2945,2945,0.0,"void at::native::vectorized_elementwise_kernel<(int)4, at::native::sigmoid_kernel_cuda(at::TensorIteratorBase &)::[lambda() (instance 2)]::operator ()() const::[lambda() (instance 2)]::operator ()() const::[lambda(float) (instance 1)], std::array<char *, (unsigned long)2>>(int, T2, T3)"
:BasicsTransformerLM.layers.3.ffn.w1,PushPop,30,30,1,1,187261,187261.0,187261.0,187261,187261,0.0,cutlass3x_sm100_simt_sgemm_f32_f32_f32_f32_f32_64x32x16_1x1x1_3_tnn_align1_bias_f32_relu
:BasicsTransformerLM.layers.3.ffn.w2,PushPop,30,30,1,1,278843,278843.0,278843.0,278843,278843,0.0,cutlass3x_sm100_simt_sgemm_f32_f32_f32_f32_f32_64x32x16_1x1x1_3_tnn_align1_bias_f32_relu
:BasicsTransformerLM.layers.3.ffn.w3,PushPop,30,30,1,1,186460,186460.0,186460.0,186460,186460,0.0,cutlass3x_sm100_simt_sgemm_f32_f32_f32_f32_f32_64x32x16_1x1x1_3_tnn_align1_bias_f32_relu
:BasicsTransformerLM.layers.3.ln1,PushPop,30,30,1,1,8451,8451.0,8451.0,8451,8451,0.0,"void at::native::reduce_kernel<(int)512, (int)1, at::native::ReduceOp<float, at::native::MeanOps<float, float, float, float>, unsigned int, float, (int)4, (int)4>>(T3)"
:BasicsTransformerLM.layers.3.ln1,PushPop,30,30,1,2,4962,2481.0,2481.0,2465,2497,22.6,"void at::native::elementwise_kernel<(int)128, (int)2, void at::native::gpu_kernel_impl_nocast<at::native::BinaryFunctor<float, float, float, at::native::binary_internal::MulFunctor<float>>>(at::TensorIteratorBase &, const T1 &)::[lambda(int) (instance 1)]>(int, T3)"
:BasicsTransformerLM.layers.3.ln1,PushPop,30,30,1,1,1633,1633.0,1633.0,1633,1633,0.0,"void at::native::vectorized_elementwise_kernel<(int)4, void at::native::<unnamed>::pow_tensor_scalar_kernel_impl<float, float>(at::TensorIteratorBase &, T2)::[lambda(float) (instance 1)], std::array<char *, (unsigned long)2>>(int, T2, T3)"
:BasicsTransformerLM.layers.3.ln1,PushPop,30,30,1,1,1088,1088.0,1088.0,1088,1088,0.0,"void at::native::vectorized_elementwise_kernel<(int)4, at::native::CUDAFunctorOnSelf_add<float>, std::array<char *, (unsigned long)2>>(int, T2, T3)"
:BasicsTransformerLM.layers.3.ln1,PushPop,30,30,1,1,1025,1025.0,1025.0,1025,1025,0.0,"void at::native::vectorized_elementwise_kernel<(int)4, at::native::rsqrt_kernel_cuda(at::TensorIteratorBase &)::[lambda() (instance 2)]::operator ()() const::[lambda() (instance 2)]::operator ()() const::[lambda(float) (instance 1)], std::array<char *, (unsigned long)2>>(int, T2, T3)"
:BasicsTransformerLM.layers.3.ln2,PushPop,30,30,1,1,8675,8675.0,8675.0,8675,8675,0.0,"void at::native::reduce_kernel<(int)512, (int)1, at::native::ReduceOp<float, at::native::MeanOps<float, float, float, float>, unsigned int, float, (int)4, (int)4>>(T3)"
:BasicsTransformerLM.layers.3.ln2,PushPop,30,30,1,2,5057,2528.5,2528.5,2401,2656,180.3,"void at::native::elementwise_kernel<(int)128, (int)2, void at::native::gpu_kernel_impl_nocast<at::native::BinaryFunctor<float, float, float, at::native::binary_internal::MulFunctor<float>>>(at::TensorIteratorBase &, const T1 &)::[lambda(int) (instance 1)]>(int, T3)"
:BasicsTransformerLM.layers.3.ln2,PushPop,30,30,1,1,1664,1664.0,1664.0,1664,1664,0.0,"void at::native::vectorized_elementwise_kernel<(int)4, void at::native::<unnamed>::pow_tensor_scalar_kernel_impl<float, float>(at::TensorIteratorBase &, T2)::[lambda(float) (instance 1)], std::array<char *, (unsigned long)2>>(int, T2, T3)"
:BasicsTransformerLM.layers.3.ln2,PushPop,30,30,1,1,1121,1121.0,1121.0,1121,1121,0.0,"void at::native::vectorized_elementwise_kernel<(int)4, at::native::CUDAFunctorOnSelf_add<float>, std::array<char *, (unsigned long)2>>(int, T2, T3)"
:BasicsTransformerLM.layers.3.ln2,PushPop,30,30,1,1,1056,1056.0,1056.0,1056,1056,0.0,"void at::native::vectorized_elementwise_kernel<(int)4, at::native::rsqrt_kernel_cuda(at::TensorIteratorBase &)::[lambda() (instance 2)]::operator ()() const::[lambda() (instance 2)]::operator ()() const::[lambda(float) (instance 1)], std::array<char *, (unsigned long)2>>(int, T2, T3)"
:BasicsTransformerLM.layers.30,PushPop,30,30,1,8,941041,117630.1,70631.0,5218,278906,90454.5,cutlass3x_sm100_simt_sgemm_f32_f32_f32_f32_f32_64x32x16_1x1x1_3_tnn_align1_bias_f32_relu
:BasicsTransformerLM.layers.30,PushPop,30,30,1,12,26631,2219.3,2176.5,1920,2817,315.3,"void at::native::elementwise_kernel<(int)128, (int)2, void at::native::gpu_kernel_impl_nocast<at::native::BinaryFunctor<float, float, float, at::native::binary_internal::MulFunctor<float>>>(at::TensorIteratorBase &, const T1 &)::[lambda(int) (instance 1)]>(int, T3)"
:BasicsTransformerLM.layers.30,PushPop,30,30,1,2,16837,8418.5,8418.5,8258,8579,227.0,"void at::native::reduce_kernel<(int)512, (int)1, at::native::ReduceOp<float, at::native::MeanOps<float, float, float, float>, unsigned int, float, (int)4, (int)4>>(T3)"
:BasicsTransformerLM.layers.30,PushPop,30,30,1,6,10882,1813.7,1696.5,1536,2241,296.8,"void at::native::vectorized_elementwise_kernel<(int)4, at::native::CUDAFunctor_add<float>, std::array<char *, (unsigned long)3>>(int, T2, T3)"
:BasicsTransformerLM.layers.30,PushPop,30,30,1,2,8612,4306.0,4306.0,4194,4418,158.4,"void at::native::<unnamed>::CatArrayBatchedCopy<at::native::<unnamed>::OpaqueType<(unsigned int)4>, unsigned int, (int)4, (int)64, (int)64>(T1 *, at::native::<unnamed>::CatArrInputTensorMetadata<T1, T2, T4, T5>, at::native::<unnamed>::TensorSizeStride<T2, (unsigned int)4>, int, T2)"
:BasicsTransformerLM.layers.30,PushPop,30,30,1,1,6786,6786.0,6786.0,6786,6786,0.0,cutlass3x_sm100_simt_sgemm_f32_f32_f32_f32_f32_64x32x16_1x1x1_3_nnn_align1_bias_f32_relu
:BasicsTransformerLM.layers.30,PushPop,30,30,1,2,5954,2977.0,2977.0,2753,3201,316.8,"void at::native::vectorized_elementwise_kernel<(int)4, at::native::BinaryFunctor<float, float, float, at::native::binary_internal::MulFunctor<float>>, std::array<char *, (unsigned long)3>>(int, T2, T3)"
:BasicsTransformerLM.layers.30,PushPop,30,30,1,1,4065,4065.0,4065.0,4065,4065,0.0,"void at::native::reduce_kernel<(int)512, (int)1, at::native::ReduceOp<float, at::native::MaxOps<float>, unsigned int, float, (int)4, (int)4>>(T3)"
:BasicsTransformerLM.layers.30,PushPop,30,30,1,1,3425,3425.0,3425.0,3425,3425,0.0,"void at::native::elementwise_kernel<(int)128, (int)2, void at::native::gpu_kernel_impl_nocast<at::native::BinaryFunctor<float, float, float, at::native::binary_internal::DivFunctor<float>>>(at::TensorIteratorBase &, const T1 &)::[lambda(int) (instance 1)]>(int, T3)"
:BasicsTransformerLM.layers.30,PushPop,30,30,1,2,3265,1632.5,1632.5,1632,1633,0.7,"void at::native::vectorized_elementwise_kernel<(int)4, void at::native::<unnamed>::pow_tensor_scalar_kernel_impl<float, float>(at::TensorIteratorBase &, T2)::[lambda(float) (instance 1)], std::array<char *, (unsigned long)2>>(int, T2, T3)"
:BasicsTransformerLM.layers.30,PushPop,30,30,1,1,3169,3169.0,3169.0,3169,3169,0.0,"void at::native::elementwise_kernel<(int)128, (int)2, void at::native::gpu_kernel_impl_nocast<at::native::<unnamed>::where_kernel_impl(at::TensorIterator &)::[lambda() (instance 1)]::operator ()() const::[lambda() (instance 11)]::operator ()() const::[lambda(bool, float, float) (instance 1)]>(at::TensorIteratorBase &, const T1 &)::[lambda(int) (instance 1)]>(int, T3)"
:BasicsTransformerLM.layers.30,PushPop,30,30,1,1,2913,2913.0,2913.0,2913,2913,0.0,"void at::native::vectorized_elementwise_kernel<(int)4, at::native::sigmoid_kernel_cuda(at::TensorIteratorBase &)::[lambda() (instance 2)]::operator ()() const::[lambda() (instance 2)]::operator ()() const::[lambda(float) (instance 1)], std::array<char *, (unsigned long)2>>(int, T2, T3)"
:BasicsTransformerLM.layers.30,PushPop,30,30,1,1,2881,2881.0,2881.0,2881,2881,0.0,"void at::native::elementwise_kernel<(int)128, (int)2, void at::native::gpu_kernel_impl_nocast<at::native::CUDAFunctor_add<float>>(at::TensorIteratorBase &, const T1 &)::[lambda(int) (instance 1)]>(int, T3)"
:BasicsTransformerLM.layers.30,PushPop,30,30,1,1,2849,2849.0,2849.0,2849,2849,0.0,"void at::native::reduce_kernel<(int)512, (int)1, at::native::ReduceOp<float, at::native::func_wrapper_t<float, at::native::sum_functor<float, float, float>::operator ()(at::TensorIterator &)::[lambda(float, float) (instance 1)]>, unsigned int, float, (int)4, (int)4>>(T3)"
:BasicsTransformerLM.layers.30,PushPop,30,30,1,2,2720,1360.0,1360.0,1216,1504,203.6,"void at::native::vectorized_elementwise_kernel<(int)4, at::native::CUDAFunctorOnSelf_add<float>, std::array<char *, (unsigned long)2>>(int, T2, T3)"
:BasicsTransformerLM.layers.30,PushPop,30,30,1,1,2561,2561.0,2561.0,2561,2561,0.0,"void at::native::elementwise_kernel<(int)128, (int)2, void at::native::gpu_kernel_impl_nocast<at::native::direct_copy_kernel_cuda(at::TensorIteratorBase &)::[lambda() (instance 3)]::operator ()() const::[lambda() (instance 7)]::operator ()() const::[lambda(float) (instance 1)]>(at::TensorIteratorBase &, const T1 &)::[lambda(int) (instance 1)]>(int, T3)"
:BasicsTransformerLM.layers.30,PushPop,30,30,1,2,2528,1264.0,1264.0,1184,1344,113.1,"void at::native::vectorized_elementwise_kernel<(int)4, at::native::rsqrt_kernel_cuda(at::TensorIteratorBase &)::[lambda() (instance 2)]::operator ()() const::[lambda() (instance 2)]::operator ()() const::[lambda(float) (instance 1)], std::array<char *, (unsigned long)2>>(int, T2, T3)"
:BasicsTransformerLM.layers.30,PushPop,30,30,1,1,2145,2145.0,2145.0,2145,2145,0.0,"void at::native::elementwise_kernel<(int)128, (int)4, void at::native::gpu_kernel_impl_nocast<at::native::<unnamed>::CompareFunctor<long>>(at::TensorIteratorBase &, const T1 &)::[lambda(int) (instance 1)]>(int, T3)"
:BasicsTransformerLM.layers.30,PushPop,30,30,1,1,1889,1889.0,1889.0,1889,1889,0.0,"void at::native::vectorized_elementwise_kernel<(int)4, at::native::BUnaryFunctor<float, float, float, at::native::binary_internal::MulFunctor<float>>, std::array<char *, (unsigned long)2>>(int, T2, T3)"
:BasicsTransformerLM.layers.30,PushPop,30,30,1,1,1856,1856.0,1856.0,1856,1856,0.0,"void at::native::vectorized_elementwise_kernel<(int)4, at::native::exp_kernel_cuda(at::TensorIteratorBase &)::[lambda() (instance 2)]::operator ()() const::[lambda() (instance 2)]::operator ()() const::[lambda(float) (instance 1)], std::array<char *, (unsigned long)2>>(int, T2, T3)"
:BasicsTransformerLM.layers.30,PushPop,30,30,1,1,864,864.0,864.0,864,864,0.0,"void <unnamed>::elementwise_kernel_with_index<int, at::native::arange_cuda_out(const c10::Scalar &, const c10::Scalar &, const c10::Scalar &, at::Tensor &)::[lambda() (instance 1)]::operator ()() const::[lambda() (instance 4)]::operator ()() const::[lambda(long) (instance 1)]>(T1, T2, function_traits<T2>::result_type *)"
:BasicsTransformerLM.layers.30,PushPop,30,30,1,1,800,800.0,800.0,800,800,0.0,"void at::native::vectorized_elementwise_kernel<(int)4, at::native::FillFunctor<float>, std::array<char *, (unsigned long)1>>(int, T2, T3)"
:BasicsTransformerLM.layers.30.attn,PushPop,30,30,1,5,287261,57452.2,70583.0,5218,70647,29200.4,cutlass3x_sm100_simt_sgemm_f32_f32_f32_f32_f32_64x32x16_1x1x1_3_tnn_align1_bias_f32_relu
:BasicsTransformerLM.layers.30.attn,PushPop,30,30,1,8,16772,2096.5,1921.0,1920,2817,313.7,"void at::native::elementwise_kernel<(int)128, (int)2, void at::native::gpu_kernel_impl_nocast<at::native::BinaryFunctor<float, float, float, at::native::binary_internal::MulFunctor<float>>>(at::TensorIteratorBase &, const T1 &)::[lambda(int) (instance 1)]>(int, T3)"
:BasicsTransformerLM.layers.30.attn,PushPop,30,30,1,2,8612,4306.0,4306.0,4194,4418,158.4,"void at::native::<unnamed>::CatArrayBatchedCopy<at::native::<unnamed>::OpaqueType<(unsigned int)4>, unsigned int, (int)4, (int)64, (int)64>(T1 *, at::native::<unnamed>::CatArrInputTensorMetadata<T1, T2, T4, T5>, at::native::<unnamed>::TensorSizeStride<T2, (unsigned int)4>, int, T2)"
:BasicsTransformerLM.layers.30.attn,PushPop,30,30,1,1,6786,6786.0,6786.0,6786,6786,0.0,cutlass3x_sm100_simt_sgemm_f32_f32_f32_f32_f32_64x32x16_1x1x1_3_nnn_align1_bias_f32_relu
:BasicsTransformerLM.layers.30.attn,PushPop,30,30,1,4,6529,1632.3,1600.0,1536,1793,111.3,"void at::native::vectorized_elementwise_kernel<(int)4, at::native::CUDAFunctor_add<float>, std::array<char *, (unsigned long)3>>(int, T2, T3)"
:BasicsTransformerLM.layers.30.attn,PushPop,30,30,1,1,4065,4065.0,4065.0,4065,4065,0.0,"void at::native::reduce_kernel<(int)512, (int)1, at::native::ReduceOp<float, at::native::MaxOps<float>, unsigned int, float, (int)4, (int)4>>(T3)"
:BasicsTransformerLM.layers.30.attn,PushPop,30,30,1,1,3425,3425.0,3425.0,3425,3425,0.0,"void at::native::elementwise_kernel<(int)128, (int)2, void at::native::gpu_kernel_impl_nocast<at::native::BinaryFunctor<float, float, float, at::native::binary_internal::DivFunctor<float>>>(at::TensorIteratorBase &, const T1 &)::[lambda(int) (instance 1)]>(int, T3)"
:BasicsTransformerLM.layers.30.attn,PushPop,30,30,1,1,3169,3169.0,3169.0,3169,3169,0.0,"void at::native::elementwise_kernel<(int)128, (int)2, void at::native::gpu_kernel_impl_nocast<at::native::<unnamed>::where_kernel_impl(at::TensorIterator &)::[lambda() (instance 1)]::operator ()() const::[lambda() (instance 11)]::operator ()() const::[lambda(bool, float, float) (instance 1)]>(at::TensorIteratorBase &, const T1 &)::[lambda(int) (instance 1)]>(int, T3)"
:BasicsTransformerLM.layers.30.attn,PushPop,30,30,1,1,2881,2881.0,2881.0,2881,2881,0.0,"void at::native::elementwise_kernel<(int)128, (int)2, void at::native::gpu_kernel_impl_nocast<at::native::CUDAFunctor_add<float>>(at::TensorIteratorBase &, const T1 &)::[lambda(int) (instance 1)]>(int, T3)"
:BasicsTransformerLM.layers.30.attn,PushPop,30,30,1,1,2849,2849.0,2849.0,2849,2849,0.0,"void at::native::reduce_kernel<(int)512, (int)1, at::native::ReduceOp<float, at::native::func_wrapper_t<float, at::native::sum_functor<float, float, float>::operator ()(at::TensorIterator &)::[lambda(float, float) (instance 1)]>, unsigned int, float, (int)4, (int)4>>(T3)"
:BasicsTransformerLM.layers.30.attn,PushPop,30,30,1,1,2561,2561.0,2561.0,2561,2561,0.0,"void at::native::elementwise_kernel<(int)128, (int)2, void at::native::gpu_kernel_impl_nocast<at::native::direct_copy_kernel_cuda(at::TensorIteratorBase &)::[lambda() (instance 3)]::operator ()() const::[lambda() (instance 7)]::operator ()() const::[lambda(float) (instance 1)]>(at::TensorIteratorBase &, const T1 &)::[lambda(int) (instance 1)]>(int, T3)"
:BasicsTransformerLM.layers.30.attn,PushPop,30,30,1,1,2145,2145.0,2145.0,2145,2145,0.0,"void at::native::elementwise_kernel<(int)128, (int)4, void at::native::gpu_kernel_impl_nocast<at::native::<unnamed>::CompareFunctor<long>>(at::TensorIteratorBase &, const T1 &)::[lambda(int) (instance 1)]>(int, T3)"
:BasicsTransformerLM.layers.30.attn,PushPop,30,30,1,1,1889,1889.0,1889.0,1889,1889,0.0,"void at::native::vectorized_elementwise_kernel<(int)4, at::native::BUnaryFunctor<float, float, float, at::native::binary_internal::MulFunctor<float>>, std::array<char *, (unsigned long)2>>(int, T2, T3)"
:BasicsTransformerLM.layers.30.attn,PushPop,30,30,1,1,1856,1856.0,1856.0,1856,1856,0.0,"void at::native::vectorized_elementwise_kernel<(int)4, at::native::exp_kernel_cuda(at::TensorIteratorBase &)::[lambda() (instance 2)]::operator ()() const::[lambda() (instance 2)]::operator ()() const::[lambda(float) (instance 1)], std::array<char *, (unsigned long)2>>(int, T2, T3)"
:BasicsTransformerLM.layers.30.attn,PushPop,30,30,1,1,864,864.0,864.0,864,864,0.0,"void <unnamed>::elementwise_kernel_with_index<int, at::native::arange_cuda_out(const c10::Scalar &, const c10::Scalar &, const c10::Scalar &, at::Tensor &)::[lambda() (instance 1)]::operator ()() const::[lambda() (instance 4)]::operator ()() const::[lambda(long) (instance 1)]>(T1, T2, function_traits<T2>::result_type *)"
:BasicsTransformerLM.layers.30.attn,PushPop,30,30,1,1,800,800.0,800.0,800,800,0.0,"void at::native::vectorized_elementwise_kernel<(int)4, at::native::FillFunctor<float>, std::array<char *, (unsigned long)1>>(int, T2, T3)"
:BasicsTransformerLM.layers.30.attn.k_proj,PushPop,30,30,1,1,70615,70615.0,70615.0,70615,70615,0.0,cutlass3x_sm100_simt_sgemm_f32_f32_f32_f32_f32_64x32x16_1x1x1_3_tnn_align1_bias_f32_relu
:BasicsTransformerLM.layers.30.attn.output_proj,PushPop,30,30,1,1,70647,70647.0,70647.0,70647,70647,0.0,cutlass3x_sm100_simt_sgemm_f32_f32_f32_f32_f32_64x32x16_1x1x1_3_tnn_align1_bias_f32_relu
:BasicsTransformerLM.layers.30.attn.q_proj,PushPop,30,30,1,1,70198,70198.0,70198.0,70198,70198,0.0,cutlass3x_sm100_simt_sgemm_f32_f32_f32_f32_f32_64x32x16_1x1x1_3_tnn_align1_bias_f32_relu
:BasicsTransformerLM.layers.30.attn.v_proj,PushPop,30,30,1,1,70583,70583.0,70583.0,70583,70583,0.0,cutlass3x_sm100_simt_sgemm_f32_f32_f32_f32_f32_64x32x16_1x1x1_3_tnn_align1_bias_f32_relu
:BasicsTransformerLM.layers.30.ffn,PushPop,30,30,1,3,653780,217926.7,188029.0,186845,278906,52813.0,cutlass3x_sm100_simt_sgemm_f32_f32_f32_f32_f32_64x32x16_1x1x1_3_tnn_align1_bias_f32_relu
:BasicsTransformerLM.layers.30.ffn,PushPop,30,30,1,2,5954,2977.0,2977.0,2753,3201,316.8,"void at::native::vectorized_elementwise_kernel<(int)4, at::native::BinaryFunctor<float, float, float, at::native::binary_internal::MulFunctor<float>>, std::array<char *, (unsigned long)3>>(int, T2, T3)"
:BasicsTransformerLM.layers.30.ffn,PushPop,30,30,1,1,2913,2913.0,2913.0,2913,2913,0.0,"void at::native::vectorized_elementwise_kernel<(int)4, at::native::sigmoid_kernel_cuda(at::TensorIteratorBase &)::[lambda() (instance 2)]::operator ()() const::[lambda() (instance 2)]::operator ()() const::[lambda(float) (instance 1)], std::array<char *, (unsigned long)2>>(int, T2, T3)"
:BasicsTransformerLM.layers.30.ffn.w1,PushPop,30,30,1,1,188029,188029.0,188029.0,188029,188029,0.0,cutlass3x_sm100_simt_sgemm_f32_f32_f32_f32_f32_64x32x16_1x1x1_3_tnn_align1_bias_f32_relu
:BasicsTransformerLM.layers.30.ffn.w2,PushPop,30,30,1,1,278906,278906.0,278906.0,278906,278906,0.0,cutlass3x_sm100_simt_sgemm_f32_f32_f32_f32_f32_64x32x16_1x1x1_3_tnn_align1_bias_f32_relu
:BasicsTransformerLM.layers.30.ffn.w3,PushPop,30,30,1,1,186845,186845.0,186845.0,186845,186845,0.0,cutlass3x_sm100_simt_sgemm_f32_f32_f32_f32_f32_64x32x16_1x1x1_3_tnn_align1_bias_f32_relu
:BasicsTransformerLM.layers.30.ln1,PushPop,30,30,1,1,8258,8258.0,8258.0,8258,8258,0.0,"void at::native::reduce_kernel<(int)512, (int)1, at::native::ReduceOp<float, at::native::MeanOps<float, float, float, float>, unsigned int, float, (int)4, (int)4>>(T3)"
:BasicsTransformerLM.layers.30.ln1,PushPop,30,30,1,2,4898,2449.0,2449.0,2433,2465,22.6,"void at::native::elementwise_kernel<(int)128, (int)2, void at::native::gpu_kernel_impl_nocast<at::native::BinaryFunctor<float, float, float, at::native::binary_internal::MulFunctor<float>>>(at::TensorIteratorBase &, const T1 &)::[lambda(int) (instance 1)]>(int, T3)"
:BasicsTransformerLM.layers.30.ln1,PushPop,30,30,1,1,1633,1633.0,1633.0,1633,1633,0.0,"void at::native::vectorized_elementwise_kernel<(int)4, void at::native::<unnamed>::pow_tensor_scalar_kernel_impl<float, float>(at::TensorIteratorBase &, T2)::[lambda(float) (instance 1)], std::array<char *, (unsigned long)2>>(int, T2, T3)"
:BasicsTransformerLM.layers.30.ln1,PushPop,30,30,1,1,1216,1216.0,1216.0,1216,1216,0.0,"void at::native::vectorized_elementwise_kernel<(int)4, at::native::CUDAFunctorOnSelf_add<float>, std::array<char *, (unsigned long)2>>(int, T2, T3)"
:BasicsTransformerLM.layers.30.ln1,PushPop,30,30,1,1,1184,1184.0,1184.0,1184,1184,0.0,"void at::native::vectorized_elementwise_kernel<(int)4, at::native::rsqrt_kernel_cuda(at::TensorIteratorBase &)::[lambda() (instance 2)]::operator ()() const::[lambda() (instance 2)]::operator ()() const::[lambda(float) (instance 1)], std::array<char *, (unsigned long)2>>(int, T2, T3)"
:BasicsTransformerLM.layers.30.ln2,PushPop,30,30,1,1,8579,8579.0,8579.0,8579,8579,0.0,"void at::native::reduce_kernel<(int)512, (int)1, at::native::ReduceOp<float, at::native::MeanOps<float, float, float, float>, unsigned int, float, (int)4, (int)4>>(T3)"
:BasicsTransformerLM.layers.30.ln2,PushPop,30,30,1,2,4961,2480.5,2480.5,2336,2625,204.4,"void at::native::elementwise_kernel<(int)128, (int)2, void at::native::gpu_kernel_impl_nocast<at::native::BinaryFunctor<float, float, float, at::native::binary_internal::MulFunctor<float>>>(at::TensorIteratorBase &, const T1 &)::[lambda(int) (instance 1)]>(int, T3)"
:BasicsTransformerLM.layers.30.ln2,PushPop,30,30,1,1,1632,1632.0,1632.0,1632,1632,0.0,"void at::native::vectorized_elementwise_kernel<(int)4, void at::native::<unnamed>::pow_tensor_scalar_kernel_impl<float, float>(at::TensorIteratorBase &, T2)::[lambda(float) (instance 1)], std::array<char *, (unsigned long)2>>(int, T2, T3)"
:BasicsTransformerLM.layers.30.ln2,PushPop,30,30,1,1,1504,1504.0,1504.0,1504,1504,0.0,"void at::native::vectorized_elementwise_kernel<(int)4, at::native::CUDAFunctorOnSelf_add<float>, std::array<char *, (unsigned long)2>>(int, T2, T3)"
:BasicsTransformerLM.layers.30.ln2,PushPop,30,30,1,1,1344,1344.0,1344.0,1344,1344,0.0,"void at::native::vectorized_elementwise_kernel<(int)4, at::native::rsqrt_kernel_cuda(at::TensorIteratorBase &)::[lambda() (instance 2)]::operator ()() const::[lambda() (instance 2)]::operator ()() const::[lambda(float) (instance 1)], std::array<char *, (unsigned long)2>>(int, T2, T3)"
:BasicsTransformerLM.layers.31,PushPop,30,30,1,8,940849,117606.1,70967.0,5282,278586,90387.6,cutlass3x_sm100_simt_sgemm_f32_f32_f32_f32_f32_64x32x16_1x1x1_3_tnn_align1_bias_f32_relu
:BasicsTransformerLM.layers.31,PushPop,30,30,1,12,26473,2206.1,2241.0,1888,2593,289.9,"void at::native::elementwise_kernel<(int)128, (int)2, void at::native::gpu_kernel_impl_nocast<at::native::BinaryFunctor<float, float, float, at::native::binary_internal::MulFunctor<float>>>(at::TensorIteratorBase &, const T1 &)::[lambda(int) (instance 1)]>(int, T3)"
:BasicsTransformerLM.layers.31,PushPop,30,30,1,2,16709,8354.5,8354.5,8291,8418,89.8,"void at::native::reduce_kernel<(int)512, (int)1, at::native::ReduceOp<float, at::native::MeanOps<float, float, float, float>, unsigned int, float, (int)4, (int)4>>(T3)"
:BasicsTransformerLM.layers.31,PushPop,30,30,1,6,10562,1760.3,1680.0,1472,2337,314.0,"void at::native::vectorized_elementwise_kernel<(int)4, at::native::CUDAFunctor_add<float>, std::array<char *, (unsigned long)3>>(int, T2, T3)"
:BasicsTransformerLM.layers.31,PushPop,30,30,1,2,8610,4305.0,4305.0,4161,4449,203.6,"void at::native::<unnamed>::CatArrayBatchedCopy<at::native::<unnamed>::OpaqueType<(unsigned int)4>, unsigned int, (int)4, (int)64, (int)64>(T1 *, at::native::<unnamed>::CatArrInputTensorMetadata<T1, T2, T4, T5>, at::native::<unnamed>::TensorSizeStride<T2, (unsigned int)4>, int, T2)"
:BasicsTransformerLM.layers.31,PushPop,30,30,1,1,6722,6722.0,6722.0,6722,6722,0.0,cutlass3x_sm100_simt_sgemm_f32_f32_f32_f32_f32_64x32x16_1x1x1_3_nnn_align1_bias_f32_relu
:BasicsTransformerLM.layers.31,PushPop,30,30,1,2,5730,2865.0,2865.0,2561,3169,429.9,"void at::native::vectorized_elementwise_kernel<(int)4, at::native::BinaryFunctor<float, float, float, at::native::binary_internal::MulFunctor<float>>, std::array<char *, (unsigned long)3>>(int, T2, T3)"
:BasicsTransformerLM.layers.31,PushPop,30,30,1,1,4258,4258.0,4258.0,4258,4258,0.0,"void at::native::reduce_kernel<(int)512, (int)1, at::native::ReduceOp<float, at::native::MaxOps<float>, unsigned int, float, (int)4, (int)4>>(T3)"
:BasicsTransformerLM.layers.31,PushPop,30,30,1,1,3425,3425.0,3425.0,3425,3425,0.0,"void at::native::elementwise_kernel<(int)128, (int)2, void at::native::gpu_kernel_impl_nocast<at::native::BinaryFunctor<float, float, float, at::native::binary_internal::DivFunctor<float>>>(at::TensorIteratorBase &, const T1 &)::[lambda(int) (instance 1)]>(int, T3)"
:BasicsTransformerLM.layers.31,PushPop,30,30,1,1,3329,3329.0,3329.0,3329,3329,0.0,"void at::native::elementwise_kernel<(int)128, (int)2, void at::native::gpu_kernel_impl_nocast<at::native::<unnamed>::where_kernel_impl(at::TensorIterator &)::[lambda() (instance 1)]::operator ()() const::[lambda() (instance 11)]::operator ()() const::[lambda(bool, float, float) (instance 1)]>(at::TensorIteratorBase &, const T1 &)::[lambda(int) (instance 1)]>(int, T3)"
:BasicsTransformerLM.layers.31,PushPop,30,30,1,2,3266,1633.0,1633.0,1633,1633,0.0,"void at::native::vectorized_elementwise_kernel<(int)4, void at::native::<unnamed>::pow_tensor_scalar_kernel_impl<float, float>(at::TensorIteratorBase &, T2)::[lambda(float) (instance 1)], std::array<char *, (unsigned long)2>>(int, T2, T3)"
:BasicsTransformerLM.layers.31,PushPop,30,30,1,1,2977,2977.0,2977.0,2977,2977,0.0,"void at::native::elementwise_kernel<(int)128, (int)2, void at::native::gpu_kernel_impl_nocast<at::native::CUDAFunctor_add<float>>(at::TensorIteratorBase &, const T1 &)::[lambda(int) (instance 1)]>(int, T3)"
:BasicsTransformerLM.layers.31,PushPop,30,30,1,1,2945,2945.0,2945.0,2945,2945,0.0,"void at::native::vectorized_elementwise_kernel<(int)4, at::native::sigmoid_kernel_cuda(at::TensorIteratorBase &)::[lambda() (instance 2)]::operator ()() const::[lambda() (instance 2)]::operator ()() const::[lambda(float) (instance 1)], std::array<char *, (unsigned long)2>>(int, T2, T3)"
:BasicsTransformerLM.layers.31,PushPop,30,30,1,1,2785,2785.0,2785.0,2785,2785,0.0,"void at::native::reduce_kernel<(int)512, (int)1, at::native::ReduceOp<float, at::native::func_wrapper_t<float, at::native::sum_functor<float, float, float>::operator ()(at::TensorIterator &)::[lambda(float, float) (instance 1)]>, unsigned int, float, (int)4, (int)4>>(T3)"
:BasicsTransformerLM.layers.31,PushPop,30,30,1,1,2561,2561.0,2561.0,2561,2561,0.0,"void at::native::elementwise_kernel<(int)128, (int)2, void at::native::gpu_kernel_impl_nocast<at::native::direct_copy_kernel_cuda(at::TensorIteratorBase &)::[lambda() (instance 3)]::operator ()() const::[lambda() (instance 7)]::operator ()() const::[lambda(float) (instance 1)]>(at::TensorIteratorBase &, const T1 &)::[lambda(int) (instance 1)]>(int, T3)"
:BasicsTransformerLM.layers.31,PushPop,30,30,1,2,2497,1248.5,1248.5,992,1505,362.7,"void at::native::vectorized_elementwise_kernel<(int)4, at::native::rsqrt_kernel_cuda(at::TensorIteratorBase &)::[lambda() (instance 2)]::operator ()() const::[lambda() (instance 2)]::operator ()() const::[lambda(float) (instance 1)], std::array<char *, (unsigned long)2>>(int, T2, T3)"
:BasicsTransformerLM.layers.31,PushPop,30,30,1,2,2432,1216.0,1216.0,1088,1344,181.0,"void at::native::vectorized_elementwise_kernel<(int)4, at::native::CUDAFunctorOnSelf_add<float>, std::array<char *, (unsigned long)2>>(int, T2, T3)"
:BasicsTransformerLM.layers.31,PushPop,30,30,1,1,2368,2368.0,2368.0,2368,2368,0.0,"void at::native::elementwise_kernel<(int)128, (int)4, void at::native::gpu_kernel_impl_nocast<at::native::<unnamed>::CompareFunctor<long>>(at::TensorIteratorBase &, const T1 &)::[lambda(int) (instance 1)]>(int, T3)"
:BasicsTransformerLM.layers.31,PushPop,30,30,1,1,2017,2017.0,2017.0,2017,2017,0.0,"void at::native::vectorized_elementwise_kernel<(int)4, at::native::BUnaryFunctor<float, float, float, at::native::binary_internal::MulFunctor<float>>, std::array<char *, (unsigned long)2>>(int, T2, T3)"
:BasicsTransformerLM.layers.31,PushPop,30,30,1,1,1921,1921.0,1921.0,1921,1921,0.0,"void at::native::vectorized_elementwise_kernel<(int)4, at::native::exp_kernel_cuda(at::TensorIteratorBase &)::[lambda() (instance 2)]::operator ()() const::[lambda() (instance 2)]::operator ()() const::[lambda(float) (instance 1)], std::array<char *, (unsigned long)2>>(int, T2, T3)"
:BasicsTransformerLM.layers.31,PushPop,30,30,1,1,800,800.0,800.0,800,800,0.0,"void at::native::vectorized_elementwise_kernel<(int)4, at::native::FillFunctor<float>, std::array<char *, (unsigned long)1>>(int, T2, T3)"
:BasicsTransformerLM.layers.31,PushPop,30,30,1,1,736,736.0,736.0,736,736,0.0,"void <unnamed>::elementwise_kernel_with_index<int, at::native::arange_cuda_out(const c10::Scalar &, const c10::Scalar &, const c10::Scalar &, at::Tensor &)::[lambda() (instance 1)]::operator ()() const::[lambda() (instance 4)]::operator ()() const::[lambda(long) (instance 1)]>(T1, T2, function_traits<T2>::result_type *)"
:BasicsTransformerLM.layers.31.attn,PushPop,30,30,1,5,287229,57445.8,70231.0,5282,71095,29165.0,cutlass3x_sm100_simt_sgemm_f32_f32_f32_f32_f32_64x32x16_1x1x1_3_tnn_align1_bias_f32_relu
:BasicsTransformerLM.layers.31.attn,PushPop,30,30,1,8,16551,2068.9,1921.0,1888,2561,252.6,"void at::native::elementwise_kernel<(int)128, (int)2, void at::native::gpu_kernel_impl_nocast<at::native::BinaryFunctor<float, float, float, at::native::binary_internal::MulFunctor<float>>>(at::TensorIteratorBase &, const T1 &)::[lambda(int) (instance 1)]>(int, T3)"
:BasicsTransformerLM.layers.31.attn,PushPop,30,30,1,2,8610,4305.0,4305.0,4161,4449,203.6,"void at::native::<unnamed>::CatArrayBatchedCopy<at::native::<unnamed>::OpaqueType<(unsigned int)4>, unsigned int, (int)4, (int)64, (int)64>(T1 *, at::native::<unnamed>::CatArrInputTensorMetadata<T1, T2, T4, T5>, at::native::<unnamed>::TensorSizeStride<T2, (unsigned int)4>, int, T2)"
:BasicsTransformerLM.layers.31.attn,PushPop,30,30,1,1,6722,6722.0,6722.0,6722,6722,0.0,cutlass3x_sm100_simt_sgemm_f32_f32_f32_f32_f32_64x32x16_1x1x1_3_nnn_align1_bias_f32_relu
:BasicsTransformerLM.layers.31.attn,PushPop,30,30,1,4,6368,1592.0,1584.0,1472,1728,112.0,"void at::native::vectorized_elementwise_kernel<(int)4, at::native::CUDAFunctor_add<float>, std::array<char *, (unsigned long)3>>(int, T2, T3)"
:BasicsTransformerLM.layers.31.attn,PushPop,30,30,1,1,4258,4258.0,4258.0,4258,4258,0.0,"void at::native::reduce_kernel<(int)512, (int)1, at::native::ReduceOp<float, at::native::MaxOps<float>, unsigned int, float, (int)4, (int)4>>(T3)"
:BasicsTransformerLM.layers.31.attn,PushPop,30,30,1,1,3425,3425.0,3425.0,3425,3425,0.0,"void at::native::elementwise_kernel<(int)128, (int)2, void at::native::gpu_kernel_impl_nocast<at::native::BinaryFunctor<float, float, float, at::native::binary_internal::DivFunctor<float>>>(at::TensorIteratorBase &, const T1 &)::[lambda(int) (instance 1)]>(int, T3)"
:BasicsTransformerLM.layers.31.attn,PushPop,30,30,1,1,3329,3329.0,3329.0,3329,3329,0.0,"void at::native::elementwise_kernel<(int)128, (int)2, void at::native::gpu_kernel_impl_nocast<at::native::<unnamed>::where_kernel_impl(at::TensorIterator &)::[lambda() (instance 1)]::operator ()() const::[lambda() (instance 11)]::operator ()() const::[lambda(bool, float, float) (instance 1)]>(at::TensorIteratorBase &, const T1 &)::[lambda(int) (instance 1)]>(int, T3)"
:BasicsTransformerLM.layers.31.attn,PushPop,30,30,1,1,2977,2977.0,2977.0,2977,2977,0.0,"void at::native::elementwise_kernel<(int)128, (int)2, void at::native::gpu_kernel_impl_nocast<at::native::CUDAFunctor_add<float>>(at::TensorIteratorBase &, const T1 &)::[lambda(int) (instance 1)]>(int, T3)"
:BasicsTransformerLM.layers.31.attn,PushPop,30,30,1,1,2785,2785.0,2785.0,2785,2785,0.0,"void at::native::reduce_kernel<(int)512, (int)1, at::native::ReduceOp<float, at::native::func_wrapper_t<float, at::native::sum_functor<float, float, float>::operator ()(at::TensorIterator &)::[lambda(float, float) (instance 1)]>, unsigned int, float, (int)4, (int)4>>(T3)"
:BasicsTransformerLM.layers.31.attn,PushPop,30,30,1,1,2561,2561.0,2561.0,2561,2561,0.0,"void at::native::elementwise_kernel<(int)128, (int)2, void at::native::gpu_kernel_impl_nocast<at::native::direct_copy_kernel_cuda(at::TensorIteratorBase &)::[lambda() (instance 3)]::operator ()() const::[lambda() (instance 7)]::operator ()() const::[lambda(float) (instance 1)]>(at::TensorIteratorBase &, const T1 &)::[lambda(int) (instance 1)]>(int, T3)"
:BasicsTransformerLM.layers.31.attn,PushPop,30,30,1,1,2368,2368.0,2368.0,2368,2368,0.0,"void at::native::elementwise_kernel<(int)128, (int)4, void at::native::gpu_kernel_impl_nocast<at::native::<unnamed>::CompareFunctor<long>>(at::TensorIteratorBase &, const T1 &)::[lambda(int) (instance 1)]>(int, T3)"
:BasicsTransformerLM.layers.31.attn,PushPop,30,30,1,1,2017,2017.0,2017.0,2017,2017,0.0,"void at::native::vectorized_elementwise_kernel<(int)4, at::native::BUnaryFunctor<float, float, float, at::native::binary_internal::MulFunctor<float>>, std::array<char *, (unsigned long)2>>(int, T2, T3)"
:BasicsTransformerLM.layers.31.attn,PushPop,30,30,1,1,1921,1921.0,1921.0,1921,1921,0.0,"void at::native::vectorized_elementwise_kernel<(int)4, at::native::exp_kernel_cuda(at::TensorIteratorBase &)::[lambda() (instance 2)]::operator ()() const::[lambda() (instance 2)]::operator ()() const::[lambda(float) (instance 1)], std::array<char *, (unsigned long)2>>(int, T2, T3)"
:BasicsTransformerLM.layers.31.attn,PushPop,30,30,1,1,800,800.0,800.0,800,800,0.0,"void at::native::vectorized_elementwise_kernel<(int)4, at::native::FillFunctor<float>, std::array<char *, (unsigned long)1>>(int, T2, T3)"
:BasicsTransformerLM.layers.31.attn,PushPop,30,30,1,1,736,736.0,736.0,736,736,0.0,"void <unnamed>::elementwise_kernel_with_index<int, at::native::arange_cuda_out(const c10::Scalar &, const c10::Scalar &, const c10::Scalar &, at::Tensor &)::[lambda() (instance 1)]::operator ()() const::[lambda() (instance 4)]::operator ()() const::[lambda(long) (instance 1)]>(T1, T2, function_traits<T2>::result_type *)"
:BasicsTransformerLM.layers.31.attn.k_proj,PushPop,30,30,1,1,69782,69782.0,69782.0,69782,69782,0.0,cutlass3x_sm100_simt_sgemm_f32_f32_f32_f32_f32_64x32x16_1x1x1_3_tnn_align1_bias_f32_relu
:BasicsTransformerLM.layers.31.attn.output_proj,PushPop,30,30,1,1,71095,71095.0,71095.0,71095,71095,0.0,cutlass3x_sm100_simt_sgemm_f32_f32_f32_f32_f32_64x32x16_1x1x1_3_tnn_align1_bias_f32_relu
:BasicsTransformerLM.layers.31.attn.q_proj,PushPop,30,30,1,1,70231,70231.0,70231.0,70231,70231,0.0,cutlass3x_sm100_simt_sgemm_f32_f32_f32_f32_f32_64x32x16_1x1x1_3_tnn_align1_bias_f32_relu
:BasicsTransformerLM.layers.31.attn.v_proj,PushPop,30,30,1,1,70839,70839.0,70839.0,70839,70839,0.0,cutlass3x_sm100_simt_sgemm_f32_f32_f32_f32_f32_64x32x16_1x1x1_3_tnn_align1_bias_f32_relu
:BasicsTransformerLM.layers.31.ffn,PushPop,30,30,1,3,653620,217873.3,188285.0,186749,278586,52584.3,cutlass3x_sm100_simt_sgemm_f32_f32_f32_f32_f32_64x32x16_1x1x1_3_tnn_align1_bias_f32_relu
:BasicsTransformerLM.layers.31.ffn,PushPop,30,30,1,2,5730,2865.0,2865.0,2561,3169,429.9,"void at::native::vectorized_elementwise_kernel<(int)4, at::native::BinaryFunctor<float, float, float, at::native::binary_internal::MulFunctor<float>>, std::array<char *, (unsigned long)3>>(int, T2, T3)"
:BasicsTransformerLM.layers.31.ffn,PushPop,30,30,1,1,2945,2945.0,2945.0,2945,2945,0.0,"void at::native::vectorized_elementwise_kernel<(int)4, at::native::sigmoid_kernel_cuda(at::TensorIteratorBase &)::[lambda() (instance 2)]::operator ()() const::[lambda() (instance 2)]::operator ()() const::[lambda(float) (instance 1)], std::array<char *, (unsigned long)2>>(int, T2, T3)"
:BasicsTransformerLM.layers.31.ffn.w1,PushPop,30,30,1,1,188285,188285.0,188285.0,188285,188285,0.0,cutlass3x_sm100_simt_sgemm_f32_f32_f32_f32_f32_64x32x16_1x1x1_3_tnn_align1_bias_f32_relu
:BasicsTransformerLM.layers.31.ffn.w2,PushPop,30,30,1,1,278586,278586.0,278586.0,278586,278586,0.0,cutlass3x_sm100_simt_sgemm_f32_f32_f32_f32_f32_64x32x16_1x1x1_3_tnn_align1_bias_f32_relu
:BasicsTransformerLM.layers.31.ffn.w3,PushPop,30,30,1,1,186749,186749.0,186749.0,186749,186749,0.0,cutlass3x_sm100_simt_sgemm_f32_f32_f32_f32_f32_64x32x16_1x1x1_3_tnn_align1_bias_f32_relu
:BasicsTransformerLM.layers.31.ln1,PushPop,30,30,1,1,8291,8291.0,8291.0,8291,8291,0.0,"void at::native::reduce_kernel<(int)512, (int)1, at::native::ReduceOp<float, at::native::MeanOps<float, float, float, float>, unsigned int, float, (int)4, (int)4>>(T3)"
:BasicsTransformerLM.layers.31.ln1,PushPop,30,30,1,2,4865,2432.5,2432.5,2368,2497,91.2,"void at::native::elementwise_kernel<(int)128, (int)2, void at::native::gpu_kernel_impl_nocast<at::native::BinaryFunctor<float, float, float, at::native::binary_internal::MulFunctor<float>>>(at::TensorIteratorBase &, const T1 &)::[lambda(int) (instance 1)]>(int, T3)"
:BasicsTransformerLM.layers.31.ln1,PushPop,30,30,1,1,1633,1633.0,1633.0,1633,1633,0.0,"void at::native::vectorized_elementwise_kernel<(int)4, void at::native::<unnamed>::pow_tensor_scalar_kernel_impl<float, float>(at::TensorIteratorBase &, T2)::[lambda(float) (instance 1)], std::array<char *, (unsigned long)2>>(int, T2, T3)"
:BasicsTransformerLM.layers.31.ln1,PushPop,30,30,1,1,1505,1505.0,1505.0,1505,1505,0.0,"void at::native::vectorized_elementwise_kernel<(int)4, at::native::rsqrt_kernel_cuda(at::TensorIteratorBase &)::[lambda() (instance 2)]::operator ()() const::[lambda() (instance 2)]::operator ()() const::[lambda(float) (instance 1)], std::array<char *, (unsigned long)2>>(int, T2, T3)"
:BasicsTransformerLM.layers.31.ln1,PushPop,30,30,1,1,1344,1344.0,1344.0,1344,1344,0.0,"void at::native::vectorized_elementwise_kernel<(int)4, at::native::CUDAFunctorOnSelf_add<float>, std::array<char *, (unsigned long)2>>(int, T2, T3)"
:BasicsTransformerLM.layers.31.ln2,PushPop,30,30,1,1,8418,8418.0,8418.0,8418,8418,0.0,"void at::native::reduce_kernel<(int)512, (int)1, at::native::ReduceOp<float, at::native::MeanOps<float, float, float, float>, unsigned int, float, (int)4, (int)4>>(T3)"
:BasicsTransformerLM.layers.31.ln2,PushPop,30,30,1,2,5057,2528.5,2528.5,2464,2593,91.2,"void at::native::elementwise_kernel<(int)128, (int)2, void at::native::gpu_kernel_impl_nocast<at::native::BinaryFunctor<float, float, float, at::native::binary_internal::MulFunctor<float>>>(at::TensorIteratorBase &, const T1 &)::[lambda(int) (instance 1)]>(int, T3)"
:BasicsTransformerLM.layers.31.ln2,PushPop,30,30,1,1,1633,1633.0,1633.0,1633,1633,0.0,"void at::native::vectorized_elementwise_kernel<(int)4, void at::native::<unnamed>::pow_tensor_scalar_kernel_impl<float, float>(at::TensorIteratorBase &, T2)::[lambda(float) (instance 1)], std::array<char *, (unsigned long)2>>(int, T2, T3)"
:BasicsTransformerLM.layers.31.ln2,PushPop,30,30,1,1,1088,1088.0,1088.0,1088,1088,0.0,"void at::native::vectorized_elementwise_kernel<(int)4, at::native::CUDAFunctorOnSelf_add<float>, std::array<char *, (unsigned long)2>>(int, T2, T3)"
:BasicsTransformerLM.layers.31.ln2,PushPop,30,30,1,1,992,992.0,992.0,992,992,0.0,"void at::native::vectorized_elementwise_kernel<(int)4, at::native::rsqrt_kernel_cuda(at::TensorIteratorBase &)::[lambda() (instance 2)]::operator ()() const::[lambda() (instance 2)]::operator ()() const::[lambda(float) (instance 1)], std::array<char *, (unsigned long)2>>(int, T2, T3)"
:BasicsTransformerLM.layers.4,PushPop,30,30,1,8,939440,117430.0,70439.0,5282,279098,90458.8,cutlass3x_sm100_simt_sgemm_f32_f32_f32_f32_f32_64x32x16_1x1x1_3_tnn_align1_bias_f32_relu
:BasicsTransformerLM.layers.4,PushPop,30,30,1,12,26888,2240.7,2225.0,1920,2817,317.7,"void at::native::elementwise_kernel<(int)128, (int)2, void at::native::gpu_kernel_impl_nocast<at::native::BinaryFunctor<float, float, float, at::native::binary_internal::MulFunctor<float>>>(at::TensorIteratorBase &, const T1 &)::[lambda(int) (instance 1)]>(int, T3)"
:BasicsTransformerLM.layers.4,PushPop,30,30,1,2,16806,8403.0,8403.0,8387,8419,22.6,"void at::native::reduce_kernel<(int)512, (int)1, at::native::ReduceOp<float, at::native::MeanOps<float, float, float, float>, unsigned int, float, (int)4, (int)4>>(T3)"
:BasicsTransformerLM.layers.4,PushPop,30,30,1,6,10850,1808.3,1792.5,1505,2144,270.5,"void at::native::vectorized_elementwise_kernel<(int)4, at::native::CUDAFunctor_add<float>, std::array<char *, (unsigned long)3>>(int, T2, T3)"
:BasicsTransformerLM.layers.4,PushPop,30,30,1,2,8546,4273.0,4273.0,4161,4385,158.4,"void at::native::<unnamed>::CatArrayBatchedCopy<at::native::<unnamed>::OpaqueType<(unsigned int)4>, unsigned int, (int)4, (int)64, (int)64>(T1 *, at::native::<unnamed>::CatArrInputTensorMetadata<T1, T2, T4, T5>, at::native::<unnamed>::TensorSizeStride<T2, (unsigned int)4>, int, T2)"
:BasicsTransformerLM.layers.4,PushPop,30,30,1,1,6850,6850.0,6850.0,6850,6850,0.0,cutlass3x_sm100_simt_sgemm_f32_f32_f32_f32_f32_64x32x16_1x1x1_3_nnn_align1_bias_f32_relu
:BasicsTransformerLM.layers.4,PushPop,30,30,1,2,5602,2801.0,2801.0,2465,3137,475.2,"void at::native::vectorized_elementwise_kernel<(int)4, at::native::BinaryFunctor<float, float, float, at::native::binary_internal::MulFunctor<float>>, std::array<char *, (unsigned long)3>>(int, T2, T3)"
:BasicsTransformerLM.layers.4,PushPop,30,30,1,1,4033,4033.0,4033.0,4033,4033,0.0,"void at::native::reduce_kernel<(int)512, (int)1, at::native::ReduceOp<float, at::native::MaxOps<float>, unsigned int, float, (int)4, (int)4>>(T3)"
:BasicsTransformerLM.layers.4,PushPop,30,30,1,1,3457,3457.0,3457.0,3457,3457,0.0,"void at::native::elementwise_kernel<(int)128, (int)2, void at::native::gpu_kernel_impl_nocast<at::native::BinaryFunctor<float, float, float, at::native::binary_internal::DivFunctor<float>>>(at::TensorIteratorBase &, const T1 &)::[lambda(int) (instance 1)]>(int, T3)"
:BasicsTransformerLM.layers.4,PushPop,30,30,1,2,3424,1712.0,1712.0,1632,1792,113.1,"void at::native::vectorized_elementwise_kernel<(int)4, void at::native::<unnamed>::pow_tensor_scalar_kernel_impl<float, float>(at::TensorIteratorBase &, T2)::[lambda(float) (instance 1)], std::array<char *, (unsigned long)2>>(int, T2, T3)"
:BasicsTransformerLM.layers.4,PushPop,30,30,1,1,3233,3233.0,3233.0,3233,3233,0.0,"void at::native::elementwise_kernel<(int)128, (int)2, void at::native::gpu_kernel_impl_nocast<at::native::<unnamed>::where_kernel_impl(at::TensorIterator &)::[lambda() (instance 1)]::operator ()() const::[lambda() (instance 11)]::operator ()() const::[lambda(bool, float, float) (instance 1)]>(at::TensorIteratorBase &, const T1 &)::[lambda(int) (instance 1)]>(int, T3)"
:BasicsTransformerLM.layers.4,PushPop,30,30,1,1,2913,2913.0,2913.0,2913,2913,0.0,"void at::native::vectorized_elementwise_kernel<(int)4, at::native::sigmoid_kernel_cuda(at::TensorIteratorBase &)::[lambda() (instance 2)]::operator ()() const::[lambda() (instance 2)]::operator ()() const::[lambda(float) (instance 1)], std::array<char *, (unsigned long)2>>(int, T2, T3)"
:BasicsTransformerLM.layers.4,PushPop,30,30,1,1,2881,2881.0,2881.0,2881,2881,0.0,"void at::native::elementwise_kernel<(int)128, (int)2, void at::native::gpu_kernel_impl_nocast<at::native::CUDAFunctor_add<float>>(at::TensorIteratorBase &, const T1 &)::[lambda(int) (instance 1)]>(int, T3)"
:BasicsTransformerLM.layers.4,PushPop,30,30,1,1,2881,2881.0,2881.0,2881,2881,0.0,"void at::native::reduce_kernel<(int)512, (int)1, at::native::ReduceOp<float, at::native::func_wrapper_t<float, at::native::sum_functor<float, float, float>::operator ()(at::TensorIterator &)::[lambda(float, float) (instance 1)]>, unsigned int, float, (int)4, (int)4>>(T3)"
:BasicsTransformerLM.layers.4,PushPop,30,30,1,1,2560,2560.0,2560.0,2560,2560,0.0,"void at::native::elementwise_kernel<(int)128, (int)2, void at::native::gpu_kernel_impl_nocast<at::native::direct_copy_kernel_cuda(at::TensorIteratorBase &)::[lambda() (instance 3)]::operator ()() const::[lambda() (instance 7)]::operator ()() const::[lambda(float) (instance 1)]>(at::TensorIteratorBase &, const T1 &)::[lambda(int) (instance 1)]>(int, T3)"
:BasicsTransformerLM.layers.4,PushPop,30,30,1,1,2369,2369.0,2369.0,2369,2369,0.0,"void at::native::elementwise_kernel<(int)128, (int)4, void at::native::gpu_kernel_impl_nocast<at::native::<unnamed>::CompareFunctor<long>>(at::TensorIteratorBase &, const T1 &)::[lambda(int) (instance 1)]>(int, T3)"
:BasicsTransformerLM.layers.4,PushPop,30,30,1,2,2210,1105.0,1105.0,1089,1121,22.6,"void at::native::vectorized_elementwise_kernel<(int)4, at::native::CUDAFunctorOnSelf_add<float>, std::array<char *, (unsigned long)2>>(int, T2, T3)"
:BasicsTransformerLM.layers.4,PushPop,30,30,1,2,2176,1088.0,1088.0,1056,1120,45.3,"void at::native::vectorized_elementwise_kernel<(int)4, at::native::rsqrt_kernel_cuda(at::TensorIteratorBase &)::[lambda() (instance 2)]::operator ()() const::[lambda() (instance 2)]::operator ()() const::[lambda(float) (instance 1)], std::array<char *, (unsigned long)2>>(int, T2, T3)"
:BasicsTransformerLM.layers.4,PushPop,30,30,1,1,1921,1921.0,1921.0,1921,1921,0.0,"void at::native::vectorized_elementwise_kernel<(int)4, at::native::exp_kernel_cuda(at::TensorIteratorBase &)::[lambda() (instance 2)]::operator ()() const::[lambda() (instance 2)]::operator ()() const::[lambda(float) (instance 1)], std::array<char *, (unsigned long)2>>(int, T2, T3)"
:BasicsTransformerLM.layers.4,PushPop,30,30,1,1,1856,1856.0,1856.0,1856,1856,0.0,"void at::native::vectorized_elementwise_kernel<(int)4, at::native::BUnaryFunctor<float, float, float, at::native::binary_internal::MulFunctor<float>>, std::array<char *, (unsigned long)2>>(int, T2, T3)"
:BasicsTransformerLM.layers.4,PushPop,30,30,1,1,800,800.0,800.0,800,800,0.0,"void at::native::vectorized_elementwise_kernel<(int)4, at::native::FillFunctor<float>, std::array<char *, (unsigned long)1>>(int, T2, T3)"
:BasicsTransformerLM.layers.4,PushPop,30,30,1,1,736,736.0,736.0,736,736,0.0,"void <unnamed>::elementwise_kernel_with_index<int, at::native::arange_cuda_out(const c10::Scalar &, const c10::Scalar &, const c10::Scalar &, at::Tensor &)::[lambda() (instance 1)]::operator ()() const::[lambda() (instance 4)]::operator ()() const::[lambda(long) (instance 1)]>(T1, T2, function_traits<T2>::result_type *)"
:BasicsTransformerLM.layers.4.attn,PushPop,30,30,1,5,286397,57279.4,70166.0,5282,70455,29067.9,cutlass3x_sm100_simt_sgemm_f32_f32_f32_f32_f32_64x32x16_1x1x1_3_tnn_align1_bias_f32_relu
:BasicsTransformerLM.layers.4.attn,PushPop,30,30,1,8,16902,2112.8,1937.0,1920,2817,317.9,"void at::native::elementwise_kernel<(int)128, (int)2, void at::native::gpu_kernel_impl_nocast<at::native::BinaryFunctor<float, float, float, at::native::binary_internal::MulFunctor<float>>>(at::TensorIteratorBase &, const T1 &)::[lambda(int) (instance 1)]>(int, T3)"
:BasicsTransformerLM.layers.4.attn,PushPop,30,30,1,2,8546,4273.0,4273.0,4161,4385,158.4,"void at::native::<unnamed>::CatArrayBatchedCopy<at::native::<unnamed>::OpaqueType<(unsigned int)4>, unsigned int, (int)4, (int)64, (int)64>(T1 *, at::native::<unnamed>::CatArrInputTensorMetadata<T1, T2, T4, T5>, at::native::<unnamed>::TensorSizeStride<T2, (unsigned int)4>, int, T2)"
:BasicsTransformerLM.layers.4.attn,PushPop,30,30,1,1,6850,6850.0,6850.0,6850,6850,0.0,cutlass3x_sm100_simt_sgemm_f32_f32_f32_f32_f32_64x32x16_1x1x1_3_nnn_align1_bias_f32_relu
:BasicsTransformerLM.layers.4.attn,PushPop,30,30,1,4,6721,1680.3,1600.0,1505,2016,228.3,"void at::native::vectorized_elementwise_kernel<(int)4, at::native::CUDAFunctor_add<float>, std::array<char *, (unsigned long)3>>(int, T2, T3)"
:BasicsTransformerLM.layers.4.attn,PushPop,30,30,1,1,4033,4033.0,4033.0,4033,4033,0.0,"void at::native::reduce_kernel<(int)512, (int)1, at::native::ReduceOp<float, at::native::MaxOps<float>, unsigned int, float, (int)4, (int)4>>(T3)"
:BasicsTransformerLM.layers.4.attn,PushPop,30,30,1,1,3457,3457.0,3457.0,3457,3457,0.0,"void at::native::elementwise_kernel<(int)128, (int)2, void at::native::gpu_kernel_impl_nocast<at::native::BinaryFunctor<float, float, float, at::native::binary_internal::DivFunctor<float>>>(at::TensorIteratorBase &, const T1 &)::[lambda(int) (instance 1)]>(int, T3)"
:BasicsTransformerLM.layers.4.attn,PushPop,30,30,1,1,3233,3233.0,3233.0,3233,3233,0.0,"void at::native::elementwise_kernel<(int)128, (int)2, void at::native::gpu_kernel_impl_nocast<at::native::<unnamed>::where_kernel_impl(at::TensorIterator &)::[lambda() (instance 1)]::operator ()() const::[lambda() (instance 11)]::operator ()() const::[lambda(bool, float, float) (instance 1)]>(at::TensorIteratorBase &, const T1 &)::[lambda(int) (instance 1)]>(int, T3)"
:BasicsTransformerLM.layers.4.attn,PushPop,30,30,1,1,2881,2881.0,2881.0,2881,2881,0.0,"void at::native::elementwise_kernel<(int)128, (int)2, void at::native::gpu_kernel_impl_nocast<at::native::CUDAFunctor_add<float>>(at::TensorIteratorBase &, const T1 &)::[lambda(int) (instance 1)]>(int, T3)"
:BasicsTransformerLM.layers.4.attn,PushPop,30,30,1,1,2881,2881.0,2881.0,2881,2881,0.0,"void at::native::reduce_kernel<(int)512, (int)1, at::native::ReduceOp<float, at::native::func_wrapper_t<float, at::native::sum_functor<float, float, float>::operator ()(at::TensorIterator &)::[lambda(float, float) (instance 1)]>, unsigned int, float, (int)4, (int)4>>(T3)"
:BasicsTransformerLM.layers.4.attn,PushPop,30,30,1,1,2560,2560.0,2560.0,2560,2560,0.0,"void at::native::elementwise_kernel<(int)128, (int)2, void at::native::gpu_kernel_impl_nocast<at::native::direct_copy_kernel_cuda(at::TensorIteratorBase &)::[lambda() (instance 3)]::operator ()() const::[lambda() (instance 7)]::operator ()() const::[lambda(float) (instance 1)]>(at::TensorIteratorBase &, const T1 &)::[lambda(int) (instance 1)]>(int, T3)"
:BasicsTransformerLM.layers.4.attn,PushPop,30,30,1,1,2369,2369.0,2369.0,2369,2369,0.0,"void at::native::elementwise_kernel<(int)128, (int)4, void at::native::gpu_kernel_impl_nocast<at::native::<unnamed>::CompareFunctor<long>>(at::TensorIteratorBase &, const T1 &)::[lambda(int) (instance 1)]>(int, T3)"
:BasicsTransformerLM.layers.4.attn,PushPop,30,30,1,1,1921,1921.0,1921.0,1921,1921,0.0,"void at::native::vectorized_elementwise_kernel<(int)4, at::native::exp_kernel_cuda(at::TensorIteratorBase &)::[lambda() (instance 2)]::operator ()() const::[lambda() (instance 2)]::operator ()() const::[lambda(float) (instance 1)], std::array<char *, (unsigned long)2>>(int, T2, T3)"
:BasicsTransformerLM.layers.4.attn,PushPop,30,30,1,1,1856,1856.0,1856.0,1856,1856,0.0,"void at::native::vectorized_elementwise_kernel<(int)4, at::native::BUnaryFunctor<float, float, float, at::native::binary_internal::MulFunctor<float>>, std::array<char *, (unsigned long)2>>(int, T2, T3)"
:BasicsTransformerLM.layers.4.attn,PushPop,30,30,1,1,800,800.0,800.0,800,800,0.0,"void at::native::vectorized_elementwise_kernel<(int)4, at::native::FillFunctor<float>, std::array<char *, (unsigned long)1>>(int, T2, T3)"
:BasicsTransformerLM.layers.4.attn,PushPop,30,30,1,1,736,736.0,736.0,736,736,0.0,"void <unnamed>::elementwise_kernel_with_index<int, at::native::arange_cuda_out(const c10::Scalar &, const c10::Scalar &, const c10::Scalar &, at::Tensor &)::[lambda() (instance 1)]::operator ()() const::[lambda() (instance 4)]::operator ()() const::[lambda(long) (instance 1)]>(T1, T2, function_traits<T2>::result_type *)"
:BasicsTransformerLM.layers.4.attn.k_proj,PushPop,30,30,1,1,70166,70166.0,70166.0,70166,70166,0.0,cutlass3x_sm100_simt_sgemm_f32_f32_f32_f32_f32_64x32x16_1x1x1_3_tnn_align1_bias_f32_relu
:BasicsTransformerLM.layers.4.attn.output_proj,PushPop,30,30,1,1,70423,70423.0,70423.0,70423,70423,0.0,cutlass3x_sm100_simt_sgemm_f32_f32_f32_f32_f32_64x32x16_1x1x1_3_tnn_align1_bias_f32_relu
:BasicsTransformerLM.layers.4.attn.q_proj,PushPop,30,30,1,1,70071,70071.0,70071.0,70071,70071,0.0,cutlass3x_sm100_simt_sgemm_f32_f32_f32_f32_f32_64x32x16_1x1x1_3_tnn_align1_bias_f32_relu
:BasicsTransformerLM.layers.4.attn.v_proj,PushPop,30,30,1,1,70455,70455.0,70455.0,70455,70455,0.0,cutlass3x_sm100_simt_sgemm_f32_f32_f32_f32_f32_64x32x16_1x1x1_3_tnn_align1_bias_f32_relu
:BasicsTransformerLM.layers.4.ffn,PushPop,30,30,1,3,653043,217681.0,187421.0,186524,279098,53190.6,cutlass3x_sm100_simt_sgemm_f32_f32_f32_f32_f32_64x32x16_1x1x1_3_tnn_align1_bias_f32_relu
:BasicsTransformerLM.layers.4.ffn,PushPop,30,30,1,2,5602,2801.0,2801.0,2465,3137,475.2,"void at::native::vectorized_elementwise_kernel<(int)4, at::native::BinaryFunctor<float, float, float, at::native::binary_internal::MulFunctor<float>>, std::array<char *, (unsigned long)3>>(int, T2, T3)"
:BasicsTransformerLM.layers.4.ffn,PushPop,30,30,1,1,2913,2913.0,2913.0,2913,2913,0.0,"void at::native::vectorized_elementwise_kernel<(int)4, at::native::sigmoid_kernel_cuda(at::TensorIteratorBase &)::[lambda() (instance 2)]::operator ()() const::[lambda() (instance 2)]::operator ()() const::[lambda(float) (instance 1)], std::array<char *, (unsigned long)2>>(int, T2, T3)"
:BasicsTransformerLM.layers.4.ffn.w1,PushPop,30,30,1,1,187421,187421.0,187421.0,187421,187421,0.0,cutlass3x_sm100_simt_sgemm_f32_f32_f32_f32_f32_64x32x16_1x1x1_3_tnn_align1_bias_f32_relu
:BasicsTransformerLM.layers.4.ffn.w2,PushPop,30,30,1,1,279098,279098.0,279098.0,279098,279098,0.0,cutlass3x_sm100_simt_sgemm_f32_f32_f32_f32_f32_64x32x16_1x1x1_3_tnn_align1_bias_f32_relu
:BasicsTransformerLM.layers.4.ffn.w3,PushPop,30,30,1,1,186524,186524.0,186524.0,186524,186524,0.0,cutlass3x_sm100_simt_sgemm_f32_f32_f32_f32_f32_64x32x16_1x1x1_3_tnn_align1_bias_f32_relu
:BasicsTransformerLM.layers.4.ln1,PushPop,30,30,1,1,8419,8419.0,8419.0,8419,8419,0.0,"void at::native::reduce_kernel<(int)512, (int)1, at::native::ReduceOp<float, at::native::MeanOps<float, float, float, float>, unsigned int, float, (int)4, (int)4>>(T3)"
:BasicsTransformerLM.layers.4.ln1,PushPop,30,30,1,2,4897,2448.5,2448.5,2432,2465,23.3,"void at::native::elementwise_kernel<(int)128, (int)2, void at::native::gpu_kernel_impl_nocast<at::native::BinaryFunctor<float, float, float, at::native::binary_internal::MulFunctor<float>>>(at::TensorIteratorBase &, const T1 &)::[lambda(int) (instance 1)]>(int, T3)"
:BasicsTransformerLM.layers.4.ln1,PushPop,30,30,1,1,1792,1792.0,1792.0,1792,1792,0.0,"void at::native::vectorized_elementwise_kernel<(int)4, void at::native::<unnamed>::pow_tensor_scalar_kernel_impl<float, float>(at::TensorIteratorBase &, T2)::[lambda(float) (instance 1)], std::array<char *, (unsigned long)2>>(int, T2, T3)"
:BasicsTransformerLM.layers.4.ln1,PushPop,30,30,1,1,1121,1121.0,1121.0,1121,1121,0.0,"void at::native::vectorized_elementwise_kernel<(int)4, at::native::CUDAFunctorOnSelf_add<float>, std::array<char *, (unsigned long)2>>(int, T2, T3)"
:BasicsTransformerLM.layers.4.ln1,PushPop,30,30,1,1,1120,1120.0,1120.0,1120,1120,0.0,"void at::native::vectorized_elementwise_kernel<(int)4, at::native::rsqrt_kernel_cuda(at::TensorIteratorBase &)::[lambda() (instance 2)]::operator ()() const::[lambda() (instance 2)]::operator ()() const::[lambda(float) (instance 1)], std::array<char *, (unsigned long)2>>(int, T2, T3)"
:BasicsTransformerLM.layers.4.ln2,PushPop,30,30,1,1,8387,8387.0,8387.0,8387,8387,0.0,"void at::native::reduce_kernel<(int)512, (int)1, at::native::ReduceOp<float, at::native::MeanOps<float, float, float, float>, unsigned int, float, (int)4, (int)4>>(T3)"
:BasicsTransformerLM.layers.4.ln2,PushPop,30,30,1,2,5089,2544.5,2544.5,2529,2560,21.9,"void at::native::elementwise_kernel<(int)128, (int)2, void at::native::gpu_kernel_impl_nocast<at::native::BinaryFunctor<float, float, float, at::native::binary_internal::MulFunctor<float>>>(at::TensorIteratorBase &, const T1 &)::[lambda(int) (instance 1)]>(int, T3)"
:BasicsTransformerLM.layers.4.ln2,PushPop,30,30,1,1,1632,1632.0,1632.0,1632,1632,0.0,"void at::native::vectorized_elementwise_kernel<(int)4, void at::native::<unnamed>::pow_tensor_scalar_kernel_impl<float, float>(at::TensorIteratorBase &, T2)::[lambda(float) (instance 1)], std::array<char *, (unsigned long)2>>(int, T2, T3)"
:BasicsTransformerLM.layers.4.ln2,PushPop,30,30,1,1,1089,1089.0,1089.0,1089,1089,0.0,"void at::native::vectorized_elementwise_kernel<(int)4, at::native::CUDAFunctorOnSelf_add<float>, std::array<char *, (unsigned long)2>>(int, T2, T3)"
:BasicsTransformerLM.layers.4.ln2,PushPop,30,30,1,1,1056,1056.0,1056.0,1056,1056,0.0,"void at::native::vectorized_elementwise_kernel<(int)4, at::native::rsqrt_kernel_cuda(at::TensorIteratorBase &)::[lambda() (instance 2)]::operator ()() const::[lambda() (instance 2)]::operator ()() const::[lambda(float) (instance 1)], std::array<char *, (unsigned long)2>>(int, T2, T3)"
:BasicsTransformerLM.layers.5,PushPop,30,30,1,8,939537,117442.1,70599.0,5154,278811,90417.7,cutlass3x_sm100_simt_sgemm_f32_f32_f32_f32_f32_64x32x16_1x1x1_3_tnn_align1_bias_f32_relu
:BasicsTransformerLM.layers.5,PushPop,30,30,1,12,26603,2216.9,2241.0,1889,2561,269.9,"void at::native::elementwise_kernel<(int)128, (int)2, void at::native::gpu_kernel_impl_nocast<at::native::BinaryFunctor<float, float, float, at::native::binary_internal::MulFunctor<float>>>(at::TensorIteratorBase &, const T1 &)::[lambda(int) (instance 1)]>(int, T3)"
:BasicsTransformerLM.layers.5,PushPop,30,30,1,2,16805,8402.5,8402.5,8387,8418,21.9,"void at::native::reduce_kernel<(int)512, (int)1, at::native::ReduceOp<float, at::native::MeanOps<float, float, float, float>, unsigned int, float, (int)4, (int)4>>(T3)"
:BasicsTransformerLM.layers.5,PushPop,30,30,1,6,11042,1840.3,1808.0,1536,2209,285.7,"void at::native::vectorized_elementwise_kernel<(int)4, at::native::CUDAFunctor_add<float>, std::array<char *, (unsigned long)3>>(int, T2, T3)"
:BasicsTransformerLM.layers.5,PushPop,30,30,1,2,8483,4241.5,4241.5,4161,4322,113.8,"void at::native::<unnamed>::CatArrayBatchedCopy<at::native::<unnamed>::OpaqueType<(unsigned int)4>, unsigned int, (int)4, (int)64, (int)64>(T1 *, at::native::<unnamed>::CatArrInputTensorMetadata<T1, T2, T4, T5>, at::native::<unnamed>::TensorSizeStride<T2, (unsigned int)4>, int, T2)"
:BasicsTransformerLM.layers.5,PushPop,30,30,1,1,6722,6722.0,6722.0,6722,6722,0.0,cutlass3x_sm100_simt_sgemm_f32_f32_f32_f32_f32_64x32x16_1x1x1_3_nnn_align1_bias_f32_relu
:BasicsTransformerLM.layers.5,PushPop,30,30,1,2,5858,2929.0,2929.0,2785,3073,203.6,"void at::native::vectorized_elementwise_kernel<(int)4, at::native::BinaryFunctor<float, float, float, at::native::binary_internal::MulFunctor<float>>, std::array<char *, (unsigned long)3>>(int, T2, T3)"
:BasicsTransformerLM.layers.5,PushPop,30,30,1,1,4130,4130.0,4130.0,4130,4130,0.0,"void at::native::reduce_kernel<(int)512, (int)1, at::native::ReduceOp<float, at::native::MaxOps<float>, unsigned int, float, (int)4, (int)4>>(T3)"
:BasicsTransformerLM.layers.5,PushPop,30,30,1,1,3457,3457.0,3457.0,3457,3457,0.0,"void at::native::elementwise_kernel<(int)128, (int)2, void at::native::gpu_kernel_impl_nocast<at::native::BinaryFunctor<float, float, float, at::native::binary_internal::DivFunctor<float>>>(at::TensorIteratorBase &, const T1 &)::[lambda(int) (instance 1)]>(int, T3)"
:BasicsTransformerLM.layers.5,PushPop,30,30,1,2,3297,1648.5,1648.5,1633,1664,21.9,"void at::native::vectorized_elementwise_kernel<(int)4, void at::native::<unnamed>::pow_tensor_scalar_kernel_impl<float, float>(at::TensorIteratorBase &, T2)::[lambda(float) (instance 1)], std::array<char *, (unsigned long)2>>(int, T2, T3)"
:BasicsTransformerLM.layers.5,PushPop,30,30,1,1,3169,3169.0,3169.0,3169,3169,0.0,"void at::native::elementwise_kernel<(int)128, (int)2, void at::native::gpu_kernel_impl_nocast<at::native::<unnamed>::where_kernel_impl(at::TensorIterator &)::[lambda() (instance 1)]::operator ()() const::[lambda() (instance 11)]::operator ()() const::[lambda(bool, float, float) (instance 1)]>(at::TensorIteratorBase &, const T1 &)::[lambda(int) (instance 1)]>(int, T3)"
:BasicsTransformerLM.layers.5,PushPop,30,30,1,1,2977,2977.0,2977.0,2977,2977,0.0,"void at::native::elementwise_kernel<(int)128, (int)2, void at::native::gpu_kernel_impl_nocast<at::native::CUDAFunctor_add<float>>(at::TensorIteratorBase &, const T1 &)::[lambda(int) (instance 1)]>(int, T3)"
:BasicsTransformerLM.layers.5,PushPop,30,30,1,1,2913,2913.0,2913.0,2913,2913,0.0,"void at::native::vectorized_elementwise_kernel<(int)4, at::native::sigmoid_kernel_cuda(at::TensorIteratorBase &)::[lambda() (instance 2)]::operator ()() const::[lambda() (instance 2)]::operator ()() const::[lambda(float) (instance 1)], std::array<char *, (unsigned long)2>>(int, T2, T3)"
:BasicsTransformerLM.layers.5,PushPop,30,30,1,1,2881,2881.0,2881.0,2881,2881,0.0,"void at::native::reduce_kernel<(int)512, (int)1, at::native::ReduceOp<float, at::native::func_wrapper_t<float, at::native::sum_functor<float, float, float>::operator ()(at::TensorIterator &)::[lambda(float, float) (instance 1)]>, unsigned int, float, (int)4, (int)4>>(T3)"
:BasicsTransformerLM.layers.5,PushPop,30,30,1,1,2561,2561.0,2561.0,2561,2561,0.0,"void at::native::elementwise_kernel<(int)128, (int)2, void at::native::gpu_kernel_impl_nocast<at::native::direct_copy_kernel_cuda(at::TensorIteratorBase &)::[lambda() (instance 3)]::operator ()() const::[lambda() (instance 7)]::operator ()() const::[lambda(float) (instance 1)]>(at::TensorIteratorBase &, const T1 &)::[lambda(int) (instance 1)]>(int, T3)"
:BasicsTransformerLM.layers.5,PushPop,30,30,1,1,2272,2272.0,2272.0,2272,2272,0.0,"void at::native::elementwise_kernel<(int)128, (int)4, void at::native::gpu_kernel_impl_nocast<at::native::<unnamed>::CompareFunctor<long>>(at::TensorIteratorBase &, const T1 &)::[lambda(int) (instance 1)]>(int, T3)"
:BasicsTransformerLM.layers.5,PushPop,30,30,1,2,2210,1105.0,1105.0,1057,1153,67.9,"void at::native::vectorized_elementwise_kernel<(int)4, at::native::rsqrt_kernel_cuda(at::TensorIteratorBase &)::[lambda() (instance 2)]::operator ()() const::[lambda() (instance 2)]::operator ()() const::[lambda(float) (instance 1)], std::array<char *, (unsigned long)2>>(int, T2, T3)"
:BasicsTransformerLM.layers.5,PushPop,30,30,1,2,2208,1104.0,1104.0,1088,1120,22.6,"void at::native::vectorized_elementwise_kernel<(int)4, at::native::CUDAFunctorOnSelf_add<float>, std::array<char *, (unsigned long)2>>(int, T2, T3)"
:BasicsTransformerLM.layers.5,PushPop,30,30,1,1,2113,2113.0,2113.0,2113,2113,0.0,"void at::native::vectorized_elementwise_kernel<(int)4, at::native::BUnaryFunctor<float, float, float, at::native::binary_internal::MulFunctor<float>>, std::array<char *, (unsigned long)2>>(int, T2, T3)"
:BasicsTransformerLM.layers.5,PushPop,30,30,1,1,1856,1856.0,1856.0,1856,1856,0.0,"void at::native::vectorized_elementwise_kernel<(int)4, at::native::exp_kernel_cuda(at::TensorIteratorBase &)::[lambda() (instance 2)]::operator ()() const::[lambda() (instance 2)]::operator ()() const::[lambda(float) (instance 1)], std::array<char *, (unsigned long)2>>(int, T2, T3)"
:BasicsTransformerLM.layers.5,PushPop,30,30,1,1,801,801.0,801.0,801,801,0.0,"void at::native::vectorized_elementwise_kernel<(int)4, at::native::FillFunctor<float>, std::array<char *, (unsigned long)1>>(int, T2, T3)"
:BasicsTransformerLM.layers.5,PushPop,30,30,1,1,736,736.0,736.0,736,736,0.0,"void <unnamed>::elementwise_kernel_with_index<int, at::native::arange_cuda_out(const c10::Scalar &, const c10::Scalar &, const c10::Scalar &, at::Tensor &)::[lambda() (instance 1)]::operator ()() const::[lambda() (instance 4)]::operator ()() const::[lambda(long) (instance 1)]>(T1, T2, function_traits<T2>::result_type *)"
:BasicsTransformerLM.layers.5.attn,PushPop,30,30,1,5,286525,57305.0,70135.0,5154,70647,29154.5,cutlass3x_sm100_simt_sgemm_f32_f32_f32_f32_f32_64x32x16_1x1x1_3_tnn_align1_bias_f32_relu
:BasicsTransformerLM.layers.5.attn,PushPop,30,30,1,8,16647,2080.9,1953.0,1889,2497,221.8,"void at::native::elementwise_kernel<(int)128, (int)2, void at::native::gpu_kernel_impl_nocast<at::native::BinaryFunctor<float, float, float, at::native::binary_internal::MulFunctor<float>>>(at::TensorIteratorBase &, const T1 &)::[lambda(int) (instance 1)]>(int, T3)"
:BasicsTransformerLM.layers.5.attn,PushPop,30,30,1,2,8483,4241.5,4241.5,4161,4322,113.8,"void at::native::<unnamed>::CatArrayBatchedCopy<at::native::<unnamed>::OpaqueType<(unsigned int)4>, unsigned int, (int)4, (int)64, (int)64>(T1 *, at::native::<unnamed>::CatArrInputTensorMetadata<T1, T2, T4, T5>, at::native::<unnamed>::TensorSizeStride<T2, (unsigned int)4>, int, T2)"
:BasicsTransformerLM.layers.5.attn,PushPop,30,30,1,4,6752,1688.0,1616.0,1536,1984,201.3,"void at::native::vectorized_elementwise_kernel<(int)4, at::native::CUDAFunctor_add<float>, std::array<char *, (unsigned long)3>>(int, T2, T3)"
:BasicsTransformerLM.layers.5.attn,PushPop,30,30,1,1,6722,6722.0,6722.0,6722,6722,0.0,cutlass3x_sm100_simt_sgemm_f32_f32_f32_f32_f32_64x32x16_1x1x1_3_nnn_align1_bias_f32_relu
:BasicsTransformerLM.layers.5.attn,PushPop,30,30,1,1,4130,4130.0,4130.0,4130,4130,0.0,"void at::native::reduce_kernel<(int)512, (int)1, at::native::ReduceOp<float, at::native::MaxOps<float>, unsigned int, float, (int)4, (int)4>>(T3)"
:BasicsTransformerLM.layers.5.attn,PushPop,30,30,1,1,3457,3457.0,3457.0,3457,3457,0.0,"void at::native::elementwise_kernel<(int)128, (int)2, void at::native::gpu_kernel_impl_nocast<at::native::BinaryFunctor<float, float, float, at::native::binary_internal::DivFunctor<float>>>(at::TensorIteratorBase &, const T1 &)::[lambda(int) (instance 1)]>(int, T3)"
:BasicsTransformerLM.layers.5.attn,PushPop,30,30,1,1,3169,3169.0,3169.0,3169,3169,0.0,"void at::native::elementwise_kernel<(int)128, (int)2, void at::native::gpu_kernel_impl_nocast<at::native::<unnamed>::where_kernel_impl(at::TensorIterator &)::[lambda() (instance 1)]::operator ()() const::[lambda() (instance 11)]::operator ()() const::[lambda(bool, float, float) (instance 1)]>(at::TensorIteratorBase &, const T1 &)::[lambda(int) (instance 1)]>(int, T3)"
:BasicsTransformerLM.layers.5.attn,PushPop,30,30,1,1,2977,2977.0,2977.0,2977,2977,0.0,"void at::native::elementwise_kernel<(int)128, (int)2, void at::native::gpu_kernel_impl_nocast<at::native::CUDAFunctor_add<float>>(at::TensorIteratorBase &, const T1 &)::[lambda(int) (instance 1)]>(int, T3)"
:BasicsTransformerLM.layers.5.attn,PushPop,30,30,1,1,2881,2881.0,2881.0,2881,2881,0.0,"void at::native::reduce_kernel<(int)512, (int)1, at::native::ReduceOp<float, at::native::func_wrapper_t<float, at::native::sum_functor<float, float, float>::operator ()(at::TensorIterator &)::[lambda(float, float) (instance 1)]>, unsigned int, float, (int)4, (int)4>>(T3)"
:BasicsTransformerLM.layers.5.attn,PushPop,30,30,1,1,2561,2561.0,2561.0,2561,2561,0.0,"void at::native::elementwise_kernel<(int)128, (int)2, void at::native::gpu_kernel_impl_nocast<at::native::direct_copy_kernel_cuda(at::TensorIteratorBase &)::[lambda() (instance 3)]::operator ()() const::[lambda() (instance 7)]::operator ()() const::[lambda(float) (instance 1)]>(at::TensorIteratorBase &, const T1 &)::[lambda(int) (instance 1)]>(int, T3)"
:BasicsTransformerLM.layers.5.attn,PushPop,30,30,1,1,2272,2272.0,2272.0,2272,2272,0.0,"void at::native::elementwise_kernel<(int)128, (int)4, void at::native::gpu_kernel_impl_nocast<at::native::<unnamed>::CompareFunctor<long>>(at::TensorIteratorBase &, const T1 &)::[lambda(int) (instance 1)]>(int, T3)"
:BasicsTransformerLM.layers.5.attn,PushPop,30,30,1,1,2113,2113.0,2113.0,2113,2113,0.0,"void at::native::vectorized_elementwise_kernel<(int)4, at::native::BUnaryFunctor<float, float, float, at::native::binary_internal::MulFunctor<float>>, std::array<char *, (unsigned long)2>>(int, T2, T3)"
:BasicsTransformerLM.layers.5.attn,PushPop,30,30,1,1,1856,1856.0,1856.0,1856,1856,0.0,"void at::native::vectorized_elementwise_kernel<(int)4, at::native::exp_kernel_cuda(at::TensorIteratorBase &)::[lambda() (instance 2)]::operator ()() const::[lambda() (instance 2)]::operator ()() const::[lambda(float) (instance 1)], std::array<char *, (unsigned long)2>>(int, T2, T3)"
:BasicsTransformerLM.layers.5.attn,PushPop,30,30,1,1,801,801.0,801.0,801,801,0.0,"void at::native::vectorized_elementwise_kernel<(int)4, at::native::FillFunctor<float>, std::array<char *, (unsigned long)1>>(int, T2, T3)"
:BasicsTransformerLM.layers.5.attn,PushPop,30,30,1,1,736,736.0,736.0,736,736,0.0,"void <unnamed>::elementwise_kernel_with_index<int, at::native::arange_cuda_out(const c10::Scalar &, const c10::Scalar &, const c10::Scalar &, at::Tensor &)::[lambda() (instance 1)]::operator ()() const::[lambda() (instance 4)]::operator ()() const::[lambda(long) (instance 1)]>(T1, T2, function_traits<T2>::result_type *)"
:BasicsTransformerLM.layers.5.attn.k_proj,PushPop,30,30,1,1,70135,70135.0,70135.0,70135,70135,0.0,cutlass3x_sm100_simt_sgemm_f32_f32_f32_f32_f32_64x32x16_1x1x1_3_tnn_align1_bias_f32_relu
:BasicsTransformerLM.layers.5.attn.output_proj,PushPop,30,30,1,1,70551,70551.0,70551.0,70551,70551,0.0,cutlass3x_sm100_simt_sgemm_f32_f32_f32_f32_f32_64x32x16_1x1x1_3_tnn_align1_bias_f32_relu
:BasicsTransformerLM.layers.5.attn.q_proj,PushPop,30,30,1,1,70038,70038.0,70038.0,70038,70038,0.0,cutlass3x_sm100_simt_sgemm_f32_f32_f32_f32_f32_64x32x16_1x1x1_3_tnn_align1_bias_f32_relu
:BasicsTransformerLM.layers.5.attn.v_proj,PushPop,30,30,1,1,70647,70647.0,70647.0,70647,70647,0.0,cutlass3x_sm100_simt_sgemm_f32_f32_f32_f32_f32_64x32x16_1x1x1_3_tnn_align1_bias_f32_relu
:BasicsTransformerLM.layers.5.ffn,PushPop,30,30,1,3,653012,217670.7,187709.0,186492,278811,52952.6,cutlass3x_sm100_simt_sgemm_f32_f32_f32_f32_f32_64x32x16_1x1x1_3_tnn_align1_bias_f32_relu
:BasicsTransformerLM.layers.5.ffn,PushPop,30,30,1,2,5858,2929.0,2929.0,2785,3073,203.6,"void at::native::vectorized_elementwise_kernel<(int)4, at::native::BinaryFunctor<float, float, float, at::native::binary_internal::MulFunctor<float>>, std::array<char *, (unsigned long)3>>(int, T2, T3)"
:BasicsTransformerLM.layers.5.ffn,PushPop,30,30,1,1,2913,2913.0,2913.0,2913,2913,0.0,"void at::native::vectorized_elementwise_kernel<(int)4, at::native::sigmoid_kernel_cuda(at::TensorIteratorBase &)::[lambda() (instance 2)]::operator ()() const::[lambda() (instance 2)]::operator ()() const::[lambda(float) (instance 1)], std::array<char *, (unsigned long)2>>(int, T2, T3)"
:BasicsTransformerLM.layers.5.ffn.w1,PushPop,30,30,1,1,187709,187709.0,187709.0,187709,187709,0.0,cutlass3x_sm100_simt_sgemm_f32_f32_f32_f32_f32_64x32x16_1x1x1_3_tnn_align1_bias_f32_relu
:BasicsTransformerLM.layers.5.ffn.w2,PushPop,30,30,1,1,278811,278811.0,278811.0,278811,278811,0.0,cutlass3x_sm100_simt_sgemm_f32_f32_f32_f32_f32_64x32x16_1x1x1_3_tnn_align1_bias_f32_relu
:BasicsTransformerLM.layers.5.ffn.w3,PushPop,30,30,1,1,186492,186492.0,186492.0,186492,186492,0.0,cutlass3x_sm100_simt_sgemm_f32_f32_f32_f32_f32_64x32x16_1x1x1_3_tnn_align1_bias_f32_relu
:BasicsTransformerLM.layers.5.ln1,PushPop,30,30,1,1,8387,8387.0,8387.0,8387,8387,0.0,"void at::native::reduce_kernel<(int)512, (int)1, at::native::ReduceOp<float, at::native::MeanOps<float, float, float, float>, unsigned int, float, (int)4, (int)4>>(T3)"
:BasicsTransformerLM.layers.5.ln1,PushPop,30,30,1,2,4898,2449.0,2449.0,2401,2497,67.9,"void at::native::elementwise_kernel<(int)128, (int)2, void at::native::gpu_kernel_impl_nocast<at::native::BinaryFunctor<float, float, float, at::native::binary_internal::MulFunctor<float>>>(at::TensorIteratorBase &, const T1 &)::[lambda(int) (instance 1)]>(int, T3)"
:BasicsTransformerLM.layers.5.ln1,PushPop,30,30,1,1,1664,1664.0,1664.0,1664,1664,0.0,"void at::native::vectorized_elementwise_kernel<(int)4, void at::native::<unnamed>::pow_tensor_scalar_kernel_impl<float, float>(at::TensorIteratorBase &, T2)::[lambda(float) (instance 1)], std::array<char *, (unsigned long)2>>(int, T2, T3)"
:BasicsTransformerLM.layers.5.ln1,PushPop,30,30,1,1,1153,1153.0,1153.0,1153,1153,0.0,"void at::native::vectorized_elementwise_kernel<(int)4, at::native::rsqrt_kernel_cuda(at::TensorIteratorBase &)::[lambda() (instance 2)]::operator ()() const::[lambda() (instance 2)]::operator ()() const::[lambda(float) (instance 1)], std::array<char *, (unsigned long)2>>(int, T2, T3)"
:BasicsTransformerLM.layers.5.ln1,PushPop,30,30,1,1,1120,1120.0,1120.0,1120,1120,0.0,"void at::native::vectorized_elementwise_kernel<(int)4, at::native::CUDAFunctorOnSelf_add<float>, std::array<char *, (unsigned long)2>>(int, T2, T3)"
:BasicsTransformerLM.layers.5.ln2,PushPop,30,30,1,1,8418,8418.0,8418.0,8418,8418,0.0,"void at::native::reduce_kernel<(int)512, (int)1, at::native::ReduceOp<float, at::native::MeanOps<float, float, float, float>, unsigned int, float, (int)4, (int)4>>(T3)"
:BasicsTransformerLM.layers.5.ln2,PushPop,30,30,1,2,5058,2529.0,2529.0,2497,2561,45.3,"void at::native::elementwise_kernel<(int)128, (int)2, void at::native::gpu_kernel_impl_nocast<at::native::BinaryFunctor<float, float, float, at::native::binary_internal::MulFunctor<float>>>(at::TensorIteratorBase &, const T1 &)::[lambda(int) (instance 1)]>(int, T3)"
:BasicsTransformerLM.layers.5.ln2,PushPop,30,30,1,1,1633,1633.0,1633.0,1633,1633,0.0,"void at::native::vectorized_elementwise_kernel<(int)4, void at::native::<unnamed>::pow_tensor_scalar_kernel_impl<float, float>(at::TensorIteratorBase &, T2)::[lambda(float) (instance 1)], std::array<char *, (unsigned long)2>>(int, T2, T3)"
:BasicsTransformerLM.layers.5.ln2,PushPop,30,30,1,1,1088,1088.0,1088.0,1088,1088,0.0,"void at::native::vectorized_elementwise_kernel<(int)4, at::native::CUDAFunctorOnSelf_add<float>, std::array<char *, (unsigned long)2>>(int, T2, T3)"
:BasicsTransformerLM.layers.5.ln2,PushPop,30,30,1,1,1057,1057.0,1057.0,1057,1057,0.0,"void at::native::vectorized_elementwise_kernel<(int)4, at::native::rsqrt_kernel_cuda(at::TensorIteratorBase &)::[lambda() (instance 2)]::operator ()() const::[lambda() (instance 2)]::operator ()() const::[lambda(float) (instance 1)], std::array<char *, (unsigned long)2>>(int, T2, T3)"
:BasicsTransformerLM.layers.6,PushPop,30,30,1,8,940495,117561.9,70646.5,5217,278874,90496.2,cutlass3x_sm100_simt_sgemm_f32_f32_f32_f32_f32_64x32x16_1x1x1_3_tnn_align1_bias_f32_relu
:BasicsTransformerLM.layers.6,PushPop,30,30,1,12,26600,2216.7,2256.5,1920,2561,263.0,"void at::native::elementwise_kernel<(int)128, (int)2, void at::native::gpu_kernel_impl_nocast<at::native::BinaryFunctor<float, float, float, at::native::binary_internal::MulFunctor<float>>>(at::TensorIteratorBase &, const T1 &)::[lambda(int) (instance 1)]>(int, T3)"
:BasicsTransformerLM.layers.6,PushPop,30,30,1,2,16838,8419.0,8419.0,8323,8515,135.8,"void at::native::reduce_kernel<(int)512, (int)1, at::native::ReduceOp<float, at::native::MeanOps<float, float, float, float>, unsigned int, float, (int)4, (int)4>>(T3)"
:BasicsTransformerLM.layers.6,PushPop,30,30,1,6,10660,1776.7,1696.5,1505,2177,256.5,"void at::native::vectorized_elementwise_kernel<(int)4, at::native::CUDAFunctor_add<float>, std::array<char *, (unsigned long)3>>(int, T2, T3)"
:BasicsTransformerLM.layers.6,PushPop,30,30,1,2,8482,4241.0,4241.0,4161,4321,113.1,"void at::native::<unnamed>::CatArrayBatchedCopy<at::native::<unnamed>::OpaqueType<(unsigned int)4>, unsigned int, (int)4, (int)64, (int)64>(T1 *, at::native::<unnamed>::CatArrInputTensorMetadata<T1, T2, T4, T5>, at::native::<unnamed>::TensorSizeStride<T2, (unsigned int)4>, int, T2)"
:BasicsTransformerLM.layers.6,PushPop,30,30,1,1,6818,6818.0,6818.0,6818,6818,0.0,cutlass3x_sm100_simt_sgemm_f32_f32_f32_f32_f32_64x32x16_1x1x1_3_nnn_align1_bias_f32_relu
:BasicsTransformerLM.layers.6,PushPop,30,30,1,2,5890,2945.0,2945.0,2721,3169,316.8,"void at::native::vectorized_elementwise_kernel<(int)4, at::native::BinaryFunctor<float, float, float, at::native::binary_internal::MulFunctor<float>>, std::array<char *, (unsigned long)3>>(int, T2, T3)"
:BasicsTransformerLM.layers.6,PushPop,30,30,1,1,4033,4033.0,4033.0,4033,4033,0.0,"void at::native::reduce_kernel<(int)512, (int)1, at::native::ReduceOp<float, at::native::MaxOps<float>, unsigned int, float, (int)4, (int)4>>(T3)"
:BasicsTransformerLM.layers.6,PushPop,30,30,1,1,3425,3425.0,3425.0,3425,3425,0.0,"void at::native::elementwise_kernel<(int)128, (int)2, void at::native::gpu_kernel_impl_nocast<at::native::BinaryFunctor<float, float, float, at::native::binary_internal::DivFunctor<float>>>(at::TensorIteratorBase &, const T1 &)::[lambda(int) (instance 1)]>(int, T3)"
:BasicsTransformerLM.layers.6,PushPop,30,30,1,1,3361,3361.0,3361.0,3361,3361,0.0,"void at::native::elementwise_kernel<(int)128, (int)2, void at::native::gpu_kernel_impl_nocast<at::native::<unnamed>::where_kernel_impl(at::TensorIterator &)::[lambda() (instance 1)]::operator ()() const::[lambda() (instance 11)]::operator ()() const::[lambda(bool, float, float) (instance 1)]>(at::TensorIteratorBase &, const T1 &)::[lambda(int) (instance 1)]>(int, T3)"
:BasicsTransformerLM.layers.6,PushPop,30,30,1,2,3297,1648.5,1648.5,1632,1665,23.3,"void at::native::vectorized_elementwise_kernel<(int)4, void at::native::<unnamed>::pow_tensor_scalar_kernel_impl<float, float>(at::TensorIteratorBase &, T2)::[lambda(float) (instance 1)], std::array<char *, (unsigned long)2>>(int, T2, T3)"
:BasicsTransformerLM.layers.6,PushPop,30,30,1,1,2945,2945.0,2945.0,2945,2945,0.0,"void at::native::vectorized_elementwise_kernel<(int)4, at::native::sigmoid_kernel_cuda(at::TensorIteratorBase &)::[lambda() (instance 2)]::operator ()() const::[lambda() (instance 2)]::operator ()() const::[lambda(float) (instance 1)], std::array<char *, (unsigned long)2>>(int, T2, T3)"
:BasicsTransformerLM.layers.6,PushPop,30,30,1,1,2913,2913.0,2913.0,2913,2913,0.0,"void at::native::elementwise_kernel<(int)128, (int)2, void at::native::gpu_kernel_impl_nocast<at::native::CUDAFunctor_add<float>>(at::TensorIteratorBase &, const T1 &)::[lambda(int) (instance 1)]>(int, T3)"
:BasicsTransformerLM.layers.6,PushPop,30,30,1,1,2817,2817.0,2817.0,2817,2817,0.0,"void at::native::reduce_kernel<(int)512, (int)1, at::native::ReduceOp<float, at::native::func_wrapper_t<float, at::native::sum_functor<float, float, float>::operator ()(at::TensorIterator &)::[lambda(float, float) (instance 1)]>, unsigned int, float, (int)4, (int)4>>(T3)"
:BasicsTransformerLM.layers.6,PushPop,30,30,1,1,2561,2561.0,2561.0,2561,2561,0.0,"void at::native::elementwise_kernel<(int)128, (int)2, void at::native::gpu_kernel_impl_nocast<at::native::direct_copy_kernel_cuda(at::TensorIteratorBase &)::[lambda() (instance 3)]::operator ()() const::[lambda() (instance 7)]::operator ()() const::[lambda(float) (instance 1)]>(at::TensorIteratorBase &, const T1 &)::[lambda(int) (instance 1)]>(int, T3)"
:BasicsTransformerLM.layers.6,PushPop,30,30,1,1,2337,2337.0,2337.0,2337,2337,0.0,"void at::native::elementwise_kernel<(int)128, (int)4, void at::native::gpu_kernel_impl_nocast<at::native::<unnamed>::CompareFunctor<long>>(at::TensorIteratorBase &, const T1 &)::[lambda(int) (instance 1)]>(int, T3)"
:BasicsTransformerLM.layers.6,PushPop,30,30,1,2,2305,1152.5,1152.5,1089,1216,89.8,"void at::native::vectorized_elementwise_kernel<(int)4, at::native::CUDAFunctorOnSelf_add<float>, std::array<char *, (unsigned long)2>>(int, T2, T3)"
:BasicsTransformerLM.layers.6,PushPop,30,30,1,2,2208,1104.0,1104.0,1024,1184,113.1,"void at::native::vectorized_elementwise_kernel<(int)4, at::native::rsqrt_kernel_cuda(at::TensorIteratorBase &)::[lambda() (instance 2)]::operator ()() const::[lambda() (instance 2)]::operator ()() const::[lambda(float) (instance 1)], std::array<char *, (unsigned long)2>>(int, T2, T3)"
:BasicsTransformerLM.layers.6,PushPop,30,30,1,1,2112,2112.0,2112.0,2112,2112,0.0,"void at::native::vectorized_elementwise_kernel<(int)4, at::native::BUnaryFunctor<float, float, float, at::native::binary_internal::MulFunctor<float>>, std::array<char *, (unsigned long)2>>(int, T2, T3)"
:BasicsTransformerLM.layers.6,PushPop,30,30,1,1,1921,1921.0,1921.0,1921,1921,0.0,"void at::native::vectorized_elementwise_kernel<(int)4, at::native::exp_kernel_cuda(at::TensorIteratorBase &)::[lambda() (instance 2)]::operator ()() const::[lambda() (instance 2)]::operator ()() const::[lambda(float) (instance 1)], std::array<char *, (unsigned long)2>>(int, T2, T3)"
:BasicsTransformerLM.layers.6,PushPop,30,30,1,1,896,896.0,896.0,896,896,0.0,"void <unnamed>::elementwise_kernel_with_index<int, at::native::arange_cuda_out(const c10::Scalar &, const c10::Scalar &, const c10::Scalar &, at::Tensor &)::[lambda() (instance 1)]::operator ()() const::[lambda() (instance 4)]::operator ()() const::[lambda(long) (instance 1)]>(T1, T2, function_traits<T2>::result_type *)"
:BasicsTransformerLM.layers.6,PushPop,30,30,1,1,896,896.0,896.0,896,896,0.0,"void at::native::vectorized_elementwise_kernel<(int)4, at::native::FillFunctor<float>, std::array<char *, (unsigned long)1>>(int, T2, T3)"
:BasicsTransformerLM.layers.6.attn,PushPop,30,30,1,5,286684,57336.8,70359.0,5217,70711,29137.9,cutlass3x_sm100_simt_sgemm_f32_f32_f32_f32_f32_64x32x16_1x1x1_3_tnn_align1_bias_f32_relu
:BasicsTransformerLM.layers.6.attn,PushPop,30,30,1,8,16773,2096.6,1953.0,1920,2561,240.2,"void at::native::elementwise_kernel<(int)128, (int)2, void at::native::gpu_kernel_impl_nocast<at::native::BinaryFunctor<float, float, float, at::native::binary_internal::MulFunctor<float>>>(at::TensorIteratorBase &, const T1 &)::[lambda(int) (instance 1)]>(int, T3)"
:BasicsTransformerLM.layers.6.attn,PushPop,30,30,1,2,8482,4241.0,4241.0,4161,4321,113.1,"void at::native::<unnamed>::CatArrayBatchedCopy<at::native::<unnamed>::OpaqueType<(unsigned int)4>, unsigned int, (int)4, (int)64, (int)64>(T1 *, at::native::<unnamed>::CatArrInputTensorMetadata<T1, T2, T4, T5>, at::native::<unnamed>::TensorSizeStride<T2, (unsigned int)4>, int, T2)"
:BasicsTransformerLM.layers.6.attn,PushPop,30,30,1,1,6818,6818.0,6818.0,6818,6818,0.0,cutlass3x_sm100_simt_sgemm_f32_f32_f32_f32_f32_64x32x16_1x1x1_3_nnn_align1_bias_f32_relu
:BasicsTransformerLM.layers.6.attn,PushPop,30,30,1,4,6499,1624.8,1617.0,1505,1760,105.3,"void at::native::vectorized_elementwise_kernel<(int)4, at::native::CUDAFunctor_add<float>, std::array<char *, (unsigned long)3>>(int, T2, T3)"
:BasicsTransformerLM.layers.6.attn,PushPop,30,30,1,1,4033,4033.0,4033.0,4033,4033,0.0,"void at::native::reduce_kernel<(int)512, (int)1, at::native::ReduceOp<float, at::native::MaxOps<float>, unsigned int, float, (int)4, (int)4>>(T3)"
:BasicsTransformerLM.layers.6.attn,PushPop,30,30,1,1,3425,3425.0,3425.0,3425,3425,0.0,"void at::native::elementwise_kernel<(int)128, (int)2, void at::native::gpu_kernel_impl_nocast<at::native::BinaryFunctor<float, float, float, at::native::binary_internal::DivFunctor<float>>>(at::TensorIteratorBase &, const T1 &)::[lambda(int) (instance 1)]>(int, T3)"
:BasicsTransformerLM.layers.6.attn,PushPop,30,30,1,1,3361,3361.0,3361.0,3361,3361,0.0,"void at::native::elementwise_kernel<(int)128, (int)2, void at::native::gpu_kernel_impl_nocast<at::native::<unnamed>::where_kernel_impl(at::TensorIterator &)::[lambda() (instance 1)]::operator ()() const::[lambda() (instance 11)]::operator ()() const::[lambda(bool, float, float) (instance 1)]>(at::TensorIteratorBase &, const T1 &)::[lambda(int) (instance 1)]>(int, T3)"
:BasicsTransformerLM.layers.6.attn,PushPop,30,30,1,1,2913,2913.0,2913.0,2913,2913,0.0,"void at::native::elementwise_kernel<(int)128, (int)2, void at::native::gpu_kernel_impl_nocast<at::native::CUDAFunctor_add<float>>(at::TensorIteratorBase &, const T1 &)::[lambda(int) (instance 1)]>(int, T3)"
:BasicsTransformerLM.layers.6.attn,PushPop,30,30,1,1,2817,2817.0,2817.0,2817,2817,0.0,"void at::native::reduce_kernel<(int)512, (int)1, at::native::ReduceOp<float, at::native::func_wrapper_t<float, at::native::sum_functor<float, float, float>::operator ()(at::TensorIterator &)::[lambda(float, float) (instance 1)]>, unsigned int, float, (int)4, (int)4>>(T3)"
:BasicsTransformerLM.layers.6.attn,PushPop,30,30,1,1,2561,2561.0,2561.0,2561,2561,0.0,"void at::native::elementwise_kernel<(int)128, (int)2, void at::native::gpu_kernel_impl_nocast<at::native::direct_copy_kernel_cuda(at::TensorIteratorBase &)::[lambda() (instance 3)]::operator ()() const::[lambda() (instance 7)]::operator ()() const::[lambda(float) (instance 1)]>(at::TensorIteratorBase &, const T1 &)::[lambda(int) (instance 1)]>(int, T3)"
:BasicsTransformerLM.layers.6.attn,PushPop,30,30,1,1,2337,2337.0,2337.0,2337,2337,0.0,"void at::native::elementwise_kernel<(int)128, (int)4, void at::native::gpu_kernel_impl_nocast<at::native::<unnamed>::CompareFunctor<long>>(at::TensorIteratorBase &, const T1 &)::[lambda(int) (instance 1)]>(int, T3)"
:BasicsTransformerLM.layers.6.attn,PushPop,30,30,1,1,2112,2112.0,2112.0,2112,2112,0.0,"void at::native::vectorized_elementwise_kernel<(int)4, at::native::BUnaryFunctor<float, float, float, at::native::binary_internal::MulFunctor<float>>, std::array<char *, (unsigned long)2>>(int, T2, T3)"
:BasicsTransformerLM.layers.6.attn,PushPop,30,30,1,1,1921,1921.0,1921.0,1921,1921,0.0,"void at::native::vectorized_elementwise_kernel<(int)4, at::native::exp_kernel_cuda(at::TensorIteratorBase &)::[lambda() (instance 2)]::operator ()() const::[lambda() (instance 2)]::operator ()() const::[lambda(float) (instance 1)], std::array<char *, (unsigned long)2>>(int, T2, T3)"
:BasicsTransformerLM.layers.6.attn,PushPop,30,30,1,1,896,896.0,896.0,896,896,0.0,"void <unnamed>::elementwise_kernel_with_index<int, at::native::arange_cuda_out(const c10::Scalar &, const c10::Scalar &, const c10::Scalar &, at::Tensor &)::[lambda() (instance 1)]::operator ()() const::[lambda() (instance 4)]::operator ()() const::[lambda(long) (instance 1)]>(T1, T2, function_traits<T2>::result_type *)"
:BasicsTransformerLM.layers.6.attn,PushPop,30,30,1,1,896,896.0,896.0,896,896,0.0,"void at::native::vectorized_elementwise_kernel<(int)4, at::native::FillFunctor<float>, std::array<char *, (unsigned long)1>>(int, T2, T3)"
:BasicsTransformerLM.layers.6.attn.k_proj,PushPop,30,30,1,1,70359,70359.0,70359.0,70359,70359,0.0,cutlass3x_sm100_simt_sgemm_f32_f32_f32_f32_f32_64x32x16_1x1x1_3_tnn_align1_bias_f32_relu
:BasicsTransformerLM.layers.6.attn.output_proj,PushPop,30,30,1,1,70711,70711.0,70711.0,70711,70711,0.0,cutlass3x_sm100_simt_sgemm_f32_f32_f32_f32_f32_64x32x16_1x1x1_3_tnn_align1_bias_f32_relu
:BasicsTransformerLM.layers.6.attn.q_proj,PushPop,30,30,1,1,69815,69815.0,69815.0,69815,69815,0.0,cutlass3x_sm100_simt_sgemm_f32_f32_f32_f32_f32_64x32x16_1x1x1_3_tnn_align1_bias_f32_relu
:BasicsTransformerLM.layers.6.attn.v_proj,PushPop,30,30,1,1,70582,70582.0,70582.0,70582,70582,0.0,cutlass3x_sm100_simt_sgemm_f32_f32_f32_f32_f32_64x32x16_1x1x1_3_tnn_align1_bias_f32_relu
:BasicsTransformerLM.layers.6.ffn,PushPop,30,30,1,3,653811,217937.0,187677.0,187260,278874,52773.4,cutlass3x_sm100_simt_sgemm_f32_f32_f32_f32_f32_64x32x16_1x1x1_3_tnn_align1_bias_f32_relu
:BasicsTransformerLM.layers.6.ffn,PushPop,30,30,1,2,5890,2945.0,2945.0,2721,3169,316.8,"void at::native::vectorized_elementwise_kernel<(int)4, at::native::BinaryFunctor<float, float, float, at::native::binary_internal::MulFunctor<float>>, std::array<char *, (unsigned long)3>>(int, T2, T3)"
:BasicsTransformerLM.layers.6.ffn,PushPop,30,30,1,1,2945,2945.0,2945.0,2945,2945,0.0,"void at::native::vectorized_elementwise_kernel<(int)4, at::native::sigmoid_kernel_cuda(at::TensorIteratorBase &)::[lambda() (instance 2)]::operator ()() const::[lambda() (instance 2)]::operator ()() const::[lambda(float) (instance 1)], std::array<char *, (unsigned long)2>>(int, T2, T3)"
:BasicsTransformerLM.layers.6.ffn.w1,PushPop,30,30,1,1,187677,187677.0,187677.0,187677,187677,0.0,cutlass3x_sm100_simt_sgemm_f32_f32_f32_f32_f32_64x32x16_1x1x1_3_tnn_align1_bias_f32_relu
:BasicsTransformerLM.layers.6.ffn.w2,PushPop,30,30,1,1,278874,278874.0,278874.0,278874,278874,0.0,cutlass3x_sm100_simt_sgemm_f32_f32_f32_f32_f32_64x32x16_1x1x1_3_tnn_align1_bias_f32_relu
:BasicsTransformerLM.layers.6.ffn.w3,PushPop,30,30,1,1,187260,187260.0,187260.0,187260,187260,0.0,cutlass3x_sm100_simt_sgemm_f32_f32_f32_f32_f32_64x32x16_1x1x1_3_tnn_align1_bias_f32_relu
:BasicsTransformerLM.layers.6.ln1,PushPop,30,30,1,1,8323,8323.0,8323.0,8323,8323,0.0,"void at::native::reduce_kernel<(int)512, (int)1, at::native::ReduceOp<float, at::native::MeanOps<float, float, float, float>, unsigned int, float, (int)4, (int)4>>(T3)"
:BasicsTransformerLM.layers.6.ln1,PushPop,30,30,1,2,4993,2496.5,2496.5,2496,2497,0.7,"void at::native::elementwise_kernel<(int)128, (int)2, void at::native::gpu_kernel_impl_nocast<at::native::BinaryFunctor<float, float, float, at::native::binary_internal::MulFunctor<float>>>(at::TensorIteratorBase &, const T1 &)::[lambda(int) (instance 1)]>(int, T3)"
:BasicsTransformerLM.layers.6.ln1,PushPop,30,30,1,1,1632,1632.0,1632.0,1632,1632,0.0,"void at::native::vectorized_elementwise_kernel<(int)4, void at::native::<unnamed>::pow_tensor_scalar_kernel_impl<float, float>(at::TensorIteratorBase &, T2)::[lambda(float) (instance 1)], std::array<char *, (unsigned long)2>>(int, T2, T3)"
:BasicsTransformerLM.layers.6.ln1,PushPop,30,30,1,1,1089,1089.0,1089.0,1089,1089,0.0,"void at::native::vectorized_elementwise_kernel<(int)4, at::native::CUDAFunctorOnSelf_add<float>, std::array<char *, (unsigned long)2>>(int, T2, T3)"
:BasicsTransformerLM.layers.6.ln1,PushPop,30,30,1,1,1024,1024.0,1024.0,1024,1024,0.0,"void at::native::vectorized_elementwise_kernel<(int)4, at::native::rsqrt_kernel_cuda(at::TensorIteratorBase &)::[lambda() (instance 2)]::operator ()() const::[lambda() (instance 2)]::operator ()() const::[lambda(float) (instance 1)], std::array<char *, (unsigned long)2>>(int, T2, T3)"
:BasicsTransformerLM.layers.6.ln2,PushPop,30,30,1,1,8515,8515.0,8515.0,8515,8515,0.0,"void at::native::reduce_kernel<(int)512, (int)1, at::native::ReduceOp<float, at::native::MeanOps<float, float, float, float>, unsigned int, float, (int)4, (int)4>>(T3)"
:BasicsTransformerLM.layers.6.ln2,PushPop,30,30,1,2,4834,2417.0,2417.0,2369,2465,67.9,"void at::native::elementwise_kernel<(int)128, (int)2, void at::native::gpu_kernel_impl_nocast<at::native::BinaryFunctor<float, float, float, at::native::binary_internal::MulFunctor<float>>>(at::TensorIteratorBase &, const T1 &)::[lambda(int) (instance 1)]>(int, T3)"
:BasicsTransformerLM.layers.6.ln2,PushPop,30,30,1,1,1665,1665.0,1665.0,1665,1665,0.0,"void at::native::vectorized_elementwise_kernel<(int)4, void at::native::<unnamed>::pow_tensor_scalar_kernel_impl<float, float>(at::TensorIteratorBase &, T2)::[lambda(float) (instance 1)], std::array<char *, (unsigned long)2>>(int, T2, T3)"
:BasicsTransformerLM.layers.6.ln2,PushPop,30,30,1,1,1216,1216.0,1216.0,1216,1216,0.0,"void at::native::vectorized_elementwise_kernel<(int)4, at::native::CUDAFunctorOnSelf_add<float>, std::array<char *, (unsigned long)2>>(int, T2, T3)"
:BasicsTransformerLM.layers.6.ln2,PushPop,30,30,1,1,1184,1184.0,1184.0,1184,1184,0.0,"void at::native::vectorized_elementwise_kernel<(int)4, at::native::rsqrt_kernel_cuda(at::TensorIteratorBase &)::[lambda() (instance 2)]::operator ()() const::[lambda() (instance 2)]::operator ()() const::[lambda(float) (instance 1)], std::array<char *, (unsigned long)2>>(int, T2, T3)"
:BasicsTransformerLM.layers.7,PushPop,30,30,1,8,941711,117713.9,70695.0,5281,280603,90893.3,cutlass3x_sm100_simt_sgemm_f32_f32_f32_f32_f32_64x32x16_1x1x1_3_tnn_align1_bias_f32_relu
:BasicsTransformerLM.layers.7,PushPop,30,30,1,12,26153,2179.4,2192.5,1889,2497,259.9,"void at::native::elementwise_kernel<(int)128, (int)2, void at::native::gpu_kernel_impl_nocast<at::native::BinaryFunctor<float, float, float, at::native::binary_internal::MulFunctor<float>>>(at::TensorIteratorBase &, const T1 &)::[lambda(int) (instance 1)]>(int, T3)"
:BasicsTransformerLM.layers.7,PushPop,30,30,1,2,16709,8354.5,8354.5,8322,8387,46.0,"void at::native::reduce_kernel<(int)512, (int)1, at::native::ReduceOp<float, at::native::MeanOps<float, float, float, float>, unsigned int, float, (int)4, (int)4>>(T3)"
:BasicsTransformerLM.layers.7,PushPop,30,30,1,6,10693,1782.2,1681.0,1505,2240,300.3,"void at::native::vectorized_elementwise_kernel<(int)4, at::native::CUDAFunctor_add<float>, std::array<char *, (unsigned long)3>>(int, T2, T3)"
:BasicsTransformerLM.layers.7,PushPop,30,30,1,2,8514,4257.0,4257.0,4161,4353,135.8,"void at::native::<unnamed>::CatArrayBatchedCopy<at::native::<unnamed>::OpaqueType<(unsigned int)4>, unsigned int, (int)4, (int)64, (int)64>(T1 *, at::native::<unnamed>::CatArrInputTensorMetadata<T1, T2, T4, T5>, at::native::<unnamed>::TensorSizeStride<T2, (unsigned int)4>, int, T2)"
:BasicsTransformerLM.layers.7,PushPop,30,30,1,1,6914,6914.0,6914.0,6914,6914,0.0,cutlass3x_sm100_simt_sgemm_f32_f32_f32_f32_f32_64x32x16_1x1x1_3_nnn_align1_bias_f32_relu
:BasicsTransformerLM.layers.7,PushPop,30,30,1,2,5858,2929.0,2929.0,2433,3425,701.4,"void at::native::vectorized_elementwise_kernel<(int)4, at::native::BinaryFunctor<float, float, float, at::native::binary_internal::MulFunctor<float>>, std::array<char *, (unsigned long)3>>(int, T2, T3)"
:BasicsTransformerLM.layers.7,PushPop,30,30,1,1,4001,4001.0,4001.0,4001,4001,0.0,"void at::native::reduce_kernel<(int)512, (int)1, at::native::ReduceOp<float, at::native::MaxOps<float>, unsigned int, float, (int)4, (int)4>>(T3)"
:BasicsTransformerLM.layers.7,PushPop,30,30,1,1,3425,3425.0,3425.0,3425,3425,0.0,"void at::native::elementwise_kernel<(int)128, (int)2, void at::native::gpu_kernel_impl_nocast<at::native::BinaryFunctor<float, float, float, at::native::binary_internal::DivFunctor<float>>>(at::TensorIteratorBase &, const T1 &)::[lambda(int) (instance 1)]>(int, T3)"
:BasicsTransformerLM.layers.7,PushPop,30,30,1,2,3266,1633.0,1633.0,1601,1665,45.3,"void at::native::vectorized_elementwise_kernel<(int)4, void at::native::<unnamed>::pow_tensor_scalar_kernel_impl<float, float>(at::TensorIteratorBase &, T2)::[lambda(float) (instance 1)], std::array<char *, (unsigned long)2>>(int, T2, T3)"
:BasicsTransformerLM.layers.7,PushPop,30,30,1,1,3265,3265.0,3265.0,3265,3265,0.0,"void at::native::elementwise_kernel<(int)128, (int)2, void at::native::gpu_kernel_impl_nocast<at::native::<unnamed>::where_kernel_impl(at::TensorIterator &)::[lambda() (instance 1)]::operator ()() const::[lambda() (instance 11)]::operator ()() const::[lambda(bool, float, float) (instance 1)]>(at::TensorIteratorBase &, const T1 &)::[lambda(int) (instance 1)]>(int, T3)"
:BasicsTransformerLM.layers.7,PushPop,30,30,1,1,3265,3265.0,3265.0,3265,3265,0.0,"void at::native::vectorized_elementwise_kernel<(int)4, at::native::sigmoid_kernel_cuda(at::TensorIteratorBase &)::[lambda() (instance 2)]::operator ()() const::[lambda() (instance 2)]::operator ()() const::[lambda(float) (instance 1)], std::array<char *, (unsigned long)2>>(int, T2, T3)"
:BasicsTransformerLM.layers.7,PushPop,30,30,1,1,2977,2977.0,2977.0,2977,2977,0.0,"void at::native::elementwise_kernel<(int)128, (int)2, void at::native::gpu_kernel_impl_nocast<at::native::CUDAFunctor_add<float>>(at::TensorIteratorBase &, const T1 &)::[lambda(int) (instance 1)]>(int, T3)"
:BasicsTransformerLM.layers.7,PushPop,30,30,1,1,2785,2785.0,2785.0,2785,2785,0.0,"void at::native::reduce_kernel<(int)512, (int)1, at::native::ReduceOp<float, at::native::func_wrapper_t<float, at::native::sum_functor<float, float, float>::operator ()(at::TensorIterator &)::[lambda(float, float) (instance 1)]>, unsigned int, float, (int)4, (int)4>>(T3)"
:BasicsTransformerLM.layers.7,PushPop,30,30,1,1,2560,2560.0,2560.0,2560,2560,0.0,"void at::native::elementwise_kernel<(int)128, (int)2, void at::native::gpu_kernel_impl_nocast<at::native::direct_copy_kernel_cuda(at::TensorIteratorBase &)::[lambda() (instance 3)]::operator ()() const::[lambda() (instance 7)]::operator ()() const::[lambda(float) (instance 1)]>(at::TensorIteratorBase &, const T1 &)::[lambda(int) (instance 1)]>(int, T3)"
:BasicsTransformerLM.layers.7,PushPop,30,30,1,2,2529,1264.5,1264.5,1248,1281,23.3,"void at::native::vectorized_elementwise_kernel<(int)4, at::native::CUDAFunctorOnSelf_add<float>, std::array<char *, (unsigned long)2>>(int, T2, T3)"
:BasicsTransformerLM.layers.7,PushPop,30,30,1,2,2465,1232.5,1232.5,1217,1248,21.9,"void at::native::vectorized_elementwise_kernel<(int)4, at::native::rsqrt_kernel_cuda(at::TensorIteratorBase &)::[lambda() (instance 2)]::operator ()() const::[lambda() (instance 2)]::operator ()() const::[lambda(float) (instance 1)], std::array<char *, (unsigned long)2>>(int, T2, T3)"
:BasicsTransformerLM.layers.7,PushPop,30,30,1,1,2177,2177.0,2177.0,2177,2177,0.0,"void at::native::elementwise_kernel<(int)128, (int)4, void at::native::gpu_kernel_impl_nocast<at::native::<unnamed>::CompareFunctor<long>>(at::TensorIteratorBase &, const T1 &)::[lambda(int) (instance 1)]>(int, T3)"
:BasicsTransformerLM.layers.7,PushPop,30,30,1,1,1921,1921.0,1921.0,1921,1921,0.0,"void at::native::vectorized_elementwise_kernel<(int)4, at::native::exp_kernel_cuda(at::TensorIteratorBase &)::[lambda() (instance 2)]::operator ()() const::[lambda() (instance 2)]::operator ()() const::[lambda(float) (instance 1)], std::array<char *, (unsigned long)2>>(int, T2, T3)"
:BasicsTransformerLM.layers.7,PushPop,30,30,1,1,1888,1888.0,1888.0,1888,1888,0.0,"void at::native::vectorized_elementwise_kernel<(int)4, at::native::BUnaryFunctor<float, float, float, at::native::binary_internal::MulFunctor<float>>, std::array<char *, (unsigned long)2>>(int, T2, T3)"
:BasicsTransformerLM.layers.7,PushPop,30,30,1,1,896,896.0,896.0,896,896,0.0,"void <unnamed>::elementwise_kernel_with_index<int, at::native::arange_cuda_out(const c10::Scalar &, const c10::Scalar &, const c10::Scalar &, at::Tensor &)::[lambda() (instance 1)]::operator ()() const::[lambda() (instance 4)]::operator ()() const::[lambda(long) (instance 1)]>(T1, T2, function_traits<T2>::result_type *)"
:BasicsTransformerLM.layers.7,PushPop,30,30,1,1,896,896.0,896.0,896,896,0.0,"void at::native::vectorized_elementwise_kernel<(int)4, at::native::FillFunctor<float>, std::array<char *, (unsigned long)1>>(int, T2, T3)"
:BasicsTransformerLM.layers.7.attn,PushPop,30,30,1,5,286587,57317.4,70134.0,5281,70839,29092.0,cutlass3x_sm100_simt_sgemm_f32_f32_f32_f32_f32_64x32x16_1x1x1_3_tnn_align1_bias_f32_relu
:BasicsTransformerLM.layers.7.attn,PushPop,30,30,1,8,16325,2040.6,1920.5,1889,2401,196.4,"void at::native::elementwise_kernel<(int)128, (int)2, void at::native::gpu_kernel_impl_nocast<at::native::BinaryFunctor<float, float, float, at::native::binary_internal::MulFunctor<float>>>(at::TensorIteratorBase &, const T1 &)::[lambda(int) (instance 1)]>(int, T3)"
:BasicsTransformerLM.layers.7.attn,PushPop,30,30,1,2,8514,4257.0,4257.0,4161,4353,135.8,"void at::native::<unnamed>::CatArrayBatchedCopy<at::native::<unnamed>::OpaqueType<(unsigned int)4>, unsigned int, (int)4, (int)64, (int)64>(T1 *, at::native::<unnamed>::CatArrInputTensorMetadata<T1, T2, T4, T5>, at::native::<unnamed>::TensorSizeStride<T2, (unsigned int)4>, int, T2)"
:BasicsTransformerLM.layers.7.attn,PushPop,30,30,1,1,6914,6914.0,6914.0,6914,6914,0.0,cutlass3x_sm100_simt_sgemm_f32_f32_f32_f32_f32_64x32x16_1x1x1_3_nnn_align1_bias_f32_relu
:BasicsTransformerLM.layers.7.attn,PushPop,30,30,1,4,6404,1601.0,1569.0,1505,1761,113.9,"void at::native::vectorized_elementwise_kernel<(int)4, at::native::CUDAFunctor_add<float>, std::array<char *, (unsigned long)3>>(int, T2, T3)"
:BasicsTransformerLM.layers.7.attn,PushPop,30,30,1,1,4001,4001.0,4001.0,4001,4001,0.0,"void at::native::reduce_kernel<(int)512, (int)1, at::native::ReduceOp<float, at::native::MaxOps<float>, unsigned int, float, (int)4, (int)4>>(T3)"
:BasicsTransformerLM.layers.7.attn,PushPop,30,30,1,1,3425,3425.0,3425.0,3425,3425,0.0,"void at::native::elementwise_kernel<(int)128, (int)2, void at::native::gpu_kernel_impl_nocast<at::native::BinaryFunctor<float, float, float, at::native::binary_internal::DivFunctor<float>>>(at::TensorIteratorBase &, const T1 &)::[lambda(int) (instance 1)]>(int, T3)"
:BasicsTransformerLM.layers.7.attn,PushPop,30,30,1,1,3265,3265.0,3265.0,3265,3265,0.0,"void at::native::elementwise_kernel<(int)128, (int)2, void at::native::gpu_kernel_impl_nocast<at::native::<unnamed>::where_kernel_impl(at::TensorIterator &)::[lambda() (instance 1)]::operator ()() const::[lambda() (instance 11)]::operator ()() const::[lambda(bool, float, float) (instance 1)]>(at::TensorIteratorBase &, const T1 &)::[lambda(int) (instance 1)]>(int, T3)"
:BasicsTransformerLM.layers.7.attn,PushPop,30,30,1,1,2977,2977.0,2977.0,2977,2977,0.0,"void at::native::elementwise_kernel<(int)128, (int)2, void at::native::gpu_kernel_impl_nocast<at::native::CUDAFunctor_add<float>>(at::TensorIteratorBase &, const T1 &)::[lambda(int) (instance 1)]>(int, T3)"
:BasicsTransformerLM.layers.7.attn,PushPop,30,30,1,1,2785,2785.0,2785.0,2785,2785,0.0,"void at::native::reduce_kernel<(int)512, (int)1, at::native::ReduceOp<float, at::native::func_wrapper_t<float, at::native::sum_functor<float, float, float>::operator ()(at::TensorIterator &)::[lambda(float, float) (instance 1)]>, unsigned int, float, (int)4, (int)4>>(T3)"
:BasicsTransformerLM.layers.7.attn,PushPop,30,30,1,1,2560,2560.0,2560.0,2560,2560,0.0,"void at::native::elementwise_kernel<(int)128, (int)2, void at::native::gpu_kernel_impl_nocast<at::native::direct_copy_kernel_cuda(at::TensorIteratorBase &)::[lambda() (instance 3)]::operator ()() const::[lambda() (instance 7)]::operator ()() const::[lambda(float) (instance 1)]>(at::TensorIteratorBase &, const T1 &)::[lambda(int) (instance 1)]>(int, T3)"
:BasicsTransformerLM.layers.7.attn,PushPop,30,30,1,1,2177,2177.0,2177.0,2177,2177,0.0,"void at::native::elementwise_kernel<(int)128, (int)4, void at::native::gpu_kernel_impl_nocast<at::native::<unnamed>::CompareFunctor<long>>(at::TensorIteratorBase &, const T1 &)::[lambda(int) (instance 1)]>(int, T3)"
:BasicsTransformerLM.layers.7.attn,PushPop,30,30,1,1,1921,1921.0,1921.0,1921,1921,0.0,"void at::native::vectorized_elementwise_kernel<(int)4, at::native::exp_kernel_cuda(at::TensorIteratorBase &)::[lambda() (instance 2)]::operator ()() const::[lambda() (instance 2)]::operator ()() const::[lambda(float) (instance 1)], std::array<char *, (unsigned long)2>>(int, T2, T3)"
:BasicsTransformerLM.layers.7.attn,PushPop,30,30,1,1,1888,1888.0,1888.0,1888,1888,0.0,"void at::native::vectorized_elementwise_kernel<(int)4, at::native::BUnaryFunctor<float, float, float, at::native::binary_internal::MulFunctor<float>>, std::array<char *, (unsigned long)2>>(int, T2, T3)"
:BasicsTransformerLM.layers.7.attn,PushPop,30,30,1,1,896,896.0,896.0,896,896,0.0,"void <unnamed>::elementwise_kernel_with_index<int, at::native::arange_cuda_out(const c10::Scalar &, const c10::Scalar &, const c10::Scalar &, at::Tensor &)::[lambda() (instance 1)]::operator ()() const::[lambda() (instance 4)]::operator ()() const::[lambda(long) (instance 1)]>(T1, T2, function_traits<T2>::result_type *)"
:BasicsTransformerLM.layers.7.attn,PushPop,30,30,1,1,896,896.0,896.0,896,896,0.0,"void at::native::vectorized_elementwise_kernel<(int)4, at::native::FillFunctor<float>, std::array<char *, (unsigned long)1>>(int, T2, T3)"
:BasicsTransformerLM.layers.7.attn.k_proj,PushPop,30,30,1,1,70551,70551.0,70551.0,70551,70551,0.0,cutlass3x_sm100_simt_sgemm_f32_f32_f32_f32_f32_64x32x16_1x1x1_3_tnn_align1_bias_f32_relu
:BasicsTransformerLM.layers.7.attn.output_proj,PushPop,30,30,1,1,70839,70839.0,70839.0,70839,70839,0.0,cutlass3x_sm100_simt_sgemm_f32_f32_f32_f32_f32_64x32x16_1x1x1_3_tnn_align1_bias_f32_relu
:BasicsTransformerLM.layers.7.attn.q_proj,PushPop,30,30,1,1,69782,69782.0,69782.0,69782,69782,0.0,cutlass3x_sm100_simt_sgemm_f32_f32_f32_f32_f32_64x32x16_1x1x1_3_tnn_align1_bias_f32_relu
:BasicsTransformerLM.layers.7.attn.v_proj,PushPop,30,30,1,1,70134,70134.0,70134.0,70134,70134,0.0,cutlass3x_sm100_simt_sgemm_f32_f32_f32_f32_f32_64x32x16_1x1x1_3_tnn_align1_bias_f32_relu
:BasicsTransformerLM.layers.7.ffn,PushPop,30,30,1,3,655124,218374.7,187869.0,186652,280603,53894.8,cutlass3x_sm100_simt_sgemm_f32_f32_f32_f32_f32_64x32x16_1x1x1_3_tnn_align1_bias_f32_relu
:BasicsTransformerLM.layers.7.ffn,PushPop,30,30,1,2,5858,2929.0,2929.0,2433,3425,701.4,"void at::native::vectorized_elementwise_kernel<(int)4, at::native::BinaryFunctor<float, float, float, at::native::binary_internal::MulFunctor<float>>, std::array<char *, (unsigned long)3>>(int, T2, T3)"
:BasicsTransformerLM.layers.7.ffn,PushPop,30,30,1,1,3265,3265.0,3265.0,3265,3265,0.0,"void at::native::vectorized_elementwise_kernel<(int)4, at::native::sigmoid_kernel_cuda(at::TensorIteratorBase &)::[lambda() (instance 2)]::operator ()() const::[lambda() (instance 2)]::operator ()() const::[lambda(float) (instance 1)], std::array<char *, (unsigned long)2>>(int, T2, T3)"
:BasicsTransformerLM.layers.7.ffn.w1,PushPop,30,30,1,1,187869,187869.0,187869.0,187869,187869,0.0,cutlass3x_sm100_simt_sgemm_f32_f32_f32_f32_f32_64x32x16_1x1x1_3_tnn_align1_bias_f32_relu
:BasicsTransformerLM.layers.7.ffn.w2,PushPop,30,30,1,1,280603,280603.0,280603.0,280603,280603,0.0,cutlass3x_sm100_simt_sgemm_f32_f32_f32_f32_f32_64x32x16_1x1x1_3_tnn_align1_bias_f32_relu
:BasicsTransformerLM.layers.7.ffn.w3,PushPop,30,30,1,1,186652,186652.0,186652.0,186652,186652,0.0,cutlass3x_sm100_simt_sgemm_f32_f32_f32_f32_f32_64x32x16_1x1x1_3_tnn_align1_bias_f32_relu
:BasicsTransformerLM.layers.7.ln1,PushPop,30,30,1,1,8322,8322.0,8322.0,8322,8322,0.0,"void at::native::reduce_kernel<(int)512, (int)1, at::native::ReduceOp<float, at::native::MeanOps<float, float, float, float>, unsigned int, float, (int)4, (int)4>>(T3)"
:BasicsTransformerLM.layers.7.ln1,PushPop,30,30,1,2,4866,2433.0,2433.0,2369,2497,90.5,"void at::native::elementwise_kernel<(int)128, (int)2, void at::native::gpu_kernel_impl_nocast<at::native::BinaryFunctor<float, float, float, at::native::binary_internal::MulFunctor<float>>>(at::TensorIteratorBase &, const T1 &)::[lambda(int) (instance 1)]>(int, T3)"
:BasicsTransformerLM.layers.7.ln1,PushPop,30,30,1,1,1601,1601.0,1601.0,1601,1601,0.0,"void at::native::vectorized_elementwise_kernel<(int)4, void at::native::<unnamed>::pow_tensor_scalar_kernel_impl<float, float>(at::TensorIteratorBase &, T2)::[lambda(float) (instance 1)], std::array<char *, (unsigned long)2>>(int, T2, T3)"
:BasicsTransformerLM.layers.7.ln1,PushPop,30,30,1,1,1248,1248.0,1248.0,1248,1248,0.0,"void at::native::vectorized_elementwise_kernel<(int)4, at::native::CUDAFunctorOnSelf_add<float>, std::array<char *, (unsigned long)2>>(int, T2, T3)"
:BasicsTransformerLM.layers.7.ln1,PushPop,30,30,1,1,1248,1248.0,1248.0,1248,1248,0.0,"void at::native::vectorized_elementwise_kernel<(int)4, at::native::rsqrt_kernel_cuda(at::TensorIteratorBase &)::[lambda() (instance 2)]::operator ()() const::[lambda() (instance 2)]::operator ()() const::[lambda(float) (instance 1)], std::array<char *, (unsigned long)2>>(int, T2, T3)"
:BasicsTransformerLM.layers.7.ln2,PushPop,30,30,1,1,8387,8387.0,8387.0,8387,8387,0.0,"void at::native::reduce_kernel<(int)512, (int)1, at::native::ReduceOp<float, at::native::MeanOps<float, float, float, float>, unsigned int, float, (int)4, (int)4>>(T3)"
:BasicsTransformerLM.layers.7.ln2,PushPop,30,30,1,2,4962,2481.0,2481.0,2465,2497,22.6,"void at::native::elementwise_kernel<(int)128, (int)2, void at::native::gpu_kernel_impl_nocast<at::native::BinaryFunctor<float, float, float, at::native::binary_internal::MulFunctor<float>>>(at::TensorIteratorBase &, const T1 &)::[lambda(int) (instance 1)]>(int, T3)"
:BasicsTransformerLM.layers.7.ln2,PushPop,30,30,1,1,1665,1665.0,1665.0,1665,1665,0.0,"void at::native::vectorized_elementwise_kernel<(int)4, void at::native::<unnamed>::pow_tensor_scalar_kernel_impl<float, float>(at::TensorIteratorBase &, T2)::[lambda(float) (instance 1)], std::array<char *, (unsigned long)2>>(int, T2, T3)"
:BasicsTransformerLM.layers.7.ln2,PushPop,30,30,1,1,1281,1281.0,1281.0,1281,1281,0.0,"void at::native::vectorized_elementwise_kernel<(int)4, at::native::CUDAFunctorOnSelf_add<float>, std::array<char *, (unsigned long)2>>(int, T2, T3)"
:BasicsTransformerLM.layers.7.ln2,PushPop,30,30,1,1,1217,1217.0,1217.0,1217,1217,0.0,"void at::native::vectorized_elementwise_kernel<(int)4, at::native::rsqrt_kernel_cuda(at::TensorIteratorBase &)::[lambda() (instance 2)]::operator ()() const::[lambda() (instance 2)]::operator ()() const::[lambda(float) (instance 1)], std::array<char *, (unsigned long)2>>(int, T2, T3)"
:BasicsTransformerLM.layers.8,PushPop,30,30,1,8,938832,117354.0,70694.5,5217,278522,90404.3,cutlass3x_sm100_simt_sgemm_f32_f32_f32_f32_f32_64x32x16_1x1x1_3_tnn_align1_bias_f32_relu
:BasicsTransformerLM.layers.8,PushPop,30,30,1,12,26311,2192.6,2144.5,1921,2497,235.0,"void at::native::elementwise_kernel<(int)128, (int)2, void at::native::gpu_kernel_impl_nocast<at::native::BinaryFunctor<float, float, float, at::native::binary_internal::MulFunctor<float>>>(at::TensorIteratorBase &, const T1 &)::[lambda(int) (instance 1)]>(int, T3)"
:BasicsTransformerLM.layers.8,PushPop,30,30,1,2,16901,8450.5,8450.5,8387,8514,89.8,"void at::native::reduce_kernel<(int)512, (int)1, at::native::ReduceOp<float, at::native::MeanOps<float, float, float, float>, unsigned int, float, (int)4, (int)4>>(T3)"
:BasicsTransformerLM.layers.8,PushPop,30,30,1,6,10822,1803.7,1697.0,1505,2209,290.2,"void at::native::vectorized_elementwise_kernel<(int)4, at::native::CUDAFunctor_add<float>, std::array<char *, (unsigned long)3>>(int, T2, T3)"
:BasicsTransformerLM.layers.8,PushPop,30,30,1,2,8514,4257.0,4257.0,4161,4353,135.8,"void at::native::<unnamed>::CatArrayBatchedCopy<at::native::<unnamed>::OpaqueType<(unsigned int)4>, unsigned int, (int)4, (int)64, (int)64>(T1 *, at::native::<unnamed>::CatArrInputTensorMetadata<T1, T2, T4, T5>, at::native::<unnamed>::TensorSizeStride<T2, (unsigned int)4>, int, T2)"
:BasicsTransformerLM.layers.8,PushPop,30,30,1,1,6754,6754.0,6754.0,6754,6754,0.0,cutlass3x_sm100_simt_sgemm_f32_f32_f32_f32_f32_64x32x16_1x1x1_3_nnn_align1_bias_f32_relu
:BasicsTransformerLM.layers.8,PushPop,30,30,1,2,5474,2737.0,2737.0,2433,3041,429.9,"void at::native::vectorized_elementwise_kernel<(int)4, at::native::BinaryFunctor<float, float, float, at::native::binary_internal::MulFunctor<float>>, std::array<char *, (unsigned long)3>>(int, T2, T3)"
:BasicsTransformerLM.layers.8,PushPop,30,30,1,1,4225,4225.0,4225.0,4225,4225,0.0,"void at::native::reduce_kernel<(int)512, (int)1, at::native::ReduceOp<float, at::native::MaxOps<float>, unsigned int, float, (int)4, (int)4>>(T3)"
:BasicsTransformerLM.layers.8,PushPop,30,30,1,1,3425,3425.0,3425.0,3425,3425,0.0,"void at::native::elementwise_kernel<(int)128, (int)2, void at::native::gpu_kernel_impl_nocast<at::native::BinaryFunctor<float, float, float, at::native::binary_internal::DivFunctor<float>>>(at::TensorIteratorBase &, const T1 &)::[lambda(int) (instance 1)]>(int, T3)"
:BasicsTransformerLM.layers.8,PushPop,30,30,1,1,3361,3361.0,3361.0,3361,3361,0.0,"void at::native::elementwise_kernel<(int)128, (int)2, void at::native::gpu_kernel_impl_nocast<at::native::<unnamed>::where_kernel_impl(at::TensorIterator &)::[lambda() (instance 1)]::operator ()() const::[lambda() (instance 11)]::operator ()() const::[lambda(bool, float, float) (instance 1)]>(at::TensorIteratorBase &, const T1 &)::[lambda(int) (instance 1)]>(int, T3)"
:BasicsTransformerLM.layers.8,PushPop,30,30,1,2,3233,1616.5,1616.5,1601,1632,21.9,"void at::native::vectorized_elementwise_kernel<(int)4, void at::native::<unnamed>::pow_tensor_scalar_kernel_impl<float, float>(at::TensorIteratorBase &, T2)::[lambda(float) (instance 1)], std::array<char *, (unsigned long)2>>(int, T2, T3)"
:BasicsTransformerLM.layers.8,PushPop,30,30,1,1,3201,3201.0,3201.0,3201,3201,0.0,"void at::native::vectorized_elementwise_kernel<(int)4, at::native::sigmoid_kernel_cuda(at::TensorIteratorBase &)::[lambda() (instance 2)]::operator ()() const::[lambda() (instance 2)]::operator ()() const::[lambda(float) (instance 1)], std::array<char *, (unsigned long)2>>(int, T2, T3)"
:BasicsTransformerLM.layers.8,PushPop,30,30,1,1,2977,2977.0,2977.0,2977,2977,0.0,"void at::native::elementwise_kernel<(int)128, (int)2, void at::native::gpu_kernel_impl_nocast<at::native::CUDAFunctor_add<float>>(at::TensorIteratorBase &, const T1 &)::[lambda(int) (instance 1)]>(int, T3)"
:BasicsTransformerLM.layers.8,PushPop,30,30,1,1,2785,2785.0,2785.0,2785,2785,0.0,"void at::native::reduce_kernel<(int)512, (int)1, at::native::ReduceOp<float, at::native::func_wrapper_t<float, at::native::sum_functor<float, float, float>::operator ()(at::TensorIterator &)::[lambda(float, float) (instance 1)]>, unsigned int, float, (int)4, (int)4>>(T3)"
:BasicsTransformerLM.layers.8,PushPop,30,30,1,2,2657,1328.5,1328.5,1216,1441,159.1,"void at::native::vectorized_elementwise_kernel<(int)4, at::native::CUDAFunctorOnSelf_add<float>, std::array<char *, (unsigned long)2>>(int, T2, T3)"
:BasicsTransformerLM.layers.8,PushPop,30,30,1,1,2560,2560.0,2560.0,2560,2560,0.0,"void at::native::elementwise_kernel<(int)128, (int)2, void at::native::gpu_kernel_impl_nocast<at::native::direct_copy_kernel_cuda(at::TensorIteratorBase &)::[lambda() (instance 3)]::operator ()() const::[lambda() (instance 7)]::operator ()() const::[lambda(float) (instance 1)]>(at::TensorIteratorBase &, const T1 &)::[lambda(int) (instance 1)]>(int, T3)"
:BasicsTransformerLM.layers.8,PushPop,30,30,1,2,2368,1184.0,1184.0,1152,1216,45.3,"void at::native::vectorized_elementwise_kernel<(int)4, at::native::rsqrt_kernel_cuda(at::TensorIteratorBase &)::[lambda() (instance 2)]::operator ()() const::[lambda() (instance 2)]::operator ()() const::[lambda(float) (instance 1)], std::array<char *, (unsigned long)2>>(int, T2, T3)"
:BasicsTransformerLM.layers.8,PushPop,30,30,1,1,2081,2081.0,2081.0,2081,2081,0.0,"void at::native::elementwise_kernel<(int)128, (int)4, void at::native::gpu_kernel_impl_nocast<at::native::<unnamed>::CompareFunctor<long>>(at::TensorIteratorBase &, const T1 &)::[lambda(int) (instance 1)]>(int, T3)"
:BasicsTransformerLM.layers.8,PushPop,30,30,1,1,1953,1953.0,1953.0,1953,1953,0.0,"void at::native::vectorized_elementwise_kernel<(int)4, at::native::exp_kernel_cuda(at::TensorIteratorBase &)::[lambda() (instance 2)]::operator ()() const::[lambda() (instance 2)]::operator ()() const::[lambda(float) (instance 1)], std::array<char *, (unsigned long)2>>(int, T2, T3)"
:BasicsTransformerLM.layers.8,PushPop,30,30,1,1,1888,1888.0,1888.0,1888,1888,0.0,"void at::native::vectorized_elementwise_kernel<(int)4, at::native::BUnaryFunctor<float, float, float, at::native::binary_internal::MulFunctor<float>>, std::array<char *, (unsigned long)2>>(int, T2, T3)"
:BasicsTransformerLM.layers.8,PushPop,30,30,1,1,1024,1024.0,1024.0,1024,1024,0.0,"void <unnamed>::elementwise_kernel_with_index<int, at::native::arange_cuda_out(const c10::Scalar &, const c10::Scalar &, const c10::Scalar &, at::Tensor &)::[lambda() (instance 1)]::operator ()() const::[lambda() (instance 4)]::operator ()() const::[lambda(long) (instance 1)]>(T1, T2, function_traits<T2>::result_type *)"
:BasicsTransformerLM.layers.8,PushPop,30,30,1,1,896,896.0,896.0,896,896,0.0,"void at::native::vectorized_elementwise_kernel<(int)4, at::native::FillFunctor<float>, std::array<char *, (unsigned long)1>>(int, T2, T3)"
:BasicsTransformerLM.layers.8.attn,PushPop,30,30,1,5,285916,57183.2,69687.0,5217,70870,29054.9,cutlass3x_sm100_simt_sgemm_f32_f32_f32_f32_f32_64x32x16_1x1x1_3_tnn_align1_bias_f32_relu
:BasicsTransformerLM.layers.8.attn,PushPop,30,30,1,8,16581,2072.6,1984.5,1921,2497,192.6,"void at::native::elementwise_kernel<(int)128, (int)2, void at::native::gpu_kernel_impl_nocast<at::native::BinaryFunctor<float, float, float, at::native::binary_internal::MulFunctor<float>>>(at::TensorIteratorBase &, const T1 &)::[lambda(int) (instance 1)]>(int, T3)"
:BasicsTransformerLM.layers.8.attn,PushPop,30,30,1,2,8514,4257.0,4257.0,4161,4353,135.8,"void at::native::<unnamed>::CatArrayBatchedCopy<at::native::<unnamed>::OpaqueType<(unsigned int)4>, unsigned int, (int)4, (int)64, (int)64>(T1 *, at::native::<unnamed>::CatArrInputTensorMetadata<T1, T2, T4, T5>, at::native::<unnamed>::TensorSizeStride<T2, (unsigned int)4>, int, T2)"
:BasicsTransformerLM.layers.8.attn,PushPop,30,30,1,1,6754,6754.0,6754.0,6754,6754,0.0,cutlass3x_sm100_simt_sgemm_f32_f32_f32_f32_f32_64x32x16_1x1x1_3_nnn_align1_bias_f32_relu
:BasicsTransformerLM.layers.8.attn,PushPop,30,30,1,4,6500,1625.0,1617.0,1505,1761,105.7,"void at::native::vectorized_elementwise_kernel<(int)4, at::native::CUDAFunctor_add<float>, std::array<char *, (unsigned long)3>>(int, T2, T3)"
:BasicsTransformerLM.layers.8.attn,PushPop,30,30,1,1,4225,4225.0,4225.0,4225,4225,0.0,"void at::native::reduce_kernel<(int)512, (int)1, at::native::ReduceOp<float, at::native::MaxOps<float>, unsigned int, float, (int)4, (int)4>>(T3)"
:BasicsTransformerLM.layers.8.attn,PushPop,30,30,1,1,3425,3425.0,3425.0,3425,3425,0.0,"void at::native::elementwise_kernel<(int)128, (int)2, void at::native::gpu_kernel_impl_nocast<at::native::BinaryFunctor<float, float, float, at::native::binary_internal::DivFunctor<float>>>(at::TensorIteratorBase &, const T1 &)::[lambda(int) (instance 1)]>(int, T3)"
:BasicsTransformerLM.layers.8.attn,PushPop,30,30,1,1,3361,3361.0,3361.0,3361,3361,0.0,"void at::native::elementwise_kernel<(int)128, (int)2, void at::native::gpu_kernel_impl_nocast<at::native::<unnamed>::where_kernel_impl(at::TensorIterator &)::[lambda() (instance 1)]::operator ()() const::[lambda() (instance 11)]::operator ()() const::[lambda(bool, float, float) (instance 1)]>(at::TensorIteratorBase &, const T1 &)::[lambda(int) (instance 1)]>(int, T3)"
:BasicsTransformerLM.layers.8.attn,PushPop,30,30,1,1,2977,2977.0,2977.0,2977,2977,0.0,"void at::native::elementwise_kernel<(int)128, (int)2, void at::native::gpu_kernel_impl_nocast<at::native::CUDAFunctor_add<float>>(at::TensorIteratorBase &, const T1 &)::[lambda(int) (instance 1)]>(int, T3)"
:BasicsTransformerLM.layers.8.attn,PushPop,30,30,1,1,2785,2785.0,2785.0,2785,2785,0.0,"void at::native::reduce_kernel<(int)512, (int)1, at::native::ReduceOp<float, at::native::func_wrapper_t<float, at::native::sum_functor<float, float, float>::operator ()(at::TensorIterator &)::[lambda(float, float) (instance 1)]>, unsigned int, float, (int)4, (int)4>>(T3)"
:BasicsTransformerLM.layers.8.attn,PushPop,30,30,1,1,2560,2560.0,2560.0,2560,2560,0.0,"void at::native::elementwise_kernel<(int)128, (int)2, void at::native::gpu_kernel_impl_nocast<at::native::direct_copy_kernel_cuda(at::TensorIteratorBase &)::[lambda() (instance 3)]::operator ()() const::[lambda() (instance 7)]::operator ()() const::[lambda(float) (instance 1)]>(at::TensorIteratorBase &, const T1 &)::[lambda(int) (instance 1)]>(int, T3)"
:BasicsTransformerLM.layers.8.attn,PushPop,30,30,1,1,2081,2081.0,2081.0,2081,2081,0.0,"void at::native::elementwise_kernel<(int)128, (int)4, void at::native::gpu_kernel_impl_nocast<at::native::<unnamed>::CompareFunctor<long>>(at::TensorIteratorBase &, const T1 &)::[lambda(int) (instance 1)]>(int, T3)"
:BasicsTransformerLM.layers.8.attn,PushPop,30,30,1,1,1953,1953.0,1953.0,1953,1953,0.0,"void at::native::vectorized_elementwise_kernel<(int)4, at::native::exp_kernel_cuda(at::TensorIteratorBase &)::[lambda() (instance 2)]::operator ()() const::[lambda() (instance 2)]::operator ()() const::[lambda(float) (instance 1)], std::array<char *, (unsigned long)2>>(int, T2, T3)"
:BasicsTransformerLM.layers.8.attn,PushPop,30,30,1,1,1888,1888.0,1888.0,1888,1888,0.0,"void at::native::vectorized_elementwise_kernel<(int)4, at::native::BUnaryFunctor<float, float, float, at::native::binary_internal::MulFunctor<float>>, std::array<char *, (unsigned long)2>>(int, T2, T3)"
:BasicsTransformerLM.layers.8.attn,PushPop,30,30,1,1,1024,1024.0,1024.0,1024,1024,0.0,"void <unnamed>::elementwise_kernel_with_index<int, at::native::arange_cuda_out(const c10::Scalar &, const c10::Scalar &, const c10::Scalar &, at::Tensor &)::[lambda() (instance 1)]::operator ()() const::[lambda() (instance 4)]::operator ()() const::[lambda(long) (instance 1)]>(T1, T2, function_traits<T2>::result_type *)"
:BasicsTransformerLM.layers.8.attn,PushPop,30,30,1,1,896,896.0,896.0,896,896,0.0,"void at::native::vectorized_elementwise_kernel<(int)4, at::native::FillFunctor<float>, std::array<char *, (unsigned long)1>>(int, T2, T3)"
:BasicsTransformerLM.layers.8.attn.k_proj,PushPop,30,30,1,1,69687,69687.0,69687.0,69687,69687,0.0,cutlass3x_sm100_simt_sgemm_f32_f32_f32_f32_f32_64x32x16_1x1x1_3_tnn_align1_bias_f32_relu
:BasicsTransformerLM.layers.8.attn.output_proj,PushPop,30,30,1,1,70519,70519.0,70519.0,70519,70519,0.0,cutlass3x_sm100_simt_sgemm_f32_f32_f32_f32_f32_64x32x16_1x1x1_3_tnn_align1_bias_f32_relu
:BasicsTransformerLM.layers.8.attn.q_proj,PushPop,30,30,1,1,69623,69623.0,69623.0,69623,69623,0.0,cutlass3x_sm100_simt_sgemm_f32_f32_f32_f32_f32_64x32x16_1x1x1_3_tnn_align1_bias_f32_relu
:BasicsTransformerLM.layers.8.attn.v_proj,PushPop,30,30,1,1,70870,70870.0,70870.0,70870,70870,0.0,cutlass3x_sm100_simt_sgemm_f32_f32_f32_f32_f32_64x32x16_1x1x1_3_tnn_align1_bias_f32_relu
:BasicsTransformerLM.layers.8.ffn,PushPop,30,30,1,3,652916,217638.7,187325.0,187069,278522,52726.7,cutlass3x_sm100_simt_sgemm_f32_f32_f32_f32_f32_64x32x16_1x1x1_3_tnn_align1_bias_f32_relu
:BasicsTransformerLM.layers.8.ffn,PushPop,30,30,1,2,5474,2737.0,2737.0,2433,3041,429.9,"void at::native::vectorized_elementwise_kernel<(int)4, at::native::BinaryFunctor<float, float, float, at::native::binary_internal::MulFunctor<float>>, std::array<char *, (unsigned long)3>>(int, T2, T3)"
:BasicsTransformerLM.layers.8.ffn,PushPop,30,30,1,1,3201,3201.0,3201.0,3201,3201,0.0,"void at::native::vectorized_elementwise_kernel<(int)4, at::native::sigmoid_kernel_cuda(at::TensorIteratorBase &)::[lambda() (instance 2)]::operator ()() const::[lambda() (instance 2)]::operator ()() const::[lambda(float) (instance 1)], std::array<char *, (unsigned long)2>>(int, T2, T3)"
:BasicsTransformerLM.layers.8.ffn.w1,PushPop,30,30,1,1,187325,187325.0,187325.0,187325,187325,0.0,cutlass3x_sm100_simt_sgemm_f32_f32_f32_f32_f32_64x32x16_1x1x1_3_tnn_align1_bias_f32_relu
:BasicsTransformerLM.layers.8.ffn.w2,PushPop,30,30,1,1,278522,278522.0,278522.0,278522,278522,0.0,cutlass3x_sm100_simt_sgemm_f32_f32_f32_f32_f32_64x32x16_1x1x1_3_tnn_align1_bias_f32_relu
:BasicsTransformerLM.layers.8.ffn.w3,PushPop,30,30,1,1,187069,187069.0,187069.0,187069,187069,0.0,cutlass3x_sm100_simt_sgemm_f32_f32_f32_f32_f32_64x32x16_1x1x1_3_tnn_align1_bias_f32_relu
:BasicsTransformerLM.layers.8.ln1,PushPop,30,30,1,1,8387,8387.0,8387.0,8387,8387,0.0,"void at::native::reduce_kernel<(int)512, (int)1, at::native::ReduceOp<float, at::native::MeanOps<float, float, float, float>, unsigned int, float, (int)4, (int)4>>(T3)"
:BasicsTransformerLM.layers.8.ln1,PushPop,30,30,1,2,4865,2432.5,2432.5,2432,2433,0.7,"void at::native::elementwise_kernel<(int)128, (int)2, void at::native::gpu_kernel_impl_nocast<at::native::BinaryFunctor<float, float, float, at::native::binary_internal::MulFunctor<float>>>(at::TensorIteratorBase &, const T1 &)::[lambda(int) (instance 1)]>(int, T3)"
:BasicsTransformerLM.layers.8.ln1,PushPop,30,30,1,1,1632,1632.0,1632.0,1632,1632,0.0,"void at::native::vectorized_elementwise_kernel<(int)4, void at::native::<unnamed>::pow_tensor_scalar_kernel_impl<float, float>(at::TensorIteratorBase &, T2)::[lambda(float) (instance 1)], std::array<char *, (unsigned long)2>>(int, T2, T3)"
:BasicsTransformerLM.layers.8.ln1,PushPop,30,30,1,1,1441,1441.0,1441.0,1441,1441,0.0,"void at::native::vectorized_elementwise_kernel<(int)4, at::native::CUDAFunctorOnSelf_add<float>, std::array<char *, (unsigned long)2>>(int, T2, T3)"
:BasicsTransformerLM.layers.8.ln1,PushPop,30,30,1,1,1152,1152.0,1152.0,1152,1152,0.0,"void at::native::vectorized_elementwise_kernel<(int)4, at::native::rsqrt_kernel_cuda(at::TensorIteratorBase &)::[lambda() (instance 2)]::operator ()() const::[lambda() (instance 2)]::operator ()() const::[lambda(float) (instance 1)], std::array<char *, (unsigned long)2>>(int, T2, T3)"
:BasicsTransformerLM.layers.8.ln2,PushPop,30,30,1,1,8514,8514.0,8514.0,8514,8514,0.0,"void at::native::reduce_kernel<(int)512, (int)1, at::native::ReduceOp<float, at::native::MeanOps<float, float, float, float>, unsigned int, float, (int)4, (int)4>>(T3)"
:BasicsTransformerLM.layers.8.ln2,PushPop,30,30,1,2,4865,2432.5,2432.5,2400,2465,46.0,"void at::native::elementwise_kernel<(int)128, (int)2, void at::native::gpu_kernel_impl_nocast<at::native::BinaryFunctor<float, float, float, at::native::binary_internal::MulFunctor<float>>>(at::TensorIteratorBase &, const T1 &)::[lambda(int) (instance 1)]>(int, T3)"
:BasicsTransformerLM.layers.8.ln2,PushPop,30,30,1,1,1601,1601.0,1601.0,1601,1601,0.0,"void at::native::vectorized_elementwise_kernel<(int)4, void at::native::<unnamed>::pow_tensor_scalar_kernel_impl<float, float>(at::TensorIteratorBase &, T2)::[lambda(float) (instance 1)], std::array<char *, (unsigned long)2>>(int, T2, T3)"
:BasicsTransformerLM.layers.8.ln2,PushPop,30,30,1,1,1216,1216.0,1216.0,1216,1216,0.0,"void at::native::vectorized_elementwise_kernel<(int)4, at::native::CUDAFunctorOnSelf_add<float>, std::array<char *, (unsigned long)2>>(int, T2, T3)"
:BasicsTransformerLM.layers.8.ln2,PushPop,30,30,1,1,1216,1216.0,1216.0,1216,1216,0.0,"void at::native::vectorized_elementwise_kernel<(int)4, at::native::rsqrt_kernel_cuda(at::TensorIteratorBase &)::[lambda() (instance 2)]::operator ()() const::[lambda() (instance 2)]::operator ()() const::[lambda(float) (instance 1)], std::array<char *, (unsigned long)2>>(int, T2, T3)"
:BasicsTransformerLM.layers.9,PushPop,30,30,1,8,940912,117614.0,70518.5,5282,278618,90457.4,cutlass3x_sm100_simt_sgemm_f32_f32_f32_f32_f32_64x32x16_1x1x1_3_tnn_align1_bias_f32_relu
:BasicsTransformerLM.layers.9,PushPop,30,30,1,12,26444,2203.7,2193.0,1921,2593,261.7,"void at::native::elementwise_kernel<(int)128, (int)2, void at::native::gpu_kernel_impl_nocast<at::native::BinaryFunctor<float, float, float, at::native::binary_internal::MulFunctor<float>>>(at::TensorIteratorBase &, const T1 &)::[lambda(int) (instance 1)]>(int, T3)"
:BasicsTransformerLM.layers.9,PushPop,30,30,1,2,16934,8467.0,8467.0,8355,8579,158.4,"void at::native::reduce_kernel<(int)512, (int)1, at::native::ReduceOp<float, at::native::MeanOps<float, float, float, float>, unsigned int, float, (int)4, (int)4>>(T3)"
:BasicsTransformerLM.layers.9,PushPop,30,30,1,6,10626,1771.0,1680.0,1504,2145,253.8,"void at::native::vectorized_elementwise_kernel<(int)4, at::native::CUDAFunctor_add<float>, std::array<char *, (unsigned long)3>>(int, T2, T3)"
:BasicsTransformerLM.layers.9,PushPop,30,30,1,2,8578,4289.0,4289.0,4225,4353,90.5,"void at::native::<unnamed>::CatArrayBatchedCopy<at::native::<unnamed>::OpaqueType<(unsigned int)4>, unsigned int, (int)4, (int)64, (int)64>(T1 *, at::native::<unnamed>::CatArrInputTensorMetadata<T1, T2, T4, T5>, at::native::<unnamed>::TensorSizeStride<T2, (unsigned int)4>, int, T2)"
:BasicsTransformerLM.layers.9,PushPop,30,30,1,1,6818,6818.0,6818.0,6818,6818,0.0,cutlass3x_sm100_simt_sgemm_f32_f32_f32_f32_f32_64x32x16_1x1x1_3_nnn_align1_bias_f32_relu
:BasicsTransformerLM.layers.9,PushPop,30,30,1,2,5441,2720.5,2720.5,2464,2977,362.7,"void at::native::vectorized_elementwise_kernel<(int)4, at::native::BinaryFunctor<float, float, float, at::native::binary_internal::MulFunctor<float>>, std::array<char *, (unsigned long)3>>(int, T2, T3)"
:BasicsTransformerLM.layers.9,PushPop,30,30,1,1,4066,4066.0,4066.0,4066,4066,0.0,"void at::native::reduce_kernel<(int)512, (int)1, at::native::ReduceOp<float, at::native::MaxOps<float>, unsigned int, float, (int)4, (int)4>>(T3)"
:BasicsTransformerLM.layers.9,PushPop,30,30,1,1,3425,3425.0,3425.0,3425,3425,0.0,"void at::native::elementwise_kernel<(int)128, (int)2, void at::native::gpu_kernel_impl_nocast<at::native::BinaryFunctor<float, float, float, at::native::binary_internal::DivFunctor<float>>>(at::TensorIteratorBase &, const T1 &)::[lambda(int) (instance 1)]>(int, T3)"
:BasicsTransformerLM.layers.9,PushPop,30,30,1,2,3296,1648.0,1648.0,1600,1696,67.9,"void at::native::vectorized_elementwise_kernel<(int)4, void at::native::<unnamed>::pow_tensor_scalar_kernel_impl<float, float>(at::TensorIteratorBase &, T2)::[lambda(float) (instance 1)], std::array<char *, (unsigned long)2>>(int, T2, T3)"
:BasicsTransformerLM.layers.9,PushPop,30,30,1,1,3233,3233.0,3233.0,3233,3233,0.0,"void at::native::elementwise_kernel<(int)128, (int)2, void at::native::gpu_kernel_impl_nocast<at::native::<unnamed>::where_kernel_impl(at::TensorIterator &)::[lambda() (instance 1)]::operator ()() const::[lambda() (instance 11)]::operator ()() const::[lambda(bool, float, float) (instance 1)]>(at::TensorIteratorBase &, const T1 &)::[lambda(int) (instance 1)]>(int, T3)"
:BasicsTransformerLM.layers.9,PushPop,30,30,1,1,2977,2977.0,2977.0,2977,2977,0.0,"void at::native::vectorized_elementwise_kernel<(int)4, at::native::sigmoid_kernel_cuda(at::TensorIteratorBase &)::[lambda() (instance 2)]::operator ()() const::[lambda() (instance 2)]::operator ()() const::[lambda(float) (instance 1)], std::array<char *, (unsigned long)2>>(int, T2, T3)"
:BasicsTransformerLM.layers.9,PushPop,30,30,1,1,2913,2913.0,2913.0,2913,2913,0.0,"void at::native::elementwise_kernel<(int)128, (int)2, void at::native::gpu_kernel_impl_nocast<at::native::CUDAFunctor_add<float>>(at::TensorIteratorBase &, const T1 &)::[lambda(int) (instance 1)]>(int, T3)"
:BasicsTransformerLM.layers.9,PushPop,30,30,1,1,2817,2817.0,2817.0,2817,2817,0.0,"void at::native::reduce_kernel<(int)512, (int)1, at::native::ReduceOp<float, at::native::func_wrapper_t<float, at::native::sum_functor<float, float, float>::operator ()(at::TensorIterator &)::[lambda(float, float) (instance 1)]>, unsigned int, float, (int)4, (int)4>>(T3)"
:BasicsTransformerLM.layers.9,PushPop,30,30,1,2,2721,1360.5,1360.5,1312,1409,68.6,"void at::native::vectorized_elementwise_kernel<(int)4, at::native::rsqrt_kernel_cuda(at::TensorIteratorBase &)::[lambda() (instance 2)]::operator ()() const::[lambda() (instance 2)]::operator ()() const::[lambda(float) (instance 1)], std::array<char *, (unsigned long)2>>(int, T2, T3)"
:BasicsTransformerLM.layers.9,PushPop,30,30,1,2,2690,1345.0,1345.0,1217,1473,181.0,"void at::native::vectorized_elementwise_kernel<(int)4, at::native::CUDAFunctorOnSelf_add<float>, std::array<char *, (unsigned long)2>>(int, T2, T3)"
:BasicsTransformerLM.layers.9,PushPop,30,30,1,1,2593,2593.0,2593.0,2593,2593,0.0,"void at::native::elementwise_kernel<(int)128, (int)2, void at::native::gpu_kernel_impl_nocast<at::native::direct_copy_kernel_cuda(at::TensorIteratorBase &)::[lambda() (instance 3)]::operator ()() const::[lambda() (instance 7)]::operator ()() const::[lambda(float) (instance 1)]>(at::TensorIteratorBase &, const T1 &)::[lambda(int) (instance 1)]>(int, T3)"
:BasicsTransformerLM.layers.9,PushPop,30,30,1,1,2208,2208.0,2208.0,2208,2208,0.0,"void at::native::elementwise_kernel<(int)128, (int)4, void at::native::gpu_kernel_impl_nocast<at::native::<unnamed>::CompareFunctor<long>>(at::TensorIteratorBase &, const T1 &)::[lambda(int) (instance 1)]>(int, T3)"
:BasicsTransformerLM.layers.9,PushPop,30,30,1,1,1889,1889.0,1889.0,1889,1889,0.0,"void at::native::vectorized_elementwise_kernel<(int)4, at::native::BUnaryFunctor<float, float, float, at::native::binary_internal::MulFunctor<float>>, std::array<char *, (unsigned long)2>>(int, T2, T3)"
:BasicsTransformerLM.layers.9,PushPop,30,30,1,1,1856,1856.0,1856.0,1856,1856,0.0,"void at::native::vectorized_elementwise_kernel<(int)4, at::native::exp_kernel_cuda(at::TensorIteratorBase &)::[lambda() (instance 2)]::operator ()() const::[lambda() (instance 2)]::operator ()() const::[lambda(float) (instance 1)], std::array<char *, (unsigned long)2>>(int, T2, T3)"
:BasicsTransformerLM.layers.9,PushPop,30,30,1,1,864,864.0,864.0,864,864,0.0,"void <unnamed>::elementwise_kernel_with_index<int, at::native::arange_cuda_out(const c10::Scalar &, const c10::Scalar &, const c10::Scalar &, at::Tensor &)::[lambda() (instance 1)]::operator ()() const::[lambda() (instance 4)]::operator ()() const::[lambda(long) (instance 1)]>(T1, T2, function_traits<T2>::result_type *)"
:BasicsTransformerLM.layers.9,PushPop,30,30,1,1,801,801.0,801.0,801,801,0.0,"void at::native::vectorized_elementwise_kernel<(int)4, at::native::FillFunctor<float>, std::array<char *, (unsigned long)1>>(int, T2, T3)"
:BasicsTransformerLM.layers.9.attn,PushPop,30,30,1,5,286909,57381.8,70423.0,5282,70583,29125.1,cutlass3x_sm100_simt_sgemm_f32_f32_f32_f32_f32_64x32x16_1x1x1_3_tnn_align1_bias_f32_relu
:BasicsTransformerLM.layers.9.attn,PushPop,30,30,1,8,16680,2085.0,1969.0,1921,2593,237.3,"void at::native::elementwise_kernel<(int)128, (int)2, void at::native::gpu_kernel_impl_nocast<at::native::BinaryFunctor<float, float, float, at::native::binary_internal::MulFunctor<float>>>(at::TensorIteratorBase &, const T1 &)::[lambda(int) (instance 1)]>(int, T3)"
:BasicsTransformerLM.layers.9.attn,PushPop,30,30,1,2,8578,4289.0,4289.0,4225,4353,90.5,"void at::native::<unnamed>::CatArrayBatchedCopy<at::native::<unnamed>::OpaqueType<(unsigned int)4>, unsigned int, (int)4, (int)64, (int)64>(T1 *, at::native::<unnamed>::CatArrInputTensorMetadata<T1, T2, T4, T5>, at::native::<unnamed>::TensorSizeStride<T2, (unsigned int)4>, int, T2)"
:BasicsTransformerLM.layers.9.attn,PushPop,30,30,1,1,6818,6818.0,6818.0,6818,6818,0.0,cutlass3x_sm100_simt_sgemm_f32_f32_f32_f32_f32_64x32x16_1x1x1_3_nnn_align1_bias_f32_relu
:BasicsTransformerLM.layers.9.attn,PushPop,30,30,1,4,6464,1616.0,1616.0,1504,1728,92.4,"void at::native::vectorized_elementwise_kernel<(int)4, at::native::CUDAFunctor_add<float>, std::array<char *, (unsigned long)3>>(int, T2, T3)"
:BasicsTransformerLM.layers.9.attn,PushPop,30,30,1,1,4066,4066.0,4066.0,4066,4066,0.0,"void at::native::reduce_kernel<(int)512, (int)1, at::native::ReduceOp<float, at::native::MaxOps<float>, unsigned int, float, (int)4, (int)4>>(T3)"
:BasicsTransformerLM.layers.9.attn,PushPop,30,30,1,1,3425,3425.0,3425.0,3425,3425,0.0,"void at::native::elementwise_kernel<(int)128, (int)2, void at::native::gpu_kernel_impl_nocast<at::native::BinaryFunctor<float, float, float, at::native::binary_internal::DivFunctor<float>>>(at::TensorIteratorBase &, const T1 &)::[lambda(int) (instance 1)]>(int, T3)"
:BasicsTransformerLM.layers.9.attn,PushPop,30,30,1,1,3233,3233.0,3233.0,3233,3233,0.0,"void at::native::elementwise_kernel<(int)128, (int)2, void at::native::gpu_kernel_impl_nocast<at::native::<unnamed>::where_kernel_impl(at::TensorIterator &)::[lambda() (instance 1)]::operator ()() const::[lambda() (instance 11)]::operator ()() const::[lambda(bool, float, float) (instance 1)]>(at::TensorIteratorBase &, const T1 &)::[lambda(int) (instance 1)]>(int, T3)"
:BasicsTransformerLM.layers.9.attn,PushPop,30,30,1,1,2913,2913.0,2913.0,2913,2913,0.0,"void at::native::elementwise_kernel<(int)128, (int)2, void at::native::gpu_kernel_impl_nocast<at::native::CUDAFunctor_add<float>>(at::TensorIteratorBase &, const T1 &)::[lambda(int) (instance 1)]>(int, T3)"
:BasicsTransformerLM.layers.9.attn,PushPop,30,30,1,1,2817,2817.0,2817.0,2817,2817,0.0,"void at::native::reduce_kernel<(int)512, (int)1, at::native::ReduceOp<float, at::native::func_wrapper_t<float, at::native::sum_functor<float, float, float>::operator ()(at::TensorIterator &)::[lambda(float, float) (instance 1)]>, unsigned int, float, (int)4, (int)4>>(T3)"
:BasicsTransformerLM.layers.9.attn,PushPop,30,30,1,1,2593,2593.0,2593.0,2593,2593,0.0,"void at::native::elementwise_kernel<(int)128, (int)2, void at::native::gpu_kernel_impl_nocast<at::native::direct_copy_kernel_cuda(at::TensorIteratorBase &)::[lambda() (instance 3)]::operator ()() const::[lambda() (instance 7)]::operator ()() const::[lambda(float) (instance 1)]>(at::TensorIteratorBase &, const T1 &)::[lambda(int) (instance 1)]>(int, T3)"
:BasicsTransformerLM.layers.9.attn,PushPop,30,30,1,1,2208,2208.0,2208.0,2208,2208,0.0,"void at::native::elementwise_kernel<(int)128, (int)4, void at::native::gpu_kernel_impl_nocast<at::native::<unnamed>::CompareFunctor<long>>(at::TensorIteratorBase &, const T1 &)::[lambda(int) (instance 1)]>(int, T3)"
:BasicsTransformerLM.layers.9.attn,PushPop,30,30,1,1,1889,1889.0,1889.0,1889,1889,0.0,"void at::native::vectorized_elementwise_kernel<(int)4, at::native::BUnaryFunctor<float, float, float, at::native::binary_internal::MulFunctor<float>>, std::array<char *, (unsigned long)2>>(int, T2, T3)"
:BasicsTransformerLM.layers.9.attn,PushPop,30,30,1,1,1856,1856.0,1856.0,1856,1856,0.0,"void at::native::vectorized_elementwise_kernel<(int)4, at::native::exp_kernel_cuda(at::TensorIteratorBase &)::[lambda() (instance 2)]::operator ()() const::[lambda() (instance 2)]::operator ()() const::[lambda(float) (instance 1)], std::array<char *, (unsigned long)2>>(int, T2, T3)"
:BasicsTransformerLM.layers.9.attn,PushPop,30,30,1,1,864,864.0,864.0,864,864,0.0,"void <unnamed>::elementwise_kernel_with_index<int, at::native::arange_cuda_out(const c10::Scalar &, const c10::Scalar &, const c10::Scalar &, at::Tensor &)::[lambda() (instance 1)]::operator ()() const::[lambda() (instance 4)]::operator ()() const::[lambda(long) (instance 1)]>(T1, T2, function_traits<T2>::result_type *)"
:BasicsTransformerLM.layers.9.attn,PushPop,30,30,1,1,801,801.0,801.0,801,801,0.0,"void at::native::vectorized_elementwise_kernel<(int)4, at::native::FillFunctor<float>, std::array<char *, (unsigned long)1>>(int, T2, T3)"
:BasicsTransformerLM.layers.9.attn.k_proj,PushPop,30,30,1,1,70454,70454.0,70454.0,70454,70454,0.0,cutlass3x_sm100_simt_sgemm_f32_f32_f32_f32_f32_64x32x16_1x1x1_3_tnn_align1_bias_f32_relu
:BasicsTransformerLM.layers.9.attn.output_proj,PushPop,30,30,1,1,70583,70583.0,70583.0,70583,70583,0.0,cutlass3x_sm100_simt_sgemm_f32_f32_f32_f32_f32_64x32x16_1x1x1_3_tnn_align1_bias_f32_relu
:BasicsTransformerLM.layers.9.attn.q_proj,PushPop,30,30,1,1,70167,70167.0,70167.0,70167,70167,0.0,cutlass3x_sm100_simt_sgemm_f32_f32_f32_f32_f32_64x32x16_1x1x1_3_tnn_align1_bias_f32_relu
:BasicsTransformerLM.layers.9.attn.v_proj,PushPop,30,30,1,1,70423,70423.0,70423.0,70423,70423,0.0,cutlass3x_sm100_simt_sgemm_f32_f32_f32_f32_f32_64x32x16_1x1x1_3_tnn_align1_bias_f32_relu
:BasicsTransformerLM.layers.9.ffn,PushPop,30,30,1,3,654003,218001.0,188317.0,187068,278618,52499.6,cutlass3x_sm100_simt_sgemm_f32_f32_f32_f32_f32_64x32x16_1x1x1_3_tnn_align1_bias_f32_relu
:BasicsTransformerLM.layers.9.ffn,PushPop,30,30,1,2,5441,2720.5,2720.5,2464,2977,362.7,"void at::native::vectorized_elementwise_kernel<(int)4, at::native::BinaryFunctor<float, float, float, at::native::binary_internal::MulFunctor<float>>, std::array<char *, (unsigned long)3>>(int, T2, T3)"
:BasicsTransformerLM.layers.9.ffn,PushPop,30,30,1,1,2977,2977.0,2977.0,2977,2977,0.0,"void at::native::vectorized_elementwise_kernel<(int)4, at::native::sigmoid_kernel_cuda(at::TensorIteratorBase &)::[lambda() (instance 2)]::operator ()() const::[lambda() (instance 2)]::operator ()() const::[lambda(float) (instance 1)], std::array<char *, (unsigned long)2>>(int, T2, T3)"
:BasicsTransformerLM.layers.9.ffn.w1,PushPop,30,30,1,1,188317,188317.0,188317.0,188317,188317,0.0,cutlass3x_sm100_simt_sgemm_f32_f32_f32_f32_f32_64x32x16_1x1x1_3_tnn_align1_bias_f32_relu
:BasicsTransformerLM.layers.9.ffn.w2,PushPop,30,30,1,1,278618,278618.0,278618.0,278618,278618,0.0,cutlass3x_sm100_simt_sgemm_f32_f32_f32_f32_f32_64x32x16_1x1x1_3_tnn_align1_bias_f32_relu
:BasicsTransformerLM.layers.9.ffn.w3,PushPop,30,30,1,1,187068,187068.0,187068.0,187068,187068,0.0,cutlass3x_sm100_simt_sgemm_f32_f32_f32_f32_f32_64x32x16_1x1x1_3_tnn_align1_bias_f32_relu
:BasicsTransformerLM.layers.9.ln1,PushPop,30,30,1,1,8355,8355.0,8355.0,8355,8355,0.0,"void at::native::reduce_kernel<(int)512, (int)1, at::native::ReduceOp<float, at::native::MeanOps<float, float, float, float>, unsigned int, float, (int)4, (int)4>>(T3)"
:BasicsTransformerLM.layers.9.ln1,PushPop,30,30,1,2,4866,2433.0,2433.0,2369,2497,90.5,"void at::native::elementwise_kernel<(int)128, (int)2, void at::native::gpu_kernel_impl_nocast<at::native::BinaryFunctor<float, float, float, at::native::binary_internal::MulFunctor<float>>>(at::TensorIteratorBase &, const T1 &)::[lambda(int) (instance 1)]>(int, T3)"
:BasicsTransformerLM.layers.9.ln1,PushPop,30,30,1,1,1696,1696.0,1696.0,1696,1696,0.0,"void at::native::vectorized_elementwise_kernel<(int)4, void at::native::<unnamed>::pow_tensor_scalar_kernel_impl<float, float>(at::TensorIteratorBase &, T2)::[lambda(float) (instance 1)], std::array<char *, (unsigned long)2>>(int, T2, T3)"
:BasicsTransformerLM.layers.9.ln1,PushPop,30,30,1,1,1473,1473.0,1473.0,1473,1473,0.0,"void at::native::vectorized_elementwise_kernel<(int)4, at::native::CUDAFunctorOnSelf_add<float>, std::array<char *, (unsigned long)2>>(int, T2, T3)"
:BasicsTransformerLM.layers.9.ln1,PushPop,30,30,1,1,1409,1409.0,1409.0,1409,1409,0.0,"void at::native::vectorized_elementwise_kernel<(int)4, at::native::rsqrt_kernel_cuda(at::TensorIteratorBase &)::[lambda() (instance 2)]::operator ()() const::[lambda() (instance 2)]::operator ()() const::[lambda(float) (instance 1)], std::array<char *, (unsigned long)2>>(int, T2, T3)"
:BasicsTransformerLM.layers.9.ln2,PushPop,30,30,1,1,8579,8579.0,8579.0,8579,8579,0.0,"void at::native::reduce_kernel<(int)512, (int)1, at::native::ReduceOp<float, at::native::MeanOps<float, float, float, float>, unsigned int, float, (int)4, (int)4>>(T3)"
:BasicsTransformerLM.layers.9.ln2,PushPop,30,30,1,2,4898,2449.0,2449.0,2369,2529,113.1,"void at::native::elementwise_kernel<(int)128, (int)2, void at::native::gpu_kernel_impl_nocast<at::native::BinaryFunctor<float, float, float, at::native::binary_internal::MulFunctor<float>>>(at::TensorIteratorBase &, const T1 &)::[lambda(int) (instance 1)]>(int, T3)"
:BasicsTransformerLM.layers.9.ln2,PushPop,30,30,1,1,1600,1600.0,1600.0,1600,1600,0.0,"void at::native::vectorized_elementwise_kernel<(int)4, void at::native::<unnamed>::pow_tensor_scalar_kernel_impl<float, float>(at::TensorIteratorBase &, T2)::[lambda(float) (instance 1)], std::array<char *, (unsigned long)2>>(int, T2, T3)"
:BasicsTransformerLM.layers.9.ln2,PushPop,30,30,1,1,1312,1312.0,1312.0,1312,1312,0.0,"void at::native::vectorized_elementwise_kernel<(int)4, at::native::rsqrt_kernel_cuda(at::TensorIteratorBase &)::[lambda() (instance 2)]::operator ()() const::[lambda() (instance 2)]::operator ()() const::[lambda(float) (instance 1)], std::array<char *, (unsigned long)2>>(int, T2, T3)"
:BasicsTransformerLM.layers.9.ln2,PushPop,30,30,1,1,1217,1217.0,1217.0,1217,1217,0.0,"void at::native::vectorized_elementwise_kernel<(int)4, at::native::CUDAFunctorOnSelf_add<float>, std::array<char *, (unsigned long)2>>(int, T2, T3)"
:BasicsTransformerLM.lm_head,PushPop,30,30,1,1,185244,185244.0,185244.0,185244,185244,0.0,cutlass3x_sm100_simt_sgemm_f32_f32_f32_f32_f32_64x32x16_1x1x1_3_tnn_align1_bias_f32_relu
:BasicsTransformerLM.ln_final,PushPop,30,30,1,1,8418,8418.0,8418.0,8418,8418,0.0,"void at::native::reduce_kernel<(int)512, (int)1, at::native::ReduceOp<float, at::native::MeanOps<float, float, float, float>, unsigned int, float, (int)4, (int)4>>(T3)"
:BasicsTransformerLM.ln_final,PushPop,30,30,1,2,4961,2480.5,2480.5,2432,2529,68.6,"void at::native::elementwise_kernel<(int)128, (int)2, void at::native::gpu_kernel_impl_nocast<at::native::BinaryFunctor<float, float, float, at::native::binary_internal::MulFunctor<float>>>(at::TensorIteratorBase &, const T1 &)::[lambda(int) (instance 1)]>(int, T3)"
:BasicsTransformerLM.ln_final,PushPop,30,30,1,1,1633,1633.0,1633.0,1633,1633,0.0,"void at::native::vectorized_elementwise_kernel<(int)4, void at::native::<unnamed>::pow_tensor_scalar_kernel_impl<float, float>(at::TensorIteratorBase &, T2)::[lambda(float) (instance 1)], std::array<char *, (unsigned long)2>>(int, T2, T3)"
:BasicsTransformerLM.ln_final,PushPop,30,30,1,1,1056,1056.0,1056.0,1056,1056,0.0,"void at::native::vectorized_elementwise_kernel<(int)4, at::native::CUDAFunctorOnSelf_add<float>, std::array<char *, (unsigned long)2>>(int, T2, T3)"
:BasicsTransformerLM.ln_final,PushPop,30,30,1,1,1024,1024.0,1024.0,1024,1024,0.0,"void at::native::vectorized_elementwise_kernel<(int)4, at::native::rsqrt_kernel_cuda(at::TensorIteratorBase &)::[lambda() (instance 2)]::operator ()() const::[lambda() (instance 2)]::operator ()() const::[lambda(float) (instance 1)], std::array<char *, (unsigned long)2>>(int, T2, T3)"
:BasicsTransformerLM.token_embeddings,PushPop,30,30,1,1,3137,3137.0,3137.0,3137,3137,0.0,"void at::native::vectorized_gather_kernel<(int)16, long>(char *, char *, T2 *, int, long, long, long, long, bool)"
:applying attention mask,PushPop,30,30,32,32,105249,3289.0,3249.5,3169,3617,118.6,"void at::native::elementwise_kernel<(int)128, (int)2, void at::native::gpu_kernel_impl_nocast<at::native::<unnamed>::where_kernel_impl(at::TensorIterator &)::[lambda() (instance 1)]::operator ()() const::[lambda() (instance 11)]::operator ()() const::[lambda(bool, float, float) (instance 1)]>(at::TensorIteratorBase &, const T1 &)::[lambda(int) (instance 1)]>(int, T3)"
:applying attention mask,PushPop,30,30,32,32,27849,870.3,880.5,768,992,70.7,"void at::native::vectorized_elementwise_kernel<(int)4, at::native::FillFunctor<float>, std::array<char *, (unsigned long)1>>(int, T2, T3)"
:backward,PushPop,30,30,1,1,768,768.0,768.0,768,768,0.0,"void at::native::vectorized_elementwise_kernel<(int)4, at::native::FillFunctor<float>, std::array<char *, (unsigned long)1>>(int, T2, T3)"
:computing attention_scores,PushPop,30,30,32,32,167348,5229.6,5218.0,5121,5314,55.6,cutlass3x_sm100_simt_sgemm_f32_f32_f32_f32_f32_64x32x16_1x1x1_3_tnn_align1_bias_f32_relu
:computing attention_scores,PushPop,30,30,32,32,62577,1955.5,1920.5,1856,2273,102.7,"void at::native::vectorized_elementwise_kernel<(int)4, at::native::BUnaryFunctor<float, float, float, at::native::binary_internal::MulFunctor<float>>, std::array<char *, (unsigned long)2>>(int, T2, T3)"
:computing output,PushPop,30,30,32,32,216773,6774.2,6786.0,6690,6914,50.6,cutlass3x_sm100_simt_sgemm_f32_f32_f32_f32_f32_64x32x16_1x1x1_3_nnn_align1_bias_f32_relu
:computing softmax,PushPop,30,30,32,32,133545,4173.3,4097.5,4001,5793,304.5,"void at::native::reduce_kernel<(int)512, (int)1, at::native::ReduceOp<float, at::native::MaxOps<float>, unsigned int, float, (int)4, (int)4>>(T3)"
:computing softmax,PushPop,30,30,32,32,110691,3459.1,3457.0,3393,3649,57.4,"void at::native::elementwise_kernel<(int)128, (int)2, void at::native::gpu_kernel_impl_nocast<at::native::BinaryFunctor<float, float, float, at::native::binary_internal::DivFunctor<float>>>(at::TensorIteratorBase &, const T1 &)::[lambda(int) (instance 1)]>(int, T3)"
:computing softmax,PushPop,30,30,32,32,94336,2948.0,2945.0,2881,3105,49.0,"void at::native::elementwise_kernel<(int)128, (int)2, void at::native::gpu_kernel_impl_nocast<at::native::CUDAFunctor_add<float>>(at::TensorIteratorBase &, const T1 &)::[lambda(int) (instance 1)]>(int, T3)"
:computing softmax,PushPop,30,30,32,32,90525,2828.9,2817.0,2784,3009,45.8,"void at::native::reduce_kernel<(int)512, (int)1, at::native::ReduceOp<float, at::native::func_wrapper_t<float, at::native::sum_functor<float, float, float>::operator ()(at::TensorIterator &)::[lambda(float, float) (instance 1)]>, unsigned int, float, (int)4, (int)4>>(T3)"
:computing softmax,PushPop,30,30,32,32,62263,1945.7,1921.0,1856,2145,68.5,"void at::native::vectorized_elementwise_kernel<(int)4, at::native::exp_kernel_cuda(at::TensorIteratorBase &)::[lambda() (instance 2)]::operator ()() const::[lambda() (instance 2)]::operator ()() const::[lambda(float) (instance 1)], std::array<char *, (unsigned long)2>>(int, T2, T3)"
:cub::DeviceRadixSort,PushPop,30,52,1,1,5026,5026.0,5026.0,5026,5026,0.0,"void at_cuda_detail::cub::detail::radix_sort::DeviceRadixSortSingleTileKernel<at_cuda_detail::cub::detail::radix::policy_hub<long, at::cuda::cub::detail::OpaqueType<(int)8>, unsigned long long>::Policy1000, (at_cuda_detail::cub::SortOrder)0, long, at::cuda::cub::detail::OpaqueType<(int)8>, unsigned long long, at_cuda_detail::cub::detail::identity_decomposer_t>(const T3 *, T3 *, const T4 *, T4 *, T5, int, int, T6)"
:forward,PushPop,30,30,1,257,30284613,117839.0,70646.0,5121,280603,84700.5,cutlass3x_sm100_simt_sgemm_f32_f32_f32_f32_f32_64x32x16_1x1x1_3_tnn_align1_bias_f32_relu
:forward,PushPop,30,30,1,386,855549,2216.4,2208.5,1888,2945,275.3,"void at::native::elementwise_kernel<(int)128, (int)2, void at::native::gpu_kernel_impl_nocast<at::native::BinaryFunctor<float, float, float, at::native::binary_internal::MulFunctor<float>>>(at::TensorIteratorBase &, const T1 &)::[lambda(int) (instance 1)]>(int, T3)"
:forward,PushPop,30,30,1,65,549811,8458.6,8419.0,8227,8707,121.3,"void at::native::reduce_kernel<(int)512, (int)1, at::native::ReduceOp<float, at::native::MeanOps<float, float, float, float>, unsigned int, float, (int)4, (int)4>>(T3)"
:forward,PushPop,30,30,1,192,344770,1795.7,1728.0,1472,2497,255.9,"void at::native::vectorized_elementwise_kernel<(int)4, at::native::CUDAFunctor_add<float>, std::array<char *, (unsigned long)3>>(int, T2, T3)"
:forward,PushPop,30,30,1,64,274483,4288.8,4321.0,4129,4546,104.7,"void at::native::<unnamed>::CatArrayBatchedCopy<at::native::<unnamed>::OpaqueType<(unsigned int)4>, unsigned int, (int)4, (int)64, (int)64>(T1 *, at::native::<unnamed>::CatArrInputTensorMetadata<T1, T2, T4, T5>, at::native::<unnamed>::TensorSizeStride<T2, (unsigned int)4>, int, T2)"
:forward,PushPop,30,30,1,32,216773,6774.2,6786.0,6690,6914,50.6,cutlass3x_sm100_simt_sgemm_f32_f32_f32_f32_f32_64x32x16_1x1x1_3_nnn_align1_bias_f32_relu
:forward,PushPop,30,30,1,64,180250,2816.4,2817.0,2401,3425,319.1,"void at::native::vectorized_elementwise_kernel<(int)4, at::native::BinaryFunctor<float, float, float, at::native::binary_internal::MulFunctor<float>>, std::array<char *, (unsigned long)3>>(int, T2, T3)"
:forward,PushPop,30,30,1,32,133545,4173.3,4097.5,4001,5793,304.5,"void at::native::reduce_kernel<(int)512, (int)1, at::native::ReduceOp<float, at::native::MaxOps<float>, unsigned int, float, (int)4, (int)4>>(T3)"
:forward,PushPop,30,30,1,32,110691,3459.1,3457.0,3393,3649,57.4,"void at::native::elementwise_kernel<(int)128, (int)2, void at::native::gpu_kernel_impl_nocast<at::native::BinaryFunctor<float, float, float, at::native::binary_internal::DivFunctor<float>>>(at::TensorIteratorBase &, const T1 &)::[lambda(int) (instance 1)]>(int, T3)"
:forward,PushPop,30,30,1,65,107262,1650.2,1633.0,1600,1824,35.7,"void at::native::vectorized_elementwise_kernel<(int)4, void at::native::<unnamed>::pow_tensor_scalar_kernel_impl<float, float>(at::TensorIteratorBase &, T2)::[lambda(float) (instance 1)], std::array<char *, (unsigned long)2>>(int, T2, T3)"
:forward,PushPop,30,30,1,32,105249,3289.0,3249.5,3169,3617,118.6,"void at::native::elementwise_kernel<(int)128, (int)2, void at::native::gpu_kernel_impl_nocast<at::native::<unnamed>::where_kernel_impl(at::TensorIterator &)::[lambda() (instance 1)]::operator ()() const::[lambda() (instance 11)]::operator ()() const::[lambda(bool, float, float) (instance 1)]>(at::TensorIteratorBase &, const T1 &)::[lambda(int) (instance 1)]>(int, T3)"
:forward,PushPop,30,30,1,32,96544,3017.0,2945.0,2913,3329,133.1,"void at::native::vectorized_elementwise_kernel<(int)4, at::native::sigmoid_kernel_cuda(at::TensorIteratorBase &)::[lambda() (instance 2)]::operator ()() const::[lambda() (instance 2)]::operator ()() const::[lambda(float) (instance 1)], std::array<char *, (unsigned long)2>>(int, T2, T3)"
:forward,PushPop,30,30,1,32,94336,2948.0,2945.0,2881,3105,49.0,"void at::native::elementwise_kernel<(int)128, (int)2, void at::native::gpu_kernel_impl_nocast<at::native::CUDAFunctor_add<float>>(at::TensorIteratorBase &, const T1 &)::[lambda(int) (instance 1)]>(int, T3)"
:forward,PushPop,30,30,1,32,90525,2828.9,2817.0,2784,3009,45.8,"void at::native::reduce_kernel<(int)512, (int)1, at::native::ReduceOp<float, at::native::func_wrapper_t<float, at::native::sum_functor<float, float, float>::operator ()(at::TensorIterator &)::[lambda(float, float) (instance 1)]>, unsigned int, float, (int)4, (int)4>>(T3)"
:forward,PushPop,30,30,1,32,82330,2572.8,2561.0,2528,2753,54.4,"void at::native::elementwise_kernel<(int)128, (int)2, void at::native::gpu_kernel_impl_nocast<at::native::direct_copy_kernel_cuda(at::TensorIteratorBase &)::[lambda() (instance 3)]::operator ()() const::[lambda() (instance 7)]::operator ()() const::[lambda(float) (instance 1)]>(at::TensorIteratorBase &, const T1 &)::[lambda(int) (instance 1)]>(int, T3)"
:forward,PushPop,30,30,1,65,78849,1213.1,1216.0,1025,1504,116.0,"void at::native::vectorized_elementwise_kernel<(int)4, at::native::CUDAFunctorOnSelf_add<float>, std::array<char *, (unsigned long)2>>(int, T2, T3)"
:forward,PushPop,30,30,1,65,76534,1177.4,1184.0,992,1505,128.2,"void at::native::vectorized_elementwise_kernel<(int)4, at::native::rsqrt_kernel_cuda(at::TensorIteratorBase &)::[lambda() (instance 2)]::operator ()() const::[lambda() (instance 2)]::operator ()() const::[lambda(float) (instance 1)], std::array<char *, (unsigned long)2>>(int, T2, T3)"
:forward,PushPop,30,30,1,32,71796,2243.6,2240.5,2081,2369,88.7,"void at::native::elementwise_kernel<(int)128, (int)4, void at::native::gpu_kernel_impl_nocast<at::native::<unnamed>::CompareFunctor<long>>(at::TensorIteratorBase &, const T1 &)::[lambda(int) (instance 1)]>(int, T3)"
:forward,PushPop,30,30,1,32,62577,1955.5,1920.5,1856,2273,102.7,"void at::native::vectorized_elementwise_kernel<(int)4, at::native::BUnaryFunctor<float, float, float, at::native::binary_internal::MulFunctor<float>>, std::array<char *, (unsigned long)2>>(int, T2, T3)"
:forward,PushPop,30,30,1,32,62263,1945.7,1921.0,1856,2145,68.5,"void at::native::vectorized_elementwise_kernel<(int)4, at::native::exp_kernel_cuda(at::TensorIteratorBase &)::[lambda() (instance 2)]::operator ()() const::[lambda() (instance 2)]::operator ()() const::[lambda(float) (instance 1)], std::array<char *, (unsigned long)2>>(int, T2, T3)"
:forward,PushPop,30,30,1,32,27849,870.3,880.5,768,992,70.7,"void at::native::vectorized_elementwise_kernel<(int)4, at::native::FillFunctor<float>, std::array<char *, (unsigned long)1>>(int, T2, T3)"
:forward,PushPop,30,30,1,32,26435,826.1,848.0,704,1024,89.6,"void <unnamed>::elementwise_kernel_with_index<int, at::native::arange_cuda_out(const c10::Scalar &, const c10::Scalar &, const c10::Scalar &, at::Tensor &)::[lambda() (instance 1)]::operator ()() const::[lambda() (instance 4)]::operator ()() const::[lambda(long) (instance 1)]>(T1, T2, function_traits<T2>::result_type *)"
:forward,PushPop,30,30,1,1,3137,3137.0,3137.0,3137,3137,0.0,"void at::native::vectorized_gather_kernel<(int)16, long>(char *, char *, T2 *, int, long, long, long, long, bool)"
:loss,PushPop,30,30,1,2,8802,4401.0,4401.0,4257,4545,203.6,"void at::native::elementwise_kernel<(int)128, (int)2, void at::native::gpu_kernel_impl_nocast<at::native::CUDAFunctor_add<float>>(at::TensorIteratorBase &, const T1 &)::[lambda(int) (instance 1)]>(int, T3)"
:loss,PushPop,30,30,1,1,6210,6210.0,6210.0,6210,6210,0.0,"void at::native::reduce_kernel<(int)512, (int)1, at::native::ReduceOp<float, at::native::MaxOps<float>, unsigned int, float, (int)4, (int)4>>(T3)"
:loss,PushPop,30,30,1,1,4386,4386.0,4386.0,4386,4386,0.0,"void at::native::reduce_kernel<(int)512, (int)1, at::native::ReduceOp<float, at::native::func_wrapper_t<float, at::native::sum_functor<float, float, float>::operator ()(at::TensorIterator &)::[lambda(float, float) (instance 1)]>, unsigned int, float, (int)4, (int)4>>(T3)"
:loss,PushPop,30,30,1,1,2561,2561.0,2561.0,2561,2561,0.0,"void at::native::_scatter_gather_elementwise_kernel<(int)128, (int)8, void at::native::_cuda_scatter_gather_internal_kernel<(bool)0, at::native::OpaqueType<(int)4>, long>::operator ()<at::native::TensorAssign>(at::TensorIterator &, long, long, long, const T1 &)::[lambda(int) (instance 1)]>(int, T3)"
:loss,PushPop,30,30,1,1,2401,2401.0,2401.0,2401,2401,0.0,"void at::native::vectorized_elementwise_kernel<(int)4, at::native::exp_kernel_cuda(at::TensorIteratorBase &)::[lambda() (instance 2)]::operator ()() const::[lambda() (instance 2)]::operator ()() const::[lambda(float) (instance 1)], std::array<char *, (unsigned long)2>>(int, T2, T3)"
:loss,PushPop,30,30,1,1,2336,2336.0,2336.0,2336,2336,0.0,"void at::native::vectorized_elementwise_kernel<(int)4, at::native::neg_kernel_cuda(at::TensorIteratorBase &)::[lambda() (instance 2)]::operator ()() const::[lambda() (instance 7)]::operator ()() const::[lambda(float) (instance 1)], std::array<char *, (unsigned long)2>>(int, T2, T3)"
:loss,PushPop,30,30,1,1,2177,2177.0,2177.0,2177,2177,0.0,"void at::native::reduce_kernel<(int)512, (int)1, at::native::ReduceOp<float, at::native::MeanOps<float, float, float, float>, unsigned int, float, (int)4, (int)4>>(T3)"
:loss,PushPop,30,30,1,1,1249,1249.0,1249.0,1249,1249,0.0,"void at::native::vectorized_elementwise_kernel<(int)4, at::native::log_kernel_cuda(at::TensorIteratorBase &)::[lambda() (instance 2)]::operator ()() const::[lambda() (instance 2)]::operator ()() const::[lambda(float) (instance 1)], std::array<char *, (unsigned long)2>>(int, T2, T3)"
:optim_step,PushPop,30,30,1,1398,20613891,14745.3,8515.0,1184,34539,12680.2,"void at::native::vectorized_elementwise_kernel<(int)4, at::native::AUnaryFunctor<float, float, float, at::native::binary_internal::MulFunctor<float>>, std::array<char *, (unsigned long)2>>(int, T2, T3)"
:optim_step,PushPop,30,30,1,931,18388179,19751.0,8483.0,1024,48528,19713.0,"void at::native::vectorized_elementwise_kernel<(int)4, at::native::CUDAFunctor_add<float>, std::array<char *, (unsigned long)3>>(int, T2, T3)"
:optim_step,PushPop,30,30,1,232,4751692,20481.4,9091.0,1600,49968,19699.6,"void at::native::vectorized_elementwise_kernel<(int)4, at::native::BinaryFunctor<float, float, float, at::native::binary_internal::DivFunctor<float>>, std::array<char *, (unsigned long)3>>(int, T2, T3)"
:optim_step,PushPop,30,30,1,233,3546726,15222.0,9123.0,1184,33163,12534.9,"void at::native::vectorized_elementwise_kernel<(int)4, void at::native::<unnamed>::pow_tensor_scalar_kernel_impl<float, float>(at::TensorIteratorBase &, T2)::[lambda(float) (instance 1)], std::array<char *, (unsigned long)2>>(int, T2, T3)"
:optim_step,PushPop,30,30,1,466,3486540,7481.8,4801.0,992,16006,5670.5,"void at::native::vectorized_elementwise_kernel<(int)4, at::native::FillFunctor<float>, std::array<char *, (unsigned long)1>>(int, T2, T3)"
:optim_step,PushPop,30,30,1,233,3377446,14495.5,7362.0,1280,33611,12961.2,"void at::native::vectorized_elementwise_kernel<(int)4, at::native::sqrt_kernel_cuda(at::TensorIteratorBase &)::[lambda() (instance 2)]::operator ()() const::[lambda() (instance 2)]::operator ()() const::[lambda(float) (instance 1)], std::array<char *, (unsigned long)2>>(int, T2, T3)"
:optim_step,PushPop,30,30,1,233,3206639,13762.4,5954.0,1056,33163,13322.3,"void at::native::vectorized_elementwise_kernel<(int)4, at::native::CUDAFunctorOnSelf_add<float>, std::array<char *, (unsigned long)2>>(int, T2, T3)"
:scaled_dot_product_attention,PushPop,30,30,32,32,216773,6774.2,6786.0,6690,6914,50.6,cutlass3x_sm100_simt_sgemm_f32_f32_f32_f32_f32_64x32x16_1x1x1_3_nnn_align1_bias_f32_relu
:scaled_dot_product_attention,PushPop,30,30,32,32,167348,5229.6,5218.0,5121,5314,55.6,cutlass3x_sm100_simt_sgemm_f32_f32_f32_f32_f32_64x32x16_1x1x1_3_tnn_align1_bias_f32_relu
:scaled_dot_product_attention,PushPop,30,30,32,32,133545,4173.3,4097.5,4001,5793,304.5,"void at::native::reduce_kernel<(int)512, (int)1, at::native::ReduceOp<float, at::native::MaxOps<float>, unsigned int, float, (int)4, (int)4>>(T3)"
:scaled_dot_product_attention,PushPop,30,30,32,32,110691,3459.1,3457.0,3393,3649,57.4,"void at::native::elementwise_kernel<(int)128, (int)2, void at::native::gpu_kernel_impl_nocast<at::native::BinaryFunctor<float, float, float, at::native::binary_internal::DivFunctor<float>>>(at::TensorIteratorBase &, const T1 &)::[lambda(int) (instance 1)]>(int, T3)"
:scaled_dot_product_attention,PushPop,30,30,32,32,105249,3289.0,3249.5,3169,3617,118.6,"void at::native::elementwise_kernel<(int)128, (int)2, void at::native::gpu_kernel_impl_nocast<at::native::<unnamed>::where_kernel_impl(at::TensorIterator &)::[lambda() (instance 1)]::operator ()() const::[lambda() (instance 11)]::operator ()() const::[lambda(bool, float, float) (instance 1)]>(at::TensorIteratorBase &, const T1 &)::[lambda(int) (instance 1)]>(int, T3)"
:scaled_dot_product_attention,PushPop,30,30,32,32,94336,2948.0,2945.0,2881,3105,49.0,"void at::native::elementwise_kernel<(int)128, (int)2, void at::native::gpu_kernel_impl_nocast<at::native::CUDAFunctor_add<float>>(at::TensorIteratorBase &, const T1 &)::[lambda(int) (instance 1)]>(int, T3)"
:scaled_dot_product_attention,PushPop,30,30,32,32,90525,2828.9,2817.0,2784,3009,45.8,"void at::native::reduce_kernel<(int)512, (int)1, at::native::ReduceOp<float, at::native::func_wrapper_t<float, at::native::sum_functor<float, float, float>::operator ()(at::TensorIterator &)::[lambda(float, float) (instance 1)]>, unsigned int, float, (int)4, (int)4>>(T3)"
:scaled_dot_product_attention,PushPop,30,30,32,32,62577,1955.5,1920.5,1856,2273,102.7,"void at::native::vectorized_elementwise_kernel<(int)4, at::native::BUnaryFunctor<float, float, float, at::native::binary_internal::MulFunctor<float>>, std::array<char *, (unsigned long)2>>(int, T2, T3)"
:scaled_dot_product_attention,PushPop,30,30,32,32,62263,1945.7,1921.0,1856,2145,68.5,"void at::native::vectorized_elementwise_kernel<(int)4, at::native::exp_kernel_cuda(at::TensorIteratorBase &)::[lambda() (instance 2)]::operator ()() const::[lambda() (instance 2)]::operator ()() const::[lambda(float) (instance 1)], std::array<char *, (unsigned long)2>>(int, T2, T3)"
:scaled_dot_product_attention,PushPop,30,30,32,32,27849,870.3,880.5,768,992,70.7,"void at::native::vectorized_elementwise_kernel<(int)4, at::native::FillFunctor<float>, std::array<char *, (unsigned long)1>>(int, T2, T3)"
:timing,PushPop,30,30,1,257,30284613,117839.0,70646.0,5121,280603,84700.5,cutlass3x_sm100_simt_sgemm_f32_f32_f32_f32_f32_64x32x16_1x1x1_3_tnn_align1_bias_f32_relu
:timing,PushPop,30,30,1,1398,20613891,14745.3,8515.0,1184,34539,12680.2,"void at::native::vectorized_elementwise_kernel<(int)4, at::native::AUnaryFunctor<float, float, float, at::native::binary_internal::MulFunctor<float>>, std::array<char *, (unsigned long)2>>(int, T2, T3)"
:timing,PushPop,30,30,1,1123,18732949,16681.2,7875.0,1024,48528,19179.4,"void at::native::vectorized_elementwise_kernel<(int)4, at::native::CUDAFunctor_add<float>, std::array<char *, (unsigned long)3>>(int, T2, T3)"
:timing,PushPop,30,30,1,232,4751692,20481.4,9091.0,1600,49968,19699.6,"void at::native::vectorized_elementwise_kernel<(int)4, at::native::BinaryFunctor<float, float, float, at::native::binary_internal::DivFunctor<float>>, std::array<char *, (unsigned long)3>>(int, T2, T3)"
:timing,PushPop,30,30,1,298,3653988,12261.7,8963.0,1184,33163,12420.0,"void at::native::vectorized_elementwise_kernel<(int)4, void at::native::<unnamed>::pow_tensor_scalar_kernel_impl<float, float>(at::TensorIteratorBase &, T2)::[lambda(float) (instance 1)], std::array<char *, (unsigned long)2>>(int, T2, T3)"
:timing,PushPop,30,30,1,499,3515157,7044.4,4770.0,768,16006,5721.2,"void at::native::vectorized_elementwise_kernel<(int)4, at::native::FillFunctor<float>, std::array<char *, (unsigned long)1>>(int, T2, T3)"
:timing,PushPop,30,30,1,233,3377446,14495.5,7362.0,1280,33611,12961.2,"void at::native::vectorized_elementwise_kernel<(int)4, at::native::sqrt_kernel_cuda(at::TensorIteratorBase &)::[lambda() (instance 2)]::operator ()() const::[lambda() (instance 2)]::operator ()() const::[lambda(float) (instance 1)], std::array<char *, (unsigned long)2>>(int, T2, T3)"
:timing,PushPop,30,30,1,298,3285488,11025.1,5858.0,1025,33163,12868.3,"void at::native::vectorized_elementwise_kernel<(int)4, at::native::CUDAFunctorOnSelf_add<float>, std::array<char *, (unsigned long)2>>(int, T2, T3)"
:timing,PushPop,30,30,1,386,855549,2216.4,2208.5,1888,2945,275.3,"void at::native::elementwise_kernel<(int)128, (int)2, void at::native::gpu_kernel_impl_nocast<at::native::BinaryFunctor<float, float, float, at::native::binary_internal::MulFunctor<float>>>(at::TensorIteratorBase &, const T1 &)::[lambda(int) (instance 1)]>(int, T3)"
:timing,PushPop,30,30,1,66,551988,8363.5,8419.0,2177,8707,782.5,"void at::native::reduce_kernel<(int)512, (int)1, at::native::ReduceOp<float, at::native::MeanOps<float, float, float, float>, unsigned int, float, (int)4, (int)4>>(T3)"
:timing,PushPop,30,30,1,64,274483,4288.8,4321.0,4129,4546,104.7,"void at::native::<unnamed>::CatArrayBatchedCopy<at::native::<unnamed>::OpaqueType<(unsigned int)4>, unsigned int, (int)4, (int)64, (int)64>(T1 *, at::native::<unnamed>::CatArrInputTensorMetadata<T1, T2, T4, T5>, at::native::<unnamed>::TensorSizeStride<T2, (unsigned int)4>, int, T2)"
:timing,PushPop,30,30,1,32,216773,6774.2,6786.0,6690,6914,50.6,cutlass3x_sm100_simt_sgemm_f32_f32_f32_f32_f32_64x32x16_1x1x1_3_nnn_align1_bias_f32_relu
:timing,PushPop,30,30,1,64,180250,2816.4,2817.0,2401,3425,319.1,"void at::native::vectorized_elementwise_kernel<(int)4, at::native::BinaryFunctor<float, float, float, at::native::binary_internal::MulFunctor<float>>, std::array<char *, (unsigned long)3>>(int, T2, T3)"
:timing,PushPop,30,30,1,33,139755,4235.0,4098.0,4001,6210,464.2,"void at::native::reduce_kernel<(int)512, (int)1, at::native::ReduceOp<float, at::native::MaxOps<float>, unsigned int, float, (int)4, (int)4>>(T3)"
:timing,PushPop,30,30,1,32,110691,3459.1,3457.0,3393,3649,57.4,"void at::native::elementwise_kernel<(int)128, (int)2, void at::native::gpu_kernel_impl_nocast<at::native::BinaryFunctor<float, float, float, at::native::binary_internal::DivFunctor<float>>>(at::TensorIteratorBase &, const T1 &)::[lambda(int) (instance 1)]>(int, T3)"
:timing,PushPop,30,30,1,32,105249,3289.0,3249.5,3169,3617,118.6,"void at::native::elementwise_kernel<(int)128, (int)2, void at::native::gpu_kernel_impl_nocast<at::native::<unnamed>::where_kernel_impl(at::TensorIterator &)::[lambda() (instance 1)]::operator ()() const::[lambda() (instance 11)]::operator ()() const::[lambda(bool, float, float) (instance 1)]>(at::TensorIteratorBase &, const T1 &)::[lambda(int) (instance 1)]>(int, T3)"
:timing,PushPop,30,30,1,34,103138,3033.5,2945.0,2881,4545,352.0,"void at::native::elementwise_kernel<(int)128, (int)2, void at::native::gpu_kernel_impl_nocast<at::native::CUDAFunctor_add<float>>(at::TensorIteratorBase &, const T1 &)::[lambda(int) (instance 1)]>(int, T3)"
:timing,PushPop,30,30,1,32,96544,3017.0,2945.0,2913,3329,133.1,"void at::native::vectorized_elementwise_kernel<(int)4, at::native::sigmoid_kernel_cuda(at::TensorIteratorBase &)::[lambda() (instance 2)]::operator ()() const::[lambda() (instance 2)]::operator ()() const::[lambda(float) (instance 1)], std::array<char *, (unsigned long)2>>(int, T2, T3)"
:timing,PushPop,30,30,1,33,94911,2876.1,2817.0,2784,4386,274.8,"void at::native::reduce_kernel<(int)512, (int)1, at::native::ReduceOp<float, at::native::func_wrapper_t<float, at::native::sum_functor<float, float, float>::operator ()(at::TensorIterator &)::[lambda(float, float) (instance 1)]>, unsigned int, float, (int)4, (int)4>>(T3)"
:timing,PushPop,30,30,1,32,82330,2572.8,2561.0,2528,2753,54.4,"void at::native::elementwise_kernel<(int)128, (int)2, void at::native::gpu_kernel_impl_nocast<at::native::direct_copy_kernel_cuda(at::TensorIteratorBase &)::[lambda() (instance 3)]::operator ()() const::[lambda() (instance 7)]::operator ()() const::[lambda(float) (instance 1)]>(at::TensorIteratorBase &, const T1 &)::[lambda(int) (instance 1)]>(int, T3)"
:timing,PushPop,30,30,1,65,76534,1177.4,1184.0,992,1505,128.2,"void at::native::vectorized_elementwise_kernel<(int)4, at::native::rsqrt_kernel_cuda(at::TensorIteratorBase &)::[lambda() (instance 2)]::operator ()() const::[lambda() (instance 2)]::operator ()() const::[lambda(float) (instance 1)], std::array<char *, (unsigned long)2>>(int, T2, T3)"
:timing,PushPop,30,30,1,32,71796,2243.6,2240.5,2081,2369,88.7,"void at::native::elementwise_kernel<(int)128, (int)4, void at::native::gpu_kernel_impl_nocast<at::native::<unnamed>::CompareFunctor<long>>(at::TensorIteratorBase &, const T1 &)::[lambda(int) (instance 1)]>(int, T3)"
:timing,PushPop,30,30,1,33,64664,1959.5,1921.0,1856,2401,104.1,"void at::native::vectorized_elementwise_kernel<(int)4, at::native::exp_kernel_cuda(at::TensorIteratorBase &)::[lambda() (instance 2)]::operator ()() const::[lambda() (instance 2)]::operator ()() const::[lambda(float) (instance 1)], std::array<char *, (unsigned long)2>>(int, T2, T3)"
:timing,PushPop,30,30,1,32,62577,1955.5,1920.5,1856,2273,102.7,"void at::native::vectorized_elementwise_kernel<(int)4, at::native::BUnaryFunctor<float, float, float, at::native::binary_internal::MulFunctor<float>>, std::array<char *, (unsigned long)2>>(int, T2, T3)"
:timing,PushPop,30,30,1,32,26435,826.1,848.0,704,1024,89.6,"void <unnamed>::elementwise_kernel_with_index<int, at::native::arange_cuda_out(const c10::Scalar &, const c10::Scalar &, const c10::Scalar &, at::Tensor &)::[lambda() (instance 1)]::operator ()() const::[lambda() (instance 4)]::operator ()() const::[lambda(long) (instance 1)]>(T1, T2, function_traits<T2>::result_type *)"
:timing,PushPop,30,30,1,1,3137,3137.0,3137.0,3137,3137,0.0,"void at::native::vectorized_gather_kernel<(int)16, long>(char *, char *, T2 *, int, long, long, long, long, bool)"
:timing,PushPop,30,30,1,1,2561,2561.0,2561.0,2561,2561,0.0,"void at::native::_scatter_gather_elementwise_kernel<(int)128, (int)8, void at::native::_cuda_scatter_gather_internal_kernel<(bool)0, at::native::OpaqueType<(int)4>, long>::operator ()<at::native::TensorAssign>(at::TensorIterator &, long, long, long, const T1 &)::[lambda(int) (instance 1)]>(int, T3)"
:timing,PushPop,30,30,1,1,2336,2336.0,2336.0,2336,2336,0.0,"void at::native::vectorized_elementwise_kernel<(int)4, at::native::neg_kernel_cuda(at::TensorIteratorBase &)::[lambda() (instance 2)]::operator ()() const::[lambda() (instance 7)]::operator ()() const::[lambda(float) (instance 1)], std::array<char *, (unsigned long)2>>(int, T2, T3)"
:timing,PushPop,30,30,1,1,1249,1249.0,1249.0,1249,1249,0.0,"void at::native::vectorized_elementwise_kernel<(int)4, at::native::log_kernel_cuda(at::TensorIteratorBase &)::[lambda() (instance 2)]::operator ()() const::[lambda() (instance 2)]::operator ()() const::[lambda(float) (instance 1)], std::array<char *, (unsigned long)2>>(int, T2, T3)"
:torch.autograd.backward,PushPop,30,30,1,1,768,768.0,768.0,768,768,0.0,"void at::native::vectorized_elementwise_kernel<(int)4, at::native::FillFunctor<float>, std::array<char *, (unsigned long)1>>(int, T2, T3)"
